Ticker,AAF.L,AAL.L,ABDN.L,ABF.L,ADM.L,ALW.L,ANTO.L,AUTO.L,AV.L,AZN.L,BA.L,BAB.L,BARC.L,BATS.L,BBOX.L,BEZ.L,BGEO.L,BKG.L,BLND.L,BNZL.L,BP.L,BRBY.L,BT-A.L,BTRW.L,CCEP.L,CCH.L,CNA.L,CPG.L,CRDA.L,CTEC.L,DCC.L,DGE.L,DPLM.L,EDV.L,ENT.L,EXPN.L,FCIT.L,FRES.L,GAW.L,GLEN.L,GSK.L,HLMA.L,HSBA.L,HSX.L,HWDN.L,IAG.L,ICG.L,IGG.L,IHG.L,III.L,IMB.L,IMI.L,INF.L,ITRK.L,JD.L,KGF.L,LAND.L,LGEN.L,LLOY.L,LMP.L,LSEG.L,MKS.L,MNDI.L,MNG.L,MRO.L,NG.L,NWG.L,NXT.L,PCT.L,PRU.L,PSH.L,PSN.L,PSON.L,REL.L,RIO.L,RKT.L,RMV.L,RR.L,RTO.L,SBRY.L,SDR.L,SGE.L,SGRO.L,SHEL.L,SMIN.L,SMT.L,SN.L,SPX.L,SSE.L,STAN.L,STJ.L,SVT.L,TSCO.L,ULVR.L,UU.L,VOD.L,WEIR.L,WTB.L
AAF.L,0.0,0.9445074367381205,1.2293957780701106,1.1046324254107125,0.7323530958064898,0.5159674678039443,0.3852459793152073,0.7476815769218416,0.18786982847231248,0.4352436627243542,0.3385712203976533,0.17418414335032717,0.20096000321308938,0.19265920878427734,1.196493807097385,0.402679269455849,0.2703124079884899,1.5136929636009935,1.2444959386562897,1.346170640129167,0.8196801190704834,1.3286996374076132,0.49947459451567877,1.522084031873212,0.5414469964749239,0.4217994299231148,0.4270441038456717,0.5029153389924341,1.4841597532805348,0.811627210616044,1.334779664102514,1.5433188659943249,0.3500622345963854,0.44224622023248217,1.375077062417732,0.6412675809371994,0.3329572692236512,0.16784113653312904,0.4241238097733234,1.1022130104937875,0.5334228087194781,0.4106512134030713,0.20696629653314857,0.3675886088947362,0.9167569151556468,0.3052671419298082,0.8783109979201802,0.3746499913183372,0.48309883067927484,0.47291062605588263,0.23421607387743382,0.36437948333087045,0.49916330566888445,1.1434849240042273,1.5519972721956345,1.0184964855420842,1.2224003444763607,1.0872034624612354,0.15962743988266803,1.1599820067334083,0.8290083976369922,0.5280695850649962,1.6590886341388174,0.32242600520261955,0.7205324884949318,0.4343537450461866,0.19054717184077985,0.3553061401160409,0.3232993488933378,1.1626012048092138,0.368385519624582,1.392763428875396,0.7060123403982272,0.6162120749527542,1.2530570144817903,1.0130731715362689,0.7883250203438121,0.25459510999324,1.3878071591203371,0.560736306869003,1.3645222334628728,0.6322810799236491,1.3277004621115742,0.5226111156892417,0.2044672209954681,0.9487794270984284,1.0586235814417555,1.4860435543333572,0.40735868315562296,0.17218995975140972,0.8275970818613165,0.7112512616618216,0.26572824507945736,0.7263826086620042,0.32239957204052283,1.134620338107212,0.3446273156768622,1.3719826085764324
AAL.L,0.9445074367381205,0.0,0.5612893148745843,1.4288560299009947,1.052776846733313,1.481543520400057,1.0924798254275458,1.4977644204807592,1.1873425965543707,1.2744597045553911,1.5019653179196575,1.2713791983508504,1.1251313216062333,0.6729465228286279,0.3883119152428296,1.4117187104842936,1.4699824247269895,1.1111839260047272,0.3120065698125707,1.2483401168105053,1.2741868649385868,0.5586418577895731,0.5850728772502185,0.698182934325486,1.6029530740839752,1.3884726389927193,1.5957883953974263,1.5545828025394548,0.4297494658217744,1.4250132935283437,0.7214825677001915,0.4883026268221792,1.377972738239894,0.7841757980348083,0.3910059538709678,1.3967754731081612,1.3362010147605217,0.8374995446007496,1.343886157512326,0.7289139618599398,0.7950173682229371,0.961174302801097,1.342281888509131,1.380195258355249,1.1645078291429147,1.1905533513910282,1.1207511681301356,1.0222444884003474,1.4965140833701145,1.527824213063964,1.260236252968964,1.2882793137481494,1.548730997391826,0.7190057953502449,0.6539565211388267,0.605133723112323,0.36960755496346176,0.4452840897283403,1.140742126880027,0.3985087557974749,1.586527344731555,1.5173159598464547,0.5555362399016588,0.9946410081504836,1.663954667497825,0.8026047046023204,1.1838473373184557,1.3520523877546324,1.3102417507104773,0.44106300139608634,1.4131100448592526,0.4821552196545196,1.494196850747521,1.6124219764997187,0.4338622800495159,0.5037190587858427,0.9525213169273435,1.3686314070127548,0.6818459711396294,1.180677220707703,0.4194776476783926,1.6678401223341335,0.4238405569805347,1.4412446042560536,1.2520035746132565,0.7218884485199887,0.5792193952687544,0.5068942300785189,1.0920481377486064,1.2611996501406668,0.33061794429310265,0.5118515593922779,1.305002839031949,1.3969532023870521,0.8984894089977394,0.25104022854168173,1.2836535137013052,1.3198272174712107
ABDN.L,1.2293957780701106,0.5612893148745843,0.0,0.9124903546991582,0.6027204229938745,1.500504269629285,1.0942134626936615,1.4499152045168593,1.3248707099757056,1.677719969940427,1.5752730466092504,1.273211694665672,1.1624270913410977,1.0794019336375726,0.4440891401330165,1.637387403095219,1.458247303813771,0.7644918626234165,0.39146166664444115,1.5769465503375295,1.6270931713546393,0.4311479776362708,0.7219972177672893,0.23123189374022546,1.5815023063235532,1.076494572412963,1.6407086862851266,1.6737574159440944,0.42929757882422215,1.4085965557674514,0.5434038666519843,0.6801020336903509,1.3520875936783727,0.5833554679011613,0.2524904258884928,1.3617795955458845,1.4455858326782307,0.8188200691320823,1.012843805587781,1.3951866944912548,1.238998518952266,0.7613627600953415,1.4619934640301593,1.4104693248169395,0.8841757036662278,1.0763293862631398,0.8515050442472937,1.0070560287343515,1.5210036450285598,1.5058171775562408,1.4286155843396273,1.1055207480035363,1.5657529703829316,0.39695541133039536,0.321053478606652,0.3441869040790181,0.5125629512701464,0.30146784878505806,1.2249946619000858,0.4798494358226507,1.4623866610941987,1.4586486101150293,0.33259258565058625,0.8932322819429056,1.3259502235043392,1.3209632709172308,1.318700145619946,1.1418260938612383,1.2259627250715948,0.10122151017361103,1.4649616283446316,0.21449141909199232,1.6098255894473787,1.6829136724075693,0.49875880360753355,0.4103434198380266,0.7565815501203398,1.3366744090942522,0.5747220870051215,0.8463977882589371,0.12360729013105087,1.634015559954396,0.5017008290507452,1.8195286099477017,1.2113834097677545,0.3502971285432017,0.13482043425185475,0.35748490750800743,1.3569867659898978,1.3520157370506902,0.28733328291265414,0.9985976635530149,1.3112144743917948,1.2160653188127386,1.181806154121606,0.30138832568642315,1.1210831439530895,0.6631288806886186
ABF.L,1.1046324254107125,1.4288560299009947,0.9124903546991582,0.0,0.537949742720566,0.5245347972944054,0.46183928145258557,0.5141776450073449,0.7986797224238866,0.954453970641468,0.7053179932766667,0.7559832746067824,0.7829526850733788,1.3781959648739714,1.1379554802984304,0.8957174535783639,0.6803644369820718,0.36359463161745986,1.0641308150067461,1.0087426870829912,1.0630501130334973,1.3872986123010878,1.1296036886325067,0.7441115381301548,0.5319125119616703,0.5993193552908949,0.6912618217297986,0.7334203529998131,1.3941915518959607,0.7005605360920254,0.7173803261471973,1.5116150916256466,0.5809017223226178,0.8088586336846462,1.3569696663446038,0.6232564156922127,0.7305464243876012,0.9744642215929217,0.6085406506934258,1.3579545961842556,0.9648440835248211,0.7999079957345436,0.7709460149699965,0.6577829735508351,0.3763575042855629,0.7251541575162994,0.41322632651741653,0.8002278623700909,0.5604369898834025,0.5929798708856062,0.939450321535428,0.5496346506886329,0.5175857004430546,0.6050718309084173,0.9738445653025455,0.7835768458881514,1.0201293162413214,1.0636351043023908,0.7939707378915644,1.1439221232939494,0.6434045563607135,0.5120452893251473,1.0605251637087765,0.6880312929243236,0.3148537558123363,1.265520058279954,0.8555439548296675,0.4986472708770381,0.5722016523260673,1.1374417575754014,0.5723036581006709,0.9427370878518803,0.7659168710559578,0.6344081526937746,0.844524268113879,1.4670990803395998,0.9918383136033335,0.6668203115873508,1.3572702492118902,0.509923414060836,1.144120719580948,0.594718130089958,1.1513831073850178,0.8678897389923815,0.7603667067396377,0.8479581380027024,0.8979737344072288,1.2607058367300477,0.9046513355131591,0.8336969846471272,1.416623613497647,1.4187223237367927,0.6883616562853305,0.62274289693165,0.9638393099367134,1.3216920316516665,0.5632893337215547,0.4802970576061124
ADM.L,0.7323530958064898,1.052776846733313,0.6027204229938745,0.537949742720566,0.0,0.6065549632696932,0.5569696648862905,0.578900190439245,0.5421941086491392,1.2364379219193435,0.7344254416100949,0.4811382470932234,0.41934847220444416,0.8229550995440454,0.7068796842336929,0.8840179125534148,0.6553757477894662,0.8421271310780909,0.7443118573899886,1.5151995113573284,1.5914896051393472,1.3397135293318911,0.46491552663460356,0.6005934581989228,0.7621042592446645,0.29902649299305595,0.9371653722509814,0.8856748507341121,1.164086632966991,0.8158849649253987,0.5715879240100005,1.494465477047366,0.4934044623844832,0.5525215008178623,0.9634987781522244,0.5103204711116802,0.6401738546172325,0.5150656704539974,0.35381131163369905,1.7959269376016467,0.9697631116511511,0.2246059197286172,0.7159066307216848,0.8015164763690257,0.2874993929290782,0.3981148874549746,0.22063149887329359,0.34685902577914685,0.6763848988098009,0.6062000654230424,0.7017541481256913,0.3548793666663109,0.8432178555834673,0.31789329518267007,0.9510525144919892,0.34565930035768255,0.9018461673385839,0.6133793765256612,0.48257122251371953,0.6946076435147153,0.7383328267560025,0.5391608453964862,0.9468552496293509,0.39925864176036185,0.6680632773316666,1.1667487371113694,0.5709321908288545,0.3102748790494957,0.41052201137569844,0.7542405609831835,0.6450620285359856,0.6148794686843877,0.901324685854867,0.7846542924695613,1.06882546236902,1.1358378199117347,0.3127285641286909,0.4889034501479723,1.3740254900695166,0.3754880285426001,0.8001961807295382,0.7751700286574692,0.8523069016646665,1.2393916677952854,0.5743884112296007,0.24276426243256632,0.5345293122487391,1.0510056183877579,1.0674253375912772,0.6592478942593629,0.6676181510968033,1.0854249226479877,0.49552749136098306,0.6516742545603491,0.6886662797703791,0.8786595841141875,0.4427196058337556,0.8278887286268503
ALW.L,0.5159674678039443,1.481543520400057,1.500504269629285,0.5245347972944054,0.6065549632696932,0.0,0.2810389864019778,0.17403019444187662,0.21665966485254173,0.40129712551105645,0.15929892927775535,0.2279876288607492,0.2265628061749938,0.7898309459032468,1.443162218971076,0.20071705574650234,0.13613307320358903,1.0443302062714812,1.46384857843705,0.8096939170543334,0.7772420653614254,1.7753545866532057,0.9106378921210324,1.449212839598498,0.11705929092148093,0.2517366542748235,0.24229121204820048,0.1302641379639572,1.7715720380510667,0.39091367708727087,1.134096873852727,1.8328526552415438,0.06951994457472788,0.8811502140339241,1.7261137887078224,0.11849107890281796,0.06680712698572866,0.6416220626292004,0.27777311423766604,1.2557478891939349,0.7803012474042438,0.43646315810660974,0.1721166557261984,0.24833557912806203,0.4112507512794571,0.2540691780669543,0.3688837054583828,0.35908659718979175,0.044022775650818025,0.07534136105394884,0.24483110626836635,0.1577458134313856,0.10962221966803543,0.9523921420935508,1.5960261145879246,1.047262313556223,1.457811234182251,1.3653903760009014,0.24072982021896283,1.3907245216223068,0.26362396028571533,0.08864168366008118,1.7022744652491333,0.4863761228164787,0.1888445189902933,0.8838922926148647,0.21204010613353674,0.17570765522397536,0.10121533974604258,1.6174722022466421,0.058683069752629935,1.506828640165851,0.22181730000328959,0.0981024592225348,1.4117056569338569,1.7069156588091734,0.7382718262160499,0.1392988393081478,1.677857335806562,0.4557764974501275,1.6903608589209878,0.10496809383298344,1.4874340172632583,0.3184189748535129,0.2695525205614244,0.9418148016788722,1.3547156144428425,1.6878479736684575,0.5862173021814774,0.22520877073776924,1.4030900415447145,1.154646998114766,0.16048951818465418,0.34077368359455684,0.556694433590857,1.6936486291132045,0.19848542506269007,1.0355063946156728
ANTO.L,0.3852459793152073,1.0924798254275458,1.0942134626936615,0.46183928145258557,0.5569696648862905,0.2810389864019778,0.0,0.5683310769367085,0.24218741125742205,0.4910956564630171,0.3190234777735822,0.23197272568749883,0.24082286013980136,0.6612007241300845,1.293006173937704,0.45960501567422474,0.24213334056970215,0.9815988614354739,1.2235760610736308,1.2203446925194856,0.8588342361826624,1.4836230936931296,0.8317611061617809,1.2660989815148298,0.3724827584988706,0.3683459717840418,0.43154951089159055,0.4570046085365763,1.6158051987731508,0.5826770996221952,1.0683815688851248,1.745147371188446,0.2281423665159502,0.392092006787209,1.4943347872597976,0.4723084232872794,0.2705272635973225,0.31446946089864836,0.3295421409887206,1.2025377390861332,0.6461694640429242,0.4113961863827946,0.25758733863106864,0.244849817708932,0.5150437150705431,0.2739504380145815,0.4839841090058561,0.3691335087283697,0.27433620804837744,0.341444591954405,0.386327414759036,0.219838428397387,0.26591314495311935,0.7861131383539357,1.4240728471665198,0.85744686170748,1.2248189329238888,1.1333308921222767,0.23107917418608104,1.2820584356985907,0.6421071730016243,0.3764848456940316,1.5558086664405575,0.3327859156462113,0.3354270981166324,0.8432304410210414,0.2831115180933681,0.22615228771299423,0.185787130111025,1.1956450204476372,0.17557768285999675,1.2634532453328877,0.546460057369299,0.4928212488573469,0.9184396255463128,1.3964924515036268,0.9440514328089152,0.22387953720125575,1.510439338735055,0.4050167172688922,1.3721861791104717,0.4840994449847096,1.3785617563452817,0.5329853913402626,0.2532607527368209,0.8387879185091397,0.9509518349791078,1.5166576250372261,0.5461743947617035,0.2579731407975082,1.1632339502630327,1.1440586114141467,0.28469211009922724,0.5214178758217003,0.5656185282681567,1.332280926804449,0.17205617592130162,0.9828865843922892
AUTO.L,0.7476815769218416,1.4977644204807592,1.4499152045168593,0.5141776450073449,0.578900190439245,0.17403019444187662,0.5683310769367085,0.0,0.3951950977396794,0.5978986696883157,0.29589292207508455,0.4240446520242517,0.43317323387053375,0.9527771439739244,1.2506314890651065,0.31985494126404757,0.36997405050822263,0.8800789350531382,1.2801410259366712,0.6825060889058961,0.978192482056611,1.8039497040888068,0.833796819685852,1.2531890783715758,0.2238453291451331,0.3456273399592068,0.40272524643708996,0.24485178919490458,1.6253036055861436,0.5259296071477304,1.0307088518932133,1.684143372094629,0.22008992910670333,1.0762776036751225,1.6447996246295715,0.10819056200925203,0.28081184779965296,0.9081630276638235,0.46876561533643846,1.3206859865934957,0.8980344089850832,0.5438448863604235,0.3925405672748119,0.42520256553799296,0.3676292312313728,0.46305350607165485,0.36883590301468494,0.4633994205006746,0.23158662895313198,0.1611311870433506,0.41868859702748207,0.35349187182172515,0.29809270221538087,0.8545086936912059,1.4192887933372387,0.970407619964307,1.2759757033740526,1.295798929408822,0.42732694332244514,1.1781814608251087,0.24337673419283745,0.11714125832429112,1.5146471640418406,0.6657454058870038,0.38333082905111693,0.9058756218842018,0.4018278269266634,0.29687509091479936,0.30209933704541714,1.6223928937656067,0.2925647913388215,1.3446716381245452,0.3590308347557587,0.13202881480940987,1.4889283099178463,1.7099094667353207,0.5240533266966716,0.31060882718861704,1.64775479042693,0.5306627647067992,1.5854585567311053,0.22398761162698855,1.2832269488340078,0.4893240696430795,0.4791120937618478,0.9381556269154143,1.310450917245896,1.5934580331363422,0.6793808391828327,0.47882588254174663,1.3808574879539441,1.0416119039933056,0.2695685715806436,0.36054237479676754,0.5847014528337406,1.6023493846021202,0.40132796280395333,1.0004674424989721
AV.L,0.18786982847231248,1.1873425965543707,1.3248707099757056,0.7986797224238866,0.5421941086491392,0.21665966485254173,0.24218741125742205,0.3951950977396794,0.0,0.404657882353319,0.10615921511983806,0.041213077079634286,0.06855952585454372,0.31631439407271333,1.4002930197189618,0.1641776774200251,0.08571111643856899,1.36435481959655,1.3708199874391351,1.2287788367848271,0.8434634863573515,1.5913995783395511,0.5614117236551999,1.5343880750719832,0.2596213530318582,0.17220072157756516,0.29077408739742494,0.23256607123242068,1.7372399734838577,0.4704974003493806,1.3183761393173576,1.8117720568829707,0.10728779220824969,0.5281227473684608,1.5915030874648464,0.314940674060322,0.10780838540616766,0.26490066809103263,0.24340507828809765,1.2905620678339642,0.7393231786252296,0.3277915887595503,0.08271710996881243,0.17220960871443736,0.6685875041820546,0.12467799017733572,0.5897852387054996,0.1799204554073638,0.21125947643484833,0.15907711762106302,0.07956711544345874,0.17319556427649463,0.2526366544410241,1.0224079603427747,1.6819404560143927,0.9746419641859402,1.4038124299180021,1.1890451710743146,0.036957488502374014,1.3414005077384725,0.4799579097928517,0.24980497765511533,1.7496277274454652,0.25474963340869616,0.46490451755595463,0.6494869758204602,0.04822293014390722,0.13901002945826757,0.14467852545450643,1.3638968546275068,0.15293849607722,1.4763391835213628,0.3548551834555689,0.28904005139880906,1.3562610516271305,1.3908642599919028,0.6323734230914497,0.050021445749869,1.6898711800783741,0.48416820448583364,1.5663252158485592,0.3414384571589304,1.528170868532615,0.39357647716951805,0.06606335939483332,0.9224321147286345,1.129523897981939,1.7055821139984264,0.4976058948419735,0.07298960153412104,1.0597142496766638,0.9367560893442327,0.12128183150658545,0.39626968626694825,0.3587325540055718,1.4041224232984177,0.13337290731719198,1.2660875133730385
AZN.L,0.4352436627243542,1.2744597045553911,1.677719969940427,0.954453970641468,1.2364379219193435,0.40129712551105645,0.4910956564630171,0.5978986696883157,0.404657882353319,0.0,0.28918644473614363,0.46771473462160706,0.547114497655977,0.6604685249576915,1.5858539030182999,0.27046634917721757,0.3223307641044255,1.2040384262948478,1.591899997942149,0.6472866234381023,0.3025132108531364,1.4169295058029647,1.0723664236858834,1.7841986427220964,0.263674113287796,0.6856032568466806,0.24961173968096728,0.27868020404080374,1.618152292349024,0.571668132130839,1.5874156768587209,1.4656610600215303,0.41237613330906886,0.9552060981624978,1.6781999350681511,0.5869417387297957,0.35269387961499155,0.7299538239131593,0.6978649042643268,0.6352115933457343,0.5912754873680384,0.8946683908708137,0.2935270339093816,0.23963372337756905,0.972226475681587,0.6460613518002649,1.0500172417242024,0.7420904667331948,0.3959944433061521,0.41106230459305093,0.3759712199290267,0.5472475885206644,0.24773461578232459,1.5068985105233903,1.6096208307981115,1.4348944859401724,1.4593131702399773,1.611650338776972,0.44342346892081064,1.5643023566555634,0.6255467475807035,0.4975741509528362,1.7787295474042346,0.7547611434029445,0.5455030389197272,0.5277263787554693,0.4062114109644157,0.6210756208138002,0.539576256038483,1.6331076544344119,0.3517015159189134,1.7877070190965125,0.4410306447551292,0.3711201938326155,1.2992547217511952,1.4484257404607352,1.240592613611072,0.4420888122748311,1.2913628515566349,0.7376653202617871,1.7476925357376192,0.4338593340819893,1.5702133628143249,0.12839834328771382,0.42995997490334914,1.518434516603009,1.497305584868693,1.62853004359655,0.26551548250442925,0.36396037306078044,1.4450010004607603,0.8679616105936319,0.459713649635595,0.5506190062604467,0.5822117105735853,1.6483208681204622,0.5597568150011076,1.2808552658071353
BA.L,0.3385712203976533,1.5019653179196575,1.5752730466092504,0.7053179932766667,0.7344254416100949,0.15929892927775535,0.3190234777735822,0.29589292207508455,0.10615921511983806,0.28918644473614363,0.0,0.10145532358904852,0.21956200639285306,0.5731050783203195,1.6338120886322436,0.08780920582333718,0.04534316050720588,1.28599717245127,1.6452414106837896,0.9952771916814614,0.6379326016919012,1.6873107697620957,0.851551482659475,1.6883610000685028,0.11343931752868675,0.23170196846126156,0.09965491627211498,0.09097599361377373,1.8861309034198535,0.36915510974037524,1.4701769260444284,1.8667748980479069,0.12894529983156766,0.7432784225332225,1.810327651303642,0.29844727662906223,0.13349912173405054,0.5073137769903595,0.3001786494502767,1.1940616941065822,0.7905860351014333,0.566721966030822,0.06907242498186517,0.11175246520618631,0.7302542838845216,0.25064264104399436,0.7121972653812176,0.389739450963388,0.13512443774569638,0.06920086724972996,0.12214919603063856,0.2548046661151132,0.1136698898527767,1.234062702749523,1.7876956737124103,1.2617751512504116,1.5998523915768499,1.509052460256878,0.1645074915622523,1.576804581156445,0.3206176906277618,0.16588221480613896,1.887709446830526,0.4532719659037596,0.3025485987837978,0.6905005144632376,0.14110637953916805,0.19495239134648457,0.21037219830723686,1.6361704227613727,0.12799188009347529,1.7174642657943417,0.23824395240290863,0.1155594460974615,1.4875167155163698,1.5896370804876065,0.8078245531113428,0.07435319119561212,1.7134967958590945,0.5579669994127677,1.80895428478606,0.1615434306559853,1.7127621542469622,0.1983520739905832,0.14400452914247341,1.2096734442538821,1.3987299086923095,1.8584729565277345,0.48654899948097663,0.11798527162662154,1.4160845187753628,1.0856832497312272,0.15686807173840855,0.3762590298601889,0.4833205811031419,1.7049512806637246,0.192159394756794,1.1533992089120921
BAB.L,0.17418414335032717,1.2713791983508504,1.273211694665672,0.7559832746067824,0.4811382470932234,0.2279876288607492,0.23197272568749883,0.4240446520242517,0.041213077079634286,0.46771473462160706,0.10145532358904852,0.0,0.0698997201457624,0.3758489265441768,1.389711979938988,0.22280507239787972,0.07069911484820735,1.3476021273275407,1.410705490492365,1.3316386049212754,0.9065425127752176,1.5835178754123413,0.5804134124204141,1.4867165517528615,0.2733935675300332,0.1390619364738468,0.2618440707405061,0.26942458686714077,1.7451301966434476,0.4949012690149306,1.299977730440705,1.8557634449947655,0.10728107554778155,0.46672370169796196,1.5787327005067597,0.34554914517985136,0.1423926482815191,0.2193701487741978,0.17693950451597007,1.392856757778861,0.7408573397899552,0.2894619260278879,0.08224019301784391,0.20060045739710308,0.6403093886714339,0.10800322630193238,0.5768221971139886,0.21459284730500916,0.21744482882004068,0.16172171753383136,0.11163751358974106,0.1485592200886764,0.2605217243402054,0.9973773932334012,1.659317602410749,0.9682324291446007,1.4354297852069609,1.2165491625946998,0.054304698605042834,1.3341597011623976,0.48629494142524243,0.23574925561573756,1.7505458985320064,0.2369913372073037,0.3958164550627645,0.7055114567511196,0.07141097611668046,0.09656309383443862,0.10954127429872651,1.3247561338865768,0.15379168030227575,1.4464480783104743,0.4151067821501022,0.3120468308425218,1.3887783555165667,1.3505872344365586,0.6230308086144892,0.031388257747424375,1.654346842189045,0.42549005269176565,1.5336809602246402,0.33253116774137226,1.5274822891286077,0.44680421517389746,0.06512539549060925,0.8625577035286279,1.0875264988153002,1.6935077450500637,0.5317160149512636,0.06694017487101689,1.0595591645880602,1.0111728305394134,0.10189533159768271,0.4337882457193424,0.38764147799205007,1.4046692150691946,0.1056315364323368,1.1780717450182192
BARC.L,0.20096000321308938,1.1251313216062333,1.1624270913410977,0.7829526850733788,0.41934847220444416,0.2265628061749938,0.24082286013980136,0.43317323387053375,0.06855952585454372,0.547114497655977,0.21956200639285306,0.0698997201457624,0.0,0.3288424566289221,1.2932096206823478,0.25337748906822466,0.14235087545024971,1.3769543196149023,1.2541700261361064,1.3162796644479327,1.057060902492679,1.571512144087647,0.48588727789220243,1.3691487632440849,0.3496268590787983,0.11411164757530223,0.4123753949759533,0.3048401460360147,1.6679775005352946,0.6074196853616942,1.182642298204804,1.8246040159870665,0.10195890834241839,0.4357384630936294,1.4856249899334757,0.3046252399643674,0.11134783707285067,0.20002254204492342,0.13751210379410583,1.4704707866439184,0.8124693080879085,0.18597285934260854,0.11757559615248137,0.28987950357743386,0.5822994958100575,0.0493324573828583,0.4473347721366545,0.09636425453358255,0.21122646557199787,0.19310185243524614,0.10176442693605192,0.13149455407393928,0.33641564170283234,0.831153075672375,1.575230227137917,0.7852105619232539,1.3705447826984956,1.0851887682940604,0.030287770669247482,1.2239264640368457,0.4740501981528885,0.2314644930375459,1.6544311592974825,0.27425318569791657,0.4802862723157604,0.8035150159019305,0.031071767830706642,0.08812565871829603,0.08615246937694543,1.2271847803690905,0.1880241414670455,1.2971791634978325,0.40909345937946207,0.37300334451587236,1.3342475330253674,1.3114251868039455,0.5368198580889703,0.05978333765222077,1.6357297090288527,0.43683360167707164,1.4289446982602696,0.41295676721541064,1.4332323117943908,0.5734611977049435,0.09930513015767028,0.6927580005397456,0.9936191118983844,1.6239137655633424,0.60236202982232,0.07028048284420163,0.896571416225297,1.0023065345838424,0.09558086633754304,0.3436527364362105,0.44124741382488863,1.2830648880693591,0.09178947981127084,1.2624740909383827
BATS.L,0.19265920878427734,0.6729465228286279,1.0794019336375726,1.3781959648739714,0.8229550995440454,0.7898309459032468,0.6612007241300845,0.9527771439739244,0.31631439407271333,0.6604685249576915,0.5731050783203195,0.3758489265441768,0.3288424566289221,0.0,1.1213062923227164,0.5309548142819874,0.5270122876446373,1.6898287599182604,1.0633608481852166,1.4131215815735216,1.009732486272647,1.1354009088113246,0.3387562714150184,1.4489922026491613,0.8347117482330683,0.5827881588079638,0.7621791256358742,0.6930609818436442,1.3079785229677563,0.9373704797218265,1.3383169495966105,1.3276119109365399,0.5770998079832144,0.470822719320952,1.1513752712814371,0.8413821013940921,0.526945397604923,0.23856894396587736,0.6055957517846866,1.1154582613298647,0.7692323932668602,0.5141104329107593,0.43709615127182133,0.594569099778328,1.1624671904807289,0.4067483892080638,1.0247007606410425,0.35820575914867525,0.7331055074028613,0.6918873060535013,0.3062848666619935,0.6434649295794275,0.7999766212041505,1.0964367064793537,1.5021309855582858,0.9479201626385598,1.1645503029312594,0.9556650818806472,0.32408364712296445,1.0485927102820642,0.947394970101953,0.8026748747687914,1.4618330349653803,0.44513323098220603,1.0921053347953849,0.5394396036997712,0.3141108159086572,0.5884288117131449,0.5734113828515406,1.005230648014271,0.6680543208076206,1.2157498851971869,0.7715940267956453,0.8585746258080524,1.1679212331293198,0.8018826865057971,0.6997604506362285,0.45408902075338964,1.3350790338363683,0.8840983883720138,1.1901625707339833,0.9437647863844972,1.2614911320577302,0.7647947649162272,0.3526026583361448,0.9105309895836439,0.8729300395444102,1.373683956418375,0.6370663425504557,0.3384559719496878,0.5941608043074025,0.6653725898032189,0.46725203356494616,0.7375748270825669,0.4724397954090398,0.8257048782582235,0.5368675023905245,1.5641849393581662
BBOX.L,1.196493807097385,0.3883119152428296,0.4440891401330165,1.1379554802984304,0.7068796842336929,1.443162218971076,1.293006173937704,1.2506314890651065,1.4002930197189618,1.5858539030182999,1.6338120886322436,1.389711979938988,1.2932096206823478,1.1213062923227164,0.0,1.6798626560605023,1.6167998500542693,0.6598209128495298,0.10129774808968284,1.1877516032777784,1.5968210667689267,0.7354819404232478,0.604613277583644,0.2504016208447901,1.5884875826000149,1.3308021416305102,1.7031677593789238,1.7076363447711274,0.24206546876397772,1.4214414687502013,0.24650038709570588,0.44982715134921747,1.4104723353531279,1.0439470501249104,0.26954545467866753,1.2125969176762976,1.4894679263720023,1.1184997425940084,1.3630249476469731,1.0764780960368472,0.7168496842430563,0.8608476386036502,1.5800462612659547,1.6153382937856247,0.7013509557728294,1.3547692885259144,0.761000631278643,1.1551023436214822,1.557134377377864,1.5592542385775654,1.5557203696222177,1.234914485235454,1.663615824144618,0.41591561990172854,0.32979701954433005,0.39721575035617085,0.13631955559535536,0.23260694072856403,1.324420715936669,0.03018638865647849,1.5222620036790668,1.4093166175777687,0.26302682899537144,1.0150014564030243,1.5114896830729896,0.9537807656838526,1.4257961706870086,1.2897862385980319,1.2973519675534828,0.40964466890855145,1.4754440464405385,0.16105016593768107,1.7068049431685584,1.563411275855307,0.6945021325044552,0.6082171453512484,0.6562010945264585,1.4693753913508845,0.6215454846393845,0.9603397945003245,0.20465221241860876,1.5836426926951779,0.029238251392661896,1.7056763034018445,1.4942510831013718,0.40170697732655114,0.49006187122633027,0.2472563105915344,1.2348866525653064,1.5486915521635711,0.3864583234563004,0.556500091722133,1.3336574782861006,1.5157139026176016,0.9341291795359328,0.245885086094917,1.4340442917155318,0.9671927144293724
BEZ.L,0.402679269455849,1.4117187104842936,1.637387403095219,0.8957174535783639,0.8840179125534148,0.20071705574650234,0.45960501567422474,0.31985494126404757,0.1641776774200251,0.27046634917721757,0.08780920582333718,0.22280507239787972,0.25337748906822466,0.5309548142819874,1.6798626560605023,0.0,0.12424431661296498,1.4087752100799842,1.6316082345306766,0.8324384741075663,0.6022330357863778,1.644026093602061,0.9104284145829641,1.7567778230440791,0.16987910772825865,0.3088487784271312,0.18793890493793053,0.06649877013416061,1.8203529842391564,0.4260004883410664,1.559654372737923,1.7650131030039975,0.19540192887619623,0.882917884040959,1.7928908988484027,0.29191369344063267,0.11917406637987149,0.6055491043293637,0.38001763096379293,1.089022264912155,0.9054022710645272,0.6311475807523874,0.11632037022320718,0.15724497382957636,0.8581110662537899,0.30230260397836484,0.8005117590627021,0.38729887175096744,0.16437253953169417,0.10651825599273013,0.09370889991773446,0.3599504926489411,0.1831891063286727,1.298686135214118,1.793748379183843,1.2898811861309212,1.6278477396738884,1.512710334827504,0.21475216137101638,1.6035181039448176,0.2765767503194674,0.20666383913660302,1.8713004185432105,0.6391032003581978,0.4556131815775324,0.7126400948106305,0.14009342788814738,0.3053821970563374,0.3027348200240769,1.675721139615407,0.2039070958799123,1.7631079344806722,0.16718959332438443,0.12722183428534306,1.5225559949498155,1.593016032199626,0.8090425389522016,0.16233861187122522,1.6666336607520453,0.7138041293732994,1.8390062291316496,0.1961498001514641,1.7297087194255876,0.19127111775399575,0.21175231587009447,1.264716248989926,1.5110902067588472,1.8418488199267955,0.5268972243317416,0.15294427863268756,1.365451565248839,1.0270181566807728,0.21799129249598503,0.31205059146126635,0.5597219353127212,1.7116406241136783,0.2672907977893946,1.3263002232610284
BGEO.L,0.2703124079884899,1.4699824247269895,1.458247303813771,0.6803644369820718,0.6553757477894662,0.13613307320358903,0.24213334056970215,0.36997405050822263,0.08571111643856899,0.3223307641044255,0.04534316050720588,0.07069911484820735,0.14235087545024971,0.5270122876446373,1.6167998500542693,0.12424431661296498,0.0,1.308654584882182,1.631314255225504,1.0946292174390568,0.673685338142318,1.6188291705771962,0.8412840725296189,1.6383892098003958,0.142132171462374,0.18094571330018416,0.12227678643817441,0.12692510141808944,1.8576107330773648,0.4151432060704622,1.440290292195624,1.8850352361692908,0.09067442999108732,0.6292488289645117,1.7442562036596976,0.3116959618287666,0.08808863202372352,0.37939490740679893,0.19360660852979217,1.2545884810263974,0.8069626444555975,0.4519225941672742,0.043883579043292986,0.10552753012618843,0.6915100109819008,0.16751145554471913,0.6612490784909517,0.322670827417176,0.11178807798537793,0.09489152267416179,0.1051092002625249,0.16717519930343772,0.11354322110238135,1.1759356158077918,1.7331490715806543,1.1737522346548313,1.6008191754852379,1.4296436657986233,0.11388251060845678,1.5718410168504071,0.36969669151055573,0.1785647706104686,1.864757464247609,0.3692726170127413,0.2627299543003836,0.7238908606046242,0.09878365013988999,0.14363372855496936,0.13391308590361262,1.5205092919302332,0.08978875987625323,1.6632571372846168,0.26347327599916737,0.18383171566710343,1.4209215906041757,1.506504437613174,0.8127591314491549,0.04774272881026542,1.6528398701269207,0.4683798194212656,1.728936519264988,0.172833136625541,1.7037635752755236,0.26074615263530054,0.09018135757183476,1.0888088504249862,1.3035393390368641,1.7976565374687183,0.48030961461325516,0.06176162021359355,1.3106880884488479,1.111488541134838,0.12626029102861736,0.3703224257499037,0.4679537010855379,1.6606503023352728,0.12205577040325721,1.1161867630607158
BKG.L,1.5136929636009935,1.1111839260047272,0.7644918626234165,0.36359463161745986,0.8421271310780909,1.0443302062714812,0.9815988614354739,0.8800789350531382,1.36435481959655,1.2040384262948478,1.28599717245127,1.3476021273275407,1.3769543196149023,1.6898287599182604,0.6598209128495298,1.4087752100799842,1.308654584882182,0.0,0.6213207288291935,0.8003011559893303,1.1418111859731574,1.01064199943973,1.2788212759544826,0.39438331292354756,1.0050360534821794,1.1792286461259867,1.2359244984801254,1.2991210615057587,0.7207344144303975,0.9243448578868676,0.47575503457277857,0.8252072770079868,1.1535410195098088,1.2078132043978946,0.8493793455820786,0.9704513402880288,1.2806982914827738,1.40931970237644,1.2149923250286623,0.9847410702988985,0.8409287421525627,1.1399411529636694,1.412970580348193,1.184013339894013,0.4855508547291112,1.3930761522888981,0.6712643670986975,1.2789009521621006,1.1708560082849568,1.2069990621535693,1.5236850111192153,1.0564708615254281,1.087485766165616,0.6373963136605941,0.473771290868618,0.6697739429768214,0.5313169590566293,0.8020731368088858,1.3570276264266798,0.6975484056067336,1.1298923433547854,1.071038008585801,0.5036452411986203,1.0906864328143984,0.8560027512026418,1.2395538284688559,1.4395482146227343,1.0943574823871334,1.1612782112143,0.8722919981760566,1.1365814985297318,0.5738862998045473,1.277481528960473,1.1164943391771158,0.6589948497730108,1.204837830268993,1.1186656535043156,1.3194253873489394,0.824879281610327,0.7925678158528799,0.708514032310684,1.0973943945623377,0.5815909071667007,1.2478160149870245,1.3766120102010173,0.8640495659808165,0.8142281562044704,0.6397455788652099,1.0183802332468248,1.4840131351001444,1.230142267911215,1.0814474235933444,1.2772586893567577,1.0501334211855515,1.119073762750871,0.9764335029344867,1.2323173436695418,0.5198064731358374
BLND.L,1.2444959386562897,0.3120065698125707,0.39146166664444115,1.0641308150067461,0.7443118573899886,1.46384857843705,1.2235760610736308,1.2801410259366712,1.3708199874391351,1.591899997942149,1.6452414106837896,1.410705490492365,1.2541700261361064,1.0633608481852166,0.10129774808968284,1.6316082345306766,1.631314255225504,0.6213207288291935,0.0,1.219740150586438,1.6393593540017881,0.735206178496594,0.5934692063994953,0.21834624042360962,1.588502625337758,1.3032770473094886,1.7852338977187412,1.6953143019404953,0.29473026359763255,1.3522364228572377,0.25570370182179203,0.49663802914680844,1.4212367199620572,0.9442039346734704,0.3068860685776901,1.2485301400912385,1.4718618387631315,1.088594924297646,1.3505008046773006,1.10112850126774,0.8010462455806316,0.8984146320775108,1.5816502558217707,1.5886388986150388,0.7587675124926841,1.3197834134466369,0.749720907346375,1.0546893428475106,1.5358347989024042,1.5598902295346146,1.505331670444304,1.2767595258734534,1.667150354864964,0.3583487076047053,0.360570795166694,0.30131869828134783,0.12136355054343129,0.2051420530766127,1.2911527653716575,0.09432418198570691,1.4824759859086247,1.4277331542152483,0.23862759853794013,1.0121546126392584,1.5663528312394077,1.044299880994576,1.3776157029813376,1.2570099702220565,1.3234358419897763,0.37377228092859716,1.4921746632292947,0.1082688596282736,1.6221427582963768,1.5908204615431791,0.5533699143298307,0.618450622042522,0.718963079039427,1.4671423093353346,0.7324260507439917,1.0660129834397096,0.2112985624455369,1.658225514847273,0.1279600142748446,1.7342238535420516,1.4658853683359065,0.42704174674947615,0.4359442871293,0.32710779997194284,1.2380037337227396,1.5254340902628352,0.395689974467344,0.6214337161774272,1.3618014628590331,1.3600519540352707,0.9964053278911332,0.18336629217786415,1.3843809540000003,1.0506153839231518
BNZL.L,1.346170640129167,1.2483401168105053,1.5769465503375295,1.0087426870829912,1.5151995113573284,0.8096939170543334,1.2203446925194856,0.6825060889058961,1.2287788367848271,0.6472866234381023,0.9952771916814614,1.3316386049212754,1.3162796644479327,1.4131215815735216,1.1877516032777784,0.8324384741075663,1.0946292174390568,0.8003011559893303,1.219740150586438,0.0,0.5642879376603414,1.2380702279276201,1.4613728549024072,1.2677223761938445,0.777819278426997,1.3336381057481566,0.8527353901763604,0.7119975887905573,1.0700861837661133,0.9383505548298572,1.0841177716827206,0.8659177942655323,1.030375067403447,1.675629961909225,1.3175282266154866,0.7943079802321129,0.9303665986355495,1.620993114202244,1.339907096293354,0.5087811909421984,0.9347345731358512,1.4172435534269012,1.0689270404539666,0.9718735533302432,0.9938506406999246,1.3361998077239587,1.092577101456299,1.3273208500597566,0.8330292861099078,0.9020057241655621,1.102614099619072,1.19043107467669,0.7713267600611322,1.3005503675078574,1.062567176868588,1.418167148331745,1.0769024430533871,1.4407044416351824,1.2883788216394505,1.1969677115487367,0.7283428749439369,0.8493854431490149,1.1384846862626001,1.4705898906468704,0.8957574247757125,0.8811877169153214,1.1927301823396472,1.2738819942365303,1.1538662476493184,1.5987077988427663,0.9522383777987261,1.3653414274891666,0.7165615725536445,0.6658464023931671,1.1404676027669323,1.4050071268745046,1.2693314481141456,1.1895090727876592,0.9902915121890346,1.175113804667147,1.408651376830959,0.7161992063497142,1.0492021031168026,0.60634244483113,1.2808569744977047,1.5005298555620945,1.5682779299349092,1.112481879467842,0.8514987887786915,1.1964750218833045,1.5348668726244852,0.8968916110284864,1.077323008923442,0.9302668238194074,1.0815909577340614,1.4785643623128013,1.2558813067828545,1.0114310808645923
BP.L,0.8196801190704834,1.2741868649385868,1.6270931713546393,1.0630501130334973,1.5914896051393472,0.7772420653614254,0.8588342361826624,0.978192482056611,0.8434634863573515,0.3025132108531364,0.6379326016919012,0.9065425127752176,1.057060902492679,1.009732486272647,1.5968210667689267,0.6022330357863778,0.673685338142318,1.1418111859731574,1.6393593540017881,0.5642879376603414,0.0,0.9714983479556025,1.4760980740849303,1.711253301778864,0.6084914521371145,1.1437808737846316,0.41787727048350043,0.5961065280645036,1.3254534530919027,0.7773012208743075,1.6086996676673162,1.045860262359581,0.8975036974172373,1.2677430475004963,1.4430904451365576,1.0092008894086206,0.7739490482569942,1.1314427931844184,1.130108353329661,0.3078081999073303,0.7968495233807998,1.4138877299684207,0.6722036218016297,0.554440260629301,1.3055098721857252,1.0903788569315525,1.4601970726540867,1.3025532834651246,0.7682171903172348,0.8095448144982322,0.8148902101088293,0.9697422355560158,0.5180453183394368,1.7428155772746643,1.3443311447587547,1.6942793291584974,1.3580946385910542,1.5592545219794478,0.9298729358070341,1.645277068104389,0.9699686796722822,0.9199278078557738,1.5055287764268428,1.0919292265238756,0.7340935344153068,0.6325722777645839,0.9023121048574949,1.1212785423818337,1.01626389705526,1.4918796462401689,0.7104807506463549,1.7963144107904618,0.7172188299658211,0.6737484944410592,1.0993531744015763,1.2623596475216239,1.5616718563116398,0.9044237976325791,0.9763730301252659,1.028375082592965,1.5822837530989213,0.6317680077187158,1.5120995596858027,0.2158110339086483,0.803809442187351,1.7847649400518317,1.645357486120005,1.3321729184841686,0.6071565428906711,0.7772808773547007,1.5546566670417805,0.9830575413137087,0.9617562546074927,1.0238997805706491,0.9204364452852352,1.6062946296684586,0.9733024739753326,0.9946644946198809
BRBY.L,1.3286996374076132,0.5586418577895731,0.4311479776362708,1.3872986123010878,1.3397135293318911,1.7753545866532057,1.4836230936931296,1.8039497040888068,1.5913995783395511,1.4169295058029647,1.6873107697620957,1.5835178754123413,1.571512144087647,1.1354009088113246,0.7354819404232478,1.644026093602061,1.6188291705771962,1.01064199943973,0.735206178496594,1.2380702279276201,0.9714983479556025,0.0,1.079108887809603,0.6696902379390803,1.6985475988238616,1.5548300196296039,1.5446138721238438,1.6990751913585949,0.2906898451887342,1.458592882034162,1.0361509657741879,0.24789299463683367,1.7110987677313485,0.9951141892676865,0.23007391226546814,1.7438595851575383,1.6703435369990756,1.1613760301132547,1.454883727470761,0.7099336169543156,1.2616793997432008,1.3554622015274411,1.5949494895136471,1.5102772534597078,1.4647943541364155,1.488802816844053,1.5618441923371322,1.5347640265294937,1.7735635673817445,1.7763134776352483,1.5925786689528008,1.5160243845608914,1.6461396693754717,1.1117302779964213,0.3668972557746093,0.8988613629552078,0.6468776552041389,0.6274499768657392,1.5530698362786706,0.8112328740203274,1.755559743671998,1.821311326565743,0.45251729752068337,1.2706683575437248,1.5644216963453528,1.0357216338220991,1.5872373694853912,1.6787807797186054,1.6890895178009224,0.2644634184214889,1.7222337444007132,0.6699485793937991,1.6693692648001592,1.808780551674714,0.5596521496864779,0.24470242416619248,1.2336278675551287,1.687920202313572,0.21385991281437644,1.2170321599080567,0.327437126833093,1.7108675272167686,0.6943899549563788,1.53518609986991,1.4376944803946166,1.0308842335385666,0.6162048382219067,0.2915002305181015,1.2936011850238178,1.5355665240582557,0.48943125913303587,0.8192942761658948,1.7071908958073414,1.5394299155308895,1.287260215446065,0.48140550221056444,1.5407615768295901,0.7473297819112971
BT-A.L,0.49947459451567877,0.5850728772502185,0.7219972177672893,1.1296036886325067,0.46491552663460356,0.9106378921210324,0.8317611061617809,0.833796819685852,0.5614117236551999,1.0723664236858834,0.851551482659475,0.5804134124204141,0.48588727789220243,0.3387562714150184,0.604613277583644,0.9104284145829641,0.8412840725296189,1.2788212759544826,0.5934692063994953,1.4613728549024072,1.4760980740849303,1.079108887809603,0.0,0.8623073376735348,0.9823474085722869,0.5691726831038023,1.0812970472647827,0.9717748669123143,0.9968149920293274,1.0506990780904923,0.7961052316443035,1.1605239292383758,0.701898242706172,0.5667539995504914,0.8015627784899011,0.7961195280781422,0.7752653672752456,0.46108097918449764,0.6463203468796268,1.4268803366862417,0.7714270896872528,0.3671949782662648,0.7391545077507471,0.9193149179283676,0.7459498140008434,0.5258546527848413,0.6383108740494714,0.4285230855439034,0.9329145800225304,0.83446197026869,0.6456164166979673,0.6229239944905129,1.073797091479463,0.6028583455128516,1.0387666762275876,0.4669011888706359,0.7238359989033192,0.6072422077539381,0.5004227846422398,0.5301672192351734,1.0378594977078712,0.8273517169327131,1.0259847243670133,0.40678059212530593,1.1535050108063334,0.6802537803638016,0.5559295536487543,0.6152114783076957,0.6669613906263243,0.7164194244134259,0.9137394691658812,0.6838869750360412,1.0753894788289227,1.0038033910843618,1.0790688638491377,0.7333139249909016,0.352477255046842,0.6469525122200732,1.2116008232313598,0.6779675523293254,0.7675989054421527,1.1146800236566792,0.7532236565646624,1.2088185463103038,0.6199483984658487,0.5212484935933122,0.5214683945509352,1.0165203828292626,0.8460273671952434,0.6639284860744872,0.3470943003351653,0.5430365374605217,0.6039503409630183,0.8416704819438481,0.47426326427842613,0.5449775429012464,0.6921874829791452,1.2914282673945778
BTRW.L,1.522084031873212,0.698182934325486,0.23123189374022546,0.7441115381301548,0.6005934581989228,1.449212839598498,1.2660989815148298,1.2531890783715758,1.5343880750719832,1.7841986427220964,1.6883610000685028,1.4867165517528615,1.3691487632440849,1.4489922026491613,0.2504016208447901,1.7567778230440791,1.6383892098003958,0.39438331292354756,0.21834624042360962,1.2677223761938445,1.711253301778864,0.6696902379390803,0.8623073376735348,0.0,1.5524875765390922,1.2106414721094654,1.727831022479644,1.7075402486005093,0.3509774489633668,1.3423315862806402,0.21296544027814213,0.5939984789692341,1.4328488849017984,0.9502140071877446,0.3244061362241536,1.25888885510324,1.550801352406828,1.2233506019871458,1.2126301548194687,1.374200143748178,1.1326035913384882,0.9250694985854923,1.6658030003221516,1.6458772174264933,0.6623336732220719,1.3219512369718465,0.6625625117545609,1.1629283081877064,1.5217444807372336,1.5321602580116145,1.6504904172507806,1.2344536626047726,1.6249623071309567,0.26992494780715126,0.21909577371171618,0.3055387360454431,0.32523987578889213,0.28516910872291157,1.4418922790865787,0.2885551740731701,1.3809722933378061,1.3787836005513643,0.14400601458978302,1.0913240549142125,1.2976668882626874,1.4155039398850182,1.5351529969179296,1.224886995157583,1.3229895274149732,0.30929031541378305,1.5150726555287735,0.06238183050070589,1.6037882445109863,1.5789998924439197,0.5855186548292313,0.6481681957104735,0.754070257234987,1.5022551971871159,0.6480215052521154,0.9507123335039662,0.16399771823096254,1.5442791973872887,0.2628829987536374,1.860379928273776,1.509450492031908,0.35606656974034434,0.34740626126255936,0.29194036354911,1.4710354398435022,1.6231938030500386,0.5504646529956642,1.0357112760831673,1.4378589370226647,1.2736375428179412,1.2828221359718652,0.3602746912095057,1.3454413918539903,0.6298017857708209
CCEP.L,0.5414469964749239,1.6029530740839752,1.5815023063235532,0.5319125119616703,0.7621042592446645,0.11705929092148093,0.3724827584988706,0.2238453291451331,0.2596213530318582,0.263674113287796,0.11343931752868675,0.2733935675300332,0.3496268590787983,0.8347117482330683,1.5884875826000149,0.16987910772825865,0.142132171462374,1.0050360534821794,1.588502625337758,0.777819278426997,0.6084914521371145,1.6985475988238616,0.9823474085722869,1.5524875765390922,0.0,0.2833082179828633,0.14781395346108417,0.10539368613058875,1.8210688262932055,0.36584289869136943,1.3432109006875577,1.7929989350210576,0.1521032769074817,0.9430382496360507,1.791820352655742,0.2405034031184471,0.18419737262164437,0.7469081767348076,0.3608537465980489,1.1421644930289514,0.7799354027665454,0.6403607113865024,0.18447186707113816,0.17456124055108058,0.5616220439790953,0.38351945602958437,0.59369207391694,0.5080045818606599,0.14031403616466842,0.1087272844841537,0.2794404946997445,0.24816108312681395,0.09133544004663174,1.1596330046164893,1.6328233834291508,1.1918162872005607,1.5147126579961454,1.5304166997623088,0.293518059816554,1.5439816044452237,0.2978302429306422,0.15211176604725507,1.7538768345667717,0.543702197410791,0.21296864656396142,0.7865740890190875,0.2768324435702417,0.2600401125603402,0.265010628399876,1.6813948096706803,0.15998176025328015,1.6507914792692528,0.2570621527722211,0.09999505802960973,1.4483485313066062,1.7023922288196927,0.889105747208796,0.20012856565625814,1.6090251751388942,0.49940465467201545,1.7814242576343444,0.13049572198825565,1.6176100052073292,0.22101019634822694,0.285111689187457,1.2373290203726195,1.4263737245178079,1.7638391861240357,0.4594421804455121,0.26757505533142123,1.5310561647634446,1.136331752570613,0.2568328256426924,0.32216209794373374,0.5958308142225164,1.7924711232572879,0.29617331699625926,1.0022070337491795
CCH.L,0.4217994299231148,1.3884726389927193,1.076494572412963,0.5993193552908949,0.29902649299305595,0.2517366542748235,0.3683459717840418,0.3456273399592068,0.17220072157756516,0.6856032568466806,0.23170196846126156,0.1390619364738468,0.11411164757530223,0.5827881588079638,1.3308021416305102,0.3088487784271312,0.18094571330018416,1.1792286461259867,1.3032770473094886,1.3336381057481566,1.1437808737846316,1.5548300196296039,0.5691726831038023,1.2106414721094654,0.2833082179828633,0.0,0.41782683526189357,0.32098497032600815,1.6550485265673367,0.505005568343327,1.1421840151907237,1.8391261270329748,0.14491637994670004,0.5458524151866659,1.470483948997438,0.25873658183034043,0.20482414663363835,0.3758251348313224,0.08945068223933816,1.6692448893716962,0.9948456392260235,0.22604075216458008,0.22038473784465906,0.33472667121002175,0.484107417393151,0.11924724567934786,0.38200859829239797,0.17109440216382532,0.25987761278866073,0.17438302642617043,0.2010609624402514,0.13000320564559142,0.37308195216465834,0.7712778298015817,1.4710119851730057,0.7344844992379944,1.4290363257359744,1.0881285889021628,0.12815346373416991,1.2597155953956662,0.3769649225760845,0.2075131507050626,1.5407362369131876,0.3440616579680793,0.39730575281679126,0.9778517068644336,0.14215959563715752,0.0713112253346837,0.16302423937844934,1.2055708063395378,0.2676778676031156,1.2421112845335918,0.4218969977594823,0.3269861172176113,1.4230609826630487,1.3814724667348446,0.450986341419521,0.11017145308498955,1.6159154727663325,0.3979499029339604,1.3850384555482114,0.35514116404567253,1.454400382892927,0.6753171206262316,0.16848082651929341,0.6685497368830895,0.9569951836463004,1.5800901130570706,0.7326508053121361,0.1951890417739245,0.9804711475826845,1.1440652250900116,0.17995908401613736,0.26098434815063876,0.5624547359773537,1.3829022007113383,0.12919730417807895,1.0652053314324594
CNA.L,0.4270441038456717,1.5957883953974263,1.6407086862851266,0.6912618217297986,0.9371653722509814,0.24229121204820048,0.43154951089159055,0.40272524643708996,0.29077408739742494,0.24961173968096728,0.09965491627211498,0.2618440707405061,0.4123753949759533,0.7621791256358742,1.7031677593789238,0.18793890493793053,0.12227678643817441,1.2359244984801254,1.7852338977187412,0.8527353901763604,0.41787727048350043,1.5446138721238438,1.0812970472647827,1.727831022479644,0.14781395346108417,0.41782683526189357,0.0,0.12618774183904424,1.8593146217408294,0.488209028123753,1.5607514010184809,1.7532383165827095,0.25193805239891276,0.8813947621921946,1.8175899294221622,0.453570403025214,0.2559633363840812,0.6809255134967462,0.40519518602885773,1.0008584092005697,0.8143547743150261,0.7928118657177595,0.13215708706330387,0.1752678198254175,0.8484363874779961,0.4064865476061168,0.904493044779351,0.65089809587932,0.20039625073246736,0.16850312650081312,0.26810556812656317,0.37208644023282145,0.09664858870299531,1.4113594976411308,1.7096329683457008,1.4636834088919226,1.603078716659354,1.6334291773796992,0.34393413103046466,1.6943963542068334,0.3998890469790185,0.23879535407804908,1.875212067202531,0.5946556908751233,0.25041734612012223,0.6751451717619164,0.31439330158089607,0.36579854403790635,0.34996670402954166,1.6753313450042042,0.20806262628858663,1.835888043745463,0.30117368479247486,0.16776885455981905,1.4267914041297018,1.5380950624068404,1.025906025834314,0.2273859402594156,1.5361106017974504,0.5674514003855076,1.8354915485421852,0.13786375981865007,1.7521876167010244,0.1239483151491948,0.2559108202840884,1.4168215897391212,1.538355995195927,1.815285146488021,0.4749823553722181,0.21630912074365105,1.5503563204118445,1.1275908289881549,0.2865798406186587,0.5280967446254441,0.5803863929691953,1.8195749398091872,0.3222753359229993,0.9713004622238242
CPG.L,0.5029153389924341,1.5545828025394548,1.6737574159440944,0.7334203529998131,0.8856748507341121,0.1302641379639572,0.4570046085365763,0.24485178919490458,0.23256607123242068,0.27868020404080374,0.09097599361377373,0.26942458686714077,0.3048401460360147,0.6930609818436442,1.7076363447711274,0.06649877013416061,0.12692510141808944,1.2991210615057587,1.6953143019404953,0.7119975887905573,0.5961065280645036,1.6990751913585949,0.9717748669123143,1.7075402486005093,0.10539368613058875,0.32098497032600815,0.12618774183904424,0.0,1.8978079907551746,0.43662709285827417,1.4688922734908985,1.8124011926370571,0.16566943038976323,0.9375608259486448,1.8568787431779832,0.2711131901734243,0.1235701939239433,0.7231184804619086,0.35522081249480675,1.1343483357684379,0.9323884267823268,0.6784268692225144,0.1144007215993692,0.19139895360839032,0.7804132990141943,0.30055934104345816,0.7201560887537615,0.45230121852618166,0.08375244012351701,0.06059828851810045,0.15387869826214906,0.3377889075755589,0.09209942687278438,1.2602057547282137,1.7820902847393942,1.3426602727233952,1.6494056324160344,1.6055381835129676,0.28341750264669974,1.6464232906140563,0.19419994918916517,0.13453640165916014,1.8848497410493956,0.6372784184861087,0.28705383031881315,0.7615957958431686,0.2026750438245548,0.29888743593238765,0.2729721764866634,1.759824953071388,0.17260451896126305,1.7681486698536735,0.11224102553202187,0.06342438355924074,1.5095971555611132,1.6362550750503675,0.8693999693638299,0.17030489348583766,1.6859712780988425,0.659881354686636,1.8833101157341257,0.10254542699886715,1.7523646866565215,0.17434754103754846,0.2486632958696896,1.3009295384304056,1.5203444645551007,1.8808829656529351,0.5513751983949507,0.18215613549808674,1.493600929056426,1.1301426207886653,0.20733955146563132,0.30890824456165655,0.6142263840212224,1.8015545360765177,0.26845208906795925,1.1428007821384707
CRDA.L,1.4841597532805348,0.4297494658217744,0.42929757882422215,1.3941915518959607,1.164086632966991,1.7715720380510667,1.6158051987731508,1.6253036055861436,1.7372399734838577,1.618152292349024,1.8861309034198535,1.7451301966434476,1.6679775005352946,1.3079785229677563,0.24206546876397772,1.8203529842391564,1.8576107330773648,0.7207344144303975,0.29473026359763255,1.0700861837661133,1.3254534530919027,0.2906898451887342,0.9968149920293274,0.3509774489633668,1.8210688262932055,1.6550485265673367,1.8593146217408294,1.8978079907551746,0.0,1.5274375961372462,0.5635196369950264,0.09124951716069163,1.772069928145672,1.2456869971925861,0.09472562794440609,1.5454564626363685,1.761277069727475,1.3535704209511048,1.6588241961255963,0.7668173984423364,1.0205512158717058,1.239940139992787,1.8593717117622965,1.7796021090447653,1.124448510083418,1.7017728545842241,1.2314802258584248,1.534266441915158,1.876133589468482,1.8806406739785635,1.7951824713798525,1.5870008575140917,1.8793663194956578,0.7878276364134253,0.15962538066405574,0.6266616792453655,0.30391879399552024,0.35218223216250455,1.679500141945255,0.29164506458884987,1.7722009712580968,1.7933747819762285,0.15381559043560444,1.4237166831961143,1.7454726873828883,1.0848409607133347,1.7351538101224344,1.7150182920211114,1.7076111501839257,0.2888845250613,1.7927106133455135,0.30143980386563385,1.8486648338461842,1.8321877681341194,0.6583671561798872,0.41219942553836286,0.9848443049937666,1.8303469879054823,0.2297767340019744,1.2632421296065282,0.14711608658242048,1.806572186142617,0.1685098724190046,1.7592448421895681,1.7501087974903178,0.6949566772058919,0.6010411796828214,0.035435585384962165,1.3661539048125364,1.813797258365967,0.4245403884535962,0.6397383451724973,1.754289660065714,1.6458795583233925,1.2482313778322922,0.296171005278814,1.756274886604214,0.9144641864060444
CTEC.L,0.811627210616044,1.4250132935283437,1.4085965557674514,0.7005605360920254,0.8158849649253987,0.39091367708727087,0.5826770996221952,0.5259296071477304,0.4704974003493806,0.571668132130839,0.36915510974037524,0.4949012690149306,0.6074196853616942,0.9373704797218265,1.4214414687502013,0.4260004883410664,0.4151432060704622,0.9243448578868676,1.3522364228572377,0.9383505548298572,0.7773012208743075,1.458592882034162,1.0506990780904923,1.3423315862806402,0.36584289869136943,0.505005568343327,0.488209028123753,0.43662709285827417,1.5274375961372462,0.0,1.1916033884519859,1.5244432039274602,0.4879646671260225,1.0179157923231728,1.5152677531768948,0.48966837188042367,0.4506545440225165,0.8730712235388325,0.5452461424706487,1.1267552463075123,0.8649884883702481,0.7896831014535798,0.514253327430281,0.45750887672963714,0.6971433653286168,0.6085349024094671,0.6981201200329755,0.6377952488061145,0.42169580934898954,0.40645973680565584,0.5245782831580088,0.5333427309816539,0.4614277946456369,1.0783606626877893,1.5047613766058014,1.1134237190985463,1.3486797773695036,1.2514823486099478,0.5410989854827255,1.360067787490498,0.443558686200587,0.528837264593047,1.4352947887678074,0.6145115614246834,0.4840721146876248,0.9054925931667827,0.5318129494073844,0.49637708855260576,0.566192339841221,1.4497321702179375,0.43075093533315645,1.402059321175968,0.3470833709116129,0.368888813746714,1.2140469220581223,1.5422931899856491,0.8829225221755037,0.48344808924435134,1.5218016968621262,0.8266206899857367,1.4980625651399913,0.357017587270677,1.433018346611679,0.5205502925404745,0.5319674075710705,1.1020966393773313,1.2919066908526506,1.4645375383669323,0.7709976664335989,0.558007489296673,1.4236679013262128,1.1159889838154193,0.6220638962383871,0.5675447091738544,0.7019612629968035,1.54616881777479,0.5207097850555229,1.120140791486183
DCC.L,1.334779664102514,0.7214825677001915,0.5434038666519843,0.7173803261471973,0.5715879240100005,1.134096873852727,1.0683815688851248,1.0307088518932133,1.3183761393173576,1.5874156768587209,1.4701769260444284,1.299977730440705,1.182642298204804,1.3383169495966105,0.24650038709570588,1.559654372737923,1.440290292195624,0.47575503457277857,0.25570370182179203,1.0841177716827206,1.6086996676673162,1.0361509657741879,0.7961052316443035,0.21296544027814213,1.3432109006875577,1.1421840151907237,1.5607514010184809,1.4688922734908985,0.5635196369950264,1.1916033884519859,0.0,0.7802585175368596,1.2168675620412532,1.0382827646288078,0.5727686513887293,1.0245786853806542,1.2893579335662857,1.1951614285804726,1.172650880844122,1.3001355380095063,0.8200481703598075,0.836533315040701,1.4453742952252568,1.5011243052930419,0.5318202288725151,1.1807138090172842,0.4688819743335707,1.0475309855474095,1.2127965827590574,1.3009503687421171,1.465952273368043,1.071954111713445,1.3814116452261613,0.2658639410157575,0.5160043728115887,0.44698526858345244,0.3623490942298456,0.379626578978038,1.2672935813032526,0.27232029547535375,1.1798750704554706,1.1562211918162748,0.3541333452583244,0.9511396314318906,1.0923097710944867,1.2404729985503415,1.3488497115485865,1.075057657676672,1.0605071069447558,0.6340148354581487,1.2025781698465252,0.21000567679116688,1.3752679956970775,1.2998427203093974,0.6749211453306769,0.8845198254146045,0.774840992769713,1.2902622547950533,0.9377328021217813,0.9400996310659625,0.41136815619251077,1.2746205154474999,0.26421892227528043,1.5884470551234142,1.399247187082512,0.37300939806560096,0.5670241212506834,0.49163978055911806,1.3438028269295945,1.4405592390524553,0.7444560290184667,0.9697672805813072,1.2037536213959394,1.3010716078442741,1.0982090172664687,0.48670377241464713,1.2158086985390257,0.7922511220231795
DGE.L,1.5433188659943249,0.4883026268221792,0.6801020336903509,1.5116150916256466,1.494465477047366,1.8328526552415438,1.745147371188446,1.684143372094629,1.8117720568829707,1.4656610600215303,1.8667748980479069,1.8557634449947655,1.8246040159870665,1.3276119109365399,0.44982715134921747,1.7650131030039975,1.8850352361692908,0.8252072770079868,0.49663802914680844,0.8659177942655323,1.045860262359581,0.24789299463683367,1.1605239292383758,0.5939984789692341,1.7929989350210576,1.8391261270329748,1.7532383165827095,1.8124011926370571,0.09124951716069163,1.5244432039274602,0.7802585175368596,0.0,1.878102534281384,1.418851577049355,0.22944642731530718,1.6825994622423244,1.8280278967210333,1.5393510430946629,1.8345624605165496,0.4979917740822929,1.0442184335160423,1.549426044898829,1.8599093087614413,1.764732721366161,1.394415330920634,1.8443177124252608,1.512783160442821,1.7249216060731571,1.8955923573350693,1.911410717413065,1.8159760573652375,1.7723556810282046,1.8270538105188492,1.0765224254778918,0.307653936114617,0.9451309381385388,0.42150286759839783,0.593477785311326,1.801076933412841,0.5022261008746416,1.7668759964676473,1.8699501885846481,0.27688352160592267,1.568304144252978,1.7750452337604674,0.9773137528318768,1.8217304579735463,1.903147017747656,1.8688921026493492,0.5008751807525766,1.851039674541057,0.5480436843332968,1.7634346749995147,1.7963335581043562,0.6724370354041954,0.42841027796587816,1.2326836674246193,1.9254332170645219,0.21423029673463223,1.4755156838621435,0.3474436745511341,1.7739439533738257,0.34026654687377866,1.5623645350705444,1.8202091065386647,1.0663283627437081,0.8335948711760605,0.16418318423393463,1.3258579108703525,1.852079477365216,0.6434388983221118,0.6485988352185594,1.8638370278336844,1.710303362814426,1.3203901102991493,0.4291200590093017,1.8946499305653512,0.95373007090101
DPLM.L,0.3500622345963854,1.377972738239894,1.3520875936783727,0.5809017223226178,0.4934044623844832,0.06951994457472788,0.2281423665159502,0.22008992910670333,0.10728779220824969,0.41237613330906886,0.12894529983156766,0.10728107554778155,0.10195890834241839,0.5770998079832144,1.4104723353531279,0.19540192887619623,0.09067442999108732,1.1535410195098088,1.4212367199620572,1.030375067403447,0.8975036974172373,1.7110987677313485,0.701898242706172,1.4328488849017984,0.1521032769074817,0.14491637994670004,0.25193805239891276,0.16566943038976323,1.772069928145672,0.4879646671260225,1.2168675620412532,1.878102534281384,0.0,0.6503650519873148,1.656605949684395,0.1493932273239822,0.05617878402812426,0.4120129287358594,0.17338700975941235,1.3626629931217014,0.8114150917997712,0.2817880432286638,0.11117719908315737,0.20663001544437343,0.4366621603886476,0.13072511574399148,0.38878553408516014,0.21302835747856796,0.09640859785624978,0.07689730182515242,0.1474293562345459,0.08714334498586129,0.14702849089673586,0.9185566785497712,1.5804778916212179,0.924641818834939,1.452014644680999,1.3056299279436367,0.11028057871159158,1.3565461514633652,0.34582557394661373,0.09154660173899865,1.7231748240253655,0.35284659119029327,0.27444964428014973,0.8391326657492325,0.10295337410132299,0.086749803631894,0.051374973360681975,1.4702175298445668,0.08117199279506215,1.4496885911376092,0.2957265050265069,0.1817195733798196,1.4087486987272901,1.5594476112372067,0.6236758077223502,0.051318060921363484,1.668077254122661,0.3576270982027121,1.6108773273044041,0.21210962426546298,1.5019102929769037,0.3999534373964032,0.13138640336377427,0.8530597896609793,1.1691270951094401,1.6991853950044393,0.5075544935096856,0.1213954881003193,1.197930887221502,1.0845141398396372,0.07916734572715911,0.27726243303219245,0.45444343447807933,1.5675867877476584,0.10776992387817907,1.0833983114854613
EDV.L,0.44224622023248217,0.7841757980348083,0.5833554679011613,0.8088586336846462,0.5525215008178623,0.8811502140339241,0.392092006787209,1.0762776036751225,0.5281227473684608,0.9552060981624978,0.7432784225332225,0.46672370169796196,0.4357384630936294,0.470822719320952,1.0439470501249104,0.882917884040959,0.6292488289645117,1.2078132043978946,0.9442039346734704,1.675629961909225,1.2677430475004963,0.9951141892676865,0.5667539995504914,0.9502140071877446,0.9430382496360507,0.5458524151866659,0.8813947621921946,0.9375608259486448,1.2456869971925861,1.0179157923231728,1.0382827646288078,1.418851577049355,0.6503650519873148,0.0,1.0168769547633234,0.9889905077586663,0.7252262510651549,0.15954719739680434,0.46355232574933425,1.416442330927784,0.9437807968844725,0.4415704485937475,0.6006136126601178,0.6587007431596118,0.9172116564702151,0.41588378970890083,0.7992628278646348,0.44059215704624766,0.8029921687093402,0.8027663477151862,0.6159126406358404,0.5898149846479444,0.8211740461921347,0.694996904944271,1.1238661444675218,0.6638225691773174,1.044716429015787,0.8026885843995066,0.46053552331310177,1.0160048523481247,1.0171842143813317,0.8459500738233727,1.2102473979732629,0.4020741273739993,0.8376205886555298,0.8937063379970597,0.5287042462579468,0.4886645014622508,0.5514478835988579,0.6351343424109623,0.7181679649055892,0.8631852872832094,0.9991533922630791,1.074131733987168,0.789252081017028,0.717078814275105,0.8473840257720116,0.5375657985680177,1.1702476492812495,0.6188000624522356,0.8694909042694515,1.0716163338228681,1.187834866155604,1.093043032542121,0.4484798001973709,0.6351107575529605,0.46447119730576036,1.203354995690977,0.7462332454698204,0.49741104385285284,0.6333172970548108,1.034722193628946,0.5608193228806218,0.7334156174606077,0.6876073051281193,0.736738184304295,0.4207888573211189,1.0182623166666156
ENT.L,1.375077062417732,0.3910059538709678,0.2524904258884928,1.3569696663446038,0.9634987781522244,1.7261137887078224,1.4943347872597976,1.6447996246295715,1.5915030874648464,1.6781999350681511,1.810327651303642,1.5787327005067597,1.4856249899334757,1.1513752712814371,0.26954545467866753,1.7928908988484027,1.7442562036596976,0.8493793455820786,0.3068860685776901,1.3175282266154866,1.4430904451365576,0.23007391226546814,0.8015627784899011,0.3244061362241536,1.791820352655742,1.470483948997438,1.8175899294221622,1.8568787431779832,0.09472562794440609,1.5152677531768948,0.5727686513887293,0.22944642731530718,1.656605949684395,1.0168769547633234,0.0,1.527599008732176,1.6835981912377862,1.1431745741192352,1.434498282164882,0.9668736286451927,1.1469541706202164,1.0558307270130292,1.7376519516233104,1.7148423703068278,1.0722786820248413,1.4586465727961375,1.142950340780601,1.3485102058762553,1.8084811283473448,1.7964877106147714,1.6691902436757216,1.4249969766883859,1.8251899450317564,0.6935511096395077,0.1856472813923692,0.4906758522472192,0.34098117977835074,0.2875305923402176,1.5204875244441398,0.32283234429915053,1.7476878180826672,1.7389814545253028,0.19836303421592527,1.1891066531937997,1.6739049255254712,1.129263340943362,1.589487201955658,1.5588535199060556,1.5817345804031624,0.1318538917038362,1.7449844360003464,0.2526258807705265,1.8064543923841774,1.8439056518784929,0.6167846019387953,0.3172291887426476,0.8472842772712473,1.6806096418782632,0.2938613510804752,1.0946210894235027,0.07904171577475061,1.7996853071928274,0.2557577690178666,1.8251776151483892,1.5665540862360272,0.5548183659745652,0.4035084483389838,0.0911164974783375,1.3897567893507956,1.6527486236818743,0.2515751592040847,0.6919895275276611,1.6392986620679058,1.5678154560595963,1.1967131467259757,0.23515491150862522,1.5708197489046103,0.7904574077130135
EXPN.L,0.6412675809371994,1.3967754731081612,1.3617795955458845,0.6232564156922127,0.5103204711116802,0.11849107890281796,0.4723084232872794,0.10819056200925203,0.314940674060322,0.5869417387297957,0.29844727662906223,0.34554914517985136,0.3046252399643674,0.8413821013940921,1.2125969176762976,0.29191369344063267,0.3116959618287666,0.9704513402880288,1.2485301400912385,0.7943079802321129,1.0092008894086206,1.7438595851575383,0.7961195280781422,1.25888885510324,0.2405034031184471,0.25873658183034043,0.453570403025214,0.2711131901734243,1.5454564626363685,0.48966837188042367,1.0245786853806542,1.6825994622423244,0.1493932273239822,0.9889905077586663,1.527599008732176,0.0,0.17397399178283535,0.7394860463272096,0.3630734841220926,1.3369970948355936,0.8628907512207686,0.358008025154383,0.351634718522593,0.4053389637190944,0.3016439516078038,0.360794577721431,0.28381618371039874,0.345680864329458,0.2094337465723517,0.16559996638658858,0.3415526510975936,0.2223887888359749,0.3157194196501226,0.800727709835962,1.3931755501629945,0.8512796837261994,1.296802756359519,1.1605528477301057,0.31881270482728497,1.144132951557036,0.31328580010281903,0.14252861151546825,1.49807124009387,0.5986973407284689,0.40434169992767266,0.9438785963466614,0.3015674045284277,0.2427756022690254,0.21209929062563027,1.4883391409428255,0.21847445853764902,1.3084252308113156,0.37921614124223335,0.1647103147109067,1.4879557670158077,1.6828039113914455,0.4660287407662994,0.25442309828079923,1.5960054392875356,0.46917512357277813,1.503126185888918,0.23688876164825257,1.2472449448607759,0.5332284095957478,0.40459709167137936,0.7630430145416056,1.2493345525099167,1.4879849793875908,0.6795147703870037,0.39575306177911607,1.2082106358264801,1.0224332805418654,0.23580374214445388,0.3424699864770967,0.5699652594410582,1.5715200955589728,0.32467474249516026,1.0762231920839336
FCIT.L,0.3329572692236512,1.3362010147605217,1.4455858326782307,0.7305464243876012,0.6401738546172325,0.06680712698572866,0.2705272635973225,0.28081184779965296,0.10780838540616766,0.35269387961499155,0.13349912173405054,0.1423926482815191,0.11134783707285067,0.526945397604923,1.4894679263720023,0.11917406637987149,0.08808863202372352,1.2806982914827738,1.4718618387631315,0.9303665986355495,0.7739490482569942,1.6703435369990756,0.7752653672752456,1.550801352406828,0.18419737262164437,0.20482414663363835,0.2559633363840812,0.1235701939239433,1.761277069727475,0.4506545440225165,1.2893579335662857,1.8280278967210333,0.05617878402812426,0.7252262510651549,1.6835981912377862,0.17397399178283535,0.0,0.4356031540203763,0.22238084348952958,1.2503227564945725,0.8160013782858847,0.34892894111642947,0.08889764844869674,0.19946082394536968,0.5796876901387802,0.1524549120863551,0.4940662212863659,0.23231262116849183,0.07482835025280166,0.0901342149544122,0.09482022817783053,0.14270966968932008,0.15475473949840723,1.0332052825869915,1.6561268237729676,1.0268033235315526,1.5111250297423622,1.3220345208002335,0.11812198665956952,1.4346386756201164,0.32653205492139337,0.13994077308406994,1.775795942390488,0.42891520599584865,0.3338568658838329,0.7878198008629325,0.0812338824464085,0.1581579161710166,0.09010600997408735,1.5169905688484073,0.07122511435416234,1.5500037968284124,0.21255785382458248,0.16411945094173896,1.3981905885810013,1.5382044766689433,0.6971011756181089,0.08048789631029929,1.675837628659008,0.4816855315758116,1.6683811839800533,0.18917484494912018,1.5634255610477577,0.3271810121853689,0.1387057423284508,0.9312800596218088,1.2894972175983843,1.706113972819804,0.5315686172866181,0.10082969589253132,1.2052937082227715,1.0383600137843947,0.1098539603027271,0.2935634932167033,0.4685305094689306,1.6016281711263165,0.13167565929375802,1.2189845779888921
FRES.L,0.16784113653312904,0.8374995446007496,0.8188200691320823,0.9744642215929217,0.5150656704539974,0.6416220626292004,0.31446946089864836,0.9081630276638235,0.26490066809103263,0.7299538239131593,0.5073137769903595,0.2193701487741978,0.20002254204492342,0.23856894396587736,1.1184997425940084,0.6055491043293637,0.37939490740679893,1.40931970237644,1.088594924297646,1.620993114202244,1.1314427931844184,1.1613760301132547,0.46108097918449764,1.2233506019871458,0.7469081767348076,0.3758251348313224,0.6809255134967462,0.7231184804619086,1.3535704209511048,0.8730712235388325,1.1951614285804726,1.5393510430946629,0.4120129287358594,0.15954719739680434,1.1431745741192352,0.7394860463272096,0.4356031540203763,0.0,0.3286867095020183,1.3656988308038942,0.7777815522293843,0.2584656060496169,0.36313456107719144,0.479039601175946,0.8529595783869938,0.24415248730328132,0.7451298372031475,0.27557501233940596,0.6052001075330184,0.6021268491088436,0.33968720834157895,0.3610648142551125,0.6654046550479464,0.8715586134634564,1.3331219910925995,0.7293531448739392,1.1949365063527855,0.8853697013434507,0.2178459064342011,1.0859228385318722,0.931567483257626,0.654981101106068,1.4399810513656761,0.27453477702470663,0.7726264781858064,0.7432503641655869,0.2681102488902499,0.3312933583849683,0.32984485914405737,0.8160541144429692,0.4786213330019594,1.0871260679368315,0.8246891082229909,0.8522285477267298,1.037792504445337,0.8472102524433305,0.7050638112053904,0.30516510752064663,1.3120223864450014,0.5119785271546611,1.0739316924746625,0.8460416791982229,1.268051634534443,0.8633429584469452,0.23994209910191255,0.6303307194451053,0.6672880016999025,1.3136062948874707,0.6230875472760105,0.2557411531505045,0.6101306376561353,0.8912441588990012,0.3475206444597383,0.6546979144472886,0.46240785187100075,0.9143922761758557,0.28103541299824586,1.220985016337742
GAW.L,0.4241238097733234,1.343886157512326,1.012843805587781,0.6085406506934258,0.35381131163369905,0.27777311423766604,0.3295421409887206,0.46876561533643846,0.24340507828809765,0.6978649042643268,0.3001786494502767,0.17693950451597007,0.13751210379410583,0.6055957517846866,1.3630249476469731,0.38001763096379293,0.19360660852979217,1.2149923250286623,1.3505008046773006,1.339907096293354,1.130108353329661,1.454883727470761,0.6463203468796268,1.2126301548194687,0.3608537465980489,0.08945068223933816,0.40519518602885773,0.35522081249480675,1.6588241961255963,0.5452461424706487,1.172650880844122,1.8345624605165496,0.17338700975941235,0.46355232574933425,1.434498282164882,0.3630734841220926,0.22238084348952958,0.3286867095020183,0.0,1.6363861461883409,1.0415285468229478,0.23572426527809265,0.21630248277621944,0.36500922274588576,0.5390648411495933,0.08960765276557003,0.4389761200419948,0.20245141069501893,0.24413581552515895,0.22611064137921855,0.22896969287446178,0.14277161864101195,0.3608746137674137,0.7871574516026826,1.4404217886199941,0.7654514962361045,1.4454857885601542,1.1410886732600394,0.1801652247618879,1.317331207285564,0.3883979583666427,0.25268354820037875,1.56415332874783,0.33028228859953,0.35998956600187704,0.9981039643238991,0.17427223178687945,0.09917870268220086,0.16282670077953354,1.1404038784536228,0.2882605147478474,1.2468423936101238,0.4070169610529577,0.40087168815689744,1.2645270142395337,1.2915246390626094,0.5548728704508986,0.1463190227514075,1.5397006850917863,0.3680594691372632,1.3492870346217956,0.3654678377256215,1.4923195969872391,0.7065479048871561,0.17904038992144622,0.6744760749849212,0.9155734945596996,1.557755707268397,0.7101584848087139,0.16918158222911384,0.952397688060706,1.1650163456258038,0.19943900654654445,0.30589444655506803,0.5738418690979531,1.3826603030571682,0.10164602554378221,0.9895813475348139
GLEN.L,1.1022130104937875,0.7289139618599398,1.3951866944912548,1.3579545961842556,1.7959269376016467,1.2557478891939349,1.2025377390861332,1.3206859865934957,1.2905620678339642,0.6352115933457343,1.1940616941065822,1.392856757778861,1.4704707866439184,1.1154582613298647,1.0764780960368472,1.089022264912155,1.2545884810263974,0.9847410702988985,1.10112850126774,0.5087811909421984,0.3078081999073303,0.7099336169543156,1.4268803366862417,1.374200143748178,1.1421644930289514,1.6692448893716962,1.0008584092005697,1.1343483357684379,0.7668173984423364,1.1267552463075123,1.3001355380095063,0.4979917740822929,1.3626629931217014,1.416442330927784,0.9668736286451927,1.3369970948355936,1.2503227564945725,1.3656988308038942,1.6363861461883409,0.0,0.7423673818282417,1.6221026307464936,1.2143299918261534,1.0605788157548786,1.4296236259994806,1.5624426155317743,1.6139185600468129,1.573513848060621,1.2823345763812684,1.355265947945259,1.2849710220845256,1.4421377632054022,1.0645190338790647,1.6122751585462536,0.9574991408374549,1.5011849028360258,0.8437382383303499,1.225713961806609,1.3661002454450284,1.1304644971786977,1.3888803197737785,1.392255826366036,1.0053789073328396,1.3850921020632336,1.2916127384417426,0.637901178187634,1.3468802216191245,1.5989472333341217,1.4575869361529845,1.202644029035025,1.2038477878491933,1.3484640183778307,1.1781563458991806,1.1760362047528057,0.7681027223135846,0.9985228723103153,1.6278146003380125,1.4298124991804302,0.6375015749704348,1.334972418366374,1.1441303093487278,1.1756108336111553,0.9454158018120368,0.6527475139344021,1.3355126709260214,1.6621332614845656,1.471847786266226,0.8544346364524307,0.7144572450560762,1.2908495488078557,1.2732867065832527,0.6907254155605318,1.4098594905783925,1.4433689263919511,1.0272463613209333,1.1146968957681604,1.4844604666948418,1.1304452178171207
GSK.L,0.5334228087194781,0.7950173682229371,1.238998518952266,0.9648440835248211,0.9697631116511511,0.7803012474042438,0.6461694640429242,0.8980344089850832,0.7393231786252296,0.5912754873680384,0.7905860351014333,0.7408573397899552,0.8124693080879085,0.7692323932668602,0.7168496842430563,0.9054022710645272,0.8069626444555975,0.8409287421525627,0.8010462455806316,0.9347345731358512,0.7968495233807998,1.2616793997432008,0.7714270896872528,1.1326035913384882,0.7799354027665454,0.9948456392260235,0.8143547743150261,0.9323884267823268,1.0205512158717058,0.8649884883702481,0.8200481703598075,1.0442184335160423,0.8114150917997712,0.9437807968844725,1.1469541706202164,0.8628907512207686,0.8160013782858847,0.7777815522293843,1.0415285468229478,0.7423673818282417,0.0,0.8524630345336449,0.7727130731897252,0.7520167823845358,0.7494747894968503,0.9719424171001769,0.8519314540904485,0.9714316804581126,0.8463548855475562,0.9130178543313623,0.8998735473064923,0.7583438555487342,0.8062742686932103,0.9429547412549524,1.1414551338624528,0.9971801059469758,0.6598908329026625,0.9328298839198501,0.7384729324839656,0.704982503055685,1.1441537466354865,0.8697571632386671,1.1688053758316337,0.6590698868410862,0.8806751083368755,0.41029125648899034,0.8159598108442632,0.82141441476933,0.7604978219686933,1.162773725118111,0.6956437443466825,1.0381635435592829,1.115972353637159,0.8666880303913684,0.9605752270105016,1.074786811096797,1.0723688100297573,0.8176601249585833,1.0905628600076616,0.7659098012510455,1.0972961231757383,0.8950327037907021,0.7356967025078109,0.7207870752980607,0.8538928726519507,1.0362002015468494,1.0634700925194613,1.0281403497268824,0.5358258609564852,0.8244824147926619,1.049186338654388,0.5557580706304941,0.7349634020806539,1.1537501047208052,0.5084020681205477,0.9504198791284953,0.9124370094372586,1.2336045069108696
HLMA.L,0.4106512134030713,0.961174302801097,0.7613627600953415,0.7999079957345436,0.2246059197286172,0.43646315810660974,0.4113961863827946,0.5438448863604235,0.3277915887595503,0.8946683908708137,0.566721966030822,0.2894619260278879,0.18597285934260854,0.5141104329107593,0.8608476386036502,0.6311475807523874,0.4519225941672742,1.1399411529636694,0.8984146320775108,1.4172435534269012,1.4138877299684207,1.3554622015274411,0.3671949782662648,0.9250694985854923,0.6403607113865024,0.22604075216458008,0.7928118657177595,0.6784268692225144,1.239940139992787,0.7896831014535798,0.836533315040701,1.549426044898829,0.2817880432286638,0.4415704485937475,1.0558307270130292,0.358008025154383,0.34892894111642947,0.2584656060496169,0.23572426527809265,1.6221026307464936,0.8524630345336449,0.0,0.4655991719212126,0.5987441895977206,0.37349261814286827,0.215267307248463,0.28401785647620814,0.17988490655131462,0.5033950599225241,0.4685282225994136,0.41499533596645233,0.18923391953308266,0.6707965975848996,0.5134687544521216,1.1321353729757517,0.437940625412121,1.0671503711275385,0.7393482653884831,0.2474905426646895,0.8102553067723903,0.7045451776108491,0.4452664156327114,1.2566054943786402,0.32218913115040126,0.6642712833954438,0.9298380053401861,0.2909931447098103,0.22240232964239692,0.20473054961321802,0.8542458818089501,0.4317590651658635,0.8577408439794608,0.768804937012,0.670238887572471,1.2345803478680575,1.093366116936482,0.3151761251912195,0.30688512104063004,1.320916584629476,0.33275517180468295,0.9727851976490713,0.6839835174867,0.9872833670420137,1.016836998081612,0.3400676262157274,0.29878558172723924,0.6275481600857269,1.1513227175608842,0.7501367034973626,0.38824947185844805,0.5571119072092845,0.8703337469237749,0.2865509272087482,0.5118866352533069,0.4717023551351648,0.9825397045780839,0.27617322202844086,1.1055976360682427
HSBA.L,0.20696629653314857,1.342281888509131,1.4619934640301593,0.7709460149699965,0.7159066307216848,0.1721166557261984,0.25758733863106864,0.3925405672748119,0.08271710996881243,0.2935270339093816,0.06907242498186517,0.08224019301784391,0.11757559615248137,0.43709615127182133,1.5800462612659547,0.11632037022320718,0.043883579043292986,1.412970580348193,1.5816502558217707,1.0689270404539666,0.6722036218016297,1.5949494895136471,0.7391545077507471,1.6658030003221516,0.18447186707113816,0.22038473784465906,0.13215708706330387,0.1144007215993692,1.8593717117622965,0.514253327430281,1.4453742952252568,1.8599093087614413,0.11117719908315737,0.6006136126601178,1.7376519516233104,0.351634718522593,0.08889764844869674,0.36313456107719144,0.21630248277621944,1.2143299918261534,0.7727130731897252,0.4655991719212126,0.0,0.1328291371834962,0.7690487600968491,0.1389915975162307,0.6921480146145738,0.3090074724177122,0.1178138975057007,0.1035018145201605,0.07169880677093377,0.2010084442396144,0.1308691546981352,1.1608381672230532,1.756677564615178,1.1840092037655956,1.5462047415645004,1.4189832409494654,0.09285593780346213,1.5296545425592265,0.37741948828008476,0.18648029115348763,1.8853669670959616,0.37656908465973893,0.32186151614283975,0.6571479890597294,0.06678184987302493,0.17446252332569656,0.15066168503809507,1.510740963252485,0.11584235392329945,1.6614287634957603,0.2656747941631584,0.20627809512903383,1.3749039083911543,1.42743263239135,0.8032952364783998,0.05628770457137999,1.6605162086536045,0.5038120514068718,1.7178406538830762,0.22222340903572413,1.6857270471656687,0.25319864749015186,0.07686112626013208,1.1119347219756208,1.293911713128697,1.8236090446398416,0.47595812670837867,0.023734294816477597,1.2344718572479279,1.0458746197204667,0.10449739730214425,0.38582607379520273,0.45882443255922667,1.5874821330807682,0.12470320911651256,1.1913468664467128
HSX.L,0.3675886088947362,1.380195258355249,1.4104693248169395,0.6577829735508351,0.8015164763690257,0.24833557912806203,0.244849817708932,0.42520256553799296,0.17220960871443736,0.23963372337756905,0.11175246520618631,0.20060045739710308,0.28987950357743386,0.594569099778328,1.6153382937856247,0.15724497382957636,0.10552753012618843,1.184013339894013,1.5886388986150388,0.9718735533302432,0.554440260629301,1.5102772534597078,0.9193149179283676,1.6458772174264933,0.17456124055108058,0.33472667121002175,0.1752678198254175,0.19139895360839032,1.7796021090447653,0.45750887672963714,1.5011243052930419,1.764732721366161,0.20663001544437343,0.6587007431596118,1.7148423703068278,0.4053389637190944,0.19946082394536968,0.479039601175946,0.36500922274588576,1.0605788157548786,0.7520167823845358,0.5987441895977206,0.1328291371834962,0.0,0.7414111954778614,0.32601182488789426,0.7906033937575091,0.4593244783867395,0.22298065486227625,0.19082415656767093,0.22045057268567347,0.28231317151143553,0.12886361473892505,1.210730222766829,1.642787156161813,1.2413929803020534,1.4967710801411591,1.4517007890914062,0.22064289320460528,1.574217530041156,0.4416718225642827,0.29622607140781565,1.8217383460004377,0.4740917941307372,0.3240330256802215,0.6421320835310484,0.2077348961833655,0.2875444587264827,0.2788032920710892,1.495008487181336,0.18277452740345057,1.6906521454674759,0.3656495758408186,0.2585203862940062,1.2795185329496575,1.5213739042036236,0.9406201304469983,0.17434919867145815,1.517699048799444,0.4895068689636265,1.6922940783495908,0.28833758283968924,1.6707968788736751,0.23087315978108236,0.17343690000863232,1.2491014243734506,1.2585616990028767,1.7352361311068485,0.3848341720936994,0.17703574173411474,1.3554699308840084,1.0223148249037939,0.2215612339733598,0.40096025866430773,0.49752491012380096,1.6487790607167905,0.223667689499913,1.0759826556504082
HWDN.L,0.9167569151556468,1.1645078291429147,0.8841757036662278,0.3763575042855629,0.2874993929290782,0.4112507512794571,0.5150437150705431,0.3676292312313728,0.6685875041820546,0.972226475681587,0.7302542838845216,0.6403093886714339,0.5822994958100575,1.1624671904807289,0.7013509557728294,0.8581110662537899,0.6915100109819008,0.4855508547291112,0.7587675124926841,0.9938506406999246,1.3055098721857252,1.4647943541364155,0.7459498140008434,0.6623336732220719,0.5616220439790953,0.484107417393151,0.8484363874779961,0.7804132990141943,1.124448510083418,0.6971433653286168,0.5318202288725151,1.394415330920634,0.4366621603886476,0.9172116564702151,1.0722786820248413,0.3016439516078038,0.5796876901387802,0.8529595783869938,0.5390648411495933,1.4296236259994806,0.7494747894968503,0.37349261814286827,0.7690487600968491,0.7414111954778614,0.0,0.6188149773116403,0.12167026283234539,0.5638094453167535,0.5649665304073317,0.5646673189789668,0.8511456599331072,0.3410479776366978,0.6473248927483868,0.40496059706772847,0.8334986498250199,0.42968796665347564,0.7906775132355497,0.7830553903985215,0.6114023895341585,0.6893739948482729,0.697000995304658,0.43585463110359146,0.9794976234990209,0.5716617355917728,0.5277804146242219,1.089458211402965,0.6859222715452824,0.4099483205169596,0.42268454318829507,1.0292129236162972,0.5333537510844326,0.7467594040906814,0.8684358458453313,0.5992586020218459,1.1125119277796984,1.4764169564747962,0.4768961335202173,0.5947596843742724,1.2568717987517526,0.2979120624085282,0.9617815925758313,0.6191068710773429,0.7403410166328694,1.0021435052971526,0.7415139238713433,0.4480193891469997,0.8193847799743774,0.9989112816006167,0.8399230721081081,0.7956264942193931,0.9826637955800384,0.9920591801559594,0.5398125226816488,0.6461002141180645,0.6799220630682071,1.1583662974783586,0.5665875649794838,0.7154139560667516
IAG.L,0.3052671419298082,1.1905533513910282,1.0763293862631398,0.7251541575162994,0.3981148874549746,0.2540691780669543,0.2739504380145815,0.46305350607165485,0.12467799017733572,0.6460613518002649,0.25064264104399436,0.10800322630193238,0.0493324573828583,0.4067483892080638,1.3547692885259144,0.30230260397836484,0.16751145554471913,1.3930761522888981,1.3197834134466369,1.3361998077239587,1.0903788569315525,1.488802816844053,0.5258546527848413,1.3219512369718465,0.38351945602958437,0.11924724567934786,0.4064865476061168,0.30055934104345816,1.7017728545842241,0.6085349024094671,1.1807138090172842,1.8443177124252608,0.13072511574399148,0.41588378970890083,1.4586465727961375,0.360794577721431,0.1524549120863551,0.24415248730328132,0.08960765276557003,1.5624426155317743,0.9719424171001769,0.215267307248463,0.1389915975162307,0.32601182488789426,0.6188149773116403,0.0,0.45932883189767415,0.12731478683578312,0.20601913161358687,0.18699651034361764,0.1366306117524806,0.14847968850287951,0.3307611396406118,0.7930374005653719,1.5523793084443864,0.8187850765381344,1.4240552222974114,1.1129036119298612,0.09807660048271571,1.3000505645702716,0.4227492812030901,0.2472736636944487,1.6392722746518844,0.2757099738668368,0.4123921808994444,0.9012190782817806,0.08761826360522473,0.10630552361238088,0.11200698153771549,1.1836990831954544,0.22658480599735364,1.2880787888996883,0.366393248497315,0.38980398994987864,1.277500179229301,1.2604556502276136,0.5337427813500805,0.08005508731808497,1.6369457361701016,0.4267864297572187,1.399136244326114,0.38949023247687364,1.5097547170172043,0.6332975896018791,0.0944243022543817,0.6909516926777433,0.9262601531298033,1.629099831497601,0.7265713742799517,0.0904452719506671,0.9020393719837876,1.1191937881798817,0.12841850632621343,0.3503843307517993,0.5317288566319802,1.3054678720211892,0.06582166847081194,1.0961949151317292
ICG.L,0.8783109979201802,1.1207511681301356,0.8515050442472937,0.41322632651741653,0.22063149887329359,0.3688837054583828,0.4839841090058561,0.36883590301468494,0.5897852387054996,1.0500172417242024,0.7121972653812176,0.5768221971139886,0.4473347721366545,1.0247007606410425,0.761000631278643,0.8005117590627021,0.6612490784909517,0.6712643670986975,0.749720907346375,1.092577101456299,1.4601970726540867,1.5618441923371322,0.6383108740494714,0.6625625117545609,0.59369207391694,0.38200859829239797,0.904493044779351,0.7201560887537615,1.2314802258584248,0.6981201200329755,0.4688819743335707,1.512783160442821,0.38878553408516014,0.7992628278646348,1.142950340780601,0.28381618371039874,0.4940662212863659,0.7451298372031475,0.4389761200419948,1.6139185600468129,0.8519314540904485,0.28401785647620814,0.6921480146145738,0.7906033937575091,0.12167026283234539,0.45932883189767415,0.0,0.40746499338804953,0.47396841544254253,0.4967996005714601,0.7201491681769977,0.32095048293746253,0.6672278557883762,0.28626089628380536,0.9935308588051894,0.4182863465355521,0.9144211940909425,0.7392951767834862,0.5309056495151625,0.7148396077091084,0.5754952161097682,0.3942177772760542,1.005925910218731,0.537386320274581,0.5031375338948878,1.2445669081990522,0.5808310639790053,0.33435611669680465,0.3219863734966546,1.0363832328298912,0.4720619516144203,0.6917094898745952,0.7189908328696482,0.582341752211052,1.1092687390732177,1.4210729742841108,0.42763836767339725,0.501481797204399,1.4424790611351845,0.4556561848322085,0.9779888242999418,0.6132402784418562,0.827164512824326,1.061431204251196,0.6683757793915582,0.3105900600379278,0.7574494668690539,1.113080831555101,1.0113291009024565,0.6897493224966682,0.9325823480955626,1.1511520500221084,0.47002340262425,0.5483165443122965,0.7664894160847224,1.0754975883583526,0.4574154704102459,0.8793284271475468
IGG.L,0.3746499913183372,1.0222444884003474,1.0070560287343515,0.8002278623700909,0.34685902577914685,0.35908659718979175,0.3691335087283697,0.4633994205006746,0.1799204554073638,0.7420904667331948,0.389739450963388,0.21459284730500916,0.09636425453358255,0.35820575914867525,1.1551023436214822,0.38729887175096744,0.322670827417176,1.2789009521621006,1.0546893428475106,1.3273208500597566,1.3025532834651246,1.5347640265294937,0.4285230855439034,1.1629283081877064,0.5080045818606599,0.17109440216382532,0.65089809587932,0.45230121852618166,1.534266441915158,0.6377952488061145,1.0475309855474095,1.7249216060731571,0.21302835747856796,0.44059215704624766,1.3485102058762553,0.345680864329458,0.23231262116849183,0.27557501233940596,0.20245141069501893,1.573513848060621,0.9714316804581126,0.17988490655131462,0.3090074724177122,0.4593244783867395,0.5638094453167535,0.12731478683578312,0.40746499338804953,0.0,0.3436588641136703,0.3131660326361305,0.20014224061325914,0.2665622446621255,0.5253746560293827,0.6752764895058605,1.4551734907675038,0.6204716395652066,1.26056853051331,0.9413133080711182,0.1481516411955094,1.0763871246397645,0.47069719876018423,0.34581963040075814,1.4432465392550076,0.32998599209122825,0.6664821076810425,0.9329642539794173,0.14252236363410165,0.16290284563901536,0.2061892340354995,1.1135226744704625,0.35443530286856995,1.075048195521509,0.4462158633948665,0.49451792160659747,1.2268088279171425,1.255025900220068,0.4367312372752634,0.1900428713770328,1.6235197327076025,0.5390060422029446,1.2666049327303597,0.5730538220567365,1.3001712085080563,0.8044931707150099,0.23074584838380607,0.559809848510865,0.8325544323433496,1.5030731332553455,0.7145106540641988,0.23301270245528072,0.7817671847744818,0.9958907406923472,0.2158036512125976,0.2964720746286075,0.5197091821906084,1.1061651410018019,0.19492047266826007,1.2970953828239917
IHG.L,0.48309883067927484,1.4965140833701145,1.5210036450285598,0.5604369898834025,0.6763848988098009,0.044022775650818025,0.27433620804837744,0.23158662895313198,0.21125947643484833,0.3959944433061521,0.13512443774569638,0.21744482882004068,0.21122646557199787,0.7331055074028613,1.557134377377864,0.16437253953169417,0.11178807798537793,1.1708560082849568,1.5358347989024042,0.8330292861099078,0.7682171903172348,1.7735635673817445,0.9329145800225304,1.5217444807372336,0.14031403616466842,0.25987761278866073,0.20039625073246736,0.08375244012351701,1.876133589468482,0.42169580934898954,1.2127965827590574,1.8955923573350693,0.09640859785624978,0.8029921687093402,1.8084811283473448,0.2094337465723517,0.07482835025280166,0.6052001075330184,0.24413581552515895,1.2823345763812684,0.8463548855475562,0.5033950599225241,0.1178138975057007,0.22298065486227625,0.5649665304073317,0.20601913161358687,0.47396841544254253,0.3436588641136703,0.0,0.05734467746411687,0.1843914658738507,0.21740322951849267,0.08657997901998549,1.0031516427186191,1.7095963742170754,1.1524165492908665,1.547198657312848,1.4511591103812327,0.23163575730410557,1.5052751458414242,0.19371284949480394,0.09056342027277664,1.7899671281671397,0.5038771655866816,0.19019145503093926,0.891099616161988,0.18030768585170132,0.17427036658130313,0.11983018591365824,1.655309463038078,0.06675757894650192,1.5720043079111323,0.14730520553342297,0.09588514563838069,1.3626394030457503,1.6567552747213035,0.8178516195288477,0.11609715087766603,1.7492023435651052,0.5459019817624061,1.7570318028522651,0.10042919519331495,1.6197298685543895,0.2956536627803179,0.23483548366467577,1.0352176325203863,1.3729596607526353,1.8079234831970519,0.6104235988471359,0.16274667787691455,1.440869028023132,1.2207552083545763,0.1394913078887594,0.31977639250960643,0.6090449851939967,1.7004218681609489,0.1587455513835998,1.0774059950787251
III.L,0.47291062605588263,1.527824213063964,1.5058171775562408,0.5929798708856062,0.6062000654230424,0.07534136105394884,0.341444591954405,0.1611311870433506,0.15907711762106302,0.41106230459305093,0.06920086724972996,0.16172171753383136,0.19310185243524614,0.6918873060535013,1.5592542385775654,0.10651825599273013,0.09489152267416179,1.2069990621535693,1.5598902295346146,0.9020057241655621,0.8095448144982322,1.7763134776352483,0.83446197026869,1.5321602580116145,0.1087272844841537,0.17438302642617043,0.16850312650081312,0.06059828851810045,1.8806406739785635,0.40645973680565584,1.3009503687421171,1.911410717413065,0.07689730182515242,0.8027663477151862,1.7964877106147714,0.16559996638658858,0.0901342149544122,0.6021268491088436,0.22611064137921855,1.355265947945259,0.9130178543313623,0.4685282225994136,0.1035018145201605,0.19082415656767093,0.5646673189789668,0.18699651034361764,0.4967996005714601,0.3131660326361305,0.05734467746411687,0.0,0.13886069877292284,0.20399336645053434,0.11326747236605406,1.0193773471195975,1.7077846220246302,1.1260607012343766,1.568380968315908,1.4537412275565915,0.18890941389595195,1.4925769236517483,0.172525284597155,0.05197159825719888,1.8031443147511717,0.5095973891955149,0.23996387719894496,0.8576650829046908,0.14429624193071366,0.13859406440212318,0.14457694113229425,1.6410644942176975,0.11426149552182585,1.5918556671016506,0.1642052732789736,0.05747438100015245,1.494643432195006,1.6729602927109384,0.6659243484779995,0.07540606340504552,1.7553911606671297,0.5084289836395885,1.7621930216345294,0.10103768499229249,1.6392330316400188,0.29909982095409404,0.1878497034933223,1.0382586889170418,1.3504718947485674,1.8328717056518413,0.6187589636888471,0.15233212603316737,1.386945578784622,1.1695458793203493,0.11293623696811395,0.2680404218523138,0.565373111762721,1.7129081797143118,0.14980403088488503,1.0913723612418913
IMB.L,0.23421607387743382,1.260236252968964,1.4286155843396273,0.939450321535428,0.7017541481256913,0.24483110626836635,0.386327414759036,0.41868859702748207,0.07956711544345874,0.3759712199290267,0.12214919603063856,0.11163751358974106,0.10176442693605192,0.3062848666619935,1.5557203696222177,0.09370889991773446,0.1051092002625249,1.5236850111192153,1.505331670444304,1.102614099619072,0.8148902101088293,1.5925786689528008,0.6456164166979673,1.6504904172507806,0.2794404946997445,0.2010609624402514,0.26810556812656317,0.15387869826214906,1.7951824713798525,0.5245782831580088,1.465952273368043,1.8159760573652375,0.1474293562345459,0.6159126406358404,1.6691902436757216,0.3415526510975936,0.09482022817783053,0.33968720834157895,0.22896969287446178,1.2849710220845256,0.8998735473064923,0.41499533596645233,0.07169880677093377,0.22045057268567347,0.8511456599331072,0.1366306117524806,0.7201491681769977,0.20014224061325914,0.1843914658738507,0.13886069877292284,0.0,0.26959141738347003,0.2639364602794927,1.1586940904119105,1.7764461856166114,1.1071984963493253,1.5765160823047313,1.3565504624840918,0.09211792671638863,1.4816876296356924,0.3634043132622381,0.23139237881159658,1.8308166565607547,0.44415827035197886,0.5137782793695369,0.7179423655936117,0.041616114049377595,0.19779510564833325,0.2047571841054614,1.4710961659534105,0.2029624903947035,1.5942345524768702,0.23400093710599934,0.25078019140316754,1.4374642154974389,1.3815506420477808,0.6834398564743492,0.08060650232900579,1.6990870732847458,0.6260923004909137,1.6795860861696608,0.3111836356193167,1.6677889800755357,0.3595891720581469,0.10122972276219777,1.0325603234991327,1.2474345571104875,1.7942127601224729,0.5520530382289486,0.053141075157561724,1.1009501827839918,0.9882615497625822,0.1301424641007951,0.2984382541787477,0.4675151925628501,1.4921596171315517,0.16475538182549077,1.383223170645603
IMI.L,0.36437948333087045,1.2882793137481494,1.1055207480035363,0.5496346506886329,0.3548793666663109,0.1577458134313856,0.219838428397387,0.35349187182172515,0.17319556427649463,0.5472475885206644,0.2548046661151132,0.1485592200886764,0.13149455407393928,0.6434649295794275,1.234914485235454,0.3599504926489411,0.16717519930343772,1.0564708615254281,1.2767595258734534,1.19043107467669,0.9697422355560158,1.5160243845608914,0.6229239944905129,1.2344536626047726,0.24816108312681395,0.13000320564559142,0.37208644023282145,0.3377889075755589,1.5870008575140917,0.5333427309816539,1.071954111713445,1.7723556810282046,0.08714334498586129,0.5898149846479444,1.4249969766883859,0.2223887888359749,0.14270966968932008,0.3610648142551125,0.14277161864101195,1.4421377632054022,0.7583438555487342,0.18923391953308266,0.2010084442396144,0.28231317151143553,0.3410479776366978,0.14847968850287951,0.32095048293746253,0.2665622446621255,0.21740322951849267,0.20399336645053434,0.26959141738347003,0.0,0.27267095029212396,0.7819701370278714,1.3609899466563589,0.7241292665793089,1.2972065488147713,1.1001006063661276,0.13183255263436822,1.2135738746092202,0.5196517864259877,0.20246009907257256,1.5573908385332145,0.26265254855218634,0.2968151093449517,0.8513353837624236,0.17664394165568786,0.10571798591932235,0.08794635380147497,1.2050404694314258,0.1664819430185306,1.2676591297822428,0.4854879055923318,0.34024944000082014,1.2856096923250613,1.4153065828568738,0.5755385738693279,0.12685822944676373,1.5095762208043586,0.2034924560433431,1.3660866292181097,0.31841565071633204,1.3333702653666006,0.5796431283478654,0.17074080375141132,0.6811737177425888,0.9613786399192246,1.462125068789427,0.5838212877563652,0.19890263014581655,0.9959387254978316,1.0233743686985293,0.16461478391899298,0.3858556296339094,0.4433118870425351,1.433705267350957,0.12558027991572396,0.956808581932771
INF.L,0.49916330566888445,1.548730997391826,1.5657529703829316,0.5175857004430546,0.8432178555834673,0.10962221966803543,0.26591314495311935,0.29809270221538087,0.2526366544410241,0.24773461578232459,0.1136698898527767,0.2605217243402054,0.33641564170283234,0.7999766212041505,1.663615824144618,0.1831891063286727,0.11354322110238135,1.087485766165616,1.667150354864964,0.7713267600611322,0.5180453183394368,1.6461396693754717,1.073797091479463,1.6249623071309567,0.09133544004663174,0.37308195216465834,0.09664858870299531,0.09209942687278438,1.8793663194956578,0.4614277946456369,1.3814116452261613,1.8270538105188492,0.14702849089673586,0.8211740461921347,1.8251899450317564,0.3157194196501226,0.15475473949840723,0.6654046550479464,0.3608746137674137,1.0645190338790647,0.8062742686932103,0.6707965975848996,0.1308691546981352,0.12886361473892505,0.6473248927483868,0.3307611396406118,0.6672278557883762,0.5253746560293827,0.08657997901998549,0.11326747236605406,0.2639364602794927,0.27267095029212396,0.0,1.2027052878704807,1.6615530005249695,1.301602181492215,1.552997728561104,1.584462031884498,0.30305177333742417,1.6438789586014382,0.3236372926462282,0.1688447782644058,1.8343217729040044,0.5398596988861757,0.15031789662870387,0.7927996026992723,0.2711418467578489,0.2818567784804791,0.220816250261193,1.667979937914457,0.10275755344040649,1.7221473058437824,0.2325772379028347,0.13311850639719125,1.3239531426009112,1.6505646313441278,1.0181604362919348,0.18134901043650498,1.5981278195091912,0.4965788018676486,1.8058102900448962,0.1319127161414111,1.700637600724665,0.16526725656620322,0.24023399613084562,1.278949203757449,1.4236090488186182,1.804633334216745,0.4638747378787136,0.2071603750621135,1.5567274799314366,1.2035543430986944,0.2199334469095492,0.3844237819598044,0.6151207616275687,1.7952175855946544,0.23422448337572932,0.9269414389657755
ITRK.L,1.1434849240042273,0.7190057953502449,0.39695541133039536,0.6050718309084173,0.31789329518267007,0.9523921420935508,0.7861131383539357,0.8545086936912059,1.0224079603427747,1.5068985105233903,1.234062702749523,0.9973773932334012,0.831153075672375,1.0964367064793537,0.41591561990172854,1.298686135214118,1.1759356158077918,0.6373963136605941,0.3583487076047053,1.3005503675078574,1.7428155772746643,1.1117302779964213,0.6028583455128516,0.26992494780715126,1.1596330046164893,0.7712778298015817,1.4113594976411308,1.2602057547282137,0.7878276364134253,1.0783606626877893,0.2658639410157575,1.0765224254778918,0.9185566785497712,0.694996904944271,0.6935511096395077,0.800727709835962,1.0332052825869915,0.8715586134634564,0.7871574516026826,1.6122751585462536,0.9429547412549524,0.5134687544521216,1.1608381672230532,1.210730222766829,0.40496059706772847,0.7930374005653719,0.28626089628380536,0.6752764895058605,1.0031516427186191,1.0193773471195975,1.1586940904119105,0.7819701370278714,1.2027052878704807,0.0,0.6436991935233478,0.2580068435581735,0.5447000798950083,0.40477895599041913,0.9304844021483658,0.38688320059432646,0.9673194207776281,0.9130721339526561,0.5547387739195598,0.750597652850854,0.9680993905626601,1.2924795863848073,1.005128448469044,0.7356044896311914,0.7871730454165901,0.5829028428912894,1.0034697606505503,0.2491682167201481,1.1921852880323618,1.149970028110608,0.7199088589657419,0.9249935106411511,0.4974840568852128,0.9693209809434888,1.0870250177845013,0.7565234938229491,0.476731378755314,1.1676737342723613,0.4937016110507769,1.5694252463564475,1.0334080496092257,0.21166769792986162,0.35329803250672676,0.7152422200683948,1.325687161604106,1.1100649560841664,0.5992363133635892,1.092709749456453,0.8936955451271269,0.8920800039498724,1.0425407930239952,0.5373032388646506,0.81299642021169,0.8400090327808472
JD.L,1.5519972721956345,0.6539565211388267,0.321053478606652,0.9738445653025455,0.9510525144919892,1.5960261145879246,1.4240728471665198,1.4192887933372387,1.6819404560143927,1.6096208307981115,1.7876956737124103,1.659317602410749,1.575230227137917,1.5021309855582858,0.32979701954433005,1.793748379183843,1.7331490715806543,0.473771290868618,0.360570795166694,1.062567176868588,1.3443311447587547,0.3668972557746093,1.0387666762275876,0.21909577371171618,1.6328233834291508,1.4710119851730057,1.7096329683457008,1.7820902847393942,0.15962538066405574,1.5047613766058014,0.5160043728115887,0.307653936114617,1.5804778916212179,1.1238661444675218,0.1856472813923692,1.3931755501629945,1.6561268237729676,1.3331219910925995,1.4404217886199941,0.9574991408374549,1.1414551338624528,1.1321353729757517,1.756677564615178,1.642787156161813,0.8334986498250199,1.5523793084443864,0.9935308588051894,1.4551734907675038,1.7095963742170754,1.7077846220246302,1.7764461856166114,1.3609899466563589,1.6615530005249695,0.6436991935233478,0.0,0.4670901035928977,0.34080868002818887,0.421606240236167,1.589886044590834,0.4017919162843189,1.6374246551155303,1.5561338710295223,0.17912330902582574,1.3090191907744178,1.4625073062449614,1.2474809346306017,1.6775550278471298,1.4989110471910907,1.541872899643355,0.2661762602948192,1.6638930247791062,0.285104240970389,1.7796482518618104,1.7018435273676151,0.6157592189333023,0.5671502656069742,0.9387662528101477,1.6935403388919879,0.2959081892192944,0.9243925799465078,0.17124094601718642,1.6627159001602183,0.2670692919940796,1.7333192760646272,1.629525491633569,0.6226513641860786,0.4992593945387762,0.12309679390326977,1.303384185961034,1.7278667330869397,0.5289058627641022,0.8265925258919071,1.6063581774592337,1.4261521768749477,1.2604647027084077,0.45472531104197456,1.5496718523564548,0.5508622169683366
KGF.L,1.0184964855420842,0.605133723112323,0.3441869040790181,0.7835768458881514,0.34565930035768255,1.047262313556223,0.85744686170748,0.970407619964307,0.9746419641859402,1.4348944859401724,1.2617751512504116,0.9682324291446007,0.7852105619232539,0.9479201626385598,0.39721575035617085,1.2898811861309212,1.1737522346548313,0.6697739429768214,0.30131869828134783,1.418167148331745,1.6942793291584974,0.8988613629552078,0.4669011888706359,0.3055387360454431,1.1918162872005607,0.7344844992379944,1.4636834088919226,1.3426602727233952,0.6266616792453655,1.1134237190985463,0.44698526858345244,0.9451309381385388,0.924641818834939,0.6638225691773174,0.4906758522472192,0.8512796837261994,1.0268033235315526,0.7293531448739392,0.7654514962361045,1.5011849028360258,0.9971801059469758,0.437940625412121,1.1840092037655956,1.2413929803020534,0.42968796665347564,0.8187850765381344,0.4182863465355521,0.6204716395652066,1.1524165492908665,1.1260607012343766,1.1071984963493253,0.7241292665793089,1.301602181492215,0.2580068435581735,0.4670901035928977,0.0,0.5002704868374175,0.36535357234025156,0.8375894210713223,0.38409418515891136,1.2127115101621118,0.9943141950583014,0.519232044133838,0.6881822797918755,1.1946874382186492,1.1832860675866523,0.9388679405456724,0.7483522828998924,0.8581365592562991,0.389353668023131,1.1260399485999073,0.2519699840644749,1.3081898963689818,1.2796435953905538,0.7644753935393849,0.8079566971018879,0.47833061694580115,0.9960441799175292,0.9323929902650994,0.5898383940056702,0.39139079755098416,1.3232336501121784,0.4635864293724299,1.6112947124827843,1.006985570960553,0.21839192479233294,0.33428903475262406,0.577459387239212,1.118341465973818,1.0884599966884856,0.3475895074481683,0.8209731718442567,0.9649083812269927,0.8390682857720829,0.8507998269473971,0.47268572653895624,0.8688735745979617,0.9118378147024915
LAND.L,1.2224003444763607,0.36960755496346176,0.5125629512701464,1.0201293162413214,0.9018461673385839,1.457811234182251,1.2248189329238888,1.2759757033740526,1.4038124299180021,1.4593131702399773,1.5998523915768499,1.4354297852069609,1.3705447826984956,1.1645503029312594,0.13631955559535536,1.6278477396738884,1.6008191754852379,0.5313169590566293,0.12136355054343129,1.0769024430533871,1.3580946385910542,0.6468776552041389,0.7238359989033192,0.32523987578889213,1.5147126579961454,1.4290363257359744,1.603078716659354,1.6494056324160344,0.30391879399552024,1.3486797773695036,0.3623490942298456,0.42150286759839783,1.452014644680999,1.044716429015787,0.34098117977835074,1.296802756359519,1.5111250297423622,1.1949365063527855,1.4454857885601542,0.8437382383303499,0.6598908329026625,1.0671503711275385,1.5462047415645004,1.4967710801411591,0.7906775132355497,1.4240552222974114,0.9144211940909425,1.26056853051331,1.547198657312848,1.568380968315908,1.5765160823047313,1.2972065488147713,1.552997728561104,0.5447000798950083,0.34080868002818887,0.5002704868374175,0.0,0.2834565982253192,1.3590269870261735,0.15858046486265898,1.5664498224033276,1.4353654223462509,0.31059963965630233,0.98730702605386,1.4634906231230689,0.7968421023166324,1.4583199167962275,1.3434450559959452,1.3918735357193739,0.4525109431534522,1.477909725885967,0.28543066223540314,1.679266103526655,1.5491130214536004,0.5169537335190582,0.6228251206661667,0.85525088441478,1.5192619194123118,0.6294387593332094,0.9641117537121601,0.289857588488451,1.5584894921018742,0.14604277693551682,1.555340583074086,1.467407128449918,0.6823516735067396,0.5914120584311376,0.33024370889559895,1.0803410544387781,1.552028038273909,0.5373172216849074,0.4922428605532425,1.3899615447368423,1.5286483733132994,0.8757666849262417,0.33341693014237117,1.452313007383164,0.8596258373089583
LGEN.L,1.0872034624612354,0.4452840897283403,0.30146784878505806,1.0636351043023908,0.6133793765256612,1.3653903760009014,1.1333308921222767,1.295798929408822,1.1890451710743146,1.611650338776972,1.509052460256878,1.2165491625946998,1.0851887682940604,0.9556650818806472,0.23260694072856403,1.512710334827504,1.4296436657986233,0.8020731368088858,0.2051420530766127,1.4407044416351824,1.5592545219794478,0.6274499768657392,0.6072422077539381,0.28516910872291157,1.5304166997623088,1.0881285889021628,1.6334291773796992,1.6055381835129676,0.35218223216250455,1.2514823486099478,0.379626578978038,0.593477785311326,1.3056299279436367,0.8026885843995066,0.2875305923402176,1.1605528477301057,1.3220345208002335,0.8853697013434507,1.1410886732600394,1.225713961806609,0.9328298839198501,0.7393482653884831,1.4189832409494654,1.4517007890914062,0.7830553903985215,1.1129036119298612,0.7392951767834862,0.9413133080711182,1.4511591103812327,1.4537412275565915,1.3565504624840918,1.1001006063661276,1.584462031884498,0.40477895599041913,0.421606240236167,0.36535357234025156,0.2834565982253192,0.0,1.1262228210011713,0.23655274318861652,1.462853000910221,1.3823551415998756,0.3366981769004329,0.823968821317473,1.4138837900844337,1.0441109403222648,1.2273755269621216,1.1253812167418884,1.1849284274387046,0.2521863445551653,1.3386191318425693,0.22473751718472212,1.5698912989697065,1.5315532418564903,0.6779255894200511,0.5192234571247161,0.5698459322630317,1.3042634752467344,0.7338925194938883,0.9557710265058572,0.1899639723806078,1.5043424492240765,0.2887039771540625,1.695652190806734,1.236851175257919,0.31919539139004716,0.4299476044302073,0.3306015584936589,1.2992066610830526,1.347328697659583,0.30211683210306894,0.7196465426532203,1.25826903169972,1.3669048251838445,0.9408102562942433,0.27990467171345645,1.1927936942587536,0.9390569600202273
LLOY.L,0.15962743988266803,1.140742126880027,1.2249946619000858,0.7939707378915644,0.48257122251371953,0.24072982021896283,0.23107917418608104,0.42732694332244514,0.036957488502374014,0.44342346892081064,0.1645074915622523,0.054304698605042834,0.030287770669247482,0.32408364712296445,1.324420715936669,0.21475216137101638,0.11388251060845678,1.3570276264266798,1.2911527653716575,1.2883788216394505,0.9298729358070341,1.5530698362786706,0.5004227846422398,1.4418922790865787,0.293518059816554,0.12815346373416991,0.34393413103046466,0.28341750264669974,1.679500141945255,0.5410989854827255,1.2672935813032526,1.801076933412841,0.11028057871159158,0.46053552331310177,1.5204875244441398,0.31881270482728497,0.11812198665956952,0.2178459064342011,0.1801652247618879,1.3661002454450284,0.7384729324839656,0.2474905426646895,0.09285593780346213,0.22064289320460528,0.6114023895341585,0.09807660048271571,0.5309056495151625,0.1481516411955094,0.23163575730410557,0.18890941389595195,0.09211792671638863,0.13183255263436822,0.30305177333742417,0.9304844021483658,1.589886044590834,0.8375894210713223,1.3590269870261735,1.1262228210011713,0.0,1.2652781433410487,0.5096839131248254,0.24222764334827285,1.701099474524451,0.25438487903891194,0.49929511856916176,0.682800233381353,0.02772890577635667,0.10530273856459504,0.1303660579901691,1.2649689981438297,0.18205891349336878,1.3809811249381756,0.41944565574595327,0.34523898886104043,1.3288016681065689,1.3372167130031238,0.59271041484885,0.05984497257053034,1.6304427418609961,0.41828923235006543,1.4760952681951498,0.39904949115875665,1.4567164489151314,0.48314241508334965,0.07498892330858775,0.8151452758097147,1.0443522981357187,1.641840852240874,0.5024977948710677,0.06737516347571737,0.9451666949746,0.9226731180517385,0.1126373996788026,0.3644901916995855,0.3756803478683608,1.3402628740775382,0.11215709393910633,1.281452008781915
LMP.L,1.1599820067334083,0.3985087557974749,0.4798494358226507,1.1439221232939494,0.6946076435147153,1.3907245216223068,1.2820584356985907,1.1781814608251087,1.3414005077384725,1.5643023566555634,1.576804581156445,1.3341597011623976,1.2239264640368457,1.0485927102820642,0.03018638865647849,1.6035181039448176,1.5718410168504071,0.6975484056067336,0.09432418198570691,1.1969677115487367,1.645277068104389,0.8112328740203274,0.5301672192351734,0.2885551740731701,1.5439816044452237,1.2597155953956662,1.6943963542068334,1.6464232906140563,0.29164506458884987,1.360067787490498,0.27232029547535375,0.5022261008746416,1.3565461514633652,1.0160048523481247,0.32283234429915053,1.144132951557036,1.4346386756201164,1.0859228385318722,1.317331207285564,1.1304644971786977,0.704982503055685,0.8102553067723903,1.5296545425592265,1.574217530041156,0.6893739948482729,1.3000505645702716,0.7148396077091084,1.0763871246397645,1.5052751458414242,1.4925769236517483,1.4816876296356924,1.2135738746092202,1.6438789586014382,0.38688320059432646,0.4017919162843189,0.38409418515891136,0.15858046486265898,0.23655274318861652,1.2652781433410487,0.0,1.436869595751824,1.3530399214278996,0.31440331161210755,0.9918415115575342,1.5038604924786152,0.9313176677179813,1.3476365734164097,1.224463218811086,1.2444798592424422,0.46284100456577926,1.440877347538509,0.1716431345688587,1.6576730098635049,1.5067507787226244,0.7746538201751563,0.6424216942173047,0.5771673582746596,1.4069616427711973,0.6852453077771149,0.9972991355516602,0.2536345509781638,1.5584184343923027,0.05777199492960805,1.6847467488388923,1.4487696624924635,0.38114236665626067,0.4964441608742124,0.32137296702259643,1.2081793750450367,1.4909514784207945,0.3870652413990937,0.5397893420641271,1.260132342646205,1.4318633569281691,0.8927414576857859,0.2402672666655954,1.3801340260171073,1.0577631402955667
LSEG.L,0.8290083976369922,1.586527344731555,1.4623866610941987,0.6434045563607135,0.7383328267560025,0.26362396028571533,0.6421071730016243,0.24337673419283745,0.4799579097928517,0.6255467475807035,0.3206176906277618,0.48629494142524243,0.4740501981528885,0.947394970101953,1.5222620036790668,0.2765767503194674,0.36969669151055573,1.1298923433547854,1.4824759859086247,0.7283428749439369,0.9699686796722822,1.755559743671998,1.0378594977078712,1.3809722933378061,0.2978302429306422,0.3769649225760845,0.3998890469790185,0.19419994918916517,1.7722009712580968,0.443558686200587,1.1798750704554706,1.7668759964676473,0.34582557394661373,1.0171842143813317,1.7476878180826672,0.31328580010281903,0.32653205492139337,0.931567483257626,0.3883979583666427,1.3888803197737785,1.1441537466354865,0.7045451776108491,0.37741948828008476,0.4416718225642827,0.697000995304658,0.4227492812030901,0.5754952161097682,0.47069719876018423,0.19371284949480394,0.172525284597155,0.3634043132622381,0.5196517864259877,0.3236372926462282,0.9673194207776281,1.6374246551155303,1.2127115101621118,1.5664498224033276,1.462853000910221,0.5096839131248254,1.436869595751824,0.0,0.2154927747716182,1.6019078805894544,0.8207607437234957,0.37204466875259423,1.079733828296921,0.40638893772852647,0.3645835715139145,0.39952408003785433,1.6808112032592364,0.3670311484965608,1.4653879122344184,0.15414323885984038,0.16010770552286158,1.415962566412592,1.6728947907578298,0.7338386156507238,0.3467855499352883,1.6889809075486617,0.8221452561429297,1.6796921347950782,0.20877938407406016,1.56691653301145,0.4884014450379657,0.5027361509342352,1.0611420830733864,1.3814496532476745,1.7523190215555218,0.8313192285502229,0.42630388623951276,1.480264560898595,1.2949982706634013,0.34636277961179074,0.319571819182897,0.8572077204099455,1.6509481251003435,0.37251368256117634,1.1069926064271058
MKS.L,0.5280695850649962,1.5173159598464547,1.4586486101150293,0.5120452893251473,0.5391608453964862,0.08864168366008118,0.3764848456940316,0.11714125832429112,0.24980497765511533,0.4975741509528362,0.16588221480613896,0.23574925561573756,0.2314644930375459,0.8026748747687914,1.4093166175777687,0.20666383913660302,0.1785647706104686,1.071038008585801,1.4277331542152483,0.8493854431490149,0.9199278078557738,1.821311326565743,0.8273517169327131,1.3787836005513643,0.15211176604725507,0.2075131507050626,0.23879535407804908,0.13453640165916014,1.7933747819762285,0.528837264593047,1.1562211918162748,1.8699501885846481,0.09154660173899865,0.8459500738233727,1.7389814545253028,0.14252861151546825,0.13994077308406994,0.654981101106068,0.25268354820037875,1.392255826366036,0.8697571632386671,0.4452664156327114,0.18648029115348763,0.29622607140781565,0.43585463110359146,0.2472736636944487,0.3942177772760542,0.34581963040075814,0.09056342027277664,0.05197159825719888,0.23139237881159658,0.20246009907257256,0.1688447782644058,0.9130721339526561,1.5561338710295223,0.9943141950583014,1.4353654223462509,1.3823551415998756,0.24222764334827285,1.3530399214278996,0.2154927747716182,0.0,1.6982497311423106,0.5592183111813747,0.26229725618468147,0.9040544823620145,0.2122073649862849,0.13409505471952832,0.15114502202025892,1.6019955606479863,0.1583297612767388,1.456680262922705,0.2618858901609812,0.09946775742985348,1.4892950884895182,1.6823665521633013,0.6261025594238474,0.13243793891484545,1.716727823947273,0.42640426399798104,1.6825905140111086,0.13970513033654852,1.4813257329060505,0.39685581980755225,0.2924167464189883,0.9396518973888824,1.3219120524954011,1.7455971208765497,0.6267508430192308,0.23778067998905106,1.3564983298741486,1.1434353442472482,0.12131187601298576,0.2854047831240484,0.5659816287385724,1.6631131286462475,0.2004698747705681,1.02120033332516
MNDI.L,1.6590886341388174,0.5555362399016588,0.33259258565058625,1.0605251637087765,0.9468552496293509,1.7022744652491333,1.5558086664405575,1.5146471640418406,1.7496277274454652,1.7787295474042346,1.887709446830526,1.7505458985320064,1.6544311592974825,1.4618330349653803,0.26302682899537144,1.8713004185432105,1.864757464247609,0.5036452411986203,0.23862759853794013,1.1384846862626001,1.5055287764268428,0.45251729752068337,1.0259847243670133,0.14400601458978302,1.7538768345667717,1.5407362369131876,1.875212067202531,1.8848497410493956,0.15381559043560444,1.4352947887678074,0.3541333452583244,0.27688352160592267,1.7231748240253655,1.2102473979732629,0.19836303421592527,1.49807124009387,1.775795942390488,1.4399810513656761,1.56415332874783,1.0053789073328396,1.1688053758316337,1.2566054943786402,1.8853669670959616,1.8217383460004377,0.9794976234990209,1.6392722746518844,1.005925910218731,1.4432465392550076,1.7899671281671397,1.8031443147511717,1.8308166565607547,1.5573908385332145,1.8343217729040044,0.5547387739195598,0.17912330902582574,0.519232044133838,0.31059963965630233,0.3366981769004329,1.701099474524451,0.31440331161210755,1.6019078805894544,1.6982497311423106,0.0,1.3575684318792862,1.5820910976371092,1.4037709620281278,1.7747256639915059,1.6046027977805273,1.65107514093649,0.3257231721312135,1.7582750769907558,0.15176523798914987,1.728789626987251,1.7699122548043915,0.5261638743732987,0.5593865203171191,0.9743233247558822,1.7921477678607256,0.45123340496765496,1.2662815137352024,0.13394130646099411,1.7461095177237178,0.21759035574746788,1.8418954249039778,1.7482315271476598,0.5852082731851012,0.5132073991868312,0.14588428391198205,1.5414118652774376,1.8439985473963647,0.5802552323334386,0.9677105807589723,1.742603190382506,1.5113179898011846,1.436531527701965,0.2938645668478823,1.6751413923985965,0.7625848107193267
MNG.L,0.32242600520261955,0.9946410081504836,0.8932322819429056,0.6880312929243236,0.39925864176036185,0.4863761228164787,0.3327859156462113,0.6657454058870038,0.25474963340869616,0.7547611434029445,0.4532719659037596,0.2369913372073037,0.27425318569791657,0.44513323098220603,1.0150014564030243,0.6391032003581978,0.3692726170127413,1.0906864328143984,1.0121546126392584,1.4705898906468704,1.0919292265238756,1.2706683575437248,0.40678059212530593,1.0913240549142125,0.543702197410791,0.3440616579680793,0.5946556908751233,0.6372784184861087,1.4237166831961143,0.6145115614246834,0.9511396314318906,1.568304144252978,0.35284659119029327,0.4020741273739993,1.1891066531937997,0.5986973407284689,0.42891520599584865,0.27453477702470663,0.33028228859953,1.3850921020632336,0.6590698868410862,0.32218913115040126,0.37656908465973893,0.4740917941307372,0.5716617355917728,0.2757099738668368,0.537386320274581,0.32998599209122825,0.5038771655866816,0.5095973891955149,0.44415827035197886,0.26265254855218634,0.5398596988861757,0.750597652850854,1.3090191907744178,0.6881822797918755,0.98730702605386,0.823968821317473,0.25438487903891194,0.9918415115575342,0.8207607437234957,0.5592183111813747,1.3575684318792862,0.0,0.5617772972555735,0.6648015577606396,0.3482096734992477,0.2851082007072958,0.3099041009525889,0.9449654102518079,0.4202290980905793,1.034009395608894,0.737024668121155,0.6815736392514774,0.99222287074443,1.0131314719008184,0.6337768615017796,0.30899628674399715,1.4540689236792494,0.38755453008238594,1.0924158946345528,0.6499585142507261,1.1666367944828662,0.8025857864752883,0.2555039912016823,0.6917687992729231,0.7021936404517763,1.3231608329967306,0.5925753084258817,0.3399638028475995,0.7917022657680528,0.8585167368353487,0.36219253554473685,0.7017293538822855,0.368197059244078,1.0175269167330545,0.30510268439387345,0.9554877758547737
MRO.L,0.7205324884949318,1.663954667497825,1.3259502235043392,0.3148537558123363,0.6680632773316666,0.1888445189902933,0.3354270981166324,0.38333082905111693,0.46490451755595463,0.5455030389197272,0.3025485987837978,0.3958164550627645,0.4802862723157604,1.0921053347953849,1.5114896830729896,0.4556131815775324,0.2627299543003836,0.8560027512026418,1.5663528312394077,0.8957574247757125,0.7340935344153068,1.5644216963453528,1.1535050108063334,1.2976668882626874,0.21296864656396142,0.39730575281679126,0.25041734612012223,0.28705383031881315,1.7454726873828883,0.4840721146876248,1.0923097710944867,1.7750452337604674,0.27444964428014973,0.8376205886555298,1.6739049255254712,0.40434169992767266,0.3338568658838329,0.7726264781858064,0.35998956600187704,1.2916127384417426,0.8806751083368755,0.6642712833954438,0.32186151614283975,0.3240330256802215,0.5277804146242219,0.4123921808994444,0.5031375338948878,0.6664821076810425,0.19019145503093926,0.23996387719894496,0.5137782793695369,0.2968151093449517,0.15031789662870387,0.9680993905626601,1.4625073062449614,1.1946874382186492,1.4634906231230689,1.4138837900844337,0.49929511856916176,1.5038604924786152,0.37204466875259423,0.26229725618468147,1.5820910976371092,0.5617772972555735,0.0,1.0486097288999825,0.49164374010891354,0.3274565903663932,0.26286701338248974,1.492100391570475,0.20357936892221895,1.467911619881213,0.3859946069976061,0.27954865547963204,1.2410126743457905,1.5670224852467494,0.9932254801247564,0.31435763949720485,1.4909963728883968,0.46651248159624237,1.5678784438609497,0.1815913797553952,1.5431706343048468,0.4353354151922847,0.4074772958085111,1.0504467152194452,1.2325955615477282,1.594808350518674,0.7384708852196258,0.4005325777276364,1.5484673294124436,1.4196711446268597,0.3616702600208864,0.5313674961658719,0.8081757670363915,1.7006303010139039,0.3115050075668472,0.6625905587059265
NG.L,0.4343537450461866,0.8026047046023204,1.3209632709172308,1.265520058279954,1.1667487371113694,0.8838922926148647,0.8432304410210414,0.9058756218842018,0.6494869758204602,0.5277263787554693,0.6905005144632376,0.7055114567511196,0.8035150159019305,0.5394396036997712,0.9537807656838526,0.7126400948106305,0.7238908606046242,1.2395538284688559,1.044299880994576,0.8811877169153214,0.6325722777645839,1.0357216338220991,0.6802537803638016,1.4155039398850182,0.7865740890190875,0.9778517068644336,0.6751451717619164,0.7615957958431686,1.0848409607133347,0.9054925931667827,1.2404729985503415,0.9773137528318768,0.8391326657492325,0.8937063379970597,1.129263340943362,0.9438785963466614,0.7878198008629325,0.7432503641655869,0.9981039643238991,0.637901178187634,0.41029125648899034,0.9298380053401861,0.6571479890597294,0.6421320835310484,1.089458211402965,0.9012190782817806,1.2445669081990522,0.9329642539794173,0.891099616161988,0.8576650829046908,0.7179423655936117,0.8513353837624236,0.7927996026992723,1.2924795863848073,1.2474809346306017,1.1832860675866523,0.7968421023166324,1.0441109403222648,0.682800233381353,0.9313176677179813,1.079733828296921,0.9040544823620145,1.4037709620281278,0.6648015577606396,1.0486097288999825,0.0,0.7033494609044133,0.8913576776810044,0.8929844039421457,1.1771659700994892,0.8285405776629399,1.3301400501717797,1.0022135159583074,0.8309525453455511,1.097647483161366,0.8730266616883944,0.9682764502308101,0.7937393777111833,1.0330142618567226,0.7915084845043345,1.2199764418512853,0.8540365022289906,0.9960137790374063,0.6052552403003442,0.7186756478933292,1.3372759443467872,1.1703391062347932,1.1610614419103387,0.35131615335643884,0.7073294964666688,0.9143582955427116,0.23871670434589087,0.7162659745586895,1.1306335797753104,0.2651983516990203,1.0486187358360775,0.907314112713066,1.2665466462151884
NWG.L,0.19054717184077985,1.1838473373184557,1.318700145619946,0.8555439548296675,0.5709321908288545,0.21204010613353674,0.2831115180933681,0.4018278269266634,0.04822293014390722,0.4062114109644157,0.14110637953916805,0.07141097611668046,0.031071767830706642,0.3141108159086572,1.4257961706870086,0.14009342788814738,0.09878365013988999,1.4395482146227343,1.3776157029813376,1.1927301823396472,0.9023121048574949,1.5872373694853912,0.5559295536487543,1.5351529969179296,0.2768324435702417,0.14215959563715752,0.31439330158089607,0.2026750438245548,1.7351538101224344,0.5318129494073844,1.3488497115485865,1.8217304579735463,0.10295337410132299,0.5287042462579468,1.589487201955658,0.3015674045284277,0.0812338824464085,0.2681102488902499,0.17427223178687945,1.3468802216191245,0.8159598108442632,0.2909931447098103,0.06678184987302493,0.2077348961833655,0.6859222715452824,0.08761826360522473,0.5808310639790053,0.14252236363410165,0.18030768585170132,0.14429624193071366,0.041616114049377595,0.17664394165568786,0.2711418467578489,1.005128448469044,1.6775550278471298,0.9388679405456724,1.4583199167962275,1.2273755269621216,0.02772890577635667,1.3476365734164097,0.40638893772852647,0.2122073649862849,1.7747256639915059,0.3482096734992477,0.49164374010891354,0.7033494609044133,0.0,0.12460028036614901,0.13442696608183502,1.3628601321745213,0.17850863668010697,1.4716797825924246,0.3186874594509571,0.28622376825032214,1.3999155526436096,1.3758408255837833,0.6063435572838061,0.054390143387821444,1.6500814639780252,0.5058791936144464,1.5733986263135584,0.3466656205727019,1.5471809961034513,0.4286587882870364,0.0830962261708934,0.8863407671153336,1.1486735206644916,1.7189010370186644,0.5153962621269276,0.04047539391055133,1.0008091935932726,0.9443161755543741,0.09646494229264768,0.3084938155917202,0.4087449369471787,1.4094643701960625,0.1146703927647863,1.3409797427284498
NXT.L,0.3553061401160409,1.3520523877546324,1.1418260938612383,0.4986472708770381,0.3102748790494957,0.17570765522397536,0.22615228771299423,0.29687509091479936,0.13901002945826757,0.6210756208138002,0.19495239134648457,0.09656309383443862,0.08812565871829603,0.5884288117131449,1.2897862385980319,0.3053821970563374,0.14363372855496936,1.0943574823871334,1.2570099702220565,1.2738819942365303,1.1212785423818337,1.6787807797186054,0.6152114783076957,1.224886995157583,0.2600401125603402,0.0713112253346837,0.36579854403790635,0.29888743593238765,1.7150182920211114,0.49637708855260576,1.075057657676672,1.903147017747656,0.086749803631894,0.4886645014622508,1.5588535199060556,0.2427756022690254,0.1581579161710166,0.3312933583849683,0.09917870268220086,1.5989472333341217,0.82141441476933,0.22240232964239692,0.17446252332569656,0.2875444587264827,0.4099483205169596,0.10630552361238088,0.33435611669680465,0.16290284563901536,0.17427036658130313,0.13859406440212318,0.19779510564833325,0.10571798591932235,0.2818567784804791,0.7356044896311914,1.4989110471910907,0.7483522828998924,1.3434450559959452,1.1253812167418884,0.10530273856459504,1.224463218811086,0.3645835715139145,0.13409505471952832,1.6046027977805273,0.2851082007072958,0.3274565903663932,0.8913576776810044,0.12460028036614901,0.0,0.07730178009665245,1.27917516963978,0.17176371416264546,1.2421440888923738,0.4046625368802972,0.2899422991142937,1.329438307310034,1.4509935504508364,0.5295400658480671,0.06537872324238936,1.6959289694220394,0.33271373432196194,1.4430070214374644,0.3137308636436361,1.4192885767054924,0.603416506601403,0.15692382231644086,0.6798250671409851,0.9849775523689068,1.6393226957543932,0.6110941127790767,0.1600141002744524,1.0756667314592896,1.1078200086627392,0.09491980230328456,0.2958965791995083,0.46139577394952713,1.3931573943491962,0.08010388981452055,1.0471820056185916
PCT.L,0.3232993488933378,1.3102417507104773,1.2259627250715948,0.5722016523260673,0.41052201137569844,0.10121533974604258,0.185787130111025,0.30209933704541714,0.14467852545450643,0.539576256038483,0.21037219830723686,0.10954127429872651,0.08615246937694543,0.5734113828515406,1.2973519675534828,0.3027348200240769,0.13391308590361262,1.1612782112143,1.3234358419897763,1.1538662476493184,1.01626389705526,1.6890895178009224,0.6669613906263243,1.3229895274149732,0.265010628399876,0.16302423937844934,0.34996670402954166,0.2729721764866634,1.7076111501839257,0.566192339841221,1.0605071069447558,1.8688921026493492,0.051374973360681975,0.5514478835988579,1.5817345804031624,0.21209929062563027,0.09010600997408735,0.32984485914405737,0.16282670077953354,1.4575869361529845,0.7604978219686933,0.20473054961321802,0.15066168503809507,0.2788032920710892,0.42268454318829507,0.11200698153771549,0.3219863734966546,0.2061892340354995,0.11983018591365824,0.14457694113229425,0.2047571841054614,0.08794635380147497,0.220816250261193,0.7871730454165901,1.541872899643355,0.8581365592562991,1.3918735357193739,1.1849284274387046,0.1303660579901691,1.2444798592424422,0.39952408003785433,0.15114502202025892,1.65107514093649,0.3099041009525889,0.26286701338248974,0.8929844039421457,0.13442696608183502,0.07730178009665245,0.0,1.3606168639406842,0.0807741523760046,1.3148761040535584,0.3872059800481922,0.28093802307562554,1.3337645770295747,1.4584397882554552,0.6176365372950006,0.06857676292019099,1.6399380382721631,0.3602223734735944,1.4850361703718615,0.2798429787411755,1.4006657163265077,0.5231757499930787,0.1638948839103398,0.6861602763435345,1.0538823937829178,1.612695728315556,0.6022188560558724,0.14449052931153117,1.110101240342808,1.125991156201251,0.0789573132940351,0.37614095707686823,0.484696211588334,1.4290116975435274,0.09386490523393698,1.073062061810526
PRU.L,1.1626012048092138,0.44106300139608634,0.10122151017361103,1.1374417575754014,0.7542405609831835,1.6174722022466421,1.1956450204476372,1.6223928937656067,1.3638968546275068,1.6331076544344119,1.6361704227613727,1.3247561338865768,1.2271847803690905,1.005230648014271,0.40964466890855145,1.675721139615407,1.5205092919302332,0.8722919981760566,0.37377228092859716,1.5987077988427663,1.4918796462401689,0.2644634184214889,0.7164194244134259,0.30929031541378305,1.6813948096706803,1.2055708063395378,1.6753313450042042,1.759824953071388,0.2888845250613,1.4497321702179375,0.6340148354581487,0.5008751807525766,1.4702175298445668,0.6351343424109623,0.1318538917038362,1.4883391409428255,1.5169905688484073,0.8160541144429692,1.1404038784536228,1.202644029035025,1.162773725118111,0.8542458818089501,1.510740963252485,1.495008487181336,1.0292129236162972,1.1836990831954544,1.0363832328298912,1.1135226744704625,1.655309463038078,1.6410644942176975,1.4710961659534105,1.2050404694314258,1.667979937914457,0.5829028428912894,0.2661762602948192,0.389353668023131,0.4525109431534522,0.2521863445551653,1.2649689981438297,0.46284100456577926,1.6808112032592364,1.6019955606479863,0.3257231721312135,0.9449654102518079,1.492100391570475,1.1771659700994892,1.3628601321745213,1.27917516963978,1.3606168639406842,0.0,1.5625504689105214,0.2620882065550503,1.7237869178367604,1.79423253177904,0.5324038289653088,0.27803551368764745,0.8235165176568837,1.4378779812630582,0.43796418214375243,0.9216783956521897,0.09180055347596716,1.7348924720830639,0.45348734631387255,1.8040204145310996,1.2793980388014323,0.4478411865396569,0.23369416918666897,0.24517272670992718,1.322034485336728,1.3958527377453942,0.20654304338876917,0.8325213052019584,1.4406059774582978,1.3715676917870192,1.1233759950216295,0.23871564632674414,1.2690342212496815,0.7443198543014028
PSH.L,0.368385519624582,1.4131100448592526,1.4649616283446316,0.5723036581006709,0.6450620285359856,0.058683069752629935,0.17557768285999675,0.2925647913388215,0.15293849607722,0.3517015159189134,0.12799188009347529,0.15379168030227575,0.1880241414670455,0.6680543208076206,1.4754440464405385,0.2039070958799123,0.08978875987625323,1.1365814985297318,1.4921746632292947,0.9522383777987261,0.7104807506463549,1.7222337444007132,0.9137394691658812,1.5150726555287735,0.15998176025328015,0.2676778676031156,0.20806262628858663,0.17260451896126305,1.7927106133455135,0.43075093533315645,1.2025781698465252,1.851039674541057,0.08117199279506215,0.7181679649055892,1.7449844360003464,0.21847445853764902,0.07122511435416234,0.4786213330019594,0.2882605147478474,1.2038477878491933,0.6956437443466825,0.4317590651658635,0.11584235392329945,0.18277452740345057,0.5333537510844326,0.22658480599735364,0.4720619516144203,0.35443530286856995,0.06675757894650192,0.11426149552182585,0.2029624903947035,0.1664819430185306,0.10275755344040649,1.0034697606505503,1.6638930247791062,1.1260399485999073,1.477909725885967,1.3386191318425693,0.18205891349336878,1.440877347538509,0.3670311484965608,0.1583297612767388,1.7582750769907558,0.4202290980905793,0.20357936892221895,0.8285405776629399,0.17850863668010697,0.17176371416264546,0.0807741523760046,1.5625504689105214,0.0,1.5480327946793604,0.2796019672288451,0.1675299913370032,1.3299293824627485,1.6031806658556125,0.8348954770582339,0.10296842910548987,1.6781526683497021,0.4803703541334958,1.6805553360967067,0.15915226430427776,1.5366172327209933,0.28839011506030987,0.18596050670784559,0.9685125273543947,1.3125725015077714,1.7080193515113251,0.5477986023256318,0.16100372144195974,1.3802482621716665,1.1744827749057023,0.14291480081565588,0.416175933042767,0.5367204801016051,1.6413405102105445,0.15556162296986087,1.0954529854273272
PSN.L,1.392763428875396,0.4821552196545196,0.21449141909199232,0.9427370878518803,0.6148794686843877,1.506828640165851,1.2634532453328877,1.3446716381245452,1.4763391835213628,1.7877070190965125,1.7174642657943417,1.4464480783104743,1.2971791634978325,1.2157498851971869,0.16105016593768107,1.7631079344806722,1.6632571372846168,0.5738862998045473,0.1082688596282736,1.3653414274891666,1.7963144107904618,0.6699485793937991,0.6838869750360412,0.06238183050070589,1.6507914792692528,1.2421112845335918,1.835888043745463,1.7681486698536735,0.30143980386563385,1.402059321175968,0.21000567679116688,0.5480436843332968,1.4496885911376092,0.8631852872832094,0.2526258807705265,1.3084252308113156,1.5500037968284124,1.0871260679368315,1.2468423936101238,1.3484640183778307,1.0381635435592829,0.8577408439794608,1.6614287634957603,1.6906521454674759,0.7467594040906814,1.2880787888996883,0.6917094898745952,1.075048195521509,1.5720043079111323,1.5918556671016506,1.5942345524768702,1.2676591297822428,1.7221473058437824,0.2491682167201481,0.285104240970389,0.2519699840644749,0.28543066223540314,0.22473751718472212,1.3809811249381756,0.1716431345688587,1.4653879122344184,1.456680262922705,0.15176523798914987,1.034009395608894,1.467911619881213,1.3301400501717797,1.4716797825924246,1.2421440888923738,1.3148761040535584,0.2620882065550503,1.5480327946793604,0.0,1.6487127802782249,1.6693301298360375,0.5640041458151654,0.5422904030258423,0.7147059869281907,1.4885223165933337,0.6698132889672415,1.0488794360926834,0.11814676874813335,1.6776341806326749,0.19084444236655473,1.9076675252065591,1.4970858861085157,0.28603576989597335,0.27117812558239285,0.2796461446783203,1.4495354889954424,1.5789957080443475,0.39208043345033694,0.9144887293974876,1.418711773915979,1.3165016990680165,1.212103800921671,0.1799755211003895,1.3585626937759334,0.8461245202637605
PSON.L,0.7060123403982272,1.494196850747521,1.6098255894473787,0.7659168710559578,0.901324685854867,0.22181730000328959,0.546460057369299,0.3590308347557587,0.3548551834555689,0.4410306447551292,0.23824395240290863,0.4151067821501022,0.40909345937946207,0.7715940267956453,1.7068049431685584,0.16718959332438443,0.26347327599916737,1.277481528960473,1.6221427582963768,0.7165615725536445,0.7172188299658211,1.6693692648001592,1.0753894788289227,1.6037882445109863,0.2570621527722211,0.4218969977594823,0.30117368479247486,0.11224102553202187,1.8486648338461842,0.3470833709116129,1.3752679956970775,1.7634346749995147,0.2957265050265069,0.9991533922630791,1.8064543923841774,0.37921614124223335,0.21255785382458248,0.8246891082229909,0.4070169610529577,1.1781563458991806,1.115972353637159,0.768804937012,0.2656747941631584,0.3656495758408186,0.8684358458453313,0.366393248497315,0.7189908328696482,0.4462158633948665,0.14730520553342297,0.1642052732789736,0.23400093710599934,0.4854879055923318,0.2325772379028347,1.1921852880323618,1.7796482518618104,1.3081898963689818,1.679266103526655,1.5698912989697065,0.41944565574595327,1.6576730098635049,0.15414323885984038,0.2618858901609812,1.728789626987251,0.737024668121155,0.3859946069976061,1.0022135159583074,0.3186874594509571,0.4046625368802972,0.3872059800481922,1.7237869178367604,0.2796019672288451,1.6487127802782249,0.0,0.15925220173124566,1.3417578477942786,1.63448535786203,0.9287289767788562,0.29426954466061106,1.73251610803384,0.8742846427110363,1.8075031031149766,0.1818715404536716,1.74559364279212,0.31697045493837295,0.3802477800099696,1.2306710294693306,1.4838700598613255,1.8213287348348635,0.7865408297177124,0.30231850170306673,1.5082731056166179,1.2833461840648765,0.3768439811960054,0.31276925085373186,0.8043677876904873,1.7193350245907255,0.34572847087985203,1.2296552697060974
REL.L,0.6162120749527542,1.6124219764997187,1.6829136724075693,0.6344081526937746,0.7846542924695613,0.0981024592225348,0.4928212488573469,0.13202881480940987,0.28904005139880906,0.3711201938326155,0.1155594460974615,0.3120468308425218,0.37300334451587236,0.8585746258080524,1.563411275855307,0.12722183428534306,0.18383171566710343,1.1164943391771158,1.5908204615431791,0.6658464023931671,0.6737484944410592,1.808780551674714,1.0038033910843618,1.5789998924439197,0.09999505802960973,0.3269861172176113,0.16776885455981905,0.06342438355924074,1.8321877681341194,0.368888813746714,1.2998427203093974,1.7963335581043562,0.1817195733798196,1.074131733987168,1.8439056518784929,0.1647103147109067,0.16411945094173896,0.8522285477267298,0.40087168815689744,1.1760362047528057,0.8666880303913684,0.670238887572471,0.20627809512903383,0.2585203862940062,0.5992586020218459,0.38980398994987864,0.582341752211052,0.49451792160659747,0.09588514563838069,0.05747438100015245,0.25078019140316754,0.34024944000082014,0.13311850639719125,1.149970028110608,1.7018435273676151,1.2796435953905538,1.5491130214536004,1.5315532418564903,0.34523898886104043,1.5067507787226244,0.16010770552286158,0.09946775742985348,1.7699122548043915,0.6815736392514774,0.27954865547963204,0.8309525453455511,0.28622376825032214,0.2899422991142937,0.28093802307562554,1.79423253177904,0.1675299913370032,1.6693301298360375,0.15925220173124566,0.0,1.542471291413845,1.7795471409915562,0.7694228836581596,0.21021935518407586,1.7235954868657755,0.6402374105497718,1.8405957365089765,0.05855351789736973,1.5947741252416772,0.2169063918966776,0.3521816917077031,1.2040528819246048,1.5635916927380147,1.803384219281748,0.6115329592764334,0.2986981534455305,1.5637218721388535,1.127013778286451,0.2343575191401397,0.3599484505798336,0.6182636435294987,1.8184902293316365,0.32815711189166674,1.1102913690775311
RIO.L,1.2530570144817903,0.4338622800495159,0.49875880360753355,0.844524268113879,1.06882546236902,1.4117056569338569,0.9184396255463128,1.4889283099178463,1.3562610516271305,1.2992547217511952,1.4875167155163698,1.3887783555165667,1.3342475330253674,1.1679212331293198,0.6945021325044552,1.5225559949498155,1.4209215906041757,0.6589948497730108,0.5533699143298307,1.1404676027669323,1.0993531744015763,0.5596521496864779,1.0790688638491377,0.5855186548292313,1.4483485313066062,1.4230609826630487,1.4267914041297018,1.5095971555611132,0.6583671561798872,1.2140469220581223,0.6749211453306769,0.6724370354041954,1.4087486987272901,0.789252081017028,0.6167846019387953,1.4879557670158077,1.3981905885810013,1.037792504445337,1.2645270142395337,0.7681027223135846,0.9605752270105016,1.2345803478680575,1.3749039083911543,1.2795185329496575,1.1125119277796984,1.277500179229301,1.1092687390732177,1.2268088279171425,1.3626394030457503,1.494643432195006,1.4374642154974389,1.2856096923250613,1.3239531426009112,0.7199088589657419,0.6157592189333023,0.7644753935393849,0.5169537335190582,0.6779255894200511,1.3288016681065689,0.7746538201751563,1.415962566412592,1.4892950884895182,0.5261638743732987,0.99222287074443,1.2410126743457905,1.097647483161366,1.3999155526436096,1.329438307310034,1.3337645770295747,0.5324038289653088,1.3299293824627485,0.5640041458151654,1.3417578477942786,1.542471291413845,0.0,0.6624945927323898,1.3642538029756839,1.41988566921969,0.7984072511551327,1.0954464200625464,0.5082665852201294,1.479633436348313,0.693115665201069,1.3736223232131746,1.2839332192289339,0.9175048097593439,0.566623661619416,0.6182509773216931,1.1505584738484094,1.3468523190162185,0.8121925722494141,0.9871899257742524,1.4166847441588588,1.3328777759012853,1.1635061887926872,0.5558274414192348,1.2062222062357335,0.8114889831796614
RKT.L,1.0130731715362689,0.5037190587858427,0.4103434198380266,1.4670990803395998,1.1358378199117347,1.7069156588091734,1.3964924515036268,1.7099094667353207,1.3908642599919028,1.4484257404607352,1.5896370804876065,1.3505872344365586,1.3114251868039455,0.8018826865057971,0.6082171453512484,1.593016032199626,1.506504437613174,1.204837830268993,0.618450622042522,1.4050071268745046,1.2623596475216239,0.24470242416619248,0.7333139249909016,0.6481681957104735,1.7023922288196927,1.3814724667348446,1.5380950624068404,1.6362550750503675,0.41219942553836286,1.5422931899856491,0.8845198254146045,0.42841027796587816,1.5594476112372067,0.717078814275105,0.3172291887426476,1.6828039113914455,1.5382044766689433,0.8472102524433305,1.2915246390626094,0.9985228723103153,1.074786811096797,1.093366116936482,1.42743263239135,1.5213739042036236,1.4764169564747962,1.2604556502276136,1.4210729742841108,1.255025900220068,1.6567552747213035,1.6729602927109384,1.3815506420477808,1.4153065828568738,1.6505646313441278,0.9249935106411511,0.5671502656069742,0.8079566971018879,0.6228251206661667,0.5192234571247161,1.3372167130031238,0.6424216942173047,1.6728947907578298,1.6823665521633013,0.5593865203171191,1.0131314719008184,1.5670224852467494,0.8730266616883944,1.3758408255837833,1.4509935504508364,1.4584397882554552,0.27803551368764745,1.6031806658556125,0.5422904030258423,1.63448535786203,1.7795471409915562,0.6624945927323898,0.0,1.0199327017010005,1.4715509442769674,0.4450887774954828,1.2129752728242185,0.31887914838829434,1.7083572434821155,0.6497998101837621,1.6158549980734973,1.2626836305298894,0.8152159406225854,0.4339933262624376,0.43787782408076403,1.222078617258352,1.3305712402888463,0.32043872907642756,0.725835647863585,1.4376978114547883,1.4686697391383143,1.0762435979957654,0.2823198156135075,1.3726124461176907,0.9514302645813524
RMV.L,0.7883250203438121,0.9525213169273435,0.7565815501203398,0.9918383136033335,0.3127285641286909,0.7382718262160499,0.9440514328089152,0.5240533266966716,0.6323734230914497,1.240592613611072,0.8078245531113428,0.6230308086144892,0.5368198580889703,0.6997604506362285,0.6562010945264585,0.8090425389522016,0.8127591314491549,1.1186656535043156,0.718963079039427,1.2693314481141456,1.5616718563116398,1.2336278675551287,0.352477255046842,0.754070257234987,0.889105747208796,0.450986341419521,1.025906025834314,0.8693999693638299,0.9848443049937666,0.8829225221755037,0.774840992769713,1.2326836674246193,0.6236758077223502,0.8473840257720116,0.8472842772712473,0.4660287407662994,0.6971011756181089,0.7050638112053904,0.5548728704508986,1.6278146003380125,1.0723688100297573,0.3151761251912195,0.8032952364783998,0.9406201304469983,0.4768961335202173,0.5337427813500805,0.42763836767339725,0.4367312372752634,0.8178516195288477,0.6659243484779995,0.6834398564743492,0.5755385738693279,1.0181604362919348,0.4974840568852128,0.9387662528101477,0.47833061694580115,0.85525088441478,0.5698459322630317,0.59271041484885,0.5771673582746596,0.7338386156507238,0.6261025594238474,0.9743233247558822,0.6337768615017796,0.9932254801247564,0.9682764502308101,0.6063435572838061,0.5295400658480671,0.6176365372950006,0.8235165176568837,0.8348954770582339,0.7147059869281907,0.9287289767788562,0.7694228836581596,1.3642538029756839,1.0199327017010005,0.0,0.6271219847796958,1.2428545191228235,0.6233982295707245,0.8127889475915142,0.8406342314718281,0.7746323384385483,1.2410190601327293,0.6902253954051683,0.35598407361921924,0.7021367332075287,0.9715306155981829,1.1008435854231675,0.7534420374574691,0.5086807241390077,0.7654651231702223,0.5719926606115413,0.7090973923994623,0.6253328111296362,0.8460182086299438,0.644067872899333,1.0582089453559052
RR.L,0.25459510999324,1.3686314070127548,1.3366744090942522,0.6668203115873508,0.4889034501479723,0.1392988393081478,0.22387953720125575,0.31060882718861704,0.050021445749869,0.4420888122748311,0.07435319119561212,0.031388257747424375,0.05978333765222077,0.45408902075338964,1.4693753913508845,0.16233861187122522,0.04774272881026542,1.3194253873489394,1.4671423093353346,1.1895090727876592,0.9044237976325791,1.687920202313572,0.6469525122200732,1.5022551971871159,0.20012856565625814,0.11017145308498955,0.2273859402594156,0.17030489348583766,1.8303469879054823,0.48344808924435134,1.2902622547950533,1.9254332170645219,0.051318060921363484,0.5375657985680177,1.6806096418782632,0.25442309828079923,0.08048789631029929,0.30516510752064663,0.1463190227514075,1.4298124991804302,0.8176601249585833,0.30688512104063004,0.05628770457137999,0.17434919867145815,0.5947596843742724,0.08005508731808497,0.501481797204399,0.1900428713770328,0.11609715087766603,0.07540606340504552,0.08060650232900579,0.12685822944676373,0.18134901043650498,0.9693209809434888,1.6935403388919879,0.9960441799175292,1.5192619194123118,1.3042634752467344,0.05984497257053034,1.4069616427711973,0.3467855499352883,0.13243793891484545,1.7921477678607256,0.30899628674399715,0.31435763949720485,0.7937393777111833,0.054390143387821444,0.06537872324238936,0.06857676292019099,1.4378779812630582,0.10296842910548987,1.4885223165933337,0.29426954466061106,0.21021935518407586,1.41988566921969,1.4715509442769674,0.6271219847796958,0.0,1.7327774606107855,0.4346254292892535,1.6243306297304811,0.24356307211789707,1.5921782817723589,0.3988501079660767,0.07508346578925318,0.8852760214041856,1.1435839392481657,1.7747352002636747,0.5617389070740066,0.05175749015578568,1.1650835659739727,1.1075574395794665,0.05837469260604422,0.318311536219411,0.4592978288411227,1.5088885102825498,0.06924447549701496,1.155315577486761
RTO.L,1.3878071591203371,0.6818459711396294,0.5747220870051215,1.3572702492118902,1.3740254900695166,1.677857335806562,1.510439338735055,1.64775479042693,1.6898711800783741,1.2913628515566349,1.7134967958590945,1.654346842189045,1.6357297090288527,1.3350790338363683,0.6215454846393845,1.6666336607520453,1.6528398701269207,0.824879281610327,0.7324260507439917,0.9902915121890346,0.9763730301252659,0.21385991281437644,1.2116008232313598,0.6480215052521154,1.6090251751388942,1.6159154727663325,1.5361106017974504,1.6859712780988425,0.2297767340019744,1.5218016968621262,0.9377328021217813,0.21423029673463223,1.668077254122661,1.1702476492812495,0.2938613510804752,1.5960054392875356,1.675837628659008,1.3120223864450014,1.5397006850917863,0.6375015749704348,1.0905628600076616,1.320916584629476,1.6605162086536045,1.517699048799444,1.2568717987517526,1.6369457361701016,1.4424790611351845,1.6235197327076025,1.7492023435651052,1.7553911606671297,1.6990870732847458,1.5095762208043586,1.5981278195091912,1.0870250177845013,0.2959081892192944,0.9323929902650994,0.6294387593332094,0.7338925194938883,1.6304427418609961,0.6852453077771149,1.6889809075486617,1.716727823947273,0.45123340496765496,1.4540689236792494,1.4909963728883968,1.0330142618567226,1.6500814639780252,1.6959289694220394,1.6399380382721631,0.43796418214375243,1.6781526683497021,0.6698132889672415,1.73251610803384,1.7235954868657755,0.7984072511551327,0.4450887774954828,1.2428545191228235,1.7327774606107855,0.0,1.1634228263734618,0.3892368837708441,1.6514192350558647,0.5185864925966306,1.4765505645226087,1.5965125273858254,1.004247379855001,0.736458558163558,0.23038594619911057,1.1537992818903564,1.6338907100595816,0.6239428304847541,0.7787557644142928,1.6714582955227675,1.5236287591199091,1.3062950591285163,0.594470370604439,1.6473589713786523,0.7649659212312785
SBRY.L,0.560736306869003,1.180677220707703,0.8463977882589371,0.509923414060836,0.3754880285426001,0.4557764974501275,0.4050167172688922,0.5306627647067992,0.48416820448583364,0.7376653202617871,0.5579669994127677,0.42549005269176565,0.43683360167707164,0.8840983883720138,0.9603397945003245,0.7138041293732994,0.4683798194212656,0.7925678158528799,1.0660129834397096,1.175113804667147,1.028375082592965,1.2170321599080567,0.6779675523293254,0.9507123335039662,0.49940465467201545,0.3979499029339604,0.5674514003855076,0.659881354686636,1.2632421296065282,0.8266206899857367,0.9400996310659625,1.4755156838621435,0.3576270982027121,0.6188000624522356,1.0946210894235027,0.46917512357277813,0.4816855315758116,0.5119785271546611,0.3680594691372632,1.334972418366374,0.7659098012510455,0.33275517180468295,0.5038120514068718,0.4895068689636265,0.2979120624085282,0.4267864297572187,0.4556561848322085,0.5390060422029446,0.5459019817624061,0.5084289836395885,0.6260923004909137,0.2034924560433431,0.4965788018676486,0.7565234938229491,0.9243925799465078,0.5898383940056702,0.9641117537121601,0.9557710265058572,0.41828923235006543,0.9972991355516602,0.8221452561429297,0.42640426399798104,1.2662815137352024,0.38755453008238594,0.46651248159624237,0.7915084845043345,0.5058791936144464,0.33271373432196194,0.3602223734735944,0.9216783956521897,0.4803703541334958,1.0488794360926834,0.8742846427110363,0.6402374105497718,1.0954464200625464,1.2129752728242185,0.6233982295707245,0.4346254292892535,1.1634228263734618,0.0,1.0541093557347059,0.5903161690287351,1.0450627401305124,0.8253458312680264,0.44141052432713845,0.6650086451507627,0.7749494509825567,1.1295372926002658,0.5613156185026185,0.5157456583515876,0.8522179187617137,0.8501751249101499,0.3811326193457991,0.6312086236287355,0.4501776603043659,1.2513416660897676,0.38954046311414015,0.6234403005209437
SDR.L,1.3645222334628728,0.4194776476783926,0.12360729013105087,1.144120719580948,0.8001961807295382,1.6903608589209878,1.3721861791104717,1.5854585567311053,1.5663252158485592,1.7476925357376192,1.80895428478606,1.5336809602246402,1.4289446982602696,1.1901625707339833,0.20465221241860876,1.8390062291316496,1.728936519264988,0.708514032310684,0.2112985624455369,1.408651376830959,1.5822837530989213,0.327437126833093,0.7675989054421527,0.16399771823096254,1.7814242576343444,1.3850384555482114,1.8354915485421852,1.8833101157341257,0.14711608658242048,1.4980625651399913,0.41136815619251077,0.3474436745511341,1.6108773273044041,0.8694909042694515,0.07904171577475061,1.503126185888918,1.6683811839800533,1.0739316924746625,1.3492870346217956,1.1441303093487278,1.0972961231757383,0.9727851976490713,1.7178406538830762,1.6922940783495908,0.9617815925758313,1.399136244326114,0.9779888242999418,1.2666049327303597,1.7570318028522651,1.7621930216345294,1.6795860861696608,1.3660866292181097,1.8058102900448962,0.476731378755314,0.17124094601718642,0.39139079755098416,0.289857588488451,0.1899639723806078,1.4760952681951498,0.2536345509781638,1.6796921347950782,1.6825905140111086,0.13394130646099411,1.0924158946345528,1.5678784438609497,1.2199764418512853,1.5733986263135584,1.4430070214374644,1.4850361703718615,0.09180055347596716,1.6805553360967067,0.11814676874813335,1.8075031031149766,1.8405957365089765,0.5082665852201294,0.31887914838829434,0.8127889475915142,1.6243306297304811,0.3892368837708441,1.0541093557347059,0.0,1.7979023137699208,0.21891141967415018,1.9052626341181602,1.5218506211167913,0.41408578685474295,0.2641629128341231,0.11265677298820531,1.4245429057240542,1.6309784030332781,0.2674895623133846,0.8061602029385767,1.568662630970294,1.511935739186041,1.2201693482164702,0.16246370425394996,1.4687959245077387,0.7611021799093354
SGE.L,0.6322810799236491,1.6678401223341335,1.634015559954396,0.594718130089958,0.7751700286574692,0.10496809383298344,0.4840994449847096,0.22398761162698855,0.3414384571589304,0.4338593340819893,0.1615434306559853,0.33253116774137226,0.41295676721541064,0.9437647863844972,1.5836426926951779,0.1961498001514641,0.172833136625541,1.0973943945623377,1.658225514847273,0.7161992063497142,0.6317680077187158,1.7108675272167686,1.1146800236566792,1.5442791973872887,0.13049572198825565,0.35514116404567253,0.13786375981865007,0.10254542699886715,1.806572186142617,0.357017587270677,1.2746205154474999,1.7739439533738257,0.21210962426546298,1.0716163338228681,1.7996853071928274,0.23688876164825257,0.18917484494912018,0.8460416791982229,0.3654678377256215,1.1756108336111553,0.8950327037907021,0.6839835174867,0.22222340903572413,0.28833758283968924,0.6191068710773429,0.38949023247687364,0.6132402784418562,0.5730538220567365,0.10042919519331495,0.10103768499229249,0.3111836356193167,0.31841565071633204,0.1319127161414111,1.1676737342723613,1.6627159001602183,1.3232336501121784,1.5584894921018742,1.5043424492240765,0.39904949115875665,1.5584184343923027,0.20877938407406016,0.13970513033654852,1.7461095177237178,0.6499585142507261,0.1815913797553952,0.8540365022289906,0.3466656205727019,0.3137308636436361,0.2798429787411755,1.7348924720830639,0.15915226430427776,1.6776341806326749,0.1818715404536716,0.05855351789736973,1.479633436348313,1.7083572434821155,0.8406342314718281,0.24356307211789707,1.6514192350558647,0.5903161690287351,1.7979023137699208,0.0,1.6123898832904926,0.24907541163801028,0.3585415017105865,1.1905829316276393,1.5612637586681304,1.7354618240832222,0.670143883228419,0.31396290613779043,1.5770269208635184,1.2025599973481063,0.2877011559451993,0.46976681822071176,0.6459521832575057,1.8592579919035384,0.3232827325132862,0.9724461006710499
SGRO.L,1.3277004621115742,0.4238405569805347,0.5017008290507452,1.1513831073850178,0.8523069016646665,1.4874340172632583,1.3785617563452817,1.2832269488340078,1.528170868532615,1.5702133628143249,1.7127621542469622,1.5274822891286077,1.4332323117943908,1.2614911320577302,0.029238251392661896,1.7297087194255876,1.7037635752755236,0.5815909071667007,0.1279600142748446,1.0492021031168026,1.5120995596858027,0.6943899549563788,0.7532236565646624,0.2628829987536374,1.6176100052073292,1.454400382892927,1.7521876167010244,1.7523646866565215,0.1685098724190046,1.433018346611679,0.26421892227528043,0.34026654687377866,1.5019102929769037,1.187834866155604,0.2557577690178666,1.2472449448607759,1.5634255610477577,1.268051634534443,1.4923195969872391,0.9454158018120368,0.7356967025078109,0.9872833670420137,1.6857270471656687,1.6707968788736751,0.7403410166328694,1.5097547170172043,0.827164512824326,1.3001712085080563,1.6197298685543895,1.6392330316400188,1.6677889800755357,1.3333702653666006,1.700637600724665,0.4937016110507769,0.2670692919940796,0.4635864293724299,0.14604277693551682,0.2887039771540625,1.4567164489151314,0.05777199492960805,1.56691653301145,1.4813257329060505,0.21759035574746788,1.1666367944828662,1.5431706343048468,0.9960137790374063,1.5471809961034513,1.4192885767054924,1.4006657163265077,0.45348734631387255,1.5366172327209933,0.19084444236655473,1.74559364279212,1.5947741252416772,0.693115665201069,0.6497998101837621,0.7746323384385483,1.5921782817723589,0.5185864925966306,1.0450627401305124,0.21891141967415018,1.6123898832904926,0.0,1.6911434182154839,1.6278709700570477,0.48937443417521653,0.5757377569326365,0.17917412398935295,1.2441372214469266,1.6708811654483442,0.47974082380669425,0.5697058684011485,1.454690301235349,1.5584769674414694,1.018402832583831,0.3007237704980482,1.5594508767386324,0.9575767689387434
SHEL.L,0.5226111156892417,1.4412446042560536,1.8195286099477017,0.8678897389923815,1.2393916677952854,0.3184189748535129,0.5329853913402626,0.4893240696430795,0.39357647716951805,0.12839834328771382,0.1983520739905832,0.44680421517389746,0.5734611977049435,0.7647947649162272,1.7056763034018445,0.19127111775399575,0.26074615263530054,1.2478160149870245,1.7342238535420516,0.60634244483113,0.2158110339086483,1.53518609986991,1.2088185463103038,1.860379928273776,0.22101019634822694,0.6753171206262316,0.1239483151491948,0.17434754103754846,1.7592448421895681,0.5205502925404745,1.5884470551234142,1.5623645350705444,0.3999534373964032,1.093043032542121,1.8251776151483892,0.5332284095957478,0.3271810121853689,0.8633429584469452,0.7065479048871561,0.6527475139344021,0.7207870752980607,1.016836998081612,0.25319864749015186,0.23087315978108236,1.0021435052971526,0.6332975896018791,1.061431204251196,0.8044931707150099,0.2956536627803179,0.29909982095409404,0.3595891720581469,0.5796431283478654,0.16526725656620322,1.5694252463564475,1.7333192760646272,1.6112947124827843,1.555340583074086,1.695652190806734,0.48314241508334965,1.6847467488388923,0.4884014450379657,0.39685581980755225,1.8418954249039778,0.8025857864752883,0.4353354151922847,0.6052552403003442,0.4286587882870364,0.603416506601403,0.5231757499930787,1.8040204145310996,0.28839011506030987,1.9076675252065591,0.31697045493837295,0.2169063918966776,1.3736223232131746,1.6158549980734973,1.2410190601327293,0.3988501079660767,1.4765505645226087,0.8253458312680264,1.9052626341181602,0.24907541163801028,1.6911434182154839,0.0,0.4284833524709897,1.6116194984054826,1.714142380311756,1.7735030221427162,0.4266349089362881,0.3560469136098956,1.657144144027253,1.0306380121869716,0.44449537522532145,0.6256512051296123,0.6580992801064673,1.8020225406676813,0.5363042415828675,1.1825119521187177
SMIN.L,0.2044672209954681,1.2520035746132565,1.2113834097677545,0.7603667067396377,0.5743884112296007,0.2695525205614244,0.2532607527368209,0.4791120937618478,0.06606335939483332,0.42995997490334914,0.14400452914247341,0.06512539549060925,0.09930513015767028,0.3526026583361448,1.4942510831013718,0.21175231587009447,0.09018135757183476,1.3766120102010173,1.4658853683359065,1.2808569744977047,0.803809442187351,1.4376944803946166,0.6199483984658487,1.509450492031908,0.285111689187457,0.16848082651929341,0.2559108202840884,0.2486632958696896,1.7501087974903178,0.5319674075710705,1.399247187082512,1.8202091065386647,0.13138640336377427,0.4484798001973709,1.5665540862360272,0.40459709167137936,0.1387057423284508,0.23994209910191255,0.17904038992144622,1.3355126709260214,0.8538928726519507,0.3400676262157274,0.07686112626013208,0.17343690000863232,0.7415139238713433,0.0944243022543817,0.6683757793915582,0.23074584838380607,0.23483548366467577,0.1878497034933223,0.10122972276219777,0.17074080375141132,0.24023399613084562,1.0334080496092257,1.629525491633569,1.006985570960553,1.467407128449918,1.236851175257919,0.07498892330858775,1.4487696624924635,0.5027361509342352,0.2924167464189883,1.7482315271476598,0.2555039912016823,0.4074772958085111,0.7186756478933292,0.0830962261708934,0.15692382231644086,0.1638948839103398,1.2793980388014323,0.18596050670784559,1.4970858861085157,0.3802477800099696,0.3521816917077031,1.2839332192289339,1.2626836305298894,0.6902253954051683,0.07508346578925318,1.5965125273858254,0.44141052432713845,1.5218506211167913,0.3585415017105865,1.6278709700570477,0.4284833524709897,0.0,0.9459923143730656,1.0403526860370642,1.6898500010336939,0.5252899128664672,0.057841700007911556,1.0284303174939533,1.0385708322673721,0.14190808409005762,0.3777622878284208,0.4493609104981645,1.4237034034705471,0.09106419340084404,1.1370330357016354
SMT.L,0.9487794270984284,0.7218884485199887,0.3502971285432017,0.8479581380027024,0.24276426243256632,0.9418148016788722,0.8387879185091397,0.9381556269154143,0.9224321147286345,1.518434516603009,1.2096734442538821,0.8625577035286279,0.6927580005397456,0.9105309895836439,0.40170697732655114,1.264716248989926,1.0888088504249862,0.8640495659808165,0.42704174674947615,1.5005298555620945,1.7847649400518317,1.0308842335385666,0.5212484935933122,0.35606656974034434,1.2373290203726195,0.6685497368830895,1.4168215897391212,1.3009295384304056,0.6949566772058919,1.1020966393773313,0.37300939806560096,1.0663283627437081,0.8530597896609793,0.6351107575529605,0.5548183659745652,0.7630430145416056,0.9312800596218088,0.6303307194451053,0.6744760749849212,1.6621332614845656,1.0362002015468494,0.29878558172723924,1.1119347219756208,1.2491014243734506,0.4480193891469997,0.6909516926777433,0.3105900600379278,0.559809848510865,1.0352176325203863,1.0382586889170418,1.0325603234991327,0.6811737177425888,1.278949203757449,0.21166769792986162,0.6226513641860786,0.21839192479233294,0.6823516735067396,0.31919539139004716,0.8151452758097147,0.38114236665626067,1.0611420830733864,0.9396518973888824,0.5852082731851012,0.6917687992729231,1.0504467152194452,1.3372759443467872,0.8863407671153336,0.6798250671409851,0.6861602763435345,0.4478411865396569,0.9685125273543947,0.28603576989597335,1.2306710294693306,1.2040528819246048,0.9175048097593439,0.8152159406225854,0.35598407361921924,0.8852760214041856,1.004247379855001,0.6650086451507627,0.41408578685474295,1.1905829316276393,0.48937443417521653,1.6116194984054826,0.9459923143730656,0.0,0.3663699133820051,0.6076588804657193,1.3056052899166357,1.0055091383314887,0.3727955953122045,1.0132700497467944,0.8375697693803281,0.9265370579706508,0.9184421474979809,0.5076731829212062,0.7739580766882126,0.945043161913974
SN.L,1.0586235814417555,0.5792193952687544,0.13482043425185475,0.8979737344072288,0.5345293122487391,1.3547156144428425,0.9509518349791078,1.310450917245896,1.129523897981939,1.497305584868693,1.3987299086923095,1.0875264988153002,0.9936191118983844,0.8729300395444102,0.49006187122633027,1.5110902067588472,1.3035393390368641,0.8142281562044704,0.4359442871293,1.5682779299349092,1.645357486120005,0.6162048382219067,0.5214683945509352,0.34740626126255936,1.4263737245178079,0.9569951836463004,1.538355995195927,1.5203444645551007,0.6010411796828214,1.2919066908526506,0.5670241212506834,0.8335948711760605,1.1691270951094401,0.46447119730576036,0.4035084483389838,1.2493345525099167,1.2894972175983843,0.6672880016999025,0.9155734945596996,1.471847786266226,1.0634700925194613,0.6275481600857269,1.293911713128697,1.2585616990028767,0.8193847799743774,0.9262601531298033,0.7574494668690539,0.8325544323433496,1.3729596607526353,1.3504718947485674,1.2474345571104875,0.9613786399192246,1.4236090488186182,0.35329803250672676,0.4992593945387762,0.33428903475262406,0.5914120584311376,0.4299476044302073,1.0443522981357187,0.4964441608742124,1.3814496532476745,1.3219120524954011,0.5132073991868312,0.7021936404517763,1.2325955615477282,1.1703391062347932,1.1486735206644916,0.9849775523689068,1.0538823937829178,0.23369416918666897,1.3125725015077714,0.27117812558239285,1.4838700598613255,1.5635916927380147,0.566623661619416,0.4339933262624376,0.7021367332075287,1.1435839392481657,0.736458558163558,0.7749494509825567,0.2641629128341231,1.5612637586681304,0.5757377569326365,1.714142380311756,1.0403526860370642,0.3663699133820051,0.0,0.5257454289245095,1.214528866678825,1.1794048173622134,0.3165856994959819,0.9564875673013176,1.109549495896074,1.0440532642615077,1.0416361239161458,0.31323306833353737,0.9845745102334852,0.7766282879219737
SPX.L,1.4860435543333572,0.5068942300785189,0.35748490750800743,1.2607058367300477,1.0510056183877579,1.6878479736684575,1.5166576250372261,1.5934580331363422,1.7055821139984264,1.62853004359655,1.8584729565277345,1.6935077450500637,1.6239137655633424,1.373683956418375,0.2472563105915344,1.8418488199267955,1.7976565374687183,0.6397455788652099,0.32710779997194284,1.112481879467842,1.3321729184841686,0.2915002305181015,1.0165203828292626,0.29194036354911,1.7638391861240357,1.5800901130570706,1.815285146488021,1.8808829656529351,0.035435585384962165,1.4645375383669323,0.49163978055911806,0.16418318423393463,1.6991853950044393,1.203354995690977,0.0911164974783375,1.4879849793875908,1.706113972819804,1.3136062948874707,1.557755707268397,0.8544346364524307,1.0281403497268824,1.1513227175608842,1.8236090446398416,1.7352361311068485,0.9989112816006167,1.629099831497601,1.113080831555101,1.5030731332553455,1.8079234831970519,1.8328717056518413,1.7942127601224729,1.462125068789427,1.804633334216745,0.7152422200683948,0.12309679390326977,0.577459387239212,0.33024370889559895,0.3306015584936589,1.641840852240874,0.32137296702259643,1.7523190215555218,1.7455971208765497,0.14588428391198205,1.3231608329967306,1.594808350518674,1.1610614419103387,1.7189010370186644,1.6393226957543932,1.612695728315556,0.24517272670992718,1.7080193515113251,0.2796461446783203,1.8213287348348635,1.803384219281748,0.6182509773216931,0.43787782408076403,0.9715306155981829,1.7747352002636747,0.23038594619911057,1.1295372926002658,0.11265677298820531,1.7354618240832222,0.17917412398935295,1.7735030221427162,1.6898500010336939,0.6076588804657193,0.5257454289245095,0.0,1.3942823581296535,1.7794712985857766,0.43420548134718573,0.7307829432065479,1.717133696337765,1.6244763411069074,1.2554902531626624,0.34615311053049236,1.6713690675346329,0.7752821469215762
SSE.L,0.40735868315562296,1.0920481377486064,1.3569867659898978,0.9046513355131591,1.0674253375912772,0.5862173021814774,0.5461743947617035,0.6793808391828327,0.4976058948419735,0.26551548250442925,0.48654899948097663,0.5317160149512636,0.60236202982232,0.6370663425504557,1.2348866525653064,0.5268972243317416,0.48030961461325516,1.0183802332468248,1.2380037337227396,0.8514987887786915,0.6071565428906711,1.2936011850238178,0.8460273671952434,1.4710354398435022,0.4594421804455121,0.7326508053121361,0.4749823553722181,0.5513751983949507,1.3661539048125364,0.7709976664335989,1.3438028269295945,1.3258579108703525,0.5075544935096856,0.7462332454698204,1.3897567893507956,0.6795147703870037,0.5315686172866181,0.6230875472760105,0.7101584848087139,0.7144572450560762,0.5358258609564852,0.7501367034973626,0.47595812670837867,0.3848341720936994,0.8399230721081081,0.7265713742799517,1.0113291009024565,0.7145106540641988,0.6104235988471359,0.6187589636888471,0.5520530382289486,0.5838212877563652,0.4638747378787136,1.325687161604106,1.303384185961034,1.118341465973818,1.0803410544387781,1.2992066610830526,0.5024977948710677,1.2081793750450367,0.8313192285502229,0.6267508430192308,1.5414118652774376,0.5925753084258817,0.7384708852196258,0.35131615335643884,0.5153962621269276,0.6110941127790767,0.6022188560558724,1.322034485336728,0.5477986023256318,1.4495354889954424,0.7865408297177124,0.6115329592764334,1.1505584738484094,1.222078617258352,1.1008435854231675,0.5617389070740066,1.1537992818903564,0.5613156185026185,1.4245429057240542,0.670143883228419,1.2441372214469266,0.4266349089362881,0.5252899128664672,1.3056052899166357,1.214528866678825,1.3942823581296535,0.0,0.5098324518351129,1.1606382000531072,0.5451724581032273,0.5041365031060331,0.7096114964926288,0.3292002113753335,1.336739798134882,0.6471451256250861,1.16213342833415
STAN.L,0.17218995975140972,1.2611996501406668,1.3520157370506902,0.8336969846471272,0.6592478942593629,0.22520877073776924,0.2579731407975082,0.47882588254174663,0.07298960153412104,0.36396037306078044,0.11798527162662154,0.06694017487101689,0.07028048284420163,0.3384559719496878,1.5486915521635711,0.15294427863268756,0.06176162021359355,1.4840131351001444,1.5254340902628352,1.1964750218833045,0.7772808773547007,1.5355665240582557,0.6639284860744872,1.6231938030500386,0.26757505533142123,0.1951890417739245,0.21630912074365105,0.18215613549808674,1.813797258365967,0.558007489296673,1.4405592390524553,1.852079477365216,0.1213954881003193,0.49741104385285284,1.6527486236818743,0.39575306177911607,0.10082969589253132,0.2557411531505045,0.16918158222911384,1.2908495488078557,0.8244824147926619,0.38824947185844805,0.023734294816477597,0.17703574173411474,0.7956264942193931,0.0904452719506671,0.6897493224966682,0.23301270245528072,0.16274667787691455,0.15233212603316737,0.053141075157561724,0.19890263014581655,0.2071603750621135,1.1100649560841664,1.7278667330869397,1.0884599966884856,1.552028038273909,1.347328697659583,0.06737516347571737,1.4909514784207945,0.42630388623951276,0.23778067998905106,1.8439985473963647,0.3399638028475995,0.4005325777276364,0.7073294964666688,0.04047539391055133,0.1600141002744524,0.14449052931153117,1.3958527377453942,0.16100372144195974,1.5789957080443475,0.30231850170306673,0.2986981534455305,1.3468523190162185,1.3305712402888463,0.7534420374574691,0.05175749015578568,1.6338907100595816,0.5157456583515876,1.6309784030332781,0.31396290613779043,1.6708811654483442,0.3560469136098956,0.057841700007911556,1.0055091383314887,1.1794048173622134,1.7794712985857766,0.5098324518351129,0.0,1.0990489325048298,1.0484252763581452,0.10799481351551554,0.36729841604050784,0.47050521125438527,1.4745100832609912,0.09979850804976342,1.2396754228182023
STJ.L,0.8275970818613165,0.33061794429310265,0.28733328291265414,1.416623613497647,0.6676181510968033,1.4030900415447145,1.1632339502630327,1.3808574879539441,1.0597142496766638,1.4450010004607603,1.4160845187753628,1.0595591645880602,0.896571416225297,0.5941608043074025,0.3864583234563004,1.365451565248839,1.3106880884488479,1.230142267911215,0.395689974467344,1.5348668726244852,1.5546566670417805,0.48943125913303587,0.3470943003351653,0.5504646529956642,1.5310561647634446,0.9804711475826845,1.5503563204118445,1.493600929056426,0.4245403884535962,1.4236679013262128,0.7444560290184667,0.6434388983221118,1.197930887221502,0.6333172970548108,0.2515751592040847,1.2082106358264801,1.2052937082227715,0.6101306376561353,0.952397688060706,1.2732867065832527,1.049186338654388,0.5571119072092845,1.2344718572479279,1.3554699308840084,0.9826637955800384,0.9020393719837876,0.9325823480955626,0.7817671847744818,1.440869028023132,1.386945578784622,1.1009501827839918,0.9959387254978316,1.5567274799314366,0.5992363133635892,0.5289058627641022,0.3475895074481683,0.5373172216849074,0.30211683210306894,0.9451666949746,0.3870652413990937,1.480264560898595,1.3564983298741486,0.5802552323334386,0.7917022657680528,1.5484673294124436,0.9143582955427116,1.0008091935932726,1.0756667314592896,1.110101240342808,0.20654304338876917,1.3802482621716665,0.39208043345033694,1.5082731056166179,1.5637218721388535,0.8121925722494141,0.32043872907642756,0.5086807241390077,1.1650835659739727,0.6239428304847541,0.8522179187617137,0.2674895623133846,1.5770269208635184,0.47974082380669425,1.657144144027253,1.0284303174939533,0.3727955953122045,0.3165856994959819,0.43420548134718573,1.1606382000531072,1.0990489325048298,0.0,0.555143668443675,1.1108827770423129,1.1868187616511305,0.8291744263186109,0.2619725083698736,1.0743728776716095,1.120187137840355
SVT.L,0.7112512616618216,0.5118515593922779,0.9985976635530149,1.4187223237367927,1.0854249226479877,1.154646998114766,1.1440586114141467,1.0416119039933056,0.9367560893442327,0.8679616105936319,1.0856832497312272,1.0111728305394134,1.0023065345838424,0.6653725898032189,0.556500091722133,1.0270181566807728,1.111488541134838,1.0814474235933444,0.6214337161774272,0.8968916110284864,0.9830575413137087,0.8192942761658948,0.5430365374605217,1.0357112760831673,1.136331752570613,1.1440652250900116,1.1275908289881549,1.1301426207886653,0.6397383451724973,1.1159889838154193,0.9697672805813072,0.6485988352185594,1.0845141398396372,1.034722193628946,0.6919895275276611,1.0224332805418654,1.0383600137843947,0.8912441588990012,1.1650163456258038,0.6907254155605318,0.5557580706304941,0.8703337469237749,1.0458746197204667,1.0223148249037939,0.9920591801559594,1.1191937881798817,1.1511520500221084,0.9958907406923472,1.2207552083545763,1.1695458793203493,0.9882615497625822,1.0233743686985293,1.2035543430986944,1.092709749456453,0.8265925258919071,0.8209731718442567,0.4922428605532425,0.7196465426532203,0.9226731180517385,0.5397893420641271,1.2949982706634013,1.1434353442472482,0.9677105807589723,0.8585167368353487,1.4196711446268597,0.23871670434589087,0.9443161755543741,1.1078200086627392,1.125991156201251,0.8325213052019584,1.1744827749057023,0.9144887293974876,1.2833461840648765,1.127013778286451,0.9871899257742524,0.725835647863585,0.7654651231702223,1.1075574395794665,0.7787557644142928,0.8501751249101499,0.8061602029385767,1.2025599973481063,0.5697058684011485,1.0306380121869716,1.0385708322673721,1.0132700497467944,0.9564875673013176,0.7307829432065479,0.5451724581032273,1.0484252763581452,0.555143668443675,0.0,0.9769844185044734,1.2334399755307672,0.299216190665748,0.7231534785416858,1.1825003025536955,1.3172817525840985
TSCO.L,0.26572824507945736,1.305002839031949,1.3112144743917948,0.6883616562853305,0.49552749136098306,0.16048951818465418,0.28469211009922724,0.2695685715806436,0.12128183150658545,0.459713649635595,0.15686807173840855,0.10189533159768271,0.09558086633754304,0.46725203356494616,1.3336574782861006,0.21799129249598503,0.12626029102861736,1.2772586893567577,1.3618014628590331,1.077323008923442,0.9617562546074927,1.7071908958073414,0.6039503409630183,1.4378589370226647,0.2568328256426924,0.17995908401613736,0.2865798406186587,0.20733955146563132,1.754289660065714,0.6220638962383871,1.2037536213959394,1.8638370278336844,0.07916734572715911,0.5608193228806218,1.6392986620679058,0.23580374214445388,0.1098539603027271,0.3475206444597383,0.19943900654654445,1.4098594905783925,0.7349634020806539,0.2865509272087482,0.10449739730214425,0.2215612339733598,0.5398125226816488,0.12841850632621343,0.47002340262425,0.2158036512125976,0.1394913078887594,0.11293623696811395,0.1301424641007951,0.16461478391899298,0.2199334469095492,0.8936955451271269,1.6063581774592337,0.9649083812269927,1.3899615447368423,1.25826903169972,0.1126373996788026,1.260132342646205,0.34636277961179074,0.12131187601298576,1.742603190382506,0.36219253554473685,0.3616702600208864,0.7162659745586895,0.09646494229264768,0.09491980230328456,0.0789573132940351,1.4406059774582978,0.14291480081565588,1.418711773915979,0.3768439811960054,0.2343575191401397,1.4166847441588588,1.4376978114547883,0.5719926606115413,0.05837469260604422,1.6714582955227675,0.3811326193457991,1.568662630970294,0.2877011559451993,1.454690301235349,0.44449537522532145,0.14190808409005762,0.8375697693803281,1.109549495896074,1.717133696337765,0.5041365031060331,0.10799481351551554,1.1108827770423129,0.9769844185044734,0.0,0.33888353366603663,0.4013488879362882,1.4404150211830398,0.11432988995324589,1.1664012458795239
ULVR.L,0.7263826086620042,1.3969532023870521,1.2160653188127386,0.62274289693165,0.6516742545603491,0.34077368359455684,0.5214178758217003,0.36054237479676754,0.39626968626694825,0.5506190062604467,0.3762590298601889,0.4337882457193424,0.3436527364362105,0.7375748270825669,1.5157139026176016,0.31205059146126635,0.3703224257499037,1.0501334211855515,1.3600519540352707,0.9302668238194074,1.0238997805706491,1.5394299155308895,0.8416704819438481,1.2736375428179412,0.32216209794373374,0.26098434815063876,0.5280967446254441,0.30890824456165655,1.6458795583233925,0.5675447091738544,1.3010716078442741,1.710303362814426,0.27726243303219245,0.7334156174606077,1.5678154560595963,0.3424699864770967,0.2935634932167033,0.6546979144472886,0.30589444655506803,1.4433689263919511,1.1537501047208052,0.5118866352533069,0.38582607379520273,0.40096025866430773,0.6461002141180645,0.3503843307517993,0.5483165443122965,0.2964720746286075,0.31977639250960643,0.2680404218523138,0.2984382541787477,0.3858556296339094,0.3844237819598044,0.8920800039498724,1.4261521768749477,0.8390682857720829,1.5286483733132994,1.3669048251838445,0.3644901916995855,1.4318633569281691,0.319571819182897,0.2854047831240484,1.5113179898011846,0.7017293538822855,0.5313674961658719,1.1306335797753104,0.3084938155917202,0.2958965791995083,0.37614095707686823,1.3715676917870192,0.416175933042767,1.3165016990680165,0.31276925085373186,0.3599484505798336,1.3328777759012853,1.4686697391383143,0.7090973923994623,0.318311536219411,1.5236287591199091,0.6312086236287355,1.511935739186041,0.46976681822071176,1.5584769674414694,0.6256512051296123,0.3777622878284208,0.9265370579706508,1.0440532642615077,1.6244763411069074,0.7096114964926288,0.36729841604050784,1.1868187616511305,1.2334399755307672,0.33888353366603663,0.0,0.8001056117522324,1.4656429839781686,0.3040781807737306,1.1486542820753516
UU.L,0.32239957204052283,0.8984894089977394,1.181806154121606,0.9638393099367134,0.6886662797703791,0.556694433590857,0.5656185282681567,0.5847014528337406,0.3587325540055718,0.5822117105735853,0.4833205811031419,0.38764147799205007,0.44124741382488863,0.4724397954090398,0.9341291795359328,0.5597219353127212,0.4679537010855379,1.119073762750871,0.9964053278911332,1.0815909577340614,0.9204364452852352,1.287260215446065,0.47426326427842613,1.2828221359718652,0.5958308142225164,0.5624547359773537,0.5803863929691953,0.6142263840212224,1.2482313778322922,0.7019612629968035,1.0982090172664687,1.3203901102991493,0.45444343447807933,0.6876073051281193,1.1967131467259757,0.5699652594410582,0.4685305094689306,0.46240785187100075,0.5738418690979531,1.0272463613209333,0.5084020681205477,0.4717023551351648,0.45882443255922667,0.49752491012380096,0.6799220630682071,0.5317288566319802,0.7664894160847224,0.5197091821906084,0.6090449851939967,0.565373111762721,0.4675151925628501,0.4433118870425351,0.6151207616275687,1.0425407930239952,1.2604647027084077,0.8507998269473971,0.8757666849262417,0.9408102562942433,0.3756803478683608,0.8927414576857859,0.8572077204099455,0.5659816287385724,1.436531527701965,0.368197059244078,0.8081757670363915,0.2651983516990203,0.4087449369471787,0.46139577394952713,0.484696211588334,1.1233759950216295,0.5367204801016051,1.212103800921671,0.8043677876904873,0.6182636435294987,1.1635061887926872,1.0762435979957654,0.6253328111296362,0.4592978288411227,1.3062950591285163,0.4501776603043659,1.2201693482164702,0.6459521832575057,1.018402832583831,0.6580992801064673,0.4493609104981645,0.9184421474979809,1.0416361239161458,1.2554902531626624,0.3292002113753335,0.47050521125438527,0.8291744263186109,0.299216190665748,0.4013488879362882,0.8001056117522324,0.0,1.119899916725322,0.5418514985244877,1.2152559882720158
VOD.L,1.134620338107212,0.25104022854168173,0.30138832568642315,1.3216920316516665,0.8786595841141875,1.6936486291132045,1.332280926804449,1.6023493846021202,1.4041224232984177,1.6483208681204622,1.7049512806637246,1.4046692150691946,1.2830648880693591,0.8257048782582235,0.245885086094917,1.7116406241136783,1.6606503023352728,0.9764335029344867,0.18336629217786415,1.4785643623128013,1.6062946296684586,0.48140550221056444,0.5449775429012464,0.3602746912095057,1.7924711232572879,1.3829022007113383,1.8195749398091872,1.8015545360765177,0.296171005278814,1.54616881777479,0.48670377241464713,0.4291200590093017,1.5675867877476584,0.736738184304295,0.23515491150862522,1.5715200955589728,1.6016281711263165,0.9143922761758557,1.3826603030571682,1.1146968957681604,0.9504198791284953,0.9825397045780839,1.5874821330807682,1.6487790607167905,1.1583662974783586,1.3054678720211892,1.0754975883583526,1.1061651410018019,1.7004218681609489,1.7129081797143118,1.4921596171315517,1.433705267350957,1.7952175855946544,0.5373032388646506,0.45472531104197456,0.47268572653895624,0.33341693014237117,0.27990467171345645,1.3402628740775382,0.2402672666655954,1.6509481251003435,1.6631131286462475,0.2938645668478823,1.0175269167330545,1.7006303010139039,1.0486187358360775,1.4094643701960625,1.3931573943491962,1.4290116975435274,0.23871564632674414,1.6413405102105445,0.1799755211003895,1.7193350245907255,1.8184902293316365,0.5558274414192348,0.2823198156135075,0.8460182086299438,1.5088885102825498,0.594470370604439,1.2513416660897676,0.16246370425394996,1.8592579919035384,0.3007237704980482,1.8020225406676813,1.4237034034705471,0.5076731829212062,0.31323306833353737,0.34615311053049236,1.336739798134882,1.4745100832609912,0.2619725083698736,0.7231534785416858,1.4404150211830398,1.4656429839781686,1.119899916725322,0.0,1.424872957146134,1.1088225211953813
WEIR.L,0.3446273156768622,1.2836535137013052,1.1210831439530895,0.5632893337215547,0.4427196058337556,0.19848542506269007,0.17205617592130162,0.40132796280395333,0.13337290731719198,0.5597568150011076,0.192159394756794,0.1056315364323368,0.09178947981127084,0.5368675023905245,1.4340442917155318,0.2672907977893946,0.12205577040325721,1.2323173436695418,1.3843809540000003,1.2558813067828545,0.9733024739753326,1.5407615768295901,0.6921874829791452,1.3454413918539903,0.29617331699625926,0.12919730417807895,0.3222753359229993,0.26845208906795925,1.756274886604214,0.5207097850555229,1.2158086985390257,1.8946499305653512,0.10776992387817907,0.4207888573211189,1.5708197489046103,0.32467474249516026,0.13167565929375802,0.28103541299824586,0.10164602554378221,1.4844604666948418,0.9124370094372586,0.27617322202844086,0.12470320911651256,0.223667689499913,0.5665875649794838,0.06582166847081194,0.4574154704102459,0.19492047266826007,0.1587455513835998,0.14980403088488503,0.16475538182549077,0.12558027991572396,0.23422448337572932,0.81299642021169,1.5496718523564548,0.8688735745979617,1.452313007383164,1.1927936942587536,0.11215709393910633,1.3801340260171073,0.37251368256117634,0.2004698747705681,1.6751413923985965,0.30510268439387345,0.3115050075668472,0.907314112713066,0.1146703927647863,0.08010388981452055,0.09386490523393698,1.2690342212496815,0.15556162296986087,1.3585626937759334,0.34572847087985203,0.32815711189166674,1.2062222062357335,1.3726124461176907,0.644067872899333,0.06924447549701496,1.6473589713786523,0.38954046311414015,1.4687959245077387,0.3232827325132862,1.5594508767386324,0.5363042415828675,0.09106419340084404,0.7739580766882126,0.9845745102334852,1.6713690675346329,0.6471451256250861,0.09979850804976342,1.0743728776716095,1.1825003025536955,0.11432988995324589,0.3040781807737306,0.5418514985244877,1.424872957146134,0.0,1.0387547740106406
WTB.L,1.3719826085764324,1.3198272174712107,0.6631288806886186,0.4802970576061124,0.8278887286268503,1.0355063946156728,0.9828865843922892,1.0004674424989721,1.2660875133730385,1.2808552658071353,1.1533992089120921,1.1780717450182192,1.2624740909383827,1.5641849393581662,0.9671927144293724,1.3263002232610284,1.1161867630607158,0.5198064731358374,1.0506153839231518,1.0114310808645923,0.9946644946198809,0.7473297819112971,1.2914282673945778,0.6298017857708209,1.0022070337491795,1.0652053314324594,0.9713004622238242,1.1428007821384707,0.9144641864060444,1.120140791486183,0.7922511220231795,0.95373007090101,1.0833983114854613,1.0182623166666156,0.7904574077130135,1.0762231920839336,1.2189845779888921,1.220985016337742,0.9895813475348139,1.1304452178171207,1.2336045069108696,1.1055976360682427,1.1913468664467128,1.0759826556504082,0.7154139560667516,1.0961949151317292,0.8793284271475468,1.2970953828239917,1.0774059950787251,1.0913723612418913,1.383223170645603,0.956808581932771,0.9269414389657755,0.8400090327808472,0.5508622169683366,0.9118378147024915,0.8596258373089583,0.9390569600202273,1.281452008781915,1.0577631402955667,1.1069926064271058,1.02120033332516,0.7625848107193267,0.9554877758547737,0.6625905587059265,1.2665466462151884,1.3409797427284498,1.0471820056185916,1.073062061810526,0.7443198543014028,1.0954529854273272,0.8461245202637605,1.2296552697060974,1.1102913690775311,0.8114889831796614,0.9514302645813524,1.0582089453559052,1.155315577486761,0.7649659212312785,0.6234403005209437,0.7611021799093354,0.9724461006710499,0.9575767689387434,1.1825119521187177,1.1370330357016354,0.945043161913974,0.7766282879219737,0.7752821469215762,1.16213342833415,1.2396754228182023,1.120187137840355,1.3172817525840985,1.1664012458795239,1.1486542820753516,1.2152559882720158,1.1088225211953813,1.0387547740106406,0.0
