Date,AUTO.L,AZN.L,SHEL.L,TSCO.L,BARC.L,CCH.L,GSK.L,HSBA.L,REL.L,SMIN.L,SN.L,SBRY.L,NG.L,WEIR.L,PRU.L,NWG.L,UU.L,RKT.L,ADM.L,SVT.L,CTEC.L,AAL.L,BP.L,CNA.L,ULVR.L,MKS.L,HLN.L,IMB.L,STAN.L,AV.L,JD.L,GLEN.L,DGE.L,SSE.L,LLOY.L,LGEN.L,BME.L,RR.L,BEZ.L,RIO.L
2021-01-04,1.0,1.0,1.0,1.0,1.0,1.0,1.0,1.0,1.0,1.0,1.0,1.0,1.0,1.0,1.0,1.0,1.0,1.0,1.0,1.0,1.0,1.0,1.0,1.0,1.0,1.0,1.0,1.0,1.0,1.0,1.0,1.0,1.0,1.0,1.0,1.0,1.0,1.0,1.0,1.0
2021-01-05,0.9923989540450524,1.0022904340455512,1.0686534702222308,1.0050634524283673,0.9977703922620587,1.0037766675312207,0.9995638349607999,0.9953990394453379,0.9885745663015667,0.9980585443037975,1.0035099790577673,0.9982299924811083,0.9843643361171626,0.9888511929304108,0.9967487238538622,0.9826827856792809,0.9868422456246095,0.9887972731697151,1.0100033674330178,0.9914384279139304,1.0077898967336831,1.005831937419384,1.070727119029138,1.0281840545301473,0.9943959602179221,1.0167430447468953,1.0,1.0090293951504257,1.0058265042973231,1.0048990867483456,1.0174362209529464,1.0354522399685486,0.9991521011022603,0.9876343634765467,1.0107649615301053,0.9907939603677054,1.0194877804216451,1.0440892744977486,1.003296669814546,1.002607277430582
2021-01-06,1.0076005413647409,1.0121261527756131,1.1316236218553652,1.0345992032469642,1.080267369728567,1.0142677071832533,1.023546731640542,1.094123795342062,1.0342765005756005,1.0255666139240507,1.0366942710960132,1.0287610136999328,0.9997734745570741,1.021328018759882,1.0473265778241179,1.053526700356837,1.0223684776386004,0.9929246555499139,1.0066688571592426,1.0184075371165573,1.0136319659989605,1.0717339902707137,1.1387033518823915,1.0925127210332422,1.0013450146720948,1.0616439700772786,1.0,1.0290227227513868,1.1001295137925162,1.0642988841587537,1.0496071801639126,1.1163407585610026,0.9994913270136127,1.037422689886285,1.0667429590975155,1.0502492214841452,1.0126095611604295,1.0760660305057062,1.0307692540130424,1.062923539807862
2021-01-07,0.9639787179997721,1.0071409741998796,1.1322379102657936,1.037974668035734,1.087792628692931,1.0071338535916265,1.01598836233978,1.0964901646267238,1.015778093858008,1.0197412974683544,1.0220166094646097,1.099557454098663,0.99682746506242,1.0193890648924153,1.0404623377843194,1.0544711975370007,1.0142544910888716,0.9829009334728405,0.99266419176951,1.0094177292946764,1.0116845847852727,1.0960342006715984,1.159135431650816,1.0694921003299753,0.9968618033575217,1.075723200772613,1.0,1.0564333837781033,1.1053086140625548,1.0713409942874912,1.031679635714036,1.1350856440042838,1.013908013544486,1.041327912739611,1.0589922219266599,1.0548522413002925,1.0152847495174402,1.0765504898385172,1.0269229713574322,1.0968188283140032
2021-01-08,0.9831458797535298,1.0066019594237738,1.127476822801514,1.0367087538795996,1.0654961252670379,1.0201426031724787,1.023546731640542,1.0825555049480755,1.0266594117897778,1.0249192246835443,1.0335035157909271,1.0743361168087122,0.997054129180242,1.0174501110249485,1.0332370470916719,1.039672463277837,1.0258772031932368,0.9817216516815622,0.9883293365830178,1.0141268558278609,1.0107108569905354,1.0975893969807706,1.173674120898673,1.0791736928227293,0.9975343619712921,1.049467463704488,1.0,1.0564333837781033,1.0971083609726406,1.0673607539088317,1.0446955382709893,1.1265281637745432,1.0305293367378676,1.0491375621120758,1.0571264460312109,1.0625239409938714,1.0405042231741601,1.039728770799051,1.0071427845981828,1.0968188283140032
2021-01-11,0.9768670619760903,1.0180545248719453,1.1230228325713207,1.0312239426543643,1.053511757338411,0.9861518769255528,1.013808331776442,1.0732222083226068,1.0163220766378047,1.0074433544303798,1.0063815106101721,1.0464599375543244,0.9943349224783062,1.004847384668667,1.0263727160383487,1.0195218469594005,1.0210526216918514,0.966391403952045,0.9919973223924166,1.001712104908537,0.9961054606999833,1.0725115884252998,1.1740671819345347,1.0783130520438697,0.9899128514587948,1.0220702082042732,1.0,1.0390195446281298,1.0936556714420274,1.0584809510407218,1.0844795283594302,1.102485772757385,1.0028835861271366,1.0377481516685352,1.0381798458657228,1.0563864636650666,1.050439298649301,1.024709422371714,0.9950549113421944,1.0766555589442623
2021-01-12,0.9633178057471008,0.9977095000843795,1.144831996957774,1.016877630238104,1.0746932971279035,0.9836339617207506,0.9934593785548775,1.0853161617805762,0.9931991181108897,0.9825244462025317,0.9783025362764016,1.0407078702654586,0.9698617154736431,0.9927289822197812,1.0317918433315028,1.0277082055296782,1.0100877369243484,0.937205166566021,0.9873290733644544,0.992294689876876,0.9912367473505114,1.0629860354016254,1.1984286696723592,1.0886400840361408,0.968616905465313,1.0232117266363632,1.0,1.0248306983469413,1.1035822692972483,1.0603183583354314,1.053536362483726,1.126324423151568,0.9918590757694664,1.0214774515585932,1.0548298784550476,1.0560029374673585,1.0401222039813849,1.0440892744977486,0.9945054663731033,1.0651832143431286
2021-01-13,0.9699273319459794,1.0144165868211645,1.1346951578497633,1.021518907084923,1.0615942850977356,0.9760806266583092,0.9975291338821831,1.059944989722603,0.9874864677551065,0.983495253164557,1.0038289687754391,1.0632741624142916,0.9907091979799783,0.9849732259726957,1.0220373777984155,1.0081864481130518,1.0282894603984254,0.9298349843532363,0.9829943815662697,1.0059929957059102,0.9892892917610372,1.0596812676146403,1.1941060804281756,1.066480104111733,0.9755659599194858,1.0125572835601715,1.0,1.0364401352152735,1.076823628551461,1.077464733787647,1.0510804946820769,1.1297878890538793,0.9942333253876506,1.0260330405424882,1.0404766330095114,1.0548522413002925,1.051203571258759,1.0232558225512418,0.9631867673909699,1.041891007484117
2021-01-14,0.9547258455443323,1.018458637746369,1.154815146535358,1.0185656178777014,1.0650779606475778,0.9794376074427323,1.0126456076061532,1.0732222083226068,0.9948313324240134,0.9883496835443037,1.0130823229846952,1.0725661092898202,0.9884433195136866,0.9747939550596213,1.0346819778112668,1.014169069472388,1.0245614814285045,0.9324881779199414,0.9839947264789869,1.001712104908537,0.981499618154713,1.0937013087278156,1.215128052347698,1.1015491205342447,0.9760145374395577,1.050989410839651,1.0,1.058368316268869,1.0750972178120357,1.073178020989317,1.0454322892404464,1.161369057185903,0.9923678316961744,0.9952729602656316,1.0465048621603852,1.0740312553863562,0.9911896677276228,1.0334303558284297,0.9609889875146059,1.0658787610880465
2021-01-15,0.9352278744510941,1.0229048674160661,1.1388423326726373,1.0194092543542026,1.036789539536421,0.9672681287174839,1.027325474828333,1.0602076602551875,0.9931991181108897,0.9676376582278481,1.0063815106101721,1.053097177916537,0.9918423105567443,0.9636451479900321,1.0335981887580459,0.9984259275758345,1.0271929920489773,0.9248230886849411,0.9746583101172164,1.002996497852955,0.9698151821210129,1.0355753349023717,1.188408919828234,1.0890703222563152,0.9849813702904873,1.0624051759677322,1.0,1.0541759757118985,1.0567545655244721,1.067054281489161,1.0189097228918609,1.140586765512872,0.9847354145713868,0.9890890271360431,1.0315773375910424,1.0471806591806554,0.9636669532786546,1.0261628743108264,0.959890097576424,1.033547600372254
2021-01-18,0.9368802055417932,1.0323362756614969,1.1285518040342,1.0248947802660329,1.0543477670424717,0.9723038564890971,1.0174420986495836,1.0595502996762465,0.9869424184818765,0.9673141613924051,1.001595416658378,1.057079440863192,0.9886697756191644,0.9597672402550986,1.0267342217588218,1.0122796273981904,1.0129386351421226,0.9156839491554806,0.9766588365543432,0.9957192139569653,0.9595911890278461,1.0400465486612482,1.1801572833314165,1.0654043442227865,0.977807719409941,1.050989410839651,1.0,1.044501787486857,1.059343983711254,1.07440295918579,1.0311887807689817,1.1281580887583431,0.9828697549992693,0.9952729602656316,1.0384670403195324,1.046029727865706,0.9632846998619718,1.0101745332771876,0.9406591879142923,1.0384146375766743
2021-01-19,0.9296099689263259,1.0404204433819748,1.1299342582699952,1.021518907084923,1.0232719368403136,0.9676878154642814,1.0250001147802734,1.081767010352101,0.9918389284343808,0.9686085443037975,1.0363752033666715,1.0539820800876425,0.9956944911605501,0.9522538236300556,1.0364884142513346,0.9905541327706227,1.018859752083964,0.9174528372126397,0.9729911775215595,0.9974315283741791,0.9659201965662784,1.0209952476538509,1.1836936302649543,1.0843372909881197,0.98206684707537,1.0228311817718545,1.0,1.0341825690728061,1.02848518343345,1.0597059843854157,1.0061396226489356,1.1155257960691027,0.9927068087865648,0.9874615589579553,1.0334433330541164,1.0276178837490004,0.9489501967363709,1.0140505037023946,0.9499999202608126,1.0285067617201757
2021-01-20,0.9368802055417932,1.0300459074860149,1.134234746854273,1.0223630540518494,1.0195095203813713,0.9639110452950693,1.0027617016722956,1.072696384259217,0.9961915221005222,0.9828481012658228,1.0647734794647932,1.0628316436031786,0.9898027495210342,0.9493455112744186,1.0263727160383487,0.9855166353908681,1.0271929920489773,0.9195164937729807,0.9736579652044992,1.002996497852955,0.9883156383420864,1.0400465486612482,1.1899806830159938,1.1110153474091458,0.9757901461240759,1.0479452842464532,1.0,1.0532085489855811,1.0125163459125965,1.0655237272070057,1.0198919950442205,1.1422168151849357,0.995759924929057,0.9897400303339619,1.0272710675410874,1.0253163738409268,0.9571686451950487,1.0406978373460323,0.9543955639495273,1.0488439177761462
2021-01-21,0.9643091236670871,1.0307194948134566,1.1033639124770065,1.021518907084923,1.008918643975005,0.9689467730666825,0.9918606659304248,1.0874196190335432,0.9899347559780756,0.9669902689873418,1.0366942710960132,1.0840707179464744,0.9843643361171626,0.9641297680113358,1.030346821598383,0.9905541327706227,1.015789533359897,0.9227594321246001,0.9813270855823053,0.9970033973927064,0.9922103263936757,1.0373249063801846,1.1526525096959164,1.0985369599774921,0.9757901461240759,1.0867581887133135,1.0,1.057723365117991,1.0174795788660882,1.0701165318321229,1.0218566330593148,1.1267317797092544,0.9867706870991806,0.981928788293123,1.0137790761055423,1.0314537335957896,0.9827796241127891,1.0009690665469813,0.958791207638242,1.0297233718537804
2021-01-22,0.9487771306800836,1.0478307602947343,1.0904624467241726,1.020675372706507,0.9967948523360182,0.9517413612938381,1.0030523606417383,1.0709872950537924,1.01713815054765,0.9676376582278481,1.0552010575261954,1.0884954319786821,0.9922954307800442,0.9510420662970612,1.0079479380794945,0.9792194502664658,1.0228069844691696,0.9248230886849411,0.9853284652331739,1.001712104908537,0.9912367473505114,1.0215784706397966,1.1394894739541153,1.0778828959929505,0.9813941859061538,1.088660680712985,1.0,1.0638503220132023,0.9967631118118149,1.0688914984874287,1.0179273570291263,1.1035044758722599,0.9866010741435043,1.0069894251597964,0.9981338947531132,1.0168777393258734,0.9927185642824,0.9975775554545855,0.9472526114793709,1.0213798795033455
2021-01-25,0.9580302049716062,1.0639989639955518,1.0605129040491648,1.0286924206363508,0.9554067801249744,0.9370541726397701,1.021075512352653,1.046667610123192,1.015778093858008,0.9550162183544304,1.02807920836878,1.1022122283375393,1.0061182670824418,0.9156566912208267,0.9804913419744001,0.9543450049056009,1.0445175005888911,0.9660967047083797,0.9819939549593988,1.0235443756138605,0.9922103263936757,0.9778382088942333,1.1027505915905258,1.057874271507926,1.0008967448183606,1.0780061214753571,1.0,1.055143481476347,0.9816573477124365,1.0450091998814834,1.0044203183959932,1.0584760525590957,0.9820218561015296,0.9926691067407937,0.9712931797574897,0.9827387344764186,1.0068615893637987,0.9496125323536687,0.8983517574223124,1.021553766189575
2021-01-26,0.9662918604251011,1.0714092809083113,1.0700354547467472,1.0270042288005834,0.9715720486668633,0.9450272970870004,1.0245639497410735,1.0521888432884903,1.01822624909411,0.9485438291139241,1.0433950834705363,1.1119466940241811,0.9995468104392521,0.9297139883143977,0.9916906472135573,0.9663099789959515,1.0348685388591456,0.9398584986517596,0.9799932651339646,1.0132705938649156,0.9980526931620984,0.9760885399363962,1.1094305851385053,1.06153178939494,0.9914818472245881,1.0924660131966362,1.0,1.048371494392126,0.9926630182539171,1.0639926020355248,0.9739685697275943,1.039119758214494,0.9879581436695551,0.9887634857203743,0.9877995053360971,0.9888760942312815,1.014506774809406,0.9333333826271197,0.8967033385790527,1.02711617966177
2021-01-27,0.9689357112718691,1.0481003006178218,1.072492608388461,1.033333493287,0.9358975792784626,0.906420324539276,1.0180232400034328,1.0520573872726429,1.010337335151973,0.915857753164557,1.0293554792861463,1.1190262500208257,0.9929753537960624,0.9032960675954615,0.9689306220282946,0.9304157730670917,1.0361841935328695,0.9484081011748561,0.9899965508728286,1.0136986200920497,0.9853943062063024,0.9154352989985293,1.1094305851385053,1.108863991969763,0.9811703073679011,1.126332066747755,1.0,1.017413997226236,0.9671991195885801,1.0526639694048994,0.9359037901817203,0.9690302407692966,0.9677747825263323,0.9542642979016116,0.9544997695088854,0.958956583000266,1.0190941671454594,0.9220931423346992,0.8752747329765438,0.9966972610630715
2021-01-28,0.9639787179997721,1.0305848563920512,1.0496088385383449,1.0274264043821315,0.9516444701776517,0.9211079237453096,1.0081396872396475,1.039437368252173,1.010065310515358,0.9122979430379747,1.0038289687754391,1.1106194084930834,0.9766599055721029,0.9372272864938775,0.8930635680323368,0.9436401662737679,1.0254386963626678,0.9286556333024413,0.9826608243364924,1.0,0.983447073744187,0.9510107313809254,1.086444029473205,1.1398450057773204,0.9690653804299391,1.1194827238323424,1.0,0.9796840387473373,0.9810099436851519,1.0453153868564913,0.9562868275917455,1.013447379869404,0.9983040363238793,0.9715138519942836,0.9608151931135688,0.9631759590447635,1.047763524732522,0.9393411367861904,0.8521977085307753,0.9881799672649789
2021-01-29,0.9319233131877376,1.0092967698240254,1.0274922950910381,1.0101264964643943,0.9304627173649196,0.9076791795036858,0.9861918448085942,1.0063101302597903,0.9861262780785978,0.9181230221518988,0.9837269217102186,1.0814157405309168,0.9630636640500794,0.9185651220220269,0.8471821029548633,0.9294712758869279,1.0111842723648046,0.9136203618546562,0.9609870385689537,0.989726008742378,0.9746835979673395,0.9385692583875712,1.0667975908208165,1.1140274257966432,0.9504596688915387,1.0772451479077758,1.0,0.9480810371636502,0.9581355291807155,1.026331699257787,0.9172395884727618,1.0040748748036317,1.0003392259113524,0.9659810016960325,0.9473229821103983,0.9359416602804421,1.0229165842003327,0.8885659242159791,0.855494462281308,0.9714929825641092
2021-02-01,0.947785711842056,0.9954190660388283,1.0109050049333776,1.0270042288005834,0.9395206785386648,0.9190096952873048,0.9861918448085942,1.0088079555602998,1.0038085443929112,0.9420712816455696,0.9984045833416221,1.0721236582042677,0.9786993279329168,0.9251090024905548,0.8486271246879828,0.9508814904072378,1.0381578097254722,0.9280662348151106,0.9733246530571831,1.0145547773006567,0.9737098701726022,0.9687013087278155,1.0495086767111457,1.1187607035726042,0.9583056732749635,1.0654491863994937,1.0,0.9448564394855218,0.9620199533444227,1.0404163001081455,0.9818271217879715,1.0183372795090675,0.9981343404278825,0.9842070207688735,0.9623938843390207,0.9474491510338394,1.0523503315088072,0.911821746767221,0.8719779792260112,0.9859202074911407
2021-02-02,0.9649701368377998,0.9943412340968245,1.0112121961097196,1.0329114198035367,0.9767277436248268,0.9387326117129859,0.9941860259784842,1.0291836380166612,1.0144179041814994,0.9692556962025316,1.0041481145164506,1.055309568795421,0.9830047674349186,0.9294715894695735,0.8652455572202941,0.9757560253108768,1.028070072801124,0.9236439454126963,0.9833278571018934,1.0111302532205675,0.9931841285641992,0.944401390767004,1.0019648242236219,1.1067124721918697,0.9632371544432711,1.0540338859171567,1.0,0.939374275664926,0.970220206434337,1.0541947139834964,1.0007367509694574,1.005704986819827,1.0325646092656613,0.9829052532732918,0.9758863149098165,0.9689297926019184,1.0664937079260668,0.9182170979688125,0.8901099150139741,0.9765339916933307
2021-02-03,0.9606740558183742,0.9835624535863025,1.0259560573825601,1.0396625535772464,0.9880155255597531,0.9236256336741291,0.9316860480516137,1.0215591890975066,1.0059846749923982,0.9760519778481013,0.9878748021916598,1.0539820800876425,0.9873102069369205,0.9384390438268719,0.8728321716063651,0.9776452882995263,1.0258772031932368,0.9224645943619013,0.9806602162052118,1.0128426723921198,0.9951314354021007,0.9488725070458561,1.014931329447492,1.1153183047956772,0.971979595978719,1.0593608170516624,1.0,0.9429217441091498,0.9628831587141354,1.092774082538037,1.0007367509694574,1.014466082984279,1.0105157544309622,0.9757447755301157,0.9811971068452293,0.9666283414808156,1.0718454899835317,0.8903101109073225,0.8791208477601807,0.9798363896759724
2021-02-04,0.9593521303949902,0.9947453469712481,1.0053756577014754,1.0320676812289507,1.0157468908991891,0.9248845912765302,0.9338662551999879,1.0411465379573008,1.0108813179317697,0.9792881329113924,1.0028717655874142,1.0389379304721271,0.9882166553958645,0.9331069799141198,0.8872832080592841,1.031801384814817,1.0010964683494479,0.9171581379689744,0.9866621222932072,0.9948629519940198,0.9931841285641992,0.9393466615821086,1.0017683538251518,1.1067124721918697,0.9116795577152821,1.0570777801874822,1.0,0.9219606736293464,0.9758309093892321,1.0710348073124834,1.0228389052116744,1.0081499366396587,1.0149254424575813,0.9650046163492824,1.0366009350726455,0.9850401855975213,1.0806373185672336,0.9098837615546176,0.8824176015107135,0.981748546554495
2021-02-05,0.953403819202907,0.9801940558586091,1.0334820533184303,1.0396625535772464,1.025780285487355,0.948803964618221,0.9199127705238607,1.0319442948491622,0.992110953070996,0.9618125,0.989789442602719,1.0438051633154477,0.9646500355250416,0.9343188556926774,0.8815028480862314,1.0727333567517534,0.9850877486652747,0.9050707593315598,0.983661332637517,0.978167834049015,0.9853943062063024,0.9657853887581357,0.9903734915501196,1.1140274257966432,0.8921768962476295,1.0528920190007585,1.0,0.92067077132759,0.9674149209310083,1.0465401347565224,1.0471513123622633,1.0562347810181072,1.0184872315864608,0.9568679125261934,1.0621500435128142,0.99156089518918,1.0771969207051357,0.9098837615546176,1.014285821004326,0.9768814241115029
2021-02-08,0.9514209815268516,0.9820802452895984,1.0486870771248071,1.0286924206363508,1.0275918351174562,0.9681073995730876,0.9229649545805628,1.0264230616838639,0.9953754481906771,0.9686085443037975,0.9837269217102186,1.0349555320743513,0.9605710521285176,0.982064854394277,0.8966763498989477,1.0869022471385934,0.9848684281589818,0.9080187906609637,0.9726576202917822,0.9713183668714823,0.9776047813515509,1.0034991429556255,1.0292731875801129,1.135542048390789,0.8865727539101058,1.0213091184752556,1.0,0.9306674351280706,0.9874837860356409,1.0505205654316236,1.0171905123492937,1.0784432570519629,1.0076324171247875,0.9405946641468529,1.082244762790665,1.0023016274820153,1.0771969207051357,0.9011629020385816,0.9890110166821934,1.0012165248950329
2021-02-09,0.953073110781468,0.9851791685642736,1.0453082560118112,1.038396741519197,1.0291250698849366,0.9576162572830635,0.9280523694709901,1.0385171761412404,0.977965140019545,0.9556636867088607,0.9872368227563161,1.033628178817693,0.9687286722343251,0.9704313680806027,0.9183526770445142,1.0938292761353197,1.0,0.920401007061077,0.9839947264789869,0.9811644366563086,0.9785784347705017,1.0069983833912755,1.0204325006046515,1.1415662051657838,0.8854519254426011,1.024733673771526,1.0,0.9477588777407361,0.9840310305309089,1.0462338526332937,0.9936150435889125,1.073349492101061,1.0213705688926356,0.9360381195619334,1.0777951150814304,0.9911774865654136,1.0779614275385012,0.8874032070290968,1.0214285216665222,1.0029550508030411
2021-02-10,0.948116117509371,0.976421479386423,1.0468439300667545,1.0413504391187587,1.0289854331513368,0.9483842778714235,0.9265988097462226,1.0482451628130656,0.9646355338648065,0.9459549841772152,0.989789442602719,1.030530750316583,0.9687286722343251,0.9442557869837092,0.936054989643571,1.1032749642791486,1.0096491630027709,0.9145048058832358,0.9803268223637419,0.9833048820549952,0.9824732715736638,1.0548212060384585,1.0180748558230117,1.1622201869810704,0.8827618960984114,0.9996198036197994,1.0,0.9616250113320921,0.9997841986575718,1.0661361011570214,0.9798624837728772,1.1022819074461463,1.0110244274173497,0.9373402055911897,1.076503398742163,0.9930955878497207,1.0760502775670413,0.899224916825978,0.9906593515894664,1.0293757689584648
2021-02-11,0.9603435492330178,0.9762867092248793,1.0228843335036506,1.0316455056474023,1.0170011717343297,0.9924464596615759,0.9122094249084495,1.044695850385183,0.9929270934742745,0.9488674050632911,0.9958519634952192,1.0190265480132912,0.9673691728895293,0.9709160473246878,0.9320810661105862,1.0843832298203941,1.019736899927119,0.9159787869181794,0.9943315694476282,0.9845889607363979,0.9737098701726022,1.0355753349023717,1.012966865940636,1.14586908038306,0.8749160968258782,0.9851599118985205,1.0,0.9606578217201684,0.9937419589919392,1.0719536536821694,0.9972986110154485,1.0982070949866465,1.0267977687726706,0.9431983584048534,1.0641595264189805,0.9961641501532106,1.0684052092333876,0.8972869316133746,0.9719779708324124,1.0276376692433151
2021-02-12,0.9788498996521456,1.0066019594237738,1.0430042282469896,1.0151897446965916,1.0165831136264896,0.9966428139395941,0.9287790168945967,1.05639543579561,1.0155060027279597,0.9689322784810127,1.0035099790577673,1.0137167286332969,0.9703148356969429,0.966068781101584,0.9595375712021558,1.0790303627906077,1.0350877251834216,0.9295401465905375,0.9993332123170603,1.0051369432516417,0.983447073744187,1.035380862253707,1.0286835359068591,1.1462994007724896,0.8879174609158632,0.9920092548139332,1.0,0.9632376263236813,0.9989210592619778,1.0673607539088317,0.9874753272296017,1.095354601576733,1.0206920341296102,0.9256234221633501,1.0650207804289713,0.9969312025486268,1.0664937079260668,0.899806312389759,0.9895605455872711,1.031461812523217
2021-02-15,1.0168537165743048,1.0,1.1027494361820664,0.8156845732754383,1.072742536810682,1.0079731244472303,0.9354652327019948,1.0791376485360407,1.0179544239377956,0.9741101265822785,1.0210592502532454,1.0371679229532353,0.9805121555133568,0.9663111207236266,0.9931359419872512,1.131612118253411,1.0464913180545192,0.9354362092493452,1.0193397021006345,1.0171232489264774,0.9863681827526121,1.0859254246619783,1.0958741276440764,1.1703958635339584,0.8928491471950624,1.0570777801874822,1.0,0.9887132758215006,1.0381960459203616,1.1031842493918602,1.0378192583629715,1.1503668141687264,1.0390094868797537,0.9523113679412739,1.1221471166763697,1.0421941131668,1.1127469569044406,0.9310078743126753,0.997252775154545,1.0752649768858564
2021-02-16,1.0079311488681386,0.9881434534175434,1.0979884426600426,0.8086743145619538,1.083890575500389,0.9953837536992015,0.9251455148990092,1.1246222350163086,1.0144179041814994,0.969903006329114,1.0143587499254014,1.0203539012699492,0.9614773619125654,0.9772176473939548,1.0086704944528166,1.142002482662952,1.0221491571323076,0.9283607955397425,1.0336779247201444,0.9961472401840995,0.983447073744187,1.095839825502958,1.0931241432601064,1.1587778703733984,0.8980050196788517,1.0517505005686683,1.0,0.9758141737658057,1.053949082098787,1.1090016116205663,1.0353634842716974,1.173594118005721,1.0320556045179914,0.9233450304207623,1.1333426503195643,1.0467970154090056,1.1276548401550657,0.9684109889159225,0.9939559374680257,1.0881277330682528
2021-02-17,0.9801715223214056,0.9998653615785946,1.1047459909437787,0.793318609428166,1.075529519855204,0.9836339617207506,0.9276162044317899,1.1364534374419901,0.9956474728272922,0.9611651898734177,1.0003191457410114,1.0247784798510362,0.9796057070544127,0.9481337539414242,1.0108380725592585,1.1218518663445156,1.0245614814285045,0.9262972082389181,1.0203401287075053,0.999143633282716,0.9673807882583839,1.0806765152684912,1.1025546021477437,1.1351118101706146,0.8921768962476295,1.0258754245264883,1.0,0.9706547226350428,1.0735866743891571,1.1071646800669614,1.0206288397240528,1.1744090804976208,1.0332429781480454,0.9295288839169321,1.1174103842971381,1.0218642853397288,1.1486788951845672,0.9912791404839639,0.9516483391040723,1.0837822706839493
2021-02-18,0.997686554820547,1.0043114595081535,1.067974079828559,0.7711197801460676,1.027731471851056,0.9790179206959349,0.9006375426143839,1.1021430953069802,0.9836778568687617,0.9527508702531645,0.9412890414277072,1.016371435146613,0.9687286722343251,0.9541927774975224,0.9989159379062047,1.0787157990255418,1.0054826101112726,0.9254127642103387,1.0176725695049775,0.9734589170245075,0.9479067529941461,1.0750389530177475,1.0586883172075905,1.1260757393466327,0.8897111556634758,1.0125572835601715,1.0,0.9167709508943204,1.0554598234440218,1.1083895231152137,1.016699376273114,1.175020177678282,1.028324368314077,0.9236704922030123,1.0760726070614486,1.001534222364774,1.116187237654585,0.9044574029593279,0.9203296401219389,1.0837822706839493
2021-02-19,1.0039655744340692,0.9735920305647661,1.0730430160649713,0.7597699954760339,1.0705127160495012,0.9756608372735203,0.8833370651637632,1.1146313363127884,0.9578346519756962,0.9653723892405063,0.9403318382396822,1.0216812545266072,0.9569452582927415,0.9781871243276882,1.0231212578651612,1.134445967964998,1.0,0.895047106514003,1.0226741306802558,0.965753292638368,0.936222093833087,1.1158630998335821,1.070281513584383,1.116609183794711,0.8753643666796126,1.050989410839651,1.0,0.8993515000370293,1.0627968711642235,1.1160441974904085,1.0437131724082545,1.2231050844008622,1.016451793178026,0.9194394094003429,1.0963110333500166,1.014959990763391,1.1089241885137064,0.9560078835552601,0.9302197335015634,1.1041195119784912
2021-02-22,0.9805021298248032,0.9695500455096308,1.0985404473549008,0.7447482531783389,1.0748328273498833,0.9660092737530741,0.8762132716368762,1.1348758847521165,0.9461371271472143,0.9569579905063291,0.9029992756616462,1.003982195221095,0.9363243705667802,0.9743091573699731,1.030707963264757,1.1505041213404876,0.9793860864117427,0.8629126992795417,1.0273425430965255,0.9413525503072235,0.9113924813220089,1.0913686117440815,1.1001480201248692,1.1080033511909038,0.8583278047401742,1.0605025678066247,1.0,0.8961258748631948,1.0802763180820742,1.1475811704715488,1.0309431658757042,1.2410350073522434,0.9991521011022603,0.901213390327502,1.1029137611923225,1.019179249233947,1.0733746207622161,1.021802370612129,0.9197800272808744,1.0985570985062962
2021-02-23,0.9672834810992114,0.9614658777891528,1.1011516662960645,0.7494216909219387,1.1091135921927835,0.9668485446086778,0.8830462296092845,1.125279354096139,0.9417845334810728,0.9640778481012658,0.8994894526272185,1.0137167286332969,0.9481077845083639,0.9670382580353174,1.0260115743719749,1.17002578921434,0.987938646883049,0.8800118350662179,1.0300099389107458,0.9554794061350845,0.9089583105867387,1.0888412471516338,1.1140988612833016,1.1222031023495314,0.8787270571930185,1.0958905684929063,1.0,0.9032225505905295,1.0949503475483588,1.147274983496541,1.0412573046066051,1.2369599455162164,0.9979647274722063,0.8973076896736638,1.1258788880348929,1.0287685799160664,1.0645825579546069,1.0334303558284297,0.9313187073757322,1.0971666016864623
2021-02-24,0.9550560493755645,0.9593101480350761,1.1378617634069925,0.7604376148539645,1.146739141433265,0.9626520876926682,0.8817378227842021,1.1286972105081738,0.932263272238945,0.9851134493670886,0.9151243954583166,1.014601766255523,0.9388170518257902,0.9917593868404847,1.0339594214379446,1.1747480960296106,0.9688596413838003,0.8670400816597406,1.0306771350644541,0.9516267510735225,0.9269717541588707,1.104782253020711,1.1742243342055265,1.1510326785484506,0.8605694103974608,1.109589254323732,1.0,0.9032225505905295,1.0992663743969224,1.1417636179464008,1.0446955382709893,1.232681267745478,0.9989824881465841,0.901538852109752,1.1291804166317645,1.052167087620569,1.0569373725089994,1.0843024306889313,0.9445053866339159,1.1046410015600363
2021-02-25,0.9451420628313707,0.9446717108209111,1.1478456645226225,0.758434807769215,1.1325938657614882,0.9710447962487045,0.8839185596876846,1.1440780473605519,0.93715998167175,0.9747573575949368,0.8969367547691459,1.0154866007010679,0.9347384151165067,0.9869121798401624,1.04804913419744,1.1643578211628438,0.9699561768242565,0.8770637344772974,1.036012171775356,0.9571917205522984,0.9274588411835982,1.1483280421176092,1.1968208348080136,1.1187607035726042,0.856622769175484,1.113394470645947,1.0,0.9032225505905295,1.0315064682015633,1.1414573358231719,1.0417485343931603,1.2428686729590184,0.9838112105786729,0.88396383623483,1.1255919131487084,1.0345222958992797,1.0489100507586628,1.0857559565687236,0.9675824110796846,1.1263687396744124
2021-02-26,0.9091207808311428,0.9359123090212617,1.109599611529984,0.7504230178907495,1.1121077403378783,0.9391522984597835,0.8656005992589786,1.1205470985250363,0.9208379050339452,0.9475728639240506,0.884173577525462,1.000884834445545,0.9136641991549013,0.9607366579660505,1.0177020395584824,1.159949988569865,0.9421052232564003,0.8844340552091156,1.0296765450692758,0.9374998952456615,0.9172345505872861,1.0779548729874273,1.1465197234817417,1.1351118101706146,0.8368942293383851,1.0799087296364647,1.0,0.8599969918087252,0.9971947144966714,1.108083240991985,1.0196464738613182,1.1845966103994252,0.9541274504095676,0.8621574986569824,1.1195636839978347,0.9946298102144948,1.0443230097584706,1.043604741224258,0.9499999202608126,1.0754387783335144
2021-03-01,0.9272966246649142,0.9406289353249456,1.126341812467396,0.7430791026354272,1.1242321710465843,0.9555181314630502,0.8727244810783836,1.1046405986086754,0.9273665628061399,0.9779938291139241,0.8870453431128763,0.992035338655569,0.9326987847433484,0.9723702627252879,1.0505779449837804,1.1690809338630803,0.960526401418787,0.8903301178679234,1.0426808655462914,0.947773991257622,0.9191822293041193,1.1267494739977884,1.169312333765933,1.1592081907628282,0.8460859150043027,1.105784038001517,1.0,0.8819325234085257,1.0142426906779032,1.1285976731692864,1.0279961619978752,1.2076197995486535,0.974990839241587,0.8755017502629098,1.1197071714409268,1.0356731096402871,1.0382067208676402,1.0794574676574222,0.9736263896756722,1.0956020477032553
2021-03-02,0.9348972669476965,0.9271529072216124,1.129106626996731,0.7424114322084541,1.1303640450003072,0.9509022957142172,0.8786846675098013,1.114105431749695,0.9273665628061399,0.9805825949367089,0.8860880619131816,0.9792034444678173,0.9383639316024903,0.9444983042740963,1.0722543631428718,1.1690809338630803,0.9677631730343526,0.9018278902394572,1.0670223739046651,0.9516267510735225,0.918208501509382,1.149883335906806,1.1655793961950032,1.1583474678147136,0.8546051446118959,1.105403493137008,1.0,0.8819325234085257,1.0410013973978092,1.1420696146249667,0.998280883167808,1.214954960728808,0.972276783129806,0.8673648871729833,1.1161187777416832,1.041810586969092,1.0473809199799786,1.0673450970489906,0.9785714783334778,1.1187205383531806
2021-03-03,0.945472569416727,0.9155634637696834,1.1446200632287746,0.7404085740746621,1.1869450411757945,0.9530004215342306,0.8779580200861947,1.1381622046486004,0.9317192894591484,0.9864079905063291,0.8707721868114251,0.9862829327389016,0.9179696386569032,0.9316528237363013,1.0726155958227706,1.202455943388193,0.9480262060162251,0.8991744888942018,1.049349722705534,0.9280820611966465,0.9065240654756822,1.1605753349023717,1.1981963680751475,1.1583474678147136,0.8546051446118959,1.1297567382054614,1.0,0.8870935553019134,1.0725076676770162,1.1733007812239828,1.0262770451656833,1.2212712941058237,0.9760087657966061,0.8471861770400608,1.1601838044504382,1.0840044649880087,1.0401181050630075,1.1090116312386062,0.982417509181128,1.1185468221440944
2021-03-04,0.9335754424423538,0.9240533252462454,1.1695030182237642,0.7320630766053162,1.1613024752128822,0.9655894843682852,0.8898793641667287,1.1213355931210105,0.934983718085396,0.9870549841772152,0.8672622857653276,0.9862829327389016,0.9394969055043603,0.8793018984336404,1.0661126794763955,1.1747480960296106,0.9668859581001893,0.9260023704762195,1.0213404736202225,0.9456335458589353,0.9191822293041193,1.1224727328875768,1.2304206396361954,1.135542048390789,0.8640210164824036,1.1339424993921854,1.0,0.894513022757212,1.0301822356900323,1.1876912836046867,0.9955795878936317,1.166666687448044,0.995175942131543,0.8579264954877316,1.1581741019766465,1.0797849713695695,1.0187119137287768,1.1080427125729841,0.9917581575916616,1.022184616858587
2021-03-05,0.9140777741032398,0.9241881612778583,1.1891639111054495,0.7477525403790269,1.1955854767997987,0.9815359385387286,0.9035453684040633,1.1505193921370789,0.9241024001536264,0.9744337816455696,0.8624760357901938,1.016371435146613,0.9381373368221164,0.8674260724979234,1.0624998976097846,1.184193963258988,0.9864036046120238,0.9242334824190603,0.9866621222932072,0.9576198515337712,0.9469330995751952,1.1327758840658373,1.2528204293623688,1.1174698245735704,0.8723160086076837,1.106925556433607,1.0,0.8983839152344496,1.0776659201255303,1.1953457676834398,0.9587426953933947,1.1532191828903762,0.9978899153030034,0.8530445687539807,1.1504232550219782,1.0698118793418587,1.0271216060077495,1.0518411414074829,0.9923077704327261,1.0180109954347927
2021-03-08,0.9163910174466101,0.9439979258832616,1.187320670105141,0.7337321760991854,1.23976319484586,0.9815359385387286,0.9102327320141961,1.1975813703078135,0.9273665628061399,0.9870549841772152,0.8710913325524365,1.000884834445545,0.9422161122062961,0.8936014759264723,1.090679141101726,1.2106425705867925,0.9655702363354569,0.9153892499118154,0.9776591814670603,0.9434932052145871,0.9216165487909621,1.1736001283616961,1.2522313788837247,1.1183303010139194,0.8720918224030936,1.134322811933822,1.0,0.8941903100673793,1.0986021469693568,1.2146356422571518,0.9798624837728772,1.1905052131539635,0.9968723205092669,0.8517426419915617,1.1993682819854314,1.0874566710631484,0.9938653245324481,1.128876016638132,0.996153885216363,1.0503563057534842
2021-03-09,0.9428286176519177,0.9609777147064547,1.191007152105758,0.7384056138427851,1.224851461557773,0.9907677126743858,0.9147392704283281,1.1761535567264507,0.9377040309449801,0.9990292721518987,0.8723674474464636,1.0212388034410544,0.945161983026054,0.9137178557989231,1.117774413513397,1.1926956019365236,0.9807018752674834,0.9018278902394572,0.9829943815662697,0.9559074323622188,0.9152873181251708,1.1218894124216066,1.2388700691596244,1.1084336715803333,0.8781447473715809,1.171994081807156,1.0,0.8887065654841587,1.0757235760954391,1.2121863367535313,1.012524579060023,1.1609618253164806,1.0041660093646256,0.8696432789155712,1.1808524735006578,1.081702955079935,1.0133604830071727,1.1031977495414755,0.9917581575916616,1.011924620462474
2021-03-10,0.917052131535364,0.9691981017299983,1.2017588432777317,0.7417438128305234,1.212448183428347,0.9953837536992015,0.9188101735583686,1.17286707583056,0.9387921959848738,0.9906148734177215,0.8781111346446315,1.041592772436564,0.9535463365871317,0.9091129291978618,1.0957369447014564,1.1829346336854365,0.9767543745182447,0.9139150610983215,0.981660561117929,0.9589041397238508,0.9367088089788831,1.11080866308876,1.2378874766894306,1.1187607035726042,0.8833010300771534,1.1929225392564669,1.0,0.8832226628246758,1.0662267996238683,1.2063685939319413,1.0186640142882084,1.1546454919394649,1.0202802354377118,0.8777798234718227,1.170661571526734,1.0801686151412193,1.0160360227000442,1.0949612754175708,0.9780219494284002,0.9823615823620256
2021-03-11,0.9362192932891218,0.9448064809824547,1.205906018100606,0.7343997954771161,1.2142599460816879,0.986571461034359,0.912994875149082,1.1177938476652591,0.9423286492477365,0.994498496835443,0.8838545878077901,1.03938044928324,0.9499206814262519,0.9115365030866321,1.098988402874644,1.176952639125518,0.9743419831310394,0.903301802014884,0.9796597079041871,0.9614725065953331,0.9308666653378195,1.1623251013402334,1.2561610273309682,1.1114456677985756,0.8779205611669907,1.1879759206635978,1.0,0.8929000125749667,1.045722439361373,1.1925905606494742,1.0149804468616723,1.178687882956623,1.0126470718500387,0.901538852109752,1.1626236399020684,1.099731508146816,1.0206231808121902,1.1027132902086643,0.9769231434262049,1.0053163297157515
2021-03-12,0.9289489557556132,0.9367208641204547,1.216197204334834,0.7470848699520536,1.2584376641277493,0.9916071888059722,0.9157569299914498,1.12660365471874,0.93715998167175,0.9899678006329113,0.8905552441589737,1.0455748999320984,0.9499206814262519,0.9081433930413468,1.1123554682472925,1.2005669490278654,0.9802632342548977,0.9089032346895431,0.981660561117929,0.9606164541410647,0.9342746382436128,1.1732114755044396,1.2710943407206725,1.1596384289830026,0.8855430972339463,1.2031966697910221,1.0,0.9012872229091075,1.0578092937609134,1.1959582367816761,1.0265225663485855,1.1827626954161228,1.016887727503226,0.8989350782183329,1.183005553633729,1.1173762998681056,1.0152716329786324,1.1128876756044928,0.9780219494284002,0.9990558123414882
2021-03-15,0.9302708811789973,0.9403594608719273,1.19069986698716,0.7420776225194887,1.2562077368549482,0.995803440445999,0.9202639981606903,1.1150326273348337,0.9436887059373782,0.9864079905063291,0.8905552441589737,1.0429200579676616,0.9571719224105635,0.8839069434802647,1.1163294827938022,1.1867131596627354,0.9793860864117427,0.920106238557895,0.9709904060019714,0.9614725065953331,0.934761650892554,1.1652410213099131,1.2424067768099278,1.182874250965612,0.890699379939519,1.2070017699518012,1.0,0.91644839628075,1.0632051190110428,1.1974892668049362,1.026768087531488,1.161776538431853,1.020958604320096,0.905118852081084,1.1798477320475746,1.1008823218878236,1.0198585568668712,1.1434109796733376,0.9741758346447632,0.9733187075309472
2021-03-16,0.9517513871941666,0.9745885788414008,1.1699640868150447,0.755430418470442,1.275300583779537,0.9987409397596074,0.938436540812157,1.111876797457755,0.947225292187108,1.0084144778481012,0.8966176870398043,1.0734512823631668,0.9635168536108274,0.8819679896127979,1.1275288790464841,1.1693960348847903,0.9993422397541464,0.9333726219485209,0.9886628121186415,0.9837329082821294,0.9518013666699493,1.1695176649401005,1.2231506336981963,1.2086918309462888,0.8998909117722679,1.20966535168049,1.0,0.9212870316368299,1.0603991737665264,1.2054500330069178,1.0503438374229948,1.1674816499399439,1.035546147911455,0.9207413361627618,1.1906129131453052,1.1173762998681056,1.0332376606746725,1.1904070841086323,0.9934065764349214,0.9755792344519305
2021-03-17,0.9332450367750389,0.9619210399671915,1.1702710901068754,0.7534274071895225,1.2634546809566916,0.9827946908651469,0.9358198154545104,1.1323892489103964,0.9608269894718952,0.9789647151898734,0.8895980409709489,1.0606193881754151,0.9419895867633702,0.8708191233204271,1.1105492138342743,1.181360471718497,0.9730264626393321,0.9333726219485209,0.9913303713211693,0.9550512751536118,0.9518013666699493,1.1234447062108033,1.233171585931541,1.1932012007886277,0.9023570625782049,1.20433795590024,1.0,0.9241903393114878,1.0804719973182841,1.1987141098531882,1.055746709102473,1.1503668141687264,1.0331714835916677,0.9021896960408334,1.1901823410322159,1.0782508665787371,1.0267393525910669,1.2325582255124181,0.9796702843356732,0.9494943562689304
2021-03-18,0.9491077381834813,0.9605733383517543,1.15951921105039,0.7547627480434689,1.2807354456930802,0.9634913585482718,0.9436704329900403,1.1611855223537213,0.967355913217824,0.9708738924050633,0.8860880619131816,1.066371590915402,0.9392703107239863,0.8749393706774032,1.127890020712858,1.199622541390476,0.9686402537864991,0.9324881779199414,0.9959987020432851,0.9511986200920497,0.9605648424467967,1.1287332899742184,1.225901579993542,1.1583474678147136,0.89764945994815,1.1845510168830193,1.0,0.928706341015866,1.0860836239108416,1.220147198103734,1.0559922302853753,1.171556711775971,1.0289309108788007,0.9148828648154232,1.1943446845038281,1.1008823218878236,1.0271216060077495,1.2068800323564415,0.9659339922364248,0.9665366153365671
2021-03-19,0.947455306174741,0.9581478047943135,1.149228118758418,0.7634420041527376,1.2723738574897958,0.9559378182098477,0.9422166083877186,1.133046689989041,0.9708921670003862,0.9598707278481012,0.8640714524485718,1.083185612598688,0.9539995261478798,0.8490063660936784,1.105491228207494,1.2052897930997801,0.9736841557941774,0.9307193591222991,0.9919973223924166,0.9589041397238508,0.9415774479525685,1.0906228895574719,1.2052699036146766,1.134681489781185,0.8859913670876807,1.1807459167222403,1.0,0.9406417311374117,1.0588884983954105,1.2039191932800999,1.0375737371800693,1.1491442457426126,1.0163788056958767,0.9191139476180927,1.1776948714821287,1.065976147069011,1.0362954537842268,1.13372105361032,0.956593427761878,0.9514073655331698
2021-03-22,0.9603435492330178,0.9896817830131894,1.140319480702241,0.7664463934515106,1.2609462257980304,0.9500628195826308,0.9464326644174442,1.1176623111497082,0.9657235659178331,0.9527508702531645,0.870452963058744,1.0752211544309378,0.9589849580033477,0.8635482239857714,1.103323741114577,1.2238666056223728,0.9719298601078675,0.9563680281725551,0.9956651448135078,0.9563357728523685,0.9449854952341485,1.081484039790566,1.2074315589535343,1.1376934859994272,0.9016846065198805,1.1632422468920718,1.0,0.9509645062673682,1.0502548613194336,1.217085138057214,1.0287326318362071,1.1387530999060973,1.0182444652679943,0.9285523393033446,1.1769771049152298,1.043728335531574,1.0500569281206646,1.0843024306889313,0.9494506431636951,0.9366258038636599
2021-03-23,0.9616652728203192,0.9722976178352961,1.102994907296373,0.7657787230245373,1.261782235502091,0.9576162572830635,0.9436704329900403,1.1159530609448765,0.9768771079665184,0.9495147943037975,0.8602424056614629,1.0774334098587013,0.9755267236578887,0.8451283399131818,1.1170519481535994,1.2285894496942875,0.9986842782352676,0.9655070291829821,1.0156717162912356,0.9824486200920497,0.9401170793878219,1.0581511236717371,1.1622389184653257,1.116609183794711,0.9133421866031206,1.1331812935017318,1.0,0.9664482342525811,1.0450750353340887,1.217697416859009,0.9958251090765339,1.108394500200187,1.020110539541715,0.9418965909092719,1.186737324992252,1.0475640678044218,1.0466164131466131,1.020348992613696,0.9521978680091501,0.9294960235353925
2021-03-24,0.9471247995893847,0.9608430104149801,1.1237305935262325,0.7644435353177185,1.2836621719828214,0.9563575049566452,0.9339296492279525,1.1142437302403416,0.9790533715528723,0.9546926424050632,0.8564135148976936,1.0734512823631668,0.9768864310150288,0.856277265428334,1.1224708934197039,1.233942406266848,0.9978070633011044,0.9484081011748561,0.9979993918687194,0.9764555196318011,0.9406037945336178,1.0822617354251767,1.185031648988439,1.1110153474091458,0.909307142586836,1.1426941019843975,1.0,0.964835303108467,1.0532767398546155,1.220147198103734,1.0044203183959932,1.1334555943322202,1.0206194613490642,0.9301798074814323,1.2124299208755127,1.0456463192419396,1.035531064062815,1.0465116451024836,0.9467032504462667,0.9428862359993515
2021-03-25,0.9375412187125058,0.9716238987677159,1.0913212668263497,0.7601037541159567,1.2684716977856343,0.9546787579694551,0.93407515529771,1.10819522401699,0.9915669702911993,0.9443367088607595,0.8627951035195355,1.0743361168087122,0.9891231038548085,0.8521569588485765,1.1308380397943896,1.1941381360256815,1.0028508982177744,0.94516509356372,0.9966655714203787,0.9901541397238508,0.9518013666699493,1.0600952652782392,1.1541827904556028,1.1049913549726615,0.910203579738859,1.12899576463788,1.0,0.9635450846541856,1.0638526549865648,1.22473990758063,1.0039294634509388,1.0955580928231805,1.0106117163819242,0.9435238201871035,1.1989379294399676,1.056770225010658,1.0210054342288728,1.0276163262499396,0.9219779750292119,0.9301915702803104
2021-03-26,0.9342367583671904,0.9798442857912596,1.1140538835869445,0.7631080923656872,1.2748824191600772,0.9672681287174839,0.9429432558113252,1.1116138049263564,0.9831338740889651,1.0097087816455697,0.8672622857653276,1.0853980712031326,0.974393888430915,0.8596701978052748,1.1304767161009661,1.2092534935337131,0.9949560979923217,0.9392688231263622,1.013337796012639,0.9841609345092637,0.9503408493536298,1.1057892216726948,1.1893543584715445,1.1071427104120444,0.9066166004654171,1.170852563375066,1.0,0.9658031250254404,1.0791768593931212,1.2284137706878397,1.0174362209529464,1.1670740440057301,1.0119687029676545,0.9415709698601844,1.213003980431694,1.0644415719824118,1.0305618867578938,1.029069852129732,0.9489010303226306,0.9621891924651148
2021-03-29,0.9160609145334191,0.9964198958699598,1.1083705649978484,0.7621067143478337,1.2569046423835084,0.9773393789847276,0.9516663800102914,1.099516872979357,0.9937433003709868,0.9789647151898734,0.8781111346446315,1.0858405222886849,0.9857240434743026,0.8494909268922004,1.115302577193576,1.1950826332058453,1.0162281072814743,0.96757075500284,0.9939980939120047,1.0025684716258207,0.9600779785494282,1.0919837106980037,1.1809054099038034,1.108863991969763,0.918722860624175,1.1647644263501067,1.0,0.975157920162161,1.0834935459828723,1.2287202431075104,1.007858552060377,1.1601467381363169,1.0268953065897246,0.9477548233563543,1.2074063233939094,1.0579208036037824,1.017947172671504,1.0276163262499396,0.9571427887949823,0.9529723457092352
2021-03-30,0.918704462626063,0.9822698852187697,1.1105210911167545,0.7674477204203215,1.3179451735697378,0.9832142749739531,0.9500671376307304,1.132520704926244,0.9907508298879206,0.994498496835443,0.8784301243623034,1.0814157405309168,0.9709948973878573,0.8669413340310567,1.1398704950353031,1.242634054710814,1.0063596237724108,0.9569574959194024,1.013337796012639,0.982020698619254,0.9518013666699493,1.1159003372029004,1.184835419067813,1.1295179737850496,0.9106522598143767,1.1765605040198246,1.0,0.9654804123356076,1.1085303941775466,1.2620941476422558,1.0252946793029485,1.165647984333169,1.027913150204423,0.933759887086183,1.2372612627487825,1.095511896954435,1.0206231808121902,1.0518411414074829,0.9642856573291518,0.9700146900154435
2021-03-31,0.9160609145334191,0.9766099995244181,1.0857914498831687,0.7639426421126218,1.2955079682940471,0.9693663571754887,0.9362557156161564,1.1129287675833492,0.989662797834894,0.9951458069620254,0.8793873275503282,1.0730086958264935,0.9789257840383946,0.861366812050699,1.1131349080736095,1.2360207835941879,1.015131571841018,0.957841939947982,1.034011400255768,0.9871575371165572,0.9547226244299468,1.1054003738553895,1.1579157280265324,1.1648018628098828,0.909307142586836,1.1480214977646475,1.0,0.9625772627372122,1.0780977867068615,1.2498467637901647,1.012524579060023,1.1583128231530146,1.0141737543317655,0.9471038997918542,1.221042021840172,1.0705791668851583,1.0087732077830731,1.020348992613696,0.9664835211415026,0.9651454366081594
2021-04-01,0.9253137869888589,0.9665030278494701,1.0845626851778003,0.7609382528138487,1.2821291502385808,0.9710447962487045,0.9286961102201415,1.1129287675833492,0.9983678521803098,1.0139159810126581,0.8676860451554949,1.055752087606534,0.9783594357623558,0.8785747611219495,1.1210833922342527,1.238854991476871,1.0179824029677842,0.957841939947982,1.0193397021006345,0.98758566809803,0.9436617549889046,1.1271778987049974,1.1388565362689587,1.2048191117799323,0.9016846065198805,1.1598173431114933,1.0,0.9603190642896949,1.0580250951033416,1.2526029223063395,1.0437131724082545,1.1640176852845778,1.020110539541715,0.9484059061876918,1.2277880175579448,1.0874566710631484,1.0198585568668712,1.0554263770804597,0.9604395425455149,0.9529723457092352
2021-04-06,0.9325842254404089,0.9679853020162433,1.094853965354284,0.762440524036799,1.2931389368457458,0.9853125034319579,0.9375642990262748,1.1225274717313218,1.012785623374942,1.0268609177215189,0.8769404915281277,1.0707963049476097,0.9907091979799783,0.8921473197486538,1.1196381884740836,1.2369651912315776,1.0300439573577602,0.957841939947982,1.0410137329506344,1.0004281309814727,0.948287631395983,1.1524551513903771,1.1783510542458497,1.1987951193434478,0.9165929891251231,1.1617199512726009,1.0,0.9664482342525811,1.0707594854784037,1.2728107869157494,1.0471513123622633,1.18846768223595,1.0447057451598931,0.9900653328493745,1.2295104157941141,1.1093210739768187,1.0259746115337942,1.0829458410401087,0.9554944538877093,0.9785355638335468
2021-04-07,0.9411762865612188,0.956665464757471,1.1062203207057093,0.7722881395819675,1.3055418954403122,0.9945445854815893,0.9454150931468407,1.141199055963877,1.0228509338903,1.0310680379746835,0.8817273655966196,1.0800883195486985,1.0061182670824418,0.8870575362351628,1.1322833345680834,1.2479876380827926,1.032236961147664,0.957841939947982,1.0440146043004783,1.0102738865032834,0.9597304204998706,1.1619827514945638,1.200358023414005,1.2134251908915052,0.926681470887124,1.1959666658496646,1.0,0.9780609116842939,1.0789611899989304,1.287201669889337,1.060658069864271,1.1943765343670156,1.0484374790057314,0.9845325621845422,1.244437940363457,1.1342540391939788,1.0343843038127671,1.0841085582269911,0.9568680663104367,0.9987080389690293
2021-04-08,0.9500990561034677,0.9760709188782433,1.0824123469434055,0.78731003502679,1.3098621132523143,1.010071352905235,0.9606798100086279,1.1571092588665999,1.0361808060187727,1.033085838607595,0.8913008796985941,1.0827431615131353,1.023680055935906,0.8795442972784645,1.1196381884740836,1.2467279503381448,1.0495613355055613,0.957841939947982,1.0636880270191977,1.0235443756138605,0.9748250607129543,1.1993155537567242,1.1728496426108463,1.217727983939526,0.9339676250917487,1.1891173229342518,1.0,1.0067707224741211,1.0891053045236672,1.2478129705674201,1.0712181046195748,1.1992665586949427,1.0811746041382908,1.0037350462375518,1.246303935826531,1.1258150519571006,1.043940756341788,1.0767442883597775,0.9403845493657336,1.0007949349194982
2021-04-09,0.9408459818119451,0.9820004107657514,1.0719676590632623,0.7824695648161014,1.2939748400381863,1.0125890628340546,0.9592261619913424,1.1502717750490528,1.0394450351647198,1.0444135284810128,0.8935347438623343,1.0867255599109111,1.0202810648928484,0.8986911409944003,1.1254187304741858,1.2385403381690312,1.0502193641154483,0.957841939947982,1.0503501493124048,1.0299657118099204,0.9697123947842938,1.1989269008994676,1.1592915017715102,1.2353699695365703,0.9261213130419863,1.194063941527121,1.0,0.9948351742763131,1.0737811001171107,1.2392370711170153,1.1259824478593132,1.1764467361038982,1.0798176175525604,1.0034094251884644,1.2417108006742044,1.1369389577258189,1.0458520234252013,1.0841085582269911,0.9469780568667989,0.9847960812078101
2021-04-12,0.9428286176519177,0.973645253580664,1.0771900969455896,0.774457979133806,1.3105588057576345,1.0243389574504969,0.9432343562433582,1.1375170800245944,1.0397171262947684,1.030820253164557,0.893853811591676,1.0845133044831476,1.0190346549258953,0.8936014759264723,1.1218058575940502,1.2520815337101232,1.0631578650755542,0.9778891763235787,1.0683560309646984,1.0410955460131337,0.9660603949235254,1.1779270716844705,1.1726528114956105,1.2487091620855937,0.927130048407196,1.17846287985806,1.0,1.002254483655349,1.0724860281660666,1.2499568502818006,1.121807556935847,1.1662590815138303,1.0726933757722366,0.9978764156233759,1.2742929895021424,1.1361719053304027,1.023681091033698,1.0486435027770271,0.9467032504462667,0.981665950378536
2021-04-13,0.9755452374707476,0.9658291111716824,1.0715069662410048,0.7747919419698989,1.3017792659581298,1.0348299971025294,0.936110386131435,1.1226590082468728,1.038357003111693,1.0411768987341772,0.8973641026961223,1.0743361168087122,1.0121231674372484,0.9180803243323786,1.1272252579277786,1.2483023809334064,1.0381578097254722,0.9752359134973569,1.0683560309646984,1.024400428068129,0.9821289860587051,1.1864826009854061,1.1720634003002006,1.2263338165433333,0.9276906164741171,1.1963473268756093,1.0,1.0025769592307883,1.060830974373739,1.2502630372568082,1.155206309482075,1.1691116996120074,1.070488407348446,0.983556176837792,1.255920668460461,1.1269658656981083,1.0512034541468054,1.043604741224258,0.9258241737488355,0.9914042867159607
2021-04-14,0.9560475691316336,0.9798442857912596,1.104684270881743,0.7591023760981032,1.307074917184553,1.0314728110421236,0.9374189695415535,1.1279186173757323,1.045429710157118,1.0385877373417722,0.9037464714346619,1.0654866210187361,1.0062316338100767,0.9251090024905548,1.1268639342343552,1.2429487975614282,1.0350877251834216,0.9650648764282092,1.0660221106861019,1.024400428068129,0.9743381968155856,1.222454192186937,1.2117543886755617,1.2151463081107134,0.9234307709205675,1.1959666658496646,1.0,1.003544860185893,1.0610468416902858,1.2462813696548347,1.1429273453153292,1.232681267745478,1.0708276332597984,0.9747685494502029,1.2582173458204369,1.115074789960032,1.0317085298959883,1.0439923382667786,0.936813157066642,1.0171414767650735
2021-04-15,0.9633178057471008,0.9972283850990837,1.0971577112923383,0.7492546074058071,1.2865887917609429,1.0532941612017923,0.9801612009477672,1.1075376219389388,1.0503264860833565,1.0541228639240505,0.9161920631707298,1.08185825934203,1.0175616501785683,0.9435287088947999,1.1348123273814736,1.2234248015754514,1.0596491395209178,0.9789210046037493,1.0693566209598768,1.0453767510735226,0.9967366879986339,1.2247874740508176,1.192694836201222,1.2086918309462888,0.9338556345448994,1.1777017901290425,1.0,1.0025769592307883,1.0502548613194336,1.2459750875316058,1.1191061679512952,1.235533885843655,1.0938964052172115,0.9809522436795354,1.2290964210367303,1.0595322720482299,1.0661113373974305,1.036821792980146,0.9313187073757322,1.0406180546546313
2021-04-16,0.9543951371228933,0.994533113608348,1.085023659826825,0.7739573411739218,1.3182240209904579,1.0532941612017923,0.9787073763454456,1.1241053464200093,1.0530467989429406,1.0638323575949367,0.9222554421915975,1.1004423562697683,1.0223204179162142,0.9617061941225653,1.1218058575940502,1.25680464641036,1.0495613355055613,0.9818690359331532,1.0670223739046651,1.040667834049015,1.0050142667633353,1.244231717036545,1.1905331808623643,1.2160067845510625,0.9335192526825684,1.1910199310953593,1.0,1.0206415193152198,1.0662267996238683,1.2600645409412328,1.1414537496660395,1.2306439862039917,1.0957621477296497,0.9702120844987021,1.2477582419922864,1.0706609983485564,1.067640702400022,1.0131783733863835,0.9258241737488355,1.0527909750764122
2021-04-19,0.9573692927189349,0.999654050396663,1.0727356370041177,0.7828033745050668,1.3077716096898733,1.0511960353817789,0.9726012423816801,1.1258145161251374,1.047334082093724,1.0615668512658227,0.9015126852825914,1.126991046816377,1.02821215955573,0.9428017492514537,1.1228898286743207,1.2520815337101232,1.067324686331086,0.9883549818959086,1.0650216840792308,1.0530822707053236,1.0030667367980748,1.2391761105314298,1.1822808229320152,1.2216006209366277,0.9263453966911306,1.2336380518844348,1.0,1.0199964891262105,1.0688169435259565,1.251488451194386,1.1213163271492919,1.2379785239428274,1.0927089486468369,0.9724903966078712,1.2562277337843546,1.0633701206520274,1.0867533732341568,1.0191861275454541,0.9247252838106536,1.058877605764446
2021-04-20,0.9448113544099317,1.0098957263630857,1.0369470194799602,0.7577669331460718,1.2667993588426532,1.0360889547049306,0.9632968885363467,1.097281396212618,1.0432535795576312,1.0389113924050632,0.9024698884706163,1.099557454098663,1.03251766839518,0.9442557869837092,1.0827867212723545,1.2155518427141776,1.0677632602526634,0.984080146004602,1.047682590109877,1.0535101921781191,0.9996583176375632,1.1927044585023636,1.1465197234817417,1.1979345607338439,0.9254485493173243,1.1716134207812112,1.0,0.9454806036078852,1.025218079098878,1.2150403076408396,1.0820235668474059,1.1848002263341364,1.0850759509398051,0.9640282310025322,1.2071326323490519,1.033821202485137,1.0867533732341568,0.9620155637736513,0.8887362186552599,1.0355747440839742
2021-04-21,0.9272966246649142,1.0268756469264169,1.049234854418156,0.758434807769215,1.2594132040537895,1.0482584334301792,0.9798701888082523,1.093599661772446,1.0443416781040913,1.0489444620253165,0.9356583931390297,1.1044246869419836,1.024359701602132,0.928259713691016,1.0784510189783223,1.214291886341208,1.0497808572848792,0.9998525464888922,1.0683560309646984,1.0410955460131337,1.0025797241491337,1.193287876448358,1.1620420873500898,1.1923407243482786,0.9280265881146648,1.1754186371034263,1.0,0.9664482342525811,1.024138874464381,1.2245351486091518,1.1006875811356143,1.1935613224985882,1.0950838617875862,0.949382291534442,1.1947872230524927,1.0403447926383662,1.0542614814802669,0.967732731061851,0.9065933480226905,1.0388789320766212
2021-04-22,0.953073110781468,1.0340179385276802,1.0469310145378459,0.7542619569364573,1.2704228841493348,1.0654635372890495,0.9801612009477672,1.0926793086621065,1.0573994591025155,1.0554174050632912,0.9522527234849061,1.1004423562697683,1.0367097411695467,0.9408627361612053,1.0777285536185248,1.2111432937790068,1.0609647941946418,1.0025060170936644,1.0636880270191977,1.0475170917178707,1.0074488837533235,1.203204519329899,1.1592915017715102,1.2048191117799323,0.9262334061442814,1.2028160087650772,1.0,0.9593516375633777,1.0334197836194048,1.2159589637140842,1.1333497701331352,1.1921063351488361,1.125106847868044,0.9822540908085357,1.2051229298752604,1.0430311220575064,1.0691695989547991,0.9963179759774126,0.92554945126429,1.0442699307811656
2021-04-23,0.949438042932755,1.0193289789704534,1.0415552628941147,0.7429121212173808,1.268053533166174,1.0633655141070275,0.9759450566255236,1.1018836447625364,1.055495153659343,1.0660977848101265,0.9522527234849061,1.0716812748442754,1.023680055935906,0.9454677219850481,1.0910963470993718,1.227833171425074,1.051535152971189,0.980837138393466,1.0653551596148545,1.0436645414106471,0.9991712306128356,1.2179820036278166,1.1478951365099535,1.1888982434020965,0.9221977467953217,1.200913516765406,1.0,0.9590287667972824,1.0355780609401615,1.2220849867715429,1.1159134554698136,1.2073901237668174,1.1181524678643582,0.9721647755587837,1.2240717257170008,1.0457174514766463,1.067258214759432,0.9860465804099345,0.8969779771276115,1.0640944620670456
2021-04-26,0.9444808478245754,1.0147472545684515,1.051078283302976,0.7424114322084541,1.2966228254188277,1.0436423924053635,0.9744911437306838,1.111745260942204,1.0500543949533079,1.0751600474683545,0.9407642569251934,1.0756636055164908,1.0197144392670172,0.9718855242584212,1.1019349657397788,1.2514516002950256,1.0339911897429654,0.9758255890227544,1.069689933107193,1.0299657118099204,1.0079361195296237,1.244814842542466,1.1653826853186893,1.1845953681848203,0.9160327287245394,1.2073819663320018,1.0,0.9554805870098776,1.0450750353340887,1.22545418527528,1.127946898453657,1.2479419890346648,1.0908430402537577,0.961424457111113,1.2313929886128936,1.054159848357833,1.0695519694834357,1.0447674584111406,0.937912047004824,1.0816583811933707
2021-04-27,0.9395237536344371,1.0189248002259608,1.0407870031264923,0.7392401125406771,1.2995494451969491,1.0469996811037607,0.9717290005957979,1.1581613094918972,1.0495102791866444,1.0615668512658227,0.9442747040529793,1.0712388237587225,1.0203941542706911,0.9575858875428077,1.0994056998858144,1.2665672264313792,1.0447368881861925,0.9708136240949427,1.0570189247774937,1.0402395983132038,1.0069621686075276,1.2325651127570938,1.160470444401252,1.1678140233666354,0.9085222857598789,1.2100458965449987,1.0,0.9545128441310354,1.056298420467441,1.2184096012927979,1.1227898290882066,1.2312320160558583,1.0955925347739734,0.9584954603376998,1.2510597705891582,1.0441824060942806,1.0760502775670413,0.9974806931642951,0.8989012023914034,1.070354979441309
2021-04-28,0.9319233131877376,1.0116477384631537,1.0615229711831191,0.7333984174592626,1.3166909992462172,1.0520353062373826,0.9715835828185585,1.165919146419784,1.0486942717702328,1.0605958860759495,0.9477849951574256,1.0398229003687929,1.0171085299552682,0.941347474628072,1.1113284716335416,1.281682763024959,1.0462719975482262,0.9327829464231234,1.047682590109877,1.0445206986192541,1.010857526041194,1.2343149766749797,1.1966244846484655,1.1936315211780573,0.9141271459855235,1.2077626273579465,1.0,0.9535449431759307,1.0657951309648934,1.2239224892144733,1.1267189176976449,1.2342888735300657,1.1020381588509514,0.9536132150702741,1.294986689261639,1.0526246854015255,1.0634356805926053,0.9957365064729521,0.8983517574223124,1.0724417049146344
2021-04-29,0.9415066922285338,0.9969587789059271,1.0483132808891296,0.7340659857881507,1.3150186603032366,1.0600083280466215,0.9664952850029508,1.1947153393634053,1.0197633777972708,1.05509375,1.0007588195118107,1.041592772436564,1.0106503707022656,0.9498303089640668,1.1022961984196775,1.2385403381690312,1.0388159054263677,0.9419222937311341,1.0486830984109017,1.0355306812886962,1.0478637935399573,1.2216764965523266,1.1868001230525127,1.2061100729482215,0.9445046843738216,1.2062406802227836,1.0,0.9483836741681494,1.1257972724847878,1.223003737993008,1.1367879100871443,1.2226735383200076,1.1096714053789452,0.9474294412075229,1.305035530982035,1.0437985271747476,1.0607601408997336,0.988565961186319,0.924450561326108,1.0705288661275383
2021-04-30,0.9421677053992464,1.0396778900921009,1.0483132808891296,0.7377379944648544,1.2229004882173118,1.0499370777793777,0.973764319722041,1.1907706123918347,1.022756114254071,1.0521810126582278,1.0023543921935283,1.0517698246598788,1.0317243786515267,0.929229249847531,1.1087994788201516,1.238225237147321,1.0616229569865456,0.9509139104899702,1.0433478983116924,1.0603595546013134,1.0624717929830314,1.193871099434304,1.1907297714997562,1.2190188629385599,0.9486523342696304,1.2024353477391325,1.0,0.9725770880629422,1.1214807178432744,1.2260668446699583,1.1277012835603795,1.2031105731782328,1.1028863895099736,0.9555661450306119,1.3044613616420409,1.0453334549831717,1.0814017082886453,1.0137598428908439,0.9307691784706544,1.0566168231277475
2021-05-04,0.9223396313928173,1.0280885125102412,1.061062184418606,0.7412430217235115,1.1908470943683365,1.043222705658566,0.9683850980594364,1.1602649277442714,1.0110565281291495,1.0285545886075949,0.9796969948734631,1.055752087606534,1.0370495640026596,0.8979640036827095,1.0950704526594062,1.2155518427141776,1.0581140972498926,0.9495873137066176,1.037679304371013,1.0522259039880395,1.0975303817649613,1.1965935215555628,1.2188280444540127,1.2198795037174193,0.9424869059770647,1.1894979839601967,1.0,0.991609391026216,1.0899686418416175,1.206770404869001,1.111247522180543,1.2071863831438425,1.1022078547469483,0.9438492819693536,1.2932640714578445,1.0361235354108023,1.0749036344289469,0.9808140203359051,0.9181318602455749,1.0639207458579594
2021-05-05,0.9345668612803815,1.034152774559293,1.0808765789462065,0.7500892592508268,1.2316802410400562,1.054133432057396,0.973764319722041,1.1949782513951004,1.026021207814654,1.0437660601265824,0.9825689164842168,1.0884954319786821,1.031158030375488,0.9219582320673121,1.1073542750599825,1.2549158311355806,1.0592105655993405,0.9525352757765048,1.0370123532997657,1.0522259039880395,1.0970434434918064,1.2718423490658295,1.2516416069715488,1.207400787608745,0.9464103696682834,1.1948252635790104,1.0,0.9922545002533567,1.1115521407644908,1.2361742498847281,1.1186148444543653,1.2630216629648798,1.0991547386044562,0.9503585176143547,1.3272859652044597,1.0503225876237436,1.0833129753720587,0.9860465804099345,0.9104395467423143,1.114351550123093
2021-05-06,0.9272966246649142,1.0349611979183477,1.0917818657063514,0.7540950265674532,1.234049485511597,1.0625261406134323,0.9771080456733664,1.1969506551307374,1.0333673358587983,1.035674920886076,1.0001204500181182,1.0898227852353404,1.0580104132366297,0.9180803243323786,1.1272252579277786,1.238854991476871,1.0802631202001836,0.9363205840184081,0.9886026852214785,1.0672089170245076,1.1223635643137837,1.26989781753923,1.2360666986943074,1.2250429375442995,0.9650177220938171,1.1906393862308506,1.0,1.0222545294974652,1.1223440551612245,1.2441373947922332,1.1110019072872654,1.2728030831916355,1.1064485933404562,0.9500332947323609,1.3265683084213735,1.0794871565753343,1.0947808120964468,1.0019380591532832,0.914285745461938,1.1263507543357878
2021-05-07,0.9500990561034677,1.0423730957127675,1.0983866638822182,0.7594361857870685,1.2649875961893127,1.0684011392406492,0.9853947399555782,1.1865628928888656,1.040985688019858,1.0482973101265822,1.010332411625455,1.1115043106641886,1.0556311680427028,0.9350459930043682,1.1409541020614746,1.2596392124641393,1.085526409805163,0.9369102595438056,0.9932724047442083,1.073202017484756,1.129667415283748,1.3150082585076666,1.2323326789730802,1.244836442919237,0.9579559592046744,1.2127094782736878,1.0,1.0341898405808796,1.1150054900362918,1.2545511772784526,1.131385132118041,1.3153928534422876,1.114081425166847,0.9679338520229517,1.3366170403579567,1.0929183333752681,1.1085419350970238,1.0343023382630816,0.9104395467423143,1.136437034522815
2021-05-10,0.9243223681508314,1.0399474962852575,1.0917818657063514,0.7677816322073717,1.2923026076068256,1.0776331186522892,0.9826325085281743,1.1949782513951004,1.018946971420258,1.0295255537974684,0.9860793636120028,1.1331857006419164,1.0537049043971798,0.9391661219157812,1.1456509460218807,1.2410590868589082,1.0833333389242508,0.936173199766817,0.9932724047442083,1.0693492576688557,1.108729590168592,1.3255082218551775,1.2407828299300407,1.2203096597683385,0.9591888807744741,1.2401067337739027,1.0,1.0409640407327752,1.125365801748169,1.2655775240111293,1.1247543733929257,1.3500351184494865,1.1076358840301896,0.9624007628244444,1.3737970850421641,1.106733624242618,1.1001323599300046,1.062790720888353,0.9203296401219389,1.1578267164619038
2021-05-11,0.8995373008723053,1.0284928229948722,1.050310117477609,0.7467511623611734,1.254256870026107,1.0419638506941562,0.9669312734571147,1.1571092588665999,0.9865691908394124,0.9936005537974684,0.9742719073346182,1.1234511672297143,1.0359165901007894,0.908628072285432,1.097960678152695,1.2029556816098932,1.0576754562373067,0.9214302727391287,0.9715924919151381,1.0496577466252341,1.085844086336603,1.3200638650127816,1.1971571430727141,1.1768501763598724,0.9461858757973558,1.1853121066120367,1.0,1.0135448435878853,1.0964437377003626,1.226679028323532,1.0807956798017688,1.3363818782566237,1.0821924477529892,0.933759887086183,1.3400622759655458,1.0756497782673033,1.0726099968168972,1.01104651571184,0.8859889938098049,1.1374803546401917
2021-05-12,0.89821527453088,1.0492459128610125,1.0851774432995076,0.7589354457290993,1.2644303273943518,1.0587494730822118,0.9797250359085671,1.1673654040932169,0.9884736957628855,0.9936005537974684,0.9627835967982451,1.1473449480863263,1.0420349265206794,0.9178381031558991,1.1019349657397788,1.1941381360256815,1.0620613967261063,0.9221674017756339,0.9592516096607585,1.053938323159592,1.0838964076197695,1.3225914245652781,1.239210706025515,1.1841650477953907,0.9515665498184102,1.1609592100278916,1.0,1.0322544338613264,1.099033749654213,1.2358679677614992,1.0717091469853794,1.357575017758726,1.1190004497024184,0.9422219730581033,1.3577191359003935,1.0810224371055834,1.0607601408997336,1.016085277264609,0.8722527017105567,1.1433931838805678
2021-05-13,0.9028417612176206,1.0581400189521364,1.0617687241241929,0.7591023760981032,1.2417141681863213,1.0625261406134323,0.9837955858685352,1.1669710360456744,0.9928270873502294,0.9981318037974684,0.9656556744323384,1.1469022938240927,1.046906852973616,0.9057197007070135,1.066167196577746,1.1922485148659359,1.0719297460531534,0.9327822538279562,0.9669227723924084,1.0603595546013134,1.085844086336603,1.2640646128795288,1.2120917790905597,1.1622201869810704,0.9587403032544022,1.1514460530609176,1.0,1.0193513008609387,1.095148797697556,1.2306609813701685,1.0680255795588434,1.322117416194836,1.1206968280801421,0.9659810016960325,1.3495367287783224,1.0668235024665838,1.060377887483051,1.010658992609999,0.8593406610009316,1.0962658856995078
2021-05-14,0.9117645307598694,1.059757260890661,1.0898798168539359,0.7709529008261062,1.2591344631446892,1.0532941612017923,0.9961530066957514,1.1802513136344122,1.011328752246065,1.0175506329113924,0.9739527615936068,1.146017120750746,1.0606162532109304,0.9166262273773417,1.094347896286084,1.2158663169364696,1.0844299414557153,0.9385319711279237,0.9822655880206307,1.074486305674836,1.0853570736876617,1.270286860316584,1.2327258602478641,1.1734077775829452,0.962663664390175,1.1971081842817546,1.0,1.0258028673611326,1.094285394405487,1.2524072024158515,1.0965127839225233,1.3229326280632634,1.1376590359912886,0.9991785016526323,1.3852811305449197,1.0852434591852642,1.07108110026212,1.0430232717197974,0.8574176036091131,1.0668769047624325
2021-05-17,0.9048246998117172,1.0639347406781008,1.0955635112120552,0.7752924778316981,1.2488215820660846,1.0461602049721743,1.0028405468909203,1.1660504414362243,1.006431311385491,0.9968370253164557,0.9678895385960786,1.170353894497393,1.054951314364133,0.8902083066584054,1.0806187791118136,1.2180713077462468,1.0719297460531534,0.937942364862043,0.9832662597099628,1.066352655061562,1.085844086336603,1.2823423124133402,1.239603646822455,1.1596384289830026,0.9663628393213578,1.1879759206635978,1.0,1.0258028673611326,1.0752919074364642,1.245668900556598,1.0994597878003523,1.3251740242925156,1.1402033962070728,0.9894144092848743,1.3801133869173485,1.075266016921712,1.0806373185672336,0.9978683641474956,0.8332417731611493,1.0912229160831377
2021-05-18,0.9117645307598694,1.068651432851854,1.0908014843252178,0.7737903087068329,1.2560684196562082,1.0600083280466215,1.0000783154635162,1.1747287924738574,1.004254515851669,0.9942480221518988,0.9691660435484544,1.1681414358929487,1.053138486783693,0.8906931043480537,1.0838703282985258,1.2505066554009918,1.079166718941744,0.9335194521239781,0.9839333741695176,1.0702053101231241,1.092660924657626,1.2872031538297173,1.2451061406077562,1.1531840339878334,0.9593009738767692,1.1883562332052344,1.0,1.0412865953463455,1.0912637797667801,1.253632426056987,1.1296662027065993,1.3229326280632634,1.136132270569241,0.9923436449585437,1.3953298624815027,1.076417418532428,1.090193653984301,0.9974806931642951,0.8318680768024351,1.0868754079731138
2021-05-19,0.917052131535364,1.0718857191186955,1.0603861759461417,0.7737903087068329,1.2408779454590209,1.0511960353817789,0.9935361047530687,1.1657876904039364,1.0007174641479042,0.9816256329113924,0.9646983152209739,1.1628316165129544,1.0543846194008537,0.865244779008414,1.0665285202711694,1.2470426036459847,1.0752192852835136,0.9352885479596874,0.9839333741695176,1.0667807860430347,1.0897395925218418,1.2265375329287522,1.2118953086920896,1.1424265994368776,0.9598612342773528,1.1727551715361735,1.0,1.055480104877277,1.082630406587278,1.2346426489721423,1.0999509238765321,1.2789162993869951,1.1354537358062156,0.9838815589866233,1.3769552359797563,1.0633701206520274,1.0871358608747466,1.001550536051442,0.8115385290100816,1.0501825043058264
2021-05-20,0.9405154752265887,1.0957383909602025,1.0637655607126724,0.7561251448899449,1.2464524441061635,1.078472389507893,0.9887637175670679,1.1727566302373311,1.019491153680355,0.9942480221518988,0.988951441246096,1.1628316165129544,1.077384960333086,0.8797866369005071,1.0791734843381195,1.277273855918692,1.0892544558660922,0.9582874864190745,0.9862680296954981,1.082191825306637,1.108729590168592,1.2267320055774171,1.2195593375773264,1.1256454189572032,0.963311917363283,1.1731357164006821,1.0,1.0583833335138038,1.0878103645208606,1.237398997784759,1.1156681217076616,1.2703576969628807,1.154281935050762,1.0014565748615454,1.3844199863187412,1.069126188114074,1.0974567031251794,1.0005814695044606,0.815109921309173,1.0482696655187305
2021-05-21,0.9299403745936409,1.0962774716063772,1.0743649714880557,0.7536208320115886,1.247427984032204,1.0658833266738383,0.9851286263061554,1.168811983765464,1.018946971420258,1.002662816455696,0.9918235188801893,1.170796413308506,1.0711533958604573,0.8897236866371019,1.082063891858458,1.2753848615583647,1.0881579875166445,0.9557811230278266,0.979930687412189,1.0723456507674722,1.1194418602990681,1.2222597195382723,1.227027136541937,1.1295179737850496,0.9590522769206251,1.1624810410016182,1.0,1.0745122497642885,1.094285394405487,1.2346426489721423,1.1110019072872654,1.26485582732471,1.1458007896250284,1.0001548073659638,1.3915975422039166,1.0748823731500623,1.0856067300960623,1.0193799260667147,0.8340659406147858,1.0423570919940695
2021-05-24,0.9382021309651771,1.098298694679187,1.081892094730995,0.7566260380950417,1.2520268362416864,1.0646243690714372,0.9848377024591586,1.1743345049260185,1.0252048014376411,1.009459493670886,0.9975676741483759,1.1690264735151747,1.076705106654516,0.895298030949115,1.0882058485655086,1.2779036102482422,1.0850877017015688,0.9562235528206665,0.9699247057662511,1.0697773886503283,1.1218765516648426,1.2278984515493085,1.2435340167032303,1.147160041551349,0.9574824607112651,1.1933030841209755,1.0,1.0703188026734807,1.0921271170847304,1.2426061744725316,1.1215619420425695,1.2703576969628807,1.150041445278216,0.9991785016526323,1.398775098089092,1.0833246524573072,1.0970742154845894,1.0244186876194836,0.837087971880773,1.042009148144467
2021-05-25,0.947785711842056,1.0892698842965887,1.0553168639407067,0.7524521662814335,1.2517485213790656,1.0658833266738383,0.9829474479400826,1.1832757679953467,1.0249328432944598,0.9987789556962026,0.9924617323505424,1.1743362928951688,1.0729662927783452,0.901842029863206,1.0950704526594062,1.2779036102482422,1.0879386670103515,0.9538647122000431,0.9805979652600513,1.0727738865032834,1.1247981813037717,1.1989269008994676,1.2185765046292887,1.1510326785484506,0.9655540870755217,1.1868342860700716,1.0,1.0706414363251822,1.0964437377003626,1.2328048610845488,1.1267189176976449,1.24427415906806,1.152585805494,1.0089422754867154,1.4088239398094877,1.0733475629155798,1.102043627013418,1.0215116358598986,0.8159340048268229,1.0268799835796416
2021-05-26,0.9408459818119451,1.0807798910798885,1.0586963426494929,0.7519513751744218,1.2491004294868047,1.078472389507893,0.983820042896037,1.1751235630199175,1.0178586733934971,1.0042810917721519,0.9956530337373167,1.1646014208551652,1.083276701972602,0.9209888735791418,1.0791734843381195,1.2697159085363545,1.0986843654535785,0.9621205851127085,0.9835998169397403,1.08133566809803,1.1462228703162964,1.193287876448358,1.2211315817207742,1.1742685005310598,0.9648814259063055,1.2876713569944112,1.0,1.0799961524237716,1.0748602387774888,1.2239224892144733,1.1424361155287743,1.2532404921146518,1.1566568481915112,1.0037350462375518,1.3900186314108394,1.0695098318857237,1.1135113466258524,0.9984496857705968,0.8167581722804593,1.028444963755707
2021-05-27,0.9329145301896825,1.0915607135625551,1.0381123731626891,0.74794448477886,1.2800387531877597,1.0759546795790733,0.9742229993533456,1.1839330480745842,1.0004453730178557,1.0052519778481013,0.977144140992051,1.1769908639573643,1.0687739426541862,0.9379544238055683,1.0838703282985258,1.2967985682468608,1.0857455961294393,0.9392691694239458,0.9722595246805391,1.0507673045786865,1.142814451155785,1.2201208128430323,1.2048209314801068,1.1802924929675442,0.9394336252437359,1.3021312487156902,1.0,1.043998788819677,1.0934221890357745,1.263433549148528,1.1478388934978776,1.3113171681649416,1.1486842928118444,0.9910419570963808,1.4327968820518946,1.0860110994503889,1.1112177090138027,1.0374031885439268,0.8087911362926532,1.0562690497552887
2021-05-28,0.9279576378356269,1.084283651799748,1.0335039418640228,0.7454402229495461,1.2758580655977374,1.0780528053990868,0.9772766843828548,1.1973451036779834,1.0007174641479042,1.0029863924050633,0.9832071299545699,1.175221195066274,1.0641286109816233,0.9306832875797865,1.0845929756853727,1.3037263135857788,1.0785088245138736,0.9388270166691727,0.9802643263361202,1.0503389640885368,1.156935289198345,1.2191488395198056,1.203248927814503,1.175989535581013,0.947617652376625,1.2587520381975974,1.0,1.0323844515872083,1.0960120690413873,1.2594521669912173,1.1606089937408028,1.3100944750505643,1.1547910227387523,1.0037350462375518,1.4323666392902432,1.0909996442212526,1.1008971009872772,1.037015591501406,0.8258241821424341,1.054530097654422
2021-06-01,0.9279576378356269,1.072289897863188,1.0557779325319872,0.7511165191332321,1.2931389368457458,1.0780528053990868,0.9726238452663026,1.1736768223482634,1.0050707892418147,1.011725,0.9777821984390646,1.1853983150151495,1.076478511874142,0.9636451479900321,1.0809800117917123,1.314433390786962,1.1052631755502653,0.9444291419389991,1.0066138769937663,1.0627564386206618,1.1525529191157373,1.2683425237500332,1.2370494114034234,1.1824439305761822,0.9506441661385916,1.216134033569958,1.0,1.03044872871513,1.0843569492749412,1.2649648646164509,1.1650293121367963,1.3490165400228753,1.1558085345921683,1.018055285023136,1.4292081590012131,1.0909996442212526,1.0890468937342528,1.0556202495423996,0.8368131654602408,1.0964400281014524
2021-06-02,0.9236615568162013,1.0689209073048722,1.0766692810796445,0.7529531105355729,1.2991313870891088,1.0981956138475484,0.9740776698686243,1.1878778555458582,1.006703203035239,1.007193829113924,0.9749100427933014,1.1853983150151495,1.0883752232059125,0.9478913550966,1.0932640162193383,1.3201015379240062,1.1047149078300373,0.9377947035723851,1.003945500849701,1.0627564386206618,1.1593699805641196,1.281564421818681,1.2645612791353187,1.1604989875926068,0.9528863358508303,1.2378235807482865,1.0,1.043030808826441,1.0899686418416175,1.2643526809628771,1.1652750207404488,1.3594090574302922,1.1600492731856764,1.0021075780594642,1.4355245706602102,1.091383758288669,1.0726099968168972,1.088178401114138,0.8365384429756952,1.0964400281014524
2021-06-03,0.9220090238894196,1.0710771640195023,1.076208212488364,0.7536208320115886,1.2984345880721684,1.091061554979939,0.976694836688861,1.1815662762914045,1.0069752941652876,1.001691930379747,0.9570393635183887,1.1938052242684523,1.0441691331730392,0.9444983042740963,1.0751993787780851,1.3232509363711735,1.103618506571598,0.9442816884278914,1.005613205304434,1.0580463692984308,1.177873114313501,1.244814842542466,1.2737968307304712,1.175989535581013,0.9569220977552356,1.216514694595903,1.0,1.0356105509898301,1.0886737018388108,1.2643526809628771,1.151031512268984,1.3247667924230933,1.1536034002877367,1.0011312723461328,1.4226048822398445,1.0886975464434705,1.0305618867578938,1.062790720888353,0.8447802014480469,1.0733112235843536
2021-06-04,0.9216786182221046,1.0854965832536416,1.0703711104265852,0.7512835005512785,1.2818505158411002,1.0952580118959485,0.9845469551971978,1.1674969406087679,1.0050707892418147,1.0055757120253164,0.9579968787530927,1.1743362928951688,1.0362355423620258,0.929229249847531,1.0647220838311016,1.30750555590527,1.0986843654535785,0.9563708678127408,1.0189545958598383,1.057190002581147,1.19150693970712,1.2656201991087985,1.2555212360272603,1.1527537957676588,0.9580432338890779,1.1982497027138448,1.0,1.0307712042905692,1.0703276848711911,1.2542449903034447,1.1471022362387955,1.3439219022541269,1.1520768836866508,1.0014565748615454,1.4049479125211841,1.0710448772680896,1.0309440230626228,1.0399225693203114,0.8409340866644099,1.0814845797457129
2021-06-07,0.9345668612803815,1.0787584703968711,1.0696030385434743,0.7532869712735806,1.3028940165712908,1.098615095318363,0.9832381952020433,1.171573284595593,1.001805762174665,1.012372151898734,0.9579968787530927,1.1654864584773912,1.0381622913696857,0.9156566912208267,1.065806054911372,1.3219912486265257,1.1129384539964,0.9494417302024615,1.0393003614639527,1.061900071903378,1.1988108650528708,1.2318256292920455,1.2545391245127544,1.1493113969907318,0.9564735202351637,1.2245054397819697,1.0,1.0407726103789239,1.0780977867068615,1.2579205660786317,1.1598723364817207,1.319264548720131,1.158692286599946,1.0134988997050538,1.4249016693836332,1.0852434591852642,1.0045683030876098,1.06705436229676,0.8508241800440345,1.067920310118381
2021-06-08,0.9514209815268516,1.0693253495296415,1.0628440811259017,0.7554573723648867,1.2902122105560045,1.1036508230899762,0.9828022067478793,1.1684173742188109,1.0145936463263474,1.0253181962025317,0.9398070537371686,1.1663713606484967,1.036688801260222,0.9188075800896325,1.0621930000041866,1.3112840818825688,1.107456112249161,0.9473777273445368,1.0286271836643064,1.061900071903378,1.1978368397549881,1.2435463349850349,1.2702598826023237,1.126936297956237,0.9589399787074383,1.250000203282513,1.0,1.0420629869094675,1.0860836239108416,1.2919184526463479,1.154469652222993,1.319468289343106,1.158692286599946,1.016428135378723,1.403943171068101,1.080254796840459,1.0225343307836499,1.0794574676574222,0.8376373329138772,1.0767893835018016
2021-06-09,0.9547258455443323,1.0956035549285896,1.0769761904292194,0.7564591077260379,1.2577406520875691,1.1074275932591884,1.003595359627787,1.1521128032685457,1.026293099464402,1.0279073575949367,0.9611879461048578,1.159734120286284,1.0347620522525622,0.924381865178864,1.0488252975368646,1.285461378545032,1.101973770501922,0.9516531173119772,1.0136180886541688,1.057190002581147,1.2046539012033706,1.2120959647948941,1.276351547105191,1.1230636609591353,0.9587153822810649,1.2123291657320512,1.0,1.0456118780400536,1.073349299509898,1.2680280664416221,1.1318762681942207,1.2986827557752174,1.1737887519986543,1.0063386608621336,1.3848506682156432,1.051857397858226,1.0244455978670635,1.0906977818905226,0.8442307564789558,1.0552255591607682
2021-06-10,1.0171843240777025,1.1160873020818498,1.082813762202277,0.7613007010156615,1.247706831452924,1.1133025918864052,1.015373140073961,1.1469844891561267,1.026293099464402,1.0253181962025317,0.9844837129186155,1.1255388076264943,1.0358954421791207,0.920261736267451,1.0643606691241532,1.2804232543658594,1.107456112249161,0.9568132283460641,1.0162864647982341,1.0636129100922844,1.2139055796417408,1.2109241574216612,1.2708495342755777,1.1200514182331276,0.9597247329789496,1.1982497027138448,1.0,1.0485152647528426,1.0737811001171107,1.2631272670252993,1.1129666390127348,1.3037773935439658,1.172770908383956,1.0066642022778025,1.3859988971118185,1.0495548297846775,1.0305618867578938,1.0759690942747362,0.8560439072503989,1.0491391841884494
2021-06-11,1.02610699270191,1.1239033127506932,1.090955079913389,0.773321219055219,1.2570439595822487,1.1053293648011835,1.0203169913300278,1.1490884294073147,1.0333673358587983,1.0408532436708862,0.9867176550940255,1.1166868059907862,1.0411089942388208,0.9180803243323786,1.0759219351514073,1.2911302420242685,1.1200658001773485,0.9565183905833653,1.022956955840552,1.07132021054784,1.2061146416470487,1.2294815271454573,1.274582952802195,1.1239241373994844,0.9581552244359272,1.2073819663320018,1.0,1.0378690655898724,1.0657951309648934,1.2781352813599498,1.1262280627525905,1.341272775402397,1.1649682147809273,1.0151262882497227,1.3894442425032203,1.0679749040772997,1.040882494784419,1.084690027731452,0.8785713188551031,1.0640944620670456
2021-06-14,1.040977972518201,1.1249813423029045,1.1201414357025852,0.7738220101622308,1.2500759694128452,1.1061686356567872,1.0232251702897797,1.1556629206934632,1.039081050109518,1.0369695411392406,0.988951441246096,1.1233258072175674,1.0426957124010234,0.9083858511089525,1.0730318006716435,1.2917600858965923,1.1260965438268322,0.9680177559237838,1.037299181473596,1.078599380021923,1.1997847415991805,1.2160029641725818,1.298557872405943,1.1351118101706146,0.9629756380563979,1.1948252635790104,1.0,1.0372237982864692,1.0603991737665264,1.2769103431634767,1.1200884401036548,1.335363050453485,1.1651378277366033,1.0281449188065626,1.3735100003721672,1.0626020100911362,1.0512034541468054,1.040310166362832,0.8609890798441913,1.0593992658231344
2021-06-15,1.0376732094187615,1.1243076232353244,1.140264618424876,0.771317748332917,1.2488215820660846,1.1120437369219955,1.0302046055496439,1.1469844891561267,1.0494201805841967,1.0583303006329114,0.9899088784691302,1.1233258072175674,1.0506292338745884,0.907416255729656,1.0849542993787964,1.2974282330336366,1.1310308191268683,0.9736200197126437,1.0523082764837333,1.0815966111552475,1.194915433243418,1.1716604708363163,1.3075974345583135,1.1239241373994844,0.972504679861382,1.1868342860700716,1.0,1.0420629869094675,1.0565142218098693,1.2965126844947792,1.1161589766527162,1.3082606847555256,1.180064597239315,1.0242394570529807,1.3756631902890508,1.0760335396128948,1.0512034541468054,1.0465116451024836,0.8489011226522161,1.045834910957231
2021-06-16,1.043952329950325,1.1325278126486604,1.1322767084174234,0.7684795236675102,1.2341884831754777,1.1221148845512476,1.0437273993226905,1.1519810252538842,1.0578546731485352,1.052828164556962,0.988951441246096,1.1366038096711288,1.0556161218164664,0.9323799018252106,1.0867606448053393,1.292389929768916,1.1365133621471324,0.976568674377698,1.079658335442404,1.082452873118193,1.173490669855107,1.1577912079256718,1.2928586677443281,1.1222031023495314,0.9746344488049881,1.17846287985806,1.0,1.0327070062007786,1.0474491139972735,1.2931432956946,1.1090374566929213,1.2921619336456442,1.1827784874704546,1.0219609060435553,1.369346778630054,1.0791036303776262,1.0588487567043665,1.0658916451098777,0.867307613052751,1.0468784015517512
2021-06-17,1.0386647291748305,1.1296979027365193,1.1244426758249093,0.7718185904889712,1.2460344925099431,1.1233738421536488,1.043581981545451,1.1555315451773194,1.0597593110588754,1.0447369462025315,0.9940573050322598,1.1476690826180047,1.0535759367437234,0.9185651220220269,1.0744769134182879,1.2942790136720177,1.1332237558257638,0.9752418005562786,1.0676510921119555,1.0811683754194363,1.1803075825519167,1.1183318789313694,1.2736008412876891,1.1097246327486223,0.9757552772724928,1.1754186371034263,1.0,1.0323844515872083,1.0476649153397017,1.2864052792800096,1.1105108649214608,1.2454967274941737,1.1834572710544418,1.0102442818825532,1.3766680415259467,1.0718122823853307,1.053879345175538,1.0844962292101914,0.8631868597205553,1.0228802488420767
2021-06-18,1.0432914176976538,1.129832672898063,1.0892653405589958,0.7404316992909185,1.19753645014026,1.1128829051396076,1.034857532958714,1.1292333385336144,1.044250648593574,1.0301729430379747,0.975548412286994,1.1512097749113912,1.0482491566312844,0.8923896001479148,1.044128544589983,1.2722355526539717,1.1217105362470243,0.9457560157604186,1.0703193865618672,1.0700356080947449,1.1783599038350834,1.0616829224355344,1.239603646822455,1.0998278389765261,0.9656662827332626,1.1308981404761156,1.0,1.0194795797479332,1.0116204173799843,1.270478418575673,1.077357446137385,1.2126882527820133,1.173618973162337,0.9936454920875439,1.33302809773965,1.039193508601592,1.0290327559792094,1.0418604805922353,0.8447802014480469,1.010185497884464
2021-06-21,1.0376732094187615,1.1330670250349737,1.0937198944427238,0.7532869712735806,1.2050621351511033,1.1183381143820357,1.0287506926548042,1.1217387356362367,1.051868867767767,1.0324382911392405,0.9828882182485678,1.1954700539921712,1.0505158671469532,0.9173532462434694,1.0524381704170003,1.274754838600493,1.1266448115470602,0.950915988275472,1.0646491587381128,1.078599380021923,1.1622913126999037,1.084146999096945,1.245302731245148,1.1071427104120444,0.9651057146663415,1.1624810410016182,1.0,1.0268998375845442,1.0178796459221826,1.2744600861776467,1.0844795283594302,1.2277678020239648,1.182948266306772,0.9871362564425427,1.3492495343245128,1.0441824060942806,1.0466164131466131,1.058721099823245,0.8821427950901812,1.0072292537414191
2021-06-22,1.0449436478703114,1.1252510143661303,1.1156867878766017,0.7486123594020033,1.2022746195484824,1.1246325944800672,1.0140643800788063,1.1143751057564857,1.05322932341801,1.0304965189873418,0.9899088784691302,1.1945850163699452,1.0542559984346378,0.9234123882451307,1.036902616802662,1.2835723841847044,1.1266448115470602,0.9557811230278266,1.0793248599067804,1.0828810040996657,1.1666738315340839,1.0907888005589894,1.2682948179008582,1.105851995751521,0.9673475767122427,1.1624810410016182,1.0,1.0323844515872083,1.0060087907874269,1.2747662731526546,1.0891453679383258,1.2536474746075468,1.1883761297093722,0.9881127214227116,1.3426462575631442,1.034204728682845,1.061142160092509,1.0484496303150872,0.9365384345820966,1.0227064473944187
2021-06-23,1.055188241917903,1.1214774498429065,1.1310479437120549,0.7446054179573992,1.2040865952250628,1.1174989461644234,1.0245335771148618,1.106880341859701,1.0505084786109575,1.0233761867088607,0.9832071299545699,1.1936995723943573,1.0414488864093818,0.9207464747343177,1.0314833074824585,1.292389929768916,1.1195175324571203,0.9531275831635379,1.0753223365377593,1.0708918700576904,1.155474400003094,1.1025094087719545,1.274190252483099,1.0959551198101694,0.9554646823145082,1.1704720185105573,1.0,1.0204474016649066,0.9997494962711099,1.2707846055506808,1.1090374566929213,1.2638365007685162,1.1834572710544418,0.9845325621845422,1.3493931315514176,1.021924718345744,1.0542614814802669,1.060465286514588,0.8945054747667021,1.030531859706176
2021-06-24,1.0700594235702765,1.1340102844256412,1.1387284746586537,0.7457741347365966,1.2152353794961084,1.1229542580448428,1.0258422488174983,1.1166104215238177,1.062479956385627,1.0321148734177215,0.9943763727616014,1.206092808127934,1.0471159053796222,0.9161415481332564,1.0426832498162892,1.3163231910322553,1.0860522691286025,0.9498840214762679,1.0729875176234713,1.0743173369268262,1.1491444255794394,1.1423589503039038,1.274582952802195,1.1092943123591927,0.9525500565439451,1.1624810410016182,1.0,1.0072197380976675,1.0038503815184325,1.2701720413042232,1.120597474861489,1.2803428578126113,1.1834572710544418,0.9868107150268739,1.3549916668597033,1.0104124658477094,1.0664937079260668,1.0443799353092995,0.8909339985316238,1.043400497350018
2021-06-25,1.0723726669136469,1.1453300558143444,1.1477917416678152,0.7496140947631544,1.2183014229845899,1.1258916547204598,1.0274419326596496,1.1243681779520007,1.0543176879382041,1.0398821993670886,1.0001204500181182,1.2025518449323063,1.0463224769610728,0.9306832875797865,1.047741417470119,1.3081353997775937,1.0917556757483515,0.9450187482048799,1.0779906309876708,1.0730328392280695,1.1627783997246313,1.1589632102589538,1.2792995649936163,1.1092943123591927,0.9549043193584787,1.1681888654849408,1.0,1.0081879552052972,1.0126996879886,1.2775228122617133,1.1697140812114728,1.284622408401196,1.1819305056323943,0.9871362564425427,1.3557095432104147,1.0200060291917286,1.07108110026212,1.0319769038893165,0.9035714006926902,1.0541821538048197
2021-06-28,1.06807648497618,1.167835223650622,1.1093884293390308,0.7477776054588987,1.1951673121803386,1.1191773852376392,1.033258202286635,1.105565137703598,1.0496922052208117,1.0253181962025317,0.9940573050322598,1.1950273997299377,1.0489292876596468,0.9047504014416247,1.0224510342685944,1.2835723841847044,1.0941685367726153,0.95017878997945,1.0803253682078051,1.0790273014947187,1.1744644720256305,1.1335685916242044,1.238621054352261,1.1140274257966432,0.9605094872504608,1.1457383447390312,1.0,1.005606965029816,0.9937061350454585,1.2615960467055976,1.139753000067378,1.2615951045392637,1.1824394274397434,0.9913672596117935,1.3351816170079718,1.000435023584157,1.080255065150551,0.9738372735705325,0.9304945399220956,1.043748270722477
2021-06-29,1.0555187485032593,1.1689133849429716,1.112767908047817,0.7441046778994298,1.2068737912928242,1.1078472800059858,1.0364569519233113,1.1079321509858882,1.042346010683234,1.0324382911392405,0.9946955965142825,1.189716225838737,1.047002469314539,0.9093552095971228,1.0296768710423907,1.285461378545032,1.0779359343935815,0.9472304816119792,1.0686516004129802,1.0820247421367204,1.172029780659856,1.1308336920598232,1.2419617725597827,1.1359722866109638,0.9583797183068548,1.1385086892819818,1.0,1.0114142126841816,0.9928427317533896,1.2585328448804263,1.126736816379299,1.2785088181410451,1.1817608097363974,0.9920182628097123,1.3433640241300429,1.0000511446646239,1.0982212099585447,0.9552326894702186,0.9159339964332242,1.0482696655187305
2021-06-30,1.0465961807970932,1.1701261846567268,1.1112319521661065,0.7444384365393527,1.1923801161125773,1.0969366562451472,1.0319494422914803,1.0974127717287618,1.044250648593574,1.0292018987341771,0.9972484503956947,1.2029944991945398,1.0436024382097597,0.8972369848165818,0.9924640801472381,1.2797932314079876,1.0687228629450791,0.9431023373770964,1.048639473732797,1.0708918700576904,1.1715430655140602,1.1222386833490081,1.238032003873617,1.1071427104120444,0.9485142946395396,1.114535872916601,1.0,1.00463898503658,0.9950010750482651,1.243218929015431,1.1284561206322414,1.2611877479815776,1.174127894969686,0.9767213201437033,1.3404928480786351,0.9885386570187058,1.0955453189298123,0.9585271903909652,0.9131867715877692,1.0345315944437408
2021-07-01,1.0617976671987401,1.178077097227252,1.1433369998995757,0.7449394318425344,1.2215067836718112,1.108686448223598,1.045472236064527,1.1133232161305953,1.0692821681434082,1.0389113924050632,1.0135237130122294,1.2047647098901126,1.0489292876596468,0.9040232049071523,1.0061930152944587,1.303096469713455,1.080787637703456,0.945903538531043,1.0469717692780638,1.0811683754194363,1.196863037584465,1.1288804848110525,1.275369195112841,1.131239173173513,0.9553525892122131,1.1579149672732578,1.0,1.0172211441860222,1.0092463387167996,1.2475067835924125,1.189851972280096,1.2654670491936348,1.1856621565379117,0.9832306354221232,1.36719358871317,1.0138663179580323,1.0843236515319765,0.9773256469532189,0.9280218696892127,1.0319229531960117
2021-07-02,1.062127971948014,1.1830631979839543,1.1341202312444991,0.7499479555011621,1.201020764759821,1.1040705098367738,1.0453267299947695,1.0957037630230408,1.0774445695776982,1.0486207278481012,1.0157572651292908,1.2038794013656453,1.0471159053796222,0.904507943374019,1.0054704589211365,1.274754838600493,1.0889040395294853,0.9469354360707303,1.0419686559138643,1.0927292737256007,1.1880983717950357,1.1513447564325119,1.263185505390341,1.1286574151754454,0.9573705727198617,1.1617199512726009,1.0,1.0136724111316988,0.9852884972342658,1.2484254396656567,1.2094986335621645,1.2844182937134296,1.1805734361063434,0.9845325621845422,1.344368765583126,1.0035047616270634,1.0919703594329815,0.9939923197816086,0.9206044465424711,1.0357488864859188
2021-07-05,1.0614671606133839,1.1694524655891465,1.144412262959029,0.7729872051700837,1.2382300665899997,1.105749051547981,1.0414010680569323,1.1126655335528401,1.0744517001340308,1.0444135284810128,1.0125662757891953,1.2313211211505977,1.047229064094913,0.9151720119767416,1.0177540992946634,1.303096469713455,1.0968008524851884,0.9560760993095588,1.0469717692780638,1.0974393430478318,1.1910200014339651,1.1665813716453224,1.274386843120491,1.1376934859994272,0.9561374460391703,1.195586120985156,1.0,1.0156079759275145,0.991547791750583,1.274153613757976,1.2004120070354003,1.3047960966588408,1.1804039890313085,0.9874615589579553,1.369777680094581,1.0215413097219777,1.0923527299616178,1.0172482162735301,0.926098896233381,1.0503563057534842
2021-07-06,1.074024796168263,1.1752470555749726,1.1207558180552695,0.782169753789447,1.1951673121803386,1.1049097806923773,1.0427094748820147,1.0953089924769808,1.0883279488059077,1.0227290348101266,1.0144809942119242,1.2384025057373709,1.0540293343168157,0.9001453563950004,1.0011350296676786,1.2722355526539717,1.1143497133570215,0.954749294747656,1.0483058348088659,1.1094285818441456,1.200758543769704,1.1331778916864357,1.221524642756636,1.1252150985677734,0.9623029768871817,1.1716134207812112,1.0,1.0036710050433442,0.973201840757082,1.2658840915790208,1.1878873342650018,1.2634290195225661,1.1787076935939054,0.9920182628097123,1.3333152921934597,1.0035047616270634,1.089676253373117,1.0044574399296677,0.9409341622067979,1.0234020793779084
2021-07-07,1.0773296601857436,1.1667570623582724,1.114611336932637,0.7928546246808031,1.2019961981742417,1.1095257190792018,1.04474514717833,1.0991221829330005,1.1008437418275414,1.0398821993670886,1.0163956346229832,1.2631882999489215,1.0664963461591666,0.9015995717956004,1.0065543389878824,1.2753848615583647,1.1324469761310991,0.9730304134467629,1.0653162731976678,1.13212235222934,1.2173139988022523,1.1685347738541418,1.2093405923173701,1.126936297956237,0.9775493822418887,1.1609592100278916,1.0,1.0168985895724518,0.9742808474692228,1.2606769148912484,1.2028679685474246,1.2966449754806764,1.183287575158445,1.0105696640313846,1.3433640241300429,1.0050398070094293,1.1042050452298076,0.9775194454744792,0.9541207575289951,1.0500087028581686
2021-07-08,1.049900842978491,1.1574587116525865,1.1213702943502093,0.782169753789447,1.1681311481835455,1.0804126580971471,1.03674778747779,1.079793238121504,1.0807094636579806,1.0343802215189875,1.0004397517824692,1.256106644459907,1.0603761376281782,0.8919049801266112,0.9697027807726284,1.2366508065520596,1.1198336652884608,0.9525377691191069,1.0446369503637758,1.1214177158861212,1.2309480473232304,1.120676078557982,1.2093405923173701,1.121342461570672,0.9634243181319156,1.125190548315665,1.0,1.0098010444256738,0.9626257936768953,1.2184096012927979,1.1512953069750413,1.253851589295313,1.164798601825251,0.9942963360186253,1.309629105269612,0.9866198502907486,1.0487655346078706,0.9759690573043965,0.9475273339639164,1.0200978061466899
2021-07-09,1.058492904099301,1.1654098877033887,1.127821966649184,0.7936893275748651,1.2079886484176048,1.0799927660743667,1.0434365637682117,1.0889976547216378,1.0926812074063843,1.0492681962025316,1.0023543921935283,1.2578771260577208,1.0649094893220676,0.9127483788651897,0.9964380946937477,1.274754838600493,1.1313503065086261,0.9482622406326331,1.040968065918686,1.1334070594367736,1.2513986366620862,1.1685347738541418,1.221917703792498,1.126936297956237,0.9629756380563979,1.1286151036119354,1.0,1.0223833616513784,0.9801084733265648,1.2404621996099303,1.1751168591805758,1.301739488561161,1.1649682147809273,0.9952729602656316,1.341067017418629,1.0200060291917286,1.0418834506521848,0.9786821626613617,0.9640109348446063,1.0618338499074906
2021-07-12,1.071381248075619,1.1807722369778495,1.1186054798208747,0.7880129803421368,1.2035292199184824,1.0825112971071174,1.0460537305884485,1.0857104493284153,1.1041085694143904,1.0486207278481012,0.996291169196,1.2538935085998595,1.071142995243243,0.9120213007762804,0.9946316582536798,1.3024665362983572,1.1434150141759947,0.9566657748349563,1.0819930726625382,1.1428270933268971,1.2567548832910036,1.1544702584546376,1.215039676740063,1.1282271769552707,0.9657783758355577,1.12252685042554,1.0,1.0249641937505973,0.981619346620037,1.2306609813701685,1.156943887258172,1.2921619336456442,1.1705656911392035,1.0014565748615454,1.3542739002928041,1.0288324225663898,1.06482392569106,0.9277132255105697,0.9774724205233224,1.0607903593129704
2021-07-13,1.0872438485660203,1.1803680582333569,1.1113855477542776,0.7911850657455513,1.1845757967042536,1.0967823913440866,1.049979833988876,1.0840010381241767,1.1204335052698373,1.0537990506329113,0.9998014603004464,1.2525656812642791,1.068309520426847,0.9222005716893548,0.9819864211461552,1.2684570266766728,1.1488988990164257,0.9489995774476885,1.0843278098826725,1.1595261919367652,1.278666733704042,1.1507588040058832,1.2022659746275435,1.1187607035726042,0.973177443586044,1.1232879401545575,1.0,1.0272225502743768,0.9684534195342372,1.2150403076408396,1.1412264082959171,1.278712683452284,1.1880369037980198,1.0125225143583036,1.3422155756662424,1.0303673503748139,1.0728531212326549,0.9070737199666823,0.970604358409685,1.0566168231277475
2021-07-14,1.0862523288099513,1.1682394023951148,1.1084668558100044,0.7868442635629394,1.189453389822836,1.0967823913440866,1.0453267299947695,1.0809766642629457,1.1155357319420958,1.0411768987341772,0.9854410721299799,1.2516806436420531,1.055276021633561,0.9209888735791418,0.9711477114922231,1.289240710407297,1.1384793970557916,0.9439868506651926,1.0889973660170946,1.1458244292145603,1.2635718703635994,1.167167519032,1.1977463137902802,1.1191909417927786,0.9652178077686365,1.104261858543482,1.0,1.031416392555841,0.9630575283099891,1.2156528718872972,1.1343500346775244,1.3011282666922361,1.182948266306772,1.0001548073659638,1.3475271360883434,1.0192388592223707,1.0694124891466497,0.8988373197834574,0.9623625160013467,1.0587036338396447
2021-07-15,1.081295234619813,1.1247119337199556,1.080970427259713,0.7778289005577925,1.1784439227505306,1.0984614462452509,1.0229343347353008,1.074928319039001,1.1079177122482036,1.0211107594936708,0.9650173829503156,1.2600902619177685,1.0515358903458767,0.9003876960170429,0.9870444977864601,1.288610776992199,1.1269629571086512,0.9355834549819029,1.0829936626577168,1.141542490873802,1.2621114274230665,1.1615026623744262,1.1635534905990297,1.098967280366922,0.9610698502064903,1.0464233371112905,1.0,1.020124768013205,0.9507549385421395,1.204013960908163,1.0940744399610278,1.3043887401011547,1.1797252054473213,0.9825797914910418,1.3367605278010488,1.0084936591197522,1.055265599370781,0.8831395656206895,0.9590659301227874,1.0680941968046105
2021-07-16,1.0918704361708023,1.1239033127506932,1.0748258521948246,0.7843400527826679,1.1526618265656383,1.1047575685511446,1.0357299513296323,1.0604642128103043,1.1188010914764128,1.0065465981012658,0.9605498106461745,1.2592050888444217,1.0687629179999392,0.8807561138342405,0.9837930396132726,1.2583796142622654,1.145608487602957,0.9560760993095588,1.0963351349072747,1.1620952920886172,1.274284066118289,1.1286852323221925,1.1486183736254962,1.1015491205342447,0.9771005996109251,1.0525115902976858,1.0,1.0330294817762176,0.9382364154836242,1.1988068793686115,1.0886715682815495,1.2593534589334838,1.1875281478713118,0.9868107150268739,1.3126436589802994,1.0035047616270634,1.0610006888525114,0.9017442236616829,0.9634615738115021,1.0314012931373233
2021-07-19,1.0803039166998267,1.1194560291598892,1.0284350056276108,0.7719856229560602,1.1101567669974173,1.0774743376796074,1.0280236920611252,1.030353137709394,1.1019319068674351,0.9647959651898734,0.9391688402668155,1.244156333890805,1.055162654905926,0.8504603446031523,0.9440510738776804,1.210198169799425,1.1362855210827791,0.9557811230278266,1.0963351349072747,1.1539598606515888,1.2596763641783604,1.0861005962658132,1.0943808804723514,1.0608863498954233,0.9744107753776271,1.0068494590768489,1.0,0.9994770046856175,0.9045661281353293,1.1540892136361103,1.068533583502551,1.2071863831438425,1.164798601825251,0.9643536131513636,1.2489063611046491,0.961676127057926,1.0663534078056054,0.8430232717197974,0.9434065806317207,1.0007949349194982
2021-07-20,1.0727031734990031,1.13953533408838,1.0347328005116472,0.766810117879386,1.1264619918077652,1.0825112971071174,1.0268601732581741,1.040872194967706,1.1090059437815307,0.9761236550632911,0.9516144320028833,1.2322062942239442,1.0449624922541403,0.8599127150956619,0.9519996490518484,1.2146072559912398,1.1373824590692854,0.9441343041763004,1.0873295798682077,1.1573852227663861,1.2513986366620862,1.0939142051010906,1.1010619561706285,1.0626074671146315,0.9689172903661568,1.0011417507549623,1.0,0.9859269445810707,0.9093144833840553,1.1660343115902523,1.0999684477166858,1.2314357566788334,1.1681910268194162,0.960122530348694,1.2657018572456933,0.9766424668141672,1.0686472796415625,0.8722869223707896,0.9640109348446063,1.0148808646055185
2021-07-21,1.0769992545184286,1.1399397763131496,1.065916368658346,0.7723195347431105,1.165065211206684,1.1156708608997594,1.0278781859913677,1.0567826393695394,1.106285298454779,1.002662816455696,0.9857602178709913,1.2379599869262579,1.0443957279534128,0.8870575362351628,0.9881286508937801,1.25680464641036,1.1390277989580364,0.937942364862043,1.0996704621225872,1.1535316249157774,1.2548074277015293,1.138452145886265,1.1376136265327381,1.0912218420342084,0.9647695379149022,1.054794627161866,1.0,0.9939927068354785,0.9272288316927,1.187474440809148,1.1424542953415542,1.2801389925013724,1.1759938033627655,0.9754195526481217,1.310346871836511,1.0111798709649504,1.082411798888795,0.9399225323499717,0.9763735305851404,1.0383573572565046
2021-07-22,1.0912093220820482,1.1399397763131496,1.0480972137008768,0.7739889405312348,1.1519652405719376,1.1312011180151127,1.0248246775468948,1.0537584265077153,1.1215218697900318,1.014314082278481,0.9876749362937202,1.2423861231952322,1.0409955581737376,0.9011148925515152,0.9798189340532382,1.2231095214681935,1.1401244685805092,0.9156806246986778,1.1033395099559848,1.1556726988404953,1.262597845065717,1.1368895410952387,1.1161935435426318,1.0606711486160807,0.9081567781509314,1.050989410839651,1.0,0.9962509843211269,0.9252863557143713,1.186249502612675,1.1353324942506344,1.2701537069633781,1.1780292417712006,0.9754195526481217,1.298575522096133,1.0081100153481024,1.0931173539069368,0.923255785580902,0.9917581575916616,1.0166197314678134
2021-07-23,1.0908790173327745,1.1427696862252907,1.0485580944076458,0.7823366841584509,1.164507622876864,1.1374972403210064,1.029477428370929,1.0561252787905984,1.1242426481036505,1.0298492088607596,0.9921425085978611,1.2353046031573385,1.0534626393535365,0.9207464747343177,0.985960799746764,1.253970707155999,1.1538345161366288,0.9234942063375366,1.1173480149709438,1.1732281641676472,1.2781798698066735,1.1579864604145318,1.1165869652952596,1.0335626896363699,0.9291202393890239,1.0684930806698194,1.0,1.0123818765248926,0.9317613855989978,1.1798173877284295,1.14048965732646,1.2868638046304484,1.189224194487753,0.9907163360472934,1.317380940278594,1.0127149163473161,1.1038230260370323,0.9266473706139775,1.0508240793208505,1.030531859706176
2021-07-26,1.0776601667711,1.1174346084768718,1.0752864510748261,0.7759924112535368,1.1806737435117116,1.132460383531488,1.017699736217273,1.0595436987005578,1.1057411826881154,1.0301729430379747,0.969485111277796,1.2375173326640243,1.0518758518538855,0.9289868510027068,0.9874058214798835,1.2703459314942263,1.1450600857007123,0.9177446275566025,1.109343131621209,1.16980280205285,1.2679542404462072,1.1949061423333132,1.1486183736254962,1.0271082946412005,0.9037847369396409,1.0856165541197873,1.0,1.0127045101765941,0.9356464695038924,1.1954379663095374,1.1424542953415542,1.3294534501928366,1.1742974249850417,0.9920182628097123,1.3366170403579567,1.0196226205679622,1.077059079935701,0.9401163308712319,1.0791208309729836,1.0625294818909803
2021-07-27,1.0690678028961662,1.112179230877359,1.0748258521948246,0.7826704427983737,1.1802556854038713,1.1370774509362176,1.0172633945930367,1.0605957493258553,1.1041085694143904,1.0285545886075949,0.9710805279361739,1.2463696052019733,1.055162654905926,0.9222005716893548,0.9657285841990692,1.2697159085363545,1.1565766598298692,0.8403442779761178,1.1193492766554545,1.1770820762812713,1.2708758700851366,1.2003757465020268,1.145277535179053,1.0331324514161953,0.9083810669109674,1.0745814500176507,1.0,1.0017353612093973,0.9330563256018044,1.1822676447142595,1.1289473504187963,1.318857067474181,1.1805734361063434,0.9939710335032127,1.3356121891210608,0.9989000957757329,1.0671182659748317,0.9522287014796639,1.0780220249707881,1.0505303629168572
2021-07-28,1.0733641866697157,1.113931111237289,1.0795875972548945,0.7784966220338081,1.2038077478043427,1.1387564031993904,1.0190083196273914,1.0429762962183011,1.1068294807148762,1.0275836234177216,0.997886897901057,1.2463696052019733,1.0539158982517325,0.9226853101562215,0.9697027807726284,1.2690860646640307,1.1571247933680806,0.813659832853238,1.1180151294304985,1.1796510716787847,1.2747710787672302,1.2210817709235025,1.1468498995614225,1.0208691009253736,0.9079325919463413,1.079528533256264,1.0,0.9956056379795926,0.9319772529155448,1.187474440809148,1.1240355211051227,1.332510307667044,1.1917686376438579,0.9982020366724634,1.3430767198924207,1.0061912086201452,1.0873821473132528,0.9854651848461535,1.0557691679786563,1.0654856407954532
2021-07-29,1.0664243557215636,1.1154135830142697,1.1202949373485005,0.778830584869901,1.2279175050462543,1.1500893822948028,1.0224979931110645,1.054547404101911,1.1427443129994863,1.0211107594936708,0.9347009559159954,1.2574344717954873,1.0506292338745884,0.8676684121199659,0.9931865455070354,1.2905003981519445,1.1626088123905285,0.8214734144920968,1.126019849391926,1.1899275770405306,1.2548074277015293,1.2865214760191341,1.1619810059777382,1.0,0.9208247344865146,1.050989410839651,1.0,1.000122351027152,0.9427689693899222,1.204013960908163,1.11003734639581,1.3426990844514857,1.2009282348922963,0.9588492716170092,1.3264247111944687,1.0200060291917286,1.0621474491025593,0.9901163493564018,1.0832417521771527,1.0931357548702336
2021-07-30,1.0773296601857436,1.114200519820238,1.1084668558100044,0.777995881975839,1.2159321785130488,1.1412750368701325,1.0307862766586013,1.0452116924853367,1.1503623326933783,1.006870174050633,0.9331054612459477,1.2538935085998595,1.047342430822548,0.8376150417337019,0.9801800757196121,1.274754838600493,1.1768672618488927,0.8142495776381521,1.1340248144358145,1.1989194799491816,1.153526721286261,1.2464762920782273,1.1366310340625443,0.9782700939572565,0.9306897479320464,1.0312027041453022,1.0,0.9949603706761894,0.9324087896262824,1.186249502612675,1.1014419496556003,1.3186533268512062,1.2112752887111091,0.9412675665349158,1.3102030550419808,1.0031211178554136,1.0571771006781017,0.9661821950104088,1.0780220249707881,1.0609645017149147
2021-08-02,1.0879045589826088,1.1150090090493618,1.1163009823447743,0.7799993016490985,1.2256876842850732,1.1488303220544103,1.037911129695705,1.0417927895771562,1.1514509631873069,1.0175506329113924,0.9184259273344699,1.2623032623266954,1.0518758518538855,0.8395539956011687,0.9852380613463922,1.2879808435771014,1.1861902283690706,0.827813015096012,1.1283546683062138,1.2061984399145875,1.0941217394770906,1.2892560831434423,1.138792809640324,0.9885972081187826,0.9266538834721951,1.0452819348406364,1.0,1.00463898503658,0.942553168047494,1.1883933823270552,1.1333677625251648,1.3318987117333276,1.221452646633925,0.9533141119496156,1.3274297819989898,1.0169360560009386,1.070559132284744,1.0027132532383243,1.0972526828249596,1.080962749209881
2021-08-03,1.0773296601857436,1.1181085910247288,1.1361171617752344,0.7860094585707922,1.228892831949055,1.1614224640282065,1.0421279803580932,1.0467894061746172,1.1596134311150303,0.9156013449367089,0.8995979668598626,1.2924002304294464,1.0516492570735119,0.8240426607753423,0.9957154473069006,1.3062457786178483,1.1746737884219303,0.8285499363539671,1.1413625833259944,1.2019167110825062,1.099477986106008,1.3255897151555702,1.2030523371771111,1.0137691842614323,0.9316985858527018,1.0460426760853456,1.0,1.0172211441860222,0.951834077202518,1.1951315890380876,1.1321397817691525,1.3453483359914793,1.2175513827727313,0.9546166757793842,1.345086532150025,1.0123310374277832,1.070559132284744,0.9994186783768986,1.089285814709127,1.0922663214390862
2021-08-04,1.0753468225096885,1.1144701918834636,1.1235209144113714,0.7791645987550364,1.2461738097086832,1.1685581651036783,1.0422733098428145,1.0529695294132233,1.1824682881179094,0.918514082278481,0.8932155201096532,1.2760239190424907,1.0509693340574937,0.8189528180390697,1.0058316916010352,1.3251404679881447,1.1735769846174406,0.8348895369578824,1.1383606499521517,1.2083395138393052,1.1160334411385564,1.3455145346615571,1.190868767693533,1.0238810971436159,0.9247480956222874,1.0578387537550635,1.0,1.0072197380976675,0.9604674503820197,1.2027887372670272,1.156943887258172,1.3420876132060333,1.2258627493621475,0.9930355797336772,1.3581497080134828,1.0418797204467904,1.0709415028133804,1.012984574865123,1.1008241590600378,1.0941792454647539
2021-08-05,1.0799734101144702,1.1241727213336423,1.1384212834823118,0.7741560240473662,1.2523056836624062,1.1660394287949447,1.0483803267317606,1.0595436987005578,1.1743830855599602,0.9414932753164557,0.8871522191004553,1.2751384750669026,1.0585628246856014,0.8109548406155047,1.0040252551609674,1.328919173050992,1.1675445636927482,0.8254131035819706,1.136693108885726,1.1993475061763157,1.1165204537874978,1.2777311173394348,1.2016768039099774,1.0327022131960208,0.9193415776288832,1.0631660333738775,1.0,1.0110913419180863,0.9738492447843665,1.1991133517882824,1.1512953069750413,1.3204873665227723,1.2228096332196554,0.9897796081430585,1.3181418518838517,1.0418797204467904,1.0625298196311956,1.07248072089205,1.1049451642001937,1.0480958640710727
2021-08-06,1.0637805048747955,1.0992419540698546,1.139035947661763,0.7784966220338081,1.2727919155976362,1.1303616418835263,1.044309158724166,1.0778210758849778,1.1602339478368322,0.9495845727848101,0.8782169184688338,1.2782367840002968,1.0669497437322588,0.8172563222392086,1.0307606600956116,1.3585211187080195,1.1576734636343589,0.8286568037882739,1.137360141651127,1.1860736649269066,1.1199287241964366,1.2843727238414304,1.2083582403250201,1.0540017166800795,0.9175480879921623,1.065068525373549,1.0,1.012059242873191,0.9911161230916079,1.2223909834501088,1.1500675136397793,1.326192976783918,1.2172119080404171,1.0067101507603957,1.337524184001622,1.060683556085004,1.0709415028133804,1.0893411183010206,1.117857120973832,1.0491391841884494
2021-08-09,1.0571710795939582,1.1043628908581697,1.1295117999458328,0.7801662830671449,1.284777029107602,1.1181892892945189,1.0530332541408307,1.0801877671684537,1.1640432236575124,0.9295182753164557,0.8830037925373256,1.2870889210871252,1.071142995243243,0.7949587673228117,1.0282317582957463,1.3667088204199072,1.1658994921680306,0.830131408158868,1.137360141651127,1.196350275042991,1.1199287241964366,1.2943350848544117,1.2004981017580794,1.060025709116564,0.9248351651957993,1.0677323394251101,1.0,1.0204474016649066,1.0014761709070104,1.2260668446699583,1.1505585560055838,1.3268044480293706,1.2183993646107918,1.0571759186630632,1.3392469115892294,1.0614509612022454,1.0797353223002943,1.0569769131319016,1.1384614751867177,1.0590514072121038
2021-08-10,1.0598147286046435,1.0981640562577817,1.1348880213008428,0.7830043545854241,1.2917451257886254,1.1303616418835263,1.0512884173989943,1.0780839074169692,1.1607778641231954,0.9346965189873417,0.8759832103284331,1.3008094423518,1.078396663038238,0.8138632121939233,1.0488252975368646,1.367967791822363,1.1702864390219554,0.8323432800850008,1.1503681383650615,1.2044858112343582,1.1199287241964366,1.3097670500361065,1.2140569640309473,1.0604561116752487,0.9209114963936891,1.0734401639084328,1.0,1.021092748006441,0.9954328096813588,1.2343363668489133,1.1539968833803431,1.3467747697288317,1.2189082034778203,1.0506642143820821,1.3392469115892294,1.064137408195327,1.0724706335920648,1.0660853696904584,1.1510987934117973,1.071920044855946
2021-08-11,1.0634497964533565,1.1023416019152907,1.1450267392539688,0.7976961669213843,1.2995494451969491,1.1408552474853435,1.0653929705735163,1.0853160007811693,1.1754713170932873,0.9353440664556962,0.8807699283735854,1.3388735099191533,1.0742032728523574,0.815559767216566,1.0762834408718804,1.3862326373203357,1.181254477066851,0.83455480571355,1.1953955867837813,1.2109086139911571,1.0921740607602572,1.3408262328883565,1.2250620718404712,1.0718586570487003,0.9275261175390016,1.0780061214753571,1.0,1.0310939169804019,1.0066561288405926,1.2459750875316058,1.1945180929901171,1.39119857965105,1.2190778164334966,1.0584782435925757,1.3347961660418688,1.0733475629155798,1.063294677800422,1.0813953789293465,1.1549450760674076,1.0609645017149147
2021-08-12,1.057832092764671,1.1184666607207951,1.1291827202238982,0.8053759338273724,1.2840786324163644,1.1207076150512867,1.0716452286546656,1.0780839074169692,1.1803692234078962,0.9563810126582278,0.8849185109600545,1.3437421649992407,1.0772633424491276,0.8187105968625903,1.0824251245383567,1.3820125759244373,1.1796092713601165,0.8292466870922216,1.2050681745882492,1.219044150182524,1.0999649987549494,1.3283246147199517,1.2065463600101216,1.07271929782756,0.9260684969873825,1.113394470645947,1.0,1.0278676595015175,0.9961443405520675,1.2891614377961844,1.1896063573868187,1.383047707849413,1.2253539104951188,1.0399199938968948,1.3368061978670982,1.0462948571041586,1.075529480709202,1.061627929760791,1.1582418298179402,0.9809243748049102
2021-08-13,1.052875099492574,1.135582734717123,1.1211937768516325,0.8112192114291047,1.2899324045307061,1.1190285601501224,1.084586616196309,1.082160090404387,1.1814577209149577,0.9524973892405063,0.8836420060076787,1.337988201394686,1.0829300147321277,0.8208918311293181,1.0972382127928975,1.382642688425083,1.1927709170139913,0.830131408158868,1.2034005518276698,1.2288924198084588,1.0946086777502455,1.3240269154044952,1.2002567822417212,1.0742253781059363,0.9325712301412916,1.1187216341033248,1.0,1.0333519573516567,1.0034833015217128,1.3053949612166338,1.1994298285934157,1.37285855700018,1.2333261341135031,1.0581527021769068,1.3274739150916623,1.0516682213860886,1.0747649738758365,1.0773256839235585,1.1475274850486925,0.9831866064973271
2021-08-16,1.0459349657902977,1.142456012955852,1.0949230129122691,0.8083810888617828,1.2747402261476013,1.1370774509362176,1.0899668090766121,1.0655925269227235,1.1781924943675075,0.9453770569620253,0.879812569162221,1.3211693711966173,1.0845168715692266,0.7964129235006302,1.0549670722168656,1.3700441096659006,1.1861902283690706,0.8258555333748105,1.207402748420076,1.2361714845282032,1.1009388009254728,1.2984374342009835,1.1713655335971895,1.0869190489861875,0.9260684969873825,1.1194827238323424,1.0,1.0259318575913081,0.9847043623868618,1.2879366898961533,1.1672583071201987,1.3437177875663606,1.228067717785938,1.0552224312687946,1.3102452120260262,1.0378508141877887,1.0740002328185638,1.0629845194096132,1.1403846165145228,0.9630009193832342
2021-08-17,1.050561654313121,1.1570113221427112,1.1119758808894866,0.8188990804331777,1.2698622069825396,1.1358182880578336,1.1024714135314289,1.0673020186266655,1.182546085435152,0.9340495253164557,0.8861947818774211,1.3092190606275151,1.0910902696609628,0.786718331831641,1.0632767890574075,1.351146823555158,1.1938678550004975,0.8342599679508512,1.2164084668474504,1.2481608280788556,1.1033734922912473,1.2925770326144765,1.1888577717238817,1.084767364869784,0.9335802731728389,1.1111113176203307,1.0,1.030125936987166,0.9758544621496255,1.2808920107654502,1.176836069723143,1.3227288874402883,1.2302729350306905,1.0555479726844632,1.2918679507127768,1.0286390134323526,1.0602359477952386,1.0800388632212035,1.1148351736438316,0.9534300768391628
2021-08-18,1.0601452351899998,1.1768227993699132,1.1072134782336263,0.8190660108021817,1.2711165943293004,1.132880172916277,1.10930560759909,1.0662498875016644,1.1809134056679933,0.9395512658227848,0.8906626662282411,1.2866464022760122,1.0980038372730525,0.7922926761436541,1.069779887430832,1.3461078934910193,1.177415932115171,0.8330803398619894,1.2220785312828972,1.2271795816195523,1.0946086777502455,1.264057009437626,1.1896436533177617,1.0843372909881197,0.9196781646021059,1.1031205724342639,1.0,1.0252867483641677,0.9812508811668235,1.2903868517337624,1.1927990698683002,1.2970527061031538,1.229594400267665,1.0675946773660006,1.2825358875049664,1.0290230099258273,1.0652064133316501,1.0949612754175708,1.1074175826251165,0.9288938982650371
2021-08-19,1.0575015861793147,1.1773616165358114,1.063582467256192,0.8147253107176546,1.2467256464110323,1.1190285601501224,1.1006056160398545,1.036532777949779,1.1820019031750548,0.9175432753164557,0.8995979668598626,1.2800074010492315,1.1087709029004618,0.7922926761436541,1.0456017805157882,1.3335100310740289,1.1796092713601165,0.8320482345437519,1.224746744038655,1.220756883617092,1.0941217394770906,1.1384119841162148,1.1310756351515843,1.0699225850579153,0.9211354774873874,1.08599698282286,1.0,0.9802498727288492,0.9603132688665033,1.2692531949345371,1.189851972280096,1.2516099436895332,1.210087915081055,1.0721529738861315,1.2585589930453052,1.0056098054786164,1.062912190159832,1.0777132809660794,1.0947801804640502,0.9034876043511905
2021-08-20,1.0492398298077783,1.1766880292083695,1.0695741982709552,0.8230728501487008,1.2496524792123935,1.1123129563734138,1.1019148174975992,1.0419243260927071,1.1836345829422135,0.9198087816455697,0.9094906267028485,1.3043505409985483,1.1095641926441149,0.786718331831641,1.0510215449036158,1.340438940469009,1.1883838359780496,0.8296891168850615,1.2260809729577646,1.2233258790146053,1.099477986106008,1.121406301420713,1.1314684557096024,1.0925127210332422,0.9273019313344114,1.2389652153418125,1.0,1.0047722433258424,0.9663572898333421,1.26833425341663,1.2239881317684076,1.2617988451622388,1.1951610626380231,1.0851763824480938,1.2630098483764785,1.0075289649283987,1.08699989389657,1.0674420332799606,1.0928570391362449,0.9094041840887204
2021-08-23,1.0545272287471903,1.162267358442916,1.0924651077325092,0.8397680311088781,1.2585726143500764,1.113991703360604,1.0924619556368946,1.0395572323107136,1.1863556272295663,0.9217507120253164,0.8980023941781451,1.504849353295397,1.097097111464316,0.8002907127900006,1.0802866707598482,1.340438940469009,1.1768672618488927,0.822759009641548,1.2294163001730771,1.2160469190491994,1.1023996157449374,1.138021284178446,1.159573702521332,1.0933734439813567,0.9228171816881509,1.2473365053923882,1.0,1.0057399862046845,0.9713216443468526,1.2818108571351365,1.2222688275154652,1.293996098005474,1.198044814645801,1.0646643268244693,1.262148484582675,1.0194275653987415,1.1091760963259871,1.1021318207042035,1.087912034414426,0.914276506084585
2021-08-24,1.0462655732936954,1.1495988315176688,1.1019900069864856,0.8382655556897578,1.2670746913799187,1.1114733776038361,1.0789369545508967,1.0268013297907026,1.185266996735638,0.9188378955696203,0.8980023941781451,1.431820068898567,1.0921103621973343,0.7976247400564062,1.0987131779756736,1.3429580473299823,1.1757707264084365,0.8196625551678023,1.2300833329384782,1.212621347425725,1.0882787033265908,1.1694916377735873,1.1747069732382427,1.1041307963630573,0.9154177037158812,1.2990870059610564,1.0,0.9837990009738288,0.9670046278865079,1.2845673010959744,1.2340570304475318,1.3274156698982955,1.1965181321640739,1.0750830855274065,1.2565490710038885,1.0309419342277262,1.0892938828444807,1.1461241589709823,1.0881867568989716,0.9414229454393017
2021-08-25,1.04428273561764,1.1526985452331742,1.1003001736898366,0.8399349104288395,1.2902110389281864,1.0988811329920483,1.0782098656646997,1.0488944734216545,1.1781924943675075,0.9269291139240506,0.9021509767646142,1.4300497227518738,1.0772633424491276,0.8213765695961848,1.1142490046305862,1.3593356893231077,1.159318669341093,0.8183356120868661,1.2170754179186976,1.1946375416084232,1.0897395925218418,1.1864975154291382,1.172741788297855,1.1015491205342447,0.9058879440227763,1.3656774784697683,1.0,0.9841216346255304,0.9970077438441364,1.2891614377961844,1.2567734561988804,1.3406613041569446,1.193973689007969,1.0715017317879565,1.278228629400698,1.044375815228318,1.1061168978729892,1.1286822181168714,1.0769230510966195,0.9435111199683458
2021-08-26,1.0400690037199398,1.1563376030751311,1.10014648415941,0.8447766058165483,1.2860297122684452,1.1009796693640272,1.0751559157576362,1.0400833783729175,1.1841787652023106,0.9198087816455697,0.9008743938005687,1.4154437575116112,1.0694431183657496,0.8150750287496993,1.106661571122792,1.3700441096659006,1.1543830522208902,0.8195151709162113,1.2184096468378072,1.185645743454111,1.1067819114517587,1.1704690699781801,1.1656663289355746,1.1062822339716953,0.9109330566250664,1.3614918334444805,1.0,0.9921881872612505,0.9909640527478913,1.266105120896281,1.2432664175657475,1.3249702836695407,1.1812321481327397,1.0597805685220882,1.2699014174297831,1.0378508141877887,1.1007641789198952,1.1246125231110837,1.0843406421153345,0.9250653225794079
2021-08-27,1.03478099927228,1.1543157871716987,1.11673865931437,0.8509539483524585,1.2948106367190075,1.102239037518394,1.0729743842214914,1.038768254716518,1.1847229474624077,0.9220743670886076,0.8941728013093478,1.373839133101992,1.0629830176642003,0.8179835187736809,1.103409930922555,1.3776031315615267,1.1505442389051768,0.8170085304868965,1.2200773512925405,1.1852175077182996,1.0892526542486871,1.2056535099827344,1.1890543623612735,1.1015491205342447,0.9070090801566186,1.358067045825338,1.0,0.9870257326815006,0.9881578436069002,1.2593653918137135,1.2432664175657475,1.3553333721529461,1.1832678353621364,1.0548968898531257,1.266024951006229,1.0363155336575396,1.0988524433886673,1.131201598893256,1.080219804847152,0.940378772936208
2021-08-31,1.039407889631186,1.1474426406731077,1.099685603452641,0.8519555816155245,1.2885385934735858,1.1034983030347694,1.0630850924440323,1.0157545969758195,1.1874435927891596,0.9337255537974684,0.8903435204872296,1.3455123756948135,1.0668363076671756,0.8490063660936784,1.0947386173480151,1.3423286511715284,1.1598670712433379,0.8167136927241977,1.2044009784345406,1.1826484075664478,1.0975303817649613,1.1997895016353248,1.1672384528401005,1.1179000627937448,0.9072332663612087,1.366058139495713,1.0,0.9947696516655191,0.9816824838516799,1.2379218372588634,1.2395826627184612,1.3343442226503464,1.1854731355472095,1.0630365401127069,1.256979862684603,1.037083173922664,1.0686472796415625,1.1129846118354627,1.075549438673892,0.9365505382048654
2021-09-01,1.0622120366764418,1.1477120492560569,1.0970738208579427,0.8547938062809314,1.282127126517804,1.117349710524941,1.069920610899464,1.01720125714777,1.1945186271047583,0.9385801424050633,0.9021509767646142,1.3552496858549885,1.07250318796252,0.839311537533563,1.103262215971818,1.339809007053911,1.1675445636927482,0.8234962079375701,1.2097377307226713,1.203629444517074,1.1184681325043309,1.1992029643285498,1.1566256846329066,1.1222031023495314,0.9067846888411368,1.4041098380721198,1.0,0.9921881872612505,0.9890213128730879,1.2468055412040322,1.2770341078589549,1.3420876132060333,1.2054912795717492,1.076059948674669,1.264014809397187,1.0470623797953413,1.0610006888525114,1.113759805920504,1.0771979414531385,0.927849811000515
2021-09-02,1.0605595037496602,1.1609195250873403,1.1179677058465056,0.8567971238561058,1.292580496422967,1.1055969420447398,1.0734106375532095,1.0185165418035769,1.1988722181724027,0.9366385284810127,0.899278899130521,1.3459551654081676,1.0698964466013938,0.8654871186304566,1.14460647481137,1.3479977832790868,1.16315734847479,0.8242335447526254,1.163892687213182,1.2027730777997903,1.1170670414412955,1.2019397160133944,1.1788342944731758,1.1239241373994844,0.888173644419553,1.3911721258088756,1.0,0.9973508789553941,0.9924748600672448,1.261203560294191,1.2684387111187452,1.3418839972713221,1.2065091231864478,1.0757343276255815,1.2526726045803345,1.0616476624066493,1.0323247729960447,1.1069768576763919,1.0925824845236727,0.940726802024382
2021-09-03,1.0480010608504504,1.1467687898653893,1.1012218411611188,0.8537919688216952,1.2871449954397052,1.1064365208143174,1.0753012452423576,1.0111521069267904,1.1923417650775023,0.9321073575949367,0.8932155201096532,1.3446273380725875,1.0670631104598938,0.8507028618935395,1.1449790841818677,1.3479977832790868,1.1582217313545868,0.8388307497571242,1.163225327671166,1.1997756371577886,1.1048933614850642,1.2083901641875547,1.1658629195729666,1.1510326785484506,0.8919856303411517,1.3892696338092043,1.0,1.003804105256344,0.9786606712906167,1.265185893933711,1.2678247207407394,1.3577832471591962,1.1978571207002287,1.0822461911734,1.2464991314453664,1.0708594631620854,1.046853681964689,1.082364371535648,1.1052197188127657,0.941074831112556
2021-09-06,1.0622120366764418,1.1650975318353338,1.1085961203539332,0.8594684181525086,1.293416932173507,1.1060167314295286,1.0821361456501633,1.0185165418035769,1.2043140407733746,0.9418168512658228,0.8906626662282411,1.3432993752858866,1.0612830021118105,0.856277265428334,1.1572706427320512,1.3555565365463906,1.1637058845590513,0.8434017393419473,1.1712336421753584,1.2044858112343582,1.1019715830945622,1.2035031981246402,1.1731346088558732,1.1196211800129532,0.8973670222503269,1.3778539848425588,1.0,1.0128387959615626,0.9913956554327477,1.2734572239288642,1.2880854661111891,1.3787792545163025,1.2083751974601684,1.0747575441117379,1.256979862684603,1.0877474314208835,1.0502951338343696,1.0856590203377534,1.1090659175323894,0.9287196706245209
2021-09-07,1.058576666073605,1.1415126218250462,1.1078279545285663,0.8628074339249271,1.2918836974060266,1.0867086777650494,1.0694840043976737,1.0060232293164466,1.19996044970573,0.9207797468354431,0.8830037925373256,1.3335620651257114,1.0545959599426469,0.83519140862215,1.1565256060181055,1.3454776914475994,1.1582217313545868,0.8616852128646227,1.1662284864573151,1.2014883705923565,1.0980760769093232,1.2103447361566668,1.172938258696325,1.1200514182331276,0.894452293924318,1.4238966609279045,1.0,1.0015457487325643,0.9909640527478913,1.261203560294191,1.2788759852825982,1.3763331201579652,1.192937432642092,1.0614086737675255,1.2419044593196633,1.0616476624066493,1.03347176747,1.0744187061046535,1.1021977714827653,0.9327221329963796
2021-09-08,1.0575852472355773,1.1204884766242276,1.1016827218678877,0.8581326689062222,1.27125601803966,1.0892270035218174,1.0565407627131513,1.0008945127055098,1.1988722181724027,0.9444060126582279,0.8740684138940344,1.3340048548390657,1.0745431650229185,0.8313136193327796,1.1405095009928665,1.3246911423482073,1.1587701332568316,0.8572618845694575,1.1652273246030604,1.2160469190491994,1.082493531537862,1.1913841890519794,1.1723484867841494,1.0993976007563515,0.9019639675543285,1.4155253708773288,1.0,1.0018679871936096,0.9767179973899319,1.245886409389683,1.2678247207407394,1.3624720246294233,1.1917499760717174,1.0643388650422192,1.2176406997576303,1.0608800221415247,1.1049697862870802,1.0781008780086,1.0813186108493473,0.9231512052137366
2021-09-09,1.0519665343664784,1.1056634953741427,1.0890851593124442,0.8502859205821878,1.266516890026859,1.0417964481301976,1.0374898860920565,0.9901109334214323,1.1896205878032824,0.9295182753164557,0.8683243366375176,1.3140875802564822,1.0687629179999392,0.8284051885315794,1.1058695714300537,1.3158726117934818,1.149995837002932,0.8414848436975467,1.159221088724916,1.203201208781263,1.1039194105629682,1.1837609587043423,1.1583945194137464,1.0993976007563515,0.8891825848956545,1.4044903829366282,1.0,0.9857351190365631,0.957075654963012,1.2403724748375773,1.2690526077863764,1.354114544374745,1.1830981394661397,1.0539201859727008,1.2205124247281012,1.054355138674937,1.117204940531721,1.0757752218127963,1.106043970202389,0.898441225191953
2021-09-10,1.0608902121710992,1.1014855544962185,1.0898533251378109,0.8494512176881256,1.2562031568552956,1.032142421297958,1.0322542280638123,0.9873493910921928,1.185266996735638,0.9240162974683545,0.8574742395714975,1.3021375405896214,1.0607161684736353,0.8526417565382247,1.105496962059556,1.304534078950043,1.1472538274917081,0.838093620720619,1.166895845999331,1.1984910347046933,1.1014846448214073,1.2007667388798688,1.1621285391349736,1.069276981219888,0.8877251694549271,1.4242772057924133,1.0,0.9896069599713756,0.949736825941604,1.2366964233212858,1.2880854661111891,1.3698103030161717,1.1914106672200444,1.0500130519173259,1.2222351523157085,1.0535874984098124,1.1198813000082681,1.057945757856844,1.1208791522398192,0.9160166515254551
2021-09-13,1.0271796505632085,1.0913777923804402,1.1155094248977226,0.8554615788059895,1.283242303177444,1.0300436796499963,1.029200189864231,1.0003683666433056,1.1907090853103437,0.9275763449367088,0.8547946947383859,1.286557546340876,1.0876903078936317,0.857246683139286,1.1017723245709758,1.3228014316456878,1.160415338963566,0.8448761359339912,1.1772402048301178,1.2087676448207778,1.082006518888921,1.2091719539831898,1.1882679998117058,1.1015491205342447,0.8966404169166028,1.4337900142750788,1.0,0.9925108999510833,0.9704583070289025,1.2615097472691985,1.2880854661111891,1.385709926968837,1.1981964295519016,1.0623853776479506,1.252758675089427,1.0743136679942333,1.1064992684016257,1.0842248669160193,1.1307141836121533,0.9200190286587421
2021-09-14,1.0228831658716175,1.0956903716797697,1.113819497658818,0.8541258806087455,1.260942071844857,1.0304633663967937,1.0283277714933126,0.9807739338096019,1.1939741788709268,0.9156013449367089,0.8520492300443223,1.2804497844092237,1.0951704317941044,0.8567618854496377,1.0812862723026366,1.3108331444726993,1.1637058845590513,0.8582939206281783,1.1765726818997944,1.2160469190491994,1.089797903138331,1.171446307222724,1.1792272352701159,1.1015491205342447,0.8986003540419101,1.437595462920166,1.0,0.984444268277232,0.9480099533833475,1.2391469657517784,1.4133328497877975,1.3694024477054305,1.190562519501343,1.0802924648788752,1.2506626825389175,1.0666371477690462,1.131733966612319,1.0577520332762635,1.136538501730886,0.90122520218163
2021-09-15,1.0103241174641597,1.0950165208720513,1.1339450289375028,0.8504529530492767,1.2534157477642944,1.0342410603079284,1.0162570364722265,0.9795903466687533,1.1787366766276046,0.9042737341772152,0.8431137733893613,1.2645161272845016,1.0876903078936317,0.866698875963451,1.0809140269862383,1.3246911423482073,1.1510926408074216,0.8692050648930505,1.173903325425884,1.2061984399145875,1.083467408084172,1.1546358770160818,1.2155868840738677,1.0959551198101694,0.8899677493889491,1.416666773147983,1.0,1.0018679871936096,0.9516794998422888,1.2330200863603313,1.4016678759990582,1.3877482060164332,1.1734283763055429,1.0747575441117379,1.267460703707652,1.0746977820616497,1.1332632145029569,1.0222869038856197,1.0711537110491907,0.9081860396608255
2021-09-16,1.0235442799603716,1.0971727775866813,1.1247273208598685,0.858633664209404,1.2732072044033609,1.0413766587454085,1.0143667819531506,0.9702535885560335,1.1961510408981826,0.9201324367088608,0.8622609576166499,1.2481396804464253,1.0959637908752058,0.865244779008414,1.0891081566502945,1.3353993836054523,1.16315734847479,0.868910157870835,1.1715674444875972,1.220756883617092,1.085902248201519,1.1018595094493235,1.2026155091736586,1.0938036822015313,0.8848101334625805,1.3866060520805152,1.0,1.00090040239103,0.952542837160239,1.2415975081822712,1.4022816789563137,1.3575798806010124,1.1763123771342825,1.0907113828486499,1.2855507705670917,1.0892828295250743,1.136704549260684,1.0567830406699616,1.0824175007875292,0.8718167868502115
2021-09-17,1.0000791197444028,1.086660704986272,1.118428398668763,0.8546267227647998,1.2733464150904812,1.0250067202224864,1.009421959479385,0.9890588022964314,1.1950628093648554,0.8877676424050633,0.8479006474578532,1.2499104329464805,1.0939239524897033,0.8254968169531608,1.0768165981001108,1.3416988968419785,1.1384793970557916,0.864339376064562,1.1759053223577782,1.192496572438044,1.083467408084172,1.012920879753321,1.1975057157074536,1.098967280366922,0.8785319967350448,1.3881279992156783,1.0,0.991220365344277,0.9540537104537111,1.2370026102962934,1.3881606499451749,1.3339344970156488,1.1732588462901872,1.0643388650422192,1.2934470810734793,1.0746977820616497,1.1420571511018245,1.0755814972322155,1.0939560130104138,0.84040696985572
2021-09-20,1.0037144903472397,1.1535071662024363,1.103680028167646,0.8496181480571295,1.2189895945603237,1.0233277679593136,1.0209108468064774,0.9513165163012706,1.1945186271047583,0.8932696202531646,0.8440712106123955,1.2698274366268227,1.0842902767888523,0.8010178501016915,0.9866783503762226,1.3070539916959822,1.1373824590692854,0.8736286702262827,1.1288557802453407,1.187358476888679,1.0907717796846408,0.9658128781250146,1.1937713352694606,1.1493113969907318,0.8942278000533904,1.3831813806228088,1.0,0.9805726644568132,0.8871405160983777,1.1922768569650115,1.3586905174565092,1.2833813861120467,1.1661337751066572,1.0688970022955129,1.2388895762575378,1.0317095744928506,1.1393807916252774,1.1211241497283975,1.0747252712202557,0.8203082260847419
2021-09-21,1.0182561745946703,1.1738575923356749,1.1437773072523327,0.858800594578408,1.2196866066005039,1.0476727810513025,1.03181815131713,0.9461879606897409,1.2081234495809219,0.8910041930379747,0.8463049187527962,1.2946132308383733,1.085423597377963,0.8056227174799712,1.0157311416791157,1.3026441891619756,1.1450600857007123,0.8727438106406027,1.1525474116106018,1.2061984399145875,1.0907717796846408,0.9671812052274248,1.21381816953195,1.1609293079820364,0.8998335832780474,1.411720038393678,1.0,0.9918656326476801,0.8849819748811459,1.2063687842283832,1.3629883563921767,1.2719664249418423,1.1810624522367428,1.0815948694418063,1.2196507315828597,1.0420727768590028,1.1355572034508676,1.158721062852905,1.080219804847152,0.8190901668954186
2021-09-22,1.016934148253245,1.1613242307923866,1.1659002387730315,0.8736591330872021,1.2628934712317974,1.0522899510940236,1.039089569934208,0.9873493910921928,1.2113885431415048,0.901684414556962,0.8517299282799714,1.3096618503408695,1.073296547043621,0.8436741837353633,1.0585655649600842,1.3454776914475994,1.1302532343401033,0.8662560639304124,1.152881050534533,1.1882146340972857,1.086389186474674,1.001583855436344,1.2450675439138095,1.1561962767138412,0.9012911012742206,1.4326486120044248,1.0,1.0034814716046425,0.9268568036370741,1.240678756960806,1.380792952829852,1.3217037005356982,1.1912409713240477,1.0757343276255815,1.2628663609333863,1.07700046770914,1.1428217750471434,1.1839148706167504,1.0835163907257115,0.8424082862802211
2021-09-23,1.0225526592862613,1.1681973772909775,1.1705091397829765,0.8666471387062723,1.2819879158306835,1.043895087140168,1.0281824420085912,0.9911630645464333,1.2054025382804359,0.891975,0.8523682197619942,1.3096618503408695,1.0595828478845248,0.844401321047054,1.035472248247034,1.368784242835705,1.1209306703659756,0.8596209329686312,1.1518798886802784,1.177509997754067,1.1009977809240388,1.0160486238160076,1.2489985149891945,1.1768501763598724,0.8949003586671607,1.4334097017334424,1.0,0.9986414926003316,0.9367859085088075,1.2345518775693587,1.3863185851007813,1.3424953438285108,1.1893749799906477,1.0711761903722878,1.293878092321819,1.0877474314208835,1.1470276166382358,1.2300389186767133,1.0824175007875292,0.8453664909104144
2021-09-24,1.0099937117968447,1.192051959364491,1.1746570661438969,0.8598022788905164,1.2804547875748233,1.03633980195589,1.0092766299946636,0.9874809276077438,1.1945186271047583,0.8903567246835443,0.8504536573626049,1.307891233291935,1.0420157200475573,0.8313136193327796,1.0369621396478759,1.3706743117093205,1.1050268810188604,0.863012155945559,1.1398674986181434,1.1531033891799662,1.077137136157372,1.0156575339581413,1.2586289312040384,1.1622201869810704,0.8946767877952456,1.4242772057924133,1.0,0.9963831360765519,0.9253458643694831,1.225361986649182,1.3519369981399427,1.3473877372334493,1.1820802958514414,1.0604317309868443,1.3045023110041476,1.0697080615513694,1.136704549260684,1.2839149815277697,1.0714286014057095,0.8405810270190929
2021-09-27,0.9782662906191332,1.1545854592349245,1.2271985940226233,0.8611378239406329,1.308608791021752,1.032142421297958,1.0086946940081518,1.015097155897175,1.1689409969852542,0.8829128955696203,0.8488580066692176,1.2919575761672129,1.0301151951561414,0.8334948535995074,1.064525130563452,1.390201531235161,1.0904394843465608,0.8525434414735267,1.0991577496136276,1.136832421551571,1.0561980466538483,1.0121390899576859,1.3022602692906968,1.196213279176125,0.8890704917933594,1.4668953265814886,1.0,0.9938016716722833,0.9391601850943486,1.2400663830107903,1.3218532501147717,1.3720524473750066,1.1868302050732604,1.0584782435925757,1.3162753075017146,1.0816061917259454,1.1351751842580922,1.4290697042483727,1.0711537110491907,0.8357956483663431
2021-09-28,0.971325854162733,1.1420517024712211,1.2611510162156545,0.8559624720110862,1.2984343750489287,1.0031803408012394,1.0056408323936066,1.0135192007087839,1.1564245390292849,0.9136596518987342,0.8498152878689124,1.293285403502793,1.0147014804446555,0.8102277625265955,1.0585655649600842,1.3927206380961343,1.0814457334043515,0.8522485344513112,1.0611178472479446,1.117564222789851,1.0425635518781522,0.983600643056225,1.3230929851470663,1.1863165675732839,0.899721695286644,1.4421615366485265,1.0,1.0018679871936096,0.9361383065591665,1.2229113490704686,1.289927249824457,1.4034440893461235,1.195991046426508,1.0382921275517136,1.306512342829377,1.0697080615513694,1.11835205211763,1.3823643345653083,1.0450549071453952,0.8310101844750216
2021-09-29,0.9743002115948572,1.1904347174259664,1.2683715119357863,0.856463263118098,1.308608791021752,1.020809236926563,1.0216379356926741,1.034954661761981,1.173838770312996,0.9198087816455697,0.8392843365439036,1.2857609583004244,1.018101719561779,0.815317486817305,1.0783064895009529,1.4141378369528164,1.0709163363720418,0.8618327356352472,1.0430988128368965,1.1235586850565003,1.048893823804952,0.99943354357825,1.3297755037124068,1.2117039093337865,0.9111573453851024,1.4497719692929567,1.0,1.007998895995383,0.9436930028971214,1.2284249981779114,1.302820298079584,1.417916531431854,1.2083751974601684,1.0418734812911634,1.3333606329080712,1.0773844642026147,1.1324988247815453,1.4011630129496009,1.0343405623761472,0.8388407963396511
2021-09-30,0.9729782861714733,1.2072808558787917,1.2712905796490825,0.8457783922267418,1.3212921947113356,1.0069577267983998,1.0206198346669624,1.0258806546815489,1.1683969477120242,0.9327548259493671,0.8214793430949335,1.2631882999489215,1.00257456878521,0.8199224726411477,1.0838935367473477,1.4166572124421117,1.0621419730271335,0.8596209329686312,1.0370924952645983,1.1149950178836607,1.0518156765712403,1.0252355312349393,1.337636964907489,1.2194491833279897,0.8980398885304348,1.3964994054276896,1.0,1.0057399862046845,0.9411026610726771,1.212801945743059,1.2874712883124326,1.4344276266299718,1.2234734046056097,1.0229895309129764,1.3372369895478124,1.078919627158922,1.1290573729118647,1.3579458687678636,1.0417582373308492,0.8550243620361722
2021-10-01,0.9647159242916891,1.1823483759932054,1.2657599172255996,0.8279143413402396,1.309305909573552,1.0090566737223443,1.0075311752052007,1.0221984372431558,1.1809134056679933,0.9279,0.8179688179554779,1.2592050888444217,1.0145882523919165,0.7927774738333023,1.0805413266022157,1.4040592604823474,1.0632389110136398,0.8410425524237403,1.0447671708448596,1.1145668869021879,1.0245463151409169,1.0178075533761621,1.3283996097285071,1.2418242823624843,0.8908644942073095,1.3820397460292828,1.0,0.9854124063467303,0.9331162960757473,1.2063687842283832,1.2708944852100195,1.4297393479127996,1.1980269824768668,1.0314547225882262,1.2990467142198912,1.0720106296249179,1.0957938304954373,1.384496340121211,1.0431319336895633,0.8366656784674923
2021-10-04,0.9584366019240428,1.1894913262951603,1.284810185444831,0.8402689243139748,1.305124582913811,1.0002422256596826,1.0069495923887612,1.0104944243490352,1.1640432236575124,0.9298418512658227,0.8074369304904321,1.301694750876267,1.0233151329465828,0.7942317484566839,1.071974496554137,1.4046892834402191,1.0722325948648408,0.8339649224096023,1.0434324517608276,1.120133322941703,1.0031204361158108,1.0127253348243879,1.3539497794487514,1.2551633105729973,0.8853708040849475,1.3991631033178145,1.0,1.0047722433258424,0.9253458643694831,1.2094318909053332,1.2702804011216382,1.447269769667111,1.1941249721527873,1.0207104224696202,1.2864121343608952,1.068940303712303,1.0923527299616178,1.3773257208938985,1.0285713902006919,0.8374489357026701
2021-10-05,0.9610805536888521,1.1935342994013334,1.3052427200153465,0.8447766058165483,1.3561362995115271,1.009476360469142,1.0092766299946636,1.0336393771061743,1.177104129847313,0.9424642405063292,0.8189261771668424,1.3251527177522373,1.0318154187208755,0.8017449874133823,1.097675168725423,1.4475229648113912,1.0823230825205314,0.8214319280415784,1.0497724899512106,1.1325506927194897,1.0001986577253088,1.0170259585405759,1.3783201648668002,1.2641995457354895,0.8786438847264482,1.4132422178517126,1.0,1.002513333535144,0.9536219758206173,1.2366964233212858,1.312643769286181,1.4986375936860856,1.2004018126772953,1.024291855842489,1.3358012368463896,1.0931209132767552,1.1076463799875347,1.3957365064729519,1.0434064883021352,0.8364916213041195
2021-10-06,0.9495131259555046,1.1830220950607855,1.2694470568220069,0.8950292832622544,1.3373203827985012,0.9973039052421431,1.0037503129969765,1.068620201271799,1.1673084502049627,0.9249871044303798,0.7937137416386117,1.2866464022760122,1.0241084226902362,0.7898691022548837,1.102144751914424,1.4368141862975021,1.0766196759007822,0.8117004811250849,1.0384272143486304,1.1286967806058656,0.9914336944327344,0.9875099819544979,1.342550167736302,1.238812286144242,0.8695625999979694,1.366058139495713,1.0,0.964762034760812,0.9724009809295872,1.2213792724167782,1.2580013432445174,1.4684692682706648,1.1912409713240477,1.0106172051823519,1.3223052931935904,1.0796870322761634,1.0740002328185638,1.3614342421505499,1.036538426188498,0.8325763579910905
2021-10-07,0.9703345362427467,1.1963644727937512,1.28465658985666,0.9120581207642695,1.3501431036868254,1.0069577267983998,1.018583985785611,1.094263864826186,1.1787366766276046,0.9427878955696203,0.7975434905307485,1.2990392316562271,1.015948306436297,0.7986505970781611,1.1211408217683965,1.4172868772288876,1.0785941642764936,0.8084567116592648,1.0250797784258485,1.1282687543787313,0.992407496603258,1.0385274199611016,1.3553251924769634,1.2663510655133827,0.8686657526241631,1.3074585283345042,1.0,0.9670205493608542,1.0188084955400507,1.230876016349509,1.2825597401298843,1.4611309898839164,1.2049821918837589,1.0054078258308832,1.3352270675063957,1.085828389545043,1.070559132284744,1.3684108410345632,1.0384614835803163,0.8614629427866773
2021-10-08,0.9607500471034958,1.1979819782125525,1.3124634975622453,0.9202389340224818,1.360038991773788,1.0044395036796232,1.0172752257904565,1.1034693279224654,1.1678526324650598,0.937285838607595,0.8013731614112155,1.3083338875541686,1.0086947079787503,0.7790176527713834,1.1185335573236854,1.4248459886672875,1.077058451095385,0.8091939099552867,1.0200744593194975,1.1154231488651334,0.9953290518664009,1.0520147561361726,1.3897192956235618,1.2908776021565156,0.8669839458679539,1.3264841452998353,1.0,0.9805726644568132,1.0378032360173297,1.2379218372588634,1.2788759852825982,1.4484925874697523,1.202267886951016,1.006384529711308,1.3455642015187275,1.0865960298101676,1.080882550998157,1.3924418576708464,1.0472527709577457,0.8577215661598779
2021-10-11,0.9567840689972612,1.2133457766285354,1.334125642318431,0.9027089991191998,1.3776004146284337,0.9981434840117208,1.0127669215259631,1.1330582819463477,1.1727504057928015,0.9288709651898734,0.802649744375261,1.299924404729574,1.005181310146336,0.7787751947037778,1.1084767448612398,1.455081718078695,1.0777166138872887,0.8038857220744416,1.0137345028232683,1.1188487204886077,0.9860770759248852,1.106745988112116,1.4162521780529218,1.3063683144834324,0.8666477691165145,1.3146880676301174,1.0,0.9854124063467303,1.0613308602715006,1.2419039806019418,1.2598432206681607,1.4961912099512207,1.2053215007354319,1.0122451511609518,1.3762887384533502,1.0908181100553231,1.0801176928289307,1.409690000003697,1.0434064883021352,0.8876522382199867
2021-10-12,0.9650464308770454,1.1989253693433584,1.329823556715805,0.9018743472741803,1.376067392884193,1.043895087140168,1.0216379356926741,1.1283240943823605,1.1700293615054487,0.9204559335443038,0.7937137416386117,1.3043505409985483,1.008581271913667,0.775866586234233,1.0861284648621354,1.4475229648113912,1.0829813124034435,0.8117004811250849,1.017405102845587,1.1269842566799746,0.9812074700659771,1.0909131850701155,1.4079975355830556,1.3141135063083802,0.863620640021873,1.3447490210204573,1.0,0.991220365344277,1.0602515896628848,1.2370026102962934,1.263527069225822,1.5124986892146273,1.2090538151635144,1.0255941807720015,1.3933739540758943,1.0819901882194203,1.0996173015578934,1.3943799907648091,1.0326922274688741,0.8709466715104905
2021-10-13,0.9749612247655699,1.1933995292397896,1.321988678642989,0.8993697791506113,1.3444287552828433,1.0552280662355802,1.0187294035628502,1.11662008148824,1.1787366766276046,0.9262816455696202,0.799777276682819,1.3047929243585408,1.0222949710727633,0.7855620070221636,1.0693673231229508,1.4380742322132456,1.0939492162663222,0.8055075029180766,1.0033902256866354,1.141542490873802,0.9860770759248852,1.0883720757942283,1.3952225108423946,1.2543028341326485,0.8667597596633638,1.3896501786737125,1.0,0.9999321062452691,1.0313278102879908,1.2118826236322682,1.2696665044540072,1.5175948232425407,1.2200805649098414,1.0350360763276762,1.3714073110090879,1.0816061917259454,1.1194988123676781,1.3887597597075794,1.035439536250316,0.8578955380846791
2021-10-14,0.9845457139048208,1.1878739526164974,1.3402705931523422,0.8882896865721518,1.3547423819427868,1.0640427195742248,1.01931142784188,1.1204337549424808,1.1928859473375997,0.9311363924050633,0.813181631840307,1.308776677267523,1.0216152560690894,0.8018015451697484,1.0812862723026366,1.4456328959377758,1.095704249953724,0.8091939099552867,0.993046030244156,1.145396193478749,0.9948422623448188,1.1257066326968277,1.4060319899259022,1.2844233714998567,0.8700110749625954,1.3953580031570354,1.0,1.0073535496538486,1.0477322749149445,1.219234916961293,1.2751922304353116,1.5687587819502766,1.234669933188254,1.0347105349120074,1.3909330207861377,1.0804549076891712,1.1279106126618166,1.3899225508351416,1.0519230531950192,0.8893923836608568
2021-10-15,0.9881809835896164,1.1853131878070287,1.3611642902563938,0.894634469967491,1.3785762740893335,1.0535491139724074,1.0177115674146926,1.1420007525112286,1.1901647700633795,0.9165723892405063,0.8150963502630358,1.3127598883720224,1.0168548935701374,0.7952571909189682,1.0835212004174244,1.473349249859888,1.0759616472908953,0.8032959080300107,1.0013882287547409,1.1149950178836607,0.9894857925885422,1.1384119841162148,1.429223673192053,1.25817547112975,0.8640690124310533,1.4018268012079393,1.0,1.013484142303097,1.0630576668556386,1.2244424742419493,1.2807177689958662,1.5922003002244014,1.2266967142860223,1.024291855842489,1.410315682255346,1.0712432245076768,1.138233797151322,1.400775268025721,1.0568680579168381,0.8766892793232194
2021-10-18,0.9842152073194644,1.172375120558694,1.358245504369865,0.8999774669526366,1.3900048643856777,1.0367594887026876,1.0148028586998326,1.1383185350728355,1.1928859473375997,0.9075101265822785,0.8048837645623409,1.3043505409985483,1.02671523338881,0.7780481166148685,1.067504822351611,1.468939357783107,1.0825424701178326,0.8109631443100295,0.99638290964839,1.122274082603405,1.0050681148326441,1.1047915136230284,1.420772440084795,1.2560239513518567,0.8607056040295266,1.3831813806228088,1.0,1.0044494515978784,1.0645686061232296,1.2054494621175922,1.2702804011216382,1.5999463092336272,1.2239823264129588,1.0324315857354887,1.414909915245799,1.0604961432219917,1.14014553268255,1.3821706099847275,1.0373625936421345,0.870424755736087
2021-10-19,0.9832236875633954,1.177766058760581,1.366080664269448,0.9158400380294947,1.3904231355167576,1.0464135155349272,1.0232380609974159,1.1364775068533424,1.1983277699385713,0.9227216772151898,0.8202026041075484,1.3136450614453692,1.0243352254829543,0.8022863428593967,1.0771892074706086,1.4714593600718204,1.0816650539106443,0.7948914041944533,1.0040576669228052,1.1244151565281228,1.0099377950673383,1.1100690821436872,1.4227378655030265,1.2586057093499246,0.8491578095510502,1.3980213525628524,1.0,1.0054175106292456,1.0669428827087706,1.2173968436290368,1.2942249950497495,1.55204382144092,1.2236431005016064,1.0340594520806698,1.418499296999356,1.0601123818764002,1.164233236419288,1.351162994464431,1.0538461105868375,0.8787774538522635
2021-10-20,1.0033838828438422,1.1816743934453484,1.3719184239270175,0.9088270226677148,1.3828967049245755,1.0493517333144753,1.0239649732985767,1.139633658729235,1.2054025382804359,0.9398749208860759,0.8227559260589792,1.315415543043183,1.0357822141263817,0.8139207175147941,1.0764441707566628,1.4645303611340663,1.090658871943862,0.8000520000451572,1.0043913875408899,1.1308379592849218,0.997763891983748,1.1094827397969609,1.4272583680127435,1.2956108799324766,0.8563329987632838,1.3797567091651024,1.0,1.0186467549591092,1.0555029045435649,1.2121892863483807,1.275806220813318,1.5408327255819545,1.2361967815506223,1.0555479726844632,1.4084489183055833,1.0547389000205285,1.1611743893021509,1.3399225323499715,1.0582417542755522,0.8501517843245926
2021-10-21,1.0113158390563113,1.194477558792001,1.3490274205232076,0.9039850209857508,1.372164700621932,1.0292043061564011,1.0258555809877248,1.1434473321834757,1.2244494493313054,0.9190024525316456,0.817649516191127,1.3109894067742085,1.0285287543437311,0.8054374093965471,1.0805413266022157,1.4393341885862154,1.092413771449247,0.8159764944281758,1.0137345028232683,1.13212235222934,0.9933813731495676,1.0799669581709317,1.4001364351047392,1.2792597733344662,0.866311182143292,1.3744294295462887,1.0,1.0147747559480342,1.0464372029639004,1.2057561248337048,1.2764201174809489,1.5025104111583027,1.2236431005016064,1.0532690235079445,1.3874874558271106,1.0743136679942333,1.1653801137812896,1.337209500933686,1.0370879550935757,0.8089972380998004
2021-10-22,0.9944604068753039,1.2124022537575911,1.3436504476301516,0.9041520534528398,1.385823644237556,1.0355003258243036,1.0331265581422124,1.1435787881993231,1.2222724543171826,0.9209446202531646,0.8253090919870704,1.299481885918461,1.033855465118722,0.8083459586433103,1.0853834281481898,1.4506721841730104,1.0989945942761845,0.813174808457612,1.0120660631211513,1.1432553290627085,0.9899727308616971,1.0778168412728864,1.3954189812408644,1.2646297839556642,0.8729262135103878,1.354261945664559,1.0,1.0209051905210202,1.055287037227018,1.2115763415090393,1.3003647114090604,1.4961912099512207,1.2348395461439303,1.0597805685220882,1.3991169648815855,1.0819901882194203,1.1665273424791522,1.3091087892916151,1.0200548253078079,0.8130865585762022
2021-10-25,0.9924774682812073,1.2051246650342307,1.3640833579696898,0.9140032934800265,1.3979495661089398,1.0367594887026876,1.0358901139573873,1.1652773222836221,1.2119328583884692,0.8999037183544304,0.8285005493971843,1.3096618503408695,1.0330619673627246,0.8279789029500881,1.0905980480511366,1.4613806045158033,1.0973493214784416,0.8066872695259719,1.01173242419722,1.1411143598923292,0.9865640885738265,1.099513750142321,1.4176274708422116,1.2745265777277603,0.8698988793048545,1.3862255072160066,1.0,1.0089667969504876,1.055718771860112,1.2155588654450016,1.3071180433048764,1.5161678907521334,1.2283931756040667,1.051966459678176,1.400552827366821,1.0835254687496694,1.1802916275024775,1.2843022828075719,1.017033045849781,0.829444181436096
2021-10-26,1.0017314508351018,1.2133457766285354,1.362547120261212,0.9146712191522122,1.413280848667545,1.0493517333144753,1.0428706087274682,1.1760608210679961,1.220640040523758,0.9060542721518987,0.8361598911581184,1.3340048548390657,1.0458690793879806,0.8442185003204544,1.1092217815751857,1.4758683567208613,1.1116077709368057,0.8535756160512808,1.0167376616094173,1.1573852227663861,0.9816946314664912,1.1018595094493235,1.4119283864195187,1.274956815947935,0.8785319967350448,1.414764397309748,1.0,1.0189693886108109,1.0695330925849775,1.2229113490704686,1.337202166171548,1.5080141511204301,1.2312771764328065,1.0594551067398381,1.4070133851717859,1.108473718579246,1.2177611286219507,1.3077519778207538,1.0445053782403173,0.822222343450413
2021-10-27,1.0020618565024169,1.2121325816943653,1.3562481980701067,0.9068233477492426,1.3900048643856777,1.037598964834274,1.0483969257251553,1.1696170613003634,1.226626178371694,0.9041118670886076,0.8262666072217743,1.3565775131905689,1.0616228942823716,0.8473695076348233,1.1110841003194756,1.4676794014101375,1.1264145552064064,0.8599158399908466,0.9606786431385326,1.1672334923923209,0.9709816175781518,1.0799669581709317,1.4056391693678842,1.2994835169295782,0.8729262135103878,1.4086760279619162,1.0,1.0212279822489843,1.0613308602715006,1.2149463011985442,1.3365880820831666,1.4680614129599237,1.226018179522997,1.0822461911734,1.40586471714036,1.105787036438281,1.211643668611584,1.2976744547152157,1.0464285195681224,0.8104763830341829
2021-10-28,1.0060278346086515,1.2210276758365268,1.3159971355127373,0.9003117360829845,1.3887504770389174,1.057326807883542,1.089989676838789,1.1583074969534888,1.2293472226590472,0.8869555379746835,0.8224367803179677,1.3260381617278254,1.0713697286985133,0.8502781161043681,1.106614335103425,1.4576009144824422,1.1395763350422978,0.8767249169214782,0.9643492431608514,1.183932800510866,0.963677394729256,1.0803578530687492,1.383823500324555,1.2990531965401484,0.8744955169425186,1.403729293207611,1.0,1.002513333535144,1.054423633934949,1.2094318909053332,1.335360288747905,1.4652075479791087,1.2329735548105303,1.0952694404685248,1.4236678091136155,1.1115443972136858,1.204379097015308,1.279263669136162,1.0642856489355532,0.7997745951210464
2021-10-29,1.0007399310790328,1.225609861329013,1.2912626092818518,0.901313420395093,1.4094479215162738,1.0632032434426384,1.0969702599013877,1.1612007367976867,1.232068133959533,0.8775678797468355,0.8010540156702041,1.3251527177522373,1.0601494041729078,0.8410675522288672,1.1133190284342633,1.3927206380961343,1.1390277989580364,0.8736286702262827,0.9576754026582297,1.1723719022047017,1.041102662682901,1.0877857334475018,1.3765514503248826,1.2977622353718594,0.877186366730275,1.3972604951567067,1.0,0.9950922853172207,1.0682380206339335,1.2091257990785467,1.3359741854155356,1.4890571709405023,1.232295020047505,1.0701994068584442,1.4420451802106773,1.108857597498779,1.2104966741376286,1.2775194085041395,1.0714286014057095,0.7935968443998855
2021-11-01,1.0047059091852675,1.2315397484369361,1.2929525365207566,0.9081594032897841,1.3996917766745305,1.077894024426405,1.1230018078775996,1.1743512488643506,1.237510222534239,0.893753243670886,0.8170112247091043,1.3043505409985483,1.073296547043621,0.8367046099131593,1.1151812561650287,1.4141378369528164,1.145608487602957,0.8821803505348809,0.9670185996347618,1.174940897602215,1.0362332055755659,1.099513750142321,1.4032806829137907,1.3123922247506614,0.8811105483096144,1.4353123098945495,1.0,0.9999321062452691,1.0917655129398667,1.2296506024119314,1.3500950270059247,1.491706921233551,1.2406075478014096,1.0907113828486499,1.4676010952472283,1.1222913609254292,1.212026156252174,1.2928295656243864,1.081593333333893,0.7935968443998855
2021-11-02,0.9901640231017543,1.2704887203434834,1.2763605492503078,0.908326333658788,1.3830360221233156,1.093424486817741,1.137690239474031,1.1692224517537104,1.2554687690649142,0.9021696202531646,0.8093518049365005,1.29815392313176,1.0747698291407406,0.8330689233547053,1.104007161672239,1.4072088380150622,1.1549313199411182,0.8961880185330156,0.9576754026582297,1.1847892719824884,1.044998317619713,1.0633518779331739,1.355915084628061,1.3240103000804766,0.8877251694549271,1.452815979724718,1.0,0.9989643633664269,1.0060735773720384,1.2244424742419493,1.356234743365235,1.4442121640633212,1.2599469911822827,1.0903856821661437,1.4653038689681892,1.12382675902962,1.1898500709347104,1.2877906561902583,1.0579671157269934,0.7761953047526129
2021-11-03,0.9980960802322649,1.2587635845490424,1.2510115467244824,0.9135024002749297,1.3904231355167576,1.0560675423671666,1.1420530376687668,1.1690910762375664,1.263631768940106,0.9002272943037974,0.8249898682343891,1.2786795737136512,1.0734099137712563,0.8274941644832214,1.099537396456188,1.4166572124421117,1.1538345161366288,0.8840973846983149,0.9510017255439156,1.1869302411528675,1.0747022960400248,1.0791848759352234,1.3162143569000218,1.3339070116833178,0.8844740592665871,1.4356927385976226,1.0,0.9999321062452691,0.9961443405520675,1.2250555142295116,1.3298346564769754,1.4493080487147072,1.2604559959299526,1.0780134360689377,1.4500853075115951,1.1234427625361452,1.166144620614655,1.2848839001933918,1.0598900052468385,0.7762824185728711
2021-11-04,1.0076802666173919,1.2726449111880445,1.273595077125183,0.9203482810715358,1.33453308021912,1.084190146732299,1.1419077964765634,1.1401594827926251,1.2870321380717529,0.9151178797468354,0.8460535651528112,1.2472546428241993,1.0831567481873978,0.8587614834453966,1.093950440223318,1.337289183850746,1.1741253865196855,0.8950084597036704,0.9610124454507711,1.2087676448207778,1.078598025352623,1.0764484166904518,1.3344923563816717,1.3588639508851355,0.8745796124081013,1.4657538081493984,1.0,1.009934935019986,0.9657097538578202,1.2164780924075715,1.3795652532049654,1.4431929621953912,1.2792862686825146,1.081920490490894,1.385477533785694,1.119988322556114,1.191379435937302,1.308914916829675,1.087912034414426,0.7718449837697235
2021-11-05,1.0090023938768584,1.2545855778010488,1.2931060381666717,0.9195133229322611,1.3406654867309422,1.08377035734751,1.1459798474093386,1.150022708966363,1.2788694041702953,0.9290373417721519,0.8738190885974633,1.2583197803199546,1.0766966474858484,0.8822725131554526,1.09916496911274,1.36563511301686,1.1680928314129762,0.8891106655569445,0.9683534821071014,1.1865020054170563,1.081032642342611,1.0662840770669275,1.3576839194089005,1.3661789044899089,0.8745796124081013,1.475647161496573,1.0,1.0102574105954252,0.9896689807968473,1.2376153648391928,1.3764953013149346,1.4407468278370539,1.2820007394958988,1.0741063816469816,1.4100282682339111,1.1245943992947445,1.19367365910912,1.3850776617443123,1.1464285111745238,0.7699307811654806
2021-11-08,1.0063585430300905,1.2575507848352874,1.2952567521700895,0.9178437129479668,1.3410836513504025,1.0699189498573383,1.1330365174322983,1.1418691354959742,1.2679853600077504,0.9335691455696202,0.8629679773797362,1.2800074010492315,1.078056701530229,0.8907558804964811,1.1092217815751857,1.3694142657935766,1.1642542864612961,0.8916172367267426,0.967685877482624,1.1835047742837317,1.0751893086889661,1.0817259852111105,1.3570941474967249,1.3769362568716095,0.8700946576509491,1.4482497898349218,1.0,1.002513333535144,0.9754227934906504,1.2354708190872659,1.3678999045747249,1.4694884701385948,1.2709738238689303,1.0666180531189942,1.4116077279460513,1.1226751222710207,1.196732506226257,1.3736434750492723,1.162362583150136,0.7785444797881447
2021-11-09,1.0037144903472397,1.251890306310313,1.2881900399226405,0.9300326928278035,1.3240797103139568,1.0787335005579914,1.1342000362352493,1.1301652836012606,1.2723390840622621,0.908643829113924,0.8492447885279159,1.2822202660070379,1.068309520426847,0.87015345925597,1.102517179257872,1.3479977832790868,1.1488988990164257,0.9031181950360457,0.9680196797948627,1.1668055709195253,1.056685208054362,1.0670658668625626,1.3539497794487514,1.3717726587062187,0.8762616242752022,1.4798328065218604,1.0,0.987671079023035,0.9678680971526956,1.2106574951393532,1.3709697627543804,1.449104432779996,1.2692774454912066,1.0516410775293445,1.3892105127661558,1.108857597498779,1.1940559125258028,1.4230621719113408,1.0989011016682193,0.7727150138708728
2021-11-10,1.0248663063017969,1.2646933399168272,1.2914162048700228,0.9515720195297301,1.3433137916464428,1.082930983853915,1.1563051276409617,1.134373325103044,1.2843113597581342,0.9400432753164557,0.8492447885279159,1.299481885918461,1.0933570495140796,0.8672447915636438,1.1162988112359473,1.3561866490470365,1.1702864390219554,0.9152087596112297,0.9743597996793995,1.1907838390034762,1.05473730621017,1.069802521067383,1.3671177449863525,1.3726332173158229,0.8786161947560734,1.7237445242951062,1.0,0.9992869179799971,0.9749910588575565,1.2425169254412831,1.4127190468305415,1.4486967021575183,1.277759503260467,1.0802924648788752,1.415053402688891,1.1265133235966434,1.2307606725880031,1.426356672832087,1.1175823145533,0.7734981006289072
2021-11-11,1.1699536513711584,1.2727798130897265,1.2789557040657362,0.9473976372256969,1.3700739840362515,1.0904862690381927,1.1560143803790008,1.1402913413069904,1.2859441725121599,0.9423091772151899,0.8332876575006856,1.302279628815167,1.0980038372730525,0.8745162239033333,1.1170436659228435,1.3889417539477393,1.1691900377635158,0.9171255167365968,0.9763617149171401,1.2049141517245079,1.056685208054362,1.1325480732488298,1.3568613649438253,1.4117900720147787,0.8788404835161093,1.7694067716773794,1.0,0.9970283243418238,0.9883737768975658,1.2507878748435526,1.4194725661471082,1.5084220064311715,1.2898042625021335,1.0783389774846064,1.4322822155383397,1.1330384422111144,1.1619387790235627,1.4089148059186556,1.1241758220543652,0.799948481807276
2021-11-12,1.1864781732946441,1.1861218087762908,1.2608256002416947,0.951738847800649,1.3610145316998286,1.0879679432814249,1.158631988661828,1.1420007525112286,1.2951951379469449,0.9581707278481013,0.8435003212130503,1.3058203211085537,1.1082040692622863,0.8861507170042938,1.1241206045700802,1.3776031315615267,1.1757707264084365,0.9203694939809671,0.9776963523070183,1.2117648759541024,1.0644763691764132,1.1302023139418271,1.340153445305028,1.4182443026714375,0.8780555241337065,1.8036531377701348,1.0,1.0089667969504876,0.9963603398168519,1.2363902363462778,1.4274539725093118,1.4998605361769906,1.2981167902560384,1.074432002696069,1.4136175402036555,1.1295838846571415,1.1458805050523269,1.3883723105464179,1.110988974924208,0.7939448734880595
2021-11-15,1.1920967852457016,1.2086288209745055,1.287867630100865,0.9547445133254847,1.3658928703997497,1.0799927660743667,1.1542691021745741,1.1485762097938195,1.2832231282248068,0.9643212025316455,0.8358409014404464,1.3044927646752147,1.11251089551325,0.8614275746245542,1.1203958760679755,1.383272532297407,1.1741253865196855,0.9178628535516523,0.99638290964839,1.2083395138393052,1.0678849370884973,1.1141739659708934,1.342708642635435,1.4212562988896797,0.8762616242752022,1.7983259743127573,1.0,1.0312305739093073,1.0242048485831299,1.229956979683381,1.4207004531927452,1.4764186438380744,1.2950633423522637,1.0786646781671125,1.4251035618150383,1.1265133235966434,1.11835205211763,1.3953489094304312,1.1307692456194438,0.7855052320287683
2021-11-16,1.1759025680714896,1.1593024148889544,1.306612398104358,0.9372123322643323,1.3643596356322696,1.0799927660743667,1.1328910113625408,1.1572553658284879,1.2734273155955893,0.9484596518987342,0.8428620297310274,1.2912131368082054,1.104350779259311,0.864336183094099,1.1118289550063718,1.4072088380150622,1.1565766598298692,0.9115226988716032,0.9903765103819382,1.1890711055689083,1.0727545429474052,1.110851066899371,1.3545026380118879,1.4518071566463178,0.8688611207484742,1.767123502490327,1.0,1.0125161623098609,1.0108220645690018,1.2296506024119314,1.4280679628873179,1.482738094421684,1.3105007754090574,1.0796413820475377,1.4348664167035632,1.1245943992947445,1.1279106126618166,1.394573863226749,1.1574175784283172,0.7749771603247181
2021-11-17,1.1957322567665798,1.1576853046905682,1.2978544434264236,0.9278618833441574,1.363802153814069,1.0657214665614148,1.1336183651262919,1.1562034762025972,1.2734273155955893,0.9759746835443038,0.8352026099584237,1.2748349291055607,1.1050307022753292,0.8655482365410011,1.1088493542317375,1.4128779701226208,1.1560279895635912,0.8969252168290375,0.987039712671858,1.1890711055689083,1.0678849370884973,1.1249247454211684,1.3444779583719626,1.4539585120857006,0.8646002496404662,1.7328770202361354,1.0,1.0092895886784516,1.0071527820065356,1.227812529079675,1.4200864628147394,1.5163718807516358,1.3169474777102035,1.0334082896159136,1.4352972083842777,1.1261295622510519,1.1217931526514497,1.3608529205274484,1.1439560088136143,0.7748902169816033
2021-11-18,1.1881309080575084,1.129518077447656,1.275883134706525,0.9328712237874652,1.3612931660973089,1.0548083794887828,1.0996087935109944,1.1546249575162817,1.2734273155955893,0.959465585443038,0.8198835363782068,1.2987381238150566,1.1180644784184073,0.8628819676934989,1.0935779218663453,1.4040592604823474,1.1609638750478275,0.9003165783249988,0.9877069905197202,1.1997756371577886,1.0756760982105484,1.0940405392127046,1.3226596440723504,1.467727778516388,0.8573123007155397,1.7975650007451753,1.0,1.0167107159345061,0.9950651359175704,1.2222983090829063,1.4366634533379028,1.5035296130262328,1.3206795433173242,1.0369897229887823,1.4325693002083368,1.128432600620367,1.1318304668621186,1.3709302957516274,1.146153872625965,0.7614039406473597
2021-11-19,1.2145704257056014,1.1427254215388012,1.2363959166307572,0.931201409607001,1.330769705155599,1.0355003258243036,1.106590524376328,1.1354254562280448,1.2881209015525485,0.9682057753164557,0.8154154179923775,1.2951970251683083,1.114664447313628,0.8543986595752519,1.0809140269862383,1.389571508277289,1.1587701332568316,0.9212541457880967,0.9943808310223419,1.203201208781263,1.072267530298464,1.1118282066638905,1.2837403490980788,1.4522373948664922,0.8631428341997388,1.8325725727283848,1.0,1.02219596224222,0.9745593901985814,1.200241904836936,1.432979511069866,1.5061797373840726,1.3157598552591876,1.0395942932143887,1.4085927351001135,1.119988322556114,1.1528611972729779,1.317829500926292,1.1491758199559656,0.7752381608312057
2021-11-22,1.2155619454616702,1.1378735639830893,1.2410050994674695,0.938047188305522,1.3571119459491874,1.0367594887026876,1.1099357513004604,1.1492335703727603,1.2881209015525485,0.9730613924050633,0.812224116605603,1.3089193072975511,1.1163643935285696,0.8444609583880601,1.069739659452874,1.4090981010037118,1.164802688363541,0.9160934806778761,0.9960492707244588,1.1976349822504249,1.0415896009560561,1.1243382081143931,1.3146006303285005,1.4440617183136042,0.8651611253737249,1.8683412344406114,1.0,1.0392972055831586,0.9821142184847738,1.2115763415090393,1.4200864628147394,1.5186141497987344,1.32373315710174,1.0291755345114513,1.427975067217884,1.1295838846571415,1.1677737650017486,1.3160855360569876,1.1236263770852741,0.7899424111162008
2021-11-23,1.203003098890295,1.1428603234404833,1.258520820938827,0.9343736992065855,1.350422057619165,1.0241672440909,1.1151717624987771,1.1650142492525202,1.2685296752547148,0.9766221518987341,0.7978624802484203,1.2978528152905895,1.1247513125752269,0.8456727749438361,1.0689948047659779,1.4009094143213099,1.171931913092723,0.9162410034485006,0.9890417096037523,1.2053420731973035,1.0235725129703934,1.1255110877678947,1.3342563273778796,1.4414799603155366,0.8751403855859141,1.8820400364328727,1.0,1.044782530929004,0.9836251577523648,1.2091257990785467,1.4213144435707512,1.5314557940828186,1.3120277067117463,1.0304778594409638,1.4309900600638217,1.131502926532982,1.17350920581934,1.316472985218149,1.1140110901261817,0.8127386147265998
2021-11-24,1.2142399191202449,1.1416472602464516,1.2734245719309747,0.9367114390592356,1.347495118306184,1.0283647273868235,1.1196807731034149,1.1660664608772247,1.275059995362748,0.9727376582278481,0.8061602695147168,1.3058203211085537,1.131438077394598,0.8432490233867211,1.0660151129778188,1.4072088380150622,1.186738764453332,0.9144715613152078,0.9837029149617778,1.2194722811639966,1.001172608647405,1.1204288692161202,1.354305806896652,1.4406193195366772,0.8764859130352382,1.851598538178024,1.0,1.043491759207804,0.9762861308086006,1.2121892863483807,1.3949141692617413,1.5308445722138937,1.3147420116444892,1.0356872387924325,1.4218013745152907,1.1422501253926087,1.1738918105718834,1.3083334473252144,1.1107141685036757,0.8210043694996615
2021-11-25,1.206969177914571,1.146634151443984,1.2672786816745056,0.9362105458541388,1.3624083427569489,1.046833304919716,1.119971961827966,1.1672499675183698,1.2788694041702953,0.9756508702531645,0.8141389910516714,1.3075909381574882,1.141298417213271,0.8604580976908208,1.0574481009026904,1.4172868772288876,1.192222649293763,0.9137342937596691,0.990042871458007,1.2387404799257167,0.9836423845591108,1.112414646490641,1.3552886398446897,1.4569705083039428,0.8911744167646156,1.869102440331065,1.0,1.0289575953312493,0.9749910588575565,1.2069812533266198,1.3943002725941103,1.5186141497987344,1.3272956097531845,1.0444781311501885,1.426682911743366,1.1434016445772663,1.1838335614283817,1.332751913122659,1.1057692477178436,0.8123035570567394
2021-11-26,1.2059774563224195,1.1335611822939673,1.1955256806656598,0.9322030939191095,1.2659594082086587,0.98345239511398,1.0987359336774858,1.0890036921994017,1.2565571335851085,0.9384248417721519,0.7882881860297482,1.2996235677906445,1.135858270373197,0.8153749921381758,0.9710344906673821,1.311462809259475,1.2015454816319244,0.9121123743970007,0.9887080706798211,1.2413095800775684,0.9471210471872713,1.0301221073777562,1.24875250615488,1.3967295979080365,0.886128483718759,1.8120247763050183,1.0,0.9999093432634734,0.8884355880494219,1.1362163815169632,1.35316507260633,1.4350393472519518,1.2755541201350733,1.0184312343928454,1.32086965027598,1.0850607492799185,1.2006580989122877,1.1779070425169997,1.0928570391362449,0.790464667844891
2021-11-29,1.210274142850093,1.1276310317057674,1.225179587061784,0.9317023028120978,1.2772490008411224,0.9876497757719122,1.109062891466952,1.0953159959511871,1.275059995362748,0.942632911392405,0.7914796434398622,1.2823601870146533,1.1347249497840868,0.8136782594471885,0.9643299793635934,1.325321433934401,1.1938678550004975,0.9088685356716639,1.0053923860068372,1.2447351517010428,0.9478513430333242,1.0490826544824434,1.2882612123245616,1.4044748719022395,0.8792886508143979,1.8318113668379312,1.0,1.008946721265154,0.8940476104866917,1.158579638775488,1.4016678759990582,1.4560347311677393,1.2972686425373368,1.0145241799708893,1.3438413641473075,1.0935049097702298,1.1949223067588353,1.187015646956916,1.0934065680413227,0.8042118594470505
2021-11-30,1.210604548517408,1.1153670787454282,1.2115049765440278,0.9241887005394761,1.2837998915072641,0.9746378444133269,1.109062891466952,1.1029431818602613,1.2717947688152977,0.9335691455696202,0.777118163106019,1.2243730204665288,1.140845019640179,0.8083459586433103,0.9505486204260926,1.3391788945532652,1.1894806397825393,0.9009064616289464,0.9867059920537731,1.2357433535467306,0.9398166755868026,1.083680654660247,1.2794161967479099,1.3937177660283047,0.865385311578315,1.7975650007451753,1.0,0.9953907333007643,0.8983646269470364,1.1794105339356595,1.3685138949527313,1.4558308658565005,1.2891257277391082,1.0106172051823519,1.3438413641473075,1.0819901882194203,1.1857454140715633,1.187015646956916,1.0999999916064014,0.8025586573492952
2021-12-01,1.209613028761339,1.1204884766242276,1.2345519240924028,0.928863771852436,1.3218494635062967,0.9998223336369023,1.1208446450764384,1.128850159944861,1.2761482268960753,0.9516967563291139,0.7911605757105206,1.2403084384558194,1.141298417213271,0.8284636414169548,0.9788564660285648,1.3580764492923303,1.1894806397825393,0.904739906620164,0.9970502691904061,1.2297487865257428,0.9427384539773047,1.1118282066638905,1.308703873118118,1.4092084783552212,0.8643762685467677,1.8318113668379312,1.0,1.0092693549168554,0.927288472296049,1.2082068575606393,1.3881606499451749,1.5076064204979525,1.3049026355282163,1.03080356012347,1.3693972791838585,1.0996460318912262,1.2098349915995597,1.2222869038856197,1.1126373098314808,0.8163929627717129
2021-12-02,1.1759025680714896,1.1093021579956845,1.2546798039274816,0.9278618833441574,1.3048456289814707,0.9994025442521134,1.1156085455856037,1.1351623831969428,1.2756043106097121,0.9416617879746836,0.7911605757105206,1.2341111433334278,1.117446543080986,0.8216770067669135,0.9464515555940644,1.368784242835705,1.185093424564581,0.9082787908867497,0.9970502691904061,1.2085113109544545,0.9344602802063124,1.0946268815594309,1.3232490552677603,1.3984508794657553,0.8683007577924448,1.816590966194815,1.0,0.9992639178838078,0.9240507264443203,1.1987100184796875,1.3215462549257686,1.4458429618649673,1.3033758701061686,1.0317803436373136,1.347430636117052,1.0881313103404164,1.2014227228576067,1.215504029582187,1.10659341517148,0.8215263705126367
2021-12-03,1.1821819913571772,1.103911351533936,1.268661511679324,0.9353756898129492,1.3008038325437095,0.9905879935514603,1.1160446223322857,1.1301652836012606,1.2756043106097121,0.9507256329113924,0.7850966506079644,1.2314552177600258,1.136263409082415,0.8320993871981903,0.9542733489281974,1.36563511301686,1.1905775777690455,0.9119649901454097,0.9880407111378051,1.2187891781226012,0.9312952186186988,1.0621791932397213,1.3399570951454798,1.4186747052301223,0.8698702663354673,1.834855725754001,1.0,1.0063644664795728,0.9193020413250005,1.2033051066621072,1.3298346564769754,1.4346314919412104,1.3050722484838924,1.046757159960126,1.3346527883825892,1.0973428759479693,1.2216885950992395,1.2102714695081578,1.1019231329342065,0.7967291061934517
2021-12-06,1.1957322567665798,1.1270922145398692,1.2917086471122103,0.9372123322643323,1.3035912416347104,1.022908081212516,1.1307351729491502,1.1501541649822105,1.2946512216605817,0.9733849683544303,0.8061602695147168,1.2394228590291108,1.1616547825747503,0.8459151737886602,0.9732695097956947,1.3643753357294381,1.2042874911431483,0.9171255167365968,0.9980514310446608,1.226497735630219,0.9541817637116967,1.099513750142321,1.36216823000311,1.4462132380914974,0.8806343833746136,1.8637750445508148,1.0,1.015402002557516,0.9382968477763984,1.2238300051437128,1.345797375491007,1.4562387211672418,1.339510064890848,1.0617341355497756,1.328766180349993,1.1107767569485612,1.2236005648543749,1.2567830406699616,1.1296703556812617,0.7991653950492414
2021-12-07,1.2258073468535924,1.1082239967033347,1.3026174097358183,0.949401312144169,1.3012218906515496,1.0401173932290333,1.1460077478450446,1.1664609094244707,1.3191402212861572,0.9986340981012658,0.8170112247091043,1.2336683536200734,1.1652819631594884,0.8604580976908208,0.9833261402310907,1.3990199722471126,1.2141587253835542,0.9070991627978878,1.008061905869055,1.2329214811760645,0.9515034172698791,1.1708598673959731,1.3794655608373174,1.4561101962021041,0.8864650706919815,1.889650236754431,1.0,1.0212114632795561,0.9473624174078255,1.2140269790877531,1.3924583014600918,1.501695448666403,1.3625815738788418,1.0607574316693507,1.3635110005027,1.1226751222710207,1.1998931236311077,1.277131959342978,1.1524725737064982,0.8375357938072132
2021-12-08,1.2132485002822173,1.1164452400377778,1.299237179488986,0.9442251434299422,1.295507329224328,1.0317225292751777,1.1576435539221832,1.158044584921794,1.3104331721377354,0.9873044303797468,0.7994583649768169,1.2257007123509884,1.1766175265238275,0.8519747895725738,0.9896581331779065,1.3958703947143976,1.2212878159307197,0.9150614446191554,1.0350903349443965,1.2444840555516448,0.9449297877701812,1.1692961903246786,1.3708171358980576,1.4539585120857006,0.8865772663497224,1.8554037545002393,1.0,1.0250846478625995,0.9352748372929789,1.2173968436290368,1.3838629047198823,1.5096449489220765,1.3491798280514449,1.0662922728030693,1.3600649964084226,1.1338060824762388,1.204099316558061,1.246511792983843,1.1343406379185352,0.8245716889630881
2021-12-09,1.2182059981445208,1.1269574443783255,1.2823361221970802,0.9450601015692169,1.274182957352641,1.0338212709231394,1.1615708934178635,1.1584389529693364,1.3147867632053798,0.9740325158227848,0.788926477511771,1.219503688130838,1.189086618489621,0.8524594688166589,0.9796014117289857,1.3801227756791439,1.2295138444643914,0.9096058724867193,1.0304187364561306,1.250479565361679,0.8986693130563123,1.1622594972838165,1.350571306219737,1.4604127427423594,0.8929681115122282,1.8439878732107218,1.0,1.0215342550075202,0.929015278880187,1.2054494621175922,1.3814071306286082,1.503937468336974,1.3400189866981973,1.0741063816469816,1.3408264810851822,1.1292002408854918,1.2312478583151478,1.2044574399296677,1.1469780400796015,0.8309230706547635
2021-12-10,1.2125874871115045,1.1041809577270927,1.2751146870543908,0.9497350707840918,1.2718133933462406,1.0313028425283801,1.1723342811240838,1.1537047654053492,1.307167812603418,0.9711190664556962,0.785735020101657,1.2181755898930167,1.191126803562364,0.8282212425721307,0.9669375168488787,1.3605956456960773,1.2295138444643914,0.9097532567383103,1.0304187364561306,1.2526206392863968,0.9032952638391768,1.1399759536275826,1.346836565064978,1.4578313134213126,0.9004806055858054,1.8036531377701348,1.0,1.0234708472990417,0.9169276327912218,1.202386069995979,1.3507091110943057,1.4998605361769906,1.339510064890848,1.0630365401127069,1.3304890177214128,1.12382675902962,1.2239829353830112,1.189922624775821,1.153846102193239,0.8272688930867939
2021-12-13,1.207629989249201,1.1115933824820659,1.2406978143488716,0.9529077687760165,1.241429143091651,1.0153527960282382,1.1684070299209217,1.134373325103044,1.3039025860559679,0.9672345727848102,0.7755223563892922,1.2044534432148943,1.1913538143674265,0.8190106786966298,0.9490588200387754,1.350517516939478,1.2393852128868141,0.9116701523827109,1.0280829372119975,1.2564748656630362,0.9018345233954986,1.121406301420713,1.3169594774993598,1.4414799603155366,0.9018260304796836,1.7770169719989373,1.0,1.0186292875321064,0.9018182401153122,1.2005480918119438,1.322466865651277,1.4792726335071529,1.3369653729137814,1.054571348437457,1.273490579615715,1.1061707977838724,1.2251298127450128,1.133139658046539,1.1354394439207305,0.8262248058222718
2021-12-14,1.1778853048295035,1.1088979792511917,1.244078044595704,0.9509039917594594,1.254948769508535,1.032142421297958,1.162152652819339,1.1433158761676283,1.2826786799909755,0.9581707278481013,0.7726501227318595,1.2186182441552502,1.196340979659097,0.800831949790452,0.9516659934699616,1.3744539121999075,1.2207394140284749,0.9134394559969703,1.0257469745795569,1.2457688675134169,0.9054867463836261,1.1329390656266718,1.3273770979362252,1.4479345196492162,0.9018260304796836,1.741248310286711,1.0,1.0183066538804046,0.9069986598677259,1.2106574951393532,1.295452694674636,1.4961912099512207,1.3325546896033147,1.0340594520806698,1.297610961518468,1.108473718579246,1.2228360580210094,1.1350776432591425,1.139835087609445,0.844670262256923
2021-12-15,1.1801990527630806,1.1169841889438143,1.224718330585992,0.9423886030766441,1.229861129084947,1.0308830531435913,1.1698614725708698,1.137003411416436,1.2919301773732288,0.9662634493670886,0.7672246451346657,1.1960431476835758,1.2004219045041675,0.8018015451697484,0.9423542177214619,1.3694142657935766,1.226223298868906,0.9062144417312413,1.0327546173944173,1.2556184989457524,0.9042692891370594,1.1130011837974163,1.30084145001166,1.434165417557039,0.8901651686221768,1.6986303056590717,1.0,1.0112058681702458,0.8936159418277166,1.212801945743059,1.2524756172632128,1.4611309898839164,1.333063611410664,1.050338752599832,1.273634396410245,1.1073224345424715,1.2063934226179254,1.0951550739388312,1.14890109747142,0.8257027195707249
2021-12-16,1.1782160132509425,1.1412429497618204,1.2499164618490635,0.9430563245526598,1.2693046186527197,1.0413766587454085,1.1771342155757185,1.1789540609121938,1.2913859951131317,1.000900158227848,0.7831818541735658,1.1986988023547365,1.1831921033521813,0.819495476386278,0.9486862106682777,1.408468346674162,1.1956683093005513,0.9172732472857715,1.0357576127922588,1.2427712173627383,0.9222864514985085,1.1323527232799455,1.3324878533138058,1.4591218637433256,0.8930802046145233,1.6978694482529262,1.0,1.0137880439176956,0.928367742904665,1.2425169254412831,1.227917314088221,1.497414401818653,1.3423940657195876,1.0366641815731137,1.3326427565573598,1.1207561979691218,1.178947299386638,1.0986434473215174,1.1612637771479408,0.8497168118933038
2021-12-17,1.1874698948867957,1.1473077387714257,1.2237965691724542,0.9497350707840918,1.2602450598046768,1.0577465972683309,1.1733522055647596,1.1715897870348144,1.2734273155955893,1.002518670886076,0.7914796434398622,1.2004696903059122,1.2171985160954057,0.7957419886086164,0.9498036747256716,1.3820125759244373,1.2088315651386266,0.9186002596262244,1.0374262158826832,1.25433368698398,0.9193647474837928,1.1505311881489246,1.3120451925202492,1.4307228544416015,0.8929681115122282,1.7092850972195714,1.0,1.0250846478625995,0.9322528927836783,1.234245690594351,1.2174800399243682,1.501695448666403,1.3493493580668006,1.047733863840551,1.3254639930502454,1.102716357803841,1.1800947623084077,1.107558253240173,1.1491758199559656,0.8484986674654089
2021-12-20,1.18978344098429,1.144342795217464,1.2088929121225622,0.9604213710486382,1.2446349298253518,1.037598964834274,1.1576435539221832,1.1619896338921785,1.2777810396501008,0.9811539556962026,0.7736075599548936,1.2071093687882963,1.2183320446968604,0.7831380777967041,0.9065970061283046,1.368784242835705,1.208283029054365,0.9234658791951961,1.0317535372343163,1.2509079058518286,0.8952606707684418,1.1374348443516955,1.2709640017292763,1.4393287692146641,0.8928560184099332,1.7168952975411296,1.0,1.0221797594253168,0.9197337759580942,1.219234916961293,1.2230056721952978,1.4711190185637133,1.351724437088191,1.0565248358317256,1.3053636747979511,1.088898950605541,1.1777997193529144,1.0705427356794464,1.1571428559437715,0.8282260370082012
2021-12-21,1.1699536513711584,1.1601110358582165,1.2434634743585082,0.963427036573474,1.2840786324163644,1.0619438752882717,1.1692797131693942,1.17093234595617,1.2794135864303924,1.0031660601265824,0.7975434905307485,1.2040105180504195,1.229667330711407,0.8059220294178507,0.933414960329935,1.4046892834402191,1.2104769050273776,0.9234658791951961,1.0327546173944173,1.25433368698398,0.900860498097616,1.1599137379768139,1.3041830098916354,1.4737519352913828,0.883661615024701,1.7427704897447458,1.0,1.0425135832956387,0.9389443837519205,1.2370026102962934,1.2721224659660317,1.4965991899502258,1.3615636473238226,1.064013164359713,1.3310632968452194,1.1092415939922537,1.182007434735265,1.1100775600758779,1.1848899947548401,0.8531972732521873
2021-12-22,1.194740737010511,1.1610544269890224,1.2506846276744303,0.9602543385815493,1.2950892711164879,1.0741165357912532,1.17422497710575,1.1693539882692614,1.2908418128530343,1.0125534810126582,0.8125432623466144,1.2115360468617533,1.2305739871826953,0.8199803332987078,0.9404918989771718,1.415397614240238,1.2006043289668045,0.9247929607951657,1.0400955723565937,1.2594727253223919,0.9137647714030457,1.1679280581823173,1.315780174152852,1.4754730525105912,0.8804099920591318,1.7313548407781,1.0,1.0473549849863117,0.9352748372929789,1.244967563019997,1.2745783337676808,1.5220792366484743,1.3714031063804164,1.0662922728030693,1.3484355971377604,1.1219073644319544,1.184685433779163,1.1467054805940837,1.2222526723329612,0.8447573760771812
2021-12-23,1.1934187106690857,1.1584936621795536,1.2643596139612097,0.9629259391722071,1.3059605926178715,1.071178318011705,1.1739343181363073,1.1780334663027439,1.2924742266464588,1.025178085443038,0.8144579807693433,1.2115360468617533,1.229214002475763,0.836219812223511,0.9498036747256716,1.426735609827033,1.2049920809128296,0.9243506002618426,1.0354240555624814,1.2667528375855215,0.908895239919924,1.1769196156323647,1.3285565215216548,1.4814973736240964,0.8864650706919815,1.7473365634731062,1.0,1.0402542783142843,0.9508160965502199,1.2541576442366151,1.2942249950497495,1.53288285126149,1.3697068109430133,1.064013164359713,1.3678180390393433,1.134957484086955,1.1728269115774301,1.1709302957516274,1.2409340530900153,0.8464974362794796
2021-12-24,1.1970541821899638,1.1605152146027093,1.2629763142451125,0.9614233616550018,1.306239546550211,1.0653019850906,1.1737887237740319,1.1775075617396502,1.2908418128530343,1.0222646360759493,0.8163729332270815,1.2168477625574363,1.2264933396874171,0.8287059810389974,0.9498036747256716,1.4254757429968372,1.1989589890780534,0.9250877985578645,1.0327546173944173,1.2650396851335994,0.914982154273826,1.188647534847159,1.328163099769027,1.4840789672836536,0.8863527724787948,1.7519027533629026,1.0,1.040576991004117,0.952542837160239,1.255689435445643,1.2979085624762854,1.5206524288463306,1.3622421820868482,1.0646643268244693,1.3622187352443695,1.1387958029865193,1.2003688323867956,1.1784885120214605,1.2291207344465986,0.8468455506062252
2021-12-29,1.206969177914571,1.1665800036123146,1.2517602665029066,0.9719426294524592,1.3136265534320335,1.0850296228638854,1.1762614440347279,1.1819788372719424,1.3153306794917428,1.0390973892405064,0.8217984108242752,1.2345536621445408,1.2355617071739506,0.8333112629767478,0.9535284032277764,1.4342945421798847,1.2137675848048795,0.9392427815480735,1.0511072090352427,1.2778873857339677,0.9312952186186988,1.1837609587043423,1.320890208096901,1.5275386150306303,0.8905015504845079,1.7869104415075479,1.0,1.0473549849863117,0.9648463505657512,1.2673303445374169,1.3212391660263905,1.549801677082085,1.3892156184586006,1.0887578158209623,1.3782988800623923,1.145320686453107,1.2160524652183353,1.1810078188571655,1.2733516420103306,0.843278145904227
2021-12-30,1.2149009322909576,1.1688710963585576,1.2437706655348504,0.9726104530265599,1.3105600838970728,1.08377035734751,1.1766978739514822,1.1798745750219404,1.3082561771236125,1.0284151107594937,0.8217984108242752,1.2279139836621566,1.2230930312328454,0.8381588845365409,0.9498036747256716,1.4242163238805114,1.202798204939817,0.935851489311629,1.0477703296310088,1.2676093090571439,0.9276429956305713,1.1804379621527956,1.3090966936761361,1.536144694142203,0.8894924048975148,1.774733935134757,1.0,1.0476778557524071,0.9652780192247263,1.2624289742317685,1.340885827308459,1.5396095337145217,1.372929871802464,1.0767110315060064,1.388205332177822,1.1387958029865193,1.213374934622252,1.192635804073466,1.2777472017630587,0.8527622155823269
2021-12-31,1.2228327875853855,1.1695450789064146,1.245921849249547,0.9681021078864338,1.3031730770152505,1.072437480890089,1.1684070299209217,1.1800060310377878,1.307167812603418,1.0225884493670887,0.825628159716412,1.2208315154664184,1.201328699650352,0.8296755764182938,0.9494312473822235,1.4216965902201204,1.1945711029500117,0.9351142910156071,1.0534429265852219,1.2620421397372594,0.940547120184428,1.1790697325304098,1.2992687249125248,1.5382958852430755,0.884782853713989,1.7610352493039316,1.0,1.0434818004032684,0.9678680971526956,1.2572209412100075,1.337202166171548,1.528602303166795,1.3693674191510197,1.0737808402313127,1.3725557594728883,1.1418662464730758,1.2126097251171646,1.190697744920183,1.2810438715776045,0.8512829854093727
2022-01-04,1.211926776694916,1.141916800569539,1.306612398104358,0.9816267349144719,1.3704921486557116,1.1102142147254521,1.161716399487621,1.2401042116961885,1.289753315345973,1.0488085443037976,0.8329685117596741,1.2279139836621566,1.2219593639564947,0.875001080815763,0.9796014117289857,1.4796480467542221,1.197313380825269,0.9334923716529386,1.0270819387460504,1.258616149096431,0.9417645030552086,1.210540086125551,1.3798587421121014,1.5882099279852213,0.8961074362646106,1.81506878673678,1.0,1.0615564773684982,0.9989504177448212,1.3138942663491762,1.3249229208736768,1.5803774837434559,1.3922693981236578,1.083548356836075,1.433143689115956,1.1710364589738664,1.1953960246113113,1.231395434384856,1.2782966467321497,0.8593746830190616
2022-01-05,1.2155619454616702,1.1401649202096091,1.323052574689495,0.9908102534656429,1.3792728600830344,1.1102142147254521,1.1672433345329343,1.2316880481929187,1.278325088923331,1.0530167721518988,0.8422238162606744,1.2385375505046434,1.2056360806009006,0.8866354554711604,0.9643299793635934,1.4953956657894758,1.187989609212991,0.9351142910156071,1.0250797784258485,1.2534774250210348,0.9512602084485539,1.243965596569951,1.3947973460143712,1.5817553686515418,0.8878104955858598,1.9003045636691864,1.0,1.0641385740778166,0.9933383293334325,1.3037849581699876,1.3445694884453703,1.6021887029689896,1.3785284263849085,1.0701994068584442,1.4552538196258546,1.1602896128360645,1.2129923298697083,1.2455427264368615,1.296428498584126,0.8761671930716725
2022-01-06,1.1848694387977996,1.126148691668925,1.3199796295612605,0.9761167054622374,1.39690404804867,1.0984614462452509,1.1554619340935202,1.2578576163103994,1.2173745480025737,1.0345654272151898,0.8371174063928223,1.239865648742465,1.1952075897325385,0.8483391030141197,0.9576256500868542,1.534449567584513,1.176471693263667,0.9314280917569471,1.0274155776699814,1.2513360368333015,0.9364081076747184,1.2369286110890156,1.396173239998271,1.5645437034439271,0.8785042042092241,1.9094370596102157,1.0,1.0576834508617172,1.030248539679375,1.3047040899843367,1.3065041466372456,1.5832315981007983,1.3498582798741496,1.0581527021769068,1.4931571200675917,1.1514616910001616,1.1850678043077993,1.223643493534442,1.30796701080701,0.8836498610866997
2022-01-07,1.1805729541062087,1.1319439403554428,1.3341151207857855,0.9652636790248571,1.4303543417917406,1.0972021807288754,1.1624436649588539,1.2685096590789255,1.2151980849359192,1.0352128955696203,0.8297769763378904,1.2181755898930167,1.194527528041624,0.8556104761310278,0.9833261402310907,1.5527168307373838,1.1715352710513638,0.9287739978165245,1.028416739524236,1.2474819152110004,0.9293472423987202,1.273285833267047,1.4252644459700092,1.5834766502092605,0.8823162926862687,1.9528161539668725,1.0,1.0612334485261403,1.051185954057339,1.323696816664031,1.3138715626214428,1.6117691257145725,1.3145723986888131,1.064013164359713,1.5172771726189074,1.1813996613400184,1.1586733464202037,1.231976829948637,1.333241731193156,0.9069679804715023
2022-01-10,1.1488440191578773,1.1231834846346866,1.3295057500645617,0.9766177007654191,1.4488217524846765,1.1211274044360755,1.1718979394998477,1.294021947117169,1.1907090853103437,1.0313284810126582,0.8428620297310274,1.2354391061201286,1.1940740611310838,0.8577919472888818,0.965447534434512,1.555866408270099,1.1572750772267824,0.9320177672823445,1.0274155776699814,1.2256413689129348,0.9166865497935477,1.2674217274396131,1.4272301118660846,1.5920824006438126,0.8894924048975148,1.930746061924035,1.0,1.0741442482252581,1.0630576668556386,1.3292113221054627,1.3065041466372456,1.5856777324591356,1.3057507832469177,1.0669435149012443,1.5164159186089161,1.172187978158524,1.149492823262369,1.2370156654420856,1.3354394271335333,0.9052277497920606
2022-01-11,1.169005122700696,1.1423212427943084,1.3508625824895204,0.9761167054622374,1.4425501352857342,1.1253247850940076,1.186588490116712,1.3019124475564559,1.2015929964860215,1.0400684335443038,0.8543511203840982,1.2363242791934752,1.1899935523107017,0.875001080815763,0.9665648164648563,1.5470480568009215,1.1512418512099898,0.9183052833444922,1.0347566960204653,1.220502330574523,0.9147387223251418,1.2662488477861116,1.4529793972410816,1.6015489561957343,0.8839984071088153,1.9550991908310527,1.0,1.0764033160922188,1.0637050708829232,1.33533820149691,1.3433416951101083,1.5809893290536996,1.2909918020128288,1.0565248358317256,1.5187131448879552,1.1806319035009523,1.1697665420048957,1.2306202402998148,1.3326922862240649,0.9224552322759603
2022-01-12,1.1742931271483559,1.1427254215388012,1.3877378300860783,0.9759495708970634,1.4760005355404244,1.1232262487220288,1.189788387556123,1.3182192724984196,1.2043140407733746,1.0397448575949366,0.8154154179923775,1.2748349291055607,1.1952075897325385,0.8851812400705604,0.9676822805222501,1.5357094344147086,1.1506933151257281,0.9178628535516523,1.0347566960204653,1.2123654325767557,0.8828434844877397,1.315311616343579,1.4995645246844194,1.570137457660237,0.8750281899281732,1.9254187823052216,1.0,1.0722076559337363,1.0805414680653267,1.3325807109056418,1.2985226465646666,1.6358224892989415,1.2857328051030192,1.0483851855721447,1.5270401372912448,1.1506942858829203,1.1632635494431445,1.229457375231573,1.298351639911931,0.9487315562909561
2022-01-13,1.166691677521243,1.1386821849523516,1.3875840466133957,0.9674343864104181,1.5129353569262962,1.1278431108507756,1.1862973896846791,1.3492547256948455,1.1896205878032824,1.0433056962025316,0.813181631840307,1.290770347094851,1.2090368050801608,0.9016631770629693,0.9959902171382472,1.563425251080177,1.156726541142521,0.9191899351516218,1.0387607715784077,1.2209306710646728,0.8626348395818415,1.311597822374239,1.509196023049561,1.5834766502092605,0.8752524786882092,1.7732118718381582,1.0,1.0944779140193175,1.1038532909770695,1.336256857570154,1.2153312610220972,1.655595055412088,1.2764024337344162,1.0345487994386162,1.5497248762763878,1.147623489674539,1.1410770411618067,1.2374031885439267,1.3324174798035326,0.9506456736566273
2022-01-14,1.1362846679962955,1.1514854820391425,1.3986466866519423,0.951738847800649,1.5017851880041928,1.1102142147254521,1.1934246266197703,1.3587229398234129,1.1950628093648554,1.0361840981012658,0.8045646188213295,1.2779335089411963,1.2253598110859625,0.8873626520056328,0.9807189667999044,1.5716144750192227,1.169341529260368,0.9134394559969703,1.0380935754246994,1.2380606242688148,0.8577653824745062,1.292441827820643,1.5280663194607478,1.60671263653038,0.8827647676508947,1.6993915115495253,1.0,1.1035150549066042,1.12932332523545,1.3359506705951465,1.1849403303871728,1.644179844865356,1.2613041436486543,1.0267334960934233,1.578439491169594,1.1399469694493518,1.0802552993744583,1.213565970428904,1.3241758052671677,0.9382905984071639
2022-01-17,1.143555913792176,1.1819439337684359,1.4157015274165308,0.9665993261730585,1.4969068493042716,1.1177694999097298,1.2420052007824836,1.365035243575198,1.2239051340843412,1.0546354430379747,0.802649744375261,1.2951970251683083,1.224906344175422,0.9002088432168062,0.9777390019711709,1.5961805350664278,1.1676959210075835,0.9432238185694323,1.0814725992089718,1.23891688623176,0.866774000843124,1.3180481730683749,1.5479188476253625,1.594234084760216,0.8212078611210561,1.700913458684688,1.0,1.118039497093017,1.1375256235230458,1.3466726381690133,1.2033591046236045,1.676794304639114,1.2667326705738193,1.0309668086318167,1.5830337241600467,1.1514616910001616,1.0783428611715082,1.2199613216304954,1.3436812695418716,0.9384647408091084
2022-01-18,1.131657575801307,1.1761488168220564,1.4382876882003923,0.9669332890091513,1.4620626379924606,1.1102142147254521,1.237205354623367,1.3571451456344288,1.2173745480025737,1.0475136867088608,0.7927563044155775,1.322198664262319,1.2317077931339424,0.8781521473529134,0.9643299793635934,1.5829522019776954,1.1687929931761065,0.9331974646307232,1.077801999186653,1.24234277211825,0.8687216795599572,1.3198075900286512,1.5557809100150546,1.5916523267621485,0.7885792819744549,1.690259015608496,1.0,1.1219124445616668,1.1124871259754026,1.3580071699893377,1.160995923879812,1.6869865726949411,1.2563844555905177,1.028036059923192,1.5612103489687073,1.1618248933663136,1.0546261681039035,1.217635813316051,1.354395446439146,0.9471653827748872
2022-01-19,1.137937200923077,1.176957569531457,1.4361365984279515,0.9612561249917428,1.442201522754024,1.1064365208143174,1.2118969223700395,1.3479394410390388,1.2298915379060114,1.036507753164557,0.8061602695147168,1.289442519759271,1.234428317247392,0.8834844481567916,0.9583705957872751,1.5722434234638063,1.1737292812063929,0.9386530367631593,1.0898146343312491,1.248338177173946,0.8782173849533024,1.3751250668712967,1.5492946213703402,1.5611016333440209,0.8242352466043122,1.725266587591705,1.0,1.1261082627964119,1.109896850125077,1.3509611587835415,1.1775727269822251,1.7085938019209723,1.2585897557755907,1.0208720783095928,1.5471405653273518,1.1503104069633872,1.0672495484748628,1.1932171256965673,1.363186817752562,0.9838825794351035
2022-01-20,1.1402508479386129,1.1916475171397214,1.4123212032274426,0.9594194825403596,1.432445164889041,1.1060167314295286,1.1902246408878414,1.342153363849161,1.2418639465887507,1.0339180379746835,0.813181631840307,1.2708511761965786,1.2380553591572339,0.8849387227801732,0.9833261402310907,1.537599145117228,1.176471693263667,0.9473524476209322,1.084475757995121,1.249622989135718,0.8894171883632239,1.3778615261160683,1.5298350340026654,1.5563683555680599,0.8197501892917142,1.700913458684688,1.0,1.1131979373260816,1.1047164963467822,1.3485108066494904,1.1950705156516475,1.6816866980440526,1.2706344320769367,1.0325951527775101,1.5212973460531787,1.1499262928959708,1.0592162540148906,1.198837356753797,1.3324174798035326,0.9710055884112365
2022-01-21,1.1296744353711277,1.1795179391205108,1.3885059959114452,0.9642619947127485,1.3884717361298173,1.0917454319165767,1.19793354893189,1.3292656833144885,1.232068133959533,1.0041371835443038,0.8032880358572839,1.2558012021828762,1.2285339407848486,0.8529442665063072,0.9721520457383008,1.5117733973253753,1.169341529260368,0.9501539950724625,1.0581146067676417,1.240201593439194,0.8458351344669591,1.3407228065824752,1.5027096141659246,1.5279688532508047,0.824123307335186,1.6689500132946766,1.0,1.117393913637089,1.103421490369857,1.3233906296890232,1.1830983592531545,1.671698544675992,1.2748757512526891,1.0169644664537056,1.48597846634429,1.1203724366235304,1.0385600476317738,1.1600776525017273,1.3359890399745975,0.9496015863921052
2022-01-24,1.089352732875697,1.1207578852071765,1.3422583173420128,0.9624250459671103,1.3265885915190976,1.0451543526565432,1.17422497710575,1.2944164761641186,1.2124769076616992,0.9824488924050633,0.7742458514369165,1.2571288940673357,1.2230930312328454,0.8117391871341587,0.9185160463215155,1.448152719140941,1.1616626949907907,0.9474999703915566,1.0427650105246578,1.2354908955909318,0.8124788586827334,1.2592120572652252,1.4313577938177835,1.485370010621198,0.8843346864157005,1.6194827819130604,1.0,1.120621435726073,1.0531286279580239,1.299189774839347,1.122930488361312,1.5828238674783208,1.2458664617708985,1.00133385976332,1.414766318018894,1.0800711463435797,1.043915343047848,1.0949612754175708,1.3326922862240649,0.9160166515254551
2022-01-25,1.0500223483002527,1.1400301500480654,1.3911180603329107,0.9732782766006606,1.3707707830531919,1.0283647273868235,1.1740796476210287,1.3397861090677605,1.2070350850607274,0.9788880537974683,0.786692535336361,1.2797039905390102,1.2255864058663364,0.8333112629767478,0.9077144701856985,1.4979154889926412,1.163308437425592,0.9364413033560599,1.0447671708448596,1.223928216461013,0.8227047111705589,1.293419065065187,1.4924885843664513,1.505593836385565,0.8826525719931538,1.6681890397270946,1.0,1.1144889461616752,1.105579899638851,1.3126688524115984,1.1207817094590409,1.5856777324591356,1.2462058535628922,1.0010082387142325,1.4618583040091622,1.0904342311357902,1.0687794990372226,1.1224806654365402,1.3489010806842228,0.9241953777168304
2022-01-26,1.0672085898207402,1.1429952253421654,1.469016763713714,0.9878047921369772,1.4090995220078038,1.018710495278601,1.1867337313089155,1.3747668527336816,1.2157421342091494,0.9947496835443038,0.7965859752960446,1.2912131368082054,1.2176515669812575,0.8539138026628221,0.9427269181054843,1.5382291680751,1.1605658911863013,0.9162410034485006,1.0511072090352427,1.2294955952895745,0.8217308346242491,1.334076813479382,1.5492946213703402,1.5516350777920989,0.8591062518517668,1.6659058867014787,1.0,1.1254628374167461,1.131050131819588,1.331049300289498,1.1296841950986287,1.6270572784217858,1.2365360904022953,1.003287506424426,1.494018593645208,1.1046355172536233,1.072604843890937,1.1403101293924922,1.3486263581996771,0.9455991240202466
2022-01-27,1.0718356820157289,1.1908387644303207,1.4743942063180488,1.001830312370112,1.4185075868759365,1.0258461963540728,1.2225148040065026,1.4157965856211754,1.2271706266055256,1.0093164556962024,0.8039264053509765,1.3102471346331312,1.2437232795142994,0.8400980160723522,0.9423542177214619,1.5483075654600211,1.178117033152418,0.9174206315373625,1.0694599640643756,1.247910046192473,0.8183224154637375,1.3491278267257474,1.54300444240733,1.572719379996815,0.8628064523374078,1.6803654299384498,1.0,1.137405024817578,1.1789687176458798,1.3396268172596588,1.14810278191431,1.6437722389311422,1.267411371217486,1.02347720596913,1.5003357737908933,1.1126959163983434,1.0703096838234898,1.1191861645157937,1.3653845976289258,0.969091300568422
2022-01-28,1.0797680419003635,1.1815394915436663,1.4559568173754094,1.013184538306844,1.3720254899348117,1.0157723801370444,1.2079695828743593,1.3894954004884401,1.2151980849359192,0.9973393196202531,0.7898839147348051,1.3239692813112536,1.237828903051756,0.8245855560136767,0.9162813002337773,1.527520747732307,1.1792139711389242,0.8911748069339027,1.0587818029213503,1.23891688623176,0.8438870838711943,1.29850147857701,1.5152896113751793,1.5503440344545547,0.8491271454727463,1.6598178658379554,1.0,1.1403098342167293,1.1530668827802866,1.327985527575001,1.1560842819868886,1.603207655460392,1.254518381316797,1.028036059923192,1.470185515980077,1.0854445106255097,1.0821683231371764,1.0951550739388312,1.3417582121500529,0.9372465963812134
2022-01-31,1.10323380762458,1.1613242307923866,1.4493501403544273,0.9918121419739215,1.3743948409179725,1.0245870334756888,1.1948792458547546,1.387654533268354,1.2353336264807173,1.0038135284810126,0.8000966564588397,1.2867867296369897,1.2237728155739673,0.8381588845365409,0.9203782740522807,1.526890724774435,1.170986869149119,0.8863090488458975,1.0491051304091945,1.2303519620068584,0.8546001721353199,1.2619485165099968,1.504871509982626,1.555937953009375,0.8493514342327821,1.657534364328031,1.0,1.1306271098735146,1.1586789052175566,1.330130168475149,1.1545493060418734,1.561420628251792,1.263170134982054,1.0306411079493105,1.465878367659621,1.1031004718712574,1.0829331813064025,1.1094962384527765,1.3489010806842228,0.9022696304004388
2022-02-01,1.1164542728749158,1.1467687898653893,1.4954441293934326,1.001830312370112,1.4014339872401207,1.0338212709231394,1.1957517525181909,1.429473485249154,1.2380545377812033,1.0154668512658227,0.8023305206225799,1.2757205085322694,1.2385088260677741,0.8451880364769694,0.9203782740522807,1.5527168307373838,1.1874409389467129,0.8833601171427762,1.0180724623876032,1.2431992435898724,0.8653130372720865,1.3020196301373923,1.546149652127757,1.5985366313004714,0.840717701469917,1.6430747049296242,1.0,1.1154573213455672,1.1772420430099795,1.3316619596841766,1.1751168591805758,1.6140112700734077,1.2701255932099083,1.0348745001211224,1.504355617873727,1.1107767569485612,1.1043545971946065,1.1358527634035043,1.3629120113320297,0.9309819875555095
2022-02-02,1.143555913792176,1.1566067481778033,1.4845351788853132,1.0085092627977141,1.4150230592331354,1.0535491139724074,1.19996992756835,1.4371009931570424,1.2560130843118784,1.0148195411392404,0.8004158021998511,1.2881144215214493,1.2523383187651889,0.8541562015076462,0.9296903228413549,1.5905108657022253,1.187989609212991,0.8936814473632175,1.0277492165939126,1.2560467346815636,0.8733478534701808,1.29850147857701,1.5314075186239569,1.6493116434984973,0.8482301442657713,1.6605786070826647,1.0,1.1115841367625239,1.191487834471464,1.3399331945311086,1.1560842819868886,1.6278727396667407,1.2945544205449147,1.0465974153222024,1.5178514517427137,1.1180692806802734,1.1116224479255843,1.116279112756209,1.3736263561012776,0.9318520176566587
2022-02-03,1.0926576978112188,1.1264182319920124,1.5057385096643565,0.9919790723429254,1.4247795236097385,1.0514504749624372,1.184406605410495,1.4368379201259405,1.2337009467135587,1.011906170886076,0.7981817820127713,1.294311716643841,1.243496407384133,0.836219812223511,0.9203782740522807,1.5911410677456452,1.1665993855671273,0.8827702338388286,1.0050586653887523,1.2299236215167086,0.8733478534701808,1.296351166718916,1.542611381371468,1.6708260195848776,0.8529393365052366,1.6164385391584266,1.0,1.11287530367438,1.1975315915418276,1.3475915796869204,1.1315259788118965,1.6319494224501967,1.2750452812680446,1.0358513632683848,1.5304860316017097,1.1176856369086237,1.0967040245991317,1.130426478748894,1.3615385667812756,0.9351583366135977
2022-02-04,1.080759460738391,1.1161756997146903,1.5648926329261783,0.9869697318996176,1.3979495661089398,1.0401173932290333,1.189061210377408,1.4334184537198351,1.2331564984797274,0.9989579113924051,0.7959476838140217,1.2743922748433272,1.2178785777863201,0.8124664428914126,0.909204179559491,1.5495672532046687,1.1353361833146407,0.8566720705250266,0.9873733515957891,1.2127936683125669,0.8658001242968141,1.2988922759948032,1.5956830379373639,1.6454388421628854,0.8555183495793124,1.550989585081805,1.0,1.1257856291447101,1.197963458123159,1.333193655744983,1.1174048560903824,1.6398992967706614,1.272161280439305,1.0150105808923435,1.4753540280943362,1.0996460318912262,1.0618940188348813,1.100775231055381,1.341208767180962,0.9339401921857028
2022-02-07,1.080759460738391,1.1250705303765753,1.5837144335793962,0.9731112441335716,1.4286121312261502,1.027525251255237,1.1913883362758286,1.4647170604470665,1.2429520451352107,0.9973393196202531,0.7640331877245518,1.2473905002981955,1.2178785777863201,0.8129511221354977,0.9285727677704362,1.5571260960147466,1.1325940396214,0.8625700031907859,1.0007207058244174,1.1969486318245357,0.8609306671894789,1.3225440492734228,1.606493839649013,1.6703957813647032,0.8652731159205741,1.5030445331582238,1.0,1.132563623126905,1.2268873034721717,1.3457536015028853,1.1137211012430963,1.6625257278646224,1.2770810514377622,1.010451567671444,1.5100986286794182,1.0904342311357902,1.0370298628455066,1.1199613586008352,1.3447802434160403,0.959868657589668
2022-02-08,1.0668781841534254,1.1164452400377778,1.533394921876211,0.9739461001747612,1.4369748910572524,1.0342410603079284,1.195460916963712,1.4820760165140314,1.2337009467135587,0.9928072784810127,0.773926705695905,1.2469481169382033,1.2219593639564947,0.800831949790452,0.9311800322151472,1.566574470441796,1.1452087593752136,0.8547550363615926,0.986038632511757,1.206370237029737,0.8655565435965572,1.3641790349321616,1.5685574978617012,1.6837348095752163,0.8693100059348836,1.484399112573093,1.0,1.146442244742996,1.2333627951756294,1.360764279987722,1.099293077042954,1.6871904380061797,1.2709738238689303,1.0088235420594254,1.5075142079465695,1.1065546767034053,1.0519484032839128,1.1358527634035043,1.3354394271335333,0.9774442544003134
2022-02-09,1.0853867547694622,1.1272268529612746,1.5579784829020866,0.9807919809713673,1.4495187645248564,1.0564873317519556,1.1787339877103877,1.47497449366894,1.257645498105303,1.0096401107594937,0.7882881860297482,1.2279139836621566,1.2242260051347154,0.8190106786966298,0.9218683474801722,1.5854717565525387,1.1572750772267824,0.8565246170139189,1.0257469745795569,1.2183610471411284,0.8830867676848514,1.37532061180023,1.6129806092494152,1.697504240344414,0.8585456837848456,1.5220702662849912,1.0,1.1470879862751866,1.2152313920163003,1.3647465184790215,1.1167907720020014,1.7122627540819508,1.2825096613032478,1.0208720783095928,1.524456045909834,1.1065546767034053,1.0661020855530927,1.1614342421505497,1.3667582100516533,0.9870150969443847
2022-02-10,1.0705137565923448,1.1657715143831906,1.550680202994184,0.9918121419739215,1.4540485972046877,1.062363767311052,1.1934246266197703,1.4773419899494513,1.2337009467135587,1.008345253164557,0.7898839147348051,1.245177364438148,1.2366953744503013,0.8144053967588794,0.9267103580126214,1.5968101998532036,1.1644051070480648,0.8600634320209879,1.0130670615870985,1.2294955952895745,0.878704248850671,1.407182152733262,1.6145529736317847,1.7005162365626563,0.8474452874388141,1.527397313580933,1.0,1.155802177358247,1.221706883719758,1.3647465184790215,1.0980652837076923,1.7165434268649093,1.2689379707588924,1.012731233548731,1.5333574272207426,1.0965753532567863,1.0714571467452598,1.1891473567501,1.3381868198509617,1.0105070177768452
2022-02-11,1.0526664009831033,1.1469032965466561,1.5664290585191676,0.9956525614418619,1.4362779855286922,1.0501913120840531,1.177715886684676,1.4918074646731079,1.2369660402741418,1.0015474683544303,0.7787137357877365,1.2420789200536333,1.2421364226772007,0.8236158421888171,0.9043621690270418,1.5936608014060365,1.1687929931761065,0.869057819160493,1.0190734608535503,1.2312083287241424,0.8816261016169593,1.399363279976667,1.640105788608312,1.7018069512231797,0.8778313379291164,1.4965756189458836,1.0,1.1738766962472142,1.2044388178783791,1.3613769393824005,1.072278906066313,1.7030899372705814,1.2613041436486543,1.0075208189628193,1.5494375720387656,1.078919627158922,1.0928786797454173,1.171511765256088,1.3296703388940645,0.9964117118479399
2022-02-14,1.0546494404952411,1.129518077447656,1.5406932017841137,0.9864689407926058,1.3628264008647892,1.009476360469142,1.142662432628394,1.4681363658537647,1.2184630455096352,0.9973393196202531,0.7697776550394173,1.227471329399923,1.2185585008023383,0.8117391871341587,0.8767991781114657,1.5281509497757266,1.145757295459475,0.8706794614850945,1.0110650646552042,1.2119375111039599,0.8643391607257768,1.4142189432541483,1.5750441472231813,1.672116734245401,0.8543970083345785,1.459665438801567,1.0,1.1496698458701113,1.1876026186183317,1.320327332715631,1.034520465736816,1.7208240996478679,1.232295020047505,0.9931929353690396,1.4848297983128642,1.0439919363087848,1.0859933166550297,1.1405039279137525,1.331867950898455,0.9957155684330201
2022-02-15,1.0741492281132232,1.1947472308552267,1.5241760864915075,0.9991588138775392,1.3830360221233156,1.0342410603079284,1.1620073233346178,1.4591939757885874,1.2380545377812033,1.0073742879746836,0.777118163106019,1.2465054626759697,1.2196924454284814,0.8289483798838215,0.8991474581105702,1.5514569639071882,1.1534358613650189,0.8665510402121447,1.0177386600753644,1.2123654325767557,0.8779738786288318,1.3745388220045949,1.5620712092169866,1.667383785146461,0.8600033556141876,1.4638511999882908,1.0,1.1616120332709432,1.191487834471464,1.3423838321098223,1.0366693383494623,1.7408004063839893,1.248750545539959,1.012405532866225,1.5112471869270314,1.0685565423667116,1.1077972201838235,1.1658916081395378,1.3681319064103676,0.9824905483209792
2022-02-16,1.058615519519517,1.2016205090939558,1.5545213139477851,0.9842984376032148,1.3658928703997497,1.0266856724856592,1.1461529890372477,1.4420977707539104,1.2304355871792414,0.9983104430379747,0.7736075599548936,1.2407508218158116,1.2251330776306923,0.819495476386278,0.9058520604278837,1.5331895216687692,1.1561781392402761,0.8562296407321867,1.0150691402131466,1.2170762351793563,0.8555740486816297,1.4003408096612842,1.5872307226798081,1.6570565888156796,0.8561911133039745,1.4524355510216456,1.0,1.1654851388158554,1.1841491373982935,1.3531057996836893,1.0191713622592897,1.7338697339314546,1.223134261634578,1.0316180507299917,1.4911470882423623,1.063566939430373,1.099764394171666,1.1794574306870826,1.384615339419084,0.9932794500543737
2022-02-17,1.0477088022027583,1.2018900494170432,1.5130967247314355,0.9807919809713673,1.3424774624075224,1.0203895501797653,1.1487711270751833,1.4205312561833836,1.2195516760035638,0.9785641613924051,0.7713735397678139,1.2314552177600258,1.2226392869725127,0.7945299943844959,0.8816414616844892,1.5136631080278948,1.1523389233785126,0.9070991627978878,0.998718708892523,1.2115090658594716,0.8455916281424886,1.3772754762094153,1.56439458590587,1.667813859028125,0.8520423352982615,1.4155253708773288,1.0,1.1322220993618382,1.2044388178783791,1.3243097615033723,1.0130318333207293,1.7151166190627658,1.2268664101820193,1.0456204725415212,1.4727697171453003,1.0462948571041586,1.1012943447340258,1.1436046303132386,1.3278124158279434,0.972397619525361
2022-02-18,1.0460561683579352,1.1861218087762908,1.5035698526900882,0.9824616930537465,1.332163729235959,1.017871121785006,1.1396078646737045,1.4318408205302582,1.2151980849359192,0.9805066455696203,0.7633948182308592,1.2301273904244456,1.2351085176132026,0.7867738828007211,0.8637625828473363,1.477128134008283,1.1644051070480648,0.9249404143062735,0.9887080706798211,1.2209306710646728,0.8412089605567354,1.3784480634228433,1.538838644717372,1.675989535581013,0.8650491348268756,1.404870811639701,1.0,1.1486870067082033,1.2501988624874394,1.3240033842319225,1.0173295785460217,1.7204162443371267,1.2412860825644352,1.0498537850799146,1.4707596853200708,1.0455269816911505,1.1162130022843857,1.1343023752334216,1.32204164886874,0.9844046656866504
2022-02-21,1.0334970190324362,1.2331569903754607,1.4937353197611198,0.9604213710486382,1.3341147025764202,0.9716995239957873,1.1355352839858208,1.4381528022832295,1.2048580900466046,0.9727376582278481,0.7525439410481414,1.2097651589105776,1.2235463594684897,0.7681103562048952,0.8544508981123613,1.4953956657894758,1.1605658911863013,0.9348194532529083,0.9867059920537731,1.214078689783016,0.8324439228883748,1.397213163078622,1.5270439279073877,1.6450084396042006,0.863367020404329,1.3774735561394862,1.0,1.1283478872830888,1.2346577351784358,1.3142005484724049,0.9918502898040207,1.7034975432047952,1.2336520895735557,1.0400845961733594,1.462145388679159,1.042840534698069,1.1326616103971054,1.1116279482459608,1.3316595378434208,0.9908432464371556
2022-02-22,1.0457257626906202,1.214558444602152,1.5017254843827106,0.9604213710486382,1.3251944609271176,0.917972948936265,1.1327718164631642,1.4386791093448406,1.2184630455096352,0.9863332278481013,0.8090325811838193,1.1956004934213422,1.2149311815427042,0.7761089258562756,0.8674873113494411,1.5042140172586533,1.1325940396214,0.9283317758022347,0.991043951618108,1.1900968600515558,0.84826990020852,1.3981904003231658,1.519573724164338,1.6303785323946536,0.8505847147466424,1.3519789088003789,1.0,1.1338361370397896,1.2536526076039527,1.3212462742335382,0.9860176623440882,1.7212318302703453,1.2438308574818224,1.0306411079493105,1.4733442158367323,1.0785358658133306,1.1414598801382576,1.1436046303132386,1.334682240597302,0.9903213306627521
2022-02-23,1.0477088022027583,1.2140194956961154,1.4929670599934972,0.9712744995841035,1.36575323366615,0.9058003910712747,1.1439712809160667,1.4407828885966216,1.2217285380308196,0.9847147943037975,0.8272238104097992,1.1951575682568674,1.2242260051347154,0.7649594081133079,0.8674873113494411,1.505474242259945,1.1474025011662095,0.9336398944235631,1.0043913875408899,1.2042288488420037,0.8397481457372709,1.380989270178755,1.5054200399445723,1.6299481298359688,0.862021492955005,1.3184932839523325,1.0,1.1270565622949702,1.2411334907783687,1.3273730584767642,0.9568546187548009,1.7422273388743967,1.2485807667036415,1.0492025429817395,1.4988999113056578,1.0827578284845447,1.118125674711243,1.1405039279137525,1.3157213530044594,0.9689172434050491
2022-02-24,1.043412216593126,1.1567934239538615,1.5003429362046596,0.9338730101976588,1.2502099610305937,0.8575302569100771,1.0950074289324694,1.3510957539143384,1.1994162674456328,0.9439277689873418,0.7911605757105206,1.177451668669763,1.1931674046597955,0.738054972244059,0.8309850630423382,1.422956725678638,1.1112034805204947,0.9066568022645646,0.9580092049704684,1.164830113603985,0.8197832302832022,1.4054230282130586,1.4364199726708955,1.5524958829094686,0.8150093074194865,1.3131661204949545,1.0,1.0469906982394492,1.1113660937496186,1.2507878748435526,0.9424265008442836,1.7214354462050567,1.1960865107355463,1.0316180507299917,1.336519113197101,1.0205788494355157,1.1066494059261929,0.9920543345690055,1.231084248984018,0.9513416465944037
2022-02-25,1.0827426011685704,1.212463117701514,1.536990937484529,0.9569148123187057,1.316413856011415,0.8965661536238242,1.1376321429971497,1.4150076885266833,1.23152421767317,0.9895704905063291,0.8364791149107995,1.2000269005925581,1.2475773322292039,0.7647170684912653,0.8820137070008878,1.4846869768183608,1.1534358613650189,0.9331974646307232,0.9877069905197202,1.1986617842764575,0.8402350840104257,1.460154260189002,1.4881206650486916,1.6648020271483932,0.838557832502959,1.3302895939449224,1.0,1.0870234326718817,1.2080815128709899,1.2970456096803038,0.9224729380835872,1.7903335672900789,1.2625924556489077,1.0908841077338225,1.426539094948836,1.0781519868937977,1.1127702621832152,1.0279070610021699,1.2794482484699938,0.9861448111275205
2022-02-28,1.095632257079426,1.2210898571818334,1.5150942189157053,0.967601010485167,1.2744615917501212,0.7991862552128552,1.1241029038702848,1.3534629281960358,1.2413196313417862,0.9898939873417721,0.8533937611727338,1.2203889966553054,1.28181006240301,0.7671408792711618,0.8466289227511786,1.4468929418535192,1.1786655692366794,0.9320177672823445,0.993379750862241,1.2316366692142922,0.8777304466801475,1.4945569103979213,1.4293429502026296,1.6626503430319897,0.8402398956477828,1.3302895939449224,1.0,1.0582901475570776,1.150224717744577,1.2860172648349872,0.9270775847875075,1.8025641143935016,1.2639496910555996,1.1100965459641703,1.3907895333430456,1.0639505832020228,1.1579084882509776,1.0029070517595848,1.2382289641098954,1.007722785071453
2022-03-01,1.0969543843388925,1.243330754300558,1.4989597304308182,0.9482323911688015,1.2071424135980402,0.7439903659875761,1.1238121566083241,1.3029644981817534,1.246217537656395,0.9691769778481013,0.8345641624530613,1.1792224211698181,1.2901986455484213,0.7370854360875441,0.7918755502905243,1.3637451336860187,1.1890864130174805,0.9305434399498174,0.9847039134277249,1.244055715061495,0.864826173374718,1.5463560407201355,1.4039839603682893,1.6006884797553853,0.8264470599045844,1.2933792976391698,1.0,1.0599045013875539,1.097117729297503,1.2455802224146753,0.8890120555586324,1.8139793249402338,1.2413851962475808,1.0638562068914441,1.3145524701302946,0.9952467206864061,1.1670888942968587,0.8914729020348845,1.2016811370908844,1.02999664671459
2022-03-02,1.1009205642812097,1.2560012573278805,1.57310111935016,0.9438910784957644,1.2332060199941484,0.7011767753626944,1.1275946080818733,1.3355780675659774,1.2668969954875562,0.9882755537974683,0.8431811754720389,1.1508925483868653,1.2781831591680644,0.8136782594471885,0.841041784491259,1.3857919973294763,1.1676959210075835,0.9048874986503052,0.987039712671858,1.2235000854795401,0.8813825209167024,1.535996156167678,1.4720011946939284,1.5774524934342657,0.8178125579758755,1.2629379155457572,1.0,1.0702357335975525,1.1338178780493484,1.2572209412100075,0.8969936493415862,1.8451669769118482,1.2351078580811492,1.0550638811321515,1.3230232793281143,1.022881887804831,1.1529355633635396,0.9518411044371432,1.1761251472132288,1.0663658142866324
2022-03-03,1.0625816994618345,1.202353642963937,1.4829791193608695,0.9397170024859862,1.1775822437460903,0.6713752700533852,1.1099915521718724,1.3030960346973044,1.2630875866800089,0.9614079113924051,0.8077560762314434,1.1172512308104705,1.2589127569186467,0.7673831596704228,0.8294950806279715,1.3530367133432255,1.1534358613650189,0.8944185763997227,0.8475594443425083,1.2256413689129348,0.8804086443703925,1.55124300678305,1.4092917873389497,1.5611016333440209,0.7991979753914106,1.2389652153418125,1.0,1.0253600167118224,1.0750976796308669,1.2425169254412831,0.8659888220390309,1.9426028749871727,1.2215352551932668,1.0195693552129867,1.2966057809301346,0.991024758015192,1.150257798543549,0.9205426802239367,1.1475464545816918,1.0665401271657202
2022-03-04,1.0348190453738615,1.1698683692059535,1.4086074779726547,0.9195133229322611,1.0929612115568943,0.6610915591439622,1.0827874795558674,1.2299783954895696,1.2293472226590472,0.8982852848101266,0.7914796434398622,1.1008731585589464,1.2557389045695528,0.6927293494010267,0.808636692029709,1.2755584849971529,1.1550810670717533,0.8522485344513112,0.835880529815997,1.2303519620068584,0.8645828158018201,1.4965115798470578,1.3687960398589623,1.5662648206631355,0.7648840513257189,1.1971081842817546,1.0,0.9846811455565434,1.0129234062252783,1.1849249442288703,0.8076626411500812,1.8779851773085814,1.1906574032281367,1.0387820323435908,1.2355873889577904,0.9353707212197214,1.1429898307006177,0.8743217698736835,1.092587352810903,1.0489644451165032
2022-03-07,1.0483697144554296,1.166094277722176,1.522009120477843,0.9109978321513608,1.0568545180152156,0.6212162889366201,1.0794415462915907,1.2257701929883793,1.2043140407733746,0.891811075949367,0.7659480621706201,1.1088408675535917,1.2609530806662856,0.7392668480226164,0.7590979394720014,1.2147728205803678,1.1545326651695085,0.8198100086789101,0.8151921389310385,1.2363472623082157,0.8485131834056315,1.5072624567773572,1.4212832150252481,1.5572286676698985,0.746381561843549,1.140791609984726,1.0,0.959499359830656,0.9723373159049944,1.1472447263622798,0.8095046122840995,1.9358760678458768,1.1361972957806104,1.0374796277806597,1.1844755588846887,0.9169473548567326,1.0917312168236475,0.8547481192263883,1.0629092666252637,1.0473981863618627
2022-03-08,1.0344885387885052,1.179034321072586,1.5669547593824122,0.8884565148430706,1.0613154376770157,0.6130312683561633,1.0973352611710343,1.2370797573352539,1.1270377660759678,0.8840420094936708,0.7643523334655631,1.1035290841323482,1.2627669483084472,0.7751394489225422,0.7654299324188173,1.2437481459049358,1.1506933151257281,0.8199575314495345,0.8221994549692838,1.2110808301236604,0.8840607186069475,1.4982706068872367,1.4940182639315278,1.6019793587544193,0.7482878111929628,1.1506850794933363,1.0,0.9633733347950119,1.0010498461516537,1.1836996254395136,0.8088906219060934,1.941379807808004,1.134331138566569,1.0472486574203774,1.2048628520231675,0.9407442618625642,1.0672495484748628,0.8854652218164932,1.0343305739937272,1.0244281813038059
2022-03-09,1.1062087705649524,1.229446924598927,1.5400640704972748,0.9176765783827929,1.1278133047285728,0.6715851134267838,1.1249759402888295,1.2861314466778822,1.1678526324650598,0.9096149525316456,0.7736075599548936,1.130973445214153,1.289745178637881,0.8090730959550011,0.8313575813993112,1.319021831155101,1.18140771292992,0.8644866910566363,0.813857256458699,1.2384887552502875,0.9069474124515183,1.4673865956388217,1.460796009318276,1.6415663695042944,0.7701543756870574,1.2062406802227836,1.0,0.989200941091221,1.0645192574824052,1.2379218372588634,0.8880913511227487,1.9165112323552076,1.2018548441543082,1.0947917195897094,1.3030668876541625,0.997549523907838,1.0944089816436382,0.9145349260648657,1.138478094512089,1.0122469927405717
2022-03-10,1.0705137565923448,1.2426566400125627,1.5026477155075273,0.915339042726313,1.099792121271574,0.6566842837936356,1.1143559396319331,1.2509784336464291,1.1471730416470316,0.9063777689873418,0.7566929136929593,1.11592333574933,1.2847575973215222,0.8308874521968513,0.8026773994669156,1.293825479521702,1.1770200951659118,0.8457608570006376,0.827872051923497,1.2333498216662142,0.8806521506948632,1.4927975909176692,1.4291464798041598,1.6471599593820938,0.7545674862521861,1.205860135358275,1.0,0.9930752322081017,1.0569634395844316,1.2412915115037053,0.8666028124170371,2.0302542356291475,1.1451891877007467,1.088930301805879,1.2803822584528322,0.982196836179289,1.0423852753735345,0.8888567329088892,1.152767524763844,0.957490160485478
2022-03-11,1.0639037258032598,1.2502052182005325,1.508640479887104,0.9108307996842718,1.122934007424073,0.6764121268429036,1.1249759402888295,1.2618965279350878,1.1493499036742876,0.9251527689873418,0.7665862756409731,1.1247762178173217,1.2620864705928443,0.8684567857877643,0.7956001877791044,1.3120928322173468,1.1545326651695085,0.8367665391206494,0.8569026413190404,1.209796018161888,0.8584959014479181,1.5246591318507012,1.4169582210026255,1.6372633299485078,0.7606228725513734,1.218797731460083,1.0,0.9856497578548292,1.0526458293570182,1.2547703987795147,0.8613839879143603,2.0844759246289373,1.144341039982045,1.0732995358486557,1.3055073818086687,0.9902570001761257,1.0519484032839128,0.9061048013010602,1.1571642596203862,0.9688080527947256
2022-03-14,1.0635730173818208,1.2665153060303653,1.4803669609971482,0.9248564220154918,1.1849706352789704,0.6875352625649173,1.1351592461514175,1.2878105899935974,1.1607778641231954,0.9397195411392405,0.7736075599548936,1.1402692524466198,1.2731951618270168,0.9031174516863509,0.7777215819825257,1.3719340889967422,1.1644051070480648,0.8398629935943951,0.8852659528667214,1.223928216461013,0.8723738281722984,1.445885134218296,1.4016248727195861,1.6553356359349818,0.7676875069929995,1.259132699223542,1.0,1.0011464480935648,1.0602017792032292,1.280196667566769,0.8868632766563613,1.9631907776570103,1.1718256375498035,1.0794866543149926,1.3706894346583764,1.0171245270294262,1.0683973627324936,0.9087210443677353,1.1912389967265804,0.9226661125022994
2022-03-15,1.0662172719007539,1.264762898709882,1.4905085911602027,0.9300326928278035,1.172145145088531,0.6705357939217986,1.1419966187497286,1.2618965279350878,1.191253134583574,0.9342166930379747,0.7691395195807341,1.1438103510933681,1.309695503903317,0.8994817059051153,0.7449441076842901,1.3561866490470365,1.1885380111152357,0.8547550363615926,0.8595719977929508,1.249622989135718,0.892582324326624,1.4365024869103824,1.4193174288902506,1.6871773726906536,0.7583802413396284,1.2324964172909085,1.0,1.0059891143943376,1.0178886843764512,1.2688620405982236,0.870286379843573,1.8765584941947016,1.1725042552531497,1.092186671563591,1.360926689553664,1.0017716041529938,1.0622767406993785,0.894089219042239,1.087915727597842,0.9071693992163847
2022-03-16,1.10323380762458,1.2692108410013778,1.4625421695043335,0.9271940597700568,1.2209381181335288,0.7068433162293963,1.1505797110150566,1.3005703564993771,1.2168306317162108,0.9652923259493671,0.7962668295550331,1.1531060906002746,1.2684345913157204,0.9149942251865725,0.782191074158002,1.3946105278842018,1.157823613311044,0.8507740685997506,0.8779248345162375,1.2256413689129348,0.9210689942519416,1.4486217884231163,1.4179409337117412,1.6772802502415365,0.7651083913634777,1.2705481158673153,1.0,1.0072804393824561,1.0798470244913743,1.2942884996819195,0.9147984332000115,1.928945520081606,1.218990314395238,1.075253421410018,1.3956710705711206,1.0551226613661198,1.0810206259914992,0.9145349260648657,1.1412260747814245,0.9433864159379763
2022-03-17,1.1194289330611642,1.2887560714089517,1.5100234977764337,0.9263591016307821,1.1969597962304899,0.7234230981257174,1.1767656826053496,1.317013386939696,1.2467615869296251,0.9610842563291139,0.802649744375261,1.1672708915406305,1.2908787072393357,0.9045718447552956,0.7978350248803673,1.3402629889180968,1.1803107749434139,0.856966977547242,0.8659121176774875,1.2547619227197913,0.9590512951948184,1.4290612517682877,1.4470349051786844,1.6871773726906536,0.7713879125895322,1.2382040094513591,1.0,1.0260056792058818,1.0815741609461058,1.3047040899843367,0.9147984332000115,1.9368953944020706,1.2529218630851047,1.0947917195897094,1.3782988800623923,1.0608800221415247,1.0859933166550297,0.9125969408522625,1.1332571082659237,0.9742059558235759
2022-03-18,1.130996764466677,1.2853858951893902,1.491891515107277,0.9308675488689931,1.18901360334455,0.7156578669300494,1.1710921819800622,1.3180655180646972,1.2560130843118784,0.9695005537974684,0.8004158021998511,1.1752385328097155,1.2833973352647974,0.9186299117450265,0.7959727061360772,1.349714855513332,1.1934740307814888,0.8681730288343298,0.8665794772195036,1.2603291967940145,0.9943551753200911,1.440989589913235,1.4169582210026255,1.7018069512231797,0.7671267850929095,1.2564692336562893,1.0,1.0340768160532134,1.0932317217549459,1.2939821224104697,0.9273846736868857,1.953814095534402,1.269039323830695,1.0993506531771902,1.4110333390384322,1.0555066578595946,1.1116224479255843,0.9029070147892451,1.123914025711775,0.9787329763655602
2022-03-21,1.1177764001343824,1.2979217597953074,1.552356978317282,0.9261923754579482,1.174514922118171,0.7087321631849636,1.175456657732641,1.317539372002493,1.25710158181894,0.9902178006329114,0.7959476838140217,1.1557618807225558,1.280223205565911,0.9195995663471045,0.8075194099993648,1.3597962973525695,1.1868924028624512,0.8547550363615926,0.8712510757077696,1.2646116589064653,0.9948422623448188,1.5291815226223842,1.47436016210371,1.7297762153202605,0.763762658803262,1.2385846704773038,1.0,1.036013961611654,1.0923682524887581,1.3059293136254728,0.9141844428220055,2.0284199465810544,1.2597081230588856,1.089255763588129,1.3963890567056447,1.045911095758567,1.1208034395312336,0.9021318207042035,1.1175937298474943,1.010597114947112
2022-03-22,1.0688613245836045,1.290508215249158,1.54236913162691,0.9317023028120978,1.2049060956280495,0.6971892893971567,1.1799662863849052,1.3591069234092013,1.2647200004734331,1.0018713607594936,0.7978624802484203,1.145138313880069,1.2693413864619048,0.9021478563070545,0.8406694481613357,1.402014372152484,1.1874409389467129,0.8671407157375421,0.8692489970817214,1.2607572230211486,1.0031204361158108,1.5285948878355848,1.4598130561313163,1.7302062892019245,0.7713879125895322,1.2130899069767604,1.0,1.0486049730317943,1.1208647834706331,1.3500425027102971,0.9411988012193969,2.0473769267609816,1.2698876374300379,1.107165956522383,1.4426193495506714,1.0731625015314006,1.1043545971946065,0.9185078327210429,1.1538666665099861,0.994055632488102
2022-03-23,1.0622510919584367,1.3115359174337127,1.6019127394811212,0.922017993153915,1.1849706352789704,0.6848069394777635,1.1729834077168366,1.3409541597658299,1.2609107246527531,0.9911889240506329,0.783501077926247,1.1402692524466198,1.255965638024823,0.9154790820990022,0.8142238302896287,1.3881518971382756,1.1463055631797032,0.8285094887961997,0.8675805573796045,1.2307803024970083,1.0182159688383308,1.5354391553082942,1.5250780215334683,1.7685022566142552,0.7591650468888627,1.2073819663320018,1.0,1.0343994497049152,1.105321215119236,1.3365633299898247,0.9307616207659193,2.0840683186947233,1.271075425761695,1.0876275787092728,1.4216578870721985,1.0501332935776646,1.0967040245991317,0.8920542975986655,1.1436993325662144,1.009900545339334
2022-03-24,1.0800985484857197,1.3258239258798363,1.5988391367570964,0.9185113323258975,1.1733998519701507,0.6696962151522209,1.1824392715231553,1.3617381367184427,1.2625431384461774,0.9827724683544303,0.7844585151492812,1.1486795479779384,1.2693413864619048,0.8556104761310278,0.8060992349585133,1.412726463749011,1.1687929931761065,0.83086860645489,0.8619079604253913,1.253048875022208,1.0639893565274718,1.5413056006563135,1.5301894983445805,1.7667813037335574,0.7558010231546609,1.170852563375066,1.0,1.0440848613445919,1.0850283019073315,1.334724971212906,0.9065098442280547,2.0396309177517558,1.2715841816884028,1.0905583274178976,1.421227095391484,1.042840534698069,1.1104752192277216,0.8943800277351489,1.148095899550783,1.0198255541487402
2022-03-25,1.0655560568939586,1.3267674487507808,1.6215042090357983,0.9208491742766325,1.166150671124391,0.6715851134267838,1.1809847405806893,1.3596335524696264,1.2543804045447198,0.9565522943037975,0.7819051931978505,1.1500073753135185,1.2770492145419212,0.8415522906957338,0.7938064932325073,1.3894123012251154,1.1687929931761065,0.8035907457927095,0.8458910046403914,1.2569033109075245,1.0732414068447738,1.5561671127352583,1.5400183087806456,1.8179858967977163,0.7595014800289165,1.1815070064512576,1.0,1.0663615215188031,1.089345912134745,1.3411583230240236,0.9221659428945842,2.0628688200911696,1.2951666859917614,1.0908841077338225,1.3998348412322967,1.026719971556512,1.0703096838234898,1.0672481608180204,1.1357301981787402,1.031665703186678
2022-03-28,1.062912004211108,1.333642176131032,1.5838576015771777,0.9358764809199609,1.1186122984493931,0.6671777867574616,1.1929137661102942,1.364632423058786,1.2756043106097121,0.9581707278481013,0.7873308268183837,1.1553192264603223,1.2838505248255452,0.831372190663718,0.8012566783449154,1.3850009764639504,1.1907318870882482,0.8265927316708325,0.8462247252584763,1.2748895260746118,1.0625286904595799,1.5237062646122557,1.4975568954045826,1.7805507345027551,0.7686967551354383,1.1822682123417112,1.0,1.071849850313635,1.0837329660598125,1.3678102911935182,0.932296221869434,2.0367774268357324,1.296863313190447,1.1016299208873839,1.4006959854584753,1.0343966093556407,1.0691621037897663,0.9532947042576154,1.1415007972659699,1.0208701528446924
2022-03-29,1.0853867547694622,1.3541306659292731,1.55350927402646,0.9358764809199609,1.0904517977936543,0.7057939967244111,1.1939321320135603,1.3864684506366964,1.2973719999742006,0.9639976265822785,0.8023305206225799,1.1407117712577328,1.299493607815329,0.8505203965036291,0.8440945601398259,1.4177670951258554,1.194022701047767,0.8484149509410602,0.8689152764636365,1.2723201116597445,1.0523026148443955,1.4865522407148326,1.4600096467687083,1.7616179520759323,0.7916847121519897,1.2583714933330887,1.0,1.0537703520224,1.107911952788393,1.403651769690306,0.984482686399073,1.9595217008077677,1.3175614849037833,1.112701832890545,1.4357281098488046,1.0754650696049493,1.0442979478003915,0.9920543345690055,1.1860178426084418,1.0177359305639777
2022-03-30,1.0605984581136136,1.3694968356677466,1.6222722809189094,0.9445590041679501,1.0555998111335958,0.6862759970485419,1.2080433954194547,1.3854159975128815,1.2924742266464588,0.9581707278481013,0.790522206216828,1.1566470537959026,1.323297985795669,0.8202226136979688,0.8370170754114403,1.3818508616745913,1.2236400266834357,0.8553450581845737,0.8585710810211573,1.3018692154654277,1.0484068855317974,1.554993745681635,1.5048302680323962,1.7672115419537318,0.7957216021662992,1.2180367578925015,1.0,1.0560304473850668,1.1010035389177038,1.3910921093770665,0.9387429334177476,2.041261590865138,1.3233299012628659,1.140055275148592,1.381744554805232,1.0482140165539406,1.035499795171193,0.9986434842918571,1.1774990953799032,1.0579579668145782
2022-03-31,1.0457257626906202,1.3657226124438309,1.6199675016160417,0.9216839282197371,1.0337128448859565,0.6713752700533852,1.1981510134038638,1.38225896014025,1.2968282166747047,0.9403669303797468,0.7788295831173385,1.1185792613227314,1.3289656288029423,0.7954995897637923,0.8448395058402469,1.3604264098532153,1.233512468561992,0.8599158399908466,0.8552343650052309,1.3181423829349317,1.0500219557321269,1.553625028659127,1.475736296565453,1.722891253427896,0.7748642858146435,1.1773212452645339,1.0,1.0398880156141408,1.1014354054990352,1.3849651348373984,0.9101937864960913,2.038407975260851,1.3109448378856787,1.1387524724185674,1.351163615097514,1.0439919363087848,1.0217288347665103,0.9796512292083431,1.1563398403587895,1.0588284231085858
2022-04-01,1.0546494404952411,1.3581740342558613,1.6284187348289128,0.9317023028120978,1.0249298967146172,0.6587830254415974,1.2049882977096569,1.391467160226449,1.2870321380717529,0.9287136075949367,0.7749992881435134,1.1017583993578535,1.318310265804414,0.8165868679167333,0.834781965269603,1.3730291075800019,1.2307701906867348,0.8861615953347898,0.8535657619148064,1.3155729685200643,1.0490478560584582,1.591561037312234,1.489889860546297,1.6858863293531094,0.7867506670975363,1.2020549190360599,1.0,1.0466675903589604,1.10057180428461,1.361989598777079,0.9255427962632425,2.0693918866094902,1.3131503868917136,1.1283322803140934,1.3607828727591342,1.0409212576743452,1.0217288347665103,0.9628876940896627,1.1497447380739763,1.0839020308771612
2022-04-04,1.0741492281132232,1.3670708410198216,1.6257302953535127,0.9213498632855592,1.0197719650126371,0.6642396202969091,1.2022242121393736,1.3814690970493158,1.3104331721377354,0.9267713607594936,0.7855326578302848,1.094233344625442,1.3251117147629343,0.8146478548264849,0.8414870226545406,1.3560158909770164,1.2362550148012827,0.8846870602237124,0.8475594443425083,1.3262791761783606,1.0470998054626932,1.5878458786225527,1.4845823942924026,1.69621319700687,0.7894420809402447,1.214992515137868,1.0,1.0508649103181988,1.0820059615533184,1.3417712678633649,0.9580825995108131,2.0587921373077136,1.3251959755365865,1.1306117072911244,1.3464256750963437,1.0390022157985046,1.0481230584301986,0.9724806839217102,1.135455391758208,1.0677086627448968
2022-04-05,1.0916662789731912,1.392950795980503,1.6295715941916256,0.9173429218409551,1.0246511558055171,0.6573138652328276,1.2393211082335598,1.3883096398555965,1.330568314721932,0.89925625,0.7871286205703512,1.0915774867776002,1.3727203320487185,0.8018015451697484,0.844466987483274,1.3459336432528133,1.27903586463906,0.8784942205357376,0.8552343650052309,1.3669626186238129,1.0490478560584582,1.6162003807179832,1.5054200399445723,1.714716069890539,0.7931424865367774,1.2035772146555308,1.0,1.0434392778886639,1.078551688643855,1.3478981472548122,0.9448825560666831,2.1068984904116594,1.350305411142634,1.170339386481845,1.3296276539276093,1.0466787360236915,1.0741347944532968,0.9560078835552601,1.1321578825837948,1.0656192948758492
2022-04-06,1.0754713553726898,1.4102042749411419,1.6376387914629411,0.910663869315268,0.999139492623378,0.662140929967943,1.2545961553199598,1.3791017617682115,1.3316568122289936,0.8846895569620253,0.7801063221047236,1.0676742920681044,1.3846226597137847,0.7693222912062342,0.8269594438272716,1.3276602016485362,1.2905539147704008,0.8770197546841769,0.8522312062190818,1.3750992023585649,1.0461257057890245,1.5839347850838406,1.4973600642893465,1.7336488523173619,0.7843959427834963,1.1464994344680486,1.0,1.0776609708364313,1.0742341443905605,1.360764279987722,0.8966865604422081,2.1142366441101443,1.3609937643808148,1.1758751832165881,1.2974673642915635,1.037083173922664,1.0416201829804008,0.9346900462166219,1.1327074954248593,1.0637038989316028
2022-04-07,1.073157910193237,1.437971670864127,1.6026808113642323,0.910663869315268,0.9799011508260987,0.6623508759793332,1.2663797630723252,1.3717355558979478,1.3327451767491878,0.8905963607594937,0.783298325596526,1.0889215612041985,1.378388113730888,0.7727156973654272,0.8083340720597763,1.3383725618733853,1.2834234824030684,0.8770197546841769,0.8549005626929922,1.3588259301347225,1.0480738307605757,1.5557761203574163,1.4837961519817569,1.7323578089798177,0.7856293258528023,1.148401810306284,1.0,1.071849850313635,1.0673257964939902,1.2944102894047318,0.8911610218816537,2.0983371448457424,1.3552255139023737,1.1664317746259578,1.2734346996550923,1.022881887804831,1.0301443826431653,0.9181201617378426,1.1310586569016658,1.0600473346836259
2022-04-08,1.064564638055931,1.4732877767152204,1.665681682115001,0.905988389609968,1.0079222277714777,0.6707456886141931,1.2937295183431239,1.3943606415697574,1.3300239994749679,0.9158477848101266,0.7871286205703512,1.0915774867776002,1.3897236770952268,0.7712613042964825,0.8213718504997279,1.3635772409847664,1.2795842665413049,0.8784942205357376,0.8585710810211573,1.3408395054589581,1.0548920822215393,1.6310617953169038,1.5392320664699997,1.7431150791922632,0.7933667752968134,1.1674277757559235,1.0,1.0831492996312635,1.0992765344112096,1.3048290195984402,0.9025193753228908,2.152558335092477,1.3642173228821894,1.1833648655126936,1.280615549054646,1.0317095744928506,1.0412378124517645,0.9135659334585642,1.1431496357891633,1.0687533466794206
2022-04-11,1.0480395106241973,1.463582348981998,1.6403279824763874,0.9190124297271643,1.0102921113127377,0.666758100010664,1.297511793231637,1.4030425345943454,1.324582176873996,0.9229700158227848,0.7817023628564597,1.1114967931269932,1.3823554638359792,0.7462959407402634,0.7889639366189094,1.379960255544332,1.2499666725416025,0.8684678665970286,0.8462247252584763,1.307007939540824,1.0685288082708255,1.591952322130149,1.5201637365543577,1.7362304459769193,0.7828259727409677,1.1678084367818682,1.0,1.0912205155167265,1.1109343591165248,1.3131032991884428,0.8856354833210994,2.121575047185156,1.3581096806117545,1.1700137654327574,1.2948334310592238,1.0393860947180378,1.0408550905872673,0.9205426802239367,1.1475464545816918,1.0569131124029112
2022-04-12,1.0546494404952411,1.415865543906946,1.6637609387536887,0.903650853953488,0.9985816912703183,0.6556350156076461,1.297511793231637,1.3662108612453983,1.3098887239039039,0.9109916930379747,0.7734032473917773,1.0827244692584876,1.3534500684741968,0.744114410359628,0.7938064932325073,1.361056611896635,1.2505153428078808,0.8619801198868383,0.83821632906013,1.3108621659174637,1.0539180569236566,1.6036852128261876,1.5567275510475846,1.714716069890539,0.7697058494447084,1.1670473470528508,1.0,1.0834725655880149,1.0824376302122936,1.3143291888671254,0.9049749619934147,2.139513199561945,1.3455549213385705,1.1615472199893897,1.2672593601953097,1.0416888979394696,1.0515660327552765,0.8700582024059558,1.123914025711775,1.0715394546333898
2022-04-13,1.0612595722023677,1.4166744283564852,1.6764376946307398,0.8856180859814939,1.0055522377185977,0.6713752700533852,1.2956206557873804,1.3633165749050549,1.3164193099856714,0.9304158227848102,0.7622315862229831,1.0561654844267105,1.3432483110611049,0.7419330576473371,0.7919439924611678,1.3698781869056766,1.2494181364573411,0.8799688249063317,0.8335446488777102,1.3164295447460252,1.0568403559446633,1.6222619810748382,1.562232088894559,1.711273671113612,0.7707150463094243,1.1423137894427609,1.0,1.077983999678789,1.0845964353260003,1.3164744006565987,0.905896134981174,2.1611199300349213,1.3336789456493738,1.1654548318452767,1.2678336393191163,1.037083173922664,1.0316745674294325,0.8723837846610799,1.10962459546002,1.0762407028158902
2022-04-14,1.0655560568939586,1.4201791112573134,1.6841212317295229,0.8892913708842602,1.0167047498963375,0.6644495149893036,1.289656143022578,1.3743661252095611,1.3273033541482162,0.928473496835443,0.7625508099756643,1.0703301499159459,1.341548018158923,0.7426601949590279,0.7964139397042679,1.379960255544332,1.2433850446225652,0.8929442490671955,0.8318762091755932,1.3147164970484417,1.0568403559446633,1.6302795181211467,1.5704885349482542,1.6914800835694193,0.7690330857200464,1.1347033567983307,1.0,1.0721726420415991,1.097549397956478,1.3308767014167,0.9055890460817958,2.147666565128857,1.3448764695158657,1.167408717406639,1.2919611571696898,1.0532036194902794,1.0282318273282618,0.9053294593346596,1.1101741243650975,1.0816383501290256
2022-04-19,1.0609291665350526,1.4153265950009097,1.7117800864400272,0.9026491696413794,1.0155895732366975,0.6596224502541881,1.279909178784226,1.382785106202454,1.3055351328362594,0.9410991297468354,0.7877669120523739,1.084052296594068,1.3239780474865834,0.7635050742671448,0.7867289174905969,1.3887820096389214,1.220349212723917,0.8773148002254259,0.8155256961608159,1.2971585176171656,1.0675547829729428,1.6249999025199755,1.5767788341501865,1.6867469701319688,0.7673510738529455,1.125190548315665,1.0,1.0818581327194072,1.097549397956478,1.3354735974153173,0.8782679736265269,2.183542869882435,1.3123020732923707,1.1625241627700709,1.3031631680578288,1.042840534698069,1.0397075105535436,0.9253876432554454,1.081595431733561,1.0694498310486271
2022-04-20,1.057623999763448,1.4112826997137682,1.69641413954953,0.889959296556446,1.037755706439916,0.6801898207540382,1.266234257002568,1.4154076110537688,1.3088003593837096,0.9469263449367089,0.7944699867653202,1.0707728041781794,1.338147432354559,0.7865314247331155,0.8034915154461784,1.42343882397386,1.23022178878449,0.9029706030059046,0.8295405733197677,1.3078646205211235,1.073398934760238,1.5782639821447788,1.5771722559028145,1.7043887092212475,0.7778919789642371,1.1350839016628393,1.0,1.083795041163454,1.1109343591165248,1.3615211840853563,0.8871701781349892,2.1154598359775765,1.3143379264024089,1.189552063612449,1.3307371291379302,1.0662533864234547,1.043150367766668,0.9052326709850488,1.112922104634433,1.0186066425737001
2022-04-21,1.0520051859763078,1.415865543906946,1.7071699641807574,0.8852841231454011,1.045980746746576,0.6938313848708111,1.2691437603500904,1.4125139687110535,1.3055351328362594,0.9598757911392405,0.8314962755278562,1.0738715194649355,1.317743778853479,0.81107346384692,0.7982766225026572,1.426589028305993,1.2296733868822454,0.9094583497160948,0.8455573657164602,1.2937325269763373,1.0860616355116415,1.4388384982149458,1.5850354004428038,1.7284850076442058,0.7883206884177879,1.1777017901290425,1.0,1.0879923611226925,1.1316592048838794,1.3606016716781235,0.9040541638471558,1.9968192023916207,1.3304553871479992,1.18141105958475,1.347827285032042,1.0183788058390981,1.0519484032839128,0.9360465619247647,1.137653759186479,1.0003239065723883
2022-04-22,1.0473780937813193,1.385672285076174,1.681047629005498,0.8869538352277803,1.0225600131733572,0.6818687216982153,1.2671072051285945,1.3767339434888863,1.3033581378221366,0.9491924050632912,0.8244741330855683,1.0654610884824964,1.3290790648680255,0.7894999074347925,0.7777888409773469,1.4032745971537754,1.2373520869698058,0.9050349521614129,0.8438888443201894,1.305294996597579,1.0772953334549131,1.3533842919908852,1.545719076548246,1.7035283971194088,0.7941517346792163,1.1560124752735863,1.0,1.0908978028268936,1.1126615615453752,1.3416022846229627,0.8890120555586324,1.9417708302031385,1.3223118917675263,1.1905290063931302,1.3244180826674306,0.990346473945732,0.98806629192403,0.8873063447388062,1.1156701688397554,0.9862201620248866
2022-04-25,1.0450646486018662,1.3794716719839182,1.593844978556271,0.8969722098201409,1.0049945428771578,0.6877450546193203,1.2650704733220626,1.3196441172507163,1.3088003593837096,0.9388329113924051,0.8085144276732357,1.077412618111684,1.3387140579803902,0.7759253944562976,0.7369623580803355,1.3749197137102613,1.2422882408180755,0.9312806382458393,0.8372152489000291,1.3074362800309738,1.0665806832992741,1.2606947284362489,1.4501804756158774,1.7160067845510625,0.8088417254625584,1.1643837653241618,1.0,1.0476363607335086,1.0735864104926822,1.3140228115956756,0.8619979782923665,1.832286305201209,1.3365633611797165,1.1902033853440426,1.3040247514192578,0.9696101342153574,0.9800334073558955,0.8413760212594242,1.0865418633671542,0.9353768883113881
2022-04-26,1.022590200797636,1.3926812556574155,1.6318763734944932,0.9023154110014566,0.9966300788601382,0.6707456886141931,1.2762723216729526,1.2466374066344315,1.3093446746306738,0.9333295094936709,0.8053225021931031,1.063247749445768,1.3625187133105228,0.7773798467480237,0.7308533027624972,1.3881518971382756,1.264227268912234,0.9188950973889232,0.8388835252138386,1.3348439956489238,1.0500219557321269,1.295111220808632,1.4918558871591385,1.697504240344414,0.8168033098334366,1.0783866663398658,1.0,1.0489276857216272,1.0414198712330345,1.3164744006565987,0.8193278960699462,1.8952857985927931,1.3477603874042847,1.1944365386155984,1.3179554389700259,0.9588579972501806,0.960142059142005,0.8150194963086964,1.0975336165725227,0.9494805476203181
2022-04-27,1.0219291876269234,1.4169439686795726,1.6368701559262955,0.9136692285458486,0.9892413677923986,0.6707456886141931,1.3071134279852672,1.2793917700001112,1.3142423149715485,0.9330057753164557,0.809791088648951,1.0579359660245244,1.3704534135207054,0.7805310317307372,0.7345783043051763,1.3969735616900911,1.2730025044402506,0.9127021884414316,0.832543650411763,1.3532586560604993,1.0256708026545611,1.3713748153728338,1.4877276040128298,1.707400869778,0.8023378129210221,1.0422375759245666,1.0,1.0624872304019224,1.0355909918674364,1.3066681395611268,0.7981463525532375,1.9558386588729852,1.3458942301902435,1.2022520012276288,1.3146521538321523,0.9419618576024369,0.9427370562598798,0.7982558133086569,1.148645680263821,0.9881355579691331
2022-04-28,1.0460561683579352,1.4236836624180034,1.6787432254716534,0.9093281200689816,1.0197719650126371,0.6837575686537827,1.3168603922236188,1.299781137406071,1.3198782983984592,0.9449839398734177,0.8375610587587797,1.0123429156422612,1.3891569127944996,0.7514429926834991,0.7491059286392077,1.404535001240615,1.2773903905682924,0.9155064370141142,0.8418866839999876,1.3566847514556664,1.017878302768356,1.3506465655057966,1.5256677934456442,1.7297762153202605,0.8242045825260084,1.0570777801874822,1.0,1.0611958263756724,1.1821755876100342,1.3213773884820035,0.8187140931126904,1.9711298040985281,1.3536985825996848,1.2087645814762156,1.3301627402303111,0.9607780385045253,0.9368078537149903,0.8072674075769233,1.1700795738334933,0.979951973179172
2022-04-29,1.0490308285441836,1.4406676010555546,1.6695231688376253,0.908326333658788,1.0330157263341566,0.6873253678725227,1.3071134279852672,1.3188548981574102,1.3024615403642736,0.9566384493670886,0.8318155772922071,1.0327048085283277,1.3534500684741968,0.7558062311131147,0.7524584573316764,1.3736592200806477,1.2625816606594495,0.920225641964729,0.84222056800638,1.347263355759142,1.032489128491311,1.4024666540332555,1.5394282963906258,1.7095523895558933,0.8340722624131317,1.048325945272398,1.0,1.0757239833542533,1.1912426746461924,1.3278125481093193,0.8190209945913183,2.0278090987769204,1.3635387051788435,1.2169055855039146,1.317811841743121,0.9680740894544876,0.9375730632200775,0.8070736829963425,1.1860178426084418,0.9935331200436966
2022-05-03,1.0487002210407859,1.4401283886692415,1.7025600298059989,0.9240216680723872,1.052532809040536,0.6841773067195759,1.3055133026805255,1.3491095847293997,1.2796016298604456,0.9676454905063291,0.8327730925269111,1.0663463970069635,1.3540169714498205,0.7264755563299263,0.7479884645818138,1.3969735616900911,1.2346096749125317,0.9355628156459187,0.8545668420749073,1.3172860162176476,1.0422296045974948,1.4001202123660819,1.6286762374042967,1.709982792114578,0.8205038692631381,1.091324262441674,1.0,1.0792751665906453,1.2218982086641303,1.348344297262833,0.8279232928101558,1.971537659409269,1.3559042145460403,1.2077877183289532,1.326428663411723,0.9734501579370758,0.9612896391757286,0.8158914787433486,1.1931625577343192,0.9829118825807989
2022-05-04,1.0351493501231352,1.416135215970172,1.7094753071371596,0.9073244451505095,1.0494657004358563,0.6736838037557499,1.288346941564833,1.3559503690347912,1.2774246348463227,0.9737963607594937,0.8356458722660323,1.0344755610283827,1.341548018158923,0.730838913205105,0.7351742608655132,1.386261470093564,1.2170583987643984,0.9376273725799773,0.8318762091755932,1.298871355806072,1.0373593293565095,1.3717659052307,1.6351633677214645,1.7018069512231797,0.8123178935767781,1.0707763498568716,1.0,1.071849850313635,1.2279427574239192,1.3311836495774754,0.7889368717246467,1.9666443931864848,1.3316431754796563,1.2009491984976042,1.311205491034999,0.956937955995836,0.9333651721697964,0.8063954251422711,1.166782148595067,0.9562713341490097
2022-05-05,1.0176325010992497,1.4169439686795726,1.7617196017186547,0.9073244451505095,1.0443077687338762,0.669276579724419,1.295184314163144,1.3364817572376884,1.2926643978663852,0.9780050632911392,0.8436255299430242,1.026950438570411,1.3608182817334444,0.7179915967610824,0.7131220478625565,1.3245100868591768,1.2417397047338141,0.9382173251434417,0.7748492783710317,1.3267074119141717,1.0432035555195909,1.3770456183118955,1.6469585654871368,1.7237520585452657,0.8141118959907282,1.033866285873991,1.0,1.0805668077312887,1.219739271602186,1.3048290195984402,0.7861740087339943,1.973984167832398,1.339617057904453,1.214626078893465,1.264530573748868,0.9481058014980331,0.9268622967199986,0.7920542606283257,1.1167692266499107,0.9543560234433348
2022-05-06,0.9574802016463567,1.3913335540419784,1.7667135720349687,0.9063226587403159,1.0360827284272165,0.6497586313675455,1.2867465513825371,1.320696328875421,1.2556533548364233,0.9598757911392405,0.832134567009879,1.008801681544392,1.3370137650782081,0.7136284175542483,0.6858546688755043,1.3200986725552382,1.1978619169095306,0.9326132606071469,0.7828615141946043,1.283026319318041,1.0266448279524434,1.3643350029711911,1.6774285511769016,1.64586908038306,0.8067110847976627,1.0201676000431656,1.0,1.0702357335975525,1.2089449821371774,1.2714272366349575,0.7585459879449099,1.9882558618134833,1.2837995491695933,1.1905290063931302,1.2457170315642734,0.9208415801655583,0.8788551205679274,0.7781977772692302,1.1821707205929641,0.9472170373493259
2022-05-09,0.9260820760375056,1.3668011689565958,1.7094753071371596,0.9200141140392728,1.0175412921584974,0.6577337059366122,1.2633248419475633,1.2962294099870832,1.2512990988344432,0.9378617088607595,0.7986195835034963,1.0313769811927473,1.336447000777481,0.6966603799709974,0.6563524072804267,1.2860721498064933,1.1825049192804598,0.9320233773031993,0.7678385311783287,1.2667528375855215,0.9867089726056129,1.2906135899631448,1.5915226509988938,1.5477624407949975,0.8154577311063896,1.010654675399064,1.0,1.0670071840128623,1.1808803837107527,1.2322026679941747,0.721708439472047,1.8698005149874672,1.264797921714622,1.175223941118413,1.2162759771829714,0.9031773887438941,0.8800026420456741,0.7606589741248289,1.214046922398914,0.9033385220893201
2022-05-10,0.9098871524370041,1.3810891774027194,1.7160054212196956,0.9256913801547664,1.0012303157206783,0.6608817670895591,1.269580455144399,1.3041220034186616,1.2518435470682745,0.9407753955696202,0.7906396917914951,1.0313769811927473,1.3460822712396379,0.703205089558467,0.6578423896947935,1.2829221245599083,1.197313380825269,0.9273044493906513,0.7608278656797796,1.2791720929414012,1.0003454011517536,1.285138331953016,1.5921124229110697,1.6084337537495885,0.8299234331296959,1.0224508692302179,1.0,1.082503637137204,1.1968557526693624,1.2441538554344573,0.7180247314799483,1.8573637334957938,1.2602170448662346,1.1859700728056495,1.223313119571808,0.9158495081764446,0.8763687166801853,0.7582364556387348,1.20030718892421,0.898985729187852
2022-05-11,0.920793869753763,1.3514347357378456,1.7797751153916213,0.9213498632855592,1.026742191926057,0.6707456886141931,1.2656524976010923,1.3139878055829124,1.2512990988344432,0.94886875,0.7855326578302848,1.0242945807225694,1.3591178501563663,0.6981147730399421,0.7019469522209939,1.2948941725294052,1.2066371524375472,0.9411666724036633,0.7464727323704424,1.307007939540824,0.9983975736833478,1.328745435985258,1.6508900175182097,1.6828743331348672,0.8276806480847821,1.040335083924895,1.0,1.0941261943353213,1.233555835447089,1.2597822361696829,0.7299968878784412,1.9409554936464473,1.2756559708487996,1.1989956314699166,1.2383928045054398,0.9319777136242097,0.8765599605004802,0.7800388262508637,1.2069022912090233,0.9327650079979352
2022-05-12,0.9131922182905675,1.3432120432618806,1.7213836153620765,0.915339042726313,1.0172625512493974,0.7081024791077802,1.2461584808318709,1.2717621690999314,1.2251735628225637,0.9417465981012658,0.7785103593646574,1.0327048085283277,1.3500494826698328,0.6998115649537109,0.681384721632404,1.3087570057147093,1.1989589890780534,0.943526205619454,0.7494772799572054,1.2898780910910206,1.0354112043849584,1.2681255332157335,1.5734038478499086,1.6411359669456094,0.8272320705647103,1.0722984131534705,1.0,1.0773382581465984,1.219739271602186,1.2199450081342214,0.778192696082166,1.8553249556951428,1.258859975340184,1.1862956142213181,1.233940631768515,0.9189216564851552,0.8842104159840015,0.7885658872456395,1.2338322292533532,0.9059504876413448
2022-05-13,0.9250904553633953,1.3864806425651597,1.7697871747589935,0.9390489747157156,1.048071782867116,0.7414719375928168,1.2768540810744282,1.3191179711885124,1.2480334733263918,0.9731490506329113,0.8145790548808196,1.0570506575000573,1.3829225054864989,0.7327780447409163,0.7152080778507848,1.3232495932295634,1.2258341710204816,0.9523746629572193,0.7508126525944674,1.3181423829349317,1.0811913602706564,1.292373396843519,1.6306150900207768,1.6574869913743646,0.8403519887500778,1.0783866663398658,1.0,1.1021974102207843,1.2551440185323939,1.2508953923332227,0.8070487444824502,1.8812179699229465,1.2973721520574757,1.2055082913519222,1.2602222178064735,0.9550179735284621,0.8937736024503569,0.8125000415916322,1.2530679232667281,0.926322676750276
2022-05-16,0.9194718434123377,1.410743487327455,1.7959091341652296,0.9574160118180576,1.0574121063450357,0.7511259644250563,1.308131793888533,1.3116202288026975,1.2561978030702545,0.976062579113924,0.8260700178139648,1.0827244692584876,1.3925574985988636,0.723324489792776,0.719380092320479,1.3238798848157571,1.231318860953013,0.9476554580066044,0.7628309246356727,1.3357004671205464,1.073398934760238,1.3095816430297103,1.6449668077449977,1.7172976635500963,0.8371000068404483,1.0981738376799588,1.0,1.1057487515334385,1.268528847744203,1.227015853025685,0.8021370088791517,1.9450330492477494,1.3121324603366946,1.2172312065530022,1.2541904755735958,0.9688420236544661,0.895686274877214,0.7817830129422069,1.2871424925009491,0.929630870955792
2022-05-17,0.9320312954919608,1.4137092213222469,1.8058972626823688,0.9293646650575328,1.0864089362396947,0.7513357564794594,1.299257601191172,1.3217487819992362,1.2518435470682745,0.9877170094936709,0.8235165398391946,1.0628050951835342,1.402192491711228,0.7291420620685546,0.7573010139452743,1.3408931909615167,1.2433850446225652,0.92759928715335,0.7568217477679932,1.3378418553082794,1.083139559617994,1.3682459990298788,1.6563695456694179,1.8188468662535964,0.8221858811302389,1.0882802520099122,1.0,1.192917377252399,1.2775959347803614,1.2612162150075767,0.8095046122840995,2.0316829137552475,1.30161372005419,1.2247208888491077,1.2580678202676507,0.992650335332639,0.8909045938100711,0.7869186367852663,1.317919804368717,0.9524407127376601
2022-05-18,0.9198022490796527,1.3808193735993552,1.8212632095728662,0.8886235473101596,1.0818084863559148,0.7209046697309581,1.287619499508564,1.303595776856754,1.246400527585499,0.9773574367088608,0.8174518346199408,1.0579359660245244,1.411827623498489,0.7131435606418186,0.7386013296347864,1.3333316618682187,1.2554514966561505,0.9343829797785067,0.7448033940326342,1.343409024628164,1.0958020372420387,1.3348072313021615,1.6606949004088063,1.8902752850821225,0.813214997339199,1.0426181207890755,1.0,1.1990513685412905,1.2875266230309448,1.2871773119447745,0.7656065024504795,2.031478923755745,1.2761649755964695,1.2504462258617173,1.2580678202676507,0.9772902404457653,0.842897710437884,0.8215116358598987,1.337155414446105,0.9353768883113881
2022-05-19,0.8867516914620612,1.381628521529171,1.7891452917503574,0.8521364483731333,1.0684254078356552,0.7076827923609827,1.2596659999992936,1.2783394778757031,1.2191867600402924,0.9657029272151899,0.8030883259826838,1.049082948505412,1.3681862176428998,0.7104771141259718,0.728022236060323,1.317578849352073,1.232964200841764,0.9069531637366313,0.7167606503442837,1.3177141471991205,1.0568403559446633,1.3559264735470407,1.6227508633304895,1.8640271382042501,0.7741598324572192,1.0167430447468953,1.0,1.174514850118806,1.2750052630853232,1.2713207657757177,0.7502575863937033,2.030459472511288,1.2113557408221145,1.2344899184888254,1.2474404178547562,0.9473378672980544,0.8203285388480259,0.8045543022199579,1.3008823938476266,0.9310238396942049
2022-05-20,0.9098871524370041,1.4145179740316474,1.795292121429384,0.8695063955771927,1.0645219699920554,0.7087321631849636,1.2832355111094944,1.2910991638817797,1.2327937103063293,0.9799473101265823,0.8123447226470608,1.0300490184060465,1.372153567747991,0.7218700375010497,0.749478492502943,1.3251400202742751,1.2395455603967682,0.9205206182464613,0.7257742931045723,1.3331310527056788,1.0578143812425458,1.3780231479965126,1.6404448623682175,1.8971600826359765,0.7887392171922308,1.041857031060058,1.0,1.1561126391377383,1.2663697787340213,1.281270129795494,0.7459597943132232,2.0280128393998953,1.2208564716092793,1.2455615915917302,1.2523232724885827,0.9634660139588487,0.8078962851854081,0.8072674075769233,1.3030808452118843,0.9487843189668267
2022-05-23,0.9198022490796527,1.4288058507376329,1.8344790061134801,0.8748511282297836,1.099513486874094,0.7297192204316112,1.2963298212924117,1.3180655180646972,1.2523874633546377,0.9961341772151898,0.8222397228401397,1.0327048085283277,1.3885901484937722,0.7410197239104992,0.7576735778090096,1.3673580950741893,1.2389974268585568,0.9231751277439841,0.7411311601272402,1.3451220723257475,1.0646327070792956,1.4290612517682877,1.6860564152605075,1.9277106117155938,0.7937859194039314,1.0388129044668601,1.0,1.1599868512164877,1.2996161163952349,1.3344361963623312,0.7591598846125409,2.0918279187246984,1.2393493431375429,1.2481667988846863,1.2783177738565439,0.9899623598783157,0.809044099443039,0.8056201571165501,1.3212172296071434,0.9684598532294082
2022-05-24,0.9145143455500341,1.4285363104145454,1.8179592604377126,0.8628255052859752,1.1346442144432525,0.7185961360285933,1.2963298212924117,1.3651579251233619,1.2583747980843774,0.9854510284810126,0.8244741330855683,1.0282782659059913,1.3863229526159666,0.7400500693084212,0.7513409932742825,1.3642071743998643,1.245579188959611,0.9187508990751014,0.7247728044737026,1.3481198272307646,1.059762506214097,1.417524100961231,1.6656097865825268,1.789156813614328,0.7942343943685574,1.0064690303737762,1.0,1.1525613768632152,1.3289760506691788,1.3328816647284973,0.7324527556800905,2.117925172328532,1.2312056818764285,1.150149925837397,1.264099672284341,0.9680740894544876,0.8149731848759749,0.7759690573043964,1.3140725984172528,0.9648032037428598
2022-05-25,0.9353361595094415,1.4288058507376329,1.8275637287823197,0.8528044250943616,1.142311879443332,0.7360153427375051,1.2912376386060094,1.3714721608680318,1.2404135918163606,0.9890119462025316,0.82734675680135,1.0149989089412232,1.3908572056966815,0.7378685389277857,0.735472284652444,1.3805904575877515,1.220349212723917,0.9160964588370953,0.732117435672798,1.315144732784253,1.0432035555195909,1.448811484550586,1.6823210729111389,1.8356279645640157,0.7834681236650486,1.0551751720263747,1.0,1.189043007097387,1.3332939247930673,1.3518471790170008,0.6876337071346489,2.1236331516666893,1.2327326131791174,1.216254263772321,1.2721423246129488,0.9707621236957816,0.8132518148253896,0.8093023290204967,1.298683942483369,0.9830859397441718
2022-05-26,0.9601242543292073,1.4215269446128889,1.8471572650666235,0.8618233104834416,1.1687995085979908,0.745039736811557,1.2758155844770451,1.381995565110334,1.2349707053204522,1.00649375,0.8327730925269111,1.0282782659059913,1.344948603963287,0.7543517195986069,0.7502234837101263,1.408316034415586,1.1397239352606656,0.9110824853832984,0.7404633104203017,1.2594727253223919,1.0558662562709944,1.4693438970486168,1.7114181705900526,1.7026674276635287,0.7823466798648688,1.1385086892819818,1.0,1.1543089889829539,1.3466787540048764,1.3726783596218353,0.7315318169682689,2.117109212330522,1.2345990192141205,1.1602448154264584,1.3021577679018699,0.992650335332639,0.872352128006176,0.8375969131245076,1.3151718240993815,0.9804741446692905
2022-05-27,0.9531835151186832,1.4261099205462051,1.8287164002605207,0.863493737252416,1.1876193662409504,0.7368547162311001,1.2608298719723172,1.400675038313834,1.2425908528042175,1.00649375,0.82734675680135,1.0229666179358685,1.3194439330807648,0.763078196457838,0.7673586910362054,1.4316301969394818,1.1452087593752136,0.9022340973050499,0.747140255300766,1.258616149096431,1.0422296045974948,1.4873344204305654,1.693330870038619,1.6617898665916406,0.7795430703644195,1.1404112974430893,1.0,1.1604439287294201,1.3535866400826155,1.3708127884537256,0.7364434120060046,2.1456526002926934,1.236295480532165,1.1413577593449418,1.299285494012336,1.006858675886972,0.864701555410701,0.8421512892851452,1.338804085097325,0.9928368913902053
2022-05-30,0.9763189760936261,1.4110130276505424,1.8241059022322277,0.8658320896935761,1.1934747360295899,0.7439903659875761,1.2570471556212137,1.3906772971355148,1.2469449758193305,1.021709335443038,0.8436255299430242,1.0229666179358685,1.317743778853479,0.7822279420900691,0.7830039159479177,1.4423418408221387,1.1484995733347325,0.902529073586782,0.7441357077140032,1.2706071687164995,1.0675547829729428,1.5057158387103315,1.704537257803491,1.6660927418089166,0.7840288968428614,1.159056601866784,1.0,1.1426854042891306,1.3527233027646652,1.3515364249273876,0.7643785685496549,2.146876290913181,1.2447783677046316,1.1494986041058035,1.2965565977820817,1.01799457419774,0.8773250528936138,0.8623063354962215,1.3289114736380987,0.998582738268658
2022-05-31,0.9743360374995295,1.409126113648792,1.826027021362563,0.8651638577271353,1.1784184664733908,0.7334968630237502,1.260393442055563,1.4022534765004462,1.2387807790623349,1.0068174050632912,0.8254318043436117,1.0110148851299998,1.3273786332909474,0.7701077629577373,0.7729461933502242,1.437931411488714,1.1605658911863013,0.9051835138247882,0.7421327304522637,1.248338177173946,1.0519700807036783,1.5201862609314098,1.70748611736437,1.7035283971194088,0.8579347609940207,1.1404112974430893,1.0,1.1562462135795255,1.3596314527388793,1.3369235611543306,0.753020402529168,2.128934397888479,1.2469837508300252,1.154057617326703,1.2893760777339656,0.9972586459761612,0.7453533490154046,0.8400195055512814,1.3366058016050408,1.0011944481049675
2022-06-01,0.9697089453045409,1.407508344749714,1.8141173979460654,0.8648298948910424,1.1696356248136712,0.7148184421174587,1.2423524552560006,1.393308027446535,1.2012254207854085,1.0107022943037975,0.8101104684249717,1.005703237159877,1.2710383511665784,0.7819854247996819,0.758418569016193,1.4284795448934788,1.1408208732471719,0.9113773231459972,0.7347880992531683,1.2134771903713164,1.0393073799522745,1.5057158387103315,1.695886548324714,1.732788375877013,0.8310190842352486,1.140791609984726,1.0,1.156891955111716,1.3661078680799994,1.3328816647284973,0.7496435960156972,2.135458835977701,1.2290002158107143,1.1465679350305975,1.29612591588518,0.9815143194479292,0.7338774901221924,0.8597869547198369,1.318469249337808,1.0025875873205239
2022-06-06,0.9743360374995295,1.3576353488301014,1.839857576024884,0.8701745254455484,1.1944505954904898,0.74524952886596,1.2330411263017407,1.4035686806565493,1.220819306820584,1.0100548259493671,0.8062800954394768,1.008359162733279,1.2784082285245801,0.7921662947278577,0.7923164198046158,1.4517936178746,1.145757295459475,0.9175711324672061,0.7601600976669947,1.2301823647328178,1.0490478560584582,1.5512784895119291,1.7318647992680336,1.7895865588189714,0.8339350432266076,1.1476410690615748,1.0,1.1665785523233614,1.3527233027646652,1.337545449926441,0.7567040636660791,2.2080403730622975,1.2569936522455014,1.1853188307074745,1.3096257019714208,0.9991785108695933,0.7323473638919019,0.9003876340128606,1.3530934314130934,1.037063435738385
2022-06-07,0.9528530085333268,1.3789323278574666,1.8563771338161401,0.8618233104834416,1.1780003018539307,0.7448298934381582,1.2509364304465094,1.392518808353229,1.2099337998025013,1.0081124208860759,0.8014922072192779,0.9800294254014467,1.2545976101739116,0.7795614363514408,0.7762989495765049,1.4366710074018745,1.1495965113212387,0.9134419493395725,0.7551524094301849,1.2391774102716238,1.0432035555195909,1.5712241697431362,1.7556533485427555,1.8261615733506043,0.8290004341172023,1.114535872916601,1.0,1.171744642657148,1.3440876864651259,1.3244869274907758,0.7272340717429764,2.2002929924821704,1.2403671038119206,1.1775035273622816,1.3094821047445162,0.9861222185826556,0.7231668407340671,0.8901163863267418,1.3404529236205183,1.0605696766508879
2022-06-08,0.9432684184760346,1.3897159168830389,1.8748181865067544,0.8675023122663804,1.1749331932492508,0.7442002606799706,1.2737788526705132,1.3685783575259094,1.2034024157995313,1.0061699367088608,0.8056417259457842,0.9844559002982226,1.2409915227342585,0.7703502802481245,0.7882188999049636,1.448643413542467,1.1468542334459815,0.9034137253939117,0.7488095119444206,1.237035498312198,1.0441776551932593,1.5671179211955886,1.7749204333963846,1.7917384072738853,0.8248510407788142,1.1282345587474265,1.0,1.1740048170579462,1.3229313699611525,1.3223105070848318,0.7505644410171437,2.1937693025225307,1.2215352551932668,1.1556857225721404,1.3193914112390739,0.9861222185826556,0.7160899995994772,0.8952520101698009,1.3311098410663698,1.0560425708703318
2022-06-09,0.9227771111019837,1.3554784992848488,1.8406260236770182,0.8424492289195277,1.1565315002257515,0.745039736811557,1.2438074276610571,1.3464790154177864,1.1870741552724073,0.9990477848101266,0.7864901730649888,0.9273240398513451,1.2296531858719957,0.7802886921086947,0.767731300406703,1.4385615239893599,1.144111553024674,0.8948605906354623,0.7344541335526222,1.243032369928633,1.017878302768356,1.5270307233641682,1.7627312126834749,1.7629086667364557,0.815991224535611,1.09665177438336,1.0,1.159152366626908,1.2883899603488949,1.3145377537674414,0.7459597943132232,2.174196736384447,1.2210262504455969,1.1491730626901346,1.2865038038444314,0.9738341544305505,0.7048054430825366,0.8884690619256889,1.328361944733021,1.0273126545694948
2022-06-10,0.9131922182905675,1.327845873523407,1.7964449807920966,0.8354344268412598,1.1138723183436336,0.7167071864350346,1.2633032985731576,1.3130668889746482,1.1745557025134319,0.9725014240506329,0.771807284651711,0.944595209066773,1.2268186709938782,0.7531397253744864,0.7338332675912306,1.3963434491894455,1.1474025011662095,0.8910262452705273,0.7147575913883905,1.2353223458602762,0.9983975736833478,1.4130263726357195,1.7200688800688295,1.7353701338750807,0.816327606397942,1.066590704831584,1.0,1.1572149839540737,1.2560074877985816,1.2604390443388807,0.7167967975791236,2.0612456282736122,1.199649378088594,1.1426603231747106,1.2551956561619293,0.9312096618502893,0.68835677641384,0.8526163354925244,1.293188233752658,0.9907472678054426
2022-06-13,0.880802472007606,1.3178711689473739,1.7576426957030906,0.82207274835691,1.0879424905420345,0.7108308535139297,1.2633032985731576,1.3230642276544498,1.1669358210034004,0.9676454905063291,0.7507407013015077,0.9073959291791107,1.2222833085139937,0.7383532181718709,0.7275751321197833,1.379960255544332,1.1616626949907907,0.8907312689887952,0.7147575913883905,1.2421758984570106,0.9983975736833478,1.376067698707181,1.676226161957379,1.6777108171387318,0.8138604813152694,1.0437597553826015,1.0,1.1530175059185728,1.2508262763567428,1.2567080922991025,0.7057454861820772,1.9625668375851824,1.194559662373178,1.112701832890545,1.230063067506835,0.9246816038872767,0.68051495999807,0.8349806700578327,1.3036302901809753,0.971594075510123
2022-06-14,0.8484128266426858,1.3142318476251402,1.7733941816112355,0.8240769848148496,1.092682470647794,0.7026459355714643,1.245553147328074,1.3691045035881135,1.1326460882345255,0.9546960443037975,0.7430800333421876,0.9003103456075978,1.1911022581057384,0.7378685389277857,0.7253402040049957,1.3950829555598316,1.1276576174090969,0.8830627167779587,0.7110852757888428,1.2023405471361002,0.9896311228750466,1.351233200292596,1.7102387470046228,1.6372633299485078,0.8095987384859719,1.0254948796619796,1.0,1.163026815820051,1.2944346410569212,1.2563972430612684,0.6860988717551962,1.9707220734760507,1.1699592315148004,1.069066302943681,1.2457170315642734,0.9273695793415999,0.6908432974135357,0.8519380036977734,1.3558414956184155,0.9672410268929399
2022-06-15,0.8626244079769253,1.3285197243311258,1.744964248865436,0.8391088858720039,1.120564123882813,0.7410521995270236,1.2502091649752762,1.3959395627545905,1.151696190970205,0.9699115506329113,0.7485062130444093,0.9290955373325638,1.1996062187647798,0.7608965476316395,0.7408363487630988,1.4246989594323776,1.145757295459475,0.8792285099320571,0.7234375135305943,1.2284690027722187,1.002293749250664,1.388778509007934,1.6805516369356894,1.6983648811232734,0.8135239968974927,1.0582194147810084,1.0,1.178202611245972,1.318613759733739,1.2971264856681088,0.6836430508087347,2.008644013884786,1.1898092555094353,1.0798124346309175,1.2656793515641065,0.9588579972501806,0.7204890173580994,0.8787791358626714,1.3794739244883325,0.9811706290384969
2022-06-16,0.825442467583359,1.315579812720854,1.6473817306925413,0.8340981671045483,1.070934715087275,0.7431508898559896,1.2163095175449594,1.3459527888558789,1.1331905364683568,0.9213512658227848,0.7153101412440287,0.919795666566478,1.183165477772113,0.724536543239678,0.7009039372268798,1.3566461825632101,1.1463055631797032,0.8807032528216846,0.7074128784951415,1.2258988550769818,0.9691761453647969,1.34810457890969,1.590114653222833,1.6493116434984973,0.7970381577021755,1.0083716385348838,1.0,1.1494656903771312,1.2806183411084933,1.2710099165378836,0.631763534612911,1.8920237042364458,1.1638515892443655,1.040410217222447,1.2132602158503454,0.9369697856133233,0.7118822256611497,0.8438954020358087,1.3426513749847762,0.9479136921956757
2022-06-17,0.8543618442610584,1.33768554445762,1.570544480859594,0.8407790063467233,1.0868273138823943,0.7681254843871707,1.2247479866657107,1.338323348955106,1.135911846729444,0.9427178006329114,0.7293547381752836,0.9113815106782214,1.1718271409098502,0.734232556255424,0.7116320654481897,1.3648376450716058,1.1452087593752136,0.8874868069278078,0.7054098195392482,1.2237571526262332,1.0110600513073924,1.308017283598245,1.492010634651691,1.6660927418089166,0.8058979226676558,1.0521311615946132,1.0,1.1514027568974403,1.2590301580231884,1.2784719157656605,0.6535590216524381,1.8806063739892303,1.1867553929040575,1.0338974777070227,1.213834494974152,0.9381217163067768,0.7214455292394586,0.8499031561948795,1.3552919667133378,0.9014232113836453
2022-06-20,0.8695653490235322,1.355208827221623,1.6216411768446994,0.841447034116994,1.116103097709393,0.7582615115435409,1.2360961357190208,1.4140922458982585,1.1380888417435668,0.9469263449367089,0.7296738839162951,0.9228955331877595,1.176929406365358,0.7269604724651376,0.7225091828095839,1.3906726157691809,1.1298516275641262,0.9013491684598532,0.7200990002432852,1.196772016009815,1.0461257057890245,1.311537092319042,1.5393913830415866,1.7349395669778855,0.8076922327479434,1.0791478722303194,1.0,1.171744642657148,1.3039335946744108,1.2986813027466058,0.6529450312744322,1.9277030015332917,1.2003280787322606,1.0544126390339765,1.2564881409878852,0.9481058014980331,0.7149423610097767,0.8866279390033759,1.3657341070776419,0.892369085061105
2022-06-21,0.8748534543892335,1.3651836635377945,1.6527601127194338,0.8344322830877687,1.118194133829933,0.7534345494464169,1.2305675231158641,1.417512678300806,1.1440761764733067,0.9427178006329114,0.7280777651528892,0.9082816440569399,1.1661578338038225,0.726718132843095,0.7271282557130554,1.39445293260196,1.1150427634732667,0.9019391210233176,0.7020715513344005,1.185207032284449,1.0422296045974948,1.3195546293653504,1.5545300645099853,1.71858837821062,0.8082529546480333,1.0749621110435954,1.0,1.1820770604391153,1.3285441840878474,1.2905975098949394,0.6557078942650844,1.9678677097421808,1.1972741331865622,1.0475743581028836,1.247871429103096,0.9411938058285165,0.7126472594983064,0.8801357994521735,1.3602382304749576,0.9141341576698775
2022-06-22,0.8867516914620612,1.3889070324334998,1.595132363229235,0.8267493511411452,1.1246068789251529,0.7521752839300415,1.2408976594359804,1.4038320756864655,1.156594363258548,0.9320344936708861,0.7357385891355488,0.9175814470974654,1.1712600992593305,0.7073259883660399,0.6955397365959376,1.4366710074018745,1.1155912324665198,0.9051835138247882,0.7217682568869397,1.172785262824445,1.0480738307605757,1.25424164830143,1.507148955403324,1.797331997151685,0.8095987384859719,1.054413966135921,1.0,1.1827230390856995,1.2767323335659362,1.2710099165378836,0.6989919668655106,1.832286305201209,1.2047391767443303,1.0599484357687197,1.2592170372181397,0.9262175898611757,0.7120734694814447,0.8343992744940517,1.318469249337808,0.8739121214192768
2022-06-23,0.8778278118213577,1.3991512773326205,1.5590191752114193,0.8237430219787568,1.0740016106687151,0.7515457024908496,1.2509364304465094,1.3854159975128815,1.1560503139853178,0.8935101265822785,0.7338234026428013,0.9056243639723317,1.1599216930596197,0.6675721040326332,0.6962848188166458,1.3805904575877515,1.0764082721334745,0.9101974872785851,0.725106688480095,1.1612199648360637,1.0422296045974948,1.1971418466927757,1.47706890453745,1.7827019256036276,0.8134119550729205,1.0582194147810084,1.0,1.1733589964876245,1.2443499929638602,1.2399187129718805,0.7011408394781569,1.8055777050401864,1.199649378088594,1.058320410156701,1.2152706868108252,0.9062495370526046,0.7214455292394586,0.7931201894655975,1.32286598419435,0.8549330715259017
2022-06-24,0.9088955317628938,1.4525294831136148,1.6039691354597538,0.853138438979497,1.1078778443794937,0.7618293620812767,1.2775613041440623,1.4135660998360544,1.20013679029148,0.9058119462025317,0.7437183248242104,0.9335240439961494,1.1916695771060504,0.6801770808546131,0.7347272934452606,1.3957133366887995,1.1104231450023876,0.9211104322908922,0.7407971944266941,1.1946303135590663,1.063658607405627,1.1990972959821073,1.5197312371520955,1.746127404087526,0.8381964783895677,1.0958905684929063,1.0,1.1872430717347708,1.2724147233385226,1.2794045586273841,0.7312248217792657,1.819645658398297,1.2413851962475808,1.0742764786293368,1.2464353470502352,0.9392737645741719,0.737128986403068,0.7843023937185913,1.3569407213005444,0.8669474482043558
2022-06-27,0.9115396853637858,1.4565733784007564,1.6231780721489677,0.8497979938338883,1.1057867017473337,0.7662365861126076,1.2833811937642878,1.416986049240381,1.216465050818604,0.9262071993670886,0.7437183248242104,0.9370667680563455,1.20187396934217,0.6976299161275124,0.7517135571380177,1.3950829555598316,1.1356600987029497,0.9155064370141142,0.7534832344806841,1.2220440001743111,1.0899578110789576,1.225496251308182,1.5397848047942144,1.7685022566142552,0.8375236633871828,1.1031205724342639,1.0,1.188534633837283,1.3078194702687305,1.2815810741815492,0.7287690008328042,1.8461502685598168,1.2403671038119206,1.075253421410018,1.243993755057603,0.9473378672980544,0.7407629117685568,0.7927325924230767,1.3635357396493708,0.8794840816114999
2022-06-28,0.9128618126232525,1.4538774482093288,1.6727374970607816,0.8571470139934614,1.1154059791575932,0.7698043853313478,1.2846904835145507,1.435928595474983,1.2050353615404241,0.923293670886076,0.7433991790831991,0.9454807207679211,1.2132124448793289,0.7007811011102258,0.7841212889917868,1.4108360367042991,1.1252359674627395,0.9181610850306705,0.7478080233135508,1.1744985200307057,1.1191793137732948,1.2344914155191318,1.561214506898077,1.8050774354843984,0.8393180760229162,1.0993152399506128,1.0,1.2098449738190142,1.33977020818595,1.3039666912719967,0.722629331328681,1.876732559010903,1.2486804609690316,1.0850225306831545,1.247584015081661,0.9634660139588487,0.7262269760826942,0.8443799353092994,1.3753519960523226,0.8967221336782881
2022-06-29,0.9105481656077168,1.4900019115494076,1.6788850782778544,0.8628255052859752,1.092682470647794,0.7626688382128632,1.3043316839113728,1.452503001431446,1.2170096320393025,0.9207037974683544,0.7398881078620551,0.9344096234228579,1.2228502114896174,0.6842979204394046,0.765123580894368,1.39382273055854,1.1477296369229193,0.9158015518148799,0.7494772799572054,1.1984852732160756,1.1016463377809063,1.2131768233053684,1.5637698244674063,1.7641995457354895,0.8430188918412322,1.0662102761285113,1.0,1.2153340139570274,1.378629228025621,1.2915302479048838,0.7121921040200158,1.876732559010903,1.2128825891844826,1.0749277207275119,1.2353768236051885,0.9415778023219913,0.739041717385902,0.8158914787433486,1.35639110845948,0.8876677516400328
2022-06-30,0.9171583982328847,1.455764362211079,1.6396978178247352,0.8534725549627173,1.0673101246643952,0.7647675285418293,1.284399471375036,1.409093214309692,1.211566612556527,0.9061356803797468,0.7325465856437464,0.9034102122288793,1.192803105707505,0.6607850548231211,0.7569285866018262,1.375549736668133,1.1192011983527548,0.9099026495158864,0.7491433959508129,1.1646470030202771,1.0928799613483913,1.1486461194372048,1.526808740576049,1.7211701362086875,0.8346078582289925,1.0312027041453022,1.0,1.1856284807899007,1.3354525979585365,1.2476914662892709,0.7085083023175419,1.8149565068632785,1.1979528338302288,1.0524589127394517,1.2152706868108252,0.9196895906851339,0.7015714550387302,0.803779034194237,1.3712301515522998,0.8560646988035403
2022-07-01,0.8960058758520384,1.4495637491188231,1.6297093135385727,0.8511342535705998,1.0678677129942153,0.7826065246355299,1.2989486656704916,1.4059368209346887,1.2028581005525671,0.9103441455696203,0.7344616941248241,0.9184670942497342,1.215480056781823,0.6656330317196033,0.7681036367366263,1.3749197137102613,1.119749868619033,0.918455992052886,0.7458049643576576,1.1787820296865414,1.0958020372420387,1.103474461013449,1.5118673711785742,1.7512905914066408,0.8523272343267845,1.0517505005686683,1.0,1.1853058471381992,1.3233631045942462,1.2486243945956572,0.7223223829948655,1.7385007807355637,1.1901484814207877,1.0925122129792597,1.2181429607003593,0.9315937171307349,0.6985103242384971,0.8341085397418213,1.3349569630818474,0.8417869823312374
2022-07-04,0.9247599487780389,1.4568427869837055,1.6927156329401756,0.8601531900087223,1.0840389461868147,0.7769400350878237,1.3113153572121037,1.4198803355807244,1.2170096320393025,0.9174663765822785,0.7277588534468871,0.9228955331877595,1.2205825995871233,0.6855098554407436,0.7587911328799282,1.3988640782775768,1.1252359674627395,0.9190458753568337,0.7438019054017645,1.192917056352806,1.102620437454575,1.1107097208640004,1.5785154448999428,1.7607571469585626,0.8528880075045973,1.063927239264331,1.0,1.1878888923050925,1.3462467554753075,1.2582625287847156,0.7042106508026247,1.7727527714772104,1.1859070793047146,1.1042352078137585,1.2254671877591927,0.9369697856133233,0.6994669532318096,0.8385659796714889,1.345399187382138,0.8418739256743522
2022-07-05,0.9307091682324942,1.455764362211079,1.5490303890984898,0.8534725549627173,1.0279971118309166,0.7744216066930645,1.299676107726761,1.3762076364272753,1.1914284112743871,0.8831504746835444,0.7213749244749522,0.9326381936671996,1.2086770823994446,0.6661178886320331,0.716847185925523,1.3415233034621623,1.1235902250279384,0.9166863421410429,0.742800335076741,1.184350246549811,1.0958020372420387,1.0188025319851457,1.4678281826686537,1.6351116458321042,0.8527758631245793,1.0460426760853456,1.0,1.148174128274619,1.2780278013616926,1.1886181224249324,0.6946943153505934,1.631055033534285,1.189978951405432,1.0882788208074479,1.187840213173816,0.8970333272743564,0.6870311276546059,0.7666667282838997,1.3036302901809753,0.808094646864269
2022-07-06,0.9703701603113362,1.479757666650287,1.5169123773337252,0.8611553848112559,1.0236751898329972,0.7712734942211219,1.3022949521048406,1.364632423058786,1.2338823408002577,0.8960998417721519,0.7437183248242104,0.9507950100348963,1.2290862828963722,0.6682993597898871,0.7329392417372006,1.3308111223228614,1.1241387611121998,0.9382173251434417,0.7655015882160431,1.1834937750781886,1.1055425133482224,1.0281887860539618,1.4495446521965938,1.619621097843698,0.8682524541774577,1.0273974878230872,1.0,1.168192985191969,1.2482360005064173,1.2054075969003755,0.7266201282201579,1.6655111389636983,1.22526765256167,1.105212070961021,1.1861169366671458,0.895497341300457,0.708459043256237,0.7957365064729519,1.304729515863104,0.8161912030725437
2022-07-07,0.9654124606129499,1.4832620860708385,1.5624768138769998,0.8588172365662657,1.052672126239276,0.7558252961798858,1.3031678119383492,1.409093214309692,1.2246295135493337,0.9168189082278481,0.7229709652266882,0.9472521505235796,1.2222833085139937,0.6930243380758542,0.764006207850499,1.375549736668133,1.1213956110538341,0.9217003155948399,0.7748492783710317,1.1839219060596613,1.076321233781244,1.1013235642752088,1.5148163509783752,1.6708260195848776,0.8580468028185928,1.0555558330523194,1.0,1.1688387267241596,1.2888219588784637,1.2383641813380466,0.750586650376055,1.7666364380752573,1.1938811276101526,1.107817198620558,1.2148396755624857,0.9296736170894194,0.7212775321419612,0.8261628743108267,1.3404529236205183,0.8462269742915354
2022-07-08,0.9783022174418468,1.4886538147135555,1.5701605388602944,0.8745170632956057,1.0592245080680955,0.7753507884291265,1.2765430265333144,1.383310930265844,1.2202751245604868,0.9200563291139241,0.7248859956960961,0.960537602788776,1.211511458602666,0.6937515346103266,0.7573010139452743,1.3787000305430401,1.1115204184439353,0.9211104322908922,0.779523082601449,1.1723569223342953,1.076321233781244,1.1046478280670724,1.5199280682673313,1.722891253427896,0.8604019373544162,1.0220702082042732,1.0,1.17239046322747,1.2508262763567428,1.2476914662892709,0.7671640157407191,1.7588888081186025,1.2003280787322606,1.1029327236174085,1.2121109988998564,0.9381217163067768,0.7333306358546678,0.8442829990783294,1.3753519960523226,0.8418739256743522
2022-07-11,0.9753276581736398,1.5034811672861308,1.5601716588051089,0.8681703400366512,1.052532809040536,0.7814393767164279,1.2867273036136009,1.3883096398555965,1.2371479663083091,0.9184376582278481,0.7239284024497225,0.9530092295039091,1.2296531858719957,0.6726626574422842,0.7524584573316764,1.379330143043686,1.1340140879041152,0.9340881420158079,0.7731798583390697,1.1980571422346027,1.0782692100012228,1.0655384523603424,1.512260552453358,1.7818414491632788,0.8639907626258829,1.0254948796619796,1.0,1.1662556025191348,1.263347504354127,1.2368095545559918,0.7579544412017531,1.7378889354253197,1.2105075101630922,1.1371245264399674,1.2067973525853155,0.9392737645741719,0.7283564812917167,0.8405039648840924,1.357490250205622,0.8377820480407999
2022-07-12,0.9683869189631156,1.5048291323818446,1.5351996465516569,0.8678360709063032,1.0604791084380956,0.8095729120276433,1.2676681274958088,1.3938346565069604,1.2338823408002577,0.9307396360759493,0.7216940702159637,0.9530092295039091,1.2347554513275036,0.6651482340299552,0.7517135571380177,1.3856311785073703,1.1427921412544824,0.9441160196638849,0.7868676321063907,1.2113355926749063,1.0539180569236566,1.0678849915075403,1.482573562623346,1.806368150144922,0.8726261362758815,1.0235921553394358,1.0,1.1830455936992699,1.2516900095194057,1.2560860132305505,0.7686990385409219,1.7209666183333396,1.2206870245342445,1.1573139074509964,1.218430045370356,0.9573219524893107,0.7318000411765629,0.860271414052648,1.361887068998151,0.8322973721459782
2022-07-13,0.9432684184760346,1.480027075233236,1.538273155333426,0.8578151438618172,1.040125589981176,0.8005449769428884,1.2330411263017407,1.3869941137006794,1.2322492620724979,0.9207037974683544,0.7185022227475008,0.9512379351993712,1.239290813807388,0.6726626574422842,0.7357703084393747,1.3604264098532153,1.1493757819037704,0.9450009485090816,0.788202923049499,1.215618892822065,1.0509959810300094,1.0500901105345493,1.4831633345355222,1.8149740649179844,0.8689252179021196,1.0064690303737762,1.0,1.1833686225416276,1.2456451968631417,1.2439606093977136,0.7585684315797592,1.7062871937297763,1.2288305199147174,1.1468935560796851,1.203925188479594,0.9381217163067768,0.7306521098069784,0.8583334288400445,1.3508952318567957,0.8343867400150259
2022-07-14,0.9376498065249771,1.4525294831136148,1.4878681561774971,0.8571470139934614,1.0144742900654375,0.8015947069998391,1.222129230580149,1.348057695103509,1.2376921485684063,0.9152003164556962,0.7194598159938745,0.9295382593203578,1.2438261762872722,0.6440593568619127,0.7220621698825689,1.3276602016485362,1.1537648756699623,0.9426415538123243,0.6454851154068801,1.2241855978707215,1.0354112043849584,0.9963143777577099,1.431064290609298,1.8412217187803257,0.8703833512309679,0.9855405729244652,1.0,1.1656097819488132,1.174403836421395,1.1929711535332626,0.7594893234363933,1.6363557810030198,1.2220441770006158,1.1371245264399674,1.1782181011330677,0.9154655704699408,0.7300782612341398,0.8267442698746077,1.2904401695473358,0.7952097286532357
2022-07-15,0.9554969602981361,1.4975504897373773,1.5287454378117766,0.8648298948910424,1.0476535117360362,0.8099927527314279,1.2506455948920305,1.3520037905700395,1.2578304828374132,0.9449839398734177,0.7376536196049567,0.944595209066773,1.2534638042226645,0.6556945606362516,0.7290652965611996,1.3642071743998643,1.1148121045865627,0.9470655747026567,0.6282922539727458,1.1886336514513085,1.062684507731958,0.9972922973624245,1.4670420605969297,1.8743543345350313,0.8765514459651252,1.024733673771526,1.0,1.1991899223853455,1.1968557526693624,1.2330786976644348,0.7926442415864716,1.6589869502510037,1.243421049357619,1.1416833007606106,1.203494287015067,0.9392737645741719,0.7383049075295726,0.8700582024059558,1.306378186514324,0.7972990965222834
2022-07-18,0.9716919848166788,1.4956633122553504,1.5651660048904459,0.868504404970829,1.0749775766412348,0.8070535085719658,1.2545454754145953,1.3675257434026873,1.2496662860804175,0.9485450158227848,0.7395688841093739,0.9543377340950925,1.2545976101739116,0.6733898539767564,0.7528309756886493,1.3925624160144745,1.1427921412544824,0.9376273725799773,0.5802188390313099,1.2079087639993698,1.0665806832992741,1.03151314732585,1.5034134928150331,1.9061957426136824,0.8669066190617961,1.0414764861955492,1.0,1.2011270679437858,1.2218982086641303,1.2150455407929919,0.8104494939967728,1.7117920558862774,1.240536882648238,1.1690369819189137,1.228770582680879,0.9557859077284407,0.7538019224629862,0.8933140249571977,1.3107750053068528,0.8202829102289525
2022-07-19,0.9746666450029271,1.513994952508339,1.562860943760811,0.876187183770325,1.1028593363878736,0.8169211250642898,1.2878724575727962,1.3769971775193954,1.2578304828374132,0.9660267405063291,0.7475486978097053,0.9592092336487132,1.2551647904993275,0.6910850880944798,0.761771143215424,1.4366710074018745,1.1471812350206745,0.9473604124653555,0.5772142505974702,1.2169039142925144,1.0724250582139279,1.031317699876941,1.5161924854401185,1.9057658330705287,0.8844018602327208,1.0871387335778222,0.9761634568068001,1.2272805484550773,1.2603252299742325,1.2287258568525463,0.8442181213937319,1.7103649987076062,1.2469837508300252,1.1638266469664207,1.2658231683586365,0.9772902404457653,0.7809694949125396,0.9093993022218066,1.3410025364615827,0.8196737101571475
2022-07-20,0.9921835949448539,1.4716700078161424,1.5755390148294426,0.8678360709063032,1.098816368322294,0.8085230793327012,1.2826730877694732,1.3622642827806468,1.260007610838403,0.9644079905063291,0.7507407013015077,0.9578806613319696,1.2483615387671565,0.6983571126619846,0.7491059286392077,1.4215482178436007,1.1576050308058428,0.9293689370651931,0.5838911954779344,1.2246138336065326,1.0841135849158765,1.018411344647255,1.5275954638423825,1.8894146443032631,0.8731869094536944,1.091324262441674,0.9826496934100466,1.2059703665496087,1.2624839031397017,1.2110039298118216,0.8583396189567467,1.7372774641798674,1.2444390588529586,1.148521740958541,1.2480148067623755,0.978058174645744,0.7934053790457203,0.8917636367871148,1.3355065759229119,0.8168006588600637
2022-07-21,1.0166410822612222,1.45495547776154,1.5586349513853524,0.8721788129525306,1.1080172680898537,0.813771883574442,1.2614418274149681,1.3769971775193954,1.2801460780942768,0.9815660601265823,0.7670193964315122,0.9592092336487132,1.2256847263677348,0.7175067990714341,0.746498482167447,1.431000084438836,1.1614455884877735,0.9246498013740949,0.5827226423026379,1.2301823647328178,1.1035946858798165,1.0276022487471868,1.5095082835298708,1.8743543345350313,0.8722896518581047,1.088660680712985,1.018971964773326,1.2091992322868237,1.2676652465297777,1.2256167935848785,0.8752240732207891,1.7117920558862774,1.2578421317254855,1.1208426776514067,1.2445681439652223,0.9953385459348457,0.8010581182123375,0.8948643391866009,1.3107750053068528,0.8170619150822663
2022-07-22,1.0120141919023162,1.4511813862777627,1.5670870300785253,0.8665001174638468,1.1002104989142738,0.8169211250642898,1.2588423190983427,1.355423900973773,1.2834117036023283,0.9679691455696202,0.7599970979658848,0.9760372745229852,1.2511963309950667,0.7252636213285873,0.7468709095108951,1.4183974762548233,1.1822933142401268,0.9243548943518795,0.5793842515565596,1.255454139388637,1.0958020372420387,1.0424638583061558,1.507148955403324,1.8752149753138907,0.8773363027920823,1.1019788216793018,1.0264310972540351,1.1978983602828333,1.236577977878746,1.2178440402674884,0.8712332294741245,1.7215785883318466,1.262253063856914,1.1250759105563812,1.2416958700756882,0.9857382808761516,0.8014407815208581,0.8972869316133746,1.434432942323135,0.8309043181689937
2022-07-25,0.9974714984744725,1.4571121955666546,1.589753793317831,0.8845381945362618,1.1202853829737127,0.8150316622807743,1.2599977149896326,1.3851527634823724,1.2763360043523941,0.976062579113924,0.7507407013015077,0.9795802017598623,1.2574324024018215,0.7318084493616198,0.7348763280921071,1.4505334824160825,1.170772312104419,0.9364476059720819,0.5797180947158751,1.2391774102716238,1.083139559617994,1.0672982592407163,1.5205175997016633,1.9027538368522865,0.8784578491477079,1.1065451277305343,0.9891357319481715,1.203387321382715,1.2758688642997484,1.2358769116942683,0.8528137992650671,1.7648012762093173,1.2629315986199394,1.1332168349506615,1.2583551245052729,0.9799782746870593,0.8052670632702015,0.8909884427020734,1.475652394555207,0.8444858912263767
2022-07-26,0.988547921587893,1.485418803875953,1.6032003120385967,0.8641618671207717,1.0935187998867142,0.8068435625605757,1.2673636066010312,1.3798906588627036,1.275791822092297,0.9699115506329113,0.7590395827311808,0.9499092951570671,1.2733061017439686,0.7187189117411178,0.7332373565376562,1.4454927614964639,1.1779043546559516,0.9399869750552847,0.59674405499389,1.246030753359681,1.1035946858798165,1.0759024310738243,1.5277918140019306,1.9229773339396328,0.9043640726531493,1.0308220431193573,1.0017836754528684,1.1972525397125116,1.2508262763567428,1.2206422542973219,0.7843554651937645,1.7892672332584496,1.2646283087589458,1.1390783323679108,1.2503126917442902,0.9669220999740631,0.7748472333120736,0.8497094316142988,1.4729043303498845,0.8398717568641343
2022-07-27,1.0120141919023162,1.477600817105034,1.6270195588715919,0.8721788129525306,1.0989557920326538,0.8209102532376897,1.2679411279616402,1.3791017617682115,1.2834117036023283,0.9780050632911392,0.7689345049125899,0.9631947474222636,1.260266917279939,0.7211428409665774,0.728916261914353,1.4713277321940388,1.1614455884877735,0.9659419789480158,0.6039217850368661,1.230610600468629,1.1143090385323098,1.0852886851426407,1.5458791145533644,1.9574008286933724,0.8961769688568852,1.054794627161866,0.9842711535282974,1.2046788834852276,1.267233775793159,1.2330786976644348,0.7742248113774142,1.8227038874434056,1.2778616027951553,1.1589420923298523,1.301726866437343,0.9849702291022312,0.7758038037494095,0.8466085813334536,1.4729043303498845,0.8336903408843911
2022-07-28,1.02853931933405,1.4651998544007991,1.6320140928414404,0.8708426553139041,1.0479322526451362,0.8274188361857628,1.2586978725388018,1.3506884254145295,1.305726899898591,0.9838322784810126,0.6814759339849649,0.9676231863602889,1.2636684738085764,0.7727742686963657,0.7307042681156505,1.4492737051286608,1.1757099419548722,0.956798891626102,0.6289598177501463,1.2468874343399807,1.113334938858641,1.1124700151444966,1.5311340953154375,1.9113594229483282,0.8904576567536915,1.0620245149417875,0.9583266032455545,1.1833686225416276,1.2236251471965056,1.2253058491988233,0.7769876743680664,1.832286305201209,1.3114536767527072,1.1244794562502758,1.2760198888746292,0.9845862326087564,0.7824999724786909,0.8375969131245076,1.490766076196585,0.8424834667004438
2022-07-29,1.040437657324919,1.4616954349802476,1.6742742044805383,0.8771893785728587,1.0956099425188741,0.8448447656831107,1.2475769001344519,1.3514776445078356,1.3204224806585563,0.9987240506329114,0.6687081540527647,0.9786944868820331,1.2829437296793607,0.8096191300007569,0.749478492502943,1.5664750779626548,1.196009265804981,0.9800993167617934,0.6403105668610279,1.2635925039471434,1.11138681388709,1.1537303850694915,1.572813594982045,1.886832721966685,0.8979718942698478,1.0764842905016303,0.9463272239816457,1.1617352537175387,1.2180122011215733,1.2312131264963246,0.7954069171563737,1.8832567477235975,1.3172220931117897,1.15184229525173,1.2995724688985204,1.0022504828173915,0.8117721052911415,0.8650194408531867,1.4893922119658976,0.8574577527805248
2022-08-01,1.0678697039094942,1.443363399506844,1.6412345252444918,0.884204333798254,1.1138723183436336,0.8379163420312531,1.2231680803476042,1.4343499962889639,1.3166128058772748,0.9818897943037974,0.6639202658325659,0.9764801996874602,1.2687707392640841,0.8013775692767371,0.7253402040049957,1.5860091922820934,1.2036897102587587,0.989242473343224,0.6374728387362306,1.2640209491916317,1.10456848805034,1.107776741890052,1.5427337845940154,1.9104991108464895,0.8947196559716036,1.0749621110435954,0.9651370724529147,1.1701302888266718,1.2266474215764,1.2246839604267132,0.8027748016924469,1.8785674715003153,1.3251959755365865,1.1619402905441207,1.294115115573262,1.0103145267543032,0.8224858581460381,0.8627907208883528,1.460538545041855,0.8470105724809999
2022-08-02,1.0417596836663443,1.4530684320196514,1.6642857001943758,0.8875446768457776,1.1154059791575932,0.8257391654566503,1.2240348479973668,1.4059368209346887,1.314979993123249,0.984479667721519,0.6501950096714968,0.9773659145652893,1.3005182766232746,0.7812581690424281,0.7138670390697399,1.5828585402360902,1.22124595114151,0.9939616782938389,0.6406444100203434,1.2845809784558038,1.1016463377809063,1.0911550330106354,1.5859862498376023,1.917813982282008,0.896289267070072,1.0540338859171567,1.006972684541978,1.1811082110264357,1.2585982914418572,1.2333897371987108,0.7877323185624229,1.8284126149111453,1.3082303670722946,1.167152218164988,1.3040247514192578,1.0083945442869293,0.8243991161326635,0.850775286510891,1.4687824019138749,0.8358669078122686
2022-08-03,1.073157910193237,1.4371630498948649,1.6677431509754448,0.8818657771609238,1.1384083350881122,0.8186007957934025,1.2108920652220363,1.4296145207297204,1.323688505127209,0.9809185126582278,0.6703041167928311,0.964966177177922,1.2852116189316471,0.7846519305383102,0.7272772903599021,1.576557236144084,1.211370691440603,1.0039899022394996,0.6436489984541832,1.276870954387447,1.1211273643690598,1.0864619547162395,1.6148866366402024,1.839500437222607,0.9005509586216466,1.0449012738146917,0.9956218695188572,1.1846601056060087,1.2901171627777452,1.2508007198533804,0.8083006213841266,1.8188300724650783,1.3133199169070693,1.1531450979817548,1.3163757596902603,1.0245226321607528,0.8351131617674442,0.8797481284689733,1.4866439798886018,0.8355186230083794
2022-08-04,1.097615397509605,1.4449810366657836,1.6385453342310454,0.8801956566862045,1.1325531783227125,0.8190207391351785,1.1976043061320567,1.4227739779234396,1.3161533362515085,1.002932594936709,0.6897748154146379,0.9698374735548618,1.2908806486878823,0.8047712123270562,0.7302572551886355,1.5752971902283404,1.2228919619403444,0.9875788597514872,0.6570027248268043,1.2862943404164027,1.197102899495405,1.1208782521285738,1.604270020787506,1.8511185125524219,0.8946925813339038,1.06012190678068,0.9897845932866421,1.1840141269594244,1.3009113202945164,1.2480026009717677,0.8215010396697572,1.8746937812102515,1.3175614849037833,1.1612888891791084,1.295633974620837,1.0341226620715636,0.8255471646142016,0.800872204256691,1.5003839651712658,0.8410035546189163
2022-08-05,1.0797680419003635,1.4646606420144859,1.6519916650672997,0.8751849889677914,1.143148208682252,0.8020145990226195,1.2038148901446832,1.4256681032643759,1.2976464848678566,0.9903069620253164,0.6833911204777122,0.960980527953251,1.2721721571178253,0.7928935504851116,0.7254891476383174,1.595461148420103,1.2047873191553484,0.9748948103774858,0.6536642523865721,1.270017716053728,1.1717778698715293,1.1330023301625032,1.6166560726156516,1.8029257513679948,0.890766758867431,1.0361493227381713,0.998540656183806,1.1872430717347708,1.3125689470774753,1.2498679818434362,0.7990909531347854,1.9034410344836616,1.3050067256305995,1.154773999561379,1.2901757430250775,1.02337076025427,0.7993362211579609,0.8042636414084072,1.5182457110179663,0.857980009509215
2022-08-08,1.0936491166492466,1.4441720204761062,1.660827873644284,0.8755191560000544,1.1570889820439516,0.821540142590856,1.1983266272222786,1.435139537381084,1.3052671642990903,0.9993715189873418,0.6932860426591214,0.9658518920557512,1.2869121891836215,0.8142248264979781,0.7468709095108951,1.6011320713831412,1.211919361706881,0.97990947642645,0.6623441745287759,1.271302632769839,1.1717778698715293,1.1533392952116253,1.6369058701783967,1.7857142504988905,0.8977207359830037,1.0566973514844096,1.0027568684280135,1.1840141269594244,1.3108418765968624,1.2750520032601587,0.8199660637247419,1.8975283170164192,1.313998783431377,1.1645462941712639,1.299656014379923,1.0429548165693663,0.8025887128904424,0.8401163678415717,1.5264895678899861,0.8632037701361209
2022-08-09,1.064564638055931,1.4614257629170218,1.6785004786827642,0.8808639907507303,1.1561132290946714,0.8192306851465686,1.189227730066463,1.4561863458656883,1.3145203905106158,0.9916017405063291,0.6894557476852963,0.960980527953251,1.3067543480300294,0.7848942701603527,0.7369623580803355,1.6030223193423048,1.2201487447909702,0.9825643322215565,0.6568358236706849,1.2820110402692437,1.1445044177729569,1.145321855645341,1.661481503436218,1.809810548921849,0.895814332800421,1.054794627161866,0.985892712679109,1.2040330629149056,1.3216362980101084,1.28811014510294,0.7779086599350756,1.8932470207921421,1.311962681500377,1.179204974986347,1.2926177741529603,1.0368107550998285,0.7974229631713355,0.8203489926136958,1.580074637558114,0.8679921321388795
2022-08-10,1.0959627636647822,1.4581907520794193,1.6669745154387992,0.891887214695835,1.1832977637778905,0.831827702424956,1.1240901014551667,1.4338236892273528,1.3123431295227588,1.0055226265822785,0.68019911698591,0.9800230591987769,1.291447551663506,0.8006503727422647,0.740687405129777,1.620666006617032,1.231669881108695,0.9684054014388942,0.7397957057958244,1.2837245069841812,1.1591151691201254,1.1564680140745558,1.6563695456694179,1.7108431042164167,0.88571969771167,1.0833335172556071,0.9064375026800687,1.2056474167453821,1.302206524193798,1.4454318292492865,0.8147473329324404,1.9162856712860759,1.3104358331380088,1.1511907346198802,1.3062634629261711,1.0798193029605354,0.8125371976842751,0.8289729158987619,1.5883184944301338,0.871126183942451
2022-08-11,1.0979459040949615,1.4162353384753266,1.7009521141563746,0.8852064265027025,1.1780170241782442,0.8595412943943953,1.0110023955526,1.444084342437367,1.2932920958790095,1.0061699367088608,0.6795607474922174,0.9751516273707163,1.2835107713298806,0.8050135519490987,0.7375582691339099,1.616885152527609,1.2234404980246059,0.9648656860581077,0.7458049643576576,1.273444439974926,1.1532709429570445,1.1760227994079453,1.6813476185990133,1.6729773750242605,0.8795507825339461,1.0369104124671888,0.862007534595292,1.2140422937782527,1.2940888047264387,1.4404571948135085,0.8076865372957454,1.9352467661787074,1.3004260146628535,1.1554254009263916,1.3101417956745398,1.0790511923996442,0.7893875606961978,0.821317911279318,1.6061802402768344,0.8389373716413658
2022-08-12,1.0886917197049844,1.4440047105003873,1.7021047856345757,0.8798616938501116,1.1962820627934994,0.8490437372299094,1.0471095325193704,1.4482935109349995,1.294380726372938,1.0084360759493671,0.6728578288026106,0.9747088376573622,1.292014731988922,0.8004079146746591,0.7427733896112431,1.6490208005177722,1.229475334225599,0.9598510892686604,0.7538171184870766,1.273444439974926,1.148400593340273,1.1588145532217538,1.6931452211431246,1.713424697875974,0.8760740503647744,1.0361493227381713,0.8808173830665611,1.2140422937782527,1.3087700253716668,1.4547591142005105,0.7926442415864716,1.9262758196663567,1.300765406454847,1.1648720744871885,1.311577987511213,1.085579250362657,0.7891961997639492,0.8237404297654121,1.6556435493809258,0.8438149784286747
2022-08-15,1.098606917265674,1.4777052870347547,1.6767462009986625,0.8892150015166671,1.1960031088611596,0.8578617263032742,1.0153352625837146,1.4390857938470214,1.3025455880642691,1.015234651898734,0.6795607474922174,0.9800230591987769,1.3056206807536785,0.7904694435913073,0.7381543167077714,1.64272003368241,1.236058974874887,0.9660455219255198,0.7711768810773302,1.2760142734071473,1.1561928700991193,1.1345666895939683,1.6732860798378024,1.7418243645317395,0.88213046221842,1.0292999798227584,0.8649263212602408,1.2172713966298616,1.290202665235644,1.454137510873063,0.7935652271534808,1.894062482037097,1.3117931514850216,1.1769246720417101,1.3176110471498421,1.0917234294061364,0.8018233277174248,0.8309109011113653,1.6419035640982618,0.824914433259818
2022-08-16,1.087369693363559,1.4785141714842938,1.6663721576948525,0.8948934928091808,1.1886135457004614,0.8557621635513812,1.029055831597208,1.4464521607166922,1.2976464848678566,1.020090585443038,0.6766880457647659,0.9906512991049254,1.3243291723237358,0.7938630866416265,0.7368133234334888,1.6446102816415733,1.2448368940432375,0.9672254963119654,0.7638324132665424,1.2862943404164027,1.1591151691201254,1.1742627000874981,1.677218493780251,1.7822718517219636,0.8796630807471328,1.0452819348406364,0.8727095873125029,1.228895060361816,1.3018612156562654,1.430508116238395,0.7981699675677763,1.969091026297877,1.3056852603936249,1.1925605345377304,1.3137328241852861,1.0901873258582957,0.8268863398040811,0.8323643530504782,1.6295379466622057,0.856705522385439
2022-08-17,1.0880306056162303,1.48309714741761,1.6767462009986625,0.8982338358567045,1.1759256685228447,0.8612209138045122,1.022123279664432,1.434087245256676,1.300368194089545,1.0210617088607594,0.6610475641051144,0.9795802017598623,1.3209277544699947,0.7730167267639713,0.7074600054717332,1.6559523066531983,1.2486774517251682,0.9751898559187347,0.7698415084400682,1.271302632769839,1.1522968432833756,1.1601832702442616,1.6945215960827122,1.758175553299005,0.883925079965045,1.026255853229561,0.8380087760674745,1.235998533368437,1.2802715811403482,1.426466124664341,0.7871183281844167,1.9845861615229226,1.3194276421178246,1.1938637354348487,1.3153127230326769,1.0840432643887579,0.8092848816197239,0.8091085304992364,1.626790050328857,0.8515666593759275
2022-08-18,1.1029036037933477,1.4847150480568263,1.7040257168803994,0.9042468004757362,1.174670748617985,0.8750776584702361,1.012562700931698,1.4227171451327547,1.3161533362515085,1.044046914556962,0.6597709031293991,0.9800230591987769,1.3237622693481121,0.769380566423265,0.7249312347313436,1.6584727566557815,1.256358164542979,0.9607360873733737,0.7675045654777826,1.2743009114465484,1.1591151691201254,1.1373922455810355,1.7381725331136488,1.7654904247345236,0.883364409342678,1.0129378284246802,0.8308741732885614,1.2338754110872003,1.2854530564786617,1.3664559514165573,0.7650151431280731,2.0316829137552475,1.3241781319218882,1.1958180191633043,1.3133018129369465,1.0393150800572726,0.7964663927339997,0.8100775970462177,1.6199202255594984,0.8616702429930059
2022-08-19,1.1154627531188468,1.516528447109167,1.7278479698655789,0.9049147261479219,1.1522232117151705,0.8801165680195825,1.0293183252533906,1.4124552039274842,1.3264954589306965,1.0310975474683544,0.6632818183272036,0.9720516930238745,1.3248956592746706,0.7555637138227275,0.7143515040622066,1.649651360732288,1.244288492140993,0.984334120652433,0.7751830806832702,1.2725875494859495,1.1630113446874417,1.1121558370258766,1.7609810149355378,1.7788294529450366,0.8981695186139672,0.9992392587552907,0.8305497921356064,1.2335526193592363,1.2582498161466247,1.3589922395208032,0.7616382429042271,1.9864208246358075,1.343688598243888,1.1997270644207283,1.2875901146702902,1.0370105132267158,0.7805867730480424,0.7874031700587569,1.6171721613541763,0.855573468914942
2022-08-22,1.1105054570926258,1.5421408378488364,1.7243899554309756,0.9032445035751175,1.1368860710174746,0.8582816183260544,1.0311962188199386,1.4161387093611337,1.3281282716847223,1.0145869462025316,0.6514717876647167,0.9685089689636783,1.34360442819452,0.7330205620313035,0.7012387304778266,1.6357890648036277,1.2519693391408204,0.9949532667947921,0.7568217477679932,1.2777276353677465,1.1376861663119933,1.1166554174718517,1.765700031905398,1.8128227094786016,0.8986178910231475,0.9870627523825001,0.8538997388412338,1.24130262427936,1.2763854416495535,1.3409554670169643,0.7318604123987447,2.0070130913948763,1.3338487244856911,1.2130826239721118,1.278828049017594,1.0131977925257305,0.7809694949125396,0.779069833644562,1.591066558635456,0.8605379338067938
2022-08-23,1.091996886476589,1.5095186860870953,1.7808704820938075,0.8882127046160484,1.1405113005100735,0.850303464617246,1.0129963054878743,1.3979832892275459,1.2867604459023056,0.9770337816455696,0.6438111197053967,0.9525663720649945,1.3090220986074197,0.7230820317251703,0.7106262749857154,1.638308798464019,1.2289266639593208,0.9725351386426617,0.742800335076741,1.2623075872310328,1.113334938858641,1.1516731666346933,1.8065982190571597,1.8145436623592994,0.8841494712805268,0.9817353566022501,0.8684937711985385,1.2190211427791435,1.2794078479776854,1.3334917551212102,0.7109852080984131,2.0632844060742634,1.3141683134467326,1.2026587687303774,1.274662521815416,1.011661571403948,0.7589675550701396,0.7764535905778871,1.591066558635456,0.8788287674724156
2022-08-24,1.1009205642812097,1.5300087567669969,1.761659478674967,0.8665001174638468,1.1336794321908152,0.8633204765564051,1.0103960908311045,1.371407278106995,1.2927479136189124,0.9851270569620253,0.6485990469314304,0.9290955373325638,1.3005182766232746,0.7242940851720724,0.6928941554572893,1.6181453775289005,1.2185028681741523,0.9831540770064707,0.7491433959508129,1.2550257988984872,1.0919058616747226,1.126436953039583,1.7812335779934876,1.7663510655133827,0.8952530468453791,0.9684172156359333,0.871736790467601,1.2145003987868912,1.262567690270513,1.3222965202963524,0.7162039857459023,2.029440145955094,1.3211242693165104,1.194515136799861,1.2674805745777358,0.996298419594591,0.7448098324385589,0.7781977772692302,1.589692526532795,0.8590572545781211
2022-08-25,1.0960532871478552,1.539714447980496,1.7831758250502099,0.8568129490592835,1.1444151644001526,0.8295182962996643,1.0041850653558877,1.3748280325083564,1.2976464848678566,0.9899831487341773,0.6508334181710242,0.9233384583522343,1.2880461338097648,0.7141132744666782,0.6827615742354546,1.593787952145118,1.1971064721555207,0.9763696225266301,0.7404633104203017,1.23403711488115,1.0919745105255128,1.1422830133649013,1.8067950501723955,1.7521512321855,0.8898695012718414,0.9254187242245033,0.8548727337512574,1.2132084414937228,1.278112380181929,1.3216744412278003,0.6993196251922351,2.059206975161225,1.3075392253805342,1.1873486865502818,1.2732263299787425,0.99245751406831,0.7180250404094796,0.7803294870624145,1.5979362155328412,0.8624540968981854
2022-08-26,1.0752294548276213,1.531895934249024,1.7935498683540199,0.8441194004432895,1.1300544157214558,0.8314078104021757,1.0073629779583027,1.3761433976638666,1.2535572158374857,0.9809185126582278,0.6434919739643854,0.8976532009741103,1.2897468427366354,0.7078108452784697,0.6817184227210532,1.5811833740200774,1.1916203062208057,0.9704702354110195,0.7317834699722517,1.220758978703862,1.0695700692795576,1.1434566728585978,1.8003063567492419,1.7633390692951407,0.8826914405071243,0.915525254715893,0.8636290937461036,1.2122398291954368,1.2729310367918527,1.3076803263355623,0.673225690099602,2.0343331628013517,1.298206863444236,1.1743188276814045,1.2545529817228616,0.9813192642787085,0.7075023557069475,0.7604652495442481,1.560839027480726,0.8675058460874387
2022-08-30,1.0715937814706604,1.4787837118073812,1.7977759546717342,0.8384407049546057,1.1481797110914918,0.8360267252907503,1.0116959332819353,1.393246686672453,1.2486583786148076,0.9776810917721519,0.6444495282049242,0.9109386532393068,1.275006671995943,0.7019930953343464,0.6781422737981709,1.4580302720837777,1.1696751057538792,0.9728299764053604,0.7207666048677625,1.2014836566471236,1.0637254712375446,1.0902453494229962,1.7666832255702016,1.6471599593820938,0.8845981513560445,0.9288433956822097,0.8406033301283096,1.21288572880389,1.282430386254055,1.29741792466887,0.6894960134200754,1.9733726965869456,1.2866687036809412,1.114706922740135,1.256851196056214,0.9782467044612021,0.7132420711108467,0.7577519963059236,1.560839027480726,0.838763058762278
2022-08-31,1.0772128980119247,1.4348382316732011,1.7597383595446319,0.8307577730079821,1.1467853674762722,0.827208838855377,0.9962405045811455,1.391405014455332,1.231240157725084,0.9653792721518988,0.6482799011904191,0.900753135320952,1.2222833085139937,0.706598732608786,0.6732249040671942,1.4430987458907703,1.1592510416046773,0.9804993597303976,0.7084145305143186,1.193773632578767,1.0598291469186558,1.088876047520342,1.7362062660229636,1.6295180559543048,0.8805605434536141,0.9277018772501197,0.8394683179487901,1.2248336859883018,1.2914980010831631,1.302082756497244,0.6934868103115522,1.9299455199569178,1.2773365076252843,1.0765945278144402,1.260585931577678,0.9697970179956323,0.707693775195173,0.7461241589709824,1.6020583118408245,0.8310984063967115
2022-09-01,1.0428371855936267,1.4256716211058769,1.7466745615738408,0.8157259740489129,1.1251742663239974,0.8198604718617434,0.9802070247646386,1.370355146981994,1.2138220698222277,0.9339768987341772,0.6489181926724419,0.8856963210256575,1.2188817519853565,0.6760563004926032,0.6568337778130505,1.4223114804491859,1.1521189990531446,0.929763508531976,0.671022299399597,1.1822087536077395,1.0208647880929722,1.0477938710799384,1.73502660195969,1.6462993186032344,0.8701295265025322,0.9261798139535208,0.8097941023931318,1.223864994651885,1.259545283942381,1.278758977948258,0.702389530227078,1.8031116205596482,1.2671557491493226,1.084412538695869,1.22668677613357,0.9425273882618409,0.7048238882152349,0.6909883687613938,1.5677088522500846,0.8026170457708968
2022-09-02,1.069941046707796,1.4313330218118194,1.7858652039481675,0.8274173278623734,1.175646714590505,0.828258517593332,0.9764514142165788,1.4074555283412893,1.2252526900084773,0.9585807753164557,0.6859445984524825,0.8998676236198039,1.2177476686843172,0.7046594826274116,0.6978114796815036,1.4732547822333169,1.1691263013055844,0.9439223007956048,0.6930668949310248,1.1954872040480429,1.0461915283599337,1.076551258116187,1.7841829185100546,1.6863162388962631,0.8761860409116236,0.9227550844150963,0.8015242893695775,1.227094176541625,1.3009976144418403,1.3266501222940084,0.7364651996682278,1.8490052557350056,1.2827662786552587,1.0967909165663152,1.2558457959002554,0.9782467044612021,0.7119027788090135,0.7274225646990189,1.6034323439434857,0.8188174887046107
2022-09-05,1.0451509335272036,1.4353771805792377,1.804307759714874,0.833764153219413,1.1607280580471286,0.8110425341073744,0.9806404527357789,1.4124552039274842,1.2170882272777475,0.9614943829113924,0.6952012291518689,0.9078387866180253,1.2364561602543742,0.7019930953343464,0.6848476952372077,1.4662280025863534,1.170772312104419,0.9498219649492823,0.7020851125639236,1.1984852732160756,1.0452175030620512,1.0833982550295793,1.8221317651452495,1.6923405600097683,0.870353917818014,0.9410200182164363,0.7982812205842347,1.2425942654200035,1.2953841405739577,1.3226074646824075,0.7539635505999011,1.923454872387173,1.2683435374809797,1.1055859498618439,1.2482327276304228,0.9736377471610008,0.7147726072329748,0.7182170979688126,1.5883184944301338,0.8243919208154127
2022-09-06,1.0560586600243758,1.4173137632479529,1.7739544532246008,0.8548087126013438,1.170348613596826,0.8188107931237883,0.9731292316396591,1.4042980079704368,1.218720907044906,0.9676454905063291,0.6926476731654289,0.9295382593203578,1.2234168371154484,0.7131435606418186,0.6951293111058889,1.4931636330619502,1.1691263013055844,0.9524767514848721,0.7244635921017438,1.1963437802740038,1.064699645287,1.0980705583811765,1.780250624806528,1.7629086667364557,0.8786537300492482,0.9866820913565553,0.8243879366853147,1.244854597897064,1.3009976144418403,1.3558825102155885,0.776680726034251,1.9860743159508334,1.2764880281453002,1.0990711398775335,1.2993687101423006,0.9909212929465276,0.7067371462018602,0.7433139695016879,1.6281639145595446,0.8245660632173571
2022-09-07,1.0646525376699296,1.4019461443679575,1.7389902729370117,0.8327620605149644,1.1439968932690727,0.8083131846403067,0.9709626215390658,1.3761433976638666,1.2301517932048898,0.9653792721518988,0.6990314461140242,0.9166956644940757,1.2160469597574466,0.7080531256777307,0.6836556000894844,1.4837946830754396,1.1619941245720349,0.9586711148822148,0.735151801625681,1.1877770752253476,1.0656736705848824,1.0736168169418723,1.735222831880316,1.797331997151685,0.8805605434536141,0.928462792736983,0.8269824412298695,1.2445318852072313,1.2452961937749591,1.34468718024251,0.7610242993814085,1.9101968939904121,1.2741126173626272,1.1423954624240955,1.2834245874681118,0.9793989290895098,0.693153389255072,0.7437016404848882,1.6364077714315644,0.8068849410549706
2022-09-08,1.0583723070399114,1.4170440911847273,1.7443688428484156,0.7930112431432202,1.159054867011189,0.8202804152035194,0.9708180866870069,1.3827221554343017,1.2377719406886551,0.9854510284810126,0.6990314461140242,0.8750679456683883,1.2086770823994446,0.722354835190698,0.6988544946756178,1.4896502432384682,1.1449866881375785,0.9613259014178046,0.7237956607006515,1.1702151151292082,1.0997674566664357,1.0933756279663172,1.7423016579324113,1.7809809727229298,0.8774198854804358,0.8892695176477681,0.8436841340627543,1.2509902489867113,1.2798395826107793,1.3589922395208032,0.7757596936120541,1.9220269423906555,1.2795422225119604,1.1417439814256642,1.2993687101423006,0.9855442838724059,0.6583331947508548,0.7585271903909651,1.6281639145595446,0.8231723273317991
2022-09-09,1.0881204226730141,1.415426585765926,1.7674226481814612,0.801362253909157,1.1770409516941045,0.826368952171825,0.9739958227043857,1.3814059852817564,1.2470254328739148,0.9951628955696202,0.7050962293449478,0.897210411260756,1.2143463895054722,0.734232556255424,0.716288681430638,1.527125864098962,1.1587025055204159,0.9687003777206263,0.735151801625681,1.1834937750781886,1.1114567271262474,1.145021714650234,1.7727784972407272,1.8696212210975807,0.8867292535204464,0.8953578289148816,0.8464408044256463,1.261000665422027,1.3260419177119331,1.3779622257756912,0.7742248113774142,1.992397382494092,1.288535192656265,1.1661750364840509,1.3209146616391536,1.0074366693841923,0.6707690203280587,0.7600775785610479,1.6652612704836334,0.8466020240069323
2022-09-12,1.1056387854675194,1.431872365938271,1.7839440848178323,0.845455558081916,1.2127342736392155,0.8398059074527601,0.9949403972527606,1.4103499756810398,1.2573672895793686,1.0197667721518988,0.7054153750859591,0.9450378633290065,1.2222833085139937,0.751200593838675,0.727464414166874,1.5780690763403187,1.182841984506405,0.9775495969130756,0.758532423347601,1.2027687828719114,1.1289905956280724,1.1700624807964353,1.8005030676255562,1.874784737093716,0.9018703344322833,0.9642314544492094,0.8561698622328336,1.2606777946559315,1.3541084953619205,1.3832489463761752,0.8073794483963671,2.037067202360698,1.3016005325432107,1.176273191043279,1.3490681714660673,1.0208794860043506,0.6952578910619923,0.7816861506519165,1.698236697971712,0.8613217877119734
2022-09-13,1.0626693972397503,1.3922404531544583,1.7885547707306368,0.819400433079657,1.1986522658696188,0.8297281909920587,0.9817959369195871,1.3935095987041481,1.2448481718860576,1.0119972310126581,0.6977546291149693,0.9299811167592723,1.224550920416488,0.7465949565642354,0.7146495733558997,1.5792401167387053,1.1757099419548722,0.9681104944166787,0.7448380323538258,1.1933452920886172,1.1007415563401044,1.1426742981828164,1.8150529390931547,1.827452452349638,0.901197775818513,0.9277018772501197,0.8646020886561272,1.2574485337280603,1.3217237796915697,1.375474480390808,0.7809785649699186,2.030336280506698,1.2909106863792585,1.1681295591127627,1.334847874217612,1.0074366693841923,0.6749779068299457,0.7584302541599951,1.7257163327930933,0.8551377293365081
2022-09-14,1.0292853054955626,1.368515239896816,1.79892918980347,0.7926771782090424,1.1844306213664226,0.8158714463263348,0.9621512931145609,1.365355310396392,1.226341453489273,0.9835084651898734,0.6792415237395362,0.8985389158519395,1.1945042306590643,0.7252636213285873,0.6988544946756178,1.5792401167387053,1.140049058287125,0.9518866604023742,0.7341498228298887,1.1496550858650363,1.1095085277789098,1.1156773029070883,1.8180025200875651,1.7728054605085521,0.8895329142986187,0.9147642811483115,0.8766013688874752,1.2283858176822684,1.3221555143246635,1.3599252629754104,0.7729968306214019,2.0146304221159075,1.277166894669608,1.1378351750684967,1.3275221101854018,0.9978346407163733,0.6638814321105518,0.7282946950150303,1.7160984438184126,0.8358018707820758
2022-09-15,1.0259799368878753,1.3655493741618856,1.7785651391374053,0.7749731150217627,1.2007435150133987,0.813771883574442,0.9660512619296435,1.3937731547334713,1.2203538527857989,0.9841559335443038,0.6766880457647659,0.893224762036085,1.172960946861097,0.7230820317251703,0.7083911193371156,1.6055902270151086,1.1285279219694002,0.9397927713703875,0.7555264052660705,1.1329500162578734,1.10366407848847,1.1015919267823637,1.795390628903068,1.7603267443998776,0.8904303770051,0.8808981695164745,0.8576293050815885,1.2351672103041063,1.315246968505737,1.3760963691629182,0.7871183281844167,2.0478779242047476,1.277166894669608,1.1306685655520803,1.3680287141757579,1.0097411186408076,0.6602463941815034,0.7447674214408007,1.7243424685624056,0.830924263994767
2022-09-16,1.0150722103907033,1.364471212869536,1.7647330813989919,0.7733028413999159,1.1930752109436003,0.8062136218884138,0.9543513554843958,1.3935095987041481,1.2149107003161563,0.9737963607594937,0.6734961202846333,0.898096126138585,1.1746616557879677,0.7099924348818867,0.7134574782081767,1.5979778376261782,1.1318195410210192,0.9232740995933844,0.7588664707423008,1.1338066972381728,1.0900263855539614,1.1027656837560846,1.7776943453258232,1.7379515631961278,0.8847101419028938,0.86986329773721,0.8412518943690978,1.2338754110872003,1.3001341451756525,1.3686327524153854,0.769313028918928,1.996069077796873,1.27088872709997,1.1368577544873033,1.3733433485446125,1.0062844447558847,0.645897369173651,0.7342054390024515,1.7174723080491001,0.8336242809913382
2022-09-20,0.9959013146694162,1.3582700728167267,1.7693437673117962,0.748584027183411,1.1915414436180207,0.8003349796125026,0.9479957951571201,1.405350461094252,1.1980370606471313,0.9666742879746836,0.662643448833511,0.8600111313730937,1.1553863999171834,0.7196883886748512,0.7106262749857154,1.5768980359419322,1.1032909682688379,0.9256339098472419,0.7187855216392292,1.1188148848372703,1.0569068478976493,1.0869196234307665,1.7794641420180386,1.7121341475539609,0.8922248921962792,0.850456729342344,0.8608725224157726,1.2361359016405233,1.3014294810231715,1.3574373272940854,0.7545775878330947,1.9618017503987843,1.2737732255706335,1.112101158013248,1.4076732956694349,0.9959144231011162,0.6351833820948471,0.7346899722759421,1.6831230163303337,0.826395027249919
2022-09-21,1.013750184049278,1.3601573820388921,1.794317940237131,0.7542625695249672,1.169790918755386,0.7980255734872109,0.9422178444829714,1.3811429122506544,1.2143665180560592,0.970882753164557,0.6546637131448494,0.8626683437321416,1.175795600414111,0.7276876097768284,0.7134574782081767,1.546449194728402,1.1208470749695725,0.9232740995933844,0.7211235266255135,1.1320932305232354,1.0715184173784678,1.101200739444473,1.7914583351995417,1.7495694741874324,0.9090488054187836,0.8439879312914399,0.8678450088926288,1.227094176541625,1.2923616022975883,1.3605472468957418,0.76041035585859,1.9826068600240823,1.2898927598242396,1.132948868496717,1.392303891254303,1.0062844447558847,0.6370966986374492,0.7201550831814161,1.69136670533038,0.822214331024675
2022-09-22,0.9899515906247544,1.3391280989726773,1.7970078827886233,0.7582710934898893,1.159054867011189,0.8165012843605053,0.9360068190077545,1.3550938521893425,1.1817077362250707,0.9521060126582278,0.6450879367044515,0.8666537897801319,1.164457124876952,0.7114467687280498,0.6960233824666813,1.5107304030938102,1.0821139598475076,0.9073454496393623,0.7084312778158381,1.0969696245939722,1.0315799588791152,1.1105909901942894,1.8020760332025354,1.7401034116510417,0.9094973829388555,0.8401827149692249,0.862656197868641,1.2332295905168786,1.2910662664500692,1.3471752110720558,0.6965567153463953,1.9989245637251167,1.2756396316056366,1.1212219716247016,1.377796179984413,0.9790148738090642,0.634418114033783,0.7099806238449079,1.7064807227157053,0.8410277623732737
2022-09-23,0.9509485841753851,1.3501821505023053,1.7017205618085087,0.735556311535154,1.1283811181738965,0.8020145990226195,0.9484288699581882,1.341937544144025,1.1876949379679433,0.9647318037974684,0.6412576417306265,0.8544754472494416,1.1485832868599086,0.7000539045757534,0.6912550928893134,1.4193837003676715,1.0757498409775375,0.8849271829681983,0.691396739651679,1.089259705279954,1.0237870871139785,1.0446636900166417,1.7031733877117865,1.6712560934665417,0.9032163746588365,0.8108829093886203,0.899789347839887,1.2057814654159567,1.2470233962038095,1.3151437527866536,0.6502015663314366,1.8828643537575618,1.2797120842885985,1.1065633704430373,1.3279531214337414,0.9456000068663182,0.6085898338860627,0.6965115896469739,1.6625135420222579,0.8148110201198829
2022-09-26,0.9529317246055644,1.3677063554472768,1.6994154067366178,0.7268713379331244,1.0986622460083972,0.817970957759232,0.9569512169710934,1.3145723944298715,1.19912569114106,0.9951628955696202,0.6470056585764664,0.849019543835843,1.120464039484626,0.7199308467424568,0.698109457961672,1.3684405776690887,1.0723483268542429,0.897328445735411,0.671690312494843,1.0459887259190728,1.0296317595317774,1.0227576864948835,1.6913799935299438,1.647009425306586,0.9142347266482019,0.7838661987529142,0.9286525857550179,1.2235421238857895,1.2432775176894755,1.290265347455613,0.6314751877885635,1.8620594935087913,1.3064363679371962,1.091293025338876,1.2841141395951678,0.9296915471155233,0.5953888573597484,0.7041667421477771,1.5677088522500846,0.8091494741888229
2022-09-27,0.9086401082002872,1.3376453637154198,1.724005543720397,0.7218607212637537,1.0864136227509673,0.8165012843605053,0.9508847263479354,1.304310614224008,1.207290552832391,0.9776810917721519,0.6418960892359888,0.8374258760673717,1.0751102760108864,0.6964179219033918,0.6805264185868548,1.3596571478817716,0.9752412039159412,0.8990861830103773,0.6601670661783099,0.9954538712175304,0.9809263295936196,1.0339041373641713,1.695307838393358,1.5895006426457448,0.9148811336232849,0.778538977214818,0.9041674783210297,1.2251567148306597,1.2673175629239704,1.271606400735001,0.6302472070325512,1.9230468923881678,1.3090663225638646,1.009164850891998,1.2436364087475302,0.8964380504077112,0.5917537608747232,0.6708333964909972,1.586944630199446,0.8329273704292733
2022-09-28,0.8940965065100714,1.3582700728167267,1.7374533776327434,0.7064948573705067,1.0532301406155753,0.7927767179264744,0.968940281412977,1.2720778084374318,1.2007587698688198,0.9857746044303798,0.654344567403838,0.8075337100590201,1.0991478358291695,0.7112044291060072,0.6638373140525429,1.3268662258714685,0.994113971655525,0.8949565843256433,0.6434666571030044,1.025437496019335,0.9780041049483996,1.0675522921842855,1.7141841467506422,1.6260756571773776,0.9118526713078475,0.7891933622102919,0.9038430476517944,1.218052293366464,1.2224110914632855,1.2097209512005707,0.64221983198292,1.961189655712013,1.2973584669045726,1.0326188039028656,1.2024114892712123,0.8461238693207965,0.590414527128867,0.6463178465812233,1.580074637558114,0.8455568286409784
2022-09-29,0.8182388368751697,1.3389933288111335,1.7224688363006404,0.6690823413908802,1.0084741709854466,0.7793398652835308,0.9503068518172543,1.2287937618525753,1.1964042478931056,0.9566384493670886,0.6534692374632322,0.7630273840176076,1.0628647973151986,0.680904336611867,0.642529000094472,1.2946608240603583,0.969316128604607,0.9032157816951114,0.6451366489940427,1.0014507428339652,0.9780041049483996,1.079876886628392,1.6990439021762584,1.553786433231482,0.9153295060324652,0.7270929357700441,0.9082211781329371,1.2122398291954368,1.202116396950175,1.1755128822127823,0.6133628933340718,1.9856663359518283,1.2834449792989253,0.9860367578304735,1.1696615507775932,0.8161657938369151,0.5653514564862339,0.6614342051802101,1.5567170990447161,0.852524826160195
2022-09-30,0.851127017364261,1.340476459288806,1.7263108866767993,0.6907950306411668,1.0059644376873473,0.7952962240201433,0.943084612132734,1.2295829809458814,1.1985813758940957,0.9776810917721519,0.6707076711605289,0.7718844650703391,1.0556081480099355,0.6818739319911635,0.665923435054296,1.3227672263060195,0.9752412039159412,0.8813875368469286,0.639458578531528,1.0087323216578339,1.0013825714922373,1.070291188429667,1.7031733877117865,1.5240960519151927,0.8903183864582508,0.7509894340719381,0.9056268221372237,1.1980313024195706,1.2237064273108045,1.2072331106674667,0.6152048176129026,1.9505831732439933,1.2887049714925825,0.9951578103421832,1.1890531047356236,0.8315289456462721,0.5856313236063267,0.6743216959330038,1.549847106403384,0.8528731962026558
2022-10-03,0.8646790992984077,1.3218735660909315,1.7670382364708825,0.6978098327194345,1.0114020689030059,0.7782900325885886,0.9530512481560107,1.2140587741215352,1.1974927454001671,0.9822134493670887,0.6608115007924036,0.7818483849553357,1.0583294348353143,0.7036900056936782,0.6574299164004369,1.3292083066682414,0.986652780617032,0.8740131298036237,0.6366195024531938,1.0275789889614069,0.9955378990744378,1.0935711728952504,1.7409254032317456,1.5503440344545547,0.8695688558801652,0.7546424208322061,0.878222829005726,1.2022293337219903,1.218524951972491,1.2358434195204948,0.6363870171022372,1.9848505006420822,1.2581628619453387,1.0248008726548556,1.2002570917323896,0.8522691653167218,0.6070592977639346,0.676065882624347,1.5333593926593447,0.8605379338067938
2022-10-04,0.8855026288645176,1.3423636367708331,1.7966236589625562,0.7014842407011361,1.0508597245162163,0.8087330253440913,0.9594068967758045,1.2681310689732732,1.2355948126876652,1.011349762658228,0.6726231696999554,0.7997838064663553,1.056061753595372,0.736414027413278,0.7049639140475552,1.360242757623739,0.9945528810321441,0.8799127246977844,0.6720243190424661,1.0455693943020343,1.0198905396677307,1.1413048013201135,1.7873288496640134,1.536144694142203,0.8889723462316975,0.7796804375661902,0.8892493123921721,1.2157919608894034,1.269476368037677,1.2709844168146696,0.662787994239061,2.042982413593215,1.2866687036809412,1.0163314604084144,1.23875256605939,0.9025833464036365,0.6265739553789403,0.7216085351205288,1.6048062081741732,0.8864934198379819
2022-10-05,0.899715723969377,1.340476459288806,1.8277454131049635,0.6724227865364889,1.0291091996535815,0.803274326409956,0.9598403247469448,1.243002362022301,1.239405019416415,1.0058461234177216,0.6611308025567545,0.762584526578693,1.0485783708348388,0.7305964551374993,0.6905100106686054,1.3403338172523316,0.9662436287862559,0.8766679163392135,0.671690312494843,1.01472908851993,1.0140460160015041,1.1229155846383958,1.8097442704500404,1.5408778075796536,0.8854954089516341,0.7372907482411126,0.9030322680763886,1.2251567148306597,1.2578180815135307,1.2610329595340326,0.6416058416049139,2.040942638286454,1.283275200462608,1.0023241809583436,1.2311396075733705,0.8668640889912461,0.6112684184897289,0.7162790388155295,1.621294089790186,0.8856223668739726
2022-10-06,0.8878164777161359,1.326187265181437,1.7766442078915816,0.666744091047805,1.0094499239347268,0.794456388655587,0.9552180348416403,1.240107995182254,1.2317847389457826,1.0145869462025316,0.6620885518264678,0.7526204035170154,1.0313439240738305,0.7347830912325765,0.6995996224030884,1.3444328168177806,0.9484682015792284,0.8760779637757491,0.6591650465354408,0.9997372761190277,1.0276834114328675,1.0878978354755544,1.8103341626011382,1.4726668081073446,0.8820184716715707,0.7319636428644527,0.9215179829761048,1.2555109139408325,1.2383871201630827,1.2492157407888433,0.6391498800928894,2.01565037211342,1.2652893431143195,0.9795219478461629,1.22180293344543,0.8611028482757664,0.5934756579291,0.690794644180813,1.614424097148854,0.8814416706487286
2022-10-07,0.865340011551079,1.3520693279843323,1.8023868284690503,0.6704184479804642,1.0002478525393488,0.8003349796125026,0.9696625142106807,1.2287937618525753,1.2247086407352472,0.9974290348101266,0.6448499621058315,0.753506186120405,1.0295297790818763,0.7102984389940797,0.6876788529529065,1.3438472070758132,0.9478097704232913,0.871653319549766,0.640460639021474,0.9937406140112699,1.0120977422783803,1.0853546791191548,1.8447436563297466,1.526460883079559,0.8810089158627944,0.7143076273109011,0.9057889384392805,1.2858655082416617,1.2457277964598157,1.246105821187187,0.6123804806161495,2.0146304221159075,1.2669861361936463,0.97691594421902,1.2261123872259505,0.8518850512493055,0.5873532792166803,0.6841084842863117,1.586944630199446,0.8824868660146825
2022-10-10,0.8772394596404027,1.324569496282359,1.7885547707306368,0.6884567292490492,0.9985748745266491,0.8225898726478067,0.9721180174303558,1.2176109040390406,1.2198094045519676,1.0077886075949367,0.6480422776443128,0.7661273860900097,1.0213660572806367,0.7129651224010527,0.6869338162389608,1.3327217860344973,0.9295954338396446,0.8704734144228372,0.6391245719839049,0.9710386727876722,1.0072272439100363,1.076942542934102,1.8185922919997408,1.4855775701598077,0.8770832985072132,0.7343989673712982,0.8793579402178062,1.2955529748727506,1.2301831065483997,1.2451729880290219,0.6238005423394252,2.0127945121203847,1.2372924231860662,0.973332679277521,1.212035467636775,0.8599506236474588,0.6026589332178454,0.6675388216295712,1.5718307806860945,0.891893539069696
2022-10-11,0.8669927463139433,1.3244348578609537,1.7566640052825608,0.6914630584114375,0.9771030905731145,0.8200704178731335,0.9802070247646386,1.195903112488837,1.2127335723151664,0.9996953322784811,0.6467653826335882,0.7760913059750063,1.002090662734956,0.7003591387917866,0.6602611196228982,1.2975884250563245,0.9184033789178717,0.8698834618593728,0.6381225114939589,0.9650419059255758,1.0043049448890298,1.0595314408171477,1.7798572030539004,1.4924630250677033,0.8850466263206705,0.74733644731167,0.8937896582079325,1.3091156020401638,1.1822540968113455,1.193238805478787,0.6106614106391451,1.9752637187950475,1.2425525812603644,0.9489016242191346,1.1920695247711255,0.8153975657020822,0.5990239538447737,0.673352703326702,1.580074637558114,0.8707285460055586
2022-10-12,0.8534408662158792,1.3392630008743593,1.743600958849816,0.6652409009420897,0.9458714338711425,0.8246894353996995,0.9813626855334828,1.1815628148041533,1.2083790503394523,0.9663504746835443,0.630165279424149,0.7590418025184968,0.9732910763189664,0.6867834413576609,0.6393998185918424,1.2437174327334535,0.9087475739052744,0.871653319549766,0.6321103527896674,0.9479083910739248,0.9706982458322041,1.0374254082853342,1.7670766473228294,1.4778311457960318,0.8822426578761609,0.7092846906545452,0.8873036196698076,1.3045946999716491,1.1628233993573724,1.1624515053304887,0.5476672816878588,1.9830147153348234,1.2547692757866848,0.9303340574134652,1.1229785094893285,0.7839032690964184,0.5680299239779464,0.6418605545329149,1.5663348201474234,0.8624540968981854
2022-10-13,0.8636871758701734,1.3183686197098266,1.7693437673117962,0.6712163445148773,0.9936948316408104,0.8227998186591968,0.9612846137573163,1.2084014964572887,1.174087189780704,0.982860996835443,0.6286329352007768,0.7822912423942503,0.9757856296890749,0.7054499290925637,0.6651783983403502,1.3391627768539451,0.9146726492166085,0.8495301676793677,0.6341143920754057,0.9650419059255758,0.9916415003797626,1.0364472937205709,1.8020760332025354,1.5045128176642864,0.8609324566757083,0.7491629697321631,0.8772499331282633,1.2987821567624906,1.190458242374266,1.2168734332656068,0.5771383044250883,1.9919895271833508,1.2269421346947489,0.9453183592776357,1.1999697874947675,0.8346015054637786,0.5869706159081599,0.6783915388201508,1.5924404228661437,0.849737610104794
2022-10-14,0.865340011551079,1.3234913349900095,1.7443688428484156,0.6752256852644795,0.99564676358585,0.8347670492224094,0.9751514834732299,1.2072174263182192,1.1838848642260607,0.9750912974683544,0.6378268445176714,0.7911481879958612,0.9878043749294925,0.6969651996275598,0.6498303780938455,1.3350638668312702,0.9374956013457652,0.8566095984409405,0.6422976137627854,0.9847456732268024,1.0052789701869123,1.014536708637666,1.7894919478699345,1.5410929266897408,0.8708025978935316,0.7564690013334171,0.8879521839105958,1.3020115757666244,1.1693000785949677,1.2262028114776917,0.5863478789640543,1.975875688793555,1.2444189872953675,0.9576968167815008,1.2195048288958898,0.8395945768313964,0.6009370361634686,0.6787791358626715,1.6487733888676204,0.8277016493152188
2022-10-17,0.8772394596404027,1.3294225394993164,1.7416800276039925,0.6872533501699882,1.0136328482687655,0.8278386768895475,0.9778960563970225,1.23997661966611,1.1974927454001671,0.9941916930379747,0.6403806735449555,0.8090835417813205,1.0272620978419342,0.7272680163696505,0.6586219660413977,1.3660984073295415,0.9785330242405851,0.8592645234955638,0.6466397397289617,1.0245809197933742,1.0286575111065361,1.0460328944392716,1.7674698285976131,1.555724641622902,0.8655308377559515,0.7888128754265012,0.8727095873125029,1.2961989535193348,1.199093990622043,1.2523255652422787,0.6056267738788327,1.9879101012580922,1.2450976879390343,0.9726811982790899,1.2258248634207032,0.8699366488087525,0.6045721326484939,0.693507823478458,1.685871080535656,0.8396342822034307
2022-10-18,0.8805445254939661,1.3269961496309761,1.7313057964156708,0.6835782275016914,1.0282726573914218,0.8209102532376897,0.9849736729369658,1.2255047049661718,1.2083790503394523,1.002932594936709,0.6544268697154407,0.816833377648425,1.0236337385205787,0.7447224506576512,0.6699467789312428,1.3860070790726269,1.0094755314731636,0.8657539324341555,0.6513158313956842,1.026294072245296,1.0471656280336024,1.0393815399348365,1.7509532090836417,1.4924630250677033,0.8733820724671139,0.7861492936978123,0.871736790467601,1.2897404316635923,1.2055709337561131,1.2563683180021006,0.607468745012851,1.9705724475595452,1.2488305000090405,0.9642117860326488,1.2239576603356903,0.8733933814806463,0.6105031504286649,0.7197674121982157,1.692741073176988,0.8270919378119839
2022-10-19,0.8557545132314148,1.3222778765755627,1.7466745615738408,0.6849146914345731,1.0059644376873473,0.8227998186591968,0.9982625798296803,1.2472125770160791,1.210011863093478,0.9928966772151899,0.6387845157757149,0.8101905837902664,1.025448022187429,0.7304194974662718,0.6653274329871968,1.3532161570623238,0.9862138712404128,0.8719482958314982,0.6508148011507112,1.0044489167563364,1.0306058592054463,1.0290131746202569,1.7902783104195021,1.503652176885427,0.8747279075827753,0.7758752793246931,0.8657370018030859,1.308469781469842,1.2094570732469077,1.2697403538257863,0.6042759856761817,1.9295741983074566,1.2425525812603644,0.9629088240357866,1.166645240525904,0.8756978895242322,0.5900317467083929,0.7170543068412505,1.6487733888676204,0.8244788641585273
2022-10-20,0.8564156273201688,1.301653299214394,1.7827917891086542,0.6929331176885646,1.0132145771376855,0.8089430226744772,0.9858403522942104,1.244318049176625,1.2040243953768712,0.9775314873417722,0.6464461198750722,0.819047664842998,1.019778645743953,0.7207225961088026,0.664582396273251,1.3760526984296972,0.9730467241238535,0.8740131298036237,0.6519838853380071,0.9980240189127673,1.0559326738481942,1.038012140552158,1.8126936109666074,1.489880609715594,0.8769712054049181,0.7865297804816029,0.8804930514298865,1.3142825617933942,1.206866269603632,1.2650757122938543,0.6158188079909085,1.9773034941018086,1.2247362539274316,0.954765271738689,1.2078698306507842,0.8829954101484652,0.5907970733254337,0.7088179066580255,1.6185460255848638,0.8237821240736058
2022-10-21,0.8035300323512965,1.310280565655267,1.8012343448753607,0.6989470011903616,1.011123114970666,0.8062136218884138,1.0056293543662593,1.257342740206688,1.2111007595611407,0.9723507911392405,0.64165764656735,0.8232546411987857,1.0211393931628145,0.7102984389940797,0.66041006325622,1.3766382186288906,0.9728272694355439,0.8751930349305524,0.6506477774533612,1.0121590455790317,1.051062101104064,1.0697042612027943,1.8264576008403257,1.4494276993545276,0.8845981513560445,0.7713090894348966,0.8837359716663882,1.3226783082457083,1.2241381619438985,1.2641426888392469,0.5782434777344617,2.0482857795154885,1.2148949701837841,0.9446669579126233,1.1889092879410936,0.8783863940612933,0.5760653850090609,0.7129845378947831,1.6061802402768344,0.8370211233114025
2022-10-24,0.8296423232503763,1.318638160032914,1.8020027925274948,0.7042927548238027,1.0383113775605792,0.8108325880959841,1.0020183669627762,1.2501070243558294,1.231240157725084,0.9953401107594937,0.6448499621058315,0.8292332504869128,1.0442697418102247,0.7304194974662718,0.5991671989440975,1.4082581002408074,1.0009168657200975,0.8775529144439268,0.6536539180761223,1.0370026892533781,1.0588548984934145,1.0511194021121193,1.8482831294752553,1.4817042758086647,0.8796630807471328,0.7796804375661902,0.8876277532413605,1.3426994572688642,1.212479611523277,1.2908873313759441,0.5865934938573317,2.0474695701409513,1.2245665580314347,0.9824535725223933,1.2220904572506774,0.8922132071749261,0.5850573579215346,0.7122094177504213,1.6364077714315644,0.8274401373773012
2022-10-25,0.847491041253176,1.3147290349073162,1.7593541357185647,0.704960935741201,1.047234708046857,0.8202804152035194,0.9992737940389836,1.1647229208254828,1.258455920073297,1.0027874208860759,0.6394230022869121,0.8418543827309574,1.0658127482583992,0.7444800518128271,0.6088528127456796,1.431094820693729,1.020009289421016,0.8799127246977844,0.671022299399597,1.0549927803309902,1.050088001430395,1.0401640120906424,1.830980027172794,1.4739578514448888,0.8807846271027584,0.8105023645241117,0.885682060518996,1.355616026751562,1.1969353174565738,1.294929988987545,0.603539281561912,2.0507332854447275,1.2316932050810567,0.992226106032534,1.2345869290733993,0.9025833464036365,0.6129902569881288,0.7140504667320549,1.7009847621770342,0.8211691356587211
2022-10-26,0.866662239728587,1.3526085403706456,1.7670382364708825,0.7089702254417605,1.0444462338396576,0.799495195566942,1.0075073362253253,1.1681435142274372,1.266620781764628,1.0112059335443038,0.6480422776443128,0.8509327909148059,1.0524334636114645,0.7536921554806479,0.6106409099605019,1.4322659506348898,1.0171564455639996,0.8439254798074225,0.6630061014095673,1.0558495660656282,1.0598291469186558,1.0847678493723065,1.8325528725108513,1.5075253068980596,0.867886433791281,0.8226789289776202,0.870115429381911,1.3607827493903986,1.1356202909735729,1.2933750767608272,0.6234935002952345,2.104582031847627,1.215403974931454,0.9967865526549702,1.222377651704487,0.8991266137317429,0.6191125185885948,0.7216085351205288,1.7229684364597446,0.8436406655495867
2022-10-27,0.8719507487664535,1.3414198504196122,1.8634784168137097,0.7109749213410829,1.047513555467577,0.7726214389620589,1.0017294738436946,1.1844571011444966,1.264443653763638,1.0011684335443038,0.646126896122391,0.856025549873983,1.0660395510511174,0.751025353628112,0.6087038236055954,1.4504180617803952,1.0327374600699477,0.8247522292733797,0.6736943926276582,1.070841064203515,1.0520362007777326,1.0626616218804443,1.8950799976601507,1.4980577653150755,0.8669891761956914,0.8287671821640155,0.8754663567079557,1.3588450505650396,1.1567780589081587,1.2964849012142625,0.6234935002952345,2.0437983735912253,1.1952121538755274,0.9954835110246893,1.2289849904669226,0.8906769272661731,0.6215996837040356,0.7397286598880316,1.7367082538704353,0.8124592026886291
2022-10-28,0.8600517043492951,1.364740621452485,1.8584831313058152,0.7106407032597775,1.0208830942307237,0.7776602971924096,1.0231072997781738,1.1635387701867095,1.2736968799751633,0.9985780854430379,0.6483615404028289,0.8434043499043784,1.0751102760108864,0.7486011875115263,0.5942498292131208,1.3169116661429907,1.0338346664204874,0.837436278647381,0.6673482273757436,1.0785511930262104,1.0530103004514015,1.0270568480107056,1.8598839009041306,1.5742301439227373,0.8788779162538383,0.7933791814777338,0.8733582505858519,1.3678873289308566,1.1218028034910072,1.2852895712411838,0.594698035652487,2.0264608445809422,1.2060719447564383,1.0078618888951356,1.1856057832355946,0.8852998006181098,0.6156687244798414,0.7460272227400123,1.7229684364597446,0.7814521379453311
2022-10-31,0.8620346429433917,1.3822650898777333,1.8473408282343826,0.7186592316118541,1.0300851656261014,0.7988653062137758,1.0319185399101607,1.1769580707634255,1.2742410622352605,1.0105583860759493,0.657619263265592,0.8608967107998023,1.0753370094661565,0.7381769711740218,0.6040844776615495,1.3748816580313108,1.0307623678751614,0.8524799304966898,0.6736943926276582,1.0721261904283028,1.0617771975144208,1.0206011359152283,1.886821748022626,1.6486810766341697,0.891552231027063,0.8028921061218356,0.8691422364067659,1.3717622523527873,1.1230982712867639,1.300216709588029,0.5982589830531347,2.0376791723592054,1.2210034418574252,1.0137253771478527,1.2071518445162601,0.8945177152185123,0.6171992606019695,0.757267463032433,1.7160984438184126,0.7903361280787959
2022-11-01,0.883188981848982,1.3946667112826603,1.8857632108410867,0.727680107913592,1.0480712503090168,0.7938264993024209,1.0443409440306666,1.2065595022413533,1.245392487133022,1.0112059335443038,0.6534692374632322,0.8839249589955595,1.0916643143937401,0.7718737270803394,0.6288200424159431,1.3965471590002978,1.0364679214071777,0.8480552862707068,0.6780364777467576,1.0712695094480034,1.064699645287,1.0824202379448404,1.9129728718747876,1.6762237179583044,0.8854954089516341,0.8432270158045765,0.8709259118596344,1.3691789700715002,1.1403698997305551,1.3092352385622799,0.6152048176129026,2.1368094592506908,1.2254151204517394,1.0234979106579933,1.212466369101302,0.9029674604710529,0.6466626372347151,0.7897287523138812,1.7312122933317642,0.8248273194395598
2022-11-02,0.8745950032853869,1.4181227794376303,1.8657835718856004,0.7243389991304306,1.0463980592730773,0.8041141617745123,1.0440518743265488,1.2019549192000327,1.2475696151340119,1.0050539556962026,0.6419768313141963,0.8761751231284549,1.094612334674389,0.7856919418048521,0.6243497766255061,1.3807372181943394,1.0388820571606,0.8486453080936879,0.6656781946376285,1.0849763003784565,1.053984325749284,1.0448593324255993,1.904714501998341,1.6942983246839236,0.8858317908139651,0.8462710843170561,0.8660614324723211,1.3388243757706713,1.1369154948728544,1.301771716962968,0.6195026096933824,2.0972386412420647,1.2225304561004346,1.0267553156501488,1.2001132749378596,0.8995106690121885,0.6579505314423344,0.8048450369721883,1.7394563180757574,0.8031396434538738
2022-11-03,0.8729422685225225,1.4399604199928306,1.9145796220270916,0.7450534754034993,1.0423546651610185,0.7852184562404463,1.0457853213335562,1.2186633571628558,1.2600889988010568,1.0125011867088607,0.6604923550513921,0.9370667680563455,1.0925714562271651,0.7832677164654849,0.6246478459191993,1.3573148879994505,1.0239594738105888,0.8474654722262758,0.6663462485799514,1.061846228173386,1.0393727562684656,1.0391860924859277,1.9406973220206942,1.7149555111001624,0.896262294987818,0.8340945198635473,0.8900599929350171,1.351095045644916,1.151596583569845,1.3051925809506792,0.6047672154627367,2.117228164934144,1.2199852664814443,1.0218690887117876,1.2131846845872638,0.888372419222587,0.6615855693713828,0.7767442513894378,1.782049634538517,0.8143754510185924
2022-11-04,0.8934353924213175,1.4480487375276672,1.9414756656208074,0.74572170736994,1.070240259325971,0.7980255734872109,1.0440518743265488,1.2893124729621623,1.2562789250591742,1.0238339398734178,0.6691117084204626,0.9242241055045032,1.0968800159143313,0.8150250447220835,0.6806752712066518,1.3936194684615577,1.0452461760305698,0.8462854285803135,0.6746964122705272,1.093114664936963,1.0530103004514015,1.1548032502179653,1.9660620833232885,1.7196891175531441,0.9092728890679279,0.8573060141770387,0.8928165642653483,1.3678873289308566,1.19736692014143,1.335046667347928,0.6388428849038864,2.17026082665077,1.251545551404669,1.028383978329517,1.228123077754056,0.915257993675933,0.6839698797424193,0.8247094223717139,1.7724315776918627,0.876215693818959
2022-11-07,0.8851722231972027,1.4351077719962886,1.9218798747223653,0.7607564161244322,1.0638264491145528,0.8085230793327012,0.9947959506932199,1.261421096686101,1.241582280404272,1.009910838607595,0.6659192368586417,0.9654090346168366,1.0837274647226665,0.8494489379400919,0.6754601052225563,1.3959616388011047,1.0489768386408247,0.8318316600349525,0.6628391185592942,1.0948279221432236,1.0237870871139785,1.1651718104925939,1.9733370190570876,1.6486810766341697,0.904450116672203,0.875190345033152,0.9035189140802415,1.3782206161322674,1.2047072005934505,1.3518398526039879,0.6409918512269078,2.17026082665077,1.2369531972747139,1.022846270392725,1.2070081375055428,0.9187146087738849,0.6830134264170371,0.8367248567491758,1.775179641897185,0.8786544545933276
2022-11-08,0.9043431189184896,1.436995081218454,1.8734678605224298,0.7694431764429497,1.0748410287446104,0.8288884582654938,1.0017294738436946,1.2594476464543185,1.2595446835540927,1.0047300632911393,0.6624076975674791,0.970723188432691,1.1088986918173007,0.84557031953178,0.6788872194985919,1.4041593693036805,1.0755304533802363,0.8386159759957597,0.6444686767458735,1.1218132682683186,1.0286575111065361,1.198819965312708,1.9100235313582206,1.6555668602190863,0.9099460630143732,0.890791580944367,0.9022214885009827,1.3788661995881955,1.2133430807894647,1.349351916922663,0.6624810459052455,2.1404810298652084,1.2332201363837456,1.0332702849012967,1.2309960103464657,0.9198668334021924,0.7130507687345748,0.8569769131319017,1.7710575455892017,0.8903258312593368
2022-11-09,0.9155813520010181,1.4620681278316718,1.8315878392501455,0.7627610609747121,1.07637479607019,0.8398059074527601,1.016318399772276,1.25431683685109,1.2649877030368681,1.0403473101265823,0.657619263265592,0.9671803289213743,1.118649825155224,0.8470248310462877,0.6723308782131643,1.387763908298529,1.0832112332890556,0.8380259541727785,0.6635071725016172,1.1299515280724866,1.0315799588791152,1.1962767114762842,1.8958663602097183,1.6693380987118984,0.9129742176634731,0.8607306856347449,0.9283282541183433,1.3904914440827747,1.2163658829623092,1.325717193987622,0.6597180892042179,2.0821448775380453,1.2299962461210885,1.0515119917576226,1.2228083336013889,0.9075763589842835,0.7157292362262875,0.8587210998232448,1.8163989262572835,0.8917193114291798
2022-11-10,0.9436769347073392,1.5041266939641016,1.7791032403784106,0.7614245970418306,1.094500410975085,0.8574418342804938,1.0170405442774617,1.2476071060630287,1.293836544112841,1.0500611550632912,0.6745385122160424,0.9425492876151487,1.1542526633033845,0.869570114857847,0.6925961771771209,1.405330320159293,1.1219443484111205,0.8377311856695965,0.6964068787131014,1.1637902172856391,1.1241200972597283,1.2254255782904968,1.8514222070106625,1.7924189330453684,0.9069179083652734,0.9132421597709948,0.906761933349304,1.3517414194821564,1.2150704151665526,1.3602363025096866,0.7143620614670716,2.044614333589235,1.2632531582429989,1.0870185423230119,1.2439233836337147,0.947904573696875,0.6833961482815343,0.8329458225549389,1.8081552372572371,0.8967710606184331
2022-11-11,0.9496264569159184,1.4286372233605302,1.8136862029921172,0.7624269449914917,1.103005470330283,0.8482040045033445,0.9559402676393441,1.237213789341614,1.2165436460570491,1.022538765822785,0.674219366475031,0.9673530968257437,1.1306685703956416,0.8528429363271002,0.7454200174054265,1.4615437514500333,1.1038396385351164,0.8194426562022001,0.6833805825087261,1.1466565976796494,1.0939228586244227,1.3111114945325404,1.8815092317340094,1.7709014345272909,0.8837006886495632,0.9490108214832212,0.8999514641419437,1.2874800991865316,1.221115623667529,1.3633460318149009,0.7398420530368862,2.0478779242047476,1.2281298400860854,1.0603072639534075,1.250100150283061,0.957122370723336,0.7375396980244853,0.8654070378957074,1.6666353025862943,0.9403206402303215
2022-11-14,0.9476433164857391,1.4650339935666021,1.812148931918826,0.7697772924261701,1.0988225459962442,0.8490437372299094,0.9858403522942104,1.263789317463944,1.2236200102413186,1.0309574367088608,0.679327180552939,0.9753257497862919,1.1440479937174726,0.8504187109877329,0.7411732808318783,1.4597870117669054,1.130173798586218,0.8359611894601698,0.7080972304211383,1.180495286892802,1.0919745105255128,1.2985912576794763,1.8897680825661438,1.795861496160806,0.9045624148853897,0.9531965245892271,0.9140587514628347,1.316219865428097,1.2461597949893843,1.370809553414213,0.7343163270555816,2.08867205876907,1.2417041847207009,1.0632390478964753,1.2526855590702233,0.9532815827709967,0.771594741579592,0.8875969316096775,1.7367082538704353,0.9418883480406807
2022-11-15,0.9486347353237667,1.455867119519001,1.825213857196686,0.7597541192238136,1.0960340717890449,0.8431650949539982,0.978040149786491,1.262999937371231,1.2279743992301657,1.0361380537974683,0.6767733125198199,0.9571658180428205,1.1372448113227498,0.8446005464841388,0.7450474990484536,1.4668137914138688,1.1060341183272038,0.836551211283151,0.692398800141625,1.1513683430712967,1.0841817875119484,1.308568338176141,1.8761996011795197,1.8565413547179368,0.9047867036454256,0.9490108214832212,0.9051404732310532,1.3091156020401638,1.2452961937749591,1.3602363025096866,0.7352372189122156,2.119268064929169,1.2264330470067584,1.0707311988285606,1.2558457959002554,0.9459842385076763,0.7509321525950018,0.8828489048091386,1.7174723080491001,0.9509465658146616
2022-11-16,0.9185561131053077,1.448857621977206,1.8217554669930596,0.754742583671678,1.07637479607019,0.850303464617246,0.9926293405926264,1.2511593164802375,1.2410379651573078,1.019948338607595,0.679007878788588,0.9345764992034797,1.1463156056199666,0.8494489379400919,0.7344677683793168,1.4457337211013008,1.1093260057428562,0.8530697445411207,0.681710549770611,1.1530817050318956,1.0948969582980916,1.2680730889626097,1.8931113257910264,1.8716038008868034,0.9117404756501066,0.9113396096906051,0.93416572841568,1.3259075691735798,1.2383871201630827,1.377340146707139,0.7057663367405489,2.1102932530806418,1.2371228931707106,1.0710568995110668,1.2390398702970125,0.9525134722101055,0.7383049075295726,0.8451551293943408,1.6611393420476235,0.936836684089999
2022-11-17,0.9238448239792569,1.4577544287411663,1.817144405311232,0.7567471264238727,1.0921303144105854,0.8377063447008672,0.9782828659186289,1.266157538241787,1.2301517932048898,1.0338714398734177,0.6754963394974254,0.9341335063134445,1.1400795342132117,0.8506611690553386,0.7432593108201065,1.4814525127358926,1.0895753521590255,0.8548396714910307,0.6897267477606407,1.1363766354247327,1.077363089796267,1.2293381340295746,1.882492545637735,1.9731666436866646,0.9103701297828911,0.9185693232283726,0.938381742594766,1.3620745486073047,1.262567690270513,1.3938224827253647,0.7039244593169057,2.0882642034583285,1.239498221013063,1.0873443226389368,1.2760989332197143,0.9740219200153881,0.7393574512129167,0.8391473012945904,1.7229684364597446,0.9349204357600357
2022-11-18,0.936735589988567,1.4720436228485354,1.8017739491924583,0.7727841831280259,1.103005470330283,0.8377063447008672,0.9883950080116631,1.2601055705311839,1.2426709108982006,1.019948338607595,0.6818809705743882,0.9602663619197054,1.1536856909903128,0.8608428681024559,0.7291035222416121,1.5113156546646815,1.1257848390020426,0.8571994817448882,0.6987449653935395,1.1693585389032473,1.1260684453586385,1.2365764157608823,1.8722667062813836,2.001139851907995,0.9064441022055266,0.9394979549198377,0.9314092561179097,1.369824395451166,1.2556594083480614,1.4152801192169149,0.7343163270555816,2.0633795432195083,1.2467945639586817,1.1052603288127565,1.306407060153076,1.003979877925328,0.7613621431862274,0.8283915942756604,1.7119766832543761,0.9380559366193257
2022-11-21,0.9423547065298312,1.4922640214652112,1.746441209010528,0.7751229439615261,1.1010534318736236,0.8381262367236475,1.0097748646740576,1.2722093449529828,1.2693423579994494,1.0439090981012658,0.6860308793592433,0.9598233690296701,1.1701264319829796,0.8574489881610107,0.7119673592735227,1.4966770228854318,1.137854511404029,0.8701784381411051,0.6947368868220631,1.1813519678731015,1.1377577158184504,1.2078190287246338,1.8018672984340263,2.0174931770758953,0.9225965849241649,0.9121005832581867,0.9377331783539778,1.3827412810863886,1.253068340808311,1.4087496210722101,0.7373862320904244,2.0268685752034195,1.2644410295149766,1.1046088478143254,1.3075560575359397,1.000523204040405,0.7671024441498948,0.821802370612129,1.7683098171278264,0.9180232527414003
2022-11-22,0.9430156187825025,1.4941511989472382,1.8309775903567147,0.7851460661148402,1.1009140081632636,0.8448447656831107,1.0181535597600846,1.2810239819886746,1.258455920073297,1.0477945411392404,0.6863501811235942,0.9775403756086666,1.16955939033246,0.8719943994199958,0.7046658902606245,1.4908213731796292,1.1340140879041152,0.8698834618593728,0.6974088575088936,1.1732134985602565,1.1260684453586385,1.2279687346468962,1.919264854421627,2.0415929266075716,0.9234939450752003,0.9349317069493229,0.9340037111461841,1.3917829271471558,1.2642948926993633,1.415902007989025,0.7570335024899315,2.100502730610632,1.2710585059362876,1.1228507935709073,1.3091361759509557,0.9916896386553021,0.7671024441498948,0.826453609063057,1.7971631483079218,0.9384044771389298
2022-11-23,0.9598729684062952,1.4822886581884862,1.810996260440625,0.7888212908812218,1.1034235284381233,0.8545025388020361,0.9996627225810234,1.2872076472142355,1.2617219445419496,1.0481183544303798,0.6869886286289566,0.9890566330616951,1.1701264319829796,0.8824184973119372,0.7036228752665104,1.489064723039275,1.154313411754224,0.8669336990420509,0.7004150389787316,1.1963437802740038,1.1280165703301899,1.2485100178271469,1.8999934409668076,2.0368589914775694,0.9221481099595388,0.9562405931017065,0.9294633653304236,1.4111584927143836,1.2673175629239704,1.417767959750019,0.7751457500892357,2.1633259147972677,1.2749610968426113,1.1205704906262706,1.3066943643906983,0.9993712145599807,0.7921686768152763,0.8566861783796713,1.7779275382305337,0.936836684089999
2022-11-24,0.9701196817327546,1.4725825717545717,1.8002370538881902,0.7938328264333576,1.1113711059751208,0.8557621635513812,0.9967734382201359,1.2879968663075416,1.2579117378131999,1.0416425632911392,0.695288758245346,1.001458605392553,1.1521679635889646,0.8770852489435544,0.7082420846902692,1.5148291340309372,1.1916203062208057,0.8695885548371574,0.7037551044549619,1.2147622118417656,1.1250941969333972,1.2631822236987196,1.9017635983757886,2.0618195461266153,0.9242794172348324,0.9646120573944361,0.9302740458732687,1.3565679620041573,1.2724990382622838,1.4152801192169149,0.7717688498653897,2.1865787797283316,1.272246211327624,1.1287142021902057,1.3197655544724773,1.002059542736129,0.7862368978074066,0.8822675092453577,1.7806754345638824,0.9418883480406807
2022-11-25,0.9542539527830723,1.47662673052199,1.8190655244415672,0.7851460661148402,1.1088613726770216,0.8582816183260544,1.005729919544326,1.294443685063908,1.2655321512706994,1.0461756329113925,0.7045464811081089,0.9974722111867182,1.15613697779281,0.8790246173704919,0.7028778385525646,1.499019103682205,1.1680290949550447,0.8701784381411051,0.7107692828021226,1.20748042350922,1.127042470656521,1.2535963305399458,1.9206415900779803,2.0213664714270387,0.9228209762396467,0.9566211960469334,0.9372467304152465,1.3733637229678723,1.2737945060580405,1.419944855897068,0.7647081947942573,2.177603718503277,1.2768275028776144,1.123827895618426,1.3303950427778115,1.002059542736129,0.7852801517021403,0.8803295240327541,1.7957892840772343,0.9370107412533718
2022-11-28,0.9443378469600106,1.4895678277935067,1.8140704268181842,0.7771275377627634,1.1027264098863234,0.850303464617246,1.0074638080139233,1.2856287260294024,1.2720639342342706,1.0432616297468353,0.6920964427068645,0.9908282659940343,1.1521679635889646,0.8746609643814056,0.6917021058163285,1.4908213731796292,1.152667535137406,0.8802076317199998,0.6793725447843266,1.189490541940285,1.1163272254945915,1.24166292343373,1.9017635983757886,2.0403018832700273,0.9321309596123322,0.9433030550806166,0.9349764089585251,1.3765933790863998,1.2517731369090295,1.3969322120305792,0.7644011058948793,2.1959613221993366,1.2848023805862587,1.1062375104936937,1.3161745259617308,0.9859283391528515,0.784132161776579,0.8587210998232448,1.7724315776918627,0.9342236104365426
2022-11-29,0.9334302213808797,1.4909157928892207,1.8448107754021974,0.7784638995975599,1.1223857921167981,0.8473641178197925,1.0240765750414003,1.3427267632373312,1.2464809846400833,1.0335477056962026,0.6882655236396813,0.9881708504583057,1.1436627548558576,0.8812064438650351,0.7188218608661684,1.5253690348730602,1.1257848390020426,0.8760779637757491,0.6770344581038885,1.1625049863065129,1.1143791005230403,1.2870490379111512,1.935193265129408,2.0403018832700273,0.9252888704881629,0.9318875222754074,0.9254095664859554,1.3714257079899883,1.3148151019244056,1.3950663554178062,0.7640942044162514,2.2469545826739923,1.2786938259722969,1.091904769261373,1.3308260540261512,0.9770944798328945,0.7858543516108397,0.8635659889140739,1.7889192914359022,0.9690632570783388
2022-11-30,0.9350827543076614,1.5052049869965896,1.8782410665377027,0.760088235207034,1.124058770129498,0.8461044417514516,1.0161311313414776,1.3411482445510154,1.258455920073297,1.0286909018987342,0.693054113964908,0.9859560891848105,1.1504668386374055,0.8589034996755184,0.7296995243087113,1.53356685491841,1.1235902250279384,0.8772580074217113,0.6767004515562655,1.161648410080552,1.1211978726145082,1.333217819504427,1.9566275363123047,2.0454660566202043,0.9296635781410452,0.9174278628770005,0.9213557676414871,1.3727175072068944,1.3329504635308596,1.3816940341494577,0.7739179098987863,2.298763304393603,1.2922682535472332,1.1130782600607667,1.347488162834864,0.9663402853237388,0.7831754156713127,0.8810077818868255,1.7847973629998923,0.972895583261122
2022-12-01,0.9532622311909207,1.5097880946700444,1.8305933665306477,0.7640974738585512,1.1034235284381233,0.8461044417514516,1.0223430397418751,1.310099347904102,1.2704309884933778,1.0332240506329113,0.688584903415702,0.9832984704724007,1.1623742279361826,0.8581763031410461,0.7569682684986354,1.5072167446420066,1.1477296369229193,0.8905318015806268,0.6877227084749025,1.163973537378024,1.1299648440533137,1.2917441632860593,1.9249677864898225,2.055794731997579,0.9376274187317317,0.9326485539237067,0.9500567902220003,1.3604438338836626,1.2841575886829053,1.3854258425232242,0.7858903474284046,2.2710234076030664,1.3051637316575408,1.1336002698617293,1.3250802986251444,0.9805511537178173,0.7942735299580577,0.8423450138657259,1.834260672103984,0.9751602016335461
2022-12-02,0.9506179766719874,1.5068227558956675,1.8179128529633661,0.7634293439901955,1.0932454910702256,0.8519830840273629,1.0285546832647183,1.311678269088935,1.2720639342342706,1.0319287974683544,0.6956079039863573,0.9917141163229842,1.1567039501058818,0.8530853351719243,0.767771528384661,1.53356685491841,1.1510215243385715,0.8905318015806268,0.6800405170324958,1.1716847137441044,1.131912969024865,1.2895923892275996,1.8913414088598892,2.0441751776211707,0.937290831758509,0.9372147438135032,0.9451922118021262,1.3565679620041573,1.2794078479776854,1.3832489463761752,0.7908022704524533,2.277550090081036,1.305503206389855,1.1225248539881452,1.3401623988026539,0.9790148738090642,0.7992484457487073,0.8745155683949438,1.7834234987692046,0.9727214408591776
2022-12-05,0.9585509420648699,1.5178764122048807,1.8255982689072645,0.768774944476509,1.0894810508905064,0.8444248223413348,1.0272545759363334,1.3156250085530936,1.2682535945186537,1.029662262658228,0.6956079039863573,0.9983579937901079,1.163508311237222,0.8654489791591479,0.8087490027193021,1.5218557345923525,1.1592510416046773,0.8831573945373219,0.6767004515562655,1.1819665615771142,1.1182755735935017,1.3056337020417776,1.9015668874994747,2.0368589914775694,0.9375151205185449,0.9303655170595265,0.9567051431273037,1.362382006937809,1.2785445106597353,1.3788953443785195,0.7898810974646939,2.291012183165563,1.2968495450972235,1.127085380244,1.3322624654304498,0.979783101943897,0.8028839521255703,0.8778100693156901,1.7806754345638824,0.9878765179497941
2022-12-06,0.9390494388401853,1.503048137451337,1.8125333436294047,0.7650997707591697,1.106770017021622,0.8435849869767784,1.0024074720898521,1.3120727981358846,1.2611774963081184,1.0351666930379746,0.6844347605958375,1.0027873131604175,1.1555700054797386,0.8509036271229442,0.8020435812802654,1.5259544655294794,1.136757036689456,0.8746030823670881,0.6686842535662357,1.164830532621339,1.10366407848847,1.3007431292179608,1.8667604850895019,2.038150363492134,0.9390855520605799,0.9242771477116952,0.9573538064006527,1.3617361073293561,1.277680645548835,1.3813831849116234,0.7763736839900605,2.268575278232509,1.2987159511322266,1.114055441741704,1.3336985474833103,0.9836238311092654,0.7914032916422585,0.9059109288391203,1.7834234987692046,0.9894444814758684
2022-12-07,0.9251668503206822,1.5176066084015165,1.7794878399735008,0.7627610609747121,1.0975677326030044,0.8353969385755756,1.0779600861311172,1.2994427971521783,1.2709753037403422,1.0435852848101266,0.6968848770087518,1.000572687338043,1.15613697779281,0.8159946993241615,0.7860251099033818,1.5124866950630682,1.1405975943713864,0.8719482958314982,0.6656781946376285,1.1686859112957022,1.1143791005230403,1.279419568841953,1.824875136388512,1.999418570350276,0.9334769998388854,0.9299849141142998,0.991406053404893,1.3585061350583036,1.2612724863712315,1.3782732653099672,0.7745318065664172,2.2041201740498537,1.29600114855756,1.112101158013248,1.328240315887551,0.9732536330935845,0.7843234641528507,0.8772287476925889,1.7628138565891553,0.9782957024928362
2022-12-08,0.9205394553715697,1.5254253856132656,1.7748764025226502,0.771447770244187,1.0931061738714853,0.8280486229009376,1.0716038194636972,1.3032580806004894,1.2600889988010568,1.0432616297468353,0.7026310605803522,0.9930429595419693,1.153302046890004,0.8150250447220835,0.7886327384021921,1.516585784171291,1.1340140879041152,0.867228675323783,0.6610020621238291,1.1665439993362765,1.107560254055786,1.2909616911302535,1.8246784255121982,1.9908115052076412,0.9334769998388854,0.9307458876818814,1.0252960850745156,1.3371887606828927,1.2768171762826475,1.372986639857704,0.7564272432178756,2.2379795214489375,1.2814087944276047,1.1062375104936937,1.3186164473058009,0.9682607380868792,0.7778178365721425,0.8855621580474634,1.764187720819843,1.0068640917003373
2022-12-09,0.9291332320990822,1.5305477056730334,1.7568160038523841,0.7614245970418306,1.1117893771062006,0.8356068845869657,1.0529684474325771,1.3056262208786287,1.2677094122585566,1.0452042721518988,0.7010348638052767,1.0027873131604175,1.153302046890004,0.8256916599044121,0.8124742773025557,1.544107113931629,1.13456289235241,0.8613292882081724,0.6730263386853352,1.1738267304578687,1.1182755735935017,1.2481186355292073,1.8168123952380817,1.9847865267400941,0.9255132618036447,0.9364537702459219,1.020269192287463,1.3417106902471134,1.2932250715637759,1.3932004036568124,0.7545853189390449,2.2130949858983806,1.2702100264563034,1.1049344688634128,1.3341296685154627,0.9782467044612021,0.7843234641528507,0.9113372874344099,1.7806754345638824,1.016444992395867
2022-12-12,0.9205394553715697,1.5300087567669969,1.7641171959702153,0.7577494743735338,1.1024476689772231,0.8242694920579235,1.0437230729893057,1.3060209109249852,1.2682535945186537,1.0358144778481013,0.7055040743544827,0.9810838446500262,1.1459308521204883,0.8043584295397549,0.7904955122141061,1.5241978153891256,1.1170066514696588,0.855724669595744,0.673360426927112,1.1622598611544095,1.107560254055786,1.234424544222398,1.8174026481059453,1.9843559598428993,0.9247277896440126,0.9071537904231634,1.029998448159772,1.3313747157492408,1.3018612156562654,1.3782732653099672,0.7423056987996732,2.192289751584819,1.2652893431143195,1.1052603288127565,1.3150256383626797,0.967876565232492,0.7753303786768176,0.8996124399278189,1.7655617529225043,0.9892702538353522
2022-12-13,0.9410326801884059,1.526773218968841,1.7814087712193245,0.7567471264238727,1.127823316820837,0.831827702424956,1.0490679488623862,1.3158880815841958,1.2660763335307967,1.0419665348101266,0.7182734145200781,0.9841843885269108,1.1516008526009966,0.8201158942456421,0.8195522170985653,1.5429358944476943,1.13456289235241,0.8574945272861372,0.6853846217944644,1.1691143565401905,1.1436023882362496,1.2539875178778366,1.8526017508350143,1.947775850817444,0.9210264610484674,0.9345512201655325,1.0351872591837599,1.3048891170104997,1.3126561648624615,1.3891576508969907,0.7527433946602141,2.2253333883624205,1.2758094104419542,1.1130782600607667,1.3321186486359196,0.9916896386553021,0.7843234641528507,0.8780039417776301,1.7312122933317642,1.0011156024261625
2022-12-14,0.9317775875360568,1.5367487139857043,1.764501607680794,0.7540743006561946,1.1172270083218594,0.8316178077325616,1.0428561287545068,1.3095730408424908,1.2736968799751633,1.045528085443038,0.7182734145200781,0.976654593005277,1.165209297513885,0.8203582930904663,0.8121016679320581,1.548205844868756,1.1373059753197674,0.8610342426669235,0.6964068787131014,1.1755404066814832,1.1533434593487242,1.2256212206994543,1.8467024686072708,1.9791919508312323,0.9311214038035559,0.9277018772501197,1.0413492631828927,1.3139332132533352,1.309633626586092,1.3913344518958188,0.7466035377353407,2.206975784666361,1.2775061205809604,1.1241537555677696,1.3259418819865731,0.9932257422031429,0.7883418095061645,0.8749031654374645,1.7559438639478233,0.9793409830973617
2022-12-15,0.9102926411270689,1.5313565901225723,1.7595063221728995,0.7467241063686438,1.0819520640194482,0.8154515029845588,1.0469011621767568,1.2962853572810293,1.2649877030368681,1.042613924050633,0.7055040743544827,0.9669103071123893,1.1572711304312977,0.8218129822733186,0.793848177426862,1.5136579145470026,1.138951986118602,0.8495301676793677,0.6853846217944644,1.1781108686397357,1.1182755735935017,1.2185786788571287,1.8321509137947651,1.9865079726363237,0.9280929414881185,0.9162862863641924,1.0381062439138302,1.3184547476269,1.3053157524622037,1.3835598907622304,0.7303329801389294,2.172708457268272,1.2473034028257104,1.1218734526231329,1.306119865699266,0.9759423139915577,0.7860456539871116,0.8636628512043643,1.7834234987692046,0.9854378424139972
2022-12-16,0.883188981848982,1.5038570219008758,1.7237703123119688,0.7427147656190416,1.0765144328037894,0.8129321508478771,1.0314439676256058,1.2952327431578072,1.2551900285915114,1.017034335443038,0.6895426526854153,0.965138471003369,1.1292606735120756,0.7973281523664772,0.7871427559878253,1.516585784171291,1.1192011983527548,0.8459904522985814,0.6730263386853352,1.154120239543841,1.1065861543821172,1.2129052439574082,1.7910516871654991,1.9550920369610454,0.928990301639154,0.9041097219106837,1.0142696016880695,1.3242687925605516,1.3316551276833406,1.356193454601644,0.7251141556362527,2.1665892560362523,1.229826716105733,1.100048480825308,1.2979324085218147,0.9482886289773207,0.7814534015049823,0.8462210582316125,1.7449521107424548,0.9775988771693429
2022-12-19,0.8623653513648307,1.4973864732651174,1.7575852030425643,0.747392287286042,1.083206877412688,0.8234297080123629,1.0262434500195479,1.3044422312392625,1.250291058381966,1.0238339398734178,0.688584903415702,0.974883027798498,1.1299410818902305,0.8126008193827162,0.7860251099033818,1.5183422552260968,1.1208470749695725,0.847760448508008,0.6810425775224418,1.1502646513608008,1.10366407848847,1.2179917516302559,1.8351004947891758,1.9791919508312323,0.9362812759497326,0.9151446517706662,1.017674638226628,1.3320207734339562,1.3325185969495283,1.3633460318149009,0.7100715319406661,2.1898418715907892,1.2338989199677328,1.1003741815078143,1.2927612615960524,0.9490567983251829,0.7831754156713127,0.8608526617350698,1.7834234987692046,0.9770764499635094
2022-12-20,0.8593902875064171,1.499812994873596,1.7733396951028935,0.7497309970704996,1.0857166107107872,0.8129321508478771,1.030721558242866,1.3229925024186138,1.2432152261451648,1.0254529272151898,0.6837964691138148,0.976654593005277,1.127219379040163,0.8053280841418329,0.7882602200452191,1.5353233259732157,1.1082285981192914,0.8380259541727785,0.6870547770738101,1.1421249249958936,1.0958709835959741,1.2222956896672734,1.8384434975362143,2.0308341773485328,0.9324676491410007,0.9223745395505877,1.020107075985406,1.3346045299440308,1.3411546090937803,1.370809553414213,0.6953359034340822,2.2355321402079626,1.2316932050810567,1.1091692944367615,1.3076998743304697,0.9456000068663182,0.7789659436096574,0.8568799769009317,1.8081552372572371,0.9864830377799512
2022-12-21,0.8673231519812583,1.5157194309194895,1.8094593651363566,0.7580835393077117,1.1020295043577633,0.8244794380693137,1.0496459999781034,1.3453580570462762,1.2579117378131999,1.0419665348101266,0.6984810737838273,0.9824127555945715,1.1345905044722306,0.8276310283313496,0.8139643507304473,1.552890543718946,1.1170066514696588,0.8442207331272217,0.6934009423257247,1.14298181548487,1.127042470656521,1.2713987174748151,1.8878015749976147,2.063110425125649,0.9478349673663443,0.9353121356523957,1.0400520356687555,1.3455864040503565,1.3510858251373137,1.3972431564166343,0.7377008646750026,2.2877483431735235,1.2532422615436754,1.1179644869991276,1.3285276201251732,0.9717174119718021,0.7954215784395956,0.8829458410401088,1.8480004895146747,1.0072125469813697
2022-12-22,0.8623653513648307,1.5240771570372749,1.8079224698320886,0.7554107645890762,1.0954763769476048,0.8190207391351785,1.0508015724544295,1.347989350855221,1.2562789250591742,1.0316049050632912,0.7007156400525955,0.974883027798498,1.131301967983988,0.8089644813736653,0.8191797897551172,1.5493767061815944,1.0866649442168457,0.8403858336861528,0.694068873726817,1.135698874854601,1.1309389437269826,1.2535963305399458,1.8795426039265584,2.049339350971348,0.9451427843577922,0.9136226465547853,1.0504296577167311,1.3501081755383149,1.3493584907602256,1.386980754749942,0.7321749512729476,2.2722468488470264,1.2430615860080343,1.1179644869991276,1.3243620929229951,0.9605791621822005,0.7885331704384134,0.8827519685781688,1.8603662748227041,0.9997221222563195
2022-12-23,0.8564156273201688,1.5149108099502273,1.8186813006155003,0.7574154094393559,1.099659088258404,0.8190207391351785,1.0493568419814678,1.3427267632373312,1.2513799548496287,1.029985917721519,0.7058233761188336,0.9713395587571386,1.122229578925465,0.8113887067130325,0.83184550490572,1.548791454610723,1.0829336106965073,0.8421556221170293,0.7034211387544158,1.1361272153447508,1.131912969024865,1.2713987174748151,1.8834753785857727,2.0811855248667994,0.9453669705623823,0.9406393571904916,1.0510786180877625,1.3449401882893786,1.3493584907602256,1.380761105843071,0.734016922406966,2.2763261500840213,1.2378015108740565,1.112101158013248,1.3223511828272647,0.9624994973713994,0.7822187866779999,0.8883721256947189,1.864488203258714,1.0117417837262177
2022-12-28,0.8610431231873228,1.516528447109167,1.8060011628172419,0.7467241063686438,1.1076065592837818,0.8120923154833207,1.040255825805219,1.3629874921170668,1.2628104420490112,1.0361380537974683,0.7010348638052767,0.9677960219902184,1.1357246571107182,0.815267384344126,0.83706094393039,1.5663575978431652,1.0934689788285603,0.8489401458563867,0.7087652435163844,1.146408958423422,1.1348354167974442,1.2856796385284728,1.8893747810524382,2.088071308451716,0.943460362268908,0.9315070354916167,1.0606454605603322,1.3539842054940827,1.358426369485809,1.39195643581615,0.7499804848143743,2.2832615606905784,1.2449279920430374,1.1199190892612583,1.328384132682081,0.9667243406041841,0.7848975469495967,0.8976745286558953,1.8631140032840794,1.0134837191770931
2022-12-29,0.8716202421810972,1.529739084703771,1.8056169389911747,0.7493968810872793,1.1108133046220612,0.8102027500618137,1.043434091577706,1.365092076365883,1.2622662597889138,1.0439090981012658,0.7058233761188336,0.9704536407026283,1.139693740652012,0.8203582930904663,0.8448838294268205,1.5686998577254865,1.1051015533111526,0.8474654722262758,0.7104352354074226,1.154120239543841,1.142628139811008,1.2733548491243174,1.8907511559920256,2.0764517540753076,0.9426750952201676,0.9459666948900236,1.060159012621601,1.3410641583336107,1.359721705333328,1.3891576508969907,0.7561202480288727,2.277550090081036,1.2447583790873613,1.1251309372487068,1.3279531214337414,0.9697970179956323,0.7891070775672288,0.8958334057335823,1.8631140032840794,1.0162709352324941
2022-12-30,0.8521186380383713,1.5122146162785228,1.78755672820542,0.7490627140550163,1.1050968259856826,0.8284685149237179,1.0383781971162251,1.356935685405871,1.245392487133022,1.0351666930379746,0.7083772441519527,0.9642526206744191,1.1310750958538216,0.8092069986640525,0.8400411817996978,1.552890543718946,1.08798180652872,0.8486453080936879,0.7137753825778067,1.135698874854601,1.1328870686985337,1.2663122098019675,1.8677437989932275,2.0768818279569716,0.9381883970204361,0.9383562622455933,1.0616184554703556,1.337834502215083,1.3437454127370558,1.3770292974693048,0.7745397719483054,2.253481763905017,1.2386499903540407,1.1153585630054035,1.304539857068063,0.9582746541386145,0.7870024000923779,0.9031008133105054,1.8672360995920627,1.0099997630367707
2023-01-03,0.8600517043492951,1.5548122630571275,1.8190655244415672,0.7650997707591697,1.1405113005100735,0.8139818295858321,1.048056734653083,1.3942994617950824,1.255734476825343,1.0351666930379746,0.7166772957566723,0.9961433679677335,1.1328895875330158,0.8043584295397549,0.8769209542076372,1.5874377576985073,1.1034554083303014,0.8563144836401749,0.7224596345101594,1.1455520679344455,1.133861242747989,1.278245811868232,1.900976995348377,1.978331310052373,0.9407681792603557,0.9638510257461369,1.0475111681494647,1.3501081755383149,1.3821752049601455,1.3959992837241928,0.7963361492363963,2.2208461071264205,1.2259241251994093,1.0837611373308567,1.3539521239380201,0.9682607380868792,0.8116860280052157,0.9584303281006745,1.835634704206645,1.01714181771936
2023-01-04,0.8683147726553686,1.5639790053645901,1.756047931969273,0.7851460661148402,1.1717429572120455,0.8259490601490447,1.0457455014079124,1.4300843169994608,1.2873046281624028,1.0484423259493671,0.7310427546856735,1.0439795566332648,1.1674773254410677,0.8077523687039817,0.9234862949103962,1.6079324868974298,1.1402189327202648,0.8495301676793677,0.7425001090616953,1.1871074854936192,1.1543174846466064,1.2442060797901293,1.8321509137947651,1.927979798195596,0.9482834423309704,1.0019026081611075,1.04605172530071,1.3597979342752096,1.425786340573311,1.4205669349656203,0.8304123340846095,2.0666432585232846,1.241534322944063,1.065519111940856,1.3630013840445256,0.9863123944332971,0.8518683104188182,0.9825582070272483,1.87685382069477,1.0181869278467424
2023-01-05,0.8832360096562418,1.5785377397950466,1.7764132978269183,0.7968397681842561,1.2019984349182582,0.8286784609351081,1.0340441822823758,1.4874455077381952,1.266620781764628,1.0487660601265822,0.738065989291338,1.0625824812667715,1.1674773254410677,0.8053280841418329,0.906722786819567,1.6366244988850582,1.1297932583868624,0.8598541297614446,0.7358198147209271,1.1776824233952474,1.1689290541274246,1.2985912576794763,1.8553552221477208,1.9494974610521842,0.9424508064601316,1.0361493227381713,1.0150803812634752,1.348816060168884,1.5225084890547946,1.3953773949520822,0.8558924662199868,2.0968314093726423,1.239498221013063,1.0749658651350718,1.387994547257595,0.9909212929465276,0.8560779581484038,0.9947675138666502,1.8892197738747731,1.0347358260614887
2023-01-06,0.8921608984773587,1.5882432992684075,1.8060011628172419,0.8065287233053071,1.1997675490408788,0.8305680263566151,1.034477521960998,1.4961286887580396,1.275329692729189,1.0549181170886075,0.7406198573244571,1.0789707800779034,1.1844877429072818,0.8206008103808534,0.9164085371414363,1.6389665796818313,1.150095802605372,0.8645738887881933,0.7428340747622414,1.1961039975931642,1.1718515762757902,1.3729305965621525,1.8761996011795197,1.9903809383104456,0.9425628995624267,1.0468039981372352,1.0298362328251542,1.339126617584514,1.5065319325620474,1.4180789992842948,0.8752330694168038,2.145376291100213,1.2374622020223836,1.0912532086295232,1.379088884377994,0.99245751406831,0.8610528739390535,0.997093170062454,1.8850978454387632,1.0552911928609627
2023-01-09,0.9043913577422454,1.5820422909557366,1.8282878356897339,0.812542708905189,1.2033927785334777,0.8278386768895475,1.0266767896981703,1.4819196860897963,1.2693423579994494,1.052327848101266,0.7460467391317067,1.094473364011206,1.1765495758246944,0.8290855398458573,0.9290742522920391,1.6266696705282584,1.1270499070554716,0.868703556732444,0.7374898883061191,1.1729700494775692,1.174773726545224,1.4012968937405348,1.885048464401674,1.9464849718184105,0.9411045611226868,1.0738205926115054,1.0426462926319082,1.3346045299440308,1.4797605588113416,1.41496917483086,0.8632604444664351,2.2135027165208583,1.2335595281757392,1.0889731445851425,1.3861273441725819,1.0024435392296038,0.8564606214569243,1.0054264325359694,1.8328864721293494,1.0610396821351376
2023-01-10,0.9086885488601256,1.5909393611999736,1.8263665286748871,0.8088675351878497,1.1962820627934994,0.8209102532376897,1.0213317372400537,1.4842879873673427,1.2747853774822249,1.054270411392405,0.7549852382417885,1.088715269147472,1.1595390890210322,0.8356309008839237,0.9246039409948397,1.612616827576524,1.1248551588993505,0.8704734144228372,0.7588664707423008,1.1708279280094664,1.199126441514303,1.3668659743245415,1.868530281781717,1.9499280279493791,0.9417776325136863,1.0753427720695403,1.0136208393821595,1.32556074985372,1.4849421660978928,1.4255425208836072,0.8651022281797032,2.1788279078768196,1.2323718227844027,1.0906017276310922,1.3799507970908604,0.9920735175748352,0.8591394402844977,0.9788759611826221,1.835634704206645,1.0579042665144192
2023-01-11,0.911663511800498,1.5682928361952342,1.8490376132579578,0.8142131356741633,1.2098062692100364,0.8127221535174912,1.0182980946121434,1.4987602240660949,1.2873046281624028,1.0562132911392406,0.7412583048298195,1.0714409845562696,1.1657762004895085,0.8576913870058347,0.9272116605071747,1.6401376200802178,1.1418652118831325,0.8743081060853558,0.707095251625346,1.1871074854936192,1.2108156375983283,1.3823208473119688,1.8820986429294193,1.9753188208185997,0.9400950053139104,1.091324262441674,1.008918575329464,1.3094111256128518,1.4840785648834676,1.3953773949520822,0.9255797181510531,2.1841311491108293,1.2449279920430374,1.1026542455521948,1.3811001238251623,0.9686446757933831,0.8646883803159165,0.9939923197816086,1.831512775770635,1.0673107690922894
2023-01-12,0.9133162465633623,1.5432192626214627,1.8694029791156033,0.8218975990920622,1.2344850115250898,0.8089430226744772,1.0336108426037534,1.5308610908386027,1.2802286629387345,1.0568608386075948,0.7335965447071228,1.0829571742837378,1.1748484508731354,0.8627822957521749,0.948072779511181,1.68346880110374,1.1473521829099478,0.8728332939362116,0.7244635921017438,1.1896779474518717,1.2039969398826469,1.4167516692479376,1.90746628996614,2.050199991750207,0.9388613658559898,1.105784038001517,1.0170261730184005,1.3281447434781883,1.5099863374197482,1.4047067731641674,0.9805310135892227,2.2179902471333857,1.2359351048390534,1.0881821458371392,1.4004914582155674,0.9970665301554821,0.8269767502322916,1.0077520147910934,1.8012852446159051,1.0953566458553852
2023-01-13,0.9245549842360974,1.5712580432294725,1.8755513118707219,0.820561186208223,1.2600000830790634,0.8097829093580291,1.0362110572605234,1.5555949467438113,1.293836544112841,1.0714315664556961,0.7361505687635813,1.0674547258015556,1.1714463396449133,0.872479197109644,0.9633464872146931,1.7273854127836816,1.1380241174731351,0.8861070880951271,0.7294737311631663,1.1836802378007287,1.2069192389036534,1.3960149386187783,1.9049098902465131,2.0829069707630286,0.9457037626464966,1.1103502278913133,1.0539972066875896,1.3203928416429151,1.528553433659296,1.3813831849116234,0.9829871625219974,2.277957820703514,1.248660969993685,1.086553164624096,1.425341243769357,0.9943780844053921,0.8419084072095055,1.0538760628510564,1.8067810372826028,1.0833371548626303
2023-01-16,0.9344717964854484,1.5739542369011768,1.864023657666153,0.8269091346441979,1.2722695826139803,0.8167112303718954,1.0373668063218855,1.5684884232571374,1.3079887405339117,1.0808215981012659,0.7355119652348795,1.0776420045844786,1.1589720473705125,0.8775700466332026,0.9875604534585048,1.7361684843999028,1.129244722302601,0.8837473471007863,0.7217916214149134,1.1793962043732003,1.2069192389036534,1.3899504138611916,1.891734349656829,2.076021351516623,0.9489566162774158,1.1423137894427609,1.0507540883859663,1.3242687925605516,1.515167812758062,1.3804501614570162,0.9931178163383477,2.253889245150967,1.2561267600143387,1.0963273704360297,1.4292193569501004,0.9932257422031429,0.8503311574713093,1.0383721811502287,1.7408300144344717,1.0619108203377186
2023-01-17,0.924885591739495,1.563709201561226,1.8590279963892355,0.827911482593859,1.2613943201826632,0.8244794380693137,1.0385223787982116,1.5555949467438113,1.3063557947930189,1.0885926424050634,0.7278505171588618,1.0825141136681422,1.1765495758246944,0.8904185475328559,0.9834626605182784,1.7490510032954427,1.1407676029865428,0.8822723964326085,0.7164475166529448,1.1871074854936192,1.2078934873288947,1.4042313349148492,1.9060896745487086,2.0919444384643486,0.9344866582031076,1.148401810306284,1.0611318094665028,1.3300826003798099,1.514735814228493,1.37391956816409,0.9731633164738998,2.2555214145235145,1.2781849871052684,1.1197851458509953,1.4220375194962327,0.9890008401833872,0.847842528456448,1.0517442791171927,1.7504479034091525,1.0709690381116996
2023-01-18,0.9367855444190254,1.5607435993065726,1.847116306243111,0.827911482593859,1.269481108406781,0.8057937298656336,1.0184425411716842,1.5542794205888941,1.3058112135723206,1.1047822784810126,0.7237004523506672,1.0745416638842749,1.1708791593194974,0.8821760984671131,0.9771298484497394,1.749636254866314,1.1248551588993505,0.8604442208439425,0.7117713432920685,1.175111961436995,1.191333569749166,1.4369014726502245,1.9121857878916881,2.1057156769571606,0.9186707624576921,1.149924105925755,1.031133658404413,1.3094111256128518,1.514735814228493,1.3714317276309862,0.9578137444444975,2.3522039461092334,1.2445886002510438,1.112943201782642,1.4210320095564613,0.9951460773923416,0.8457369140859682,1.0490310998195478,1.7435782465117673,1.0807240812091738
2023-01-19,0.9463713454928135,1.5394449076574088,1.8140704268181842,0.8292479465267405,1.2365762606688695,0.8099927527314279,1.0246540964020092,1.540596724982262,1.293836544112841,1.1057536392405063,0.7221044115989311,1.067897718691591,1.1737143675720958,0.8686004010329874,0.9558960290617107,1.7145030729736896,1.1418652118831325,0.8613292882081724,0.7067612859247999,1.2003880310206927,1.1903594700754974,1.3942540594581359,1.8669574364436596,2.099260131592419,0.9178857005198433,1.135464330365912,1.0160532771409378,1.3249149292833984,1.5013503252754963,1.35650449413592,0.9378592445800497,2.3012106856345778,1.2529028697516817,1.1090335990912872,1.4020714668467706,0.9724855225326932,0.8292740183149042,1.0182171349391524,1.775179641897185,1.0714916357946767
2023-01-20,0.9645518315564862,1.5097880946700444,1.815991733833031,0.8282455985770794,1.2438264001192079,0.8047439484896871,1.0161311313414776,1.559278613176868,1.2845831849144485,1.1041346518987343,0.7294467139339373,1.0780849297489536,1.1737143675720958,0.8795094742829217,0.9700517266266802,1.7303132824079699,1.1594238680421844,0.855724669595744,0.6997470258834855,1.2068139764076469,1.199126441514303,1.395232368982948,1.8714801032539716,2.123360209801116,0.9174369178888797,1.1491631323581735,1.0243229911319314,1.32556074985372,1.5112816732672674,1.365211983575895,0.9639535545141834,2.349348335492726,1.248660969993685,1.140636439838306,1.415573777960702,0.9790148738090642,0.8390368806622166,1.0329457486142593,1.7655617529225043,1.0822917890195332
2023-01-23,0.9711628715259847,1.4879503223747055,1.8179128529633661,0.8345935980620967,1.254004650510345,0.8093629146972574,1.019020327409847,1.5579629260225436,1.2965581203476622,1.1083439873417722,0.737427463774306,1.0842858820516024,1.1686109927174184,0.8853275795637342,0.9681891348418158,1.7379249554547085,1.1539367628333526,0.8518899086737086,0.7054250963460003,1.1922481999014471,1.199126441514303,1.4040357899859162,1.8909478668683395,2.1242206862414648,0.9210264610484674,1.1328008647986592,1.0163775097450516,1.3358966453134618,1.5194858188301879,1.3686327524153854,0.975005287607918,2.358322897964726,1.2574839954210308,1.1305366926107037,1.4309431823758336,0.9863123944332971,0.8384625636415634,1.0484496303150872,1.7518219355118134,1.0885630464538283
2023-01-24,0.9810794819392532,1.4437350384371614,1.8040798558023952,0.8148814186896466,1.2531681082481854,0.8129321508478771,1.001829685851689,1.5650675078563687,1.293836544112841,1.119676740506329,0.7300850054159602,1.07232697033634,1.1691783117177306,0.8879942037479256,0.9778747031366355,1.7490510032954427,1.1616186832893138,0.8400909266639374,0.7127734037820145,1.1931049856360851,1.1864629970050358,1.400709966513662,1.8691204144106588,2.118195872112428,0.9196802157110225,1.1244293424252114,1.015891160838881,1.327498685793473,1.5380529150697357,1.3723645607891517,0.987591996646668,2.3073298868665977,1.251545551404669,1.128256071132392,1.4401361494930567,0.9970665301554821,0.837505524756413,1.0794574676574222,1.775179641897185,1.093963250924114
2023-01-25,0.972815606288849,1.457215216354853,1.7921677898872477,0.8172200774250619,1.2668320579099415,0.8095729120276433,1.0138199863888253,1.5748029810006212,1.2807729781856987,1.1258287974683545,0.7227427030809539,1.0585961547864973,1.1754153538487588,0.8824184973119372,0.9938934475540935,1.7683741548393348,1.183018433858363,0.8353713754157389,0.714443313978899,1.2136683670390893,1.1621104307875296,1.4071657760891638,1.8669574364436596,2.1302456647090113,0.9109310055161498,1.1038814298404094,1.0184854178020337,1.3087650679281364,1.5155996793393933,1.4171460709779087,0.9863639221802806,2.278366050079046,1.247133789870034,1.134772075617983,1.4636931208694526,0.9939937351900924,0.8367397296915575,1.0825582439975883,1.775179641897185,1.1037182940215882
2023-01-26,0.9777739114954833,1.4348382316732011,1.799468982005079,0.820561186208223,1.2899766068529366,0.8030643803985659,1.0149753822801155,1.5890123056676784,1.2949250416199023,1.1303618670886075,0.7249773473613917,1.0603677877188364,1.1708791593194974,0.8850851807189101,1.0218327793946835,1.7853552255864538,1.1764337197529413,0.8333066107031303,0.7294737311631663,1.217524059976468,1.1358093677195402,1.4065789463423155,1.9043198778564936,2.121638763904887,0.9071171735965261,1.1076866461626245,1.0288634359802524,1.2964914736430357,1.5531658703480578,1.4152801192169149,1.0093882802243839,2.2416510920634547,1.17824447190322,1.128256071132392,1.508221435267457,0.9978346407163733,0.8503311574713093,1.0996125878091785,1.8205208546932934,1.1108604339427492
2023-01-27,0.9989294614175694,1.431872365938271,1.8217554669930596,0.8249045408429606,1.2951354971594948,0.8087330253440913,1.0184425411716842,1.580065568618511,1.294380726372938,1.13521875,0.716358072003991,1.118391255167291,1.1657762004895085,0.8816912415546833,1.0218327793946835,1.8064352063562474,1.183018433858363,0.8235722548869342,0.7354858490203809,1.2183807409567675,1.1377577158184504,1.3917110005817608,1.9243777740998027,2.145738349098053,0.9020693945526445,1.1126331485940575,1.0361603531263441,1.2984294095827886,1.538484517754592,1.422432696430172,0.9921968307713386,2.2363481002059724,1.1612766240502712,1.1298848930785976,1.5108069538384319,1.0016754286687126,0.8468854895712976,1.0678294824411219,1.827390679462652,1.0958794140155055
2023-01-30,1.0266957485550303,1.4437350384371614,1.825213857196686,0.8272433527255033,1.3012703534385732,0.8152416082921644,1.0206094161498318,1.5840123080826696,1.3090773710278403,1.1371616297468354,0.7141234277235532,1.1640128857360081,1.1708791593194974,0.8841155261168321,1.0002262596226323,1.8070208160982149,1.1819208249617732,0.8445156401494371,0.7358198147209271,1.2188091862012558,1.138731815492119,1.3774300795281031,1.935193265129408,2.1614461525971813,0.9135110954224069,1.1194827238323424,1.0403762682728692,1.3061813114180618,1.4853739007309867,1.4208776890552333,0.9971087537953873,2.2404274014429673,1.1573740331439475,1.1324914541396716,1.5220108310513853,0.983239717041849,0.8643054827834888,1.0573644362337427,1.8370085684373327,1.1005825374465832
2023-01-31,1.0362819533009837,1.427558798587904,1.824445033775529,0.8215635341578843,1.2955538748021949,0.8236396027047574,1.028121431878614,1.5692774813510364,1.3074442923000804,1.1183815664556962,0.7115695596904341,1.1631270354070584,1.1623742279361826,0.8639944084218586,0.9979910584672703,1.8035075158175071,1.1610700130230356,0.8510050490880288,0.7348178359251348,1.20638542640882,1.1406799404636705,1.3563020640810286,1.9226080976465096,2.1679015336234126,0.9216993273285753,1.109589254323732,1.051564867961372,1.3119949611610575,1.4663749379101074,1.4171460709779087,0.9992577201184086,2.2077919940408983,1.194533619112502,1.1230431082770815,1.5105198691684347,0.9755580823501997,0.8570312494510376,1.024612486140744,1.827390679462652,1.1007570208028143
2023-02-01,1.0171096447271182,1.3857701679989767,1.8186813006155003,0.8269091346441979,1.3000155400453335,0.8301481343338348,1.0253765057847493,1.5821704748661414,1.3085329227940088,1.1433136867088607,0.7176350450263855,1.1679992122162823,1.1555700054797386,0.8678730268301705,1.0024614607779945,1.8058494175287323,1.1539367628333526,0.8397959503822052,0.7364879912044806,1.19439032136955,1.142628139811008,1.325196870657265,1.9367664711842314,2.1808122956758758,0.9271956838925288,1.1423137894427609,1.0330795491918991,1.3242687925605516,1.4840785648834676,1.4003530760182905,1.002634573487067,2.2130949858983806,1.203187197464813,1.1171786644233401,1.5220108310513853,0.9790148738090642,0.8662198533336737,1.0191861275454541,1.8163989262572835,1.0803757111667132
2023-02-02,1.0521481868408726,1.38172587749142,1.7963944398584966,0.8295820114609185,1.3134004292631303,0.8244794380693137,1.0310105396544655,1.5550686396822002,1.3406475223649001,1.1549701740506328,0.7339157684598039,1.1848305039174496,1.182219576305203,0.8855700376313398,1.0028338881214427,1.8146326682305014,1.1934438398277318,0.8297668260628271,0.7682186540757459,1.2286625887897773,1.1630844560854119,1.325196870657265,1.883081956833145,2.1126012962035667,0.9202409888888353,1.2256470743754957,1.032755118522664,1.3139332132533352,1.445648772660378,1.4071946136972715,1.11437941662855,2.2257411189848977,1.203526506316486,1.1425913606341114,1.5366621395481803,0.9978346407163733,0.913311565344137,1.0536821903891165,1.8040329730772804,1.0563364734654883
2023-02-03,1.05479274411393,1.4259412931691025,1.8551857581285651,0.8232339609268587,1.3150736202990698,0.8351869412451898,1.0398225744191147,1.5700668614437496,1.3357488181290889,1.1640364715189873,0.7584968555446209,1.1848305039174496,1.1725801455961602,0.8938124274743011,1.0087943638600583,1.7929674358898362,1.1797261438966604,0.8563144836401749,0.7615385231232852,1.2213797529138466,1.1786701252398992,1.3361521631987172,1.9115957755016684,2.049769753530032,0.9357205027719199,1.2404873947998474,1.068590941947212,1.3203928416429151,1.4594662601429436,1.4003530760182905,1.1459996399647387,2.2620480970014842,1.2143860483764348,1.1448719024790042,1.5320658206652877,1.003595881431853,0.9447061180924149,1.0569769131319016,1.817773126231918,1.0674850819713773
2023-02-06,1.028678989903251,1.4262105700119132,1.8432738800979291,0.8235680258610365,1.3004337046647934,0.8248993814110896,1.0552797689702655,1.5682251892266283,1.3292169021786506,1.1462277689873417,0.7511543971862751,1.180843906534934,1.1793846454023968,0.8814487834870777,0.9607388587158829,1.7578340749116639,1.1764337197529413,0.8530697445411207,0.7652126359942154,1.2170956147319798,1.174773726545224,1.3115026818704312,1.8813122803798517,2.0863496982169765,0.9340379781275898,1.2070017699518012,1.0723204091550056,1.319746942034462,1.4495350440994101,1.3863587708296106,1.1183702603752144,2.226965058981913,1.2086168026141462,1.1425913606341114,1.517701816406115,0.9859283391528515,0.9249888567976111,1.0472869131282045,1.805407173051915,1.0533749445309994
2023-02-07,1.0177707588158722,1.427019322721314,1.8866945543647122,0.8242363599255623,1.3164678574026694,0.812302261494711,1.0730482850591048,1.5919064310086148,1.3177861490055343,1.1475229430379748,0.7492390546701881,1.1870449942887036,1.1742814092226155,0.8727216551772496,0.9681891348418158,1.7800849169942963,1.180823484429217,0.8486453080936879,0.7548583921708244,1.2222365386484846,1.1699031538010936,1.325196870657265,2.030959718818876,2.071717818945305,0.9206896689643531,1.2024353477391325,1.0809145538152343,1.3074731896730991,1.4737153503103653,1.379828177536685,1.1017927075898,2.2469545826739923,1.1896130187108387,1.133468874720865,1.5355131421653165,0.9759423139915577,0.9278602662329465,1.0461241220006423,1.834260672103984,1.0592976614456906
2023-02-08,1.0161180240530079,1.449396702623381,1.87747280677008,0.8162178315734857,1.322602500658508,0.8133520428706573,1.0841718179464785,1.6113773772971196,1.3194192277332941,1.1468753164556962,0.7511543971862751,1.1706566277520112,1.162941130911806,0.8734489109345035,0.9637189145581412,1.7876973063832269,1.1780799989158093,0.8439254798074225,0.7548583921708244,1.2273774625649896,1.1591880573907367,1.3081770533582258,2.0970329302543913,2.0798944815292555,0.9196802157110225,1.2085238332484,1.065023591041475,1.29713745228962,1.4871011031598371,1.3711205929484893,1.1119235488269008,2.2310446095954353,1.1924974342411816,1.1315139539250596,1.5412587877825108,0.9728695778131388,0.9215430132296689,1.0583334288400446,1.8534961143093986,1.0540717698544926
2023-02-09,1.0250431147102073,1.508440261314469,1.8951482300762332,0.8165518965076636,1.3217661714195879,0.8097829093580291,1.0853274787153226,1.620323792347473,1.315064838744447,1.1510847310126582,0.7358312669992304,1.1733143141899813,1.1691783117177306,0.872479197109644,0.9663266340704761,1.7941384762882229,1.1693006037452751,0.8403858336861528,0.7548583921708244,1.2230932196287843,1.1436023882362496,1.3077858660203352,2.146194296839478,2.0962478066971557,0.9218114204308703,1.205860135358275,1.0625912523152574,1.294553537703283,1.6572282992815617,1.3835598907622304,1.1159144862839403,2.1482319017167204,1.1899523275625117,1.1318398935078218,1.5504517548997339,0.983239717041849,0.9263288517711661,1.0534884658085357,1.835634704206645,1.0589493766418014
2023-02-10,1.0035570582027646,1.5354007488899906,1.9512494179102977,0.8118744258897057,1.294717226028415,0.8020145990226195,1.063947268882856,1.6066410967408409,1.3030897703243662,1.1329522151898734,0.732638951460749,1.1502820701861654,1.1731474645964723,0.8727216551772496,0.9525432728354299,1.7830131447896806,1.1610700130230356,0.836551211283151,0.7354858490203809,1.2115264550796636,1.1328870686985337,1.262986581289762,2.202435090671269,2.111740491086197,0.9270834882347879,1.169330500078467,1.0690773898859431,1.3074731896730991,1.5747556368122124,1.3683218080293298,1.0984159479315168,2.0898957493895574,1.1831650723048832,1.124020528858275,1.5309167134986115,0.9740219200153881,0.9029744445321483,1.0414729574903943,1.817773126231918,1.0394392052082813
2023-02-13,1.0042181722915187,1.539714447980496,1.9558608553611483,0.8115404120045703,1.2989001503624538,0.8152416082921644,1.0744929272395485,1.6147982926978883,1.323229567448911,1.1517321993670886,0.7345542159651662,1.1524966960085399,1.1952608408926753,0.8892064348631723,0.9637189145581412,1.7789140556814578,1.1802749483449555,0.853954742645834,0.7461741402384717,1.220094417180382,1.1358093677195402,1.265921119944101,2.1922097322706056,2.1074372871919,0.9561356000411453,1.1700915898074844,1.0755635274566289,1.3145791918999195,1.5756192380266376,1.3751634408565319,1.1110024695495164,2.1041738024720944,1.2004723948901463,1.12727857091778,1.5245964594061727,0.9790148738090642,0.9108229948852525,1.0606590110951686,1.8163989262572835,1.0411812258977284
2023-02-14,0.9999209811736385,1.5526554135118746,1.9677723576227613,0.8212293671256213,1.3058713358804521,0.8557621635513812,1.0617805704897445,1.6029575913071914,1.3177861490055343,1.1475229430379748,0.735192819493868,1.171099552916486,1.195827882543195,0.886054835320988,0.9562684564051587,1.785940835328421,1.156131578080482,0.8465803356025291,0.7425001090616953,1.1969605738191254,1.1358093677195402,1.2571176014611085,2.202828031468209,2.102702859046367,0.9571451558499215,1.1689499552139584,1.0640506951640123,1.3061813114180618,1.55791547910504,1.3776513765378569,1.0950390008524833,2.104582031847627,1.194533619112502,1.126952790601855,1.5452806079739716,0.9782467044612021,0.9161830333354491,1.0500000924258495,1.812277165693247,1.0483232805803178
2023-02-15,1.0151263024608561,1.5593956342108588,1.9819903301478454,0.8352617789794949,1.203253248311498,0.8712986302652135,1.0522461263423553,1.6111143042660176,1.3324826606735691,1.1611223101265822,0.7412583048298195,1.1746432251345267,1.1992295777467286,0.9100546898698366,0.9715418910680965,1.7613475542779196,1.1539367628333526,0.8515950016514932,0.7488461926194561,1.1973891238179522,1.142628139811008,1.2614216369781504,2.2012555468469177,2.120777958787517,0.9573693420545117,1.1662863734852693,1.0679422786738628,1.3262068865765668,1.574323770230881,1.3907125631237085,1.1174494622289557,2.071538519758289,1.2050536864401367,1.1298848930785976,1.5047743333350532,0.9920735175748352,0.9332203046831431,1.085271423295233,1.835634704206645,1.051633009080124
2023-02-16,1.0055404004690267,1.5316262621857981,1.9887081408573941,0.8355959460117578,1.2176143165250541,0.8679393914449798,1.0509459307214524,1.6271651401507892,1.3520781425511497,1.1510847310126582,0.7383850570206797,1.1728713890255065,1.1890235214118547,0.9163576520630788,0.9760121113517711,1.7894539565235805,1.1363781066743008,0.8451055234533847,0.7451720797485258,1.1811097758424762,1.1377577158184504,1.2760938428497233,2.2325465238957722,2.242137018547737,0.9491811101483434,1.1704720185105573,1.0744284162445485,1.2783879477599052,1.6390929376751078,1.3925784197364812,1.1238962674876445,2.069906724450533,1.2194761787934538,1.1285817718148983,1.5208619434523343,0.9966824160880657,0.9343688801684725,1.1027132902086643,1.8480004895146747,1.0694013303013405
2023-02-17,0.9919878139446733,1.548341714421369,1.952969500613302,0.8382687207303934,1.2095275283009361,0.8859952616144895,1.0720371591423195,1.634269077986986,1.3564326645268636,1.149465664556962,0.737427463774306,1.171099552916486,1.2134053416599289,0.9035092696089887,0.9734045738664857,1.666487730356621,1.1528394223007963,0.8518899086737086,0.7495142874088558,1.2025299429801184,1.127042470656521,1.2557483970384788,2.2022605037565945,2.260427401737485,0.950190460846228,1.1472606403585022,1.088860035202114,1.3161871436417656,1.652046823943248,1.39195643581615,1.1100815776928825,2.0792895162980654,1.2082775767027938,1.1438945615312297,1.4625439039189638,0.9986028688512062,0.931497529289114,1.089728715343541,1.8782278527974312,1.0631301581056172
2023-02-20,0.9866990021526827,1.5556211475066664,1.9399034480283728,0.839271017631012,1.2261194823918717,0.8746579717234386,1.0653920876483358,1.633216946861985,1.3526224577981139,1.145256408227848,0.7415774505708309,1.1684421373807572,1.2139722446355523,0.9066608099283914,0.9663266340704761,1.6594609507096578,1.1583263933276113,0.8403858336861528,0.7498482531094021,1.2093842288572223,1.120223698565053,1.305829539410784,2.195573776828986,2.2346060419710696,0.9445820111799794,1.1468799793325573,1.0830228580024597,1.3155410859570502,1.6593872363435058,1.3904015235894325,1.1020997964891783,2.120084024927179,1.2111619922331367,1.1448719024790042,1.4806426436996003,0.9966824160880657,0.9341774606802471,1.0833334380826294,1.882349781233441,1.0934404827639936
2023-02-21,0.9840545457976668,1.5596653062740846,1.910312952654888,0.8345935980620967,1.1950270363770201,0.8851554775689289,1.070303623842794,1.7037342041469263,1.3558886152536336,1.138132990506329,0.7728621584502826,1.1635700960226538,1.2145394249609682,0.907872922598075,0.9361521920880487,1.6372101086270254,1.1533882267490911,0.8436307113042405,0.7354858490203809,1.2093842288572223,1.1134049264735852,1.2340333568845072,2.1645004322288646,2.2270749010558912,0.9508633271263359,1.1609592100278916,1.089022151504171,1.3220024531855172,1.6662960460589074,1.37391956816409,1.1097746762142546,2.0531810407504936,1.2143860483764348,1.151062285915508,1.4642676195608846,0.9809352677852338,0.9353260947215535,1.0656978465886173,1.882349781233441,1.0807240812091738
2023-02-22,0.9853767739751748,1.5502290236435343,1.8826439521807614,0.8325888511137318,1.2047871221486972,0.8985923302118726,1.070303623842794,1.6737379216232349,1.389091446357852,1.1365140031645569,0.7782891962808717,1.1644560818027243,1.2139722446355523,0.8976911643281762,0.926466623793229,1.6606323492791404,1.1402189327202648,0.858379386871817,0.7348178359251348,1.1948185571053611,1.1056120547084485,1.2072321014977612,2.121627561261881,2.213088214775971,0.9571451558499215,1.1453579160359584,1.080428105876503,1.3245869210387728,1.6490242856668786,1.3617911195881833,1.1051697483792087,2.01565037211342,1.2252452586751013,1.153342827760401,1.4725986739652408,0.9671085134585715,0.9232659642916284,1.0428295471392166,1.8534961143093986,1.042226506502254
2023-02-23,0.9943014609602089,1.5113501374905953,1.9076228222188842,0.8319207212453761,1.203601647819968,0.9006916876877826,1.0529217406905251,1.6579504807683796,1.3836484268750766,1.1429897943037974,0.7808431423256605,1.1675562870518075,1.2066011192034847,0.8989032769978598,0.923113958580473,1.6688299902389423,1.1237576841847774,0.8504150965245644,0.736153862115627,1.1858221497601544,1.0978191829433115,1.1774964049367003,2.151520400126275,2.205557402537814,0.9408565820546635,1.1624810410016182,1.068428825645155,1.3239408633540575,1.6475991127536613,1.3661450070305021,1.1177564574179586,2.016466207423166,1.2174402427430953,1.147478463540078,1.4938575407920969,0.9732536330935845,0.923074544803403,1.2897287892842209,1.8425045289760036,1.0166193052749548
2023-02-24,0.9857071796424898,1.4965200183751144,1.9206884990347903,0.8249045408429606,1.1895153795855782,0.8943933073460781,1.0438199298816138,1.6726854684994197,1.3754836981706127,1.1468753164556962,0.7757353282477526,1.1648984651627168,1.1969618271693383,0.89841842008543,0.9063503594761189,1.6483356192111156,1.1204653942230751,0.8574945272861372,0.7331477623399427,1.1811097758424762,1.0861299124834998,1.1135253338885795,2.164106769998393,2.2346060419710696,0.9404080045345916,1.1636226755951444,1.059510250315691,1.337509971648232,1.6653057745364839,1.3683218080293298,1.1039418613335716,1.9921933924945894,1.223548548536095,1.1468268232748098,1.4840898554158168,0.9736377471610008,0.9209688133209695,1.3182169500874534,1.8562443463866942,0.9871798631034443
2023-02-27,0.9866990021526827,1.4962502145717504,1.949510546756141,0.8492940887352834,1.203880495240688,0.8990123248726443,1.0475761584773002,1.6624232052953352,1.3809267176533881,1.150760838607595,0.7683929479010765,1.2012187350030212,1.2134053416599289,0.9166001101306845,0.932426917504795,1.6869821013844477,1.1347318275114329,0.8598541297614446,0.7408299537823495,1.1905345236778326,1.1065861543821172,1.1135253338885795,2.195573776828986,2.244289031341162,0.9409687777124044,1.2012939454684786,1.0499432097779997,1.3342790509196047,1.7007196258950792,1.3810721453773473,1.1039418613335716,2.0168740627339075,1.2211729718727808,1.1497589257515524,1.4878245909372805,0.985159993444077,0.9408775526599755,1.4050389833748078,1.87685382069477,0.9838699641264947
2023-02-28,0.9840545457976668,1.466859121443461,1.9418251308122425,0.851966965552004,1.2178271267414782,0.8931335286397459,1.0296616948561133,1.6724223954683177,1.3624201322434706,1.1420185126582278,0.7572198825222265,1.1879309800687738,1.1884567571111273,0.9207213050521652,0.9458377603828684,1.711575382434949,1.1171731042613726,0.8498252132206167,0.735151801625681,1.1785393138842237,1.0929486845749676,1.1285888245780675,2.165287516211964,2.262579085853889,0.9279558248570403,1.2176562130279929,1.0441058345132237,1.295510768510671,1.6933776301159713,1.3882247225906044,1.1119235488269008,2.0207494986596637,1.1975877305388416,1.1373784774122198,1.5116688665512985,0.9828556029744326,0.9414518111246518,1.4044575138703472,1.87685382069477,0.9950188283480986
2023-03-01,0.9777739114954833,1.4582305376012044,1.9706466148800588,0.8402733655806731,1.2162930398810392,0.8985923302118726,1.0272054852962937,1.6847892429212186,1.3760278804307098,1.1582081487341773,0.7645621848572328,1.1773006406702555,1.153302046890004,0.9784179155073314,0.9640915239286388,1.719773023394751,1.0877623518404103,0.8628041696168335,0.7174494137545833,1.1412681392612556,1.0978191829433115,1.1659541851683752,2.1645004322288646,2.2303026737382625,0.9282924118302629,1.2020549190360599,1.059186116744138,1.303264567261094,1.7054701582897238,1.394133331963199,1.1039418613335716,2.092343878760115,1.1947032320681783,1.1162013234755654,1.4927084336254204,0.9874645014876631,0.939728977174646,1.4381784565696478,1.8754799564640825,1.0403102581722907
2023-03-02,0.9731462137922466,1.464701876677793,2.001774193442323,0.8489601258991906,1.1977439347756924,0.91538842167505,1.0393413801957057,1.629215467599433,1.3874586336038264,1.1572367879746834,0.7703083684288333,1.1755290754634764,1.1640753528877417,0.9755087740327528,0.9458377603828684,1.7127464228333358,1.0901767559578661,0.8728332939362116,0.7184514742445293,1.1498362061163125,1.0997674566664357,1.1694754560895382,2.207373784151536,2.242137018547737,0.9397348305881462,1.20433795590024,1.0170261730184005,1.3077873662447586,1.701151360528173,1.3841818746825616,1.1113095584488946,2.084592757532075,1.214492377867475,1.1256495100713182,1.4748968882985936,0.9813192642787085,0.9265203298153684,1.4356590018525837,1.7793014024612213,1.0483232805803178
2023-03-03,0.9731462137922466,1.453916179810007,1.9829440319283425,0.856310371235784,1.195791257249314,0.9141287456067091,1.0417972365854529,1.6273728293858696,1.3809267176533881,1.1514083860759494,0.7776506707638395,1.171099552916486,1.1697453533682503,0.9798723677990576,0.9436026502410311,1.7227010721045874,1.1155270263715298,0.8663437464785865,0.705091130645454,1.175968747171633,1.10366407848847,1.1904078291276552,2.1841667103033755,2.2453649555686184,0.9300872346877797,1.2191783924860278,1.0241608748298745,1.2948647108259557,1.703742823912636,1.3907125631237085,1.1162212940521932,2.1335458686351783,1.2138135113431672,1.1279302111830485,1.4878245909372805,1.0135819065931468,0.9359003531862298,1.4500000924258496,1.7669356171531918,1.0702721275496347
2023-03-06,0.9764516833179753,1.4482537251829575,1.9979312036436068,0.8683382913865053,1.2017883940039498,0.9132888589231571,1.03977463158181,1.6260569812321384,1.3798382201463268,1.1459040348101266,0.7715853414512277,1.176415061243547,1.1725801455961602,0.9750239763431046,0.9413675400991938,1.7057198222719205,1.1204653942230751,0.8530697445411207,0.6987449653935395,1.1802528853534997,1.102689755687442,1.1469779437797607,2.2002936354712994,2.25182033659485,0.921449502262527,1.2256470743754957,1.0280525573722858,1.2900186458855396,1.7076294911963805,1.396310228110248,1.1085466017478671,2.049917574823245,1.2039713152559928,1.1197851458509953,1.487249982462036,1.0124296819648393,0.9475775275277502,1.4804265342044038,1.6776270557916628,1.0403102581722907
2023-03-07,0.9810794819392532,1.4628144357154893,1.9967785321654057,0.8656653635207422,1.1779395902306264,0.9069902733054699,1.0415083434663712,1.643164939223529,1.3880030818376576,1.1413708860759493,0.7792468675389151,1.1662273761072621,1.1691783117177306,0.953690805201229,0.9462104607668909,1.6887385724392534,1.116624501086103,0.8571994817448882,0.6974088575088936,1.1755404066814832,1.0968450832696428,1.1154816604981308,2.1967533206533374,2.2615031616264316,0.9244783747997477,1.2191783924860278,1.0379439295466517,1.295510768510671,1.6994238942028477,1.3953773949520822,1.1119235488269008,1.9560905291657695,1.2049894076916532,1.1249979494394684,1.4751841925362157,1.0208794860043506,0.952746263601675,1.4843023567482516,1.7119766832543761,1.0267226331763182
2023-03-08,0.9754601635619063,1.4590394220507434,1.9887081408573941,0.8703427830896575,1.1776607428099064,0.9149685296522697,1.0274944667078934,1.6600099851832248,1.390724525085612,1.142342325949367,0.7719044871922391,1.1684421373807572,1.1839204239069696,0.96241805195662,0.9499354623095702,1.7098185532090473,1.127598845685783,0.8566095984409405,0.6690182192667818,1.1802528853534997,1.0929486845749676,1.1270238802664558,2.196360620334241,2.262579085853889,0.9252635392930423,1.221461313188772,1.051240437292137,1.2980952363639267,1.7002877593137478,1.3997310920979593,1.1017927075898,1.9860743159508334,1.2022743562960245,1.1279302111830485,1.4823660299900832,1.0043639919927443,0.9546604584839294,1.5199612846601558,1.7078545869463928,1.0382198674403829
2023-03-09,0.974137834466357,1.4649715487410189,1.9775639589408462,0.8780271954585138,1.1395860340685937,0.9132888589231571,1.0201263677835435,1.6347424162436812,1.40161069703803,1.1335999208860759,0.7779700505398602,1.1631270354070584,1.1833535209313462,0.9379333404953417,0.9532882185358509,1.71743076351243,1.1374755813888737,0.8571994817448882,0.6621711054640481,1.187535825983769,1.080285314441487,1.1006136172575516,2.190853677708828,2.2851725085994232,0.9225711511735983,1.220319910918118,1.0426462926319082,1.288726293401715,1.6735115034782544,1.4379818186973485,1.10025782535516,1.9312057442386852,1.20091678912805,1.1246721691235435,1.478344319582435,1.0108935784169986,0.9632748039018892,1.5313954713551958,1.6546289311734141,0.991494810079086
2023-03-10,0.9513296506994479,1.442321598492682,1.9556592552802827,0.8673359944858866,1.0977460330546032,0.9011116823485543,1.010301882714338,1.5597303775130198,1.373850885416587,1.1232384493670886,0.7648814086099139,1.1520536353929445,1.1907246463634138,0.9119941767423372,0.9152908910569929,1.674685729487519,1.1319883419980252,0.8480552862707068,0.628436280765814,1.1849653640255164,1.0559326738481942,1.1002225273996853,2.1601742358170224,2.291627889625655,0.9129236578286777,1.2024353477391325,1.0298362328251542,1.2787111346785254,1.5975015337333256,1.3984870291090759,1.066181734217322,1.9295741983074566,1.1880202327935743,1.128256071132392,1.4299376724360622,0.967876565232492,0.9485346835248544,1.4544575323555171,1.5982835426459023,0.9817366131544596
2023-03-13,0.941743647789577,1.4407035661133274,1.8738051132206157,0.851966965552004,1.0284307206352523,0.8855752669537178,0.994410024096794,1.4952459290092437,1.363508762737399,1.0885926424050634,0.7549852382417885,1.1263639758533996,1.2066011192034847,0.8739336494013702,0.863510020316039,1.5938791066890512,1.1462548423773913,0.8495301676793677,0.638623500891855,1.2098128836103876,1.0744405676479014,1.067356649775328,2.0551546756497965,2.2367577260874736,0.9100070835046437,1.1579149672732578,1.0045403458157605,1.2409117807204024,1.4873738401667456,1.3194974499325305,1.0213609988851278,1.8712381706685572,1.1758022941624446,1.1230431082770815,1.3566811299520871,0.9267802399590092,0.9196288183474145,1.4050389833748078,1.4979614047224568,0.9667509051057734
2023-03-14,0.9671962879115021,1.4407035661133274,1.8980155356066044,0.8512988356836483,1.0603688689115696,0.8935535233005176,0.9971549501906589,1.5186706987358167,1.3809267176533881,1.1064012658227849,0.7645621848572328,1.1392089410742927,1.2009308413731838,0.9018124184724383,0.8813911744913118,1.625499167386516,1.1451572334808016,0.8577895035678694,0.6412955941199162,1.2046719596938826,1.1007415563401044,1.08378944236747,2.0878007453490532,2.3131455524822426,0.913821120535159,1.183790159476874,1.0231879789524119,1.2350966292529133,1.504648635368237,1.3328698663490999,1.0357895853475207,1.882456747823348,1.1822506552700032,1.1399848792064562,1.385696442708055,0.9371503204007484,0.9286260027418249,1.5038759334548673,1.496587036875849,0.9831306899943043
2023-03-15,0.9546353220612591,1.4350413749665545,1.7366133459817186,0.8416097784645122,0.9639969422644179,0.8704587435816615,0.9978775361584349,1.4433954259746464,1.3673189694661487,1.0720791930379747,0.7527506719730205,1.1210489416052611,1.1890235214118547,0.8382975842908966,0.7718692303113627,1.5329810660908947,1.156131578080482,0.8548396714910307,0.6334463789801595,1.2038151739592446,1.0841817875119484,1.0014294470777048,1.9147354542316857,2.2152402275693954,0.9065293257810135,1.1065451277305343,1.0329173338572817,1.217327750817432,1.3889064123478745,1.2656976010659646,0.9940387081949816,1.6807284687370987,1.1707115002228607,1.120436706482845,1.321920171578925,0.88337940664194,0.8884257436433388,1.396705425138574,1.4526102874799152,0.9294609904824316
2023-03-16,0.9744684419697547,1.4558038842525876,1.697799412052998,0.8419438944477325,0.9928668103082372,0.8952329887536473,1.0019227461657207,1.4689259069458849,1.3841927421220408,1.0960399525316455,0.7498775021755505,1.1272498261823494,1.1997968967470405,0.8446005464841388,0.7819273169631553,1.5323954563489275,1.1687519334789969,0.8675237208650319,0.6528188404364493,1.2209513076693583,1.1173013251682604,0.9701927531010346,1.8976254556378798,2.231378433627209,0.9169620861746747,1.1156775075101273,1.0458061245498846,1.2034357717571622,1.4044540051205152,1.2905761966934473,1.023509871497774,1.7264181139129533,1.199559304900396,1.1305366926107037,1.363575772952145,0.9002788971470213,0.8997200790084084,1.417635813316051,1.4677273265607624,0.9202256469564971
2023-03-17,0.9701713517699158,1.4579608655379785,1.7016425897362262,0.8249045408429606,0.9732017829619113,0.8893543977967319,1.0118911480393586,1.4268136140454597,1.3771165109246384,1.0847071202531646,0.7466850306137295,1.1037747924651793,1.1782504234264612,0.8302975932927594,0.7510078837735445,1.5113072376439254,1.1457060379290964,0.8569045747226728,0.639458578531528,1.205100404938371,1.1124308267999166,0.9799768231494003,1.8877921963617024,2.1775843586549946,0.908100064989386,1.0776256927722845,1.0227785783459957,1.2176509377360523,1.3690402857101576,1.2507705578673403,0.9964946697070061,1.7649687325475396,1.1793657420977366,1.106427117663632,1.3286713271358908,0.8703208804501107,0.8767484521898649,1.3594962569379463,1.4278731770887323,0.9148238229533494
2023-03-20,0.9731462137922466,1.4547251959996843,1.7185516321198717,0.8342595331279188,0.9508870660490271,0.9011116823485543,1.0214264751119284,1.4257609999222376,1.3901803428255148,1.0869736550632911,0.7415774505708309,1.1152909144670873,1.1952608408926753,0.8470248310462877,0.7543605489863004,1.5101358390744428,1.1594238680421844,0.8610342426669235,0.6469737871236616,1.2205229671792086,1.1153531258209226,1.027723221457459,1.9155220572590972,2.1474599593327923,0.9159525303658983,1.0962712295188513,1.0256976621086271,1.2321890535191689,1.3280123007424924,1.2800027554924787,1.0090814724561312,1.8330954073447123,1.1948078198124852,1.1155496035768784,1.3245056901499,0.8852998006181098,0.8920628310315759,1.3660854066607981,1.4567330552757922,0.9339915058058549
2023-03-21,0.9873600153233953,1.4700947909817552,1.77581075219846,0.857981053249971,0.9981665089762135,0.906570483920681,1.0315397650076974,1.4581345996902695,1.397256175062316,1.1073726265822785,0.7444506203683009,1.162241049626988,1.1816526733295794,0.8768427316531672,0.7934755680563643,1.5956597542928372,1.1446085632145235,0.8728332939362116,0.6579959623481448,1.2029582834702681,1.1104827018283652,1.0181348912980752,1.9800284353026527,2.190495285045968,0.9266096820750412,1.1267126116122639,1.0500223367940922,1.2464040614217964,1.3897701455105371,1.3160767762412608,1.042543479505588,1.8298318167291998,1.204310789988307,1.1279302111830485,1.383541825601607,0.9125694891388719,0.9046972784821541,1.4534884658085359,1.5048327403395765,0.9305064415641006
2023-03-22,0.990996193270563,1.4798020630769149,1.7811910130704678,0.8653312985865643,0.9948190617881363,0.9212671152699569,1.038907687347011,1.4860338649372757,1.417940287433825,1.1093153481012659,0.7517929227033072,1.1702137025875363,1.1873225351351917,0.8785397604580621,0.800180989495401,1.5769148699834445,1.1424136137853773,0.8881719220672525,0.6663462485799514,1.1978174643081019,1.0890522858802925,1.0191132983029119,1.9839616909175546,2.22061984870668,0.942875796227662,1.1769408165614612,1.0670497972357833,1.2402658020738182,1.4079090697194034,1.3083022151076726,1.0572789674466088,1.8363589979602246,1.2231466197423508,1.1276044308671236,1.3721942413779362,0.9045036815928353,0.9219259693180735,1.4459302495387025,1.5103298759820616,0.9268472349204017
2023-03-23,1.0042181722915187,1.4827681922921216,1.7462206325939984,0.8479577779495293,0.97473608284559,0.9116092908320359,1.0386187942279297,1.442868796914221,1.4059654849874783,1.1109343354430379,0.7355119652348795,1.1631270354070584,1.197528868819858,0.8727216551772496,0.7942978752528583,1.5704710137952285,1.1550339691838922,0.8825674419738574,0.6713563467942969,1.2136683670390893,1.066647770258551,1.0122644492690558,1.9615418212914153,2.2539721850497645,0.9361449797622211,1.1929225392564669,1.0784014045193906,1.2118355491541695,1.3655853530595068,1.2936861162951034,1.0502181718099137,1.842274209192742,1.2092318880318942,1.1318398935078218,1.3459081542036606,0.8791545046221844,0.9087173805147726,1.427713336421589,1.5309438828334203,0.921445410917254
2023-03-24,0.9817405960280072,1.4938235612231334,1.6912670433563237,0.8379345536981304,0.9337324110705195,0.9162283083586019,1.0121802177434764,1.405494394564145,1.4026993275319586,1.1073726265822785,0.7233812285979859,1.1476246546504365,1.2003639383975602,0.8453278022413928,0.7630029657667189,1.51423636086705,1.1413165416168545,0.9002660188777895,0.6666802142804975,1.20638542640882,1.0656736705848824,0.9932833338792215,1.9127685859463905,2.2173920760243093,0.9416418491034039,1.1605786651633827,1.0565090685601428,1.2170047219750744,1.2779147217221567,1.2697403538257863,1.0066253235233564,1.8059672311761557,1.2214496607823826,1.1116400008855236,1.3133018129369465,0.8810749573853248,0.8899570995491424,1.3908916173821229,1.5515580575567527,0.9153465911134697
2023-03-27,0.9814099885246095,1.5170128555979217,1.7158616895683796,0.8399391985484104,0.9553501159432237,0.9267258142040922,1.028361234357656,1.4241819177379973,1.407598164754637,1.091182990506329,0.7278505171588618,1.157368872817764,1.21113717505785,0.8526005967050576,0.7648657395786329,1.5212658267972332,1.1363781066743008,0.9049857086450214,0.6760324793080963,1.2025299429801184,1.0724925170521364,0.9936746186971366,1.9524951650426496,2.223847457050541,0.9469144296845508,1.1803654880191676,1.0581307267435154,1.226050557056797,1.2792105853626257,1.2834237146284109,1.0201331118394905,1.8341153573422249,1.216019475050805,1.1256495100713182,1.3306821274478084,0.8810749573853248,0.8909143141022234,1.3986434103511776,1.5639265288163573,0.9116872139926275
2023-03-28,0.9685184151709688,1.501103784749261,1.739303288533211,0.8516328495687837,0.9566050358480833,0.9174878817889515,1.026483075913554,1.4241819177379973,1.3983449385431115,1.0795264240506328,0.7233812285979859,1.1728713890255065,1.2139722446355523,0.8593884158107297,0.7782779476595781,1.529466512211351,1.1319883419980252,0.9046905938442558,0.6661791840355246,1.1965322333289756,1.0744405676479014,1.0048283805682539,1.9973350245338501,2.1937224003742974,0.9452315973738832,1.2085238332484,1.041103266301824,1.2237892761221616,1.2830972526463704,1.2865335390818462,1.029956770466838,1.8720540059783035,1.2051591865279705,1.1145722626291037,1.3329805613487864,0.8818431267331869,0.8897657971728706,1.4083334842955542,1.5391897541691215,0.9301580715216398
2023-03-29,0.9810794819392532,1.5054181425404585,1.766203653470692,0.8770248985578952,0.9903564379404189,0.9296651610015456,1.0261940945019543,1.4581345996902695,1.4108641892232896,1.0885926424050634,0.7154003227342778,1.1861591439597536,1.2173743558637744,0.878297361613238,0.8114357219711563,1.5476257867787766,1.1489984620728155,0.9079352636837932,0.6740283583282043,1.2179524004666178,1.0715184173784678,1.030854279840975,2.0079546463595954,2.2378339789919512,0.9438854545918842,1.2153730600023767,1.0490494409166295,1.231542837758191,1.3029635112323246,1.3064363584948997,1.032719539747115,1.899182306835124,1.2078743208639195,1.1321655145569094,1.3538081973596774,0.9094966941734822,0.898763040123258,1.434108613682501,1.5694236644588424,0.9397419555671783
2023-03-30,0.9995903736702408,1.5054181425404585,1.781575236896535,0.8850433758609293,1.009881828553145,0.928825376955985,1.0257606665308139,1.4615563200880732,1.4184846026807891,1.113848496835443,0.7040234908739998,1.2211506383066335,1.2304153431014544,0.8996305919778952,0.8304364335148932,1.554654894537864,1.1610700130230356,0.9091153765892721,0.6730263386853352,1.2286625887897773,1.1017155816379867,1.0517923067205068,2.0185748693799503,2.288400281281794,0.9406322932946275,1.2633184604102659,1.0414276969710594,1.2328351902420156,1.3275804341611612,1.26165456286148,1.0769265658324287,1.903465598071621,1.2153408573474591,1.1790812246536782,1.3723379483886535,0.9287005751482078,0.9163745699356283,1.4554265989024986,1.6079034460842645,0.9477573646552125
2023-03-31,1.0184319738226675,1.5143162667058023,1.774273856894192,0.8877163037266924,1.0167155075699406,0.9292452689787654,1.0322620860979193,1.446816985373043,1.4250165186312274,1.1115818037974683,0.716475635590328,1.2344383932408807,1.243456885038719,0.9013275615600086,0.8211222914147488,1.544111232899233,1.1632646940881484,0.9082304477440756,0.6807085709748187,1.2333749627074555,1.1134049264735852,1.0480743211101182,2.0091346711396345,2.2819452289325834,0.9400714175613689,1.270928544570388,1.044346582668569,1.2044049373223666,1.3262849663654046,1.2576100022854602,1.091355152294822,1.8953067462211042,1.2265404547219667,1.17484576201298,1.3696087228069613,0.9175623841455772,0.9228831838711543,1.4439924122074583,1.642260292041836,0.954553265498205
2023-04-03,1.0131430611126355,1.519439640686677,1.8484418314719144,0.8823706521913363,1.0338699495252084,0.9422621269609374,1.03977463158181,1.464451572424859,1.415763026445968,1.0992776898734178,0.7193491954461468,1.2286802306515863,1.2383537875338342,0.8921154578921878,0.829691123760373,1.5476257867787766,1.1363781066743008,0.9158996925500793,0.6850506152468413,1.2098128836103876,1.1153531258209226,1.0480743211101182,2.0952745562597617,2.3292837585400563,0.949606612693103,1.2636987729519025,1.0464546887906727,1.2321890535191689,1.3452873598404587,1.2588543507190066,1.0692515923969774,1.8459456551189954,1.2250132745983158,1.1627910143561535,1.385696442708055,0.9141056514736835,0.9135030433883392,1.45009695471614,1.6147749495733577,0.9418329429690879
2023-04-04,1.024051191281973,1.5159340356048803,1.8130868514003549,0.8840411810583957,1.0215968285952173,0.9506602753305174,1.0467093908275376,1.4507653348312721,1.4239276221635646,1.0947447784810127,0.716156333825977,1.2162783260462888,1.2508278717958905,0.893569910183914,0.827455922605011,1.5405963208485933,1.142962552415689,0.9232740995933844,0.694068873726817,1.2183807409567675,1.1124308267999166,1.030854279840975,2.073640928944268,2.3152972365986466,0.9475872959646586,1.2446730398251353,1.073536529001834,1.2144200960455562,1.3241255015105104,1.2697441597546242,1.0557440852119686,1.8767454019020695,1.2258616711379793,1.1621394537243037,1.381961707186591,0.9106490363757315,0.9215430132296689,1.409883872465637,1.6216464530624506,0.9256273857210732
2023-04-05,0.9827322167021175,1.5631216405441342,1.8161613935469374,0.8817024202248955,1.030104337717671,0.9603178944924556,1.074303716373353,1.4586613897501017,1.428826459386243,1.0792025316455696,0.7203071007391996,1.2078626124701448,1.280312373524161,0.8639944084218586,0.8218674191422194,1.5364957990559864,1.1813720205134783,0.9344832675587246,0.7121053906867685,1.2475123987235055,1.1056120547084485,1.0216572344995063,2.099207330918976,2.354029194079015,0.9621708854729493,1.2458145582572253,1.1048344824246419,1.2079588078552206,1.3280123007424924,1.2725443718970977,1.0256589315311704,1.8632833088175424,1.2452067544606549,1.181687785714752,1.3912984910983441,0.9018151770557745,0.8995286595201829,1.3929264648850166,1.6298918207822313,0.9205741874761012
2023-04-06,0.9896737632569723,1.5774128107535785,1.8576648942581273,0.8823706521913363,1.0573004821674519,0.9628375545431116,1.1001645949121612,1.4815595304162497,1.4304595381140028,1.065685838607595,0.7286084785423051,1.2096343131280445,1.292786873810906,0.8690852579454172,0.8397503025744631,1.56109875072608,1.1967359956074175,0.919009514110553,0.7441700192585798,1.2676473348820214,1.0804594281573041,1.0177436064801602,2.092127663194427,2.3959885955647335,0.9664339102453198,1.2374430358837778,1.1371053317249125,1.2286352620244463,1.3344902994624628,1.2977464714758002,1.0195191214614845,1.8657310641233087,1.250467161355915,1.2022132993861379,1.4082480139284919,0.9294687444960699,0.9106316925089807,1.43362415434969,1.6560032990200222,0.9226650896394392
2023-04-11,1.0002516895950775,1.5679753424617833,1.868040628522541,0.89439841919493,1.0637158900531674,0.9674563667936948,1.0881732348648083,1.4802435212631113,1.4299150898801716,1.0731336234177216,0.7512776556245049,1.237095673325489,1.2950547630631926,0.8836306099816208,0.8498093903750286,1.571642591450259,1.1967359956074175,0.9136989714061393,0.758532423347601,1.2603643942517524,1.0824077762562145,1.060206684946121,2.1121878439772535,2.429340767569307,0.9640780065436527,1.2579910646300159,1.1244564969271682,1.2241122259263881,1.3353541645733629,1.3073915514849879,1.0357895853475207,1.9265145976914466,1.241812919481039,1.1983036170613643,1.420026389832877,0.9544338661862753,0.932837524262669,1.4258720656179167,1.6298918207822313,0.9679707543051019
2023-04-12,0.9959543975591559,1.5938609622484141,1.879569785803202,0.8933959180981413,1.0673420781503449,0.9657766960645823,1.0926518728432346,1.478137971017853,1.4429787887941807,1.0847910601265822,0.763410498576482,1.2397532243123384,1.3080963050004573,0.8967215097260982,0.8576330949931822,1.5851153763120143,1.2099050212722107,0.921074694380262,0.7645446228989693,1.2689325658611477,1.0755881116553105,1.0470959141052816,2.122414164289293,2.441175276717292,0.9629562550771356,1.261796164790795,1.1213751978299193,1.2134508514422206,1.3323308346075684,1.315169918547414,1.028728977131576,1.9728160881775452,1.2475824970046103,1.2097068837197598,1.4329539826877515,0.9482886289773207,0.939728977174646,1.4302327911386532,1.6216464530624506,0.961871849262746
2023-04-13,1.0164486315564054,1.6065343635587808,1.8818753166441158,0.8987417738296675,1.0665053228649453,0.9724951737050498,1.0997310786485028,1.4931403787639852,1.4424343405603495,1.078962341772152,0.7618140677663972,1.2322237674185061,1.2973227909903753,0.8986608781530357,0.8635942078264714,1.5933164198972283,1.1967359956074175,0.9198945122152663,0.762206617912685,1.2603643942517524,1.0716910435785583,1.0592281804612598,2.1188740899491743,2.447630657743524,0.9683408262051316,1.261796164790795,1.1158617580715746,1.199558951420082,1.3357857672582192,1.322637246075564,1.0210539099857494,1.989337781878082,1.2502975484002388,1.2002584582237512,1.3939002576735866,0.9567384330168321,0.9322632072420158,1.4452520656253107,1.6395118920925669,0.9648341453443801
2023-04-14,1.0247124062887683,1.6032986940204863,1.8922514266775528,0.8960687438658195,1.100953736997461,0.9729151683658215,1.094385496435278,1.537884689970687,1.43481392710285,1.078962341772152,0.7726697816726404,1.2238079183912416,1.2684051922377282,0.9170849670431143,0.8710453940876522,1.6155760371717127,1.1791773394483656,0.9272703044489058,0.7421660616669954,1.244085151030615,1.0775366085057934,1.0474872964032211,2.127920625959018,2.444403378076684,0.9669945808676867,1.2728312688929315,1.1179698641936784,1.2170047219750744,1.3949526764347506,1.3120586668706644,1.0225889796411398,2.0058597249551466,1.2482611147079563,1.1878780098844184,1.4062573040542832,0.9605791621822005,0.9443232205599872,1.4510660212631212,1.6024064783137528,0.9517651970570872
2023-04-17,1.0372734730570528,1.5941307660517783,1.8868709779210335,0.9090990119662019,1.0758496937844186,0.9804734300518496,1.0920740866050715,1.5215661120720094,1.4337254295957884,1.0857624208860759,0.7653260751275783,1.2357670332831847,1.2684051922377282,0.9391453939422438,0.8531625106554084,1.5892157190190732,1.1824694952280514,0.937596205797451,0.7324798309388505,1.2479407392136552,1.0775366085057934,1.0611850919509573,2.138933789776313,2.463768863801337,0.9775395369190888,1.2834858281305594,1.1174833172223861,1.2302508014268911,1.3863154767563612,1.2986798755232913,1.0213609988851278,1.9948450131115945,1.2502975484002388,1.1895069114640429,1.3923195903395076,0.9563542601624448,0.9514060929601896,1.4631783918715533,1.5707980323054505,0.9672736732658938
2023-04-18,1.0326456744357748,1.6232520553767036,1.8968624883593803,0.9134422645028543,1.0805915910993351,0.984672452917644,1.0719922182506285,1.5123542089994484,1.4320923508680286,1.081876582278481,0.7643683258578651,1.2415250604213586,1.2661373029854417,0.9447212188237953,0.8725355585290685,1.6015172843968941,1.1791773394483656,0.9417266355963857,0.7461741402384717,1.2445134915207647,1.069742472352289,1.0958208168982013,2.1416882230003953,2.433644300140625,0.9724915527643154,1.2880519018589198,1.11132091709301,1.2396196653509717,1.4048858717018466,1.3036580304432441,1.0228960685405182,2.0315599711271854,1.2377402179771155,1.1829909069784517,1.4030960791699378,0.9694129039282159,0.938771821177542,1.5101746441882071,1.5982835426459023,0.9773803254715525
2023-04-19,1.0257039260448373,1.616780716300115,1.8887922849358803,0.9217949088381514,1.083659764820213,0.9960097428086948,1.0732924138715316,1.5091954006333397,1.4386242668184668,1.0686001582278482,0.7809712374874157,1.2499407739975026,1.2740756087429252,0.9449634992230563,0.8688100109052406,1.603274829964988,1.1753366475844185,0.9390713642441788,0.7588664707423008,1.2393726723585985,1.0570771684483635,1.0807532320476887,2.1058945388022723,2.436871744145974,0.9740619843063504,1.255327250578455,1.114402117157698,1.252219370965548,1.4083408043524974,1.316725591959899,1.0044764509107103,2.016669948046141,1.247243022272296,1.184945827774257,1.4154531255506344,0.9728695778131388,0.943748903539334,1.505329755097378,1.5900378391821748,0.9636143813836232
2023-04-20,1.0293402049100462,1.6192075013888705,1.8826439521807614,0.9174517583995839,1.0771049332241376,0.9964296348314751,1.062456979470577,1.5136700571531798,1.4636627681788226,1.0744288765822785,0.7956584165425306,1.2366528836121347,1.28201349847572,0.9322075043081612,0.8591233504481233,1.6021028941388613,1.1797261438966604,0.9491022893109918,0.7588664707423008,1.2505113059262463,1.0707167951533167,1.0621634014757695,2.087407804552113,2.4261129948869358,0.9786614934964977,1.2374430358837778,1.1466730654905295,1.253188457492621,1.3919294784171938,1.3248151888530433,1.00846738836775,2.0474695701409513,1.2553881764591814,1.187552149935075,1.4082688728528894,0.9747900893632501,0.9441319181837154,1.5019380961236228,1.6298918207822313,0.9482802180539045
2023-04-21,1.041570664174933,1.642936008149972,1.8853338947322538,0.9318178778443378,1.0685974241016836,1.0098665901124102,1.0627458725896584,1.5099852637242739,1.4816250383417762,1.077667088607595,0.8157733355332624,1.2477262836262486,1.2990239159419343,0.9268736637119631,0.8580057953772047,1.5962450058637085,1.1879567346189,0.9547076697781043,0.7551923578713706,1.2505113059262463,1.0746137144784964,0.9989579385392345,2.0846543332394067,2.427189083452903,0.9853921048510469,1.2473365053923882,1.1419704053075908,1.2567424070636062,1.3789734809772536,1.3077026861674848,1.014914287336814,2.00259600965137,1.2762605228458284,1.1996068179584827,1.4041019184611472,0.9759423139915577,0.9491090005455075,1.4956398290343607,1.6092778139308725,0.8940877503819115
2023-04-24,1.0481818050624727,1.6399701424150417,1.8918672028514856,0.9291451541747447,1.075291679408119,1.016165073092106,1.0647685658858195,1.5089326496010518,1.4799920926008834,1.0825243670886076,0.8138575249471568,1.242411046201429,1.291652929184763,0.9314801301053443,0.8527898102713859,1.6062034159314682,1.1868591257223102,0.9555928064018511,0.7555264052660705,1.2509395416620575,1.0804594281573041,0.9831076865728675,2.0999946553799194,2.4497823418599274,0.9844947447000115,1.2530443298757108,1.1377538959657008,1.2599730906778397,1.3655853530595068,1.3117474370399462,1.0293426863784567,1.9840345406440723,1.2704909453222573,1.1983036170613643,1.4055387690006962,0.9786308185286186,0.9427918646541835,1.4883723475167576,1.6024064783137528,0.8958303677413603
2023-04-25,1.0448762346187028,1.6574968504226422,1.864197826608336,0.9298132840431005,1.0561848794613324,1.023723334778134,1.0836944203013459,1.4905083604577087,1.475093388365072,1.0851148734177216,0.8135381451711361,1.242411046201429,1.3080963050004573,0.930995213970133,0.84198559474335,1.567542069657652,1.1978334703219906,0.958838099577039,0.7545243447761245,1.2663622086572337,1.0658454042755365,0.9494505635905091,2.0819008619267,2.3841537577397274,0.9907768810899347,1.2519026952821846,1.1351594409374264,1.285495451711219,1.3401046969680077,1.3045913393425144,1.0195191214614845,1.9132562452298947,1.2818602385927615,1.2028648600179876,1.3859974699222544,0.9655720571889058,0.9203944377443394,1.4815893253319659,1.6079034460842645,0.8685599062648475
2023-04-26,1.043223298019756,1.5968272232037595,1.8707309468430564,0.934156740775923,1.072920730750661,1.01784484645921,1.0417972365854529,1.504721710109942,1.4511433845117776,1.0805814082278482,0.8266288934161661,1.2574703663424553,1.2950547630631926,0.9179031297700249,0.8334167623977258,1.5956597542928372,1.1879567346189,0.9257951460021779,0.7508503135993481,1.257794141802177,1.0522057775705833,0.9494505635905091,2.0968477623145847,2.402443812252455,0.9807929033272371,1.2686455077062078,1.141159526699624,1.2922800058583064,1.3690402857101576,1.302413396565035,0.9980297393623965,1.9638412763290178,1.2640426671550193,1.2009100188556008,1.396630032174342,0.9717174119718021,0.9064200538761832,1.4723838586017595,1.601032110467145,0.8777080507319521
2023-04-27,1.0428927914343995,1.5903557523870324,1.8453674772098436,0.931149850074067,1.1299628157284005,1.0153252890465454,1.0380407431122123,1.5144597592447069,1.4290351157806938,1.0786386075949368,0.822797584290634,1.2140635647727935,1.2961891237140244,0.9055383605499522,0.8665746277228289,1.5944879975522588,1.1852132491054923,0.9311056194470749,0.759200436442847,1.252653217885672,1.0590255165472737,0.9498418484084241,2.0594808720616387,2.4228855508815856,0.9942544337026731,1.2469560766893155,1.1390513215449594,1.2783879477599052,1.360834556768387,1.3058359732207234,0.9814521865769821,1.9303901583054666,1.2608185280714004,1.2038422805991809,1.4029523721592203,0.9030805666029338,0.9112058924176802,1.4728683179345707,1.5941606069780518,0.8789278999312806
2023-04-28,1.0504954520780085,1.5836147412472181,1.8845654470801196,0.9391684294751862,1.114900475009871,1.01784484645921,1.0409304689356902,1.5102486587541901,1.440467198822481,1.0886769778481014,0.8394003398968451,1.2242508435557165,1.297889832640895,0.8922038182822385,0.9027129129442893,1.5347386116589885,1.187407930170605,0.948512198228494,0.7718928486408299,1.256080360824224,1.0707167951533167,0.9568862423712133,2.101961523665214,2.463768863801337,0.9953760826137446,1.2507612930115306,1.138402856336732,1.2712803647704602,1.35694802143288,1.3161034177431261,0.9888199774026801,1.9132562452298947,1.2292555061175952,1.1973261964801711,1.385135447425575,0.8996218939610026,0.9182888233738595,1.474321843814363,1.6367633242713244,0.8797990381338617
2023-05-02,1.0614036831653872,1.5873896231718256,1.8004053984105157,0.9381659283783975,1.0804519543657356,1.0216238746642325,1.0511879405134457,1.5631519369114166,1.3669741345198068,1.088353006329114,0.8288639277549529,1.2552558759712014,1.2944879987624651,0.8805663048194197,0.8904184419613124,1.5095504084180236,1.1791773394483656,0.9499874259347385,0.7642104938101156,1.2432282605416385,1.0531800259958248,0.9277296746350738,1.9208320485303527,2.4207337024266717,0.9969469243775628,1.2522833563081293,1.1448892910051003,1.2625576375692265,1.3185111040049655,1.2918349125083564,0.995266782661369,1.8785811872093283,1.2323101151858584,1.1970004957976648,1.37019189441959,0.8754116557632512,0.9257545933064897,1.458333502780724,1.6230204851651118,0.8564493804775372
2023-05-03,1.0587593277284126,1.602219874027445,1.7873397215946096,0.9354931026107195,1.0687366347888039,1.0426189889932045,1.062312356326,1.5613097816960742,1.3740512966252787,1.096448496835443,0.8164117830386247,1.2472833584617737,1.2967557493398556,0.881051220954631,0.8885557591629232,1.4943199884454006,1.1846644446571974,0.9558879212026167,0.762206617912685,1.2573654870490116,1.0453858898423203,0.9443626911973199,1.9159152385338811,2.44225136528326,0.9956005764846722,1.243531405231609,1.1056452620000476,1.2586808172321462,1.3202387022785282,1.2974352416450823,1.0007926023530487,1.8859242037500996,1.2436794913966835,1.1960229955830528,1.3213385369396728,0.8900147508267212,0.9240315836885534,1.4718992513875893,1.6216464530624506,0.863332309902216
2023-05-04,1.0564454788767943,1.5976358441730216,1.8027113050204526,0.9371636314777789,1.0337305258148486,1.0577355123652608,1.0591339139684768,1.5370949878791598,1.333766116927772,1.078962341772152,0.8138575249471568,1.2472833584617737,1.3103641942527438,0.8706259978298404,0.8635942078264714,1.478503779645262,1.1961875937051727,0.9558879212026167,0.7373238857856911,1.2719312635552114,1.0288232947342837,0.9302737083116928,1.874222392346937,2.4573138114521265,0.9885331730460085,1.2313547826973823,1.0938072067777092,1.2254045784102128,1.292166846699041,1.270366333971397,0.9814521865769821,1.7711518988588655,1.250467161355915,1.2103583647181908,1.3033777954114978,0.8611929687020519,0.9261374322829407,1.4457365249581218,1.5982835426459023,0.8486080285528758
2023-05-05,1.0627260122609365,1.6073432480083196,1.8372976495553666,0.9455163779111609,1.0685974241016836,1.0581555070260324,1.05638907616713,1.57868065171916,1.325055610120806,1.0828481012658229,0.8084297069998702,1.272529957385723,1.3046941937722352,0.8778994437441021,0.8855751572395161,1.518922671487172,1.201125760283693,0.9491022893109918,0.7470124039501411,1.2745017255134639,1.0327204371868222,0.9576690069670923,1.9363684803525694,2.4573138114521265,0.9869629466148653,1.2538054196047281,1.1075912518200948,1.2276660964592419,1.3068504424125442,1.2899681044133742,0.9986435423196522,1.8123699735199534,1.2457158421486454,1.212964846145846,1.3164533768457816,0.8773331079048958,0.9326460462184667,1.4646317698699864,1.5982835426459023,0.8698666135687191
2023-05-09,1.0342984091986391,1.6062645597554166,1.8276901750585755,0.9508621315446021,1.070968372759142,1.0514369267475734,1.0446867858238946,1.5773646425660217,1.3495533868796088,1.079286075949367,0.8033211128052645,1.2827172361686459,1.3075291246750413,0.8662619895040649,0.8751435510819778,1.533567034003958,1.1945413145423047,0.9541176479551231,0.7423352502594198,1.2672189943918717,1.0317461887615806,0.9576690069670923,1.9216185313188425,2.464844952367305,0.9801197293807917,1.280061156672853,1.0983476516260304,1.2425272410847161,1.3055548426685502,1.288101201170171,1.0103093595017683,1.8209401719525968,1.2324797281415347,1.2113357852993842,1.325649308125945,0.8688787184816595,0.9334117827273454,1.4694768068421746,1.6230204851651118,0.8759656890882184
2023-05-10,1.037603979642409,1.5935912901851885,1.843446170194997,0.928477024306389,1.068457787368084,1.0594151830943732,1.0376075800186262,1.5821025331163707,1.34084301305951,1.0708668512658228,0.8026825092765627,1.2632286643828705,1.3103641942527438,0.8616554638879022,0.8777514526213624,1.5265379262448706,1.1923462309311421,0.944676813970808,0.726633307131295,1.262506515719855,1.0356431824625465,0.9564949575532982,1.9159152385338811,2.444403378076684,0.9630683481794305,1.2713092055963326,1.1022397302986853,1.2244353338068772,1.3254211012545045,1.2846786245144823,1.0093882802243839,1.8166548857038793,1.2163588668427987,1.2227388926909422,1.326798634860247,0.8688787184816595,0.9175230283090041,1.514534926064866,1.6079034460842645,0.8685599062648475
2023-05-11,1.0458677543747719,1.6076129200715454,1.8346073312348512,0.9143423612203703,1.0702709346724826,1.0690730075322943,1.0436754833220732,1.5625686360597135,1.3588083419204062,1.0702192246835442,0.8151347320045605,1.272529957385723,1.3092301109517044,0.8667468464164947,0.880359354160747,1.5224372253667158,1.1813720205134783,0.9520524676854142,0.7463442274665875,1.2573654870490116,1.0638969074250537,0.9187283691825872,1.8791470178733356,2.44225136528326,0.9736133042308326,1.2777778874858008,1.1119697784314808,1.2157123694912497,1.3388089652757762,1.28934583504838,1.0351756886798897,1.7450334482501935,1.228407026637611,1.2132906264617709,1.3183211288498575,0.8827132326884715,0.9355175142097789,1.4137596950094848,1.612026381752115,0.8507861297750435
2023-05-12,1.0428927914343995,1.6192075013888705,1.851516373618497,0.921360379388316,1.0731996846830008,1.0753714905119902,1.0620233749144004,1.5786260729201738,1.3560864997118507,1.0760480221518987,0.8148154302402096,1.2813885961263418,1.3177354583597076,0.8650496991660367,0.8613588246440598,1.5306380898663816,1.1819208249617732,0.9573629411303112,0.7530259923021233,1.2565089108230507,1.0814336022067594,0.9148146436832164,1.8999958457452466,2.469148484938622,0.97675447498124,1.276255940350638,1.112456226370212,1.2179736504258851,1.3306033682822431,1.2840564502977092,1.0637257727052976,1.764214119175297,1.199559304900396,1.2312098179723387,1.3092689045804111,0.886940368613119,0.941068913592224,1.4370156654420858,1.6601260668158992,0.8568850348173994
2023-05-15,1.0495039323219395,1.6178594045530181,1.8538220923439221,0.9130057951894037,1.0810098622304152,1.0749515984892097,1.061590123528296,1.6083718403665122,1.3473758599180177,1.072485917721519,0.8202432481874964,1.2734159431657934,1.3160344720830446,0.8667468464164947,0.8725355585290685,1.5517261294858355,1.180823484429217,0.9603133272832837,0.7506872520684551,1.2513678821522072,1.0746137144784964,0.9314476602454625,1.8948820843946172,2.529397940937068,0.9723793571065745,1.2667430157065362,1.120726633589131,1.2102201678279871,1.3366498962655944,1.284367584980206,1.07201464280838,1.784210874786674,1.2007471761723738,1.2344677007650064,1.329672335939345,0.8942418867513685,0.9483432640366288,1.40600790204043,1.6889857771309857,0.8648134153237472
2023-05-16,1.0395872209906296,1.627297004584952,1.832685836335493,0.905319340858847,1.0766863425581983,1.0770510586031112,1.05898973228649,1.5944204367495316,1.344653884722595,1.088353006329114,0.8295024532719849,1.2645573044251746,1.3171682780342917,0.8628677542259304,0.8516722552004673,1.546454209123746,1.1841156402089026,0.9691640701851009,0.7326467320949698,1.2543666846006094,1.0619483361987845,0.9257727631453763,1.8722630991137248,2.5745847864281366,0.9743984687241272,1.2549469380368183,1.1239698509233151,1.1882515982893302,1.3383772306426822,1.2765892179177802,1.0453064362066153,1.763398159177287,1.2060076660079546,1.2331645795013069,1.3132922617452487,0.8838660451864876,0.9406859575038197,1.4355619916809341,1.677991673717989,0.8567106366997398
2023-05-17,1.0534706168544634,1.6076129200715454,1.8419090870062171,0.8999723620483857,1.0875649068497304,1.0644540926437196,1.0419417714375117,1.58731295692638,1.3413877272670753,1.088353006329114,0.8310989620937396,1.2548129508067265,1.2933537767865295,0.8645648422536069,0.8583783137341775,1.5605127828130168,1.1665571182318675,0.9552978301201188,0.7316445082167163,1.2333749627074555,1.0483086351180448,0.9275339347460918,1.881704379504338,2.5767364705445406,0.968116332334204,1.2469560766893155,1.1020774159315068,1.1756516555603602,1.348742160542872,1.2769002574520563,1.0007926023530487,1.7809461619767875,1.187850453957257,1.2172003087865444,1.330390870992932,0.8854032068998033,0.9366660311391316,1.4811048659991548,1.6615004346625073,0.8661203783433338
2023-05-18,1.0607425690766332,1.6148932753378114,1.839395568011046,0.8969645524637646,1.10220886992556,1.0699127915778548,1.0286054514626009,1.6133734479455915,1.3609858688819974,1.1038963607594936,0.8282252462145813,1.2525981895332314,1.2564981496261913,0.8771720695412852,0.8673197554502994,1.5692994361401977,1.1462548423773913,0.9600182124825181,0.7440055689270731,1.2080991026324346,1.1009189425905206,0.9112924954418341,1.8903582151950855,2.513259406202234,0.9569866051306644,1.2324964172909085,1.0946179863531151,1.1540060358259299,1.3876108126038804,1.2846786245144823,1.0600419241476362,1.7764571351050953,1.199729000796393,1.1970004957976648,1.3365692843994676,0.8946261183927264,0.9447061180924149,1.5072674445472631,1.6669972345610453,0.8601085871212361
2023-05-19,1.056114972291438,1.6192075013888705,1.8516939244818873,0.8912834066210404,1.1116926645553933,1.0657137687120606,1.0286054514626009,1.607845211306087,1.3615300511420945,1.1081060126582278,0.8186467393657417,1.2446254011215623,1.2508278717958905,0.878384300656532,0.8777514526213624,1.5722282011922262,1.1424136137853773,0.9591330758587713,0.7513555102461624,1.205100404938371,1.1018931166399757,0.9197067761874237,1.8937020596145777,2.5218666356833794,0.958332953023555,1.2294522906977108,1.1028883935720342,1.1549752804292657,1.3690402857101576,1.2865454326094647,0.9777683380193206,1.7748248410442842,1.204140928211669,1.2172003087865444,1.3426042103629112,0.9038490886726208,0.9297746367831313,1.5116280221866403,1.6876115771563511,0.8622866883434037
2023-05-22,1.0541315291071347,1.6227128429903905,1.8409324633153143,0.8946252811398394,1.1162949251367102,1.0644540926437196,1.030050358520599,1.6246923502580743,1.3582640266734418,1.0915912183544303,0.8176889120843587,1.233109617747456,1.2530960383979695,0.8742626911755805,0.8814770912587152,1.5909736227582632,1.1418652118831325,0.962378438293476,0.7703982540979013,1.2046719596938826,1.0824077762562145,0.9257727631453763,1.8946854937572253,2.5337011448313653,0.9489089279951036,1.2385846704773038,1.1006180721153127,1.1562673957986964,1.4105001372591541,1.302102261882538,0.9848289462352653,1.7736005269824777,1.2022743562960245,1.2188292103661689,1.3489263307801644,0.9092292722431674,0.9380060846686633,1.5242250000092425,1.7013542483905904,0.8601957861800658
2023-05-23,1.0293402049100462,1.6224431709271647,1.8586116443116978,0.8959621534650609,1.1397254577789537,1.0615146432082747,1.0332291540481944,1.6262719154405356,1.3566304159982137,1.0715144778481012,0.8103453615626361,1.2313377816384357,1.260467163830037,0.8555943675344502,0.8725355585290685,1.6050316591908897,1.1424136137853773,0.9529376043091609,0.7683938063413943,1.1982459095525901,1.047334386692803,0.9181412469956657,1.9208449140950017,2.496045440255474,0.945992148560178,1.245053584689644,1.0910502393171349,1.1756516555603602,1.4234563985955693,1.3185924000548817,0.9575068429658696,1.7458496576247309,1.20091678912805,1.2181775701009003,1.3676056073619267,0.9126877097372151,0.8914886311228766,1.4844962292101915,1.7013542483905904,0.8529643162357828
2023-05-24,1.0167792390598032,1.5900860803238068,1.8390107805314444,0.8879415321022415,1.1063928593757972,1.0497573586564524,1.0177691341364656,1.579942243072719,1.3413877272670753,1.0546759493670885,0.7854412281533194,1.2353242435698306,1.2457249129659018,0.8412899337735323,0.820749773057776,1.5704710137952285,1.113880948481687,0.9420216811376346,0.7613779941111586,1.175968747171633,1.0181064133050546,0.8917241603850539,1.9137639237423114,2.444403378076684,0.9361190332344255,1.4060124462332273,1.078725736156065,1.1611136978535062,1.383292146790567,1.241119673816675,0.9237377470170348,1.710753153272674,1.1849657066656316,1.2380516824072736,1.343897353891743,0.8823288834731718,0.8905314751257724,1.4229653096210504,1.6587516989692912,0.8318797883833124
2023-05-25,1.0164486315564054,1.5695931113608612,1.799040981087827,0.8856020565821461,1.0946776463104855,1.0043013529432112,1.0002858911734676,1.596262752964281,1.333766116927772,1.0546759493670885,0.7790555049129799,1.2184928164175428,1.2287146341745838,0.827712933438213,0.8267107038640156,1.571642591450259,1.0990656436540258,0.9384814116807144,0.7727369126374157,1.1669723398264262,1.0181064133050546,0.8872234101787861,1.868329482782057,2.5014250613927587,0.9351094774256491,1.3797567091651024,1.0639685971710953,1.112786860005528,1.3902020120918683,1.2448533851548604,0.9126860139233001,1.6993263467174131,1.1793657420977366,1.2103583647181908,1.3170282048886515,0.8761802954068799,0.8809600908226622,1.441860702414274,1.6669972345610453,0.8290918051807663
2023-05-26,1.0352900298727494,1.5887378517478161,1.8082647954120856,0.8815919500969064,1.0970485949679438,1.0173223164450387,1.0057766262863779,1.607845211306087,1.3539088397633925,1.0634190664556962,0.7825675902858309,1.2180498912530677,1.2355185792812355,0.8405625595707154,0.8382601381330469,1.5669564599156847,1.1023580007067366,0.9464469486992682,0.7747413603939227,1.1678291255610642,1.0093381774778816,0.9073787699424634,1.875999884330157,2.547687666772774,0.9354460643988718,1.366058139495713,1.0702931136025282,1.1215105356643364,1.4022946722138585,1.248587001344825,0.9271146003856932,1.7246285879515477,1.1871718362539108,1.1947197946859345,1.3076884568139573,0.8765645858352089,0.8844056416107203,1.4442831469596886,1.6738687380501385,0.8581917421212709
2023-05-30,1.0270262551403866,1.5501788306508186,1.754074580944734,0.8762449712864451,1.0864490911203712,1.0013609797658438,0.9904607880566357,1.5796788480428028,1.3528199432957297,1.054999762658228,0.7758626432928102,1.2025476459475666,1.2474258992425646,0.8369259254477568,0.8382601381330469,1.5540692847958966,1.1089425135391333,0.9278602570123702,0.7804208196570512,1.1811097758424762,1.0034925381748598,0.8864407430629315,1.835482734322062,2.579964571903932,0.9076226693890351,1.3782346458685035,1.0436980184277809,1.097600710584415,1.3889064123478745,1.2604102144279337,0.9421571772260923,1.7009587654664882,1.1547604177604422,1.2110099253500406,1.2993546578142856,0.8850189752584452,0.9033572249526225,1.3992248798556381,1.6834886414885006,0.8432932331314146
2023-05-31,1.0412400566715352,1.5720198964496164,1.7068020863071929,0.8715660202462544,1.0553478046410734,1.0030411636849133,0.9726889168521103,1.5544083811139326,1.3664298192728423,1.0401041139240506,0.7675611874780348,1.1985611840161718,1.2542301216990088,0.8216517778619794,0.7868467800052024,1.52067985888417,1.111137395877271,0.9213696706619943,0.7767458081504297,1.1879642712282572,0.9879041914920645,0.8701992062786493,1.7831637734075874,2.5315496250534717,0.9040326134522183,1.3592086804188641,1.0320219804749384,1.0953390344591234,1.368176552547495,1.2264965340357556,0.933254410455379,1.6791256011065336,1.1359244221257572,1.2259968551170284,1.2693241741430359,0.8765645858352089,0.9759091342405137,1.3885660351269986,1.6642488346117763,0.8332736947460138
2023-06-01,1.0058708061363417,1.5733682567657454,1.7279402211607373,0.8719003914746873,1.0642739044294667,0.9950605466643114,0.9735560376719453,1.5630952651201389,1.3838503009393062,1.043342325949367,0.7672419637253537,1.2083054021834991,1.1973361107141542,0.8318345429191644,0.8129258864125727,1.5429396552442023,1.1325370122643035,0.926385167825159,0.7707323014926012,1.1599575703027316,1.0181064133050546,0.8999427987216859,1.8154206297164845,2.579964571903932,0.9015645140928105,1.3835619254873173,1.0432113724239278,1.1092325152438869,1.3854513477489863,1.2401863649174047,0.9354034704887755,1.701366745465493,1.135075942645773,1.225019514169254,1.2835491920954338,0.8792545600465403,1.013429461947867,1.418604731981673,1.7054771840584408,0.8513960117554219
2023-06-02,1.019754101082134,1.5838842815703056,1.7602236652378989,0.8769132032528858,1.0931435594500465,1.003461158345685,0.9880044902042983,1.5865232548348527,1.3969157286825875,1.048523496835443,0.7720312561556083,1.233552542911931,1.1967686530389459,0.8643224434087827,0.8591233504481233,1.552311918313351,1.1374755813888737,0.9305155283645771,0.7931160094562617,1.1595290203039048,1.016157990830358,0.9463196026870174,1.8659689522662903,2.5917985880363865,0.9102032720725215,1.4159059157418377,1.0612118277756426,1.1186028808924606,1.4338214604439965,1.2728554114313735,0.9633395641361773,1.7707436694833327,1.1445788298812742,1.2172003087865444,1.3059641922529734,0.9069234708862229,1.033337908506989,1.4534884658085359,1.7054771840584408,0.8834583300161323
2023-06-05,1.0091764774981529,1.5900860803238068,1.7563806754391824,0.8792526787729811,1.0863096674100112,1.0005209904443004,0.9984074678518112,1.595473050872754,1.4050816542688551,1.0530568829113924,0.7809712374874157,1.2233649932267667,1.2047093162696647,0.8580187113193806,0.847201488835644,1.51423636086705,1.1544854330996308,0.9290403699178492,0.7897751270384938,1.1762405846800552,1.0142094196040887,0.944949715904217,1.8604617691630332,2.592874840940864,0.9134568435915614,1.429985030275736,1.0709416778433165,1.1202183412567743,1.4225925334846692,1.261343523327204,0.9516739343748117,1.7552360654319121,1.130833628186173,1.2139421870936207,1.2854170538833225,0.9007748240329602,1.0214695489011503,1.4273257393790684,1.6889857771309857,0.8808447449312458
2023-06-06,1.020084809503573,1.5952093225645432,1.7475408970564792,0.8792526787729811,1.1031851554329393,1.0022009690873872,1.0051985751706607,1.607845211306087,1.4012710485795041,1.0504663765822784,0.778736203148629,1.2366528836121347,1.210948577199032,0.8660195314364593,0.853535120025906,1.527123715072386,1.1725928937069774,0.9290403699178492,0.7991295161140901,1.1959519990479925,1.0064152834505842,0.9606043254616264,1.8537744410408146,2.5659777212855017,0.9075103711758484,1.4277018772501195,1.0623470380202837,1.1244187437031308,1.4502323905345875,1.268499621024636,0.9507530425181777,1.7599290823031069,1.137281906353411,1.2253453741185973,1.298205001728546,0.9234479593043666,1.033337908506989,1.4345932208966712,1.6834886414885006,0.8890344668983678
2023-06-07,1.023059671525904,1.5846931660198444,1.7636826190950599,0.8792526787729811,1.103464109365279,0.9959005359858548,0.9942174581149124,1.6217967759224745,1.3985490733840815,1.0689238924050632,0.7710733508625556,1.2313377816384357,1.1967686530389459,0.8778994437441021,0.8460838427512005,1.5236089821072942,1.1654596435172944,0.9184193537685384,0.77540961857163,1.1912384728325909,0.9888785886688786,0.961191252688499,1.8636089027062115,2.535853157624789,0.9031349456348454,1.444064028648198,1.0579686104414585,1.1169871834137532,1.4554151853552761,1.2650771395171685,0.9449201339271197,1.7835989047881664,1.1313427158741636,1.2038422805991809,1.3078321638246748,0.918067834520791,1.0230007876950002,1.4549419916883282,1.6656232024583844,0.8892088650160274
2023-06-08,1.0081848568240426,1.584153821893393,1.774827928318677,0.8755764330257493,1.0990011659827024,0.9942204547047767,0.9934951370246905,1.6083718403665122,1.3909275960316454,1.0708668512658228,0.7643683258578651,1.1852226349116866,1.191096849784787,0.8778994437441021,0.8378874377490244,1.5288809024693837,1.1583263933276113,0.9018979116108662,0.7660552294960337,1.1813828704029605,0.9888785886688786,0.9625612369513239,1.8592817443829937,2.5212184845984416,0.8974134798672891,1.4478692449704131,1.0529412224916017,1.1131099678860168,1.4411634562231044,1.25543196435976,0.9271146003856932,1.7811504013528179,1.128797360374532,1.201561738754288,1.3026594799255358,0.9146092206658307,1.0176408078007804,1.4481591173848956,1.6353891242966898,0.8933907545812749
2023-06-09,1.021076329259642,1.5790305796526567,1.7636826190950599,0.8752422659934863,1.0902148094395283,0.9820394805244924,0.9955179186133696,1.5991583272998808,1.3778621682883638,1.0747527689873417,0.7624526712950991,1.183007196382588,1.1962016113884262,0.8701410816946291,0.8300637331308707,1.5288809024693837,1.1583263933276113,0.8900968518155932,0.7663891951965798,1.1779546799210237,0.9898528370941202,0.961582732466463,1.8445302322432813,2.515838206107115,0.8907940386160225,1.4326486120044248,1.040616719330532,1.114725586326593,1.42691133124622,1.247342367466616,0.9126860139233001,1.775232821043289,1.1269307055185669,1.2009100188556008,1.3007915083538346,0.9199892866624356,1.0207037538362949,1.4462209842909328,1.5886636392075402,0.8930422993002425
2023-06-12,1.0528094018476681,1.5949397822414557,1.7509998509136402,0.879586845805244,1.082544055602474,0.9820394805244924,0.9924836579378329,1.5933671786286814,1.3936495712270678,1.0870577531645569,0.7567055515834614,1.1954131645215047,1.1882609481577076,0.8788692167917432,0.8308088608583413,1.5282947554707724,1.1583263933276113,0.8836062654652173,0.7777481137228369,1.1766693441875589,0.9976468988718383,0.945732480500096,1.8197477880397022,2.5373596487494416,0.8966279051522112,1.4292238243852824,1.0422384765464652,1.1179567441696139,1.4174101345086931,1.2389417310391955,0.9145278913469432,1.783190675412634,1.1357547262297603,1.205145561129718,1.2924574897865375,0.9238321321587538,1.0241494217363065,1.4549419916883282,1.579043735769178,0.8831098747350998
2023-06-13,1.0544621366105325,1.5828058567976793,1.7648358542267957,0.8765790362206229,1.0931435594500465,0.9853996430866487,0.9872821691140764,1.604686402939978,1.4034485755410953,1.1061630537974683,0.759259887686599,1.2029457367911114,1.1752155233233494,0.8982648554129089,0.8311814702288389,1.548211575606292,1.139669994089953,0.8827211981009871,0.7379920622692446,1.1543870488440149,0.9995953957223213,0.9717581848127682,1.8285986953235296,2.531979205919605,0.8897844828072461,1.4394978387584012,1.0347790469680735,1.1270035277089114,1.427343329775789,1.2448533851548604,0.9108439490789066,1.8772577459778372,1.1391485612093761,1.2022132993861379,1.301653530850514,0.9057705996012362,1.031806669713139,1.462209473205931,1.5611779609951149,0.9066339305090839
2023-06-14,1.0590897333957277,1.551796731290035,1.771368974461516,0.8822601820633472,1.097885563276583,0.9820394805244924,0.9849703178212798,1.607845211306087,1.404537339021891,1.1022772943037975,0.7975740711052967,1.2073762074959462,1.1701109003946064,0.8987497715481202,0.8464562700946486,1.554654894537864,1.1402189327202648,0.8712151145874464,0.7520236867297161,1.1586721298149285,0.9986212216728663,1.0106989200772978,1.8140436535822873,2.5212184845984416,0.8902331628827639,1.4627094492333288,1.0342923019316599,1.1260342040674445,1.446777457883937,1.2470312327841189,0.9102300524112757,1.9194961447012289,1.145597005257255,1.1966746358483213,1.3013662266128916,0.9146092206658307,1.0459725316254975,1.4607559473261387,1.573546600126693,0.9301580715216398
2023-06-15,1.053800921603737,1.5755252380511364,1.7944287920989301,0.8839312214208317,1.0725023531079612,0.9740588635038906,0.9932061556130909,1.604160095878367,1.4257686923514399,1.096448496835443,0.7988512001510306,1.206933417782592,1.1735139823471017,0.8839605993203357,0.8457113243942276,1.5007635760052946,1.1380241174731351,0.8886216933688653,0.7386601570586445,1.15524404408733,1.0044667866001014,1.0097205130724611,1.80834000008056,2.487860560746005,0.9022374829283641,1.4562406511824246,1.0414276969710594,1.1389585192870033,1.46621184988856,1.2376971923092073,0.9043973312409681,1.938472700938566,1.1399971236296809,1.1976520564295146,1.291882881311293,0.8915519125400369,1.051715467608122,1.453972925141347,1.5817923035904207,0.9310292949627925
2023-06-16,1.0623954047575388,1.5892770641341294,1.795582027230666,0.8785840384142003,1.0734787451269603,0.9795193072838796,0.9858371737635604,1.6104775516111776,1.440467198822481,1.0954769778481013,0.8017246819951797,1.1958564960393414,1.190529669459371,0.8788692167917432,0.8378874377490244,1.4943199884454006,1.1413165416168545,0.8954073252604903,0.726633307131295,1.1586721298149285,1.013235096803061,0.9960229124847736,1.8079464580890103,2.5578048384872902,0.9108762409080752,1.4490107634025031,1.0565090685601428,1.1370199510422008,1.4580062528950268,1.2320967680242605,0.9154488769139524,1.9058247000218578,1.13846994350603,1.2145937477254705,1.2944691683689562,0.8854032068998033,1.059372481361047,1.4651163770841567,1.5721724001520585,0.9235363130805919
2023-06-19,1.0488427173151442,1.5701324554873126,1.7986563814927368,0.8648823733067416,1.0701314044505028,0.974898852825434,0.9765901217624458,1.6189010405874678,1.4214135054413903,1.0715144778481012,0.7937426839680948,1.1772475438309669,1.1882609481577076,0.8555943675344502,0.8412405580294043,1.480261146127808,1.142962552415689,0.8850813546524284,0.7212879769570202,1.1595290203039048,0.9976468988718383,0.9721493721506589,1.8150270877249348,2.5535006485619314,0.9051546725850731,1.4345512201655324,1.0448330306073004,1.133465764356822,1.4852143753118514,1.2286741913685721,0.9111509442679098,1.8731766991051497,1.1216702986233067,1.2080777432398793,1.294325680925864,0.8792545600465403,1.065498373432076,1.490310184848002,1.5804179357438126,0.9085506902704773
2023-06-20,1.0336373960279264,1.5687840951711838,1.7844361543535143,0.8645483083725637,1.0761285412051385,0.9816194858637207,0.9836698573228225,1.619427991646707,1.4230468501428843,1.0718382911392406,0.7943811314734571,1.1674996684833823,1.192798529435931,0.8439569132944129,0.8200046453303054,1.4369136683194172,1.1446085632145235,0.8933421449907812,0.7209537661740127,1.1595290203039048,1.0025182897496183,0.9332088318461781,1.7857211350385898,2.5825538894734774,0.9098664799884071,1.4235162322248318,1.0414276969710594,1.1276499015461519,1.4826230438756258,1.2255629396918224,0.9043973312409681,1.839712613502168,1.1221793863112972,1.2116614859818904,1.2878596339302681,0.880791780546827,1.0842584201737988,1.5213179482496577,1.6230204851651118,0.8979212699046981
2023-06-21,1.0075237427352886,1.5620432157715078,1.8167199741996989,0.8642139371441308,1.0561848794613324,0.974478755526671,0.9910389274648711,1.627061617532063,1.4154253727904482,1.0695715189873418,0.7883147880091382,1.1524349302975305,1.1876937678322916,0.8412899337735323,0.8162790066929526,1.3800932265637236,1.1374755813888737,0.8959974163429881,0.7119335061872701,1.157815029817275,1.0181064133050546,0.9142276189763193,1.8252548509040374,2.5911627623397266,0.9132321446097422,1.4280824221146282,1.0464546887906727,1.133788872237311,1.4783043780623124,1.2193402460418816,0.898871324128538,1.844609745061129,1.121839911578983,1.2012359584383632,1.2571109445568691,0.8665729171247152,1.087321131985406,1.5266474445546572,1.6092778139308725,0.8895572350584882
2023-06-22,0.9738073278810007,1.5639306567338116,1.7936603444467962,0.8317976420038873,1.0248046390496948,0.9828795724840272,0.9817915222936843,1.5970529380540295,1.4137918951020871,1.0614761075949366,0.7812903832284271,1.1413582794565214,1.1752155233233494,0.8361984920221583,0.8080826927043012,1.3560762428066933,1.0988386747727812,0.8915720102623211,0.6999064928716132,1.1518159583597314,1.0073895318758257,0.9122707074866219,1.8095199046216774,2.5545765727893883,0.9103153651748165,1.4307458876818813,1.0540766308013645,1.133465764356822,1.4428907906001922,1.2003608401131198,0.9194399080813672,1.820123713201532,1.1303245404981828,1.1960229955830528,1.233115386849063,0.8569658327774046,1.1018698328742154,1.5121126294008107,1.5872894392329056,0.8852010326141527
2023-06-23,0.9777739114954833,1.5399324779094843,1.782130435628089,0.8314634749716244,1.0126710483416834,0.9832995671447989,1.0296169305494585,1.5852070846823074,1.4176027667651723,1.0588855221518987,0.7892727713138609,1.139586036994139,1.178051563625325,0.8410475941514898,0.803239407982505,1.3426032788593898,1.0959845561866062,0.8971773907294336,0.706922305101849,1.1496735226286132,1.0249263010333176,0.8797876339180575,1.7884743658734525,2.5513484714299963,0.9177198683639319,1.4086760279619162,1.0605631645022935,1.1454208349730453,1.418705734252687,1.2016054739913289,0.8829078554315049,1.7656424232366053,1.1216702986233067,1.1895069114640429,1.2161601552606591,0.8569658327774046,1.0911498730857758,1.498546585031227,1.5666752645095734,0.8662944355067067
2023-06-26,0.9817405960280072,1.5224056381617455,1.7994253927984054,0.8414890985280213,1.010578947104945,0.974478755526671,1.0257158139316411,1.5902083702625727,1.4094368411789047,1.054999762658228,0.7911883478649571,1.1692719109457643,1.1757827036487654,0.8412899337735323,0.8021216708845368,1.3566622107197566,1.0904959078845822,0.8933421449907812,0.7196174949010594,1.1462456464096917,1.0210293073323518,0.8903543710822778,1.8055861680510876,2.5567285855828126,0.9109884365658161,1.4318877545982798,1.041752028607734,1.1405742958038418,1.4208650671593437,1.208761571688761,0.9000993985949254,1.785027333537739,1.1159008869803768,1.1891812107815367,1.2058147874623812,0.8642672333417124,1.1045500570452327,1.5000001109110195,1.5721724001520585,0.873526075928133
2023-06-27,0.9962850050625536,1.5086538120787527,1.7828990711647346,0.8441626900313369,1.0203416956671179,0.9622978839843781,1.0130008084062954,1.6065292021529487,1.408348210684976,1.055323575949367,0.7934232261804043,1.17281666677277,1.1831563252289643,0.8398353038134615,0.8144162328810386,1.3525615993843756,1.1010342280210024,0.8874415112038696,0.7142721647267846,1.1501019678731015,1.0083637059252808,0.892311185091951,1.7808036036085866,2.5739455096227593,0.9135690392493023,1.4345512201655324,1.0355896284783577,1.133788872237311,1.4489369227388311,1.2121841483444495,0.8755399708954317,1.796862120092005,1.118785468391361,1.2041680609151058,1.2213329489436107,0.8704158801949752,1.1129729829749668,1.506298525881641,1.5914122070287828,0.8785793594116765
2023-06-28,1.004879387298314,1.5145860705091665,1.7859734254268056,0.8551908657335651,1.034427963901508,0.9706985983037429,1.0131455198433903,1.6144257400699995,1.4208691901944261,1.0640666930379747,0.8058753708967324,1.203388797406707,1.1882609481577076,0.842502164888779,0.8226127288967395,1.3707206948662534,1.1026807755479038,0.8732802948571554,0.6905521854901706,1.1513875131152431,1.0142094196040887,0.8756781685297049,1.7906380652739833,2.6008472307564126,0.9180563527817088,1.4531966407506631,1.0355896284783577,1.131203930155268,1.443754523762855,1.2202735549411519,0.8850566343337759,1.7711518988588655,1.1294760610181986,1.2077518832905356,1.225643720129883,0.8750274241218932,1.1305843956753834,1.509690036974037,1.6188977173692347,0.8717833733301125
2023-06-29,1.0025654375286543,1.514855742572392,1.7875110722691199,0.8251138419172468,1.0552084874423333,0.9711186956025061,1.0070767336147628,1.6289040947462192,1.4176027667651723,1.051114003164557,0.7956584165425306,1.1794627114578238,1.1774843832999091,0.8412899337735323,0.8069650466198578,1.3783358600811777,1.0716147537689547,0.8611841202611167,0.6868771739835491,1.1111082129077459,0.9888785886688786,0.8743084767069532,1.7890644985023942,2.583630306716466,0.9165980143419689,1.4490107634025031,1.0352652968416833,1.121187664898241,1.4631886518710029,1.208139302323767,0.883521845809511,1.7891081310338988,1.1303245404981828,1.18722636961915,1.2290920296842258,0.8623457812000678,1.0568642946499278,1.4408916358672927,1.59553497482466,0.8709122351275314
2023-06-30,1.0088459709127966,1.5202483933960778,1.8005780642766065,0.8301266536954452,1.0695734965858232,0.9849797510638685,1.0033202401415222,1.6365380426303893,1.4268573228453685,1.0647143987341772,0.8097067580339343,1.191868815047861,1.180320423601885,0.8514728172762803,0.8259656671500698,1.4105537083378739,1.055587651148494,0.8721001126921597,0.6955633865755918,1.0995387247458241,0.9995953957223213,0.8739170944090137,1.803029287375773,2.6675632427997957,0.9194025981191536,1.4665146655555439,1.0451574612765357,1.1234493410235327,1.4748493134634242,1.229607690564284,0.8964154563268888,1.8140022675807645,1.1467847935889122,1.1996068179584827,1.252656576143692,0.8734902624085774,1.066437259964412,1.4636629990857235,1.6188977173692347,0.8687341339053637
2023-07-03,1.0035570582027646,1.3986393351549482,1.8290185185550516,0.842157534690632,1.0851937451690323,0.9828795724840272,1.0017308865239836,1.652068689431017,1.4165138702975095,1.0585618670886077,0.7630912748238009,1.2166808867768146,1.1871265875068757,0.8534122449259993,0.8252203573955497,1.4392568236294785,1.0604178012035725,0.8738703166801365,0.6985701399045061,1.1033951509635722,0.986929943066823,0.9116837802597492,1.8520041633929116,2.6837040782737756,0.9234416417978257,1.489726392191907,1.0402924867264183,1.1505905610608689,1.491692505980059,1.236452653579219,0.8964154563268888,1.8729727091056472,1.1505180203605216,1.2009100188556008,1.270904731693302,0.8811760709751559,1.0476741683118944,1.4883723475167576,1.616149149547992,0.8871176218984028
2023-07-04,1.002896045032052,1.4264125276440214,1.8297869662071857,0.8281214983547404,1.0638554202751471,0.9740588635038906,0.9962403279961095,1.6444350635456613,1.4105257376465674,1.051114003164557,0.7662841364439706,1.194527314192555,1.1893953088085392,0.847593606640153,0.8241028023246311,1.41699711681222,1.0558071058368037,0.8709199997866807,0.7012428458387204,1.0879689223208868,0.9888785886688786,0.9126620897845613,1.8498407044702245,2.6976930652928406,0.9162615299241921,1.4627094492333288,1.041103266301824,1.1522060214251824,1.4938519708349534,1.2367637882617162,0.906853011621867,1.8768496412905684,1.1532331546964707,1.1996068179584827,1.260990265359551,0.8777173983332248,1.0396329102390747,1.4752907624799851,1.6079034460842645,0.879973521490093
2023-07-05,1.0005821961804338,1.4318054419479835,1.7902013905896352,0.8314634749716244,1.0462824941655597,0.9727986742455929,0.9872821691140764,1.6370646716908144,1.397460176916419,1.0345992879746835,0.7611755422493651,1.1962992857526957,1.165573457791279,0.8337740890144465,0.7920626740974962,1.3964948660202812,1.023972757830242,0.8709199997866807,0.6928906806413775,1.0498324768618617,0.9927754336182719,0.8878104348856832,1.8087329408775001,2.6481941416279144,0.9149150794758555,1.4661340045295992,1.030886869262858,1.1450978061306876,1.4808955775503005,1.2131175523919404,0.8918106222022182,1.8688917869212236,1.1433909586092965,1.1660491360490772,1.259553524603815,0.8592715165604072,1.04154745645719,1.4631783918715533,1.579043735769178,0.8742230717287695
2023-07-06,0.9850460655537358,1.392437536401447,1.7406229893421572,0.8331344632800664,1.0229913852336763,0.9480167312242527,0.9657537161437925,1.6067924361834578,1.3811283257438836,1.025856170886076,0.7442533288554635,1.1909826938166699,1.1570655448976963,0.8211669209495497,0.7723169258398136,1.3631056191941024,1.0397802715803763,0.8570537597216986,0.6798614842945441,1.0502608173520114,0.9781617072396499,0.8486740572121961,1.769985948278386,2.6234447619647066,0.9062765266070362,1.4143838524452388,1.010940622156218,1.133788872237311,1.442458924018861,1.1872931834482439,0.8473358655750908,1.7660505279238743,1.1257428342465892,1.147478463540078,1.2443226673602077,0.8404413443592608,1.0227843648046724,1.4069768207060522,1.5323184185520018,0.8531385438762991
2023-07-07,0.9873600153233953,1.3630465750132958,1.7544589926553127,0.8234429046578474,1.037077759979686,0.9963205306466265,0.950726947618168,1.6054761050315054,1.34084301305951,1.023265585443038,0.7429761998097295,1.1985148597329147,1.1334704966731544,0.8308647698715232,0.7741796996517276,1.3625199199093612,1.0226554929723173,0.8470229039144025,0.6778569548438833,1.0258361910316878,0.9708546581108728,0.8613935432351203,1.7841473277891566,2.622368673398739,0.8953938554725073,1.4573822857759509,1.0015348066275362,1.1270035277089114,1.4545514521926135,1.187915357665017,0.8657562328878998,1.7807421719772853,1.1097918347244913,1.1298848930785976,1.2384316679751068,0.8485114433541681,1.0296767546122787,1.43895350277333,1.5268211150375433,0.8564493804775372
2023-07-10,0.9870294078199977,1.372483911564953,1.7717537619411177,0.8234429046578474,1.037077759979686,0.9925403734236986,0.9511601107117542,1.5975792451156405,1.3468312786973191,1.027151424050633,0.7474461904756332,1.1869948773740686,1.1216729378921597,0.8417748499087436,0.7775327289185827,1.366034473788905,1.0329742242384115,0.8514482407355527,0.6905521854901706,1.0421194149176882,0.9732903163618699,0.8586537696695193,1.7880810643597467,2.6094559392841514,0.8966279051522112,1.4665146655555439,1.009967429181073,1.1234493410235327,1.4433226571815236,1.1891600866914471,0.8660632280769028,1.7674790813617105,1.1097918347244913,1.1289076317642417,1.2369947076517451,0.8550443806357598,1.035420627490532,1.4331395471355195,1.5336926185266364,0.8483466018535298
2023-07-11,0.9896737632569723,1.35927156134855,1.7832836707598247,0.8201009790900059,1.0450273612374605,0.9904400922058659,0.9521716780911299,1.5817850422856894,1.3294109300177226,1.0316848101265823,0.7503198283431218,1.1838934530649,1.1209923215016606,0.8405625595707154,0.7756699551066688,1.3777499817108885,1.026607354637099,0.8461376980311389,0.6828681967763813,1.037405993456625,0.9581891310795884,0.87235166269728,1.810503338764325,2.6105320278501187,0.8886624236743914,1.4737443210125931,1.0007240270521305,1.1176333991747311,1.4338214604439965,1.2019165135256051,0.8872465520907393,1.7835989047881664,1.1164098917280467,1.1360753561485202,1.2463343459426264,0.8700316485536171,1.04384495876371,1.4113372504640702,1.5254469150629089,0.8620253468826294
2023-07-12,1.0184319738226675,1.3816519712737994,1.8078805715860187,0.8368104537820857,1.0794757753699762,1.003461158345685,0.9621413160600205,1.6210072348303544,1.3528199432957297,1.0436661392405062,0.7519163371648765,1.192312011114577,1.1440201894007864,0.8580187113193806,0.7894546815445869,1.4269555268799796,1.0446102203624297,0.8476129257373836,0.6938929862137848,1.0549744483217518,0.9810843037638015,0.9099226086590336,1.83607262647316,2.6578787743831103,0.8938232188195807,1.5079910355896569,1.0154811660371001,1.129911419595181,1.473985712248999,1.2137398217569348,0.9219383203933362,1.8705243303585624,1.123706566434948,1.1549718886068627,1.2795258349305965,0.8796387916878986,1.0568642946499278,1.4384691913218781,1.5817923035904207,0.895656140100844
2023-07-13,1.0339679026132829,1.3927072084646728,1.8032685704816336,0.8328001431006761,1.0857517595453317,1.016482224485504,0.9608410321465994,1.6167953293428023,1.3707848731960248,1.0456090981012658,0.7464883631942503,1.2109209633229518,1.1525281022943692,0.862140320800332,0.8051022728079438,1.438085245974448,1.0472448842602953,0.8482029475603647,0.6982360108156525,1.055831338810728,1.0093381774778816,0.9255772182164431,1.8317454681499419,2.665411230006371,0.8916918089888413,1.4980976822424823,1.0135351762170532,1.1370199510422008,1.4830550424051947,1.2171622081161813,0.9280783178837724,1.9166394118903478,1.1311730199781669,1.1637685145707655,1.2852732370887925,0.8742587844782643,1.0446107538285654,1.4467054436237439,1.5817923035904207,0.910990218191991
2023-07-14,1.0488427173151442,1.391898455755272,1.7782870700603495,0.8354736325059067,1.0815678766067145,1.0215225709667297,0.9537610317086685,1.6138995940077956,1.3843947491731374,1.045932832278481,0.7535127679749614,1.2140223876321208,1.158767085873944,0.8582612286097677,0.7983963052877584,1.4234407939148879,1.0439515879334675,0.8532183754640128,0.690218056401317,1.0511178125953264,1.0093381774778816,0.9193153938894841,1.7955551157482987,2.663258888535926,0.8958427406589167,1.4832573618181308,1.0192109303425765,1.135404411639756,1.4795999778063065,1.2009832997745558,0.9329905220389466,1.9050084906473206,1.1403363495410332,1.1683298371608075,1.2747842720636096,0.8600400974170651,1.0484400804887035,1.4137596950094848,1.5639265288163573,0.9082023202280166
2023-07-17,1.05148717367016,1.375180368716934,1.7740594806665428,0.8317976420038873,1.08826213191315,0.9786792153243448,0.9526051060622702,1.6265351494710447,1.389294118343284,1.0488472310126582,0.7547898190090255,1.2007300273597719,1.154229712608065,0.8631101530707546,0.7887095538171164,1.444528743991568,1.0446102203624297,0.8511531259347871,0.686543208283003,1.0502608173520114,1.0122608483778197,0.8964204555202548,1.779623699067469,2.662182964308469,0.9019008959551414,1.4802133513863696,1.0271571049573818,1.1360505483626027,1.4873738401667456,1.2044056861338024,0.9369815532063615,1.8513432853686678,1.1360941180217539,1.1588814116647987,1.2885781689838554,0.8604243290584231,1.0426960904984963,1.4161822874362584,1.5529324254033607,0.8862463984572501
2023-07-18,1.0567759854621506,1.3859663290649968,1.785205165659183,0.839483994236359,1.1114138171346735,0.9811993885649577,0.9627191905907017,1.6418028842399777,1.3882054878493557,1.054999762658228,0.7503198283431218,1.227314612453349,1.1496921313298416,0.882748368205089,0.8010040248000934,1.4685456382058242,1.047903449598249,0.8520382625585338,0.6952292574867381,1.0515464673484918,1.0083637059252808,0.9044434514479293,1.8038162511199505,2.654650508685208,0.9010034332486602,1.5380519889799968,1.0256976621086271,1.1444515113315783,1.5055123685308995,1.2121841483444495,0.9437356347851789,1.85277171411824,1.138130385833395,1.153017047444476,1.3130047379400012,0.8708002881972458,1.0603105481097077,1.418604731981673,1.5309438828334203,0.8904285437382126
2023-07-19,1.0918145275759052,1.4158966345795994,1.8205633397674383,0.8592012274640173,1.1455831708232294,0.9866598323449466,0.9828030013805418,1.655228141794754,1.4001821521118414,1.065685838607595,0.7627718950477802,1.2543422581625217,1.179753243276469,0.8725655439251225,0.7928078018249668,1.5259517792462594,1.0867635679991188,0.8644294134363046,0.727635367621241,1.0879689223208868,1.0297976175353114,0.901312588024462,1.847086992679674,2.643889951702555,0.9165980143419689,1.5593608751323804,1.062184822685666,1.1680383866072732,1.524514893954191,1.233963576119243,0.9649189587990153,1.8505272006823938,1.1698631036831972,1.1715878792203125,1.3418857850931367,0.9099977355258836,1.0748617083495435,1.4626937846573829,1.5666752645095734,0.8879891010552705
2023-07-20,1.084542474435694,1.4420519264294562,1.8413170629104043,0.8685586190539735,1.1461409721762892,0.9933804653832333,1.002164314495124,1.6847103532117693,1.4039928907880597,1.075076503164557,0.7656456109269386,1.264975983839056,1.1848577275303158,0.8616554638879022,0.8013767251841158,1.5048640977979013,1.0918131056514984,0.868854750257455,0.7369898383909912,1.0935396532882806,1.040514647716113,0.9314476602454625,1.8577084180892485,2.7041494323501345,0.9091934085974076,1.5586000177262351,1.0796987310660884,1.1948564987641204,1.5469723520281335,1.2532539264340596,0.9664541221647809,1.928270208445111,1.1539119382804581,1.164745935151959,1.3315404172948588,0.9026962761746048,1.080605581227797,1.4961239926044532,1.5762951679479356,0.9015806470255404
2023-07-21,1.0736343442663565,1.452028607107565,1.8586116443116978,0.8695611201507621,1.1384703248508545,1.0013609797658438,1.0028866355853459,1.6899747118231365,1.4197802937267634,1.0860863924050632,0.7685190147594179,1.2583298037028814,1.1956345697379065,0.862140320800332,0.7775327289185827,1.4726460704556572,1.0973017539535224,0.8753454751268643,0.7420010394764124,1.102966705719084,1.0424630701908095,0.9349700034468936,1.8716729664847835,2.731051153483788,0.9159248403955236,1.554794685242584,1.0957531965977563,1.18548637022994,1.5525867495336785,1.2457866940541307,0.9664541221647809,1.9284741984446137,1.1666387157786164,1.17126193963755,1.3177464105908006,0.8903989824680792,1.0786910350096817,1.509690036974037,1.5817923035904207,0.895656140100844
2023-07-24,1.0742951556009865,1.4533769674236938,1.8778284721503955,0.8735713287340868,1.1461409721762892,1.0064015315230523,1.0083774589907741,1.6918175110361071,1.4056259695158195,1.0867338607594936,0.7672419637253537,1.2516837590178276,1.2024407336428973,0.8592310016574087,0.7849840061932883,1.4790895684727774,1.104327323074805,0.8697399561407184,0.7440055689270731,1.1021096057214306,1.0317461887615806,0.9355570281537907,1.902749798013641,2.7106056350689176,0.9016768123059972,1.5662103342092293,1.0907259076804603,1.1858094781104291,1.5534506146445786,1.2576100022854602,0.9646122447411377,1.953368085614952,1.1673175823029243,1.1787554443377533,1.3232065085113742,0.8984690814629868,1.066437259964412,1.5184108964900729,1.5336926185266364,0.902103329947089
2023-07-25,1.0491733248185418,1.4452877277078888,1.8524627479030444,0.8688926839881513,1.1402835786668728,0.9975807199049244,1.006354412524541,1.6960294165236591,1.3947382017209964,1.0838195411392406,0.7624526712950991,1.2437083970348666,1.1922314877854112,0.867231762551706,0.8114357219711563,1.4714746718861746,1.0977408646031663,0.8765255880323434,0.7673915824631409,1.0999672747446507,1.0181064133050546,0.9807594902652549,1.8921283726040667,2.682628154046318,0.9408313534149887,1.5380519889799968,1.0900773434396722,1.1832243779521237,1.551291017841447,1.25543196435976,0.9535597619644018,1.9672436449820891,1.1732569386628129,1.1774522434406351,1.3246433590509232,0.9038490886726208,1.0641396405459385,1.479166732905192,1.5350666506292974,0.9399160979691228
2023-07-26,1.0597510493205642,1.4385465848279362,1.84208569844705,0.8799209107394219,1.1440489774511706,0.9870799296437096,1.0008639422891847,1.6955026264638269,1.3838503009393062,1.0847910601265822,0.7646877056338858,1.2685204687638203,1.1922314877854112,0.859473518947796,0.8110632036141835,1.4164115070702528,1.103229647087207,0.8670846155289949,0.7647188765289266,1.1021096057214306,1.0171322392555997,0.9588431538609108,1.8826876934080634,2.6686393313657635,0.9388117290202068,1.5654492444802122,1.0936450904756525,1.18548637022994,1.5361755555466123,1.2507648489740832,0.945270610730194,1.9158232025158102,1.1537421594441406,1.1774522434406351,1.3026594799255358,0.9092292722431674,1.0645227137462967,1.7926357301327864,1.546061089786241,0.9111645310710789
2023-07-27,1.0600815559059205,1.4425911388157695,1.8171043859102773,0.8712321595082466,1.083659764820213,0.9984208118644592,1.0154571945511508,1.690764896912885,1.4486329914218816,1.096448496835443,0.763410498576482,1.2645329232234603,1.1837235055543802,0.867231762551706,0.8159064883359797,1.4052815193474626,1.1065228763230264,0.8679696828932248,0.7597075937493516,1.101252715232454,1.0259006238343455,0.9498418484084241,1.8870146112534372,2.8698634560618808,0.9380265645269122,1.5776257508530025,1.0938072067777092,1.197764469688521,1.531856889733299,1.24267534722916,0.9587790550189543,1.914598888454004,1.1642630561749816,1.1087974860048249,1.2946129851634862,0.9130721765264566,1.0679689672060766,1.837209537904026,1.574920967973301,0.9083764626299611
2023-07-28,1.0623954047575388,1.4908573002677883,1.799809804508984,0.8735713287340868,1.0860308199892914,0.9891801082235508,0.9991299655270692,1.7026102672863859,1.4333903026907433,1.0993628955696202,0.7589404298989085,1.2521268196334232,1.1701109003946064,0.8679590183089598,0.8203771636872783,1.438085245974448,1.0951063348873176,0.8706248849859151,0.7209537661740127,1.0922540032918002,1.0181064133050546,0.9326217096592566,1.870099519952116,2.888156961683326,0.9476747757599538,1.5669713077768106,1.0929964272023034,1.198733793329988,1.5927508693904433,1.2156066298519168,0.9707521485211987,1.9037841765855141,1.1652813974316036,1.0905455860709046,1.2967683707566224,0.9007748240329602,1.061842372463326,1.8730623382778697,1.5213239793950581,0.8930422993002425
2023-07-31,1.067684115631488,1.508114467952301,1.8186416569835686,0.8622088328524684,1.0805915910993351,0.9627178786451498,1.0002858911734676,1.7012940971338406,1.4263131405852711,1.100334335443038,0.7567055515834614,1.2290869903668518,1.1701109003946064,0.8897792968289635,0.8065923462358353,1.4310559591298124,1.0966431886155685,0.8611841202611167,0.7112654113978703,1.0943965437772571,1.016157990830358,0.9369267199765424,1.8999958457452466,2.971013480523668,0.9403823656731335,1.5700155505314446,1.0907259076804603,1.1887172909585673,1.6139128596686292,1.208450437006264,0.9682960932987992,1.9325552453173012,1.1530635417407946,1.0986937571062871,1.291308163052236,0.8969318609627002,1.0591617969564477,1.791182352134353,1.507581308160819,0.8973985869831496
2023-08-01,1.0766091053706461,1.5094626965282916,1.80749615987544,0.8648823733067416,1.055905712505753,0.9601977054045369,0.9908942160277762,1.7239325457564343,1.4170585845050752,1.0974200158227847,0.7512776556245049,1.2361760956675012,1.154229712608065,0.9089325958280867,0.7894546815445869,1.3953232883652507,1.092691394041795,0.8558736468162197,0.7115995404867239,1.0849694913464536,1.0025182897496183,0.916771555172914,1.895078675032009,3.0119038599993657,0.9427382693748004,1.5768647772854212,1.0702931136025282,1.1916254199592307,1.6074347290004216,1.2019165135256051,0.9409727717945265,1.9219445234483137,1.1566270726164072,1.0941308418478712,1.2742095538045526,0.8854032068998033,1.049205875553559,1.7950583225595602,1.4306219127819484,0.887814702937611
2023-08-02,1.0498343379892545,1.495980674248663,1.782130435628089,0.852183158247029,1.0213179811744972,0.9576775321639239,0.9878600436447575,1.6765500982659884,1.4208691901944261,1.0877053006329114,0.7353134255353259,1.2211117638350113,1.1296136011228783,0.89147638485664,0.7544340424075698,1.3654487745041637,1.0711755760283022,0.8493830604658437,0.6875452687729489,1.069543472212445,1.0658454042755365,0.8817444479277307,1.8630188903161917,2.9925345944889736,0.9382508532869482,1.5707765240990255,1.0432113724239278,1.1858094781104291,1.585409005559573,1.1788926421690444,0.9118071043147349,1.8854197150349483,1.148651531385198,1.0690346088430362,1.2431732308420935,0.8634987112720255,1.025464471863736,1.781976885404147,1.3948906150417821,0.8649877282028351
2023-08-03,1.0448762346187028,1.4695557103355803,1.7978881217251141,0.8401523793499271,1.0401461467238038,0.9606175974273171,0.9719665074693704,1.6826039979694758,1.399728932868828,1.0734575158227848,0.7177526866243922,1.2016164194932042,1.1032960179988922,0.8875973518888574,0.7589048542791555,1.387122513408359,1.0582222479553511,0.8379884847742303,0.7129358117596774,1.0554028935662398,1.0804594281573041,0.8805703985139365,1.879737390980121,2.990382417357039,0.9248739311543241,1.5646881547511944,1.0539144154667468,1.1793472414625183,1.5987971334773197,1.188226682643956,0.9253154548931201,1.8862359244094857,1.130833628186173,1.0553457038009508,1.2338087814095604,0.8692630089099884,1.0346548324256766,1.862403345667871,1.3838964276927987,0.8711735765883057
2023-08-04,1.0372734730570528,1.4709038071714324,1.835936614153885,0.8371446718633911,1.0511639217024562,0.9534771750042416,0.9731222565307327,1.675233606114629,1.3980957211542009,1.079286075949367,0.7193491954461468,1.2051610398690893,1.111236750567059,0.8922038182822385,0.768218768845488,1.3906371568306766,1.070955987157976,0.8294316100018776,0.7099290584307631,1.0674009317269884,1.0931247320612296,0.8776351774994268,1.9135673331049194,3.0065234171695288,0.9179176978189431,1.5700155505314446,1.0435358030931632,1.1761160836194975,1.6013884649135453,1.1969385489020943,0.9164121258601559,1.8903168465939093,1.1306639322901764,1.0634937952029146,1.2399885122218477,0.8773331079048958,1.0426960904984963,2.0009692144283404,1.3825221437821773,0.873003222529441
2023-08-07,1.0273568626437843,1.4676681376331382,1.8267124240606032,0.8414890985280213,1.0517217230555158,0.9484367258850243,0.9768790148815273,1.6955026264638269,1.4002733811026593,1.0864102056962026,0.715517808308945,1.1980716636661985,1.095128551975455,0.8875973518888574,0.7648657395786329,1.406453186545267,1.0685411134034617,0.8350378215831908,0.7075903998912487,1.060973519779295,1.098970520115824,0.8611977058661139,1.9003892674978744,2.9925345944889736,0.9179176978189431,1.545662421624427,1.0472655673986395,1.1796703493430074,1.6130489945577289,1.1963160892406581,0.9013688930471306,1.8637904159862324,1.124555045914932,1.0605605778583103,1.2408508640699647,0.8792545600465403,1.021635496539459,2.030038992617393,1.38527071160342,0.8654232973041256
2023-08-08,1.0273568626437843,1.4870822866030424,1.823253658087954,0.842157534690632,1.0256415008467141,0.9492768178445591,0.98612615517516,1.6704955545648728,1.4051731492334072,1.0747527689873417,0.7088128613159242,1.1905394977499537,1.1069260414190019,0.8725655439251225,0.7529437869526288,1.3882940910633894,1.0700778329496958,0.8359230967259711,0.7182811419339522,1.0605449697804685,1.106764507517756,0.8439777620769952,1.8881947562723989,2.9860783917701905,0.9172443187616061,1.5525117645398399,1.0471035501291435,1.174177515374695,1.601820199546639,1.1907157601039322,0.8964567826023315,1.8144106216445608,1.124894354766605,1.063819734785677,1.226910295976061,0.8746431336935642,1.0285281205709722,2.0145348151538465,1.4567330552757922,0.8549681898174343
2023-08-09,1.0313234462582668,1.5075752555659878,1.8666827871577554,0.840820815512538,1.0383329994194053,0.9555772509460914,0.9995635700832457,1.6741809919914068,1.4117063950525162,1.0728097310126583,0.7145599810275619,1.1869948773740686,1.1080604020698337,0.8849303131451952,0.7566694255899814,1.3964948660202812,1.0503185246257882,0.8453651081220704,0.7273014019206949,1.024550645789546,1.097021874513768,0.8455432912687532,1.937956475794793,2.990382417357039,0.9226299154440605,1.554794685242584,1.065914686023703,1.1812858887454523,1.6260053878423817,1.1922714335164175,0.8838694175909555,1.85726099036646,1.1333790666261254,1.0687087488936928,1.2296409487473172,0.8796387916878986,1.0323574472311103,2.026163022192186,1.462230023046304,0.8634193384839024
2023-08-10,1.0461982609601281,1.5049752321952874,1.8699579899626457,0.8515148241825032,1.0322440496484744,0.9576775321639239,1.0024532076142054,1.6638602860025669,1.4302171030553135,1.077667088607595,0.7177526866243922,1.189653241067642,1.122580287737929,0.8946281620671688,0.7738071812947548,1.379825762297782,1.0667846708048847,0.8551023035784522,0.7379920622692446,1.0472613863775782,1.1116358240197495,0.8584581272605618,1.9312971633413891,3.043109442381357,0.9291375712593696,1.560122081022834,1.090239459741729,1.1890404778771875,1.6360688160198882,1.2050279554987964,0.8976847633583437,1.8562405416158925,1.1561180678687373,1.0729457245693466,1.2359643865703218,0.8953947580363553,1.0388669980622656,2.0135661922509427,1.4608559909436427,0.8354226443766665
2023-08-11,1.0290094964886072,1.4871777982033543,1.8572739065896453,0.839483994236359,1.0224795969003841,0.9606175974273171,0.9904607880566357,1.6449045378165874,1.3980957211542009,1.063095174050633,0.7148791267685733,1.180348832689015,1.1128247861407754,0.8958403931824155,0.75145357700445,1.3827552436920028,1.0511967459250766,0.8524467551881785,0.7373238857856911,1.0296927220037746,1.0882534899350225,0.8418252081783401,1.913593184473139,3.0420336824924106,0.9161223621841972,1.5395741684380317,1.0942935556838798,1.1683614944877623,1.6304541546178684,1.1994275312138496,0.8798784801339159,1.8148184769553022,1.138809252357703,1.0693605484257986,1.234527206679335,0.8842503356148165,1.0296767546122787,2.0125969778226023,1.4773472299991246,0.8237445338634946
2023-08-14,1.0313234462582668,1.498503629638422,1.839977634227748,0.8368104537820857,1.0174580000717888,0.9769991340432667,1.0012974585528434,1.636216526814532,1.4078952574156969,1.0575902689873418,0.7062585252127865,1.1807918933046104,1.106245425028503,0.8907491290993861,0.7462377739256809,1.3774821592738509,1.0468057736106509,0.8542171669547054,0.7463442274665875,1.0271217362738294,1.0794851053562764,0.8116900384773152,1.8952991932148695,3.0570982650619123,0.9191518500540928,1.557838927997218,1.0944558700510583,1.1696540050478492,1.6226796325162416,1.1941382416114,0.8992199267241092,1.7703358141725918,1.1467847935889122,1.0644716935846203,1.231365542659739,0.895779107251655,1.0606935041981123,2.0251938077638454,1.4883413334121212,0.8099748392784112
2023-08-15,1.01909298699338,1.4664138397757993,1.8203745158333566,0.8287899345173512,1.0011372245649452,0.9732187715443559,0.9949397792051342,1.5804039893721074,1.388295918918971,1.0443137658227848,0.689336311818885,1.1737027880039612,1.0890028657860673,0.8732929181279394,0.7302176643053511,1.3686933569200939,1.027046398195735,0.840348987623255,0.7346511798514768,1.0108384076334906,1.0785108569310347,0.7925132319385112,1.864612536987747,3.0560228338499864,0.9086047403383284,1.686454031609153,1.07548241978932,1.1486518347398038,1.595469135031142,1.182003798697573,0.917333111427165,1.7101409338976392,1.1306639322901764,1.04002733974531,1.220874052606866,0.8688787184816595,1.0821372884694616,1.991279140483964,1.484218565616244,0.7995167484417111
2023-08-16,1.012151642274608,1.4666835118390251,1.8119185855076974,0.8348053494904233,1.0113201614673553,0.9732187715443559,0.9901719832300723,1.5527607131822936,1.3692408956692095,1.0349230221518988,0.685185700929002,1.1785764547755122,1.0842384123776776,0.8742626911755805,0.7303667444589601,1.3265076070615938,1.016727666929641,0.837693508492498,0.7877706792819869,1.0026970051991673,1.0794851053562764,0.7931002566454082,1.8606781992225472,3.0840001505340755,0.9057997463393602,1.7625575449234023,1.0565090685601428,1.1483286478211836,1.5734420921079186,1.1922714335164175,0.9434285458858006,1.7119773426462166,1.1228580869549638,1.0419827383416276,1.2098079540787485,0.8531229284941153,1.1005174240335747,1.9786821626613618,1.478721429973759,0.7946363287815368
2023-08-17,0.9952932834704019,1.4550882718210083,1.8180684213389082,0.8237770206410677,1.0142494440359724,0.9664981385060691,0.981024966651916,1.5596057639719716,1.355085773537063,1.0203511867088608,0.6912521224049906,1.1643982441742133,1.0735752142475143,0.8745051492431861,0.728876489004019,1.3335385952189351,1.0090435324704041,0.8350378215831908,0.7934500568509616,1.0009830147125374,1.062988853449653,0.7862525286318328,1.8667763566271993,3.106597353065349,0.9011996218165379,1.7184173608377284,1.0574819644376054,1.1319877513027263,1.5812164822613077,1.1857377003322003,0.9418935699407853,1.7285055201364687,1.1057191332205676,1.0282939925663797,1.2191496782620697,0.8454371199275368,1.092858887825252,1.96124029574793,1.4718500943566395,0.8080574828470161
2023-08-18,0.9883515350794644,1.4370210340257112,1.8142246800021455,0.8344711824581604,1.0060195041948004,0.9627178786451498,0.9746669341341347,1.53722765139056,1.3507303206532795,1.0093413765822785,0.6829506665902152,1.160853488347208,1.0792472948514658,0.857048997494521,0.7056286768326346,1.3282654212580096,1.0026765286870754,0.8341526849594441,0.7887729848543941,0.9919843027718837,1.063963176250681,0.772120752015497,1.8626454282246079,3.0807722135131943,0.8931212267928563,1.6818877255579205,1.0453195775785924,1.1352193833745345,1.5578934437493779,1.1910268947864293,0.9191752699819336,1.6978977932795767,1.106397916804555,1.0335086277234828,1.2142632007624266,0.8396728222895739,1.0836688785991724,1.9496126802350278,1.4718500943566395,0.8018697592129684
2023-08-21,0.976121176732619,1.4391782787913792,1.8215279388496037,0.842157534690632,1.0019742993852043,0.952217088383935,0.9735109201952183,1.5356479252086916,1.350185872419448,1.0031888449367088,0.6829506665902152,1.154207443662154,1.0731215393246296,0.8480784043298012,0.6965382004696662,1.311859752376622,0.9888450464058441,0.8317920435913857,0.789107032249094,0.9821290146052689,1.0737063298851728,0.7711812395403934,1.8817262629881333,3.102292998801479,0.8906527172116651,1.6704719604298393,1.0438602337623986,1.1310181905468657,1.553574382091352,1.1760923348783503,0.9277714164051445,1.7140179907708244,1.1086037975718723,1.0221012997607335,1.2098079540787485,0.835061278362656,1.0936249171140149,1.9563955545384601,1.4773472299991246,0.8048329076803192
2023-08-22,0.9767823917394143,1.44241421180995,1.8207591154284466,0.8381471729601799,0.995278659427711,0.9433963794037985,0.9804468272436806,1.5285396403885048,1.3463748677694958,1.0070746044303798,0.6778420723956097,1.1418014755232375,1.069491585241968,0.8514728172762803,0.7020521638556533,1.3001414686286443,0.9927969080706256,0.8267759230925704,0.7971250683575831,0.9851285503340407,1.0815009866691816,0.7837081050351162,1.880152575977622,3.151792086804916,0.8889697823455518,1.6567735069218856,1.0475898990353139,1.1290793851876693,1.5440722617161624,1.1701807759109062,0.8642211632325094,1.754011501993578,1.1053798243688946,1.027642113400855,1.1993166835935007,0.8408255760006189,1.0890296782770676,1.9486436136880465,1.4539844874545498,0.8148551737000138
2023-08-23,0.9896737632569723,1.4521218791255248,1.8088434797075803,0.8465020124043048,0.9976499276200288,0.9484367258850243,0.9860824503787219,1.5395969186645488,1.3610745711223406,1.0148462816455697,0.6826313648258643,1.1418014755232375,1.0928597613363433,0.861170666198254,0.7179976878924161,1.312445720289685,1.0046524930649703,0.8344476612411762,0.7981272922358367,1.0061249861724273,1.1009875170655241,0.8034769077620614,1.8535968481530911,3.1098259474402714,0.8970482799246792,1.6385086312012638,1.056346952258086,1.1374812175760887,1.5362980035110108,1.1841819317714943,0.8175562077172931,1.7676828219846856,1.1101311435761643,1.0380716226153175,1.2034844064719314,0.8454371199275368,1.0779250057209189,1.9554264879914791,1.4691015265353968,0.8296707455596245
2023-08-24,0.979187773254519,1.4494252902334053,1.8192214685861323,0.8528515944096398,1.0081119249663983,0.9501168071661025,0.9909954875459872,1.550917913969323,1.369785476889908,1.0174368670886076,0.6775228486429284,1.145789156514718,1.1010271580223323,0.8529273880135696,0.7157623502167669,1.3218204010137315,1.011238951536609,0.8379884847742303,0.7937841042456615,1.0172661338441993,1.119499724660839,0.7981921257195975,1.8632355608535496,3.116282150159055,0.9018726932075375,1.6354645046080662,1.0583512722564539,1.1452366761272674,1.541048931750368,1.1540271769960526,0.8590020575987073,1.7478901810610747,1.1080916410920187,1.0488273103127985,1.2109578297321133,0.824130722941004,1.0905613855187322,1.9544574214444976,1.484218565616244,0.8282764130040647
2023-08-25,0.9702620770890715,1.437290706088937,1.8284462223329487,0.8692268510204142,1.0042061438671621,0.954737261624548,0.9927294643081027,1.54749506657567,1.3763184567352829,1.0290943037974682,0.6762457195971946,1.1604105631827328,1.1091947627206655,0.8565640813593097,0.7054796876925505,1.3229922472970843,1.0101412084580024,0.8391688054582594,0.7984614213246903,1.0146950433599158,1.1214483702628946,0.7950605311959473,1.8711038756671832,3.1571728583117733,0.9057997463393602,1.6522072008706532,1.063054328569636,1.1449136472849097,1.5362980035110108,1.1506037440063757,0.853475956775902,1.7391159926289286,1.109109982348641,1.053716085520558,1.2013285817435448,0.817596139624229,1.0859666151295997,1.9670545471484593,1.4869671334374868,0.8271433366707075
2023-08-29,0.9986922031024023,1.456706304200363,1.8495866118006317,0.8809235139342956,1.0459144965190406,0.9669182358048323,1.0099254034173442,1.5682934529752128,1.391562608321959,1.0504663765822784,0.685185700929002,1.1834503924493043,1.119404216590496,0.8856576873480121,0.7337942227890949,1.3704511711165097,1.031876481159805,0.8521516403874128,0.8124927190085467,1.0318351577348928,1.1389862550571817,0.8193311076694164,1.9108395929215103,3.205595200395201,0.9112977437904473,1.6894980420409147,1.059324465231599,1.1513765162378704,1.5630761066218288,1.1736343708866235,0.8906236865905233,1.7887000263466302,1.122348003983126,1.0762048814967133,1.2332337337990655,0.8468097369094937,1.0825201274459124,2.062984593350293,1.5062071081861845,0.8408260026741045
2023-08-30,1.0016674687968985,1.4472680454677374,1.8545837761536415,0.8829286182259579,1.039497703982267,0.9698585063442082,1.0097807802727674,1.5551303024550962,1.406262311674804,1.0621237341772152,0.685824226446034,1.1861087561428776,1.1266641940932676,0.8849303131451952,0.7449710931943909,1.3780680376441403,1.031876481159805,0.8512664345041493,0.8241858483178112,1.0344064577278533,1.1321659210742006,0.8167866840726998,1.9246092340245609,3.228193060280516,0.912307607265561,1.7062407383035016,1.0560809507997324,1.1546081483096786,1.5548701137835834,1.1714558572198184,0.8795713912345376,1.790128330407939,1.1271000696532814,1.0628419956708088,1.2309344216275868,0.8437347080392122,1.0986028778154593,2.1007753789367403,1.507581308160819,0.8457063370957071
2023-08-31,1.0023285828856525,1.4375603781521629,1.8538147648479728,0.8879415321022415,1.0277804671961785,0.9568374402043892,1.0034227477549862,1.5351212961482665,1.4035400705056473,1.0621237341772152,0.6832700463662359,1.196742481819412,1.1232611814782203,0.8895368387613579,0.7199350017811347,1.3499441745575491,1.0395607498010584,0.8412342627660353,0.8318698370316004,1.0284071767616327,1.1321659210742006,0.8222670110440968,1.9179211844688104,3.2658551740583115,0.9070341036854017,1.7260277934821586,1.0460261749000193,1.156546953668875,1.536729606195867,1.1677210992512026,0.8918517610569106,1.7208785884191287,1.100963584056946,1.0602346382755479,1.2174249745658352,0.8406595028080185,1.1058783408234236,2.1540698983426565,1.500709804671726,0.8492796232591513
2023-09-01,1.0039815194845993,1.4426837521330376,1.8791829315939736,0.8845997596815275,1.0396372342042468,0.9463366499431745,1.0025557152276694,1.5488115587270295,1.4040843857526115,1.0588855221518987,0.6797578049700455,1.1976286030506031,1.1180429838094978,0.8929310740394923,0.7226173978905613,1.366935632266452,1.0230945365309534,0.8424145141905478,0.8118247059133006,1.0198370148198057,1.124371338665978,0.8361639582816689,1.970245676373695,3.3045933764020745,0.904116708917801,1.7366821203969145,1.0375929581511176,1.1526691848742199,1.554006248672683,1.1670987347379875,0.8844835953897119,1.7441528997315587,1.0861979675972073,1.051108728125297,1.210526708699961,0.8402752123796894,1.0986028778154593,2.123062134941001,1.5158270116245467,0.8667096325893654
2023-09-04,0.9970392665034553,1.4413356552971854,1.8791829315939736,0.8815919500969064,1.051772955144655,0.9358357570439684,0.9924406594815393,1.5422299029672677,1.4068064939349012,1.0624475474683543,0.6736915395173964,1.1900965725854789,1.1096485763184463,0.9038412132994942,0.7224684542572395,1.3651779076128103,1.0230945365309534,0.8406441024240208,0.7921137855780082,1.020265669572971,1.1204739730860804,0.8357725759837294,1.973786472147345,3.2927567308534544,0.9034435349713558,1.7275498567787577,1.0239703361828632,1.142651575968962,1.5319789418529848,1.1602515833139706,0.8752734585884949,1.78028967826812,1.0800881688784363,1.0488273103127985,1.2065024732646226,0.831434181049291,1.0855835419292414,2.1308140757914145,1.502084172518334,0.8715028531907099
2023-09-05,0.9857994187322655,1.4475377175309632,1.8980174144517197,0.8565275849116591,1.043682332502223,0.9282751346841382,0.9980761943240625,1.5467053644841429,1.4182397738584922,1.059209414556962,0.6618777642947609,1.175918091081939,1.0992123889933458,0.9196002770204829,0.7114406184987903,1.347600571533618,1.0184839753462014,0.840348987623255,0.7997976925976437,1.012552502874459,1.117551004682997,0.8226584908220608,2.0123418039048673,3.3573207301034134,0.8963749008673422,1.7031966117103041,1.0186184185312104,1.1378044044947089,1.5194534915120008,1.1562057858110786,0.8654492376988968,1.7647734707265,1.0683774932482433,1.0312272895444028,1.2003225228847103,0.8302809570424793,1.0488229194651544,2.1240312014879823,1.513078443803304,0.8671453721677993
2023-09-06,0.9844770896367162,1.4300098238621175,1.9133918161452355,0.8588669583336694,1.040753156445226,0.934575670423662,0.9946081525073133,1.5409137328147222,1.4356613194198926,1.0686001582278482,0.6663478329723344,1.176361287148655,1.1039767037268393,0.9263887475767518,0.6953460598151806,1.335296319872577,1.0176057540469128,0.837693508492498,0.8031385750154116,1.0146950433599158,1.12632005864382,0.8165908954437057,2.0296517598258794,3.3583961613153392,0.8934576086551873,1.700913458684688,1.014564124523938,1.127463687708962,1.5168621600757752,1.1512261085195907,0.8553181153306706,1.753544669134081,1.0778818734095157,1.0364420043349247,1.1927056121814361,0.8222088592905635,1.066437259964412,2.080426460263724,1.4869671334374868,0.8677553393867494
2023-09-07,0.9907582285291064,1.4594027613523441,1.923385769082232,0.8538541465554711,1.0321044129148746,0.9341555731248988,1.0029891431988096,1.539334167632261,1.4672382530871737,1.0718382911392406,0.6778420723956097,1.1723736061571746,1.1284792404720465,0.9200851339329127,0.6731787147033622,1.316547227052806,1.0367065641238749,0.8474307039488799,0.7896085526589894,1.0326921529782078,1.124371338665978,0.792907441157158,2.025324601502662,3.428340932072156,0.9019848888652784,1.6780825092357055,1.0225106952689869,1.127463687708962,1.5229089519556016,1.1502925141756577,0.8243104767168608,1.729249160941501,1.0777120945731982,1.0543678850526639,1.1793399819142147,0.8210556352837518,1.06911783547129,2.1686048613778626,1.480095797820367,0.8448349431774109
2023-09-08,0.9953863299045084,1.4623690223076893,1.9237701807928107,0.8642139371441308,1.0339179862657526,0.9480167312242527,1.0434498076459202,1.5385443045413265,1.4819379564400188,1.0741050632911393,0.6813542357801303,1.1825642712181132,1.1302942175133774,0.9242067434138641,0.6681115367105782,1.3130315986599745,1.0452689198824001,0.8565776005442136,0.7879377438264137,1.038262779191263,1.0951415802593574,0.7919287904522605,2.0351601453183563,3.484296222794376,0.9071462993431426,1.6887369523118971,1.0341873274171942,1.1348959593415207,1.5237726851182642,1.1490476900010067,0.8458008896300755,1.739457264406825,1.0861979675972073,1.0602346382755479,1.1882504752815708,0.8325873462691319,1.0775420496325143,2.1356589648822437,1.508955676007427,0.8426561600466699
2023-09-11,0.9977003805922092,1.4159875352750688,1.9295356049134431,0.8678900807932776,1.0454957993414813,0.9538972723030046,1.0612235329933248,1.5532875032421258,1.4764936070885724,1.0770194620253164,0.681673615556151,1.192312011114577,1.1309748339038765,0.9256614325967164,0.6652799694340178,1.3241640040376628,1.063052330919421,0.8595284022542865,0.7872694039545526,1.045975945889775,1.0951415802593574,0.8109146823632901,2.0351601453183563,3.4961325396659753,0.9084925446805875,1.6780825092357055,1.0534861986737758,1.142005360207984,1.5440722617161624,1.1667874097590485,0.8565460960866829,1.7776355638858399,1.0778818734095157,1.0589308799444987,1.195149070498883,0.8456565716896528,1.0917101366719921,2.1666668761652588,1.5350666506292974,0.8716773365469411
2023-09-12,0.9900970135223112,1.4405265073673696,1.9449105702604934,0.8772475744813187,1.0711624369304757,0.9576775321639239,1.059634091083268,1.5725056804615791,1.4797602964915604,1.0744288765822785,0.6797578049700455,1.2087056602449742,1.133924171596039,0.9234793692110471,0.6639387031191609,1.347600571533618,1.0487817379885458,0.8521516403874128,0.791613490580419,1.038262779191263,1.0980644742866543,0.8187438880024706,2.056797860757196,3.5198061594402366,0.9056874481261735,1.6948252054982926,1.0507291321806405,1.139743209853905,1.5665314351171922,1.1711445322408796,0.8623791920984911,1.7747773348157936,1.0732994206950366,1.0559975033330566,1.2210179791852087,0.847578494127064,1.1085589163303016,2.1744188170156726,1.5474352897608756,0.8718514789488857
2023-09-13,0.9904275201076674,1.4267738908435466,1.9379915352391024,0.8812576809665584,1.0966896508091102,0.9438163740645702,1.0576110446170348,1.6085735726235322,1.4939151526499728,1.0718382911392406,0.6819928393088323,1.2122501451697385,1.1366467758329317,0.9215397638929835,0.6757121671794671,1.3552173485184744,1.0397802715803763,0.8444799714983237,0.7979624334335612,1.0275500767639794,1.099038945839255,0.8220713686351393,1.9993588860681506,3.5768372100514036,0.9050145818460658,1.6826488152869377,1.0384038367590842,1.1348959593415207,1.5604846432373658,1.224675492235049,0.8411957743742794,1.7635484085351112,1.0685473550248812,1.0543678850526639,1.2244669474424268,0.8610321863368262,1.0863493369940969,2.1831396765317086,1.5543066253779951,0.8688883304815348
2023-09-14,1.0155519747591868,1.4580545327763537,1.9845006551063205,0.8919517406855662,1.1164975102376307,0.9585175214854673,1.0745178257296406,1.650433579453127,1.5118814124189386,1.0783146360759495,0.6762457195971946,1.2237701275285846,1.1644392358153435,0.9356017395862957,0.6924038655992358,1.3886144751087652,1.0784205998378946,0.8468404050878318,0.8103261900509918,1.069543472212445,1.0931928602815153,0.8856841031135899,2.0619121030635132,3.6306406523187094,0.9118586195237058,1.6659058867014787,1.065487063426097,1.1442674315239318,1.6019480573887748,1.2386806443209166,0.8636071728545033,1.84051735155644,1.0755057991042778,1.0872864291435378,1.2425754579823864,0.8737170037550764,1.0897957075658304,2.1879847135038974,1.59553497482466,0.9100233570734121
2023-09-15,1.0238166577539216,1.4750430823187477,1.9833474199745849,0.9046511088924063,1.1261225392753609,0.9597777107437652,1.0907019325819522,1.65675200118238,1.5244033228364582,1.0880291930379746,0.6797578049700455,1.2388344593610743,1.159901446524776,0.9484513657187982,0.7016438316766748,1.3862708720848342,1.0819334850350486,0.8500862523391536,0.8140019368049972,1.0652584959958702,1.0922185374804876,0.9013426118719752,2.0583717882455512,3.6521624236380568,0.9208347849202062,1.671994023726438,1.0693791420987515,1.1348959593415207,1.6049713873545692,1.2470838497503025,0.857467081653692,1.8635876728693674,1.0732994206950366,1.0876122094594627,1.241713215918082,0.8814048110786633,1.1047295896701637,2.203488447323366,1.6216464530624506,0.9218756099885286
2023-09-18,0.9927415707953684,1.4464591610181985,1.9918031624157326,0.9073245472485945,1.1075700257981795,0.9555772509460914,1.0876674953213794,1.6401658422692031,1.5178702100042163,1.084467246835443,0.6695406945925041,1.2237701275285846,1.1547968235960329,0.932692361220591,0.6812264036060287,1.3593186761960474,1.07051694359934,0.8601184240772676,0.811662869794714,1.0485468268653815,1.076629447039829,0.8878370469323427,2.042635158618284,3.6586182976798196,0.9207225892624653,1.6933031422016938,1.0627300959655224,1.1365117358583592,1.5920142023804913,1.2337010621776496,0.8353627720728464,1.8768581200925036,1.0692262215491892,1.078812318525393,1.2116762550018878,0.8644916232093782,1.0813711420687453,2.1744188170156726,1.5721724001520585,0.9129864203021912
2023-09-19,0.9977003805922092,1.431358315918385,2.008715962489609,0.9126715260590558,1.1104993083667967,0.9576775321639239,1.0859334302667458,1.660437599608321,1.5146037865749624,1.0766955696202531,0.6644321784095683,1.2206687032194157,1.1525281022943692,0.9203275327777368,0.6840580163893515,1.3599046441091107,1.0722732520159004,0.8618889051033113,0.8039771655036959,1.0416908649188614,1.0473996142574218,0.885488363224608,2.0646667767654394,3.7124220686241465,0.9152246943668242,1.7389652734225307,1.0547835252204738,1.1423283890503417,1.6045395207732378,1.2361909008233938,0.8190913710830586,1.8931910357617163,1.0732994206950366,1.0810938159713104,1.2330902463559734,0.870257449308583,1.0660543038760075,2.1899225508351416,1.5817923035904207,0.9114176043904002
2023-09-20,1.0360481261992216,1.476391574375015,1.994494232274294,0.9039824685336254,1.113010213292714,0.965238154523754,1.1086203693664518,1.667546045427915,1.5396473414362675,1.0970961234177214,0.6714564271669399,1.2268714163866328,1.1735139823471017,0.9348744246062602,0.6883799301343778,1.4143945560858777,1.092691394041795,0.8716260313001764,0.806984654079994,1.062259065021437,1.053245625439375,0.8987980907952342,2.0591588722286507,3.648934157940155,0.9235274807059876,1.7587522124397517,1.0852722835888489,1.139096915054796,1.6183604389099782,1.2492624585653285,0.816328320671656,1.8942117338888111,1.086028354641531,1.109775225119693,1.2808041576447244,0.8860174131710561,1.1085589163303016,2.167635794830881,1.5707980323054505,0.9210042160702325
2023-09-21,1.023155341829085,1.4677623318320667,1.9956469037524953,0.9006406961129115,1.092923293420234,0.9450764606848766,1.1058747369324424,1.6746540082492878,1.5189592394587461,1.0825243670886076,0.6631550493638343,1.2166808867768146,1.167275137442423,0.932692361220591,0.6777986522353194,1.404434086534316,1.0843484258805711,0.8736916271269858,0.8166752145982877,1.0464042863799248,1.0863726006743206,0.8749187016596559,2.047356219649817,3.7113453227041378,0.9279034190242198,1.7968039110161582,1.0919214287546388,1.1348959593415207,1.626998826122505,1.2455277005967127,0.8897025136027638,1.845825580321,1.0656620271510115,1.107167867724432,1.276923739003916,0.880635995074122,1.119280515686092,2.1356589648822437,1.5598037610204802,0.8959050367301529
2023-09-22,1.0330728605047255,1.4893351747091605,2.0044878094422676,0.905319340858847,1.0832984774057433,0.9429762821050354,1.1038516904662092,1.693082966375435,1.5146037865749624,1.0747527689873417,0.6631550493638343,1.209148585409449,1.159901446524776,0.928328293672034,0.6715393335880498,1.3944735274399802,1.0764447696420163,0.8672000711433756,0.8136678077161436,1.039119983943255,1.0785780182660982,0.8800079387731866,2.0682073320612457,3.6080434497874365,0.9236397789191743,1.8028921642025535,1.085920946862198,1.1232628110338179,1.6196561706022097,1.2393031991305736,0.9025969675135179,1.8580752047287774,1.0704142587018082,1.0911975448698479,1.3032238785062067,0.8706417985238827,1.0978368485266965,2.1375970979762067,1.5625524967136963,0.9033998086223589
2023-09-25,1.025138986849471,1.5092899852069,2.0025659387738863,0.8983012205928161,1.0715809210847953,0.9328954865045924,1.1096317601607912,1.6812359860078638,1.5097036194836133,1.079286075949367,0.6644321784095683,1.1936410575102432,1.1377811364837636,0.9263887475767518,0.6533573797133402,1.3821694548644874,1.0648087064269898,0.8574629449465105,0.8029746965429811,1.0061249861724273,1.0805267382439399,0.8684597727233735,2.074501839625446,3.616651500961134,0.9157856726555287,1.7929988108553792,1.0735958495057631,1.059602575726236,1.617496573799078,1.2265429663675778,0.894307722568935,1.849704632206405,1.053102954981155,1.0765308210794755,1.2862653534034245,0.861416535552126,1.1031978824284991,2.129845157125793,1.541938321990364,0.8863185102888923
2023-09-26,1.02613050660554,1.5052450359986516,1.9983377857265452,0.9026459025026589,1.1137076513793733,0.9450764606848766,1.1070307508713588,1.682815551190325,1.4999040832221175,1.0362183544303798,0.6647514021622495,1.1595244419515418,1.140617038110843,0.9084477389156569,0.6602128369479962,1.3927158027863382,1.0639304851277014,0.8515615493049149,0.8079871230407086,1.0116956123854826,1.070783510233662,0.8629791533119033,2.088665022720046,3.5757621075164985,0.9119709177368925,1.7952818477195593,1.0760282872645415,1.0818998648526994,1.6334774845836628,1.2368133604848297,0.8936938259013041,1.8446005181296112,1.0415620581872795,1.0817456155034162,1.2912954281299722,0.86564484721619,1.1200464278629012,2.1288760905788116,1.5378153863225135,0.8809151519914543
2023-09-27,1.0254694934348272,1.4990428420247353,2.0213998579780976,0.8866046597770199,1.1028272763903042,0.9442363687253419,1.0972045882443104,1.6846585114027028,1.492282073922213,1.016789240506329,0.6439978796428157,1.1192047068722617,1.114866773987169,0.9084477389156569,0.663193529884928,1.389786231849344,1.037804240111473,0.8465454288060996,0.7949550265514169,0.9898419717951039,1.060065959422356,0.859651770159259,2.118564835441913,3.394982515204188,0.904790087975138,1.8028921642025535,1.0750553913870788,1.0767294274216948,1.6200881691317786,1.222185653589305,0.8863256602341054,1.8519502678366249,1.0257782663515598,1.0550197642181887,1.2810914618823466,0.8571882826750328,1.110090389348059,2.120155231062775,1.5034585403649419,0.8844011538574972
2023-09-28,1.0109237724657436,1.4839418651847833,2.0452307536508076,0.8842653884530945,1.1095229163477975,0.938775924945353,1.0794307746043876,1.6978219839216335,1.5048038513528654,1.0504663765822784,0.6484678703087196,1.1090139063602023,1.0962629126262868,0.9162059825195669,0.6572322350245892,1.3733807420535042,1.0000419989712266,0.8486108168543588,0.7926160412352875,0.9705594216890087,1.0678604674547922,0.8874456646344031,2.1287935605323915,3.328266667499315,0.9053510662638425,1.7907156578297632,1.0804070119410492,1.0861007415278434,1.6343412177463255,1.214405098117797,0.8771155234328885,1.88237046354483,1.031209198546023,1.0442643154209637,1.2721810782988032,0.8525755630086983,1.1127707306310297,2.1463179574922426,1.5226983472416662,0.9039228324981943
2023-09-29,1.0208411902233427,1.4968855972590673,2.0033347621950437,0.8829286182259579,1.1085464178171787,0.9446563633861136,1.0779859558389078,1.6978219839216335,1.5107926489381431,1.0488472310126582,0.6532572017448091,1.1200907603778922,1.1116904948273918,0.9220246800281948,0.662299276497086,1.380997519038361,1.0408779475679744,0.8548071887776866,0.7942866866795558,1.0134094981177741,1.061040133471811,0.8868585424474816,2.090631891005341,3.3239626419124666,0.9115222376613749,1.8006091273383733,1.105544149755454,1.0773756431826726,1.636932549182551,1.2131601787949247,0.9191752699819336,1.91871110739263,1.0298514654974071,1.0494791098449043,1.2753428521022119,0.8552663014506509,1.122726769145872,2.140504001854432,1.5213239793950581,0.9018312484262828
2023-10-02,1.0122463033973756,1.476391574375015,1.9848846910478761,0.8749080989612235,1.08678566783904,0.921974701582606,1.0722057978518078,1.6843951163727866,1.5004485314559488,1.0368659810126581,0.6370374834371474,1.097937052342512,1.0774321791352386,0.9106297430785447,0.6409877315588851,1.3341244735892246,1.0435124772838233,0.849791137538388,0.7759082796861442,1.006553536171254,1.0396050318491992,0.8755060188066262,2.0422410154321247,3.2131278203569726,0.9031068454426873,1.7754950248637746,1.0964623687657642,1.057017317491668,1.6278624273369302,1.1879508479514302,0.9154911402931467,1.8942117338888111,1.021026117741084,1.0119976504956145,1.2437252238519385,0.8291277918226383,1.1016661751868346,2.098837393724137,1.4636045587648854,0.8924189496255385
2023-10-03,1.0145602531670352,1.4707284610472735,1.9814255493062036,0.8675560158590997,1.0760446100487109,0.9102137220630934,1.0730726537940884,1.6986116860131606,1.5026261914044072,1.0478757120253164,0.6261817695309041,1.1005955514872061,1.0572402822006401,0.9016591499138249,0.6403915929714987,1.3188908300767372,1.0022374851284395,0.8506763434216514,0.7782472650022736,0.9735588526634419,1.0405794290260133,0.844580578547844,2.02925881902894,3.228193060280516,0.9096146038134422,1.738204299854949,1.106192813028803,1.050231182581956,1.619224172072641,1.1689661137222955,0.8940008210903071,1.8507254550217638,1.0235719708826392,0.9911383931664334,1.230647007606152,0.8183648968417994,1.0836688785991724,2.0552326524998787,1.4649787587395198,0.8776033777659277
2023-10-04,1.0122463033973756,1.4685712162816056,1.9383761348341924,0.9046511088924063,1.0732549642136935,0.9139938792860214,1.0742287560255228,1.6862379155857572,1.5342031250716883,1.045932832278481,0.6210732143421335,1.1258507515573153,1.0631390962598617,0.8936584482423093,0.6384541425624931,1.3136175665730379,1.0099216866786844,0.8474307039488799,0.7762424087749978,0.9735588526634419,1.0444767202301246,0.8383170970604704,1.964934362474298,3.166857326728459,0.9004141496569059,1.7130901973803505,1.1000301158017443,1.0211479956601743,1.6058351205172319,1.206624447498068,0.8860186650451023,1.8100971558482348,1.0296817696014104,0.9829903017644696,1.2204430413585263,0.805680079423549,1.0538009972785525,2.0426359704399952,1.44711315183743,0.8595634012167636
2023-10-05,1.0284446582112823,1.4699197083378728,1.9468322530443631,0.9370673529836072,1.0637694653979428,0.9169341498253973,1.0714832118840316,1.6967690477995971,1.5527137000876183,1.044637579113924,0.6164231727424107,1.136041348892694,1.0749365857034086,0.8838034220581409,0.6372619564012452,1.303657097021476,1.0244118684798862,0.8586431271115063,0.7862670166879916,0.9889848717974503,1.0522713026383472,0.825398849267808,1.963360795702709,3.236018202790764,0.9044532958910237,1.730593867210519,1.09062400317538,1.0612182732049433,1.6183604389099782,1.208491731334155,0.8596161416870886,1.7960101251857699,1.0371494672494386,0.9872273570735419,1.21210737603404,0.8087551082938305,1.073330001107879,2.039728770799051,1.4649787587395198,0.8640951098801903
2023-10-06,1.0525771894345672,1.4753127543819735,1.9845006551063205,0.9303835018479243,1.0793924832832675,0.8938323907231267,1.0833325092698314,1.7236221388996626,1.558702497672896,1.060504746835443,0.6150181435640958,1.124964562600564,1.0613239805436347,0.8898652290849713,0.6465019224786842,1.3106879060932692,1.0259485880261203,0.8450700625808215,0.7936184285018485,0.9902704170395921,1.0425280002522828,0.8420358625110542,1.9891300407387507,3.2446269113185027,0.8808912847664243,1.7534250489823737,1.0940297329418642,1.0786683908571535,1.63736454771212,1.2729155451070122,0.8789574008565316,1.8170386761797162,1.0332458810592673,0.9904865140009088,1.2251857020636392,0.8345092687065432,1.105495384735019,2.023255970432601,1.4897158691307026,0.872897356223413
2023-10-09,1.0370398477913734,1.46371725088368,2.036390223730058,0.9170159016746434,1.0602820619414064,0.8829115031631489,1.0896903652025767,1.6980850569527355,1.5559802565037393,1.0556473892405063,0.6157845302078738,1.1103432913836697,1.076297887821855,0.8663456712943743,0.6469489809124616,1.2972119872344239,1.0299005838729183,0.8527418699889441,0.7926160412352875,0.9945554980105056,1.0171956074255595,0.8410573580261933,2.0469625574193455,3.2812162233005386,0.8773006134969326,1.6818877255579205,1.1014897567156208,1.1006424930649967,1.5941736672353857,1.2495736883960464,0.8519410745412619,1.84051735155644,1.0354521765281879,0.9957013880582681,1.210382891905431,0.8237463737257043,1.0855835419292414,1.9883722366057384,1.4773472299991246,0.8618291276906195
2023-10-10,1.0591888349123137,1.480166719779899,2.047152624319189,0.9370673529836072,1.0934813077965335,0.9026530997032634,1.0992276347105436,1.731783198842479,1.58156852557261,1.064390506329114,0.6263860820940205,1.139586036994139,1.0946747383776743,0.8901076871525769,0.667068385196177,1.3388118587226348,1.0540507974202433,0.8660198197188631,0.8049797161585645,1.024550645789546,1.0454510430311525,0.8884242665992885,2.065846561067635,3.371613907705192,0.8871744467108058,1.7153732342445307,1.1027871822948796,1.1135683890471804,1.6386602794043514,1.2719820459113003,0.8850974920573429,1.9038074932908364,1.050387405943603,1.022753178926258,1.2465993640662871,0.8421970760301299,1.0982199217270547,2.0571706377124825,1.4773472299991246,0.882483797426102
2023-10-11,1.066792504736336,1.4755825581853375,2.0340839413510983,0.9394066243075325,1.0962710601431709,0.9018129051057372,1.0976379279229327,1.734942812205623,1.5788462844034532,1.064390506329114,0.6030115624996343,1.143573582534499,1.0987585753955649,0.8942296519702175,0.6764573859204625,1.3429131864002077,1.069419267611742,0.8704458491351806,0.8023065200594276,1.0378343339467748,1.0045293366364114,0.8888157463772524,2.0469625574193455,3.3640809590663996,0.8820132413438332,1.6818877255579205,1.0875427040781311,1.1342496645424116,1.63736454771212,1.274783019239541,0.8510199952638776,1.883595401047955,1.0512360513042283,1.0348124656879507,1.243868930862656,0.8460409796919234,1.095156390131772,2.0649227264442556,1.478721429973759,0.8810893796319705
2023-10-12,1.066131087893458,1.4993126458280994,2.0609897549394134,0.9331849712027246,1.0620954222690446,0.8988727372043526,1.0980717973566634,1.732046915871209,1.5908237465871413,1.0543520569620253,0.6023729199650976,1.1484475202082913,1.0942209247798935,0.8947145681054288,0.6775005829416264,1.3440851222263341,1.0764447696420163,0.8633641328095559,0.8026405674541275,1.038262779191263,0.9938117858251057,0.8772675803274393,2.1091229538566907,3.379147185021005,0.88055449268231,1.6742771767520541,1.0969489157370562,1.127463687708962,1.6334774845836628,1.2828748996899881,0.8439588247856821,1.8872703382455935,1.0488598940586698,1.0273161738180927,1.2480366537410865,0.8491160673491756,1.10243197025169,2.052325748621653,1.44711315183743,0.8850984053738487
2023-10-13,1.0525771894345672,1.4796272439133091,2.09250832117016,0.921152405589135,1.067675246497179,0.8883719469431378,1.090991090578588,1.718093741260751,1.5859238454695264,1.0449613924050634,0.6045442967813556,1.136041348892694,1.1110098784368927,0.8777417334768736,0.6587225359862926,1.3235779465818256,1.097521409914857,0.8636593168698383,0.806984654079994,1.0485468268653815,0.985042806240069,0.8776591575854276,2.1547598771615126,3.378070767778017,0.8811155735264603,1.6392697209302811,1.0745687453832258,1.106135880300228,1.62052003571311,1.276650398223849,0.8034340541816521,1.8631793188055712,1.034264139375569,1.0302493911626973,1.2425754579823864,0.831434181049291,1.1001343508332164,2.0658914972285185,1.4333704806031908,0.8842268409784092
2023-10-16,1.053238505359404,1.4793575718500833,2.1144175340589997,0.9168073152869523,1.068930592448518,0.8892118336266899,1.0788529000737066,1.7146707328676911,1.5750352797535008,1.0436661392405062,0.6064602633908006,1.1320538033523337,1.1044303786497238,0.8799239153081059,0.6696018831790441,1.3370540445262187,1.1185979160056805,0.8574629449465105,0.8063163142081329,1.078113634154272,0.9840685578148274,0.8933175688637884,2.159873878989986,3.3576240989935746,0.8836961762099466,1.6689500132946766,1.0823532988587785,1.1148608996072675,1.615337108944184,1.282563765007491,0.8218545152048363,1.8895160985640775,1.0468233774260667,1.0325310478754521,1.2506234897178128,0.8391219295859069,1.097453892438292,2.068798548988103,1.4388674483737025,0.9093261055570605
2023-10-17,1.0581972142382035,1.5195371283890644,2.1305609470581843,0.9228236491427896,1.079671543727227,0.8875318549836031,1.0868004627940626,1.7191466773827875,1.58156852557261,1.0388088607594936,0.6059493649655052,1.1351553631126234,1.1076067271469492,0.8750745762876484,0.6618522180633086,1.3581470089982428,1.1301242854220563,0.8663147960005954,0.8133335969331361,1.0871122413405874,0.979196869433902,0.8876412095633363,2.1834789436698085,3.4017466882914236,0.8921112607622966,1.6910199891760773,1.0985706729529896,1.1184154814833023,1.6084267158499324,1.2726045055727362,0.8396607984292642,1.8899247020044012,1.0534423467731489,1.0364420043349247,1.2589591550422992,0.8348936767088138,1.1120051697900815,2.0891474676611197,1.4636045587648854,0.9091517926779726
2023-10-18,1.042659771676968,1.4308187083116566,2.1313293947103182,0.9201498023942614,1.057631733305129,0.8950923747054418,1.0804423419837634,1.7120382315631935,1.5723131715712113,1.027151424050633,0.596625098148432,1.124964562600564,1.101480971620113,0.8547069733759248,0.6533573797133402,1.331194992195004,1.1339664532881872,0.8778224724830208,0.8123312096665751,1.0879689223208868,0.9694535670478376,0.8610218519021082,2.1952813557707977,3.451250377773151,0.8948041616589697,1.6856927095572634,1.1008410934422719,1.1171230499613465,1.6062671190468008,1.2651349896355042,0.8197053614610647,1.8631793188055712,1.053781821505463,1.0315532291271652,1.2316528468973613,0.8268214613829564,1.0989857167919101,2.0135661922509427,1.4608559909436427,0.886667136047068
2023-10-19,1.0105931649623459,1.4140999625726267,2.1201831460641434,0.9154703408636456,1.030849066963536,0.8976125479460547,1.0485072913727262,1.6880810367975416,1.5679578516742947,0.9988360759493671,0.588067178969302,1.131167682121143,1.1023885294782267,0.8607688396255367,0.6405405366048206,1.3030710395656389,1.1153048209518779,0.876642082539475,0.8317121673148553,1.0772565341566187,0.9558130478334482,0.8439932614008737,2.175217567820313,3.3812996908299606,0.8950285529744515,1.657534364328031,1.0854344989234666,1.1119526125303418,1.5885587419368905,1.2601552171957955,0.79821494854785,1.8380674765501899,1.0570064582310057,1.0344864464717698,1.2037719302771788,0.8141366439647062,1.0606935041981123,1.9922483549123042,1.4512360875052805,0.8805665262332786
2023-10-20,0.9871217478278148,1.4062796044792174,2.0967360984484777,0.9114597238879808,1.0103437694483561,0.8900519255862246,1.0563105841185776,1.621473811111954,1.5418252673584598,0.9884720727848101,0.5879393958542257,1.1152169581552207,1.0935404470642904,0.8515550184970514,0.618632944092758,1.280220529525521,1.1251845086593357,0.876642082539475,0.8136678077161436,1.0704004674557601,0.9889401718199664,0.8068042909147057,2.1457111768510737,3.3845282852048832,0.8953650373922283,1.6308983147182696,1.0894887929307389,1.1077515777789353,1.5596210420229406,1.2352573064794607,0.7754966017338106,1.7778396785736061,1.049708539419295,1.0266642946525681,1.1952926677257878,0.800298602539644,1.0304427839010413,1.9278102356822193,1.4333704806031908,0.8593889178605323
2023-10-23,0.9990229115238413,1.3617858218891774,2.0990425687119494,0.9091199420736304,1.004624521509862,0.8921521041660658,1.056599477237659,1.6125225660793894,1.5532580153345827,1.0036943037974684,0.5899831455787472,1.1302814931643914,1.0858266559637382,0.8430685123486014,0.6189309223729265,1.261471347162976,1.1109137144554355,0.8792977694487822,0.8136678077161436,1.0768280889121304,0.985042806240069,0.7952561736049049,2.093779986459895,3.330719584105245,0.8949164598721564,1.6522072008706532,1.089975438934592,1.1090444044915473,1.549255320433326,1.2346348468180246,0.7880838261796239,1.7506861906875073,1.0471626862777397,1.0211235606458653,1.1904061902261447,0.800298602539644,1.0434620026753054,1.9718992883579292,1.4251247771394633,0.8524169993670183
2023-10-24,0.994725114897713,1.4073584244722588,2.0882805438918415,0.9111252505614629,0.9390632111314868,0.900132823824659,1.0620906538131596,1.6133124291703236,1.5401917896700987,1.0046659018987343,0.5856403139345615,1.1183184501899497,1.0996660639162303,0.8408862712945875,0.6219115698030959,1.2175277831080602,1.1394553028632362,0.8728063519842055,0.8183459417367098,1.1021096057214306,0.9840685578148274,0.8099360803984048,2.102434784062018,3.398518422593521,0.8942430808148194,1.6552514436252872,1.0849479519521743,1.1142146838462894,1.531546943323416,1.2271652357325717,0.7917676747372853,1.7743688560637336,1.0587035830716152,1.0403531996946536,1.1662618754522407,0.7910732219939459,1.0476741683118944,1.980620295755324,1.412756138007885,0.8819607735502666
2023-10-25,1.0056344560835464,1.4219200571857593,2.089433215370043,0.9101225452685042,0.9291592281614166,0.9060132622654196,1.0716276584435724,1.6193676168690674,1.5576137341921004,1.0095241297468354,0.5861512513656918,1.1178754572999146,1.1076067271469492,0.8445233199770168,0.62042122333463,1.2104969740362668,1.1476880404977428,0.837693508492498,0.8266998225112816,1.1025380509659188,0.9908888174220222,0.8136548945890009,2.1036152897977454,3.3877565509027856,0.9006385409723877,1.636986567904665,1.0851100682542312,1.122293171239826,1.541912796861268,1.2302776291879727,0.7748824707902419,1.7958060104980036,1.0670199260802686,1.048175431147274,1.1916996631064143,0.7945327176534687,1.0599277091332568,1.9670545471484593,1.4155047058291277,0.8988680147203604
2023-10-26,0.9983616965170459,1.4011562304983427,2.066755366944557,0.9127964941151174,0.9223240579819435,0.8942523853838984,1.065269537633273,1.6035713210468248,1.5494471436714974,1.016001582278481,0.5782320137269334,1.1298383648232355,1.1203117744486095,0.8411287885849746,0.6181857036319311,1.2058094098173087,1.157018923756906,0.8253006953863258,0.8213533486188541,1.1166789438751394,0.9811454406601714,0.8154165048498262,2.1000742535462518,3.399594182482468,0.8751687934444098,1.6316591721244147,1.0601353438395658,1.129725838063041,1.3501454300486644,1.2330786976644348,0.7782596052900257,1.7986641148797862,1.0554789463460725,1.051760527657403,1.183363997781928,0.799529786535103,1.007084336299623,1.9428295101688768,1.4210020093435862,0.896776430648449
2023-10-27,0.9943945073943153,1.3650214914274716,2.0759804964603967,0.9104569164969372,0.9011211093568647,0.8829115031631489,1.035502068340528,1.5822469495844849,1.5336586768378568,1.016973338607595,0.5723564478010266,1.1320538033523337,1.1130516582709418,0.8149419551595894,0.6283200141107369,1.0663621197532525,1.1564698509445777,0.8043508689887674,0.8133335969331361,1.1162502891219743,0.9811454406601714,0.8175695461486032,2.087091335709535,3.3382528614210583,0.8574412129109512,1.6324204941763045,1.0413230195542762,1.1174460788037042,1.318616134802014,1.2280990203729467,0.7742684804122356,1.818059498995075,1.026796607608182,1.0471975327655683,1.1426923887212064,0.7976078640976916,0.9994260343152077,1.941860591503255,1.4210020093435862,0.9063630423282814
2023-10-30,1.0145602531670352,1.3776954196983915,2.065602695466356,0.9024351720551824,0.9113042592825144,0.8997128291638873,1.0493742356075249,1.5461790574225318,1.5548914930229438,1.0364058544303798,0.5796370429052482,1.1364844772338498,1.1076067271469492,0.8125172560379699,0.6421799632268954,1.0438045041268922,1.1597633485444303,0.8173338424369543,0.8153386165487194,1.1248204510638014,0.9889401718199664,0.8212885065592359,2.0721413091096794,3.3576240989935746,0.8667537088920597,1.6324204941763045,1.0596486978357127,1.1394201810115474,1.3397795765108123,1.2343235218390858,0.7847067385350275,1.841538049683535,1.047841635742368,1.0559975033330566,1.1507405302404454,0.8052956714212784,0.9994260343152077,1.9573643253227233,1.4223760414462472,0.9131607331812791
2023-10-31,1.0267918225303765,1.382010172710004,2.0344685409461882,0.9014324667622237,0.917860262506408,0.8955123693662135,1.052986988861369,1.5593422079426484,1.5614244728683186,1.0451505537974684,0.588067178969302,1.1400289621586142,1.110102251241331,0.8277928841932857,0.6391993157967261,1.0440973089978758,1.1668986114643638,0.8117275615961244,0.8163410038152804,1.1381040344666915,0.9947860342503471,0.82070128689229,1.9773273881599174,3.38560404509383,0.872700591529556,1.6499242801679093,1.0687304788254026,1.1316645643841061,1.3605111516382793,1.2374358201462656,0.7828646736906341,1.7768188557582474,1.0546303839257678,1.0644716935846203,1.1480097676853762,0.8125990119556237,1.0124452530894719,2.087209482448516,1.414130505854493,0.915949568769542
2023-11-01,1.023155341829085,1.3936056762082976,2.042540435330292,0.9057775570644064,0.9020977143991035,0.8913121148445224,1.0281325567358892,1.5535502542744137,1.5581579164521977,1.0422356803797468,0.5897277353719342,1.1599673671160167,1.1255298334424357,0.8239133182204691,0.6393483504435726,1.0320860412933666,1.1943420542475083,0.8176288187186864,0.83304868367027,1.157815029817275,1.001606368233328,0.8156122934788204,1.9450669246833614,3.493220461262044,0.8721395106854057,1.704718675006903,1.0739201811424377,1.1432979498062024,1.3207757316051456,1.2514410673803544,0.7773385260126413,1.7625277104080161,1.0648133817903862,1.0775086398277625,1.1539021942600411,0.8256682961631155,1.0197207160974362,2.134690194097981,1.4402418162203106,0.9171695884460139
2023-11-02,1.0330728605047255,1.397111149549956,2.1278702529686457,0.9158047120920786,0.9292987583833965,0.8837513898467009,1.008624854626369,1.583036490676605,1.5728576198050426,1.0522759493670886,0.614379501029559,1.2042747831867775,1.1343779158563718,0.8338546319973345,0.6494825699088536,1.0651903630126738,1.1872069255095914,0.8176288187186864,0.8343853634139922,1.1436745559254082,1.0210928986296708,0.8437975215118918,1.961590518054806,3.392060905166655,0.8755057906394158,1.6963472687948913,1.0385661511262627,1.155577630027408,1.3406434416217126,1.2642013952915712,0.7764175404456322,1.7976432920644274,1.080936731298741,1.0973900784086568,1.2007539732683004,0.8552663014506509,1.0197207160974362,2.1666668761652588,1.4526102874799152,0.9332053504592398
2023-11-03,1.0334033670900817,1.3847067616021234,2.039081105704108,0.9218208417517458,0.9509199781395552,0.8883719469431378,1.0083357849222514,1.5854060799494079,1.5434583460862197,1.055190743670886,0.6268969805193159,1.216237826161219,1.1307479617737102,0.8488876836394815,0.6701980217664305,1.0953648451666647,1.1861090482489682,0.798449681125722,0.8323804254925626,1.1539586035995266,1.0308361266399488,0.864349332534777,1.9271663551777194,3.2995113723070877,0.8649586809236512,1.6933031422016938,1.0392147153670508,1.164948707019163,1.3371882450745867,1.2676247331330273,0.8065040997820577,1.794989427058675,1.0838218932919694,1.102278933249835,1.2197246160887518,0.8560350586682212,1.0300598278126367,2.140504001854432,1.4814699977950017,0.9290220118382738
2023-11-06,1.0215025061481793,1.3855157777918008,2.0552245187032927,0.9221551108820938,0.9506411307188352,0.8908921201837507,1.0151271571186549,1.60409795010725,1.5543470447891123,1.0441788765822784,0.6281743045942243,1.1985148597329147,1.1153204489100537,0.8464630437406435,0.6703471019200395,1.11206340846181,1.171289852142823,0.8096621735478652,0.828704760432711,1.1363898344713845,1.0162212846245318,0.8682639353543672,1.9336576938571557,3.3231866354664525,0.8649586809236512,1.6666669764304962,1.046836954475425,1.160101614583041,1.364830213296305,1.2657575444451612,0.8104952246598477,1.804789051771939,1.0785607399338235,1.089241987006693,1.2109578297321133,0.85372878701551,1.0181891259677254,2.171511913137447,1.4567330552757922,0.9298934909951416
2023-11-07,1.0386927843903202,1.3793135838178845,2.018709351773071,0.9258317650216658,0.9500831163425358,0.8896319309254529,1.0294330172343464,1.6014654488027522,1.5750352797535008,1.0503325949367088,0.6321339429165208,1.2029457367911114,1.1232611814782203,0.8459780683826507,0.6721354721754362,1.1437027208556851,1.1729362654877078,0.8158584069521595,0.8383952392568511,1.1389610297100066,1.0220672214306985,0.8375342349845669,1.8925452409464751,3.2467790884504373,0.8729248802895919,1.7138510547864958,1.0590001335949246,1.1655951598945347,1.3440986381688382,1.2629562856722574,0.8240034815278577,1.7623235957202499,1.08212476845136,1.083049453467884,1.2086584077768219,0.8525755630086983,1.019337994232939,2.1899225508351416,1.5598037610204802,0.9117663153871476
2023-11-08,1.0502632396649076,1.3712236854013877,1.9960313154630738,0.9291740479328048,0.9486881336575973,0.8896319309254529,1.030444584613722,1.5988329474982546,1.5859238454695264,1.0558385284810126,0.6327725464452228,1.1861087561428776,1.1001196695016668,0.8590715147067342,0.6642367724128541,1.1489758948166107,1.1668986114643638,0.810547310171612,0.848085799775145,1.1291055320347148,1.033759020667246,0.8203098071143261,1.87720167235507,3.202656827829609,0.8760663587063369,1.8576867913644195,1.0628922122675792,1.1639795414539587,1.3384838448185807,1.2638900703126323,0.8240034815278577,1.7419073887896024,1.0931564946169243,1.0608864378076537,1.2069337040805874,0.8483473101316052,1.0296767546122787,2.251938077638453,1.5831666714370285,0.9068858104884017
2023-11-09,1.1391899974881499,1.4070887524090332,2.0102530456783887,0.9335190361369025,0.9553838801267105,0.8967725586245113,1.0226414684529068,1.587983358457291,1.6093343216030715,1.0684697784810127,0.636987672986002,1.1862815917728073,1.1132785997385564,0.8772567581188807,0.6722844613155204,1.1765138795329126,1.1729362654877078,0.8199894600867448,0.8561054697667093,1.1363898344713845,1.0366820634461158,0.8126762926241154,1.8703452883085865,3.259693137273108,0.8941308851570785,1.8576867913644195,1.0664600583361203,1.1546081483096786,1.3544644917066904,1.2685584226251814,0.826152447850879,1.75456549194944,1.1014726717449366,1.083049453467884,1.2152691498374486,0.8568038746727623,0.9978943270735433,2.2558141959450193,1.5941606069780518,0.9171695884460139
2023-11-10,1.1272890356282061,1.36043732983291,2.0213998579780976,0.9281714447379311,0.9456192143553805,0.8757708754640905,1.0103589196810026,1.5777144942775179,1.6087900063561074,1.0577816455696203,0.6316230054853905,1.183179625659156,1.1166816816910516,0.8665880701391984,0.6575303043182823,1.1545421422768416,1.1729362654877078,0.8102524031493964,0.8520955122296965,1.1291055320347148,1.0142725646466897,0.7901672289314474,1.8801820345135005,3.273683603338767,0.8861643781248003,1.8751905773560238,1.053972646612507,1.1339266357000537,1.3428030384248442,1.2582879333597083,0.8224684118724673,1.7439489097320562,0.967395164678836,1.0951085809627394,1.200035218647088,0.847578494127064,1.002872170663034,2.248062107213246,1.5653008966629653,0.9166467350473219
2023-11-13,1.1557192625595782,1.3817406323869166,2.042155835735202,0.9408723444160464,0.953710050021052,0.8791311406642381,1.016717040491302,1.600621972909274,1.6109677992914326,1.0616682753164557,0.6485471691710363,1.197803199545101,1.1116904948273918,0.8656181786459943,0.66945289403896,1.1507337090130265,1.1817182101165593,0.8158584069521595,0.8581104893822925,1.130390972522518,1.0162212846245318,0.7952561736049049,1.9071344305415519,3.2661503260229536,0.8859401919202102,1.910198149339233,1.0474857167813347,1.155577630027408,1.357056087039391,1.2859871028489471,0.8221614166834642,1.7576278357072523,0.9804634904173242,1.092827083516822,1.207795946144892,0.8652603804269486,1.0162746968615637,2.3275195009299887,1.5611779609951149,0.9237929664199237
2023-11-14,1.1653062746498624,1.373381061907194,2.0144811987257296,0.9311794585187222,0.9657062407394803,0.8673701611447256,0.9995211013820604,1.5927230200011175,1.5766687574418619,1.0668503164556962,0.6590848685054798,1.1915992673177982,1.121219193631827,0.8733772513688458,0.6882308954875311,1.1776855467307172,1.1987328923799174,0.8108423557128609,0.8524298047068577,1.1513875131152431,1.0688347158800335,0.8390998616563494,1.892379311234181,3.224179585180019,0.8781983838697514,1.9292241147888722,1.0476478330833916,1.1643024122200538,1.3548964902362592,1.281007425557459,0.857774076842695,1.8374548831103634,0.9838578230388637,1.1156418987091583,1.2145506147838614,0.8717949637437236,1.0679689672060766,2.3158915896543677,1.5364411863478789,0.9433147302991925
2023-11-15,1.1662977944059314,1.36043732983291,2.0260124227360174,0.914133468538424,0.9756102237095505,0.8778710540439317,1.0063127384560182,1.6245825486624734,1.591912643054804,1.0684697784810127,0.6590848685054798,1.176975828882974,1.1221266821524922,0.8942296519702175,0.6997063812676692,1.1993643895730306,1.1888534730364928,0.804941029330782,0.8614520253532905,1.1441030011698965,1.0980644742866543,0.8653281294597112,1.8969043828229322,3.1768290588612884,0.8734857560228506,1.9414006211616632,1.0614325713537027,1.171411734048386,1.3769239290041952,1.288477036642912,0.871589235189333,1.8974784417109174,0.9658676527939027,1.1413899312460989,1.238695039341578,0.880635995074122,1.0538009972785525,2.3604653974256076,1.5240727150882742,0.9468006469266637
2023-11-16,1.1593557432608699,1.370684604755213,1.96470908854687,0.9201498023942614,0.9697513390374566,0.8803912272845447,0.9986099225957152,1.6029915621820767,1.6071567946414804,1.0590771360759494,0.6546142537462178,1.1716580178868623,1.1457217303770342,0.8779842507672607,0.6837599470956582,1.177099757903202,1.1833646234614439,0.7919581944016286,0.8537664027564261,1.1471024321443297,1.0922185374804876,0.8518224670400542,1.8429992300500633,3.2134183708433244,0.8607811873931052,1.942237912792731,1.0641897368793989,1.1720581078856265,1.360943150167848,1.2853647383357318,0.8418098584626607,1.8686915375696338,0.9478775654892625,1.1544269571226597,1.2294971319527872,0.869104284088742,1.0201981815324286,2.369186256941643,1.511704075956696,0.9408745204691054
2023-11-17,1.1682814394263172,1.3833585330261329,2.0054569177527095,0.9224892779143566,0.9959760975143703,0.8892118336266899,1.0192759342496214,1.6203698381778862,1.624578473189748,1.0704129746835442,0.6542950689993716,1.1800776595455047,1.1525281022943692,0.8913200367133868,0.7041773751663045,1.2175277831080602,1.1899512161150991,0.7960891782766971,0.8684692263841399,1.1556725940861567,1.1048848082696354,0.8745273193617163,1.8795916614067147,3.2661503260229536,0.8564051465194271,1.9429988863603125,1.0601353438395658,1.196940418132264,1.4252974723533807,1.3139975021689034,0.8519410745412619,1.909523826742665,0.9536480553563605,1.1700713403944816,1.2467432906446296,0.8825579175115333,1.0290064057896402,2.3643413678508143,1.5336926185266364,0.9492410272338941
2023-11-20,1.1689425535150713,1.362594574598578,2.030443115286782,0.918144391808344,0.9941626306751122,0.8774509567451686,1.0173970694653747,1.62247619342018,1.624578473189748,1.0616682753164557,0.6511017393091832,1.1689992478399271,1.1576327945605605,0.8857432050445492,0.7004516000086645,1.219285597304476,1.1822668803828373,0.7860567295005163,0.8761546855926968,1.1402463654434711,1.0873469234753483,0.8821608825919393,1.8904120822321202,3.2478551770164046,0.8474281094016372,1.9216890709164405,1.0565673987384638,1.1943553179739588,1.435231327361664,1.3189771794603915,0.8540900408642833,1.90074502484476,0.9516112899027956,1.1661602246681715,1.2374015664613087,0.8917833568442026,1.0236450205519767,2.3788760351233016,1.5391897541691215,0.9610933653875824
2023-11-21,1.1653062746498624,1.3741900780968714,2.0089166231479165,0.9241604193699262,0.9884433827366179,0.9139938792860214,1.0241895011719948,1.6148401525437184,1.636555802386569,1.0542191455696202,0.6526983651484426,1.176532497365137,1.1769172029744934,0.8825911317201126,0.6851012134105152,1.2128404875174241,1.1817182101165593,0.7975644059829418,0.8995456824721435,1.1359613892268963,1.0951415802593574,0.8755060188066262,1.8750667100568856,3.1865141846320157,0.8538242361696033,1.9201668914584056,1.060621791778297,1.2066348401189018,1.4296165340114064,1.3164874359628687,0.8878607298894958,1.8660375478756175,0.9499140821218656,1.1664861642509339,1.2230298773352526,0.8802515870718515,1.0198153425559777,2.354651293906438,1.5350666506292974,0.964230826734021
2023-11-22,1.1765460215030108,1.3598981174465967,1.965478475621562,0.935190279690557,0.97630755528459,0.9190343284052386,1.0197093622207616,1.597462520545537,1.6550663774024992,1.0610204905063292,0.6590848685054798,1.1836228217258722,1.172379760371166,0.8821061563621199,0.681822542193415,1.1964348186360358,1.1959887359564263,0.8025804572222405,0.8988773426002824,1.1458169916565264,1.1019617654907656,0.876093238473572,1.8341461584656407,3.1520770497819144,0.8577516482454866,1.9102730734654871,1.0648382020876261,1.2140674279039854,1.4196826790031232,1.3059056217184568,0.9231663011493484,1.83316772653769,0.9623035413360458,1.1668121834671148,1.2158439778803183,0.8748701689749173,1.0224960351748096,2.3013567745005217,1.5529324254033607,0.9602218862307146
2023-11-23,1.1643144521396693,1.3717630295278394,1.9881583907766742,0.9358587158531678,0.978121128635468,0.9198744203647734,1.0267908636314995,1.6106272810597242,1.6659549431185248,1.0652309335443038,0.6590848685054798,1.1960306861804775,1.1396793878002562,0.8981092179430341,0.6840580163893515,1.202294050052799,1.2064173622941958,0.7946136735323857,0.9008822805217119,1.1539586035995266,1.107807776672719,0.8735488148768554,1.8630662644514409,3.174676553052333,0.8498967728159972,1.8935295640728476,1.070676765743132,1.1853109846167296,1.4386867878052647,1.3108852990099447,0.9081230683363232,1.8366382996710349,0.958909291654827,1.177241772314996,1.2171375605444004,0.8748701689749173,1.0267086692592131,2.332364537902177,1.5529324254033607,0.959001781315671
2023-11-24,1.1580332123292378,1.3725720457175168,1.9950778015670882,0.9485597176293682,0.9878854748719385,0.9160941605038541,1.027946789277898,1.6048346833938614,1.6599664115069812,1.0662025316455697,0.6542950689993716,1.205779645137027,1.1453521617786884,0.9070806402266953,0.6867405490190653,1.206981256100661,1.2168458544499487,0.7975644059829418,0.8901893327368571,1.1595290203039048,1.11170506787683,0.8676768131674457,1.8748702396584156,3.1897427790069384,0.8528142701390437,1.8935295640728476,1.0787853537576766,1.1885432489935877,1.4412779872932528,1.3217782479368536,0.9099651331807166,1.8299010187155837,0.9585696510418714,1.1863676028318282,1.220874052606866,0.8802515870718515,1.0439418103493707,2.3352715896617617,1.546061089786241,0.9562130309659798
2023-11-27,1.173240148305117,1.3450668126698706,1.9762418156332502,0.9512336664759815,0.9778419616798885,0.9160941605038541,1.02187712012409,1.5993053197585076,1.6724881889376337,1.065554825949367,0.6523790633840917,1.2239483812033396,1.151025074432017,0.9058681722203225,0.6772025136479332,1.1946770939823943,1.2157481113713422,0.795203903133917,0.9052262037592709,1.1591004703050782,1.107807776672719,0.8631749906809096,1.8691647825728592,3.2069611820934787,0.8531509083899892,1.8996182819049872,1.0852722835888489,1.1950081729379605,1.4412779872932528,1.3326711968637623,0.9133421739701253,1.8190803218104337,0.953308414743405,1.1899527789753759,1.2086584077768219,0.8767921501992996,1.0546645808246977,2.3565894270004004,1.546061089786241,0.9520297775835854
2023-11-28,1.1755541989928178,1.3348196694877061,1.9839296740757983,0.9485597176293682,0.977284053815209,0.926174956104297,1.0201430550694561,1.5987786906980823,1.6686773172745486,1.061992167721519,0.6520597616197407,1.24654826523009,1.161803580738362,0.9085354478551108,0.6597657330074563,1.1905757663048213,1.2267255421574066,0.7987447266669709,0.9052262037592709,1.168956177489047,1.1029361626675798,0.862783315942897,1.8689680716965456,3.2101897764684018,0.8496722789450696,1.918644944323243,1.0878671347473665,1.1904827656959651,1.4300485325409753,1.3214669229579146,0.9136491691591284,1.8254093733903525,0.9417676008898501,1.1896269190260322,1.2201556273370915,0.86564484721619,1.0810886680365641,2.5029070887299247,1.5295698507307594,0.9468006469266637
2023-11-29,1.1871246542674052,1.3526172352197774,1.963171817473579,0.9505650261172006,0.9785395062781677,0.9152540685443192,1.0123391442759784,1.5661292989457922,1.6583331997923543,1.0600487341772151,0.6523790633840917,1.2562976305400015,1.163505399064402,0.9085354478551108,0.6365167831670122,1.2093248591245922,1.2349584139739298,0.795203903133917,0.9032213475319951,1.1638141012748184,1.0961159030603849,0.8371427552066031,1.8569675058521786,3.172523718566357,0.8423785869151763,1.9300608256127603,1.0739201811424377,1.1859574374921011,1.382970588935784,1.293456618786179,0.9658401317867747,1.8127513949187788,0.9300570911402983,1.1932120951695802,1.248898895805391,0.8783295470604986,1.1029171650756227,2.552325785591993,1.513078443803304,0.9412232314658528
2023-11-30,1.1980338945351972,1.3652912952308358,1.9681689818265888,0.9552443855497313,0.9837006333287427,0.9223945936053862,1.025634584815029,1.5853500521557582,1.6550663774024992,1.0674980221518988,0.6536563484531651,1.266932846178863,1.1657745363907543,0.9082929305647236,0.6430741256012126,1.2181136614783494,1.1976354176653443,0.796384223817946,0.902553007660134,1.114728103829148,1.0951415802593574,0.8385126419894036,1.8851000468991914,3.2080375993364667,0.8459692581846681,1.9140784059491383,1.0705144513759535,1.1937150300728234,1.4106125571575026,1.299369795273379,0.9643051558417596,1.80397246833261,0.938033876476317,1.1945157738672105,1.249473943415886,0.8814048110786633,1.0983215749028146,2.604651238450928,1.4732244622032475,0.9410487481096216
2023-12-01,1.1924140715676437,1.3749992260266872,1.9743197570803575,0.9345218435279462,0.9929072847237733,0.9316353998842859,1.0376294765631042,1.5906161817606028,1.659422096260017,1.0749473101265823,0.6613201368792758,1.2611719745671557,1.1720146293694986,0.9211438595984198,0.6473960393462389,1.2374488117539575,1.1987328923799174,0.7990397029487032,0.9042238981868637,1.1207281180757382,1.099038945839255,0.9046699950246195,1.8823459743918751,3.283368729109494,0.8484380754321968,1.9361493111220276,1.0747309607178435,1.2014727016916769,1.4093169574135085,1.3065280813798927,0.9845674005782118,1.8688959016339275,0.955854350825281,1.2026638652691746,1.2787921497108679,0.8744857609726467,1.127809427933871,2.6812020240521637,1.484218565616244,0.9759089372471931
2023-12-04,1.1924140715676437,1.384167417475672,1.9501020071984192,0.9398695370250026,0.9972314434657091,0.9316353998842859,1.051647679654967,1.5906161817606028,1.6588775150393185,1.0623160601265822,0.6600427737985325,1.2620582312494675,1.175418404696475,0.9073230390715195,0.6439683789890546,1.2520965768961556,1.1778759080684116,0.8040558927070353,0.9082336106414152,1.1091565348270465,1.0941672574583294,0.8708084564311082,1.8569675058521786,3.259693137273108,0.856629486557186,1.9323438624769407,1.06889269416002,1.2108467030942875,1.4106125571575026,1.3124414481635347,1.012504899881241,1.8115263327273898,0.9517810687391131,1.2059231814633788,1.2971878547046372,0.8741013529703763,1.1454255251124332,2.765503863215658,1.462230023046304,0.9495894825149266
2023-12-05,1.203653818420792,1.367718080319591,1.9420291733917578,0.949562422922327,0.9726809411409333,0.9349956650844337,1.040230839022609,1.5887737045464463,1.6724881889376337,1.0639353639240505,0.6549336335222385,1.281556420064808,1.1742837666958508,0.904170965747083,0.6359205990728635,1.2585416866832075,1.1910489591937057,0.7987447266669709,0.9162533623271332,1.1241568323293678,1.0892956434531904,0.8436017816229099,1.8567707949758647,3.2134183708433244,0.853263155325453,1.917122532542336,1.0479723627851878,1.2047051241447975,1.3946319102693927,1.3080842305334828,1.0131189839696222,1.7900893029813834,0.9546662307323415,1.2205897459869137,1.293738557095981,0.876407742197029,1.154233398033784,2.7587211367935844,1.496587036875849,0.9447090628547523
2023-12-06,1.2181995393898757,1.3658305076171489,1.9143519059991243,0.9582523993305224,0.978121128635468,0.9375158383250465,1.0405197321416904,1.6185267169661017,1.6833768876405264,1.063287658227848,0.6568496001316837,1.285101446794055,1.1930044616567725,0.9184767024091945,0.6587225359862926,1.2854935244008985,1.2036728033246546,0.7969743149004439,0.9272804392008417,1.1382998203253587,1.0941672574583294,0.8608261120131263,1.8333593149603853,3.2424744055095474,0.8534875466409348,1.9620254326171322,1.0508913475152581,1.1946848279430777,1.432640127873676,1.3267577349318995,1.035530382449846,1.8231637377601324,0.9417676008898501,1.218960127706521,1.316589618557241,0.9060056886975935,1.1726154073891553,2.7965122181427504,1.500709804671726,0.9572588230019354
2023-12-07,1.2258028055417325,1.3615160180858132,1.9074326830932216,0.9642688352844447,0.9774236905488086,0.9484367258850243,1.0351727372481765,1.6124705632709158,1.6822881241597307,1.0665263449367088,0.6581268852007571,1.285544642860771,1.2094556032666537,0.9201739681052157,0.6512708946574879,1.2796344720696837,1.213552759396146,0.789892667834336,0.9272804392008417,1.166157351072852,1.0902699662542181,0.8708084564311082,1.8109318702821628,3.2155702192982383,0.8546097083292354,1.955936947107865,1.0500803698747307,1.2001797169028023,1.4037022960114884,1.3317374122233874,1.018049180516826,1.8519502678366249,0.9375246229076852,1.218960127706521,1.3140026727967022,0.9213812445577962,1.163807417355851,2.7732560998287905,1.4897158691307026,0.9705056641883267
2023-12-08,1.2198524759888227,1.3647519511043842,1.9378010203444167,0.9622633226004423,0.999323864237307,0.954737261624548,1.0364733743316699,1.6303756293265574,1.6915433451742623,1.084987420886076,0.6696225288340882,1.306372013522898,1.2026483299624933,0.9267206320444759,0.6628953240709476,1.2919387237307245,1.217943597528555,0.7957939942164148,0.9359686124525745,1.1631572915723878,1.106833453871691,0.7056503906219538,1.8424089771821996,3.2166466365412267,0.8497845258805333,1.9802911214678065,1.0534861986737758,1.1765836732038841,1.4252974723533807,1.3354721701920034,1.0251104447053967,1.867670714754275,0.9602669417631221,1.2271082987419035,1.3318236595314141,0.925993846650189,1.1661052709982318,2.803294944564824,1.4718500943566395,0.9731201016589301
2023-12-11,1.2274558430587208,1.3612463460225874,1.9347255387752766,0.9709534011067228,0.9938835702311526,0.9534771750042416,1.0458670802052765,1.623002822480605,1.6969878275125758,1.0979424841772152,0.6699419086101089,1.3245408850403313,1.2066191469399894,0.9272056666252502,0.6681115367105782,1.282564043006678,1.2157481113713422,0.7940235824498878,0.934966061797706,1.161871536821569,1.11170506787683,0.7003265190897081,1.838474398939156,3.0939643230954275,0.8482135302835463,2.016822266846283,1.0624057643288478,1.1746441565015067,1.3972233736538557,1.3354721701920034,1.0598027752702444,1.793764364867286,0.9536480553563605,1.2059231814633788,1.325500111924597,0.9236876337844488,1.1618925198018746,2.8769383826437562,1.478721429973759,0.9558644052078039
2023-12-12,1.2320839444341227,1.3714933574646135,1.9212711289050268,0.966942579934888,0.9881643222926584,0.9564173429056261,1.0473119872632746,1.6293217272080789,1.7198535894385554,1.105715506329114,0.6734544620529785,1.315234986699377,1.2117248792679018,0.9242959921456378,0.6566360964372028,1.269674002518122,1.2069661667424907,0.7978595207837075,0.9222681760914216,1.1472999988267514,1.1282686298700892,0.663920508159468,1.8136860630284013,3.107954460484066,0.8497845258805333,2.001601169234551,1.0622435489942303,1.1588055473070484,1.3808109921326523,1.3420079014888604,1.0607236671268783,1.781514615771245,0.9538175024313955,1.2029898844853555,1.3193201615446846,0.9406007040797922,1.1496379249729296,2.9525196580539332,1.4897158691307026,0.961616304024846
2023-12-13,1.2089432357210306,1.4008864266949785,1.9174270117992414,0.9659399767400143,0.9839798002843221,0.9551572562853197,1.0519366610665666,1.6251090167234916,1.7252979387900016,1.1005335443037976,0.6744124453577011,1.3161211079305684,1.2179651109215426,0.8648908044431773,0.6442663572692229,1.261471347162976,1.2184925361588668,0.795203903133917,0.9209314963476994,1.1575858273246245,1.152626774271571,0.6538207977921164,1.8093580630327297,3.1488484554069918,0.852477683165821,2.0137779079302134,1.0536482159432718,1.164300436266773,1.3769239290041952,1.3413853466792036,1.0447590739053434,1.7706939188660948,0.9538175024313955,1.218960127706521,1.3275122296422661,0.9298377503119825,1.0776419461289697,2.924418946411862,1.4979614047224568,0.9579559892797154
2023-12-14,1.2076209066254813,1.4114031102002305,1.9374164207493267,0.9629318608611381,1.0461933439397604,0.9643980625642193,1.0562721768732228,1.6227392664512819,1.6675884208068859,1.1199661392405063,0.6910172292673261,1.3307445463653926,1.2247723842257028,0.8910775786457811,0.6581263973989063,1.3048288537620545,1.2206878881340628,0.7987447266669709,0.8928625288359939,1.135728310823721,1.1799078127003497,0.702831853196643,1.8331624838451492,3.098269006036318,0.8445106120785907,2.0191055360333356,1.0359712009351842,1.1617147828415488,1.414499752234197,1.3416966716581424,1.0754601858820259,1.8527671006524815,0.9738444381299214,1.2359081896759732,1.366459464358191,0.945213364959156,1.0814713899010615,2.9069769316170717,1.4869671334374868,0.9853211508093658
2023-12-15,1.1524133893616844,1.373381061907194,1.9243466104741669,0.9448832676859663,1.0227586573443437,0.9564173429056261,1.025489961670452,1.603518352241909,1.646355604621799,1.1215854430379746,0.6670680367076111,1.3006114128134323,1.2094556032666537,0.8838034220581409,0.6527612411259538,1.2960400514082975,1.1987328923799174,0.8028755720230061,0.8871818441605591,1.1224425275797223,1.174061875894183,0.7140277264382983,1.8014887863077207,3.0519939109295136,0.8428273695461399,1.9901848232992891,1.0302950506794177,1.1688258435087682,1.3877213852269037,1.3385844684991834,1.063179816059653,1.881758119481531,0.9617943707077348,1.220915685569676,1.3513690206109228,0.9475196953988378,1.0741952242213753,2.8110465896525194,1.462230023046304,0.9931647189368908
2023-12-18,1.1593557432608699,1.3963022651004169,1.9504860431399749,0.9475570123364095,1.0217821588137248,0.954737261624548,1.042398508633419,1.613523660392359,1.6659549431185248,1.1176990506329114,0.6683452437650148,1.3028268513425305,1.1896005476549,0.8913200367133868,0.6438192988354455,1.2860795818567357,1.1833646234614439,0.7996299325502344,0.8921941889641328,1.1142995538303215,1.1750361986952105,0.7130098887635946,1.8304084113378327,3.057374682436371,0.8448471990518134,1.9909461453511788,1.0362957306369804,1.1762604072471328,1.3946319102693927,1.3357834000227213,1.0530485062706767,1.889107869188545,0.9665464363778901,1.2042934039161486,1.3509380093625831,0.9413694025103918,1.0707487365376882,2.8333334935381393,1.4649787587395198,1.0048429146886346
2023-12-19,1.174893185822105,1.3949537730441497,1.954714947725362,0.9562471929407751,1.0298726749445368,0.9593577160829935,1.0353172721002353,1.6143135234832933,1.671399425456838,1.1222333069620254,0.6696225288340882,1.306815345040735,1.1964080983088528,0.900291458997048,0.6435211840349899,1.2831500109197413,1.1987328923799174,0.8014002750572448,0.8955358066292846,1.1318711513256032,1.1818565326781918,0.7404905311803506,1.8243095324996488,3.042308785158786,0.8443983651431269,2.013017050524068,1.0387282674283196,1.166886405844522,1.4209784106953547,1.3295588034083614,1.059188691181863,1.910136544870755,0.9634915784886648,1.1997305682911512,1.3430334650702491,0.9444446077415857,1.0749613706220917,2.858527153420625,1.445738783990822,1.008503058956622
2023-12-20,1.1861328317572122,1.4135604867060367,1.9843142736708885,0.9646030023167076,1.057631733305129,0.964818057224991,1.0442771085401115,1.6309014533899475,1.6801103312244055,1.1384270569620254,0.6804794909270477,1.327199790538387,1.2094556032666537,0.9027161581186676,0.648588362027774,1.2772909585885266,1.2080640440031138,0.801105160256479,0.9068970942860004,1.145157144078279,1.1935484062905255,0.7484764359587434,1.8374908445575866,3.060602948134273,0.8503455554469608,2.0655303832432947,1.0445665339861427,1.1752906093768785,1.4291846674300752,1.3432528208117323,1.0702411739585989,1.9156488883230813,0.9697711560437533,1.2069009205782468,1.3643035298459922,0.965585989700993,1.1010025017455536,2.896318234769791,1.4814699977950017,1.0079802055579299
2023-12-21,1.1858024260898972,1.4130212743197235,1.9658628873321404,0.9602578099164398,1.0560973269098306,0.9606175974273171,1.0477456801119691,1.6390646063250551,1.6752105630936576,1.140370332278481,0.683992122381587,1.3232114322913033,1.2043500096136373,0.9061106895107097,0.6511219055174037,1.272017784627601,1.1725640445733874,0.8005149999144645,0.8931967396190014,1.1267282370766667,1.183805103904461,0.7531739495942491,1.8345398206961123,3.067060136884119,0.8481013346258054,2.0579194859531205,1.0405121409463096,1.1704421732925254,1.414499752234197,1.3345383855516284,1.068091832794077,1.9199362942722824,0.9670556070062011,1.2059231814633788,1.3563990953374703,0.9555919107246952,1.1029171650756227,2.9050387985231088,1.4649787587395198,1.0130349380971921
2023-12-22,1.1937361988271102,1.4070887524090332,1.9731665219486216,0.9582523993305224,1.0586081253241282,0.9614577920248433,1.0474565221153334,1.6530190689307693,1.6741215336391277,1.1442568037974683,0.6859080889910322,1.3276429866051032,1.203782690613325,0.904170965747083,0.642328997873742,1.269674002518122,1.175308871906962,0.8028755720230061,0.8972066154618603,1.1224425275797223,1.1945227290915532,0.7562273651383359,1.8382778083017641,3.054146088061448,0.8498967728159972,2.070096689294527,1.042782561435592,1.17593706225225,1.4080213576695144,1.3416966716581424,1.0131369763616516,1.9042158473546325,0.9645100026856076,1.2072268601610092,1.3809746409273396,0.9613577956108706,1.090662453134724,2.9302327541683133,1.4526102874799152,1.0177410448782784
2023-12-27,1.1907611349686968,1.4194930086167272,1.9650938760264718,0.9666085150007101,1.0717205578183948,0.9610376947260802,1.0474565221153334,1.6627614650495244,1.6811992276920682,1.1436090981012659,0.6843115021576077,1.3280859117695782,1.203782690613325,0.9172643528483848,0.6500787540030023,1.2854935244008985,1.1670746582702718,0.8061213500148111,0.905894543631132,1.1181567133284391,1.1906254378874421,0.7734517442685644,1.8382778083017641,3.0595271882453265,0.8500090710291839,2.0746629953457596,1.0463505065366936,1.1649469681802758,1.4231380074984863,1.3469873884839063,1.03094363442758,1.9262653458522014,0.9685831188911344,1.2072268601610092,1.3834179894609735,0.9659705152772053,1.0780249022173742,2.8953490203414507,1.4567330552757922,1.0153008350481914
2023-12-28,1.1867940467640075,1.4256952025906435,1.9597121120783718,0.9659399767400143,1.0706045290657962,0.9606175974273171,1.0558385723170465,1.6630248600794406,1.6839213358743577,1.1419896360759494,0.6875047538361263,1.3267564590205503,1.1998115962860367,0.9172643528483848,0.6544006222412663,1.2778769265015897,1.1626830150457625,0.8034657323650206,0.9042238981868637,1.1112995990841956,1.1925740834894978,0.776974916050203,1.8304084113378327,3.042308785158786,0.8556195718043492,2.073141280533469,1.049269590299325,1.1623611566787893,1.4149316188155283,1.3488548626164352,1.0281805840161775,1.9193237008324562,0.9668860769908455,1.2101601571390324,1.378819035766578,0.9659705152772053,1.0761103559992589,2.8885662939193772,1.4402418162203106,1.0214014448619808
2023-12-29,1.1924140715676437,1.4292008076724403,1.9770104511698958,0.9709534011067228,1.0725574196154142,0.9681783224251387,1.0478903032565459,1.6732937242592139,1.6931766898757563,1.1423136075949367,0.68878196089353,1.3409369722908997,1.2003789152863487,0.9148396537267652,0.661107090335838,1.2854935244008985,1.1632318194940574,0.7996299325502344,0.8968724046788529,1.1052994800832672,1.1896511150864142,0.7714161176591693,1.8341461584656407,3.0272419018501395,0.8528142701390437,2.073141280533469,1.043269009374323,1.1678562827529075,1.43955038901969,1.3529007552675483,1.018970166083835,1.9276943980430925,0.9694316813114391,1.209834297189689,1.3713457222902088,0.9652016404856932,1.0726636340916644,2.904070175620205,1.4347446805778254,1.0182638982769705
2024-01-02,1.162000300533927,1.454548927694557,1.9800855569700129,0.9796435817110883,1.083019310450164,0.9723785769468297,1.0692787242931918,1.6601283197473986,1.6697662137422111,1.1261197784810126,0.6817569320194607,1.3240975535224944,1.1998115962860367,0.9206589434632085,0.6380070386219533,1.2901809990770827,1.1462143194083485,0.804941029330782,0.8958699357181382,1.0920134873305913,1.177959315849867,0.7704766051840657,1.8532293980076049,3.041232367915798,0.8583127290896368,2.1005393491637365,1.0515400107886073,1.1746441565015067,1.4227060089689176,1.3497885521085893,0.9861199940737558,1.91381135738013,0.9570423050375795,1.1981009500107584,1.3816931759809266,0.9552075027224246,1.0734293120445662,2.8885662939193772,1.445738783990822,1.026804717920847
2024-01-03,1.1524133893616844,1.4480771933975531,1.9935401547247742,0.9953525972680799,1.0679540939178989,0.9706985983037429,1.0986155026828563,1.6467003252027026,1.6670439725730546,1.1083065664556961,0.67026121037446,1.3440388029534305,1.2054846476142613,0.9024736408282803,0.6192289916666196,1.2819781646363888,1.1571933603786133,0.8099572190891141,0.8968724046788529,1.0950135468310556,1.1643187222596911,0.7316435366064786,1.8569675058521786,3.137010823827309,0.864708855857603,2.1500085552897654,1.0643518531814558,1.1859574374921011,1.3976553721834246,1.3376507790070293,0.9544978965300641,1.8721623600795063,0.946010578872015,1.1928860759533992,1.3640162256083697,0.9394475388599514,1.0653873513000247,2.856589316089381,1.44711315183743,1.0071088116396338
2024-01-04,1.1494911056388863,1.464795939136583,1.9946933898565098,1.0107273436947235,1.085111624710142,0.9698585063442082,1.1126337940672373,1.6653944493522432,1.6915433451742623,1.1141362341772152,0.6712191156675127,1.3657527012001105,1.223637884899975,0.9019887839158506,0.6226567430373289,1.2895951207067935,1.1676235969005833,0.8140881337046659,0.9022188785712804,1.1061565800809205,1.1818565326781918,0.73328768343791,1.862869433336205,3.17144795867741,0.8623522342678152,2.161424668902155,1.0692170257966946,1.2024425786000623,1.406725625977283,1.347609943293563,0.7349848100167394,1.8752249532138465,0.953308414743405,1.2033157444346991,1.3671778896279656,0.946366530178997,1.0588769806851939,2.885658946397074,1.508955676007427,1.0029255582572394
2024-01-05,1.1435401705777286,1.4505041102264469,1.9766260394593171,1.0057140214261,1.0852511549321218,0.967758327764367,1.113645273154095,1.67013411089607,1.687732207537443,1.1018289556962024,0.6654713718625169,1.3692977279293574,1.2196667905726863,0.8978667598754284,0.6116283611977307,1.2936965379271403,1.1610359307907943,0.8132029278214025,0.8982090027284213,1.1027279705816295,1.1925740834894978,0.7323481709628064,1.86444336082456,3.2650739087799656,0.8593226438424736,2.1629463837144454,1.07310920350191,1.1988869692283215,1.4071573606103767,1.3485436327857172,0.7374409120943266,1.8905369213794363,0.9385429641643074,1.2111379758873193,1.3584112130551398,0.9371411496332986,1.04279270786025,2.8740313308841716,1.4952128369012143,0.993513259456495
2024-01-08,1.1653597612117674,1.452391682928889,1.915121293073816,1.0144039978342954,1.0798111804608268,0.974898852825434,1.1192815143367625,1.6851423146208555,1.7089650237225298,1.1015051424050633,0.6836728206172361,1.37550166015666,1.2117248792679018,0.9032010742538789,0.6271276914292018,1.3001414686286443,1.1478611352992834,0.8137931574229337,0.9092361612962836,1.0997278063268268,1.2140092594878962,0.7229531436917946,1.815653412269384,3.3468625559798593,0.8599958690666418,2.2108936427053116,1.0872183724414566,1.2037355633889368,1.4037022960114884,1.3566355132361643,0.7328357499833431,1.8664460266276774,0.940409950781555,1.2124415749515312,1.3671778896279656,0.9632797180482819,1.0757270485749935,2.957364842907481,1.517201211599181,0.9908986515087483
2024-01-09,1.1723023169470355,1.4699197083378728,1.9074326830932216,1.0043769449047082,1.0760446100487109,0.9820394805244924,1.1389356054412207,1.670660417957681,1.6964431133050102,1.0950276898734177,0.6919752125720486,1.3555605461768447,1.2185321525720623,0.8961694349566258,0.6302573279994553,1.2942824162974296,1.1577424331909416,0.8223498936762529,0.9095702086909835,1.1215852180733916,1.2052403542786456,0.7139494499787103,1.8073905935528252,3.382375450718907,0.8662798001768671,2.1789292680238117,1.0977598933775836,1.2053517350964316,1.3756281973119637,1.3494771319814294,0.7021345911514728,1.8448047575056412,0.9393916095249327,1.2277600982740093,1.3681838387029877,0.9636641260505525,1.085684023985465,2.9922479852089063,1.4512360875052805,0.971202745227535
2024-01-10,1.1736246460425848,1.4696500362746472,1.8816772863689692,0.9906732378355492,1.064606433706582,0.9736387662051276,1.1350337824832588,1.6606551098072309,1.7214870671269165,1.0956753164556963,0.68878196089353,1.2695917516769188,1.2122919209184218,0.8998064836390551,0.6250412063733495,1.2602994113368493,1.1571933603786133,0.827366083434585,0.8584445367769924,1.1228709728242106,1.2071889255049149,0.7137145231199222,1.795980040098478,3.3231866354664525,0.8599958690666418,2.1134776422341606,1.0937055003377505,1.2082608125546697,1.352737025381365,1.3301813582180184,0.6956874579064709,1.829084435276255,0.9461803577083324,1.2143972124481048,1.3507940827842404,0.9586669983819475,1.0787910486180907,2.99612454715955,1.408633370212008,0.9595247199529346
2024-01-11,1.153788700428932,1.4602117775420216,1.8793706282209863,0.977303901994823,1.015365472788571,0.9795193072838796,1.1246285092302764,1.609837578968197,1.7203981706592537,1.0869306170886075,0.6814374742317704,1.2456620085477783,1.1975425976345806,0.8881679041661688,0.6140128700405137,1.2403784722337259,1.134137266995444,0.8258907864688236,0.8591127949546997,1.0898707373364576,1.1867281466833308,0.7202128339860596,1.7871272089918995,3.2790643748456243,0.8518044579416527,2.0038837414529866,1.0883536817186585,1.2014727016916769,1.3246629266818404,1.3152423263435546,0.6772667626073487,1.817855259619045,0.955684489048643,1.1767161917515387,1.3003496285080456,0.9521323562782016,1.0623237025927883,2.87790700554666,1.3825221437821773,0.9502868192698498
2024-01-12,1.1646983443688894,1.4645263988134956,1.8920564025545905,0.9923444813892037,1.0150864123446115,0.9929603680844702,1.1366234009783518,1.6064145705751367,1.7574193206911142,1.0969708860759493,0.6875047538361263,1.270921068974826,1.2066191469399894,0.8959269176662387,0.6134167769598898,1.2444797999112989,1.1522527785237926,0.8317920435913857,0.8627885417087051,1.115156653827975,1.1993943430966925,0.7227182168330066,1.7869301373988198,3.228484925474951,0.863025715880598,1.9939902719443763,1.094678495247774,1.2218367971662616,1.3250946613149341,1.3320486420541056,0.7027486752398541,1.8299010187155837,0.9522901564271035,1.1705229415119616,1.2928763150316764,0.9659705152772053,1.0860672142977768,2.955426709813518,1.390767847245905,0.9562130309659798
2024-01-15,1.1696574569198541,1.4631780384973667,1.8912870154798989,1.0047112140350563,1.0111806312453755,1.0013609797658438,1.141681414460266,1.5703420094303795,1.7432640655721006,1.0911410601265823,0.6811182504790891,1.2753523523863846,1.2145613355945661,0.8913200367133868,0.6079025405333284,1.2433079536279465,1.1538997285967438,0.8335624553579127,0.8771572362475654,1.118585263327266,1.20329170867659,0.7143409297566743,1.7824055467657565,3.224179585180019,0.856629486557186,1.9787689420097718,1.0836505263729157,1.2289479368716123,1.3065228149388364,1.3460537941399733,0.6956874579064709,1.8170386761797162,0.9521204605311067,1.1666114276185577,1.2596777998796989,0.9705831173695981,1.0588769806851939,2.9069769316170717,1.4058848863267521,0.9481951499593668
2024-01-16,1.1663513818858777,1.4354030016463566,1.8724515931995953,1.0103932787605456,0.98621164476628,0.9975807199049244,1.1429822281287956,1.562706129553325,1.7552416607426558,1.0866067246835442,0.6801602671743666,1.2753523523863846,1.2100230609418618,0.881621181004127,0.6000037952639838,1.2228009570689855,1.1610359307907943,0.8347427760419419,0.8754864274149895,1.1198710180780846,1.1847795010812752,0.7015791861431755,1.7796509933027522,3.151000961215947,0.8559562100552949,1.97572435077083,1.0820287691569823,1.2260389384515056,1.2724020563077227,1.3382731435202444,0.6591531093524172,1.793151646739196,0.9495746903298719,1.1516172512104679,1.2392698673844478,0.9513635990606313,1.0607917611272166,2.8895355083477177,1.390767847245905,0.9525526309822774
2024-01-17,1.161392370252954,1.4084369809850237,1.8286288460781503,1.0013688290258322,0.9811899414260649,0.9828795724840272,1.1385020891775623,1.5474345307986233,1.7536084490280288,1.0742993670886076,0.6910172292673261,1.2647171367475234,1.1765530426970991,0.8728923352336345,0.5763077414829999,1.2058094098173087,1.1302945624012462,0.8282513585773652,0.8557712589837019,1.0877277778336467,1.20329170867659,0.6850594413692747,1.7646994035969112,3.075669502765899,0.8440616756144584,1.929299735883743,1.0680818155520535,1.2176346558810178,1.2417363622754976,1.3217782479368536,0.6680563915301938,1.7129163699605523,0.9331119490295237,1.1343413384562042,1.2149818455998265,0.9248408577912607,1.0397294104888746,2.8740313308841716,1.390767847245905,0.9380857701194141
2024-01-18,1.173955152627941,1.4065494082825816,1.8251691406829433,0.9896707367387605,0.9814688953584046,0.9803592966054229,1.1240504581145592,1.5521738703436359,1.777018925161574,1.0830440664556962,0.7009162860672328,1.253195393524109,1.162370761063778,0.8777417334768736,0.5864419154415185,1.2169419047377708,1.120413532873621,0.8214648263120229,0.8357219614635606,1.0752990945873013,1.1964713746936089,0.6993869578745924,1.7479770552874796,3.0067952330656973,0.8322793881090857,1.933105068367394,1.0573782773464304,1.2176346558810178,1.245623557352192,1.3289363437469255,0.6646792570304101,1.7143455468397073,0.9275112379987429,1.1317336625272685,1.2215928072280784,0.9413694025103918,1.0052502459936585,2.9699616728487235,1.3893935633352836,0.947323670802499
2024-01-19,1.1782529492540694,1.416796551464746,1.822478446593405,0.9893363655103276,0.9837006333287427,0.9803592966054229,1.1298309692717314,1.549277974009222,1.7857296979422743,1.0662025316455697,0.7018743473836251,1.246991596747927,1.1646401757399225,0.8687703111932124,0.587187043168989,1.2186995398486389,1.1165708282794238,0.8232351688190331,0.8447441004158396,1.0701561803383648,1.1935484062905255,0.6942980619411471,1.7540758138867418,3.0444606336137,0.832840520230959,1.906467857143272,1.065487063426097,1.2160185632116545,1.2438960910268666,1.3413853466792036,0.6830999523295322,1.6835169970677062,0.9217409140122861,1.1454240009708907,1.2263354679331913,0.9482885701903498,0.9926080105981634,2.955426709813518,1.412756138007885,0.9375628314821505
2024-01-22,1.2126351204270125,1.4278525790964498,1.8155590358029907,0.9973581099520823,1.0109018903362752,0.9795193072838796,1.1241949046741,1.5724486866714873,1.7813742450584906,1.0755949367088609,0.7140085945456581,1.25097981954389,1.1697456307180427,0.8707100941796205,0.5934464528297834,1.2515107880686402,1.1379801057716583,0.816743612835423,0.8551030008059946,1.0855849230851744,1.1935484062905255,0.6855291976068264,1.7550596087461552,3.0799741857067895,0.8290253038128166,1.911795252923522,1.0508913475152581,1.2205438914155184,1.25382994603515,1.367217232332355,0.7042837448952444,1.6247185006585412,0.9166492077291754,1.1379269924002644,1.2480366537410865,0.9632797180482819,1.003717953192226,2.9932169038745284,1.442990384041553,0.9217014675865841
2024-01-23,1.2004030464734645,1.409245997174701,1.8263225636991904,0.9986948801792189,1.0237350493633428,0.9778390207268186,1.1230388024426654,1.5766613971560746,1.7650411970041517,1.0600487341772151,0.7076221692002906,1.241673921202936,1.1680438123920025,0.8668305282068041,0.6080515751801749,1.253268512722282,1.1363331556987069,0.8188091394027156,0.8303754875711331,1.0855849230851744,1.1886767179096,0.700561397208484,1.7753232337849247,3.038003773540875,0.8382267322460883,1.8973348965564987,1.0424582297989173,1.2257155144184915,1.3082502812641617,1.3482324029549992,0.7116519574176307,1.6543218635508898,0.911557833207347,1.1340153192400233,1.2376892000503688,0.9617421448261705,0.9979715038509924,2.924418946411862,1.445738783990822,0.9429661045410167
2024-01-24,1.207345703126774,1.4095156692379267,1.8290134456732405,0.9986948801792189,1.0276409369741988,0.9715385876252863,1.12347249529136,1.5927230200011175,1.7764743439408757,1.0691174050632912,0.6900593239742733,1.2567406911555972,1.1725819483698108,0.8796815164632819,0.621166396568863,1.2749473555645956,1.132490585286526,0.8134979733626514,0.8360560905524143,1.0770133993369468,1.1672416906627745,0.7284335194032039,1.7822088358894426,3.107954460484066,0.8357579662762825,1.9468041026825276,1.016348097074489,1.2389683121114634,1.3160248033657884,1.356946647918661,0.717485147139814,1.703116620559025,0.9163098988775022,1.1343413384562042,1.2116762550018878,0.974042613029121,1.0109968124468458,2.975775480605175,1.4677273265607624,0.9576073635215395
2024-01-25,1.2066844881199785,1.4087065213081111,1.838239326727126,0.9986948801792189,1.0139705966152524,0.974478755526671,1.0991935537985738,1.5927230200011175,1.7732077875247547,1.0687935126582278,0.6948491624862163,1.246991596747927,1.1640727180647141,0.8804088906660987,0.6216135460161651,1.2767049906754633,1.126452126171082,0.8155634306704272,0.8387293683457048,1.0705847303371916,1.1662672934859604,0.7144975314158623,1.7928321851217681,3.104725866109143,0.8366557366491013,1.9818133009258414,1.012131587732599,1.2363825006099767,1.279744184035068,1.3507222416007432,0.7153361339616052,1.6992374439853561,0.9198739273950386,1.1336894592906797,1.193568073813366,0.9713518745871685,1.017126452100391,2.9699616728487235,1.4608559909436427,0.9553414665705403
2024-01-26,1.2261898262302338,1.4219200571857593,1.8678386526726525,0.9809805561343949,1.0408927931788254,0.9837195618055706,1.1106103944309318,1.6243194756313715,1.7835519050069488,1.0730038765822785,0.7057061245791758,1.2230619890699073,1.1839276350015715,0.8811363240916973,0.6394974305971816,1.312445720289685,1.1610359307907943,0.8347427760419419,0.841068435355988,1.0962993015818743,1.1711389074910996,0.7391596851473196,1.8166372071287973,2.9626726437678483,0.858088337774155,1.9475653085729812,1.0307816966832708,1.250281672140189,1.3086824117419682,1.361926325210149,0.7233184305723728,1.7259827024959224,0.9670556070062011,1.1069607412023785,1.2100952583163709,0.9821147695680075,1.0309180242089147,2.9593023844760062,1.4979614047224568,0.9671938899628002
2024-01-29,1.1911462382144127,1.4248863181411044,1.8851368038796648,0.9776380690270859,1.0290358131475175,0.9820394805244924,1.108153655116004,1.6245825486624734,1.7781076886423697,1.0616682753164557,0.6990003194577877,1.2137562261800738,1.1861969110028199,0.8855007469769435,0.6195271064670752,1.3042429753917653,1.152801717154104,0.836513187808469,0.8320462147095552,1.0915849373317645,1.1691902618890437,0.7418215721734303,1.8327691823314436,2.9723584268926166,0.8586493673405824,1.9429988863603125,1.0400255939750174,1.2415542026510813,1.3009080215885789,1.3544569044211383,0.7254674906057692,1.7351698584576236,0.9645100026856076,1.0916405455781075,1.2152691498374486,0.9755801862512324,1.0228729014416247,2.9457366358691415,1.4869671334374868,0.9722486225020623
2024-01-30,1.219908485501761,1.4273131032298598,1.9020509191451218,0.9763011967018643,1.0480068107790186,0.9790992099851165,1.111188445546649,1.635641275933181,1.7889962543583953,1.0636115506329114,0.7018743473836251,1.2110973206820181,1.187331410328548,0.8898652290849713,0.621166396568863,1.331194992195004,1.1610359307907943,0.8391688054582594,0.8353878323747069,1.0971566110882047,1.177959315849867,0.7405689051199629,1.8441798560247125,2.9659009094657502,0.8652699367017532,1.938432464147644,1.0398634776729607,1.233150078156856,1.3026354879139044,1.3451201046478194,0.731300633472765,1.7192452968522074,0.9707894143600548,1.0939223615576998,1.2363955076024742,0.9851898572252596,1.0155940421870049,2.975775480605175,1.4814699977950017,0.9607447396294065
2024-01-31,1.2047007421815514,1.415717863211843,1.8812926867738793,0.9579183343963446,1.0351734387287115,0.9778390207268186,1.1330104711394715,1.6277420010262105,1.7759298957070444,1.0509803797468353,0.7092187560337151,1.1973600034783847,1.1969752786342687,0.8823486144297255,0.609839990942334,1.3194767084470265,1.170917094500436,0.8421194686492989,0.8404000954841269,1.1134423490783294,1.174061875894183,0.7424478813301578,1.8195881107513496,2.979891375531409,0.8633619951874831,1.8821137989447665,1.042782561435592,1.2273318442022487,1.2931336314351898,1.3454313344785374,0.718713268461389,1.7167954218459573,0.9709591931963724,1.098485754616628,1.2225987563031004,0.9801928471305962,0.9933742741108333,2.9186048428926923,1.496587036875849,0.9591760941947589
2024-02-01,1.2086681331403646,1.4062796044792174,1.9266528928531268,0.945551499652407,1.0185737092895282,0.9786792153243448,1.1461614651189813,1.6093111109071787,1.7906295990598893,1.056162341772152,0.7005969843028819,1.1840660177925884,1.1924371426564604,0.8791964818825074,0.6007490140049792,1.2919387237307245,1.1665254512759267,0.839463920259025,0.8350537032858533,1.1112995990841956,1.1623700766576355,0.735401586506893,1.832179049702502,2.94437782343832,0.8652699367017532,1.8394940518955862,1.0565673987384638,1.2153721103362827,1.2896783029398264,1.3189771794603915,0.7058187208402597,1.7398658678471486,0.9860640355674636,1.0890328696491718,1.2167065492960607,0.9644328244811521,0.9830305950294408,2.8953490203414507,1.5213239793950581,0.9563871733679243
2024-02-02,1.2099903613178726,1.3968416092268685,1.9001288605922289,0.9719561063996816,1.0512150472799755,0.9803592966054229,1.1642260260208646,1.6169465077860121,1.8009738495289505,1.0529236550632912,0.7005969843028819,1.2195169623406603,1.1805241370243875,0.8789540830376833,0.6067102633585556,1.2942824162974296,1.1604869921604828,0.8430046745325623,0.8266998225112816,1.101013665831984,1.1487294086916735,0.7185687358946404,1.8048329914439787,2.8959508798766014,0.8674020644206135,1.8334055663863187,1.0541348619471247,1.209553718305413,1.2849272427522318,1.3267577349318995,0.6938453462068899,1.7051582661897424,0.9967564528813551,1.087729031684704,1.2162752086962831,0.9744270210313916,0.973453238016695,3.0058143253412086,1.511704075956696,0.9427917916619288
2024-02-05,1.20403982992888,1.3968416092268685,1.899744260997139,0.9686138234885425,1.0160629108752304,0.9765790367445035,1.201366891789043,1.6303756293265574,1.797162578905264,1.0467699367088608,0.712092627936213,1.2075521585016504,1.1878987293288599,0.8532522249702909,0.6093928414950318,1.2726034839123423,1.1522527785237926,0.8506763434216514,0.8360560905524143,1.0945849968322288,1.152626774271571,0.7085472532468646,1.7869301373988198,2.880884653921996,0.8792963424728354,1.8334055663863187,1.067270936944087,1.216665016087026,1.2827677778973376,1.3252015857783095,0.6573109976528362,1.671675602035461,1.0128796365090684,1.0945742407232244,1.2040593442986138,0.9582827079536185,0.9688558911645824,3.001938059153283,1.5144526437779386,0.9323338713023721
2024-02-06,1.2080068172155278,1.4203020248064047,1.9135827068089442,0.9689479905208054,1.0203872826404061,0.961877786685615,1.194430013522882,1.6640781182002908,1.7895405696053595,1.056162341772152,0.7133699910169562,1.2212896111564044,1.175985723696787,0.8886529387469431,0.6327909169958474,1.28900915279373,1.1517039740754977,0.8548071887776866,0.8313779565318479,1.0868706778359933,1.160421282304007,0.7134796450011464,1.8845101547480936,2.8668941878563374,0.8884977196283842,1.8646091998231096,1.0687304788254026,1.2234529688737563,1.295293096290084,1.3367169943666544,0.6800298598739389,1.6761672473606923,1.0086366585269035,1.0883809108502285,1.2037719302771788,0.9667392137078048,0.9757517357748209,3.0794574676574227,1.5295698507307594,0.9401772689527538
2024-02-07,1.2013949699016988,1.4143693711555758,1.899744260997139,0.9358587158531678,1.0071354264357792,0.9404561088644225,1.2085926631742856,1.6514395037483078,1.7797409003569966,1.0545429588607595,0.7108154208788092,1.1472854850443677,1.1748512243710592,0.8774992161864864,0.618632944092758,1.2731895413681795,1.1467633922206768,0.8548071887776866,0.8317121673148553,1.0860133683296627,1.163344325082877,0.6868602385999061,1.8673942644471122,2.909940359911198,0.8755934755456026,1.8341665399539002,1.0675953676133223,1.207614359679298,1.2823357793677688,1.3224006124500687,0.6591531093524172,1.6430928125819433,0.997944490033974,1.0776242675517231,1.195149070498883,0.9382944324270812,0.9577461242384503,3.1288758687567726,1.5281954828841513,0.9373885186030626
2024-02-08,1.1908158325470977,1.3244376244038594,1.9055102487713058,0.9371957923745595,0.9984870024402878,0.9144139765847845,1.192984753294812,1.626425669874258,1.797162578905264,1.0477415348101267,0.7034710122287193,1.1495010590245867,1.149323186768529,0.8741046255716627,0.6096909107887251,1.2626430143607805,1.1259030533587537,0.8506763434216514,0.8457465693765543,1.0701561803383648,1.1428834718855065,0.6809882368904964,1.8738865650379242,2.87012278223126,0.9031975044568032,1.8037238800846909,1.0476478330833916,1.2014727016916769,1.251238482650687,1.3093292450045757,0.6416534464754918,1.6202269800215736,0.9931923414234981,1.027100446886819,1.1932806597919312,0.9275315374462423,0.9575545876382712,3.078488844754519,1.541938321990364,0.9345997682533713
2024-02-09,1.1782529492540694,1.3160781856642754,1.912430035330743,0.9375298573087374,0.9923492703474739,0.9202944150255451,1.1994880270047965,1.6048346833938614,1.8238397444417973,1.0464461234177216,0.6977230343887142,1.1344344245230462,1.132077646015825,0.8733772513688458,0.5946386844977938,1.234519151274189,1.116021889649112,0.8483157713131099,0.8467490383372691,1.058155942336508,1.1643187222596911,0.6665042162060151,1.882542805507111,2.8711988707972274,0.8989334541299745,1.8098124817553944,1.0361335153023628,1.216988123967515,1.239145030839272,1.297502511437292,0.6385833071647111,1.5722488064527673,0.9841972148308573,1.0150400452572645,1.1899750691939925,0.8987022893762773,0.9443376838862618,3.0823645194170073,1.5556809932246032,0.9314622216683609
2024-02-12,1.1994113248813127,1.281022398326584,1.9185806227,0.9345218435279462,0.9965340053790498,0.9295352213044447,1.1752093503895642,1.6019383040612263,1.8156732869080614,1.0529236550632912,0.7012356658432535,1.1348775528642019,1.136842931473592,0.8796815164632819,0.6053689970436987,1.2169419047377708,1.1330393897348208,0.8492010464558901,0.8510932066572893,1.0692990803407114,1.1613956051050351,0.6856857992660144,1.8864775039890764,2.8937980453906254,0.8961282550201147,1.8212284792063478,1.0367820795431508,1.2257155144184915,1.2559892789418068,1.3118189885020985,0.6487146638088751,1.6098146371802198,0.9811421910609909,1.019603358682774,1.1899750691939925,0.9052369314800233,0.9537236214107822,2.9951553327312097,1.5900378391821748,0.933379578099756
2024-02-13,1.1643679387015744,1.2943704408854992,1.9131990466364117,0.9148019047010348,0.9797949587411264,0.9265949507650687,1.1863372096103226,1.607467506697173,1.7775632404085384,1.0315477848101267,0.700277682538531,1.1069598578413398,1.1311700188202636,0.8692552865512051,0.5892734827180789,1.1976067544621625,1.127000930619377,0.8427096289913134,0.8467490383372691,1.0692990803407114,1.1428834718855065,0.6874082712970458,1.887658009724804,2.917473637227011,0.8960161619178196,1.7831752705312724,1.0311060283199454,1.2176346558810178,1.247351155625755,1.3015484992366257,0.6474866361976753,1.6034858349768284,0.9709591931963724,1.0085207758015065,1.1837953383817053,0.8871706371778679,0.9433798837734128,2.968023539754761,1.5859150713862977,0.9213528418284083
2024-02-14,1.1782529492540694,1.3110894501048058,1.9201182695423142,0.9265003032823615,0.9905359100198357,1.0005209904443004,1.2052688030395229,1.6343249447812287,1.8162177351418927,1.0357581487341772,0.7009162860672328,1.1113911412528985,1.136842931473592,0.873619768659233,0.5889754134243856,1.2245587712654016,1.1231582260251791,0.839758965800274,0.8514273357461429,1.0701561803383648,1.168215939088016,0.6839633759749952,1.8748702396584156,2.892721956824658,0.8945573107008505,1.7877414604210689,1.0255920933987965,1.223129781955136,1.2438960910268666,1.3242679914343765,0.6646792570304101,1.5983815962117711,0.9736747422339246,1.0235149522095965,1.191124725279732,0.9040837074732113,0.9615770904659393,3.0251941774672435,1.5804179357438126,0.9253618675702865
2024-02-15,1.1772612276619177,1.3248421983687673,1.8945671032820888,0.9231579182731375,1.0003003627679259,1.0248828361668774,1.2016558732006426,1.6498592945682184,1.8042404059450714,1.0396446202531646,0.7082608507406623,1.1122774656607706,1.144784981453273,0.8733772513688458,0.6017922110261429,1.2556121157462132,1.1423717489961676,0.8412342627660353,0.8624544126198515,1.0898707373364576,1.1760105214962384,0.6917143538945999,1.8445967243671209,2.93146410329267,0.8934351490125501,1.7633875183839995,1.0393770297342293,1.1836958404049407,1.2542618126164815,1.3382731435202444,0.6745036653407585,1.5967483046448498,0.9836880442025462,1.0336196367091586,1.195149070498883,0.9125403308013394,0.9726869159480482,3.1007751571147018,1.6024064783137528,0.9286734713186697
2024-02-16,1.192799275731401,1.3609765422192233,1.919940342909901,0.9345218435279462,1.0233164586974033,1.0341237450837686,1.211338560485849,1.6819827012577115,1.8521501216929575,1.0652309335443038,0.7133699910169562,1.1229127490251922,1.1527269620955052,0.9070806402266953,0.6217625806630117,1.3446710005966236,1.1451163079657087,0.8506763434216514,0.8651275270248345,1.0945849968322288,1.1886767179096,0.7054937402227536,1.8573859373005726,2.9938811842430266,0.9043196661451038,1.8037238800846909,1.0476478330833916,1.1930722129514886,1.2840633776413315,1.3460537941399733,0.6883191048185219,1.6314557816139923,0.9937014291114885,1.0401389061649167,1.241713215918082,0.9233032257821783,0.9868615612569298,3.132752134944698,1.6079034460842645,0.9612676782666703
2024-02-19,1.200733653976862,1.404661703840001,1.9283985278496985,0.9395353699927398,1.0392187500499273,1.0408441728460724,1.2061358355668397,1.680402653077029,1.8575944710444037,1.0652309335443038,0.7232688917935234,1.125571654523248,1.1589671244116977,0.9019887839158506,0.6119264304914239,1.318304951706448,1.1434696262567907,0.8512664345041493,0.8577761969051314,1.0898707373364576,1.1935484062905255,0.6960204852321662,1.8684043916304334,2.815238321242675,0.9080227381832282,1.8151399936970805,1.0474857167813347,1.191132301058455,1.294861097760515,1.3392068330123985,0.6944593365848959,1.6145102725049534,0.9981141029896502,1.0417687633455655,1.232515308529291,0.9175373996829737,0.9876277076576462,3.2383725508536267,1.5666752645095734,0.9461035658874555
2024-02-20,1.1947830216698283,1.3758079787360877,1.9130205563504636,0.9508992952475486,1.1284939139792987,1.0421043621043704,1.2123502161577426,1.6951477837707127,1.8706606967088875,1.061992167721519,0.7213530812074178,1.1357638095465137,1.178822041348555,0.8915624947809924,0.607306401945942,1.3405694938335027,1.1571933603786133,0.8580530360290084,0.8631226707975588,1.10958529433455,1.1799078127003497,0.6731590312513159,1.8359395219865586,2.8711988707972274,0.9095936825024924,1.841016115192185,1.0562429680692285,1.1794924345095972,1.297452561144978,1.381222289270002,0.6889331889069031,1.5940941902625698,1.0069394507459735,1.0492658515496105,1.2546477251531511,0.9279158278745712,0.9910757177967306,3.2025196025984233,1.5762951679479356,0.9115921729852031
2024-02-21,1.2013949699016988,1.3620553622122646,1.9283985278496985,0.9542417823548576,1.135189553936792,1.0500849791249722,1.2002107012650904,1.5529640554333841,1.8695716672543579,1.0558385284810126,0.7223109084888009,1.1490578629578705,1.1799568180240756,0.8993215675038438,0.6123735344319636,1.341741429659629,1.154997605857367,0.8565776005442136,0.8607836037872756,1.1027279705816295,1.1945227290915532,0.6724543968949883,1.8510896261525427,2.7829536922015294,0.9099303720311609,1.8486267801594873,1.0523508893965738,1.1681761500700159,1.297884559674547,1.3868245213711468,0.6904681648519185,1.5763320977142024,1.0145768442899985,1.0492658515496105,1.2442999421109957,0.9225345273515788,1.0041009092806306,3.192829824416765,1.599657742620537,0.8978223931615481
2024-02-22,1.200733653976862,1.3533655192056702,1.9272451048334511,0.9251631246628849,1.1416061334503258,1.0479849031831223,1.2059631354015208,1.5548070156457616,1.8918935128939744,1.0535712816455696,0.7264622214837118,1.1260147828644038,1.1669091743913784,0.9048983991726814,0.6129696275125877,1.3364680766131558,1.1440185648871022,0.8580530360290084,0.8584445367769924,1.088156432586812,1.2052403542786456,0.6928105167689037,1.8424326642498243,2.767887794923945,0.8977840126930824,1.8204673894773304,1.0590001335949246,1.175612531685399,1.307818282734593,1.4008295783087936,0.6966083966182925,1.551220255458821,1.0132191112413826,1.0287302244340493,1.3209011582302015,0.9263783134394306,1.0132954858729022,3.4573641404710242,1.742582597837255,0.9011339969099313
2024-02-23,1.2142881579440008,1.3781781155653476,1.9176334968774065,0.9348560105602092,1.1420246176046454,1.0479849031831223,1.2085645861535435,1.5724486866714873,1.9055043197791568,1.0587534018987341,0.7245463328859364,1.125571654523248,1.1737165863704349,0.9032010742538789,0.6107341533166512,1.356389194801827,1.1357842170683954,0.8589382419122719,0.8464149092484154,1.083870618335529,1.2101118195322123,0.6991521284958286,1.8341686431440458,2.7474403044469504,0.8982331029903835,1.8341665399539002,1.0615947866883204,1.1827257263821616,1.3713090037057003,1.4073654047538715,0.7085818649620375,1.5344789857258123,1.0135585030333762,1.0342715955081019,1.307679125189885,0.9302222171012239,1.0263206773568019,3.421511783741258,1.7686939082030724,0.9058401889295894
2024-02-26,1.2172636254745797,1.3827631993408778,1.8995642676350986,0.9308452914864593,1.156671243470971,1.0463046166260614,1.2101543812336726,1.568499049218002,1.907681979727615,1.0509803797468353,0.718798433057601,1.12424220177422,1.16123626173805,0.9007763751322593,0.6070083781590112,1.3546315596909593,1.1237072317464991,0.8663147960005954,0.862120201836844,1.0620131018346255,1.2227780903213599,0.6758992434770267,1.8349556068882233,2.683946641915096,0.8968864474311553,1.8181842364517142,1.0517022261232247,1.1759358766802814,1.3743323336714948,1.4129673514103536,0.7030556235736696,1.5065089144003847,1.015764964382938,1.019603358682774,1.3197515021444621,0.9275315374462423,1.003334762879914,3.5000001109110195,1.7838109472839196,0.8831810489424535
2024-02-27,1.219908485501761,1.3927419878612002,1.901871113667593,0.9278370735094982,1.1637854740944036,1.045044530005755,1.2075528421891317,1.5861403982449136,1.8804603659572505,1.0548668512658228,0.7114540244075112,1.1295598095936505,1.1686108540425224,0.903443591544266,0.6020902348130737,1.3692793248331572,1.1330393897348208,0.8612987447612968,0.861117814570283,1.0718704850880103,1.2120605395100539,0.6899136054039806,1.8347587757729875,2.7000889564356685,0.8788184340952554,1.8250339278514351,1.0445665339861427,1.1190305562205736,1.3877213852269037,1.4011409032877327,0.7055117725064443,1.5191667681836947,1.0274754741324899,1.0391610077832112,1.3311050146940144,0.9236876337844488,0.9906926445963725,3.4748067467912516,1.7604482047393448,0.8910246170699786
2024-02-28,1.2278427628291808,1.3727841473402786,1.8911066463488355,0.9268342661184544,1.1780136158064096,1.040004183524529,1.206685721369297,1.6048346833938614,1.8722940414103815,1.0419117879746835,0.6696225288340882,1.1237991411586246,1.1680438123920025,0.9099902554835262,0.5892734827180789,1.385684904171771,1.1275498692496884,0.7468129021337403,0.8684692263841399,1.0697276303395382,1.2013430630745343,0.6694010300909138,1.8192152498543757,2.716231599633262,0.8708506963976271,1.831883270766848,1.0182943839922185,1.1012476089977326,1.4019744338414506,1.3955388614830297,0.7227043464839914,1.5248834757003147,1.0196683846924681,1.0512214890461844,1.338722035181101,0.9186905649028145,1.001036323677765,3.5901166451191204,1.7934310185942552,0.8788234826809713
2024-02-29,1.2238756746244914,1.346218484959426,1.8891843999114313,0.931847894681333,1.147406436731512,1.0353837290660837,1.2029279918008036,1.6180000879056764,1.8842713706072027,1.0415878955696203,0.6645133885577944,1.1060736011590282,1.1771203616974113,0.8888952783689856,0.5794373780532535,1.4009187267698062,1.125354114728442,0.7373708907376408,0.8908575909145644,1.0714419350891837,1.1993943430966925,0.665877809569263,1.8129189387063456,2.708698486655959,0.8678204906396106,1.8022019329495282,1.0750553913870788,1.1022176439823805,1.4417099858228217,1.3890029398897308,0.7239324678055663,1.5318248713435323,1.0055192636359278,1.059696475631935,1.3385783281703836,0.9306065663165237,1.0071657291074032,3.576550896512255,1.7920564828756738,0.8852725477757932
2024-03-01,1.2354466344892856,1.3592990950374675,1.9180180964724964,0.9278370735094982,1.1827090740550794,1.034963734405312,1.200904592164498,1.613523660392359,1.8570500228105724,1.0496848101265823,0.6689839253053864,1.1051872090255959,1.1742837666958508,0.8981092179430341,0.5830141640708093,1.4460339580225265,1.1171198340007436,0.7589107389581803,0.8948673850632697,1.0752990945873013,1.2198551219182765,0.6892872475072408,1.8560087206885312,2.7216125354786302,0.8681573852791707,1.7839363602602898,1.0708386839800672,1.097691130206548,1.4918115232902824,1.3933602526680036,0.7362128844831268,1.5616325983001749,1.0060286001448802,1.070453198563859,1.3615729868585482,0.9344504699783172,1.0205742280155683,3.6317831053680565,1.8305362645010959,0.893639054540582
2024-03-04,1.217924840481375,1.3547140112619376,1.8918754697699927,0.9221551108820938,1.1870348304713128,1.0379039023066965,1.2052402845561907,1.6019383040612263,1.8565054415898739,1.0451505537974684,0.6654713718625169,1.0892342501161831,1.1793894990237634,0.8981092179430341,0.5758605920356977,1.45482267083351,1.1165708282794238,0.7568452123908876,0.885511117022137,1.0705847303371916,1.220829593470877,0.6664258910064149,1.8485320240436962,2.697936779303734,0.8670350184799785,1.7519715209330458,1.0484586126587976,1.087344643637221,1.4736711476508035,1.3958499961655266,0.7260815278389627,1.5524453176502098,0.9946561551421921,1.0590445964664104,1.362291631695948,0.9336816539737758,1.0194248913025403,3.647286987068884,1.7920564828756738,0.8871899042071884
2024-03-05,1.2099903613178726,1.363614243269495,1.8857241308626895,0.9234919832073154,1.1822905899007599,1.0433643460866853,1.2165138264317426,1.6064145705751367,1.8619497909413203,1.044826661392405,0.6696225288340882,1.0976539595003858,1.202080872287285,0.9116874619567658,0.5642360716087133,1.463611294101719,1.1231582260251791,0.7544847788013795,0.8958699357181382,1.0821563135858834,1.2295983499285545,0.6669739237035547,1.8530573361102913,2.7495926459173963,0.868718466123321,1.8189453261807316,1.0453773135615485,1.0773215811009078,1.4853326009326497,1.4042532015949127,0.7217833609169823,1.5734739933324198,0.9922798320159922,1.081209921495783,1.3739325582669353,0.9432914425217447,1.03321634629911,3.6327520240336786,1.8044249541352784,0.8760346470927084
2024-03-06,1.2083375256369668,1.367390047375071,1.913404968061042,0.9371957923745595,1.1924767221517647,1.0332835504862423,1.2091426372692609,1.6114173051500653,1.8586832345251993,1.049360996835443,0.6878239775888075,1.1047441484100002,1.198677235635205,0.9349646801253202,0.565726418077179,1.4788451166997543,1.134137266995444,0.7397313243271489,0.8901893327368571,1.0894421873376308,1.3046215031108417,0.6918708580737635,1.8845384108947525,2.807705043926862,0.8656883629207504,1.8326444766573016,1.0447287493207604,1.0854047317441875,1.4633054260611889,1.4157685150350365,0.7184062264171984,1.5889900761857758,0.9763245195972219,1.087729031684704,1.3911787169587777,0.935219344769829,1.0500728553463599,3.6724806469513704,1.7948050506969162,0.8845753814980133
2024-03-07,1.2129658288484515,1.3800660834882048,1.9084068642854748,0.9482254484990204,1.2074069884617027,1.0379039023066965,1.2366033762352564,1.5559650843805946,1.848339250029872,1.0503325949367088,0.6945297827101956,1.1167088167978896,1.1958407793085406,0.9252658244160604,0.5821200016964921,1.4671267434090027,1.1571933603786133,0.7500586801255453,0.8728131496216989,1.1065852348340859,1.3426200923509264,0.7271025758901486,1.873323245688578,2.8615134163494798,0.8607505233148012,1.8592818040428594,1.058837918260307,1.094457917372115,1.4352445221854138,1.4384880072327872,0.710730924995434,1.6296183753593048,0.9764943813738599,1.0831656386257758,1.3970709239658172,0.9409851120820628,1.057351597489026,3.779069981525921,1.7975537863901323,0.8675808560305182
2024-03-08,1.2248673962166432,1.3749417873263616,1.8999490551147002,0.956581359973038,1.2016860363372912,1.0332835504862423,1.2089981024172018,1.5275166501561777,1.8537833334075844,1.0464461234177216,0.6884626591291791,1.1087324389315236,1.1947061413079165,0.9301152226592995,0.5804805750744172,1.4682986792351291,1.1604869921604828,0.7618612636301864,0.8597811348265608,1.114728103829148,1.3932850267559453,0.7244405913840136,1.8577794792921223,2.8572087334085894,0.8608626164170963,1.847865806591906,1.0651627317894223,1.094457917372115,1.4166664742421538,1.4643197977377178,0.7104239298064309,1.6363555316264924,0.975645653072914,1.0756685504217307,1.3956336342910178,0.9594358143864886,1.0535207483734905,3.7441862476990586,1.7755650759482184,0.8490975536700405
2024-03-11,1.2364383560814372,1.4091939598200482,1.9011026660154589,0.9432120241323118,1.2125699262098149,1.0253029334656405,1.2104435392303081,1.5167166489325823,1.8292839608063765,1.0438550632911392,0.6967650510839917,1.101199053955193,1.1964080983088528,0.918234244341589,0.5873360778158356,1.464197172472008,1.1577424331909416,0.7627465387729665,0.9015505386994193,1.1190139180804313,1.3679524851776494,0.7245189165836137,1.8562056720426892,2.802324601097025,0.8647905925479316,1.874503017816028,1.0622435489942303,1.1254972190038335,1.4257393670007619,1.4462686578525161,0.7012136055844637,1.6267600216009948,0.9815864194182533,1.0515474286289466,1.4098616164063564,0.9482885701903498,1.0535207483734905,3.713178780060121,1.7755650759482184,0.8386353713818997
2024-03-12,1.2483398225315876,1.407305991897191,1.919940342909901,0.9552443855497313,1.2389422032801958,1.0362239236636097,1.217814463515236,1.5609697509484075,1.8565054415898739,1.070089003164557,0.6990003194577877,1.1131637223430824,1.175418404696475,0.9371469211793341,0.6053689970436987,1.4882197974238007,1.1429205534444624,0.7677627285312986,0.9132460371391427,1.09329924208141,1.3621066971230553,0.7246754695027895,1.8788327133313523,2.752820911615298,0.8720852588545602,1.9087510101688885,1.07554183932581,1.1335802906089816,1.446909406121435,1.4692994750292057,0.7239324678055663,1.6330889484926499,0.987187793971599,1.0313379799964038,1.4242334153162253,0.9548231535071249,1.0692276864838048,3.796511700557993,1.8401563358114315,0.8568570765658879
2024-03-13,1.237430077673589,1.4102726480729513,1.9433917118693316,0.9559128217123422,1.235314310997101,1.0395841888637574,1.2250410295331409,1.5533308120826192,1.8570500228105724,1.0545429588607595,0.6961264475552899,1.1109480129117424,1.1861969110028199,0.947330574578242,0.6016432218860587,1.4811888092664591,1.1610359307907943,0.7769096943861491,0.885511117022137,1.1031566253347949,1.3786700359889554,0.7582630404877433,1.9085430295122228,2.7571255945561886,0.8764618125054675,1.8805916194867311,1.0734336341711455,1.1351969365452639,1.4110499655648088,1.4845494512897246,0.6944593365848959,1.7116913077691633,0.9882062181685417,1.0280783452685247,1.4157542625486466,0.9432914425217447,1.0562024949999052,3.815891552684028,1.8456533035819431,0.855200550163837
2024-03-14,1.244703341830296,1.4027210398617993,1.9514654850985507,0.9562471929407751,1.2167559393808287,1.0362239236636097,1.2196935048845188,1.5446382930971667,1.8461614570945468,1.04709375,0.6919752125720486,1.106516729500184,1.1833605933510518,0.9630911780915506,0.59523482308518,1.4068316838509698,1.158291371821253,0.7748443063378899,0.8965382755899992,1.1044421705769367,1.401079609164168,0.7179268299340099,1.9282184457448017,2.7926391466492775,0.8719729606413735,1.8615648409070398,1.053944125234992,1.1251737949708196,1.3954964351214805,1.4957537251955724,0.6867840820183191,1.7037289646223237,0.9880364393322243,1.0326418975942904,1.4179099774932207,0.9444446077415857,1.0477742990322572,3.7732558780067516,1.8250391288586107,0.8443022873429756
2024-03-15,1.2480094168642726,1.3881571675659468,1.959538694674235,0.9612606173074836,1.2343374929316226,1.0416843674435987,1.192088054481428,1.5751940485603193,1.8374504183401124,1.0467699367088608,0.6788829821052931,1.1136069184097983,1.1896005476549,0.9747296983416556,0.5931484290428526,1.4080041569337403,1.1621339422334342,0.6618338299356115,0.9135800845338425,1.1035851753336217,1.404976900368279,0.7261492212515811,1.932153625182455,2.847523278960842,0.8643417073615222,1.8714586588999582,1.045510017193043,1.0963978292651486,1.4127780916313215,1.5013556718520544,0.6867840820183191,1.7361906812729824,0.9868483192392846,1.0319898591619283,1.4248082433590947,0.9375256164225401,1.0351321807487155,3.81298509244988,1.8057993219818864,0.847789738264737
2024-03-18,1.2480094168642726,1.3876178234394951,1.9687653272661667,0.9619291555681794,1.231546675468787,1.0421043621043704,1.200181741319168,1.5870473079047651,1.845072560626884,1.0548668512658228,0.6721770209605655,1.1082892428648075,1.1850622730021958,0.969880359321198,0.5873360778158356,1.407418009935129,1.127000930619377,0.6749643261544228,0.9232706450521364,1.0770133993369468,1.4030284035177962,0.7159691873441294,1.941204369554567,2.790486312163301,0.8554761480133523,1.8562375612882254,1.02182954931569,1.110947405577294,1.404569459828326,1.4960649550262903,0.682485868241151,1.7255743484321262,0.9737786664556665,1.0489398323334296,1.4196345714056422,0.9498260846254906,1.0224895940173593,3.779069981525921,1.8593961426881558,0.851974696418565
2024-03-19,1.2354466344892856,1.3792569355583892,1.9945235422580918,0.9615949885359165,1.221360543217782,1.029923387924086,1.2027833686562268,1.5881010490238368,1.8412615559769319,1.0558385284810126,0.6756896524151048,1.1087324389315236,1.1816586363501156,0.9681830344023954,0.58167285224919,1.4068316838509698,1.127000930619377,0.6444249655901406,0.9259438411512733,1.0817277635870568,1.3923107039549176,0.7131501137786844,1.9608801465039118,2.760354188931111,0.8818485372978261,1.8509100493465394,1.0393466267380587,1.1164440333759058,1.4231471119268737,1.4954423050684125,0.6788017854075515,1.7092414327629133,0.9598602024307817,1.0417687633455655,1.424089598521695,0.9467509969682384,1.0190419352141358,3.882752264340888,1.880010317411488,0.8608675513634847
2024-03-20,1.2265203328155903,1.3706265073541957,1.992601483705199,0.9549101164193834,1.2261048902999547,1.0261430254251753,1.1900647431376405,1.5946864077699605,1.8396282112754379,1.0571340189873417,0.6597236280575212,1.1038578240021282,1.199244554635517,0.9461182250174323,0.5552941748249673,1.4390716491728441,1.1517039740754977,0.6392613223207008,0.9386418085517113,1.097585056332693,1.3776957131879277,0.719884618743927,1.9425817064055302,2.7312978255878675,0.8690549505410979,1.8326444766573016,1.0297772094189077,1.1048042458651794,1.4205548568529858,1.4985546985238134,0.6978364710846797,1.6994418080496498,0.9595206447581468,1.0544810441406447,1.438317800204659,0.9540543375025837,1.0106135050225804,3.940892116481711,1.9033728920840893,0.8614779447752933
2024-03-21,1.2615639208314113,1.4062270401640111,2.01566825306954,0.9759669275715164,1.2686634187013315,1.03664381568639,1.2095763301179552,1.6360416814584875,1.8788274202163577,1.0704129746835442,0.6597236280575212,1.1277873639545877,1.2003789152863487,0.977154397463275,0.565577428937095,1.4853798588035811,1.1522527785237926,0.6343925860734765,0.9466614785432756,1.0941565515877405,1.4069255459703347,0.7532436965517026,1.9543871244795683,2.694708513605832,0.8769108002473227,1.9003791393111324,1.0510247443746783,1.1148273874396237,1.4603028119686816,1.524075259198026,0.7190202167952044,1.747623846929695,0.9744575329799744,1.055459022155769,1.4799956876918403,0.9709675253718687,1.0163601885877211,4.071705600747688,1.8941414443922828,0.8802227590736885
2024-03-22,1.2602414908178206,1.4135091080520759,2.0237416505297356,0.9833202358506603,1.2614075276235224,1.0412642701448356,1.2189709189167426,1.6460511755935205,1.8826381588925758,1.0882261867088607,0.6635554832647416,1.1379795867034137,1.2100230609418618,0.9820039141520772,0.5800335166406398,1.530515774437096,1.1560954831179902,0.6500311771714538,0.9416492154338556,1.1005851158331574,1.4088741915723904,0.7554364122204078,1.9630444470990525,2.732374078492345,0.8925096886693564,1.906467857143272,1.0657844582062292,1.12129381310849,1.4529580452765862,1.539014195924269,0.6738895812523772,1.7510946694395675,0.9848114708453991,1.055459022155769,1.499828462792784,0.9848055667969309,1.0098474757338176,4.068798844750822,1.8941414443922828,0.8713298188901972
2024-03-25,1.226851041237029,1.401642219868758,2.0379660111282116,0.9816489922970058,1.2661517681940753,1.045464627304518,1.2246074249769645,1.6452609905037723,1.8663055097988381,1.0713845727848101,0.6504630967746466,1.1388658433857253,1.213426697593942,0.9756995898348596,0.5770529147172329,1.524067799281276,1.154997605857367,0.6338026335100121,0.9456590095825609,1.0928707968369218,1.399131112313685,0.7561410953167477,1.9907871735610962,2.732374078492345,0.8882452281207442,1.9338660419349751,1.0709745566535076,1.1209706261898698,1.459006816379975,1.5405702499296379,0.6760386881409614,1.7296576396935612,0.9802286034293168,1.0577406788685237,1.486893843773902,0.9775021086886437,1.0297685703839328,4.0804267560264424,1.8748976085881959,0.874119762579892
2024-03-26,1.1663513818858777,1.4078453360236427,2.035275504923185,0.9920102122588558,1.2612679974015426,1.0542853362846545,1.2269200709024237,1.652373139309728,1.8565054415898739,1.0947037183544304,0.6594040922581609,1.16323837622822,1.1998115962860367,0.9781243481792607,0.567216764545645,1.5381362226756867,1.1434696262567907,0.6420643242220823,0.9456590095825609,1.0825848635847102,1.4108231346775915,0.7508162489842581,1.9667827954214703,2.7291456484559333,0.8901529645241227,2.0084505121499636,1.0581613278048076,1.1258204059224537,1.5013468946213213,1.543993778067536,0.7012136055844637,1.731086816572716,0.9936377309452493,1.0515474286289466,1.483444765732871,0.9801928471305962,1.0366644735501482,4.147287171920584,1.8405335441357662,0.8576417828567844
2024-03-27,1.1570946745448671,1.4485704284755783,2.009132878220681,0.9966895716913865,1.2664308286380348,1.0576456014848021,1.232267595551046,1.6199734576377558,1.8657609285781396,1.071060759493671,0.6664292771555697,1.2048932530035947,1.2043500096136373,0.9800640719428875,0.5631928745875494,1.5404808106701318,1.1478611352992834,0.6547522521290202,0.9453248804937072,1.0885849825856388,1.4088741915723904,0.752852265513751,1.9392370203135842,2.7764968321287045,0.8892551941513039,2.023671609761696,1.0704881087147762,1.1355202815401466,1.467215580131208,1.5443050078982539,0.7141081063504054,1.7506861906875073,0.9973720359410267,1.0808839022796022,1.4851693596452928,0.9821147695680075,1.0450925524058425,4.089147615542479,1.8460318548820653,0.8680167660860953
2024-03-28,1.1574253829663061,1.4399400002713847,2.018359510812613,0.9913418781943301,1.2781517933308175,1.0513450657452785,1.2347246880360458,1.6305102248308423,1.8641275838766456,1.063287658227848,0.6333957426691459,1.1982462601606965,1.2094556032666537,0.9805489880780988,0.5537378890577898,1.5563074959748284,1.1297456237709347,0.6656696990099145,0.947998076592844,1.058584597089673,1.3952338211095736,0.7642068362351186,1.950648776157151,2.7474403044469504,0.8922851947984288,2.0175831242524285,1.0805441720377802,1.1445733090918115,1.4503657902026983,1.5455498320729049,0.8258601651907751,1.7774311998215462,0.9931285603169382,1.0756685504217307,1.4877560858382066,0.9778864579039435,1.0454757427181545,4.134690637742058,1.8295370905151411,0.8748171845733869
2024-04-02,1.1445319930879214,1.429961080010924,2.0890980294014834,0.9856598134688407,1.2845705030767478,1.0282432040050165,1.2017716246918149,1.6368318665482358,1.8271063008579183,1.0733278481012658,0.6222813030601247,1.1867247878395235,1.217397514571438,0.9718201423076062,0.5515020963145165,1.565686743380349,1.1429205534444624,0.6307043782888314,0.9282829081615565,1.0667275708390738,1.4293351191455472,0.7993279629638295,2.0014122061383293,2.7312978255878675,0.8831952954125001,1.9939902719443763,1.0500514523669724,1.1381068043848142,1.4659193206460266,1.5327895041616881,0.8169568361578109,1.830921716842679,1.0031430234500487,1.064585967540463,1.493504915185967,0.9648172912703935,1.0320672438099892,4.0591087708064455,1.8501554620378096,0.8922542687050505
2024-04-03,1.1590782186472117,1.4242973079824908,2.112549962014449,0.9813147231666579,1.3154080667853418,1.0232028575237908,1.195267732934204,1.6623824724453542,1.8096847552965178,1.0525996044303798,0.6234310390491313,1.1973600034783847,1.2139940165942542,0.990247784564577,0.5368947441327676,1.5985127661580607,1.1363331556987069,0.6225900718283522,0.9002140223440046,1.0624416518334523,1.4293351191455472,0.8018729714406924,2.0132175039734457,2.705469727942526,0.8706263050821453,2.0297603275938356,1.0451856855563684,1.1410167512624958,1.498754507599196,1.5396366555857048,0.8102025671582432,1.8713457766401775,0.9929587814806208,1.051873368211709,1.5055771823567312,0.9644328244811521,1.0129121784486368,4.108527467668513,1.8267880190779784,0.885453850217759
2024-04-04,1.158417104558458,1.4477612805457625,2.1252366757706107,0.9769697349625601,1.3476410392253537,1.013121856647365,1.1833440049556825,1.6903041166099388,1.8036959577112401,1.0449137658227847,0.6169156604136413,1.2017915577921847,1.2162630152457101,1.00576593001028,0.5425588343278988,1.6442347392474126,1.1462143194083485,0.6389662767794518,0.8811671120904243,1.065441816088255,1.4088741915723904,0.8263442105443752,2.0025925916351346,2.7302217370218997,0.8690549505410979,2.023671609761696,1.053944125234992,1.1348735915503811,1.5164682945868433,1.541503939421792,0.8077465119358437,1.89278268169792,0.9878666604959068,1.059696475631935,1.5509917814740035,0.9794240899130259,1.014827778674335,4.060077985234786,1.822664411922234,0.8882437939074538
2024-04-05,1.1527969788367802,1.4321185882568686,2.137538977816194,0.9679452852278467,1.323780306150609,1.0047212449659915,1.1775627874583656,1.6895140925195975,1.8064180658935298,1.0339011075949367,0.6226645353878487,1.1760894367495416,1.1720146293694986,0.9912177352805626,0.5348079860363409,1.6319247568488358,1.1237072317464991,0.6307043782888314,0.8888525712989812,1.040584344841226,1.3932850267559453,0.8175345020798338,1.9915741373052738,2.669956668864968,0.8611994085012106,1.987902018757981,1.0571881348296626,1.1154740774293892,1.508259398887373,1.526253868013052,0.77520328825958,1.8705293178891125,0.9673286465416955,1.036227392271513,1.5325959666964217,0.9652016404856932,0.9987377673636624,4.0804267560264424,1.8089188868644461,0.8674064579128585
2024-04-08,1.1458543221834707,1.4307700962006011,2.1636814166341862,0.9625974896327052,1.3477804629357137,1.0013609797658438,1.1706975144243488,1.6976796604458109,1.7960738154244684,1.0345488924050632,0.6179377303050764,1.169885504522239,1.1771203616974113,0.9844285540509152,0.536596629332312,1.6313387889357724,1.1105323691639795,0.6284913289509143,0.8881843131212739,1.0208696830887949,1.40010528636314,0.8437676926244274,2.00652789131171,2.716231599633262,0.8567105053593937,1.9521314984627776,1.0432392996060782,1.1203239362001043,1.5099875249538857,1.534345653315278,0.7641508991932192,1.90605325360932,0.9581628287692104,1.0476359943689617,1.5440932960405043,0.9713518745871685,1.0002700601650951,4.157945868767864,1.8570283085026902,0.9039371525782367
2024-04-09,1.1399035889583957,1.4439854764401865,2.1748304835480337,0.9609263481771357,1.3179197172925983,1.0005209904443004,1.1678069056756903,1.69820661150505,1.8075069623611926,1.036492246835443,0.6218979927207311,1.1734306667026064,1.1714473103691865,0.9960671335238017,0.5368947441327676,1.617856512539973,1.1110813077942912,0.6255407350193917,0.8871818441605591,1.0208696830887949,1.4117973087270466,0.8580588490806464,2.0328931606838685,2.7216125354786302,0.8576083782876583,1.9391935538766611,1.045510017193043,1.0993076971046989,1.4533899118579177,1.528432381679857,0.7653789736596066,1.9313693352407313,0.9535799613531282,1.0473099751527808,1.519373933656105,0.9686611949321868,0.9784334238452586,3.9941864880062674,1.799296801090429,0.9156200364514228
2024-04-10,1.139572981454998,1.4472219364193109,2.2059706503725702,0.9926787505195517,1.321966306753252,1.003881255644448,1.171420276977161,1.7469372680300421,1.8015181647759149,1.0390835443037976,0.6203650244040005,1.1840660177925884,1.1583998054113855,1.0038262654694348,0.5306344243367253,1.6319247568488358,1.0954911018201992,0.635130407705149,0.8928625288359939,1.011869714096079,1.3923107039549176,0.8400481473336484,2.0466662887156555,2.711926916692372,0.8567105053593937,1.9460431291149463,1.0461589775640743,1.086374608652573,1.4676475786607768,1.5246977188594621,0.7620018391598227,1.9109531283100836,0.9590114741298358,1.0349234746736264,1.5268473569162868,0.9617421448261705,0.9799658923146217,3.958333539751064,1.811667958301609,0.9128300075231564
2024-04-11,1.1435401705777286,1.478237648933873,2.1967440177806385,0.942543383773531,1.281221671237613,1.003881255644448,1.1772014944744775,1.7034748341021864,1.806962381140494,1.0669393196202532,0.6262416044816144,1.15127357238921,1.1498905751062891,0.9921875675509851,0.5340627217885833,1.5973404721608382,1.0917582252066689,0.6206918069939507,0.8918600598752792,1.0071554546003076,1.3874390899497786,0.8314341300180766,2.04627238600734,2.804477106905981,0.8558128375420209,1.968874775532545,1.0484295961184782,1.1035109449237799,1.438700642370202,1.4285566262267697,0.7524844728936648,1.8870662235578275,0.9522220624238712,1.0486138131172487,1.4566431337745398,0.9544387455048543,0.9684729350761778,3.9428293622875175,1.8144168618667984,0.9119582726505735
2024-04-12,1.1362670073390628,1.49199237329991,2.2582557158930663,0.945551499652407,1.2757797795571606,1.0114418780042782,1.187679873932411,1.7211231061036005,1.8178510798433867,1.0682349683544303,0.6139774288835868,1.1592502888833776,1.1771203616974113,0.9844285540509152,0.526460908143872,1.6090639493897079,1.1138260680368575,0.6198062548131036,0.892528481441294,1.0268698020897233,1.3776957131879277,0.8619744267004805,2.121433736119694,2.869046364988272,0.8517727683088905,1.9437598599278938,1.047456403143333,1.1090074146461293,1.4317880061559132,1.4329158419694616,0.728844625105553,1.9832264360066785,0.9450931759855923,1.086751212936417,1.4658442248938968,0.9517480070629019,0.9596615487962179,3.9215116728302384,1.7979222653718478,0.9372418230211993
2024-04-15,1.1458543221834707,1.4865985368149792,2.221733597235918,0.9569155270053008,1.277733309176498,1.012281969963813,1.187679873932411,1.7150643764179019,1.8260175373771226,1.0617568037974683,0.6123165994401103,1.153932477887266,1.162938149401538,0.9921875675509851,0.5288457355339918,1.6225460466999593,1.1050428486788473,0.6171499445681458,0.905894543631132,1.0200126878454798,1.3835417987456673,0.8492492868361415,2.074998907328797,2.80878146116985,0.8461616522010501,1.934627131663993,1.0500514523669724,1.1187073693019534,1.436108387296314,1.4400772679672666,0.7343708196387334,1.9666891562731725,0.9403405297331926,1.0756685504217307,1.4710197631721638,0.9594358143864886,0.9780503506449004,3.941860739384614,1.8515301656283645,0.9433449047535676
2024-04-16,1.1177533908209591,1.4669101048770068,2.179443611959488,0.9385326646997811,1.2452214893157663,0.9988409091632222,1.1638323296828497,1.663962842624851,1.7993403718405894,1.0345488924050632,0.6144884053205519,1.1388658433857253,1.1419484557891604,0.9737598660712329,0.5123007509161877,1.5756517796133847,1.0990043224723949,0.6109518411568999,0.8995456824721435,1.0084409998424495,1.3776957131879277,0.8202752991856909,2.028958221724059,2.8184665869405774,0.8403260935000051,1.8798304135962778,1.0448611558545722,1.1099775286689086,1.3721662714047256,1.4086289731280492,0.7177921891840047,1.9052366701699912,0.9321931361576503,1.0583927173008858,1.4290399702002818,0.935219344769829,0.9577461242384503,3.8546512569360973,1.7800529652863422,0.9161429750886865
2024-04-17,1.1157699476366558,1.4647525966310622,2.1882860207253527,0.9432120241323118,1.2554075150551511,1.0030411636849133,1.1490179929556696,1.6755530289381946,1.7993403718405894,1.023536155063291,0.6133386303257105,1.150387451158019,1.149323186768529,0.9747296983416556,0.5158780375081298,1.5967539669911308,1.1006511383633295,0.6065247728478315,0.8985432135114287,1.0148698783508818,1.3689268079786774,0.8490534494671352,2.033680004189124,2.8270762814993784,0.8389793353853311,1.8882021682925976,1.0377246714570036,1.121940424060124,1.3894479279145666,1.4182814746984704,0.7309936851389496,1.9307568664891688,0.950185131089665,1.0557849617385313,1.4497423428809753,0.9340661207630172,0.9818812583164127,3.8895349907629604,1.791049418906967,0.939508657596487
2024-04-18,1.1184146058277544,1.4717648607157625,2.1848261274456338,0.9448832676859663,1.2835936850112695,1.012281969963813,1.144320654410017,1.697943216475134,1.8124067304919405,1.030014161392405,0.6175544199656827,1.1636814368438155,1.1686108540425224,0.9665857367616059,0.5386833874287387,1.6143396305483053,1.1182176441703582,0.6108043183862755,0.9055604145422783,1.0367272900974467,1.3815931531436116,0.854339206309843,2.0163658399058435,2.8141625613537284,0.8461616522010501,1.9041844717947833,1.0419417749942586,1.1306702646931688,1.429195751082025,1.423574665377979,0.738668986560714,1.9395357930753374,0.9583326076055279,1.0740387728745004,1.4664192725043916,0.9417539280866041,0.9960559036252942,3.900193983372959,1.8419082477263211,0.9365444010277044
2024-04-19,1.1051907093640134,1.4760800089477901,2.192130889369184,0.9405379731876135,1.29657063472511,1.031603469205164,1.1555218847132807,1.7021578589526056,1.7977070271390954,1.0274230221518987,0.6143606222054757,1.1468422889776515,1.1799568180240756,0.9602808794393545,0.5380871123210651,1.621959899701348,1.1352352784380837,0.6149364104136116,0.91391429531685,1.051727168582414,1.3767215391384726,0.8531646694959268,2.0262035480221328,2.834609558815192,0.8553639523556115,1.8706976853323767,1.0568637041604272,1.1471599900127418,1.4404289003849524,1.431358931630104,0.7180992312281953,1.9366774393170276,0.9629154750216101,1.0825136798268324,1.4641189722785992,0.9402163548644925,0.9776671603325886,3.8323646488131966,1.8185408047664897,0.9381138136094972
2024-04-22,1.1237042249640756,1.5170749052030899,2.2351889465287256,0.9729589137907253,1.3198732469119352,1.0576456014848021,1.1847894417687888,1.7556299480149018,1.8227509809610016,1.0423226265822785,0.6226645353878487,1.1920424633845144,1.1867640913282358,0.9675557467003731,0.5480737988626586,1.6395453841729744,1.1489591467419231,0.6295460128716042,0.9286170372504101,1.065441816088255,1.3757472163374447,0.8457254814343445,2.056110815557161,2.8356849900271177,0.8719729606413735,1.9528928205146672,1.0734075886076506,1.1762593007132953,1.4503657902026983,1.4606274758756443,0.7273095554501626,1.9391274390115412,0.9698745826235715,1.085447374971949,1.470444715561669,0.9625109020437408,1.0052502459936585,3.9370155545310666,1.8405335441357662,0.9391598613611679
2024-04-23,1.1488296887960083,1.5195022172523986,2.225961938167771,0.9793093125807404,1.3412224359910432,1.0652062238446323,1.1930997101533216,1.7587910103727091,1.831462019715436,1.0591655063291139,0.6290521309082626,1.1920424633845144,1.202080872287285,0.9758005646773774,0.5534397742573341,1.6753021419437426,1.144567369335397,0.6271848866869287,0.9353002725807135,1.0607273470838068,1.3962079951590287,0.8265399504333572,2.0584715865507714,2.869046364988272,0.8665861332935691,2.0008398471826614,1.079570979062635,1.1675294600802506,1.4702397017864275,1.465609436724435,0.7546335329270615,1.9129946492525376,0.9569746257359502,1.086751212936417,1.476195521018056,0.97288944780928,1.0041009092806306,4.042635970439995,1.8364099369800218,0.927128351729806
2024-04-24,1.1458543221834707,1.5308296295691268,2.2351889465287256,0.973961414887514,1.3335478477356748,1.066046315804167,1.1822601260040184,1.7479908481497066,1.7993403718405894,1.041674762658228,0.6281578831377386,1.1876110445218353,1.1975425976345806,0.9651308106876274,0.5479248097225744,1.6758884680279018,1.139078117214298,0.6454839436008674,0.9236047741409901,1.049155973343792,1.3884134127508063,0.8633446059233542,2.068309294667061,2.8335331415722034,0.8670350184799785,1.9620254326171322,1.0691905841029565,1.1668829281667477,1.467215580131208,1.4491069292833683,0.7316077223721432,1.9358609805659626,0.9545983026097503,1.0789281851496098,1.4888467880165699,0.9555919107246952,0.9887769272587207,4.040698133108751,1.8295370905151411,0.9503196361199471
2024-04-25,1.138250450523366,1.6217192588668687,2.2305758181172712,0.9686138234885425,1.4232696148870012,1.0727667435664712,1.1855119394440468,1.7435129716417257,1.7862741461761056,1.0384356803797468,0.6160214126431172,1.1370931945699814,1.1878987293288599,0.9539760221171031,0.5321249983390032,1.69874927548703,1.1308437693955913,0.6428276333559096,0.8995456824721435,1.0465843590878159,1.3427859503544601,1.0023411777458564,2.071064449324675,2.8281523700653457,0.9161888181130967,1.9840963377900218,1.075353974557941,1.1817557704356447,1.4749922134046347,1.427622460993511,0.7141081063504054,1.9134032526928613,0.9366062247374151,1.0759944900044929,1.4721698583931535,0.8953852933340514,0.9926080105981634,3.9312020425373335,1.8102932547110542,0.9379394154918377
2024-04-26,1.1494911056388863,1.6165948309648872,2.2324980645546755,0.9656056055115814,1.4257116067948876,1.0794872739667665,1.19454505867391,1.7479908481497066,1.8124067304919405,1.052687420886076,0.6266248368093383,1.1583640322010658,1.1896005476549,0.9748306139613917,0.5394286971832588,1.8019168779801513,1.1401757261108878,0.6527149834445514,0.9018846677882729,1.053441578086398,1.2560602134466066,1.034838970798104,2.065161199212507,2.877656059547073,0.927635544199705,1.9901848232992891,1.084761374607596,1.1714094419425802,1.4719679598011777,1.4441250635827987,0.7377480009937049,1.9170779405139724,0.9423772951867575,1.0789281851496098,1.5037984650246887,0.9015391722277183,1.0109968124468458,4.0804267560264424,1.753936450889348,0.9508427452343541
2024-04-29,1.1514745488231897,1.621449586803643,2.2201955746245807,0.9759669275715164,1.420827729490735,1.0820075498453707,1.2068303445138737,1.7598444294929665,1.7928073919952145,1.0475049841772153,0.6285411154654624,1.1627950447103832,1.1958407793085406,0.9903502991994146,0.5525455208694923,1.7731942423638145,1.147312062486955,0.657732558393218,0.9132460371391427,1.0628703065866176,1.2336480371188723,1.0767338382018756,2.0592589110117148,2.8206190927495327,0.9213509464790818,1.9764856728227194,1.0747051132194703,1.1794924345095972,1.4771523380007163,1.4568911955354933,0.7159501243396112,1.9332067414954188,0.9401707508968752,1.0929444631759941,1.4917223554204824,0.9134622280779271,0.990309337172107,4.019380147888754,1.8075441832738912,0.9515402524664207
2024-04-30,1.1544499154357273,1.6265738829654863,2.201357521961116,0.9903390708032863,1.414199724411835,1.0878879882861314,1.2089981024172018,1.8322820877050712,1.7982514753729268,1.0468572784810126,0.6253473177052555,1.167226599024183,1.189033228654588,0.9942301612861387,0.5224364721046277,1.7790560705210234,1.1467633922206768,0.6593557244271875,0.9119093573954205,1.0572988423388543,1.2180569385319826,1.031315165396307,2.0478467944513827,2.753897164519776,0.9292064885189691,1.9468041026825276,1.1013052590548194,1.1824024604254102,1.4901137453183941,1.450041094516627,0.7098099394284249,1.9097281908069585,0.9422075163504401,1.0864252733536548,1.4922974030309775,0.9076930511213849,0.994140303399596,4.002907347522303,1.822664411922234,0.9541557980384558
2024-05-01,1.1607313570822415,1.6411377552613389,2.167525721624483,1.0027059055472238,1.4194322142476972,1.0929284374053485,1.2321231489915052,1.8372872372711053,1.796618396645167,1.0390835443037976,0.6238143103826902,1.1716580178868623,1.1969752786342687,0.9825905158031847,0.5254175290956586,1.7866763396740661,1.1571933603786133,0.6605363914088002,0.902553007660134,1.0705847303371916,1.198567953734691,1.0315109052852889,2.0045601813539613,2.74313562150606,0.9292064885189691,1.936910400851045,1.0737321183094468,1.1862823632496085,1.5013468946213213,1.4484842793254904,0.6886261468627125,1.904828316106195,0.9310050160647108,1.0903367872470584,1.5009233367560266,0.9050007254312201,0.9949066840242197,3.948643761569406,1.811667958301609,0.9461348484432623
2024-05-02,1.1828813533835951,1.63924991907862,2.209046695595245,1.002037163090358,1.4023392294970725,1.107209590165474,1.2491054202070495,1.8570428305112554,1.7881338345253721,1.0455616297468355,0.6295631463510627,1.1707717612045505,1.201513553286973,0.9748306139613917,0.5430059837752009,1.7772976295251897,1.1517039740754977,0.6595033857168453,0.8992114716891361,1.0615846565901372,1.2151335238741812,1.042082516450729,2.0297453057071584,2.733450167058313,0.9381844999134945,1.9376713744186267,1.0659466735408467,1.1921020989287092,1.6331197729118054,1.4584480107266298,0.6990644986958796,1.87318767167236,0.9262522868719905,1.1056568236044921,1.4968977839149369,0.9069237648210772,0.990309337172107,3.9389539833877474,1.7580600580450922,0.9489247921329572
2024-05-03,1.1951135282551846,1.6249557188459933,2.1978972529123744,0.9970237387236494,1.4117578390155685,1.0979687838865744,1.25271879150852,1.858359966660243,1.8284268604480367,1.062404588607595,0.6367172845385941,1.1760894367495416,1.2185321525720623,0.9767706338389262,0.5635755409525366,1.7878488127568366,1.1780535650585198,0.6605363914088002,0.9028872184431415,1.0787277040865924,1.2609322737064637,1.054611721466037,2.008495120313771,2.766811377680957,0.9399799381036862,1.9658306489393473,1.070163678045541,1.180785814489128,1.6309596483157236,1.4696572323399668,0.7104239298064309,1.85807794787058,0.9264220657083079,1.1144578294064236,1.500348179361719,0.9265390958046561,0.9991204892281597,4.051356829956031,1.7305690079295166,0.9532839779273014
2024-05-07,1.2162718029643866,1.6341254911766383,2.225961938167771,1.0170778445828237,1.4675723775747453,1.1240110188042038,1.2725915831802046,1.8770619797807286,1.8572851435915723,1.0734174050632912,0.6373560050848006,1.1867247878395235,1.2429256215114164,1.0078099450921902,0.5659604138494189,1.8288814307717505,1.1934242492532938,0.6714568857084303,0.9159192332382795,1.1044421705769367,1.2706769892324687,1.0493259646233293,1.982129971180534,2.8227715985584885,0.9453667654514906,1.9871406967060914,1.0597831840533016,1.1946888588877707,1.6214544931310717,1.5026622472221,0.7297656106725622,1.9109618564885467,0.9354181046444755,1.1607441965951617,1.5446283823432059,0.9484622269021876,1.0144444712500693,4.054263881715616,1.7663074402285543,0.9749059349742213
2024-05-08,1.2288345853393738,1.6538137913744726,2.2232712440782323,1.0287761410660654,1.4766420550266721,1.1391321608858727,1.281624878995104,1.8986619822279198,1.8692642016176655,1.092851582278481,0.64355200394427,1.2017915577921847,1.2497330334904728,1.0165397384271875,0.5790771920288899,1.8581903924722465,1.192326237810654,0.6710141096180068,0.9266120993289806,1.1031566253347949,1.2726259323376696,1.0391460281959022,1.969537348884474,2.8851890081858653,0.9491823408136933,2.0251940215426028,1.0646491489290273,1.210531815179447,1.6231827511458221,1.5095122530927454,0.7171781988059988,1.8813550023248127,0.953240486620814,1.1669374468347389,1.5509540158424628,0.9538469370694884,1.0293856142955282,4.154070194105375,1.8199151726130978,0.9639206435716734
2024-05-09,1.2367688626667936,1.662983695445256,2.236342369544973,1.0367978855078201,1.4878051118547753,1.1466927832457028,1.2866832456470905,1.8205168950362758,1.8790650677478322,1.102568670886076,0.6397194856378565,1.215085543477981,1.2622133581228578,1.0252696502077476,0.5871261551209033,1.8628797475466847,1.2098929448907076,0.6782452187212075,0.9184305115246759,1.1168708538232819,1.2755490494923258,1.0712521465101372,1.983704018907811,2.9282358375947677,0.9574870757063275,2.059441897734027,1.0640003866231174,1.206975178312,1.6305275178379173,1.5213443149604022,0.7380548556171451,1.892993529551929,0.9630850879772863,1.1731306174408973,1.5509540158424628,0.9573083726990486,1.0247882674434157,4.204457513870347,1.8322863298242775,0.9736853186277477
2024-05-10,1.2367688626667936,1.6681079916070993,2.26517625399055,1.0418115140706987,1.492688882647308,1.140812344804942,1.3004137917151246,1.8339553545424294,1.8834211855659513,1.1187639240506329,0.6416357642939806,1.2230619890699073,1.267318813100978,1.024299699491762,0.5975599456030365,1.871672489782498,1.2016585970720008,0.6783926029727986,0.9190989330906908,1.1087279848282197,1.2765235210449262,1.0859349777043688,1.9919679197746674,2.959444378069946,0.9624245050904934,2.0746629953457596,1.0633515252846468,1.207945213296648,1.6741635916679702,1.5266375056399109,0.7484933480158749,1.943835418474387,0.9674983424376923,1.1812796644438857,1.5613052021828095,0.9561545608225285,1.0500728553463599,4.104651497243307,1.8487809263192283,0.9773471676671686
2024-05-13,1.232140559455309,1.6610958592625371,2.2582557158930663,1.0448193236553198,1.496875002329942,1.1441726100050897,1.3080015624243995,1.8423873764872927,1.8572851435915723,1.1220028481012658,0.6429132833980634,1.2363561102068243,1.2639151764488978,1.0126598171176817,0.5890638785704834,1.8757758769438728,1.1972668196654748,0.6786878562925976,0.9013853531205288,1.1070137848329127,1.2667792517736394,1.0598975757887694,1.9872457765928366,2.9583676321499373,0.9682602176247072,2.0898845576032365,1.0652978122023762,1.2053585323757179,1.676323980160527,1.5200988247482046,0.7558616073934487,1.9413851694033455,0.9612181013600388,1.1734566366570782,1.5613052021828095,0.9473084738126384,1.057351597489026,4.076550785601236,1.843282615572929,0.9701979529445579
2024-05-14,1.2493317459598219,1.6513863475850254,2.2305758181172712,1.0491645160555876,1.5153635023236043,1.1433324154075637,1.3080015624243995,1.8613595466127901,1.8752535311504115,1.116820411392405,0.6502590182465395,1.234583596842201,1.2701552694276423,1.015569906156765,0.5904053269123898,1.896878243407167,1.2153825995578569,0.6788353790632221,0.9010512240316751,1.1262996870778401,1.2774981413490993,1.025637831295611,1.9766207440156036,3.0003380443158516,0.9626492040723127,2.0845569295001143,1.0669197674834312,1.214734983960397,1.681508490308303,1.5210328948332423,0.7561686025824518,2.0112162080777796,0.9637641203822355,1.1956218820530324,1.568205993076374,0.9430776343088286,1.0508387675231687,4.065891792991237,1.8474063906006468,0.9686286256013368
2024-05-15,1.2493317459598219,1.6414074273245647,2.2059706503725702,1.0384690269633896,1.4867586351899267,1.1676944664061235,1.3098081156363577,1.848974828225708,1.8850546632543124,1.1226507120253164,0.6515365373506223,1.2283799355171394,1.289443283388876,1.0233295118846502,0.5990505196053144,1.9132912547960228,1.2208718516789558,0.6782452187212075,0.8936985051113581,1.1370140655745398,1.2969871261463912,1.0277913599945099,1.9555678706931394,3.1025733603001875,0.9651180213198414,2.0990171697057014,1.0747051132194703,1.2845732347959682,1.6724355975496947,1.5344215815955937,0.7788874179483669,1.9924312977018332,0.951543030018922,1.2138756931890016,1.5670558978553841,0.9684623186098621,1.0251713406437737,4.132752208885377,1.8597773799398531,0.962874254865716
2024-05-16,1.2480094168642726,1.6405984111348872,2.1754193136071507,1.0253718846173205,1.499316887726208,1.1752550887659536,1.2889578374972674,1.8352728126902311,1.8812432596437587,1.1213551424050634,0.6547303351108292,1.2505366234771738,1.2962506953679325,1.0281795023557045,0.6166389742848567,1.9132912547960228,1.2044034244055752,0.6814917585676966,0.8926957910681821,1.1245853823281946,1.2443669266943325,1.02935737658639,1.925684049747892,3.151000961215947,0.9607154185856928,2.1188048056915387,1.0782735534833763,1.2894233306810772,1.6974938873329626,1.5474993239718902,0.7702910841044058,2.0132581030850245,0.9562957592116423,1.214853591570707,1.582007574863503,0.9796162057337049,1.0431769521801444,4.073643733841651,1.8680247621233153,0.9850194062656147
2024-05-17,1.2066844881199785,1.633046671183597,2.156579569983082,1.0394134342498031,1.5122239658174388,1.1693746503251932,1.2828148855534722,1.8365902708380328,1.8828766043452527,1.1174682753164558,0.653772234788602,1.2567406911555972,1.2888758257136679,1.0281795023557045,0.6105277346424234,1.8816375260155338,1.2164803426364632,0.6778023733712673,0.8920273695021672,1.1335854560752487,1.2404692636112895,1.0483471676983953,1.9335551300567306,3.1111830548589885,0.9687961723846285,2.1058667449439863,1.0672441981526664,1.2709936934684707,1.688421126522592,1.537223982147149,0.7460372459382877,2.0295930137664575,0.9506943846582967,1.1939921045058022,1.5963843140449396,0.9723084561765472,1.0412613519544462,4.051356829956031,1.8584028442212717,1.0087337997701626
2024-05-20,1.202717298997248,1.631158835000878,2.1561947825034804,1.0377418844018935,1.5122239658174388,1.1752550887659536,1.2828148855534722,1.832901130425137,1.8872327221633718,1.129776661392405,0.6534528550125813,1.2611719745671557,1.1788883279489337,1.0669788338963249,0.6000938986535277,1.8581903924722465,1.2005607198113777,0.6693906665459705,0.9017196455976899,1.1284426465806507,1.2394945689313301,1.0493259646233293,1.9333585394193387,3.146695949598036,0.9618378879403308,2.1066278346730036,1.0769759298389958,1.2541808602684088,1.6949016322590746,1.5403377076776432,0.7601598211706169,2.047969570078607,0.9484878403684143,1.1838873403728214,1.615936591504643,0.9726930405397304,1.0473911087199452,4.232558225512419,1.8295370905151411,1.0104775252310434
2024-05-21,1.2010642614802598,1.667298975417422,2.155809995023879,1.0427567381417924,1.5178054942314905,1.1777752620065667,1.2690833682677396,1.8384350020438878,1.8866881409426735,1.1271853639240506,0.6512171965804364,1.2558544344732854,1.1757600996406865,1.051459030212739,0.5944297629516342,1.847053062241988,1.192326237810654,0.6696859198657695,0.9134172680854109,1.1198710180780846,1.226826959378028,1.0520667129891743,1.9315872998600598,3.1875909305520245,0.9602665333992834,2.083795839771097,1.075353974557941,1.2574140731028418,1.6823726193156783,1.5390923126136662,0.7405110514051074,2.041435530993076,0.934060288655539,1.172804677858135,1.6153614341103355,0.9707700011498731,1.0366644735501482,4.19573695011703,1.8295370905151411,1.0157087016136854
2024-05-22,1.2255286112234385,1.6667593678106936,2.122744575609753,1.0430910072721402,1.475246859318494,1.1660143851250453,1.2925716502613283,1.8255233325975664,1.8959446918258758,1.1252420094936708,0.6483427395904154,1.2558544344732854,1.1757600996406865,1.0475791089032331,0.5832507082217432,1.8376739939220157,1.1824450741010124,0.6587654948256562,0.9211041977887353,1.1310139465736113,1.237545848953488,1.0565695102759542,1.8957735357619712,3.1703718701114427,0.9595930517865005,2.191867096448492,1.0740563509135606,1.2677604806340375,1.6689792134684316,1.5450083435474948,0.7423531162495008,1.9724213251344982,0.9320234402616535,1.1842132799555836,1.6211121297829103,0.9561545608225285,1.062715090741855,4.147287171920584,1.8336606976708856,0.9921685357496536
2024-05-23,1.2390829133544945,1.6726929436424909,2.131972147624243,1.044093916761269,1.5000144323244873,1.1626540172869064,1.2849830849193906,1.8218345141834846,1.9003006766571278,1.1226507120253164,0.6276468286891036,1.2292661921994512,1.0480166681678225,1.0349693942587304,0.5729659068796942,1.8007447630684768,1.1242561703768106,0.6553712936895092,0.9040592027728956,1.072727585085664,1.2258524878254276,1.0358178652030625,1.8991187028096048,3.097192260116309,0.9678984020118097,2.226876294691806,1.0669197674834312,1.2546477385096144,1.675027852623583,1.5035963173071378,0.7460372459382877,1.9742589807657132,0.9198023498983401,1.153573047973879,1.603860152548999,0.9430776343088286,1.0546699679745652,4.267441959339281,1.8322863298242775,0.9904248955273446
2024-05-24,1.2361077485780396,1.6581290713466386,2.131587735913664,1.053120714751938,1.5080378461348052,1.1685345583656583,1.2824535925695841,1.8271045077740982,1.916635586527606,1.1284810126582279,0.6252195345901793,1.2283799355171394,1.009090000770339,1.044669138309713,0.5707301596431833,1.8025032040643107,1.1061407930304787,0.6510917481510653,0.9107435818213515,1.0495844185882803,1.2229291475434123,1.0238758798547,1.9008897018910396,3.038003773540875,0.9643069102987512,2.277106590546852,1.0477808338125685,1.2520608204742905,1.6802122308231215,1.5197874997692657,0.745730203894097,1.9763007510846944,0.9142010582853151,1.1346673576723854,1.5756818315804335,0.9534622351323635,1.0508387675231687,4.310077929779276,1.8487809263192283,0.9860657097330005
2024-05-28,1.2103210697393116,1.6219889309300946,2.138123862300569,1.040082074608584,1.5286195124814044,1.1576136708056806,1.2575198737628894,1.8128757021787891,1.865452798007112,1.1109901898734178,0.6259861162631318,1.2381287590225685,0.9945673416043201,1.044669138309713,0.5701338845355097,1.813640534294569,1.0779245960131705,0.6462217652325398,0.8997143808996454,1.0221554378396136,1.2258524878254276,1.0015582181899285,1.9166322232254822,3.0272419018501395,0.955328181016105,2.298416405990724,1.050700313705443,1.2410665373813607,1.6724355975496947,1.499548521691606,0.7862556304707531,1.9969234417801194,0.8924747583575229,1.1395567699474944,1.5981094568764245,0.9723084561765472,1.031684170609631,4.370155619251343,1.8185408047664897,0.9745572239774738
2024-05-29,1.2076762097121303,1.6087735506905094,2.1542723481815647,1.0333956710207757,1.494084184867106,1.1483729671647722,1.2622175654786143,1.8052338653236744,1.859463202500632,1.1045121044303798,0.6261138213665383,1.220403219022972,0.9512267215985666,1.0378793648522504,0.5579114507574054,1.817743921455944,1.0878056255407955,0.6330878060378923,0.9053960459049253,1.0212984425962985,1.2112357864153518,0.971018018987549,1.9248970860037145,3.0229378762632906,0.9481453001454339,2.3045048914999913,1.0445369232504587,1.23233566925261,1.6642267018502244,1.4936325859059985,0.7779663855261701,1.9734422726381207,0.8792353267375873,1.1108722550957824,1.573956688748949,0.9569237883358654,1.0404953226656835,4.331395914999273,1.8419082477263211,0.95520201626727
2024-05-30,1.363718712758089,1.6219889309300946,2.1508120791328227,1.0414193553261457,1.52478221835372,1.1092670713408965,1.250292777989876,1.8255233325975664,1.8518402622926577,1.1135814873417722,0.6307129993575739,1.2363561102068243,0.9564457513166661,1.041759167716193,0.5589548298056187,1.85350085831226,1.1017491498059695,0.644598460679537,0.9063986782539476,1.0014498000449186,1.217082466979382,0.9827641669669052,1.9097448175371354,2.9955268700859703,0.9560015600734421,2.3130292823232845,1.0532954619616428,1.2446234113632015,1.6879892599412607,1.491764350587702,0.8215620451239821,1.9679293057444756,0.8833090235253584,1.1186953625160083,1.5969593616554345,0.9661545772828802,1.043943332804768,4.370155619251343,1.8748976085881959,0.9569458269667224
2024-05-31,1.3491724871987987,1.6438347393738735,2.161962085469228,1.039747805478236,1.5348985854937351,1.1126284655589496,1.276671757024641,1.8350094176603151,1.8600076507344632,1.1155247626582279,0.6326292000020283,1.2283799355171394,1.0011480201281064,1.0301195222332389,0.5567190370623455,1.8464667361578289,1.115472883927792,0.656994598242512,0.9070670998199625,1.022884947052967,1.2112357864153518,0.984134638629852,1.9211580162477653,3.0471925970102554,0.960490924714765,2.2985681128262088,1.0545928875409016,1.2552945865756422,1.6793482337639838,1.4942552358638763,0.7828785896813445,1.9632329222901594,0.8929840119261546,1.1441202426398414,1.5963843140449396,0.9615392122028583,1.0431769521801444,4.3934108502771485,1.8968905158294458,0.9548532200319508
2024-06-03,1.3676860027988609,1.6648715316279747,2.1396618849119062,1.0434253785005732,1.5293170570796837,1.1294355392872057,1.154894831250042,1.8268407907453679,1.8632747390980524,1.1226507120253164,0.6286688985805386,1.2381287590225685,1.0052323425081338,1.0213897288982419,0.5628302767047789,1.874017256862491,1.1044939100485358,0.6621596959618031,0.9144198187402794,1.0104525974047742,1.206363577403922,0.9800233211210359,1.8938059460431445,3.0396576763093384,0.9667760352126175,2.3297739533302844,1.0588100901107174,1.2530309344970696,1.6771879772196645,1.4942552358638763,0.8224830306909913,1.9662957648010269,0.8958694227403449,1.1587883201983318,1.5929339185981573,0.9688469029730452,1.056585333976356,4.466085665453177,1.87902121574394,0.9475296924302523
2024-06-04,1.3650410418536383,1.6726929436424909,2.093908436550038,1.0430910072721402,1.5000144323244873,1.1302759391607147,1.1671809117226684,1.818672485829235,1.8986671989687667,1.1220028481012658,0.6356952926588288,1.234583596842201,1.0345043942954417,1.0097499649697248,0.5588057496520098,1.8376739939220157,1.1220604158555643,0.6651111210075265,0.9020537746865436,1.0314590896596574,1.2083123717575504,0.9410652344121643,1.8217843948997297,3.0622614523810268,0.9802441291365868,2.371635050040604,1.0468076408374234,1.2630553406816138,1.5881873076483335,1.4796210588893273,0.8126587160910179,1.912799387431498,0.8960392845169829,1.1692191831809122,1.5998345997079093,0.964616181043177,1.046624962319229,4.341085693180932,1.8515301656283645,0.9332313482236025
2024-06-05,1.3590903086285633,1.687796160064795,2.089678780426605,1.0364045015862469,1.4836190986837614,1.1319565336317499,1.1928373930821752,1.8062879284415598,1.9171801677483042,1.1220028481012658,0.6566466917786231,1.2141992867956695,1.0229316968586184,1.0107199156857103,0.5595509683930051,1.8312261978517435,1.115472883927792,0.663783000514806,0.9174278791756537,1.0314590896596574,1.2053891058513215,0.9297106636907965,1.8119453641552985,2.9147988636320683,0.9831621392368624,2.352607342169424,1.0633515252846468,1.2827803338270318,1.6002844540103984,1.4827345941233794,0.7755103771589583,1.9195374165165315,0.9018103549663254,1.1662854880357956,1.573956688748949,0.9596161728130013,0.9703884181899223,4.392441931611526,1.8487809263192283,0.9260821335009919
2024-06-06,1.3713224835001525,1.6977753438055325,2.1042892436962632,1.0350673229667702,1.5080378461348052,1.1412005216883827,1.1852486511552016,1.8239424794198487,1.9275256150991693,1.1258897943037975,0.6607985508552224,1.1862368929029978,0.9806972171623219,1.0107199156857103,0.5680471264390831,1.8687415757038934,1.109983430533668,0.6679150925421422,0.9247805980959707,1.0306015706446499,1.2200057328856109,0.9443933974050037,1.8227681897591428,2.9040356772332494,0.9851821738534275,2.3602184717824706,1.0747051132194703,1.2831035997837832,1.6080613511803001,1.4970574461189896,0.7868697145591343,1.9487359166164693,0.9208207740952828,1.1633517928906787,1.5998345997079093,0.975000781866712,0.949317986826779,4.43992279114235,1.873522904997641,0.9431704213973363
2024-06-07,1.3538007904102833,1.693190391770141,2.1012131984735887,1.0283808172808768,1.5157123278785538,1.1361584303613033,1.177298881121894,1.8302663751289407,1.922625049047219,1.1220028481012658,0.663034287299037,1.169391785187526,0.9865995674313963,1.0175096891431732,0.5452417310117118,1.857604066388087,1.1094344248123482,0.664963598236902,0.9124145540422349,1.0331739181809954,1.226826959378028,0.9328429893146296,1.820997190677708,2.8728208918946767,0.986753528394475,2.354129289304587,1.0714613016899213,1.285043827829342,1.6115176033133258,1.48802797509933,0.7705981261485965,1.9183124790134065,0.906393139442087,1.1649816500713277,1.5756818315804335,0.9580777177863273,0.9441460887301059,4.427325961201107,1.8762721443067774,0.9332313482236025
2024-06-10,1.3614045611523469,1.6991237041216616,2.1204375416927475,1.0223628498556792,1.4982704110613596,1.1344776306142852,1.1715172221619872,1.8276314588333373,1.9073790356444036,1.1109901898734178,0.6560079322265818,1.1667320669827463,0.9902318789872933,1.014599836995216,0.5371928134264607,1.8224332765303823,1.1094344248123482,0.6522723458731613,0.8880166767177707,1.0314590896596574,1.1956446134526757,0.9291233465438262,1.8530723659755353,2.8803558125955937,0.9806930143229962,2.3564127908145114,1.0487539277551527,1.285043827829342,1.6270711337566541,1.4634298764271996,0.7638439040042162,1.9430187103467942,0.8850063971869297,1.1666114276185577,1.55900501174083,0.9461545443621767,0.9357179513184347,4.505814584133587,1.861152083530408,0.9341032535733288
2024-06-11,1.3458665130828635,1.668917139536915,2.1150550262066012,1.010661592527972,1.4585024870995789,1.1378390248323382,1.1671809117226684,1.7854713491090215,1.900845124890959,1.1045121044303798,0.6441908025021462,1.1392482218992765,0.9793351523319467,1.0019901223507133,0.52869679190067,1.7808145115168572,1.0952713787678563,0.6475499549847771,0.8566002095618432,1.0211702232859676,1.2112357864153518,0.9236417523321121,1.8432335757089482,2.849141027257021,0.9779992929827565,2.2574678735220344,1.0416173443250232,1.2792233017689287,1.5579442438208146,1.4587592405573477,0.7589316529938543,1.9011609848926452,0.8807628386225205,1.1538989079232225,1.534852243613354,0.9350007160253047,0.9290137604203289,4.505814584133587,1.8267880190779784,0.9156200364514228
2024-06-12,1.3673552943774219,1.6810536997834586,2.110441146257101,1.0099929521691913,1.456060495191693,1.1369987275968207,1.1599537276571368,1.796538609348302,1.9449495544241773,1.116820411392405,0.6486620803606011,1.136588503694497,0.9961341599189195,1.0136298862792303,0.5406211108783188,1.817743921455944,1.1193156556129982,0.6478450697855428,0.8609451131292472,1.0370321252224983,1.236571451776674,0.9297106636907965,1.8296555954474898,2.843759269719101,0.9860800467816921,2.3008513820132612,1.040644151349878,1.2869840558749004,1.6024447105547177,1.4842915044627367,0.7638439040042162,1.8903390411048577,0.8863642961161868,1.1545508667221658,1.5808574796425132,0.8838468218470255,0.9066024557439782,4.548449963048145,1.8501554620378096,0.915271154977532
2024-06-13,1.3643800286829257,1.6710747795229979,2.0946768842021726,1.0113302328867528,1.4312928156740794,1.1369987275968207,1.1635674521286796,1.7738774598093159,1.9471274803463696,1.1064555379746834,0.6457877013822498,1.1445677937599565,0.9906859005974183,0.9990801517571932,0.5273552525452387,1.807192738224297,1.1533507899664324,0.657732558393218,0.8545949448637987,1.080331178746099,1.2326736399420584,0.9353879003114681,1.8103713164280215,2.801780969304689,0.9910185017203164,2.259751142709087,1.0568637041604272,1.280516839824722,1.5804104104784318,1.4677889018734493,0.7494505057876933,1.8791088679415378,0.8739735098568765,1.159766298213456,1.554404411289245,0.8603852357228199,0.8907038053655544,4.532946081347317,1.8336606976708856,0.9130044056408159
2024-06-14,1.3538007904102833,1.6869870121349793,2.084680488766526,1.0370732440431127,1.409315953619302,1.1311163390342238,1.159592434673249,1.7833635448720646,1.9373264812293358,1.0889647151898734,0.638505819085477,1.1472275119647362,1.0011284669677438,0.9767706338389262,0.5216911623501076,1.8007447630684768,1.1379801057716583,0.6482878458759663,0.8525895984716004,1.0606108602593884,1.236571451776674,0.9351922579025106,1.8103713164280215,2.841606106556104,0.9988745565374327,2.248334099805209,1.0519978383172626,1.293127847892065,1.5644250134537723,1.4821119441655015,0.7414677874802377,1.856240292239365,0.875501187622451,1.1519432704266488,1.5578546969522147,0.8642314320764757,0.8868728391380654,4.436046524954425,1.799296801090429,0.9100401490720332
2024-06-17,1.340576793028501,1.6759292718814771,2.0962154704670444,1.0263748962045343,1.429548687899332,1.1294355392872057,1.1563400914781121,1.7997003157037375,1.9427716285019847,1.0909081487341772,0.6305851772366629,1.1472275119647362,0.9940910626733567,0.9825905158031847,0.5196044042536809,1.8054341181429152,1.1105323691639795,0.6503537880003594,0.8639530918704678,1.022456292299802,1.1897979328886454,0.9283401920278497,1.8129292792536338,2.828689756994288,0.9952831673798201,2.252139780773168,1.047456403143333,1.2892475498772102,1.555352120695164,1.4649865964701152,0.7399326709696595,1.8309214674661511,0.8743129845891908,1.1336894592906797,1.568205993076374,0.8753853192003185,0.9089010120580809,4.472868687637969,1.8515301656283645,0.9034139582252579
2024-06-18,1.346858234675015,1.674311107761984,2.1019825855482805,1.0340642092814714,1.4372232761547004,1.1294355392872057,1.1650127123567497,1.808922844737163,1.955294868788175,1.0967383702531646,0.6309684095643867,1.1560930587125073,1.0149762647514553,0.9855004271739232,0.5216911623501076,1.8183302475401033,1.1138260680368575,0.6459266504317742,0.8652898533083436,1.0250284303274704,1.1936958190990474,0.9353879003114681,1.8373299648800145,2.8588281250898726,0.9961811428635305,2.290195661161273,1.0542686549367881,1.2979784180059613,1.5596723698873274,1.476507333358833,0.7236603328761204,1.8517483975376063,0.8683721353035309,1.1734566366570782,1.582007574863503,0.8723082915730289,0.9067939923441574,4.533915000012939,1.872148537151033,0.908122025493493
2024-06-19,1.3448744887365878,1.6640622519580208,2.1131322161156625,1.0327269285639098,1.4421070469472335,1.1285951394136968,1.1682649672593683,1.8260504446562127,1.9531169428659827,1.0999774525316455,0.6328846882205109,1.1507738932051894,1.0226948401359264,0.9893803484834289,0.5221383117974098,1.8318121657648068,1.1088854861820365,0.6488780754774977,0.8612793239122546,1.0318877444128225,1.1839512523246152,0.950853788541652,1.8353623751611878,2.8921957449144213,0.9950585709534467,2.3031346512003137,1.055890610217843,1.303152254076609,1.5596723698873274,1.4889620451843677,0.7356343634821163,1.8627742066366326,0.8721064402993084,1.177042131334301,1.5877583803198903,0.8750006760501646,0.902196879715952,4.578488807784179,1.9147598159149513,0.9130044056408159
2024-06-20,1.3554538279272716,1.6718837957126753,2.128127278980411,1.0327269285639098,1.451525656465729,1.1386794247058472,1.1693491110885867,1.8365902708380328,1.9645515526582447,1.112285838607595,0.6381225867577531,1.1747112215970852,1.027234986899729,0.9990801517571932,0.5309325391371809,1.8787066119369293,1.0910188152036546,0.6555188857196503,0.8662924856573659,1.0464636820898574,1.1859001954298163,0.9661239368828539,1.8516950291245722,2.926639453304938,0.9950585709534467,2.3084622793034355,1.0678929604585763,1.3212606012857449,1.5886194381261398,1.5057758776043733,0.773091478100307,1.8946270704953778,0.8794050226335841,1.199533395946436,1.612486196057861,0.8896160575905384,0.9138813735545751,4.704457698722046,1.9202579587892772,0.9191073168960409
2024-06-21,1.3422298305454892,1.681862715973136,2.135432604557496,1.031723916976696,1.4291998623443825,1.1344776306142852,1.1556175055103362,1.8015448859101855,1.9601955678269927,1.105807753164557,0.6419551050641665,1.163185685742293,1.0201975826053422,0.9884103977674432,0.5270571377447831,1.8452942630750582,1.1087009188180685,0.6534528743357406,0.8569345020390043,1.0563239984647204,1.1556923954328506,0.9680814332526979,1.8536627390823208,2.941708308675709,0.9952831673798201,2.268123594374023,1.0834637509632155,1.3167335342429938,1.5618326264316467,1.4939439108849375,0.774319599421882,1.856853010367455,0.8751616299498162,1.1891026922306929,1.5975344092659294,0.8888468300772016,0.898365913488463,4.5852718299689705,1.910636208759207,0.9126556094054967
2024-06-24,1.3299976556739,1.6826719956430902,2.148889644810907,1.0310553787160002,1.4480371878929947,1.147083012888971,1.1624832200069433,1.8199901049764435,1.966729478580437,1.1174682753164558,0.6363340522108702,1.1534334759588483,1.0088469036773184,0.9932602105701531,0.5656622990489633,1.8505701233192038,1.114192183669418,0.655814000520416,0.8586054742598878,1.0606108602593884,1.1761557030311702,0.9788488817871441,1.8660597326523642,2.953548569671558,0.9959566489926029,2.252901102825058,1.0844368449057997,1.3348418024139983,1.580842540956238,1.5079554379016087,0.7979606185896833,1.876454628870994,0.8751616299498162,1.1904065301951607,1.600984694928899,0.8861545043870365,0.8910869956778662,4.566860896508558,1.9243817338169948,0.9116093911766827
2024-06-25,1.3167736582921175,1.6923811121001868,2.1588864160155765,1.0283808172808768,1.4382697528195487,1.147083012888971,1.1527267201766416,1.8102403028849647,1.9683630892556652,1.1006253164556963,0.6254751008203318,1.1516604207897423,1.0158843079717057,0.9656158452684018,0.5544831988123099,1.8171579535428808,1.104856939494712,0.6460742424619154,0.8779901898392406,1.0537516509283749,1.1274334641653,0.9866796471067149,1.8650759377929509,2.926639453304938,0.9939363067097003,2.1897285644107614,1.0785978851200508,1.3290211182773228,1.5734980381606178,1.4948779809699753,0.7801530702751909,1.8560361775515988,0.8732944774519273,1.1917103681596286,1.5969593616554345,0.8815391980939853,0.8746137354989051,4.515504066552527,1.9175088873521142,0.913527514755223
2024-06-26,1.3270222890613623,1.693190391770141,2.1461981991833223,1.0283808172808768,1.436176692978232,1.1521251042160505,1.1559788867867422,1.8131390972087051,1.962373626736052,1.1019208860759493,0.6252195345901793,1.1534334759588483,1.0074848388469433,0.9646457761068531,0.5564208767551275,1.8230196026145415,1.0938742085189883,0.6485828914172153,0.8679637029607105,1.0468925463516996,1.1469223745868053,0.9896161353615417,1.8518917400008859,2.965388501990386,0.9921406634086168,2.2216952623209822,1.0756784052271762,1.3083260111091255,1.5683132641163666,1.4870937147178502,0.7718633567787321,1.85481111536021,0.8666747616419596,1.178997928097712,1.604435200159494,0.8750006760501646,0.8671433982000831,4.473837606303591,1.9216324945078584,0.9184098949025459
2024-06-27,1.3415687164567354,1.662444219578666,2.163499920196054,1.0247032442585398,1.4633862578921117,1.1420409215618916,1.102859547440806,1.8163004815653268,1.9895984321912266,1.1174682753164558,0.6238143103826902,1.1392482218992765,0.9981773958393787,0.968040722058366,0.5380871123210651,1.836501520839245,1.0800361513189387,0.6422373344948616,0.883337644061513,1.0297441563839809,1.1556923954328506,0.9749334991273588,1.86074673540806,2.9363265511377894,0.9824885550686336,2.2369175215470753,1.0604319463592116,1.2979784180059613,1.5592403713577585,1.4836687593566382,0.77585471593246,1.848889669714505,0.8486827667099449,1.1636778917402786,1.612486196057861,0.8703853109701426,0.8525748468351314,4.406008271743828,1.92300703022644,0.9025421381141034
2024-06-28,1.3243775299522225,1.6662200236842422,2.179263806481959,1.0230314902144602,1.4574560104347303,1.1336373333787677,1.1053889514980946,1.8020718369694246,1.981430910762554,1.1045121044303798,0.6263693485908558,1.130382539700385,1.0018094993829314,0.9622208993168889,0.5354042156372522,1.8277087786034318,1.0791575274736003,0.631907277575313,0.8739795787489978,1.02031270427096,1.14399903430479,0.9796319388230964,1.8701922241609412,2.9040356772332494,0.9753057767534085,2.180595023016808,1.0464831111356272,1.3089727010988907,1.5467112264661247,1.4839801794837981,0.7337921580721601,1.8421516406294716,0.8451182405504849,1.1666114276185577,1.573956688748949,0.8730775778733366,0.8376309516587619,4.4263567467727665,1.9463744731862713,0.9069013239084477
2024-07-01,1.3171042657955152,1.65920789133968,2.1973347266848706,1.027377703595578,1.4874561797882062,1.1311163390342238,1.102859547440806,1.8205168950362758,1.947672061567068,1.1032164556962025,0.6231755118248139,1.1427946031397298,1.0049877199912551,0.9631908500328745,0.5322740784926122,1.8464667361578289,1.083770168479611,0.6329402832672678,0.8602766098690786,1.0263144993413047,1.1517945835982353,0.9524199026135565,1.8831797110766921,2.9438614718387064,0.9753057767534085,2.195056192513883,1.0532954619616428,1.3115596981723459,1.5817066699636133,1.4821119441655015,0.732871078794776,1.8854387923393028,0.8418932720636597,1.172804677858135,1.5992595520974142,0.8803852686435237,0.8468271092624078,4.387597042520697,1.8872685979274022,0.9126556094054967
2024-07-02,1.3270222890613623,1.6298102112044723,2.2065622986993603,1.0176823673442135,1.470363088525961,1.1277548421781793,1.0865983612202308,1.8152470624450694,1.9465830321125384,1.0954428006329113,0.6215147603930072,1.109991321646701,1.0136142692585282,0.949611066226823,0.52556665475603,1.8587765394708577,1.0530187364388104,0.6283655536685415,0.849915912207541,1.007880354622767,1.1459479030342048,0.9381287461573374,1.9075805169419948,2.9298683763568816,0.9670004265280993,2.1699395344876913,1.0464831111356272,1.3025054850487123,1.5393664597740293,1.4600048259177665,0.7221252163655424,1.9040194633392191,0.8362919804506347,1.1640038313230407,1.5797072746377108,0.8723082915730289,0.8422290597385733,4.32364397414886,1.7883005153417777,0.9014959198852893
2024-07-03,1.326361074054567,1.6209101109370532,2.1923366229093033,1.0170137269854325,1.5219914008908846,1.1269144423046704,1.0865983612202308,1.8057608163829135,1.9438605249696475,1.1161726265822784,0.6299464566904563,1.1286094168057186,1.0354075145568773,0.9525210368203431,0.5368947441327676,1.884568440094138,1.0815736088662646,0.6243809844118299,0.859942480780225,1.0323163991659878,1.1576412641622653,0.9496791542477115,1.8995124852789984,2.980458014715199,0.9656535658579793,2.198100783752825,1.0578368971355723,1.3225539812652756,1.5609684974242715,1.4780642436981906,0.6932647167224384,1.947919083800613,0.8515682604644559,1.1829093623576972,1.6067355003852863,0.8876930182006815,0.8351401560727584,4.416666968591109,1.799296801090429,0.9292207881874341
2024-07-04,1.3230550999386317,1.6325073270571453,2.2300161101574405,1.0287150864112247,1.5652476869137801,1.1319565336317499,1.0916573459198438,1.8215709581541615,1.9509390169437903,1.1258897943037975,0.6732543621200295,1.134815448525391,1.047212215095026,0.9515510861043575,0.5355532502840987,1.9097741937188073,1.0881632206152956,0.6282179616384004,0.8586054742598878,1.0413191965258433,1.172257965572341,0.9528113823915203,1.9296194696633893,3.0235124036955785,0.9732854344705058,2.194295102784866,1.0451856855563684,1.3290211182773228,1.5968282018773727,1.4976802863733094,0.6895804464680887,1.9634371616661894,0.8605642994006235,1.1972516596002625,1.6469900407418707,0.8976929758740624,0.8324579995545062,4.475775443634835,1.803420576118147,0.9344519645700763
2024-07-05,1.3402461855251033,1.6257647350356705,2.200795183618124,1.039747805478236,1.5387358796214194,1.1252338478336352,1.0920187271962498,1.7749313619277942,1.95202804639832,1.1012730221518987,0.6751707187878234,1.1578663847838546,1.0533415068317147,0.9568859927106231,0.5269081030979366,1.9039121864760504,1.1257240545484786,0.630726679853217,0.8632845886102991,1.0734720741694237,1.1654367390799238,0.9569226999003364,1.8977414861975637,3.0547268603571305,0.9717143875957958,2.2490954218570987,1.055890610217843,1.3186736042122897,1.5618326264316467,1.4677889018734493,0.6975630710651692,1.9726254398222647,0.856490685553173,1.2093122204966544,1.6757432995371184,0.8934622539441942,0.8497009780487695,4.40116308689028,1.8171661011759348,0.9170149656769844
2024-07-08,1.3316506931908882,1.6241464391760392,2.180033193556651,1.0343984784118194,1.549201072316384,1.1462426130154622,1.0909346716595496,1.7730869527207533,1.956384031229572,1.0980340189873419,0.6783645945597002,1.148114039549289,1.0540225392469023,0.9530060121783359,0.5345098712358854,1.9308767392676494,1.1323134650244846,0.6324975071768443,0.8719742323567995,1.072185900401251,1.1878491385350172,0.9451763569609316,1.8680274426101129,2.9944504528429823,0.9759790532552995,2.261273554489994,1.0597831840533016,1.323200671255041,1.5497356120178192,1.480555033826144,0.6978701131093599,1.9575157160204844,0.8507195321635099,1.192362326958572,1.6970209393959321,0.8900007007406923,0.874607645677316,4.469961635878384,1.8817704550530765,0.9077733144967455
2024-07-09,1.3346261607214671,1.6106615186133666,2.179263806481959,1.0310553787160002,1.5122239658174388,1.1353180304877943,1.0912961412284738,1.764127818717244,1.9574730606841018,1.1006253164556963,0.6885847473923624,1.1277228214956052,1.0553846734147259,0.9365164354471089,0.5330193427403699,1.8910164152499582,1.1443946770799067,0.6267422491155387,0.866626778134527,1.0991940829721403,1.180053514865786,0.9316682575406647,1.7877415096441536,2.9320215395198783,0.9809174056384778,2.209517362010959,1.075353974557941,1.3270812063842892,1.5320218250301716,1.480243613698984,0.6846680080369766,1.9440396578504167,0.8412143225990312,1.1897546510296362,1.663091922754792,0.8800006842803405,0.8449113333687792,4.3381789371840656,1.87902121574394,0.909865665715802
2024-07-10,1.3418991221240504,1.6287315229515693,2.1784949830608022,1.0384104226625894,1.5317590489875699,1.1344776306142852,1.087682416756931,1.7667632180110684,1.9574730606841018,1.1213551424050634,0.6975273811209419,1.1560930587125073,1.0687783802508644,0.949611066226823,0.5479248097225744,1.8916027413341174,1.170753124076031,0.6376625356366186,0.8769875574902184,1.1219154037483616,1.1781046461363713,0.9426313484840686,1.7893157978492744,3.007367131081819,0.989447044623823,2.259751142709087,1.0841125132691252,1.336135182393529,1.5583765062468584,1.5042191575614576,0.684360965992786,1.9560865391413294,0.8495314120705703,1.2011632531270848,1.6705678710426641,0.8923084420676741,0.8445280845004906,4.40116308689028,1.872148537151033,0.9109118839446161
2024-07-11,1.3458665130828635,1.631698310867468,2.1646535310968127,1.0497775129580338,1.5530382599324482,1.1336373333787677,1.087682416756931,1.763864584686735,1.9291589598006633,1.1388459651898735,0.6968886215689005,1.1880099480721038,1.0878476345633588,0.9583409187846017,0.5513530161609076,1.915635842790468,1.2015045561168314,0.6379576504373843,0.8682978320495641,1.1639282835037896,1.196619085005276,0.9373455916413609,1.7780994302538802,3.019206734723626,0.9889981594374136,2.3099846910843427,1.08832961680638,1.3406623284744115,1.55405599315822,1.530062556149344,0.7012474350298942,1.955269706325473,0.8642985214560803,1.223328498523039,1.7004712250589018,0.8969237483607253,0.8531495737476223,4.391473604471341,1.8693992978418967,0.9154455530951915
2024-07-12,1.3590903086285633,1.6532743155078826,2.1627310967748965,1.0641534338189493,1.5519917832675998,1.1437215160329266,1.0963549493430507,1.768343910189379,1.9471274803463696,1.1530976265822785,0.702637457537273,1.1755978846327588,1.0792210159586377,0.9719207025906532,0.5455398913189298,1.896878243407167,1.1608684716339552,0.6438605697883477,0.8719742323567995,1.139920893713734,1.1956446134526757,0.9381287461573374,1.7847898845880696,2.965388501990386,0.9952831673798201,2.3564127908145114,1.093195482649545,1.3484229245041206,1.5626968873872593,1.5244578501944543,0.7107652229927401,1.9534319260059942,0.862091977166198,1.2184390862479297,1.6993211298379118,0.8938467795204065,0.8588972527643691,4.360465249544248,1.854279069193554,0.9171892785560722
2024-07-15,1.364710535268282,1.6322375232537811,2.1588864160155765,1.0554609049586283,1.5750152284988455,1.1269144423046704,1.0826235203498362,1.7491085060333726,1.9275256150991693,1.1349590981012658,0.683794050752052,1.1578663847838546,1.0549307211420489,0.9539760221171031,0.532870262586761,1.8921887092471807,1.1367067184331943,0.6314645014848894,0.8622818745671231,1.1137699158948366,1.182002532346773,0.9257951835509868,1.768654061739921,2.9363265511377894,0.9889981594374136,2.282584299225354,1.0785978851200508,1.3309611882466188,1.571337649668061,1.5132486285811173,0.704010672862047,1.9246421540346441,0.8446089869818532,1.1874729146834628,1.69069508632905,0.8938467795204065,0.8556402522216723,4.3556206562161375,1.8336606976708856,0.9053320818037982
2024-07-16,1.3597516245533998,1.631698310867468,2.1396618849119062,1.0661593548952917,1.5861781788153289,1.1302759391607147,1.0847915431307185,1.7496354570926118,1.9318815999304213,1.1343112341772152,0.6786838963240511,1.180030793457765,1.0492553123405888,0.9622208993168889,0.5288457355339918,1.9150500539629527,1.0949725554166698,0.6313169094547483,0.86495572421949,1.0601822055062233,1.1975935565578768,0.9042605789221673,1.7576342847819189,2.966464919233374,0.9896715384947506,2.354129289304587,1.0760027368638507,1.3225539812652756,1.5687453945941732,1.5048416172228936,0.7288797664962356,1.8725750782325337,0.8418932720636597,1.1897546510296362,1.6820691526040006,0.8861545043870365,0.8928086585083357,4.446705517564424,1.8515301656283645,0.8842332338712853
2024-07-17,1.3458665130828635,1.6511165437816613,2.15196550214907,1.0751862549840456,1.609550449601524,1.1479233101244886,1.1046661889452822,1.7567498598902662,1.9013897061116576,1.1245942246835443,0.6956111024648177,1.180030793457765,1.0596978787109141,0.9437911842625645,0.5342117109286674,1.9250149111104404,1.113093970953753,0.6432704094463332,0.8686320428325716,1.080331178746099,1.213184729520553,0.8907523820218761,1.7816415486556718,2.9696938422853174,1.001343784006745,2.345757302285395,1.0854100378809448,1.3445426264892661,1.5907795627222214,1.5007941070520245,0.716291698657046,1.872370838856504,0.8515682604644559,1.1969257200175003,1.690120038718555,0.8730775778733366,0.881313359030819,4.333333752330518,1.87902121574394,0.8842332338712853
2024-07-18,1.3250386440409763,1.6352044429098183,2.1796484060770496,1.086218769854887,1.5948992437355456,1.1638900866172273,1.1057502444819824,1.7483181599442172,1.8910441257739254,1.1200595727848102,0.7039149766413558,1.2013085390960019,1.0680974171731248,0.9486411747336189,0.5345098712358854,1.9713228521128559,1.1295679667808265,0.6468120640935879,0.8686320428325716,1.0996228424796441,1.226826959378028,0.8950594394196741,1.8064356560346801,2.9890686953050625,1.0134649147051484,2.3632628306985404,1.1032515459725487,1.3542436086407963,1.5778184193010187,1.5163624492598324,0.7423889136128096,1.841334807813615,0.8571695520774809,1.2151795311534694,1.7021964776741991,0.8788467548298786,0.8880190138283452,4.211240536055139,1.852904701346946,0.8725504352366709
2024-07-19,1.3260305674692106,1.6325073270571453,2.148120633505238,1.089896444975309,1.5952479627788754,1.158007595416639,1.1003299667984816,1.7393588649413008,1.8894106480855644,1.1116379746835443,0.6972079233332514,1.2092875582592202,1.060832932736227,0.9287564743825344,0.5227345413983209,1.9666336761239656,1.1136430437660814,0.6479926618156839,0.8576029236050192,1.0833320762812713,1.2141592010731534,0.8793977138204839,1.7997453219394128,2.9847626976560893,1.0089756526192712,2.434046498725883,1.0990344424352938,1.353596602498506,1.566153139520285,1.499237291860888,0.7193619785333896,1.8047859345653448,0.8454577152827991,1.1992074563636737,1.7004712250589018,0.8726929935101535,0.8776731681758104,4.322674759720519,1.791049418906967,0.8572058728012071
2024-07-22,1.3276835040681576,1.6532743155078826,2.1477358460256366,1.090564983236005,1.6105969262663726,1.1739742692713862,1.1017752270265517,1.7591215421553605,1.912279601696354,1.1213551424050634,0.7000823413174376,1.2119472764639998,1.0749078106624494,0.9350614501503489,0.5224364721046277,1.9848053075942031,1.116937883186101,0.6533053515651162,0.8786585297111017,1.0781876954715957,1.2209802788139978,0.8746992741247464,1.8017129116582395,3.007367131081819,1.0069555154472603,2.4355686781839183,1.1006563977163488,1.3684715787969464,1.5778184193010187,1.526326275809193,0.7239673280651235,1.8105030161467561,0.8503800574311956,1.200511214694723,1.6958707343911297,0.8823083668203514,0.8870609794915889,4.29554296674407,1.7869258117512228,0.8621752815302165
2024-07-23,1.3283446181569116,1.6438347393738735,2.1123635805790166,1.0895619716487912,1.608155147381726,1.1706128750533333,1.0909346716595496,1.7551690067125485,1.912279601696354,1.123298575949367,0.7042343564173765,1.2092875582592202,1.0771779187130746,0.9268165137277815,0.5123007509161877,1.9930117237458571,1.1059552193013853,0.6505013800305005,0.8779901898392406,1.0717571408937472,1.2229291475434123,0.8553180032347771,1.7735736372315973,3.0504215200621987,0.9977521897382405,2.4781913292689994,1.0941685765921292,1.3671781988174156,1.5652888785646724,1.5191647546631668,0.7359413586711193,1.7698702281957321,0.8473248677806878,1.2086601820642926,1.711397568793556,0.8842314649971794,0.888976931053148,4.457364805937141,1.8199151726130978,0.8495334637256177
2024-07-24,1.333303629789835,1.6470711993529978,2.1254360212373378,1.0939082871279942,1.593503728492508,1.1739742692713862,1.0912961412284738,1.7470003797976015,1.8959446918258758,1.1239463607594937,0.709983192385749,1.2128339394996734,1.0846692752801388,0.9277865828893302,0.510213992819761,1.9783573324383832,1.104856939494712,0.6630450403641001,0.8783243189280943,1.066184000576568,1.2053891058513215,0.8700009319090332,1.7830188855066347,3.0794834709147954,0.9869779197099567,2.4789526513208893,1.101954021360729,1.349069614493886,1.5583765062468584,1.507021367816571,0.7454591466339655,1.7696659888197022,0.8474946466170054,1.2050747670204887,1.7154230118508331,0.8738468053866736,0.8719254306030867,4.301356774500522,1.7951731939346849,0.8609547504223145
2024-07-25,1.3124758616659893,1.6263042109022605,2.1238979986260005,1.0885589600615775,1.5900153664313932,1.183218257328019,1.1010526410587755,1.741730708205802,1.9509390169437903,1.1181160601265823,0.7186064463383077,1.1968756302709957,1.09329589388486,0.9214817255670789,0.506934775521512,1.9818745726011469,1.108151778914732,0.6462217652325398,0.8799954545372851,1.0687563481129134,1.1956446134526757,0.8868370968421151,1.7847898845880696,2.773795764372101,1.0484818563520228,2.4606855685329823,1.1298514937427762,1.3917536830385988,1.5592403713577585,1.5207215698543033,0.7325640836057729,1.7653782088057097,0.8593761793076838,1.1753406837102356,1.7436013328193987,0.8773084173771464,0.8736497284525131,4.176357097990995,1.7937986582161034,0.8675808560305182
2024-07-26,1.3128065700874283,1.6424863790577444,2.1373550388794116,1.0935740179976463,1.6144342203940567,1.1958235369647134,1.1223727236864458,1.7527976464462685,1.9645515526582447,1.129776661392405,0.7166902456938533,1.2172669837758001,1.1057815575007481,0.9287564743825344,0.5105120621134542,2.121385258949196,1.1114465512437433,0.6620120346721452,0.8873482551517559,1.0747579336745812,1.2161079954267817,0.9318640949096711,1.7887255449814108,2.8190026591614363,1.064194376208039,2.4789526513208893,1.1444490912722702,1.3872265369577164,1.5618326264316467,1.5341104469130968,0.7565120979625771,1.7706869363233246,0.8709183202063688,1.1952285725980452,1.7441763804298938,0.8826929511835345,0.8926171219081566,4.281008003708864,1.8377844726986032,0.8783046354951483
2024-07-29,1.3230550999386317,1.667298975417422,2.1312033242030854,1.1062782869125671,1.6238529364241725,1.1916217428731515,1.1252635090201402,1.7654455988638595,1.9934098358017802,1.1336634493670885,0.7205228030061017,1.2146072655710207,1.1112298861596976,0.9360314008663345,0.5187100598523142,2.177072089186036,1.1240766348384688,0.6040159161139815,0.8926957910681821,1.0880478023377815,1.226826959378028,0.9160066294214989,1.782822054391399,2.8190026591614363,1.0628475155379191,2.4766686851652207,1.1311492164197174,1.3975740510227495,1.570041522131117,1.5353558419770734,0.7878287465384559,1.7455724756144044,0.8648076920843915,1.2118561896906257,1.7568277572122202,0.8900007007406923,0.8926171219081566,4.26162815158283,1.811667958301609,0.8700220887234654
2024-07-30,1.3409075014499399,1.6454530352335048,2.127358455559254,1.1089528483476905,1.6329228268993392,1.1983445313092573,1.1147842466370264,1.7836269399019806,2.0081115339576314,1.1440284810126582,0.7141352074856878,1.2305654393485776,1.1123650095224586,0.9699807419359003,0.5084253495237899,2.1495217475669213,1.1246257076507968,0.6127227377400439,0.9147541112174405,1.0889052165984507,1.1556923954328506,0.8915355365378527,1.7775090571470944,2.843759269719101,1.0626232267778832,2.5215746054373542,1.1223905786759723,1.3975740510227495,1.6633627047910866,1.552169674397079,0.7951972870471552,1.7012643764009505,0.8208460045408167,1.2173985959991216,1.716573107071823,0.8892314144403846,0.8951078003822066,4.309109011113653,1.852904701346946,0.860606039425567
2024-07-31,1.3481806646886059,1.6678381878037352,2.183877874315971,1.1086185792173426,1.6311785926129718,1.1933024399821779,1.092741401456544,1.855035328904884,1.9999440125289587,1.1569844936708862,0.7173290052458947,1.2208130941140123,1.1191753336743349,0.9855004271739232,0.5210949327491964,2.1577283428041234,1.134510024637831,0.6165597149666144,0.9204358579168742,1.1021949805073128,1.141075694022775,0.9201178494502906,1.8058454031668167,2.8534466962289735,1.0720506361360471,2.498741448921087,1.134068597280031,1.3865796888916886,1.657314197584173,1.5574630553730295,0.8080925843512857,1.755168983146012,0.8211853963328103,1.226201513003102,1.7131229311926661,0.8911545126172123,0.8968320982316329,4.356589870644478,1.87902121574394,0.8763865971551797
2024-08-01,1.3402461855251033,1.6872568159383434,2.1723430804999646,1.103603623379359,1.555131319773765,1.1949831370912045,1.102859547440806,1.7351430954679796,1.9548473679804461,1.1336634493670885,0.7658748092127101,1.2225862847342388,1.1123650095224586,0.9602808794393545,0.49724620378037415,1.9836328345114327,1.134510024637831,0.6048703015123024,0.91174613247622,1.1099116040989954,1.1293823328947146,0.9087632787289228,1.7863641727931905,2.808238815408576,1.073397599361613,2.520813748031209,1.1613173073561682,1.395633822977191,1.5583765062468584,1.526326275809193,0.8133118774058382,1.6955472948195394,0.8147353764188393,1.2239192988564163,1.615073690737463,0.8688467971564977,0.8795890026254157,4.66182202404477,1.825413483359397,0.8725504352366709
2024-08-02,1.3085087734613001,1.7004723279180671,2.135432604557496,1.0922367372800845,1.4588513126545284,1.1907813429996426,1.129238438183053,1.6766462149119907,1.9423231967861863,1.1083989715189873,0.7578903148121927,1.213720602535347,1.1316610666276712,0.9258466222345774,0.48099928845626316,1.9086018997215846,1.1630651654293185,0.6125455026367445,0.9013853531205288,1.1373487556860655,1.1303567300715287,0.8784189168955497,1.7505501682172577,2.739351727304564,1.0877632585475092,2.413496379073796,1.1931075516387957,1.3852863089121579,1.4883856192518812,1.4877164598239492,0.7598894198831113,1.654097798740923,0.8079459647128747,1.2441332069604067,1.5914919082194152,0.8461544973326,0.8705842059540185,4.49515529576087,1.7663074402285543,0.8630472721185144
2024-08-05,1.3052029002634062,1.6799748797904173,2.0712236363976264,1.073514500939966,1.4386185783744982,1.1319565336317499,1.1180363249546088,1.6489787888111211,1.8878706601647615,1.092851582278481,0.7454345035473856,1.1773710752529853,1.0937498461575372,0.9117818038477515,0.4751860726007606,1.8898441212527357,1.1015621671657008,0.6118075424860385,0.8749822110980201,1.0713283813862435,1.1147657058604252,0.8590377434856049,1.6962390888438779,2.6101877386708727,1.066887892437387,2.3655460998855924,1.1976491848778468,1.3613575146807402,1.4836329756854365,1.4419453129891213,0.7368624379485037,1.5995805985560352,0.8008169953342752,1.209899994760121,1.5690603307061701,0.8269237507122041,0.8703926693538395,4.300387560072181,1.7498128437336036,0.8607804375432266
2024-08-06,1.302888748657664,1.6732322877689425,2.0827580544446103,1.0705055682764097,1.4525722396421976,1.1512847043425416,1.0996072925381875,1.654775894460381,1.878613843307825,1.1012730221518987,0.7444763642193236,1.180030793457765,1.097382088375986,0.9059619218834929,0.4686277745245499,1.8933611823299514,1.1108974113404066,0.6106266677258756,0.8779901898392406,1.0610396197668923,1.1011234760029498,0.8586461662276167,1.695058462869229,2.655394962137229,1.0756421278491057,2.38305186062161,1.1947295069198507,1.3581237485793884,1.4840652381114803,1.4503522291991242,0.7577401724289645,1.6055019195134763,0.8038722679251036,1.203705390752426,1.586315272103022,0.8334622139690541,0.8721170257592427,4.5397291035321095,1.7264452329017987,0.8566826784482284
2024-08-07,1.3048722927600085,1.711260527848482,2.130434312897417,1.1009289598461505,1.4982704110613596,1.1336373333787677,1.1093638806610073,1.6879767091817803,1.9123742883457158,1.1148770569620252,0.753418997947903,1.2030817297162286,1.1078247934212075,0.9248766715185918,0.47980682925444085,1.961357994965368,1.1114465512437433,0.6233204134322183,0.8936985051113581,1.0846182500494441,1.1206123864244555,0.8617785893314742,1.7208368460633385,2.6952205924041754,1.0875388672320274,2.4393741268290055,1.2132198763499251,1.3749387948471248,1.525541055397214,1.4892733701633067,0.7733984732893101,1.650626726854523,0.8167723077530455,1.2219631039259116,1.6392307404336306,0.8442315167297137,0.8816965493431308,4.648256275437904,1.7511872115802116,0.8584264891476807
2024-08-08,1.3131372785088673,1.7030037146766814,2.13389476983067,1.0999260503570216,1.4930377082022575,1.121872350977591,1.1274317083860588,1.68534163188677,1.9042065009433091,1.1181160601265823,0.7521414008321505,1.1888966111077774,1.1105488537445098,0.9234216269990502,0.4726522105637942,1.9253600089614409,1.0629031205168529,0.6208112796603015,0.8896878123269616,1.07947376448543,1.1215867092254832,0.8700009319090332,1.69745807103463,2.6909152521092436,1.073259046954293,2.4112131098867438,1.2119222527055449,1.3768790228926833,1.5145010783139838,1.48802797509933,0.7528277808530399,1.6465430615282965,0.816093358288417,1.2157684999182166,1.6415314797946736,0.8473083679960909,0.8686683715044131,4.620155563795834,1.9395017945933641,0.8597341340758409
2024-08-09,1.3081782668759439,1.7127134898344698,2.134663593251827,1.1049410061950056,1.5226891585124034,1.1277548421781793,1.1314065492564533,1.6929831467430707,1.9118297071250174,1.123298575949367,0.7447956659836745,1.1871232850364302,1.111002806017187,0.9161467597380316,0.47160883151558086,1.9523292179772878,1.0872846638609655,0.616973540579047,0.8940327158943655,1.0846182500494441,1.1303567300715287,0.8715669485009132,1.7072980636904367,2.6532424563282735,1.0618103723142138,2.426435369112837,1.2229515090036938,1.3749387948471248,1.5456122295960029,1.5023508270949402,0.7703282402681542,1.6543019134286892,0.8237314982953275,1.2141384038373115,1.6380805354288281,0.863077502626014,0.8711591085344399,4.699612809631217,1.9876113841035816,0.8569442756247178
2024-08-12,1.3187574042305448,1.7235023484655765,2.1523499138596485,1.114970713674803,1.535596343115254,1.1378390248323382,1.1361042409721782,1.6966724481553737,1.9227202676440491,1.1291287183544303,0.7384080704632606,1.195102439650769,1.1105488537445098,0.9234216269990502,0.47354655496516096,1.9617097189816444,1.0859667280929575,0.616973540579047,0.9017196455976899,1.0777589359640918,1.1284079357179004,0.8741120544578005,1.7303246589167471,2.740427980209042,1.0582187780457095,2.4599244788039645,1.210624827126286,1.3801126309177727,1.5598712158812371,1.5076441129226699,0.739011638547463,1.675333082876174,0.8322183666031842,1.2245712576553596,1.633479166490555,0.8676929852799776,0.8518085247664846,4.716085609997667,2.0123533627819943,0.8617395419517826
2024-08-13,1.3194185183192988,1.7423825546547018,2.1385082740111474,1.119985567414702,1.5296659891462527,1.1412005216883827,1.150919725502093,1.7008882176286948,1.9216312381895195,1.1271853639240506,0.7326592344948881,1.2154937931555736,1.1196294939593563,0.9200267402703188,0.47697480691025645,1.9769533017420458,1.1037586596880389,0.6206635491111269,0.9214384085717428,1.0957644259294643,1.1342545419061443,0.8737203797197878,1.7200907635526248,2.7361224755755997,1.0609124993859493,2.416540737989866,1.2154905939368899,1.3891666069270125,1.5810440259148977,1.5213443149604022,0.7469942631445435,1.6555271003083416,0.8374801005435742,1.235330369589845,1.6363550632459056,0.8765391310768386,0.8548738715970486,4.76744214419098,2.017851673528294,0.8594726221379232
2024-08-14,1.339915678939747,1.739955242605393,2.158501816420486,1.1387077016567355,1.5460615358102185,1.1487637099979975,1.1545333616811178,1.7122187118984844,1.9330663799292496,1.1349590981012658,0.739046830015302,1.2367715387938105,1.1223535542826586,0.920996631763523,0.47980682925444085,1.9951277985810514,1.114192183669418,0.6245011496733479,0.9391520702360585,1.1090541898383264,1.1293823328947146,0.8606038575575093,1.7200907635526248,2.7328933881851456,1.0656266655645374,2.488846817798116,1.2125711140440152,1.4014541909613416,1.5849328043704423,1.5313080463615416,0.7549769345968116,1.6465430615282965,0.8384985247405171,1.2402208170993974,1.6484334783101768,0.8769237742269924,0.8546823349968696,4.836240988941801,2.0013569091613697,0.8462204109215159
2024-08-15,1.3438828680624775,1.7755581467376993,2.157549054062547,1.140713724831163,1.5891770134716963,1.156326795669621,1.153557641064073,1.7282304249273452,1.9357890200590075,1.152449920886076,0.7476700839678607,1.2465237485772553,1.1148621283781466,0.9384563368790803,0.4880047814865385,2.0279599102673953,1.1010129601713556,0.6311432758463184,1.0003138689387228,1.1039098090286508,1.1537435267034362,0.8558537534488433,1.7454787309671556,2.754420747013846,1.0707899220404267,2.5200526583021916,1.2168532819737268,1.4008078171241012,1.6436980631120295,1.5630675710314772,0.7767757952098442,1.6681864503508166,0.8556418743119064,1.2411988747479403,1.6817932658828907,0.8865391475371903,0.858322584407855,4.874031478765531,2.0425936522067065,0.8286638223123554
2024-08-16,1.3650410418536383,1.7593749246611083,2.1456290969979155,1.140713724831163,1.5930146271342398,1.1496040072335152,1.1499437400074943,1.7303383901637093,1.9232648488647477,1.1518020569620253,0.7463926428754477,1.2438641658235963,1.1155432301307822,0.9311814696180616,0.48994255044288093,2.044375966110567,1.0958511792620083,0.6305528384662369,0.9892847497111703,1.0931921831474571,1.1576412641622653,0.8558537534488433,1.7368191238081543,2.7479627365714485,1.0613613845723586,2.5048301667532265,1.2009573675719265,1.3982208990887772,1.6471549749862426,1.5580857053309074,0.7789249958088035,1.6491973005988403,0.8430814750969199,1.2310919605126545,1.6938719005147873,0.8815391980939853,0.8585140624520573,4.854651626639496,2.057713880855049,0.8270940687762759
2024-08-19,1.370000053486562,1.7599144005276983,2.163317296450852,1.1413822630918589,1.5978990369964916,1.1454022131419532,1.1557260170150276,1.748785541222852,1.9276209666828668,1.153745411392405,0.7515027192917788,1.2598226105033945,1.1209914894522834,0.9374863861630945,0.4914330789383964,2.0637232942034394,1.1021113070690374,0.6292245101949663,0.9802608134875087,1.0996228424796441,1.1556923954328506,0.8752381436995931,1.739968060935162,2.7942463772807926,1.062932841668852,2.5192913362503018,1.206796624455358,1.4053346470524586,1.64629071403063,1.5773906133235291,0.7912061621693652,1.6955472948195394,0.8425723044686089,1.2376125837365306,1.7030746383913333,0.8946161246076851,0.8608132043259282,4.8449615526951195,2.076957716659136,0.8414836182546244
2024-08-20,1.3574374729476575,1.7669269280926756,2.10179394949871,1.132689836329623,1.576965882304447,1.1319565336317499,1.1506665025603064,1.7158440965461927,1.9189084650728945,1.1433805379746835,0.7502251221760263,1.2385445939629165,1.1225805650877212,0.9282715582473231,0.4862161836973298,2.0361679381889815,1.0809147751642774,0.623025229371936,0.9692316125658026,1.0854755595557746,1.141075694022775,0.8787627289415852,1.6919472807637144,2.751191823961902,1.0600145239022387,2.470579967333081,1.2100407330825895,1.3852863089121579,1.6203648645858122,1.5649359014979947,0.7565120979625771,1.6751288435001441,0.8288236192800416,1.2242453180725974,1.678917478911353,0.8830775943336885,0.8424205963387525,4.777132218135357,2.064586559447956,0.8331987700415061
2024-08-21,1.3742979510307314,1.7531714132858085,2.0906424400862127,1.1360331402216122,1.5689415098895507,1.1445619159064355,1.153557641064073,1.7221691192511341,1.9248984595399758,1.1336634493670885,0.7476700839678607,1.2403176491320225,1.1189483228692723,0.9321514795568289,0.4939669864821252,2.031477687686803,1.0688337643818802,0.6309956145566605,0.9702342449148249,1.0588960317380505,1.1547179982560365,0.8918814931444249,1.6941121825534646,2.7210536202048283,1.0624837513715508,2.4979803591920695,1.2064721937861227,1.3898132969167778,1.6086982653227035,1.5624448259253783,0.7869076672610715,1.6877881935426193,0.8454577152827991,1.2147904422696734,1.6766168493341227,0.8884622457140183,0.8401215715768352,4.772287033281809,2.0810813238148804,0.8434022532645947
2024-08-22,1.3885135690866242,1.7555988570752556,2.082567351665413,1.1587672187144156,1.5727791235520943,1.1403601218148738,1.1542803153243673,1.723750294427666,1.9167304061638348,1.1381981012658229,0.7473507822035098,1.2553897016783884,1.1214455110624084,0.9345764155695745,0.49545751497764073,2.0220970075968987,1.0789378715122655,0.6329144494675294,0.9862767709699498,1.0614682745200574,1.1489402640459416,0.8758256558066121,1.6775805331742493,2.7468861549899497,1.075503985663569,2.531469236560325,1.2080941490671777,1.3789631003370897,1.6333278552823398,1.5394035424443844,0.8710328766920462,1.6551186215562816,0.8493617161745735,1.2170725767829405,1.6766168493341227,0.8636865356438336,0.8410794888016379,4.821706025906596,2.0879541702797613,0.8344196421036948
2024-08-23,1.3951255173184947,1.7634206643101868,2.091796238871483,1.1671253763463036,1.6080166822759445,1.1445619159064355,1.1582556859498703,1.7253316306036048,1.905295530397839,1.1420848892405064,0.7479895417555512,1.274894121245278,1.1293909585770459,0.9399113221758403,0.5035064780696541,2.0267874371846246,1.0956313891186569,0.6367521192892671,0.9832687922287292,1.0751867979364234,1.1469912465649543,0.8811123874495639,1.689782378973964,2.7490389894759257,1.0799937605266756,2.563436166793418,1.2045257088032717,1.386077796758346,1.6540685348381943,1.5443854081449542,0.916472662762505,1.6788040300743108,0.8592064004713664,1.2229411615744545,1.7082510549401013,0.869842001785713,0.8669440736549868,4.834302855847839,2.0893287059983425,0.8304951730249243
2024-08-27,1.3938031882229454,1.774479063264381,2.095641483284338,1.1758178031085396,1.6062722349663376,1.1521251042160505,1.1694588586885313,1.7416703334281622,1.901483727826684,1.1420848892405064,0.7495864406356547,1.276667176414384,1.1273477919940347,0.9345764155695745,0.49366891718843203,2.0484798905285864,1.0956313891186569,0.6417705253521344,0.9809292350535236,1.0764729717045962,1.1382207050884046,0.8924689077714195,1.7010003096753434,2.745809902085472,1.0867281664327206,2.5725697081873715,1.2061478621494484,1.3918989551238088,1.6670313935864844,1.5506128592059425,0.8787084123897486,1.6763539056915329,0.8588670086793728,1.2226152219916924,1.7024993712132133,0.864455998305054,0.8523831931229987,4.788760129410978,2.0618374880107937,0.8396522675420555
2024-08-28,1.3977702764276345,1.7801432305132292,2.073339215997389,1.1644506107150103,1.5623126527176918,1.1874199487815895,1.1936720222553652,1.7385079830750987,1.9178195686052317,1.150506408227848,0.7492669828479642,1.2802135576548372,1.140174110492413,0.9452461695593245,0.4900915850897275,1.981643373158676,1.1152905305670995,0.6497410490558924,0.9785897595724716,1.0850469048026092,1.1323736526454427,0.8752381436995931,1.6986386970092793,2.718900785718852,1.0925649045213928,2.577897568613366,1.2149067969908758,1.3964265754334788,1.6588215742493515,1.5730313975808374,0.8430935031815141,1.652055903733678,0.8553024825199127,1.227179570651645,1.6731657951844647,0.8629171317695842,0.8393551909522116,4.846899685789081,2.0618374880107937,0.829797580554286
2024-08-29,1.4034968706829154,1.790122809474382,2.084874761351442,1.1784922624455778,1.5773147078593965,1.174814669144895,1.1936720222553652,1.7414066163994322,1.9483130582664006,1.1679972310126583,0.7463926428754477,1.2864199280023114,1.1255317055535343,0.9690107319971332,0.48711052809869654,2.010957707425612,1.113093970953753,0.640442127821347,0.9765844948744271,1.0854755595557746,1.1616087661086796,0.876804647691595,1.7112345657562316,2.758726251647288,1.102666718491352,2.5908360940066624,1.2269099394920957,1.4003073476771206,1.6778337318939804,1.5755223780052328,0.8476988058580605,1.6340832127078289,0.8451068777265593,1.2219631039259116,1.6777671641227379,0.8613782064471436,0.8514253344541728,4.846899685789081,2.054964641545913,0.8363382771136652
2024-08-30,1.4068030466349333,1.790122809474382,2.0618034827588247,1.182504206696348,1.5937123847557588,1.1848988517990542,1.1976472162958323,1.7569549731348342,1.9270765184490353,1.1673494462025316,0.7476700839678607,1.2961720023346355,1.1334772224056198,0.9728906533066388,0.4859180688968742,2.0238559858493765,1.119683582702784,0.6444273204137092,0.9752475700482437,1.1021949805073128,1.1645322551422674,0.8650565501117511,1.6901759209655138,2.771642601209104,1.1013196527103404,2.6045364060975924,1.2392374136299902,1.4100094363624882,1.683883294686794,1.57116306711432,0.8470848154800543,1.63694194053093,0.8395045908296869,1.2304399220802924,1.682368533061011,0.8609935632969896,0.8525748468351314,4.810077523105538,2.0618374880107937,0.8319778127407457
2024-09-02,1.4497840404374556,1.7903926132777461,2.0644953041554324,1.190527993099803,1.5849902547193435,1.1848988517990542,1.1929493479950712,1.7548470078984701,1.9346998576176107,1.1686450949367089,0.7435181468795917,1.3121303115633132,1.1305260819398066,0.9612508893781218,0.48547091944957205,2.0103713813414528,1.1240766348384688,0.6464938166142361,0.9712368772638471,1.0987654282189752,1.1606342945560792,0.8674061111397052,1.6935216892077571,2.7630319206192406,1.1035644888641707,2.5870308776844473,1.240210606605135,1.4125965124740745,1.6665993950569156,1.5761450279631106,0.828049145843987,1.6324494223878523,0.8400139273386392,1.2343523119413018,1.6714402132177295,0.8629171317695842,0.8382056200152761,4.4990315619487955,2.1030742310561306,0.8200300926253463
2024-09-03,1.4365592357113426,1.7787946067168237,2.0087396359380607,1.2092501273418366,1.556381553167352,1.1848988517990542,1.196201867775244,1.7350820766927117,1.9346998576176107,1.1654060917721518,0.7499057424000056,1.3227693198335522,1.1318882161076302,0.951066051523583,0.48114823208958496,1.956433321480855,1.1257240545484786,0.6557926685892647,0.9749133592652363,1.1141986754023405,1.157710731146705,0.825700160023208,1.6388094927907448,2.711366193694956,1.1129928212213471,2.602252672264796,1.2405350372743704,1.418417512763275,1.629006946348989,1.5680495318802679,0.8200664275365314,1.571390826509872,0.836788295329249,1.2438071877442258,1.646708006127254,0.85791583022605,0.8565982865584286,4.576550674690217,2.104448766774712,0.8017161593067991
2024-09-04,1.4263097975977672,1.7593749246611083,1.9860525811715106,1.2132619694945215,1.5609170309630345,1.189100645890616,1.2027067307505535,1.7358727447806812,1.9352444388383092,1.1511542721518988,0.7438375266556124,1.3139035021835397,1.1384714601169958,0.9486411747336189,0.472205061116492,1.9675724425665932,1.1301170395931548,0.6612538507425555,0.9795924736156476,1.115055984908671,1.1206796221353048,0.8213925177452637,1.6289690191792503,2.6575479609617156,1.1138906941496118,2.6235643462916447,1.2492940711483589,1.441702146225127,1.6203648645858122,1.552792419503178,0.8179172737927597,1.5552582848805132,0.831864957897005,1.2477194979718165,1.640956322400366,0.8625324298324596,0.8527664419912874,4.657946053619563,2.112696148958174,0.7990126475287889
2024-09-05,1.4315998204062537,1.6911360360525332,1.97990030284165,1.224294688561533,1.5947590744438467,1.1991849311827663,1.184637137175141,1.7416703334281622,1.898216772449962,1.149210917721519,0.7550158188163367,1.3174497479728724,1.1583351829097615,0.9520360614623502,0.47209484373796917,1.9886789279974915,1.1597703260092986,0.6642060376429629,0.9407168400570617,1.1446366197702444,1.1265266002024807,0.8231547616262476,1.6205064836133287,2.6543188735712615,1.1188293541991277,2.632697887685598,1.2590262979974922,1.4365275197731668,1.6497474939566057,1.5285591191101586,0.8243648287344498,1.5493362157934893,0.8252440809225485,1.2845610231683875,1.6559107440038003,0.8729197348566526,0.8431869184073992,4.630814260643114,2.1443109741014674,0.800756799182528
2024-09-06,1.4170523838304674,1.7059706343327183,1.934911356557174,1.2256318671810096,1.5410306724706977,1.183218257328019,1.1936720222553652,1.7097831128687955,1.9161860909168706,1.1440284810126582,0.7655554294366894,1.3139035021835397,1.1572000595470004,0.9399113221758403,0.4621073380746526,1.9253600089614409,1.1729494153253441,0.6698148118263949,0.9333621604770547,1.1617846954749478,1.1333481985738292,0.7926094447225874,1.5968897557580766,2.5972715534475674,1.119053950625501,2.6463977351307846,1.2642168916075747,1.441702146225127,1.6207969950636185,1.5210844651689956,0.8203735164359095,1.4993049252737,0.8148881524894288,1.2868431576816546,1.6225508466472738,0.8659948648405239,0.8148316550800003,4.483527680247968,2.0907032417169242,0.7876754913023414
2024-09-09,1.4213504832107196,1.7143319174342395,1.9579828230343028,1.2326528461934207,1.5630104103392108,1.2084287139634162,1.2023452611816294,1.7421971234879945,1.9515802796168569,1.1608713607594936,0.7719430249571033,1.3289751483765437,1.1753611319643487,0.951066051523583,0.45733718272002655,1.9570194684794662,1.1800883011597285,0.6621394721829194,0.9487399412030837,1.1652144572719623,1.1382207050884046,0.7947633146015718,1.6006290659918698,2.6370970193760033,1.130053637523725,2.6852144729250345,1.2749223114318533,1.4598121532350188,1.6484512344714242,1.540082425000842,0.8341897055966742,1.5113533028237778,0.8281300723189832,1.3011885606275495,1.646708006127254,0.8679184333131185,0.8134905475428859,4.608527356757494,2.114070684676755,0.798314969819579
2024-09-10,1.4213504832107196,1.6730649777932236,1.9291434899378919,1.228975273171084,1.512073038852137,1.1958235369647134,1.2077661569127567,1.710310385926849,1.9608372294606604,1.1569844936708862,0.7719430249571033,1.3263157010740054,1.1838742451665385,0.9534911059818918,0.4482441579783639,1.9101166052865874,1.1734987565017057,0.6670103554751622,0.9510800702373656,1.1549254861439342,1.131399181092842,0.7867353959326655,1.5644165896285873,2.572515107228413,1.1224211535785236,2.7141372765649296,1.2807615683152849,1.4598121532350188,1.6199327341080059,1.5347878070980192,0.8627430694852124,1.4843976952122575,0.82066038410326,1.2910815667588451,1.624276428614009,0.8633017749197381,0.7968222374051364,4.60077541590708,2.114070684676755,0.7955243442213107
2024-09-11,1.413746106960408,1.6598488071128081,1.9302974766076737,1.2259663405075276,1.5012575294395454,1.1773357661274306,1.1958403099138017,1.710573941956172,1.9521247278506881,1.1654060917721518,0.7677910878688343,1.3254290380383318,1.1827391911412257,0.9617358647361145,0.45703911342633335,1.938258287385205,1.1636142382416466,0.6745380338289798,0.9534201175774939,1.153210657622596,1.1216540936879056,0.784189997535705,1.5675652862777512,2.527307555085036,1.1152376573751774,2.6768424859058424,1.278166321026524,1.4488168426463832,1.6333278552823398,1.5282476038347779,0.8584447619976691,1.4817429573886587,0.82643244983645,1.2959720142683975,1.6518845324598348,0.8617630259582101,0.8044858094274654,4.642442171918734,2.0948268488726685,0.8076462919772263
2024-09-12,1.4243259507412984,1.6250550509103179,1.951061345514262,1.2336557556825496,1.5253307531958544,1.183218257328019,1.184275755898735,1.727703151869292,1.9831626657456882,1.169940664556962,0.7642779103326066,1.3112436485276395,1.1776313786898702,0.9874403286058946,0.4591260080430472,1.9470526413909504,1.1570245594016073,0.6735048896179915,0.9611090079405084,1.1394921342062303,1.1206796221353048,0.8074905015464231,1.586261957685639,2.526231302180559,1.1058092224625553,2.6776033433119877,1.256755382345406,1.4533443048797905,1.639809284656485,1.535099417521621,0.8897612700079851,1.5219721294299093,0.85087902640007,1.2852130616007496,1.6651134818803464,0.8663795667776486,0.808126000282474,4.78488415898577,2.114070684676755,0.8233440830537366
2024-09-13,1.4415184491803488,1.6086022885106395,1.9645193251902306,1.2186111944628533,1.5431238388236346,1.1798567604719747,1.180661854842156,1.7358727447806812,1.9777175184730396,1.1712363132911392,0.7639585305565859,1.2846464664798434,1.1844417028417469,1.0019901223507133,0.46508871361302034,1.9699177469032303,1.161966885622645,0.6786709569705167,0.9684635241322079,1.1510671743480927,1.1440677575313665,0.8241337535112305,1.590985543734533,2.5380713988378965,1.1087276427846142,2.673036804937883,1.2752466430685279,1.4514042349104945,1.6493153634787994,1.5357222577759408,0.9143234153083583,1.541167762946663,0.8386557795884203,1.2953199758360354,1.6691395836404992,0.8686878959743388,0.8171307383978943,4.856589759733459,2.126441841887935,0.8297102962568845
2024-09-16,1.4507758629476484,1.620469703654511,1.9522145806459976,1.2390048785527965,1.5420772556471662,1.1773357661274306,1.1795777110129377,1.7253316306036048,1.9820736362911586,1.17641875,0.7601259732443376,1.305924347569201,1.1884143225928934,0.9971402503252219,0.45838065278176465,1.97343534523709,1.1597703260092986,0.6767520528001311,0.9661234767920798,1.1527820028694309,1.1411441941219924,0.8221756722612402,1.5986607548395113,2.521925797547116,1.111196972809372,2.7506705128492555,1.278166321026524,1.449463690712411,1.6406735456120976,1.5304277350213389,0.9474823630045683,1.5425973138906093,0.8372976318382014,1.2998843244959881,1.6725906377901572,0.8717656290452784,0.8117663082494364,4.804263715349087,2.1030742310561306,0.8326754904499557
2024-09-17,1.4610252001431825,1.6139965202159854,1.9695185562728672,1.2343244981394155,1.569988093066019,1.1756549663804128,1.1633151121120735,1.7440420156932566,1.9864298870961445,1.1712363132911392,0.7511832615040884,1.3254290380383318,1.1986300861705004,1.0126598171176817,0.46970978881403735,2.000404733338485,1.1762443889273806,0.6804421305917276,0.9624461778491531,1.167786595299631,1.1304246351644553,0.8368609404560817,1.6155864271659643,2.5176202929136746,1.108278552487313,2.818409589637657,1.2878985478756575,1.4294131395044356,1.662710352704896,1.5397709097254613,0.9806410295696529,1.5491318517291957,0.8575000692551678,1.3125995517275595,1.6846692724220538,0.8786904402744364,0.8157895723048031,4.796511774498673,2.1113216132395927,0.8353790022279658
2024-09-18,1.4375510582215354,1.5988922498725744,1.9641352892486752,1.2316497325081222,1.5595215157199966,1.164730383852745,1.1593398297790887,1.7348183596639817,1.9553918162142774,1.1569844936708862,0.7425600855631994,1.3174497479728724,1.192387081018936,1.011689866401696,0.471051373676231,1.9640548442327335,1.161966885622645,0.6888554303859091,0.9597718380318636,1.1497811053342586,1.1041130851105923,0.83157420881313,1.6151926446965708,2.5434529920373063,1.0950341319907049,2.7963370582046627,1.2872497855697478,1.4125965124740745,1.6748092143940485,1.525444632393897,0.9223061336158139,1.5513783601772617,0.8434092552440262,1.3018405990599116,1.6645383244860388,0.8536839325567653,0.8088923809070977,4.806202144205768,2.0852049309706246,0.8311928507341343
2024-09-19,1.4630091479176925,1.6045564171214226,1.9956658800881593,1.2219543962567574,1.5884790428269377,1.161368989634692,1.1380178047160212,1.7638071078984219,1.9728166864473549,1.1816012658227848,0.7451150457596952,1.2997183835750887,1.1611728179730432,1.0495191287807675,0.4849145537725197,2.0015770273357076,1.1592212531969703,0.6754236552693437,0.9671262725294095,1.1356339271647276,1.1050875566631928,0.861923737087796,1.6431392963702454,2.5477584966707485,1.0894218877729602,2.8100373702955923,1.2684340941773904,1.4035414299309974,1.684315293216363,1.5475569837937841,0.9609914632659546,1.5513783601772617,0.8664976840574272,1.2663032303614832,1.682368533061011,0.8648407002421789,0.8236447980392648,5.087209260626477,2.122318234732191,0.8566581297395842
2024-09-20,1.4461471560639987,1.588642998848196,1.970287567578536,1.2149335193424309,1.5821991177216483,1.1479233101244886,1.1101907400926083,1.7406162703102768,1.9711830757721267,1.1634625791139241,0.7345754351393425,1.2970586653703091,1.175928728314453,1.0204196597366932,0.4673246883833431,1.979884573991746,1.152631574356931,0.6662723953244563,0.9443939756116809,1.1296321320943827,1.0748779716473553,0.8337280299521023,1.6120437075695633,2.536994817256398,1.0894218877729602,2.812321104128389,1.2632435995998688,1.4035414299309974,1.6406735456120976,1.5313621856992605,0.9336661738438037,1.5466814779698905,0.8469743619857306,1.2594566675548446,1.6737409525787723,0.8606088025728941,0.8064017024330477,5.098837467664817,2.108572373930456,0.8376463482346836
2024-09-23,1.4633395535850076,1.5622105257472267,1.9818227371635657,1.223291574876234,1.5574282428554402,1.1462426130154622,1.1040471701011867,1.7674962483113177,1.9951423887061168,1.1790099683544304,0.7355335744674045,1.305924347569201,1.185009160516955,1.024299699491762,0.47597056367770363,1.9705040729873895,1.1581229733902971,0.6698148118263949,0.94305688739719,1.1317755106145475,1.0748779716473553,0.8311826315551417,1.6207033147285645,2.5585221760850985,1.093687271320585,2.8617930981288833,1.282707954265575,1.424238671128738,1.6363525047305092,1.5372794535599612,0.9462541948278058,1.5717991805736682,0.8578396269278026,1.273149952434959,1.670865055823422,0.8629171317695842,0.7857100696839545,5.1375971719168865,2.0962015524632234,0.8423556940814939
2024-09-24,1.4613559085646215,1.553849374385844,1.9779776806352225,1.2179424520059874,1.5797569127905224,1.1294355392872057,1.1062155460521412,1.7714494277517578,1.97553945956398,1.1174682753164558,0.7323398547188674,1.2979450575037415,1.1855766181921634,1.0349693942587304,0.49549833454350983,2.000990701251548,1.1509840875559127,0.6684864142956075,0.9306878206597653,1.1334903391358857,1.0748779716473553,0.8863990216124912,1.6144054404745491,2.5746676130373682,1.0903200683675625,2.857226792077651,1.2749223114318533,1.416477126641454,1.685611684649782,1.5341649668436994,0.9410348080628782,1.6330621405159427,0.8654791769201639,1.2711936778710355,1.7048000007904434,0.8690725391244927,0.7874342504214273,5.102713142327305,2.0975760881818046,0.8806406837906411
2024-09-25,1.4682989688900963,1.5597830819577796,1.947216101101407,1.223291574876234,1.5574282428554402,1.1311163390342238,1.1036858771172988,1.754583451869147,1.977172804265474,1.142732832278481,0.7262716389744742,1.3121303115633132,1.1804689444157042,1.0320594236652103,0.478653733402091,1.981643373158676,1.149886076113273,0.6771948288905547,0.9313563239199338,1.1343478581508932,1.0797504781619303,0.8999094605533434,1.575437689214731,2.530536971152511,1.1001971833557025,2.864837689367825,1.2752466430685279,1.422298285006917,1.6488833649492307,1.5291819593644784,0.9450260266510433,1.6473566524492955,0.8479930350036353,1.274780048515864,1.6731657951844647,0.8679184333131185,0.7972053691614713,5.153101053617714,2.1181942918325,0.8855243425165392
2024-09-26,1.4497840404374556,1.580551256069762,1.8572382085324557,1.198551779503258,1.5842924970978247,1.1319565336317499,1.1000717994756837,1.7914774319886182,1.955936530421843,1.1375503955696202,0.7227583834265768,1.3014914387441947,1.1776313786898702,1.0660088831803392,0.5080199297776048,2.0303050355184844,1.1504348805615678,0.6810325679718091,0.9360365819884978,1.1309180963538785,1.103138464806419,0.9553216879796992,1.5108851394251461,2.51977312739965,1.0925649045213928,2.8465713035485343,1.2655144162193943,1.4080687340881421,1.7361669921059988,1.525444632393897,0.9462541948278058,1.7278151212200596,0.8877187944922983,1.2682595049254066,1.6961725300920174,0.8756127659904676,0.8148316550800003,5.104651571183986,2.1635548099055546,0.9169197541924166
2024-09-27,1.4441635110436126,1.5716506288417895,1.8641596860524967,1.2059068234498476,1.5996433777944787,1.1386794247058472,1.1109135909379384,1.7943763873117657,1.9428677780068846,1.1407893196202532,0.7441569844433029,1.3289751483765437,1.1747936742891403,1.0660088831803392,0.5217341207338093,2.0308911825170957,1.156475486589279,0.6926929616886135,0.938711003499941,1.1407783079744032,1.1216540936879056,0.9547342733527046,1.5278104510348334,2.5230020504515935,1.0986257262592092,2.8617930981288833,1.286600924231277,1.4113029744182812,1.7443769433913692,1.5248216969913562,0.9551579924126458,1.7441519022254486,0.9007910184258557,1.2467415199566922,1.7082510549401013,0.8829223379437212,0.818471845935009,5.087209260626477,2.112696148958174,0.9259895644121462
2024-09-30,1.434575388854874,1.5627500016138167,1.8649285094736539,1.1992204198620389,1.566848237024994,1.1193513566330469,1.0960966054352168,1.7635433908696916,1.9107408106573547,1.0863735759493671,0.7396856675790131,1.3094705933585336,1.1691182654876804,1.0504890794967532,0.5177093206404658,2.01623428401195,1.148238455130238,0.6755713165590016,0.9306878206597653,1.132633029629555,1.1060621025915796,0.9512097855907368,1.5417840173495145,2.511162118132766,1.0862792812463111,2.835915350373674,1.2745977817300573,1.4054814999002934,1.7132659240575878,1.5061352524348905,0.9459471059284276,1.7468067647373111,0.883814130077959,1.2278316090840071,1.690996003759437,0.8706114644469335,0.795481071312045,5.108527837371912,2.0920777774355055,0.9242453275198355
2024-10-01,1.4342447813514763,1.5913402464410071,1.9056877996346961,1.2018948791990773,1.5330061935441814,1.1084266714673876,1.0997105064917956,1.7516844965459994,1.9308883210201901,1.0837822784810127,0.7428793873275503,1.305037819984648,1.1889819189429978,1.0388494340137993,0.5154733003633806,1.9957143037507588,1.168556430280668,0.6715861239666393,0.9300192357054429,1.153210657622596,1.1011895960770044,0.956692159642646,1.5783897952265027,2.510085700889778,1.0918912177977182,2.8701655497938194,1.2814104296537554,1.3964265754334788,1.6834511642089878,1.4939890111416663,0.9180077324178955,1.752524594448305,0.8880583521649331,1.2464153414736738,1.6737409525787723,0.8675337313759937,0.7866679283527805,5.085271423295233,2.07420847735,0.9240709294021758
2024-10-02,1.4206892682039243,1.6110296005599483,1.938756600970029,1.1865159467509478,1.5364950881633959,1.1454022131419532,1.0809180620710528,1.781463268870781,1.940689586110958,1.0883168512658228,0.7352143507147234,1.2819868837261845,1.1679833501372638,1.045639207471262,0.5369389767058165,1.9587782676463958,1.1389032780465407,0.6774901514698705,0.9353679153400217,1.1184856419513471,1.1011895960770044,0.9703983384724802,1.600432234876634,2.4939404282760185,1.0871771541745758,2.803948652463453,1.2677852328389199,1.3854311067685805,1.7184510939465514,1.479974153937262,0.861821990207828,1.7700864376450827,0.8882281310012505,1.2219631039259116,1.6582113735810304,0.8629171317695842,0.7816866299606574,5.027132162679846,2.0934523131540868,0.936803526285615
2024-10-03,1.401182416323049,1.6134571760895338,1.9718255901898734,1.2169394404187737,1.5305640951246757,1.1269144423046704,1.0556208429675187,1.8051810575181655,1.933610695176214,1.0773041930379748,0.7282581281333875,1.2979450575037415,1.1498221390450194,1.0321451782528734,0.5241191756577411,1.9329817107988676,1.1356084386265208,0.6752760632392025,0.937039541114135,1.1137699158948366,1.090469962743681,0.9488601270827582,1.6098788057798128,2.497492440839369,1.0777489243728453,2.818409589637657,1.2590262979974922,1.3873714928904015,1.7227720028799023,1.4644020058006162,0.8747171938015834,1.7533413025758975,0.8883979098375681,1.2327221362269782,1.6518845324598348,0.8586852341002995,0.7862847380404687,5.168605526843979,2.07420847735,0.9287802752489861
2024-10-04,1.3991987713026632,1.582978963339486,1.9822075246431674,1.210921779287831,1.578710329614054,1.1378390248323382,1.0548981687072245,1.8231009355192547,1.9063845598523685,1.0708261075949368,0.7263416934539237,1.2899660383405234,1.1316610666276712,1.044755958907444,0.5284420905515401,2.0080262560903637,1.1218801423161306,0.6726192681776276,0.9373738335912962,1.0953358759306375,1.078775857857757,0.9516012653687006,1.6407774432263373,2.5448587436550953,1.0739325285670758,2.813843051263552,1.254160234089206,1.391252107057781,1.7888828200030098,1.4759253116912996,0.8513830292572225,1.76886125076543,0.8826257611640574,1.1984889240266925,1.690996003759437,0.8671489706518981,0.7943315589310864,5.1375971719168865,2.101699695337549,0.9240709294021758
2024-10-07,1.4097787160015949,1.5926887384972745,2.028735057192515,1.202897890786291,1.6024344082805542,1.1496040072335152,1.0697150659174282,1.8320613575180205,1.9123742883457158,1.0708261075949368,0.7033440872420106,1.2952854747500826,1.125758716358597,1.0457260280689926,0.5361936214445339,2.077207898711363,1.1092499916303966,0.672028900057063,0.9250046851597178,1.0824746620206023,1.1011895960770044,0.9574753141586226,1.6614421853087395,2.5211757565857424,1.0707899220404267,2.799381881766476,1.2230169695263937,1.3893118790122225,1.8161049289330091,1.4852685815436428,0.824671917633828,1.7868315727142678,0.8785513179134007,1.1883819301579879,1.701349056424598,0.8656101041164282,0.7962475104926455,5.102713142327305,2.0453427236438695,0.9244198108760667
2024-10-08,1.416391168823672,1.5748873523011906,1.98105410162692,1.2049038118626336,1.5940612103107081,1.139519824579356,1.0502001238214274,1.7551105639277933,1.9259876219813727,1.052687420886076,0.6896094306747347,1.2935121486787353,1.126666759578847,1.0292349707682273,0.5120447753777106,2.043789640026408,1.104856939494712,0.6789660717712823,0.9146414549794138,1.0773302812109267,1.0924189802246684,0.8934478996564024,1.5998418617698484,2.5039517659898496,1.073259046954293,2.8305874899476797,1.2311272410944722,1.4462299246110593,1.7754878307769133,1.471876564593558,0.8093205651072979,1.7051479170638508,0.8632722179286783,1.1857736967951211,1.675466424761695,0.8563769636905803,0.7791960100425842,5.112402920508964,2.0315971985860815,0.8797685227251999
2024-10-09,1.4216810907141173,1.585406407128933,1.9887447783371413,1.2179424520059874,1.609412304030602,1.147083012888971,1.0538139365854882,1.764070502928338,1.9352444388383092,1.0598134493670885,0.6937616798096827,1.2979450575037415,1.1239426992555448,1.0360254548990684,0.5180074354409214,2.0508250157796755,1.120781795418449,0.6891506144461915,0.9179844614451794,1.082046007267437,1.0972914867392436,0.9044128427202698,1.5996449104156907,2.5868427959173714,1.0790956824875193,2.9143103803369357,1.2304783797560015,1.4572250771234325,1.7953643813253923,1.4868257773276632,0.8126978870278321,1.7190340749334072,0.8670071035067002,1.196532649462769,1.7036496860018284,0.8640712963679293,0.7866679283527805,5.1453491127673,2.072834109503392,0.8804662856729816
2024-10-10,1.4223424066389538,1.5872943750517903,1.9941276695923102,1.2017007907394586,1.612901092138196,1.1521251042160505,1.0877845712003227,1.7714494277517578,1.9325217987085512,1.0384356803797468,0.6982334647439911,1.276667176414384,1.1298449801871708,1.030205039929776,0.5129391652858398,2.063137147204828,1.1251748475541334,0.6901838279166966,0.9146414549794138,1.0769016264577613,1.085597456229106,0.9003009403313073,1.6171607153710852,2.587919048821849,1.0741570224380035,2.8914767591749237,1.240210606605135,1.4630462354888956,1.80271007165515,1.4939890111416663,0.8013379405102173,1.7235268424530121,0.8634419138246751,1.1913161827370355,1.7094013697287165,0.8598393986986446,0.7864763917526014,5.135659926111079,2.1443109741014674,0.884129072336691
2024-10-11,1.4375510582215354,1.5864852271219747,1.9933586582866416,1.1943448279101043,1.6456964459309205,1.158007595416639,1.0697150659174282,1.7740845050467682,1.945045836915944,1.049448417721519,0.6944005173733939,1.2013085390960019,1.1314341251600568,1.036995524060617,0.5041442098378703,2.0695860177883882,1.131764526394173,0.6828037415930202,0.9156443324108974,1.0871903880771125,1.0943680720814422,0.8987346312993542,1.6116502858169355,2.642820929692534,1.0788712911720375,2.892999170955831,1.2346957803909389,1.4656334696767443,1.8182653174255659,1.4989720186208875,0.8050223513301298,1.7327161181151973,0.866328071101751,1.1932723776675402,1.7237806339378432,0.85791583022605,0.7778548439494929,5.2054268022393675,2.158056499159255,0.8891872144188204
2024-10-14,1.4497840404374556,1.609681108503681,1.9914360360802144,1.1920043314091588,1.6251122233054454,1.1739742692713862,1.0801953878107589,1.7809361568121347,1.9624708401358886,1.0643480221518988,0.6956781144891464,1.2172669837758001,1.1447143959311121,1.030205039929776,0.5087652850388873,2.0695860177883882,1.1542790611579492,0.687674624885263,0.9183186722281867,1.1116264326203333,1.1050875566631928,0.9020632816923156,1.6075171931137486,2.678345492465819,1.082462782885096,2.912026878827011,1.2398862749684607,1.4688673938543584,1.8135125419108835,1.494923271523146,0.797346534501302,1.7176047733659883,0.8692141454385063,1.2219631039259116,1.715152943671792,0.8636865356438336,0.7822613568731482,5.218992255083514,2.170427656370435,0.8954662285631385
2024-10-15,1.4511065713690874,1.5980831019427586,1.92452942210388,1.1923386005395067,1.6331365957203416,1.1781760633629481,1.0798339182418346,1.7635433908696916,1.9994985065242359,1.062404588607595,0.6928034624699508,1.2287923841794717,1.1549300208338231,1.0224446050829492,0.49326231426642464,2.081311823129382,1.177342534552037,0.6923978468878479,0.9280133991483221,1.124058887022865,1.1255521286498802,0.8709305014216486,1.5449327139986782,2.6406679308680476,1.0925649045213928,2.9432327193310868,1.2363178347045547,1.4695142419203864,1.7759199612547196,1.4977263381122479,0.816075115237991,1.6481733605768878,0.8758350224129628,1.237938523319293,1.7278068454818087,0.8590699360374242,0.7857100696839545,5.238372402972267,2.2047915529508915,0.8792453283722211
2024-10-16,1.4593721626261942,1.6215487871278291,1.9476008885810088,1.1873232363091828,1.6540696439007665,1.1790163605984656,1.081279531639977,1.7730304419288827,2.0054882350175833,1.0721217563291139,0.7081352519523395,1.2172669837758001,1.1708209158630976,1.036995524060617,0.4947530247889897,2.0818981492135413,1.2146836454328769,0.6947594578891403,0.9072869387877143,1.1746458046306445,1.1284756920592542,0.8852240948784775,1.5565444271694513,2.6848044889392786,1.0889731051419966,2.99422735743536,1.2483208781732138,1.484390640905189,1.7806730006658769,1.4933660757391256,0.8372599386178301,1.6608345809433191,0.8749862111716963,1.2597826867710258,1.7600163182659077,0.8813835301952222,0.780537059023722,5.426356820713446,2.175925967116734,0.8788964468983304
2024-10-17,1.472266460766951,1.6215487871278291,1.9645193251902306,1.2107286097109777,1.710240463828281,1.183218257328019,1.081641001208901,1.7867340674584298,2.0283582525233093,1.0535275316455697,0.7158010686818641,1.2358848757581369,1.1623079413358042,1.0418457514227977,0.48804496395773406,2.127042034153942,1.1921692448511174,0.7045011552141092,0.9213273862167911,1.1634995239962858,1.1255521286498802,0.9153776883041127,1.5744536538774738,2.7041816426981686,1.0903200683675625,2.9744380951894183,1.2486452098098881,1.5031473379048461,1.8083272400736825,1.5117411953166524,0.8480058010470635,1.646744183697733,0.8982444188214147,1.2597826867710258,1.7789968416294948,0.8898472079598501,0.7855184159718219,5.513566007399244,2.1937950993302664,0.862675546707413
2024-10-18,1.4636702620064463,1.6110296005599483,1.9506765580346603,1.2097253939275938,1.690353785801085,1.189100645890616,1.0668240157061795,1.7935855582243894,2.0033100431216564,1.0580629746835444,0.7202728536161724,1.2394312569985901,1.1668481574370548,1.04766616639209,0.5019082350675476,2.114730260899885,1.193816597470119,0.7049439313045328,0.9179844614451794,1.1634995239962858,1.131399181092842,0.9318252003799381,1.572879245433431,2.7354003721609907,1.0844834328343362,2.937143769176075,1.2382642206548449,1.4927988753822383,1.8113518895218519,1.5198386895121352,0.8387951956939708,1.6692071484779116,0.9002816819169034,1.2421769323964833,1.7881994697222283,0.8852306671404113,0.7770884633248692,5.498062717223853,2.1965441707674294,0.871309276394422
2024-10-21,1.4517677863758827,1.6088719605738653,1.9618280674471578,1.1943448279101043,1.6729096322398742,1.1773357661274306,1.0581506884873972,1.7798822546936561,1.9858851728885791,1.0444565664556962,0.7193146362764405,1.2314519669331305,1.156632601871792,1.030205039929776,0.48998291494112606,2.0912786502178977,1.1850304931987496,0.7120287643084101,0.901938095764828,1.148923586319251,1.1119090806587553,0.9251678995940152,1.5935438672769113,2.7375533709854776,1.0752794917926416,2.9158323274720983,1.2269099394920957,1.4934455653720036,1.8074629791180699,1.5145441667575332,0.8225226701796812,1.661855403758678,0.8906048688290535,1.2376125837365306,1.7772712596627596,0.877536393250033,0.7772800584810252,5.494186451035928,2.1800495742724784,0.8656405704233407
2024-10-22,1.4487923188453038,1.5999710698656158,1.9718255901898734,1.190666744397342,1.6900050667577553,1.1672513781972889,1.0505613285127973,1.7959575624882975,1.9564808456688072,1.0451044303797468,0.7212310709559043,1.2252460029390184,1.141309233855174,1.036995524060617,0.4919207294042309,2.1030044555588914,1.177342534552037,0.7030250963936638,0.8842203493928246,1.1454940340309134,1.1060621025915796,0.9318252003799381,1.5998418617698484,2.7031052254551806,1.0683205920156689,2.8945211180909935,1.2200972915683974,1.4850373308949543,1.8303641791147183,1.4986606936419484,0.8234437494570656,1.6659396925262226,0.8851723607684985,1.2255493949373213,1.7830229433896476,0.871380868321183,0.7816866299606574,5.437985027751785,2.170427656370435,0.8722685512801214
2024-10-23,1.4411879425949923,1.59511631402686,1.9529839677206893,1.1823077699807738,1.6617451907607135,1.165570783726254,1.0465860461798122,1.7917411490173485,1.9543027867597478,1.0217791139240506,0.7173982015969769,1.2216997571496857,1.1441468689184557,1.0185643284367543,0.48923755967984356,2.088933704052357,1.1762443889273806,0.7310693828679243,0.8778686289384547,1.150638414840589,1.08852101963848,0.9098953142522035,1.5850814519499117,2.654662505396466,1.0445251646963543,2.8891934899878717,1.2213950142453387,1.486330710874485,1.8195618408072223,1.4765482470938402,0.8258999921002154,1.6348999208354213,0.8743071787667471,1.2340262130917021,1.7720947333301789,0.8636865356438336,0.7803454638675661,5.439923456608467,2.158056499159255,0.8629371438839023
2024-10-24,1.4573884166877669,1.5773147960906377,1.9549065899271167,1.1923386005395067,1.7308246864537562,1.1689321779443067,1.0520068536184217,1.7917411490173485,1.9733614006549205,1.0276104430379747,0.716759286021596,1.213720602535347,1.143011745555695,1.0175942592752056,0.4878958838041251,2.121179131483445,1.1542790611579492,0.7174900157212177,0.8725197859155684,1.129203372586879,1.0768269147525562,0.9361329401379069,1.5815386121145885,2.632055935570101,1.0752794917926416,2.878537769135883,1.2168532819737268,1.486330710874485,1.8558580300299674,1.4756138915641397,0.8179172737927597,1.6259147598610024,0.8722699156712584,1.2043574291847878,1.7887747369003484,0.8621477278953347,0.7684669155217607,5.375969500948474,2.1456856776920223,0.8606697126386128
2024-10-25,1.455404771667381,1.5651774454032639,1.961443279967556,1.1796328001533105,1.684422792762365,1.1664111835997628,1.0469475157487365,1.7975384156660155,1.9842518281870851,1.02890625,0.6950394329487748,1.2092875582592202,1.1334772224056198,1.0214745359214004,0.4823804642017413,2.1334912629085983,1.1531806471692592,0.71571877284049,0.8598164267009826,1.1287746130793752,1.067081901723406,0.9533635092496846,1.5937406983921472,2.653585923814967,1.0689939710730059,2.8792988588649004,1.2152312276601112,1.480509868661547,1.8428950393334398,1.4407322683202668,0.8102416443846823,1.650828347777014,0.8710815467573569,1.1926203392351784,1.6582113735810304,0.8482978702891355,0.770382808527343,5.389535545318058,2.1429364383828857,0.8759313379438308
2024-10-28,1.4759033451404078,1.5681443650593008,1.934911356557174,1.1823077699807738,1.6872140362716803,1.158007595416639,1.049477272976097,1.8238916036072241,2.006577264472113,1.034737658227848,0.7046216843577631,1.2075145030901142,1.1384714601169958,1.0311751090913248,0.4859580693410202,2.170427119927413,1.1542790611579492,0.71571877284049,0.8668367321096747,1.1270597845580372,1.0914444342962817,0.9645241922025338,1.5709110545199945,2.6471269273415072,1.0795445676739286,2.915071470065953,1.2278831324672408,1.4979731856816734,1.870549146793008,1.4503871485962119,0.8166891993263723,1.6542997937282053,0.8675163570753319,1.2024012342542831,1.6139233759488478,0.8544533952179856,0.7657846418915548,5.430233086901372,2.162180274186973,0.8855243425165392
2024-10-29,1.4458166494786422,1.5554676702454753,1.9087638448573707,1.1642522341358208,1.6662807750680155,1.1319565336317499,1.049115891699691,1.880814392960591,1.9929641968101903,1.0165957278481013,0.6982334647439911,1.1871232850364302,1.1259857271636595,1.0282649016066785,0.483722049063935,2.137008861242458,1.1509840875559127,0.7123240176282092,0.8594822159179751,1.1167709181843475,1.0826739671955181,0.9723563222424461,1.4927789613629658,2.6137553633927095,1.0730346556388113,2.864837689367825,1.2149067969908758,1.4507570706919417,1.893450478737894,1.4304547380864439,0.7866006720720685,1.6524620134087264,0.854444216082095,1.179253073571245,1.5684849537442374,0.846374301816541,0.7581210698692258,5.3740310720917925,2.1250671382973803,0.8949430342101597
2024-10-30,1.4312691119848147,1.5112336792082839,1.915300910666833,1.1615772643083575,1.6893072026246168,1.121031951104082,1.016952163466887,1.8610494617548325,1.955936530421843,1.0081727056962024,0.7014276525625468,1.1720515033923056,1.1209914894522834,1.019534397598303,0.4782065839547888,2.155770221422267,1.1449436157102184,0.7024347975326158,0.8678396095411582,1.1210579894876926,1.062209395208831,0.9341748588879167,1.4723110503957995,2.5717716398074546,1.0651775752672363,2.88310453983286,1.2113382576944092,1.4902116411943895,1.9716600256019168,1.435126325438505,0.7801530702751909,1.6728828338051331,0.831864957897005,1.1821873261502929,1.5431775892594544,0.8494520936744514,0.7688500472780957,5.379845175610963,2.1195689954230548,0.8813382762612794
2024-10-31,1.3872962956720996,1.4891168812998958,1.9829767238333476,1.1441903688221853,1.6572097129650312,1.1386794247058472,1.0064716649885201,1.8755435943729422,1.9385115272018985,0.9906787183544303,0.6139088566258626,1.180030793457765,1.108051734888822,1.0137141010745736,0.48044255872511166,2.155770221422267,1.1229783550317953,0.6913645641578261,0.8571420868836932,1.10090880673914,1.0397957313653698,0.9398530703088324,1.4825449457599218,2.525481918573226,1.0618103723142138,2.8602711509937206,1.2080941490671777,1.5115558885344205,1.9453021776275299,1.4111453581274374,0.7614245363936892,1.659404905311109,0.8145487606974352,1.148280133166188,1.5357005431334563,0.8352176517050691,0.742602272112435,5.187985083207296,2.076957716659136,0.8748848639993018
2024-11-01,1.3955618869292064,1.4864196337070845,1.9833611355439262,1.163583491678955,1.6788407317902143,1.15716719554313,1.0259868719620753,1.8700094007553774,1.9722721052266565,0.9991017405063292,0.6176140208813836,1.1738246940125323,1.1205374678421582,1.0185643284367543,0.4799954092778095,2.2003276011929604,1.1356084386265208,0.7371210024012967,0.8568077127123782,1.10948294934583,1.0495408187703064,0.9382867612768792,1.488646109137623,2.540552746006122,1.0669735262346574,2.8983265667360807,1.2074454857938286,1.5270786613564635,1.9742525445722798,1.4264060861369232,0.7589682468953518,1.6649186203343367,0.8133603088432131,1.159039085833836,1.5650340093783919,0.8486826310132309,0.7512238199155435,5.317829648807651,2.126441841887935,0.8766290156530409
2024-11-04,1.3962231019360016,1.4891168812998958,1.994896680897979,1.1762891899670662,1.6990761288607399,1.153805801325077,1.022011501336572,1.8913555071376675,1.9695495980837656,0.9945662974683545,0.6151864927474501,1.178257467386418,1.1159972517409074,0.9972230437738083,0.4844674043252175,2.257783796644062,1.1279204799798084,0.7298885081077614,0.8534647879407665,1.1017663257541475,1.0495408187703064,0.9361329401379069,1.5036032298338737,2.491033608704419,1.0624837513715508,2.9089825199109414,1.2061478621494484,1.5257852813769328,1.9872155352688072,1.4183084016449985,0.7654158955474171,1.661855403758678,0.8080974966786548,1.1515404845948356,1.5765373768321684,0.846374301816541,0.7533313080772817,5.325581589658065,2.0920777774355055,0.8761057360614904
2024-11-05,1.3892800416105269,1.3639674385804421,2.0060480024259646,1.1833108836660726,1.7088448420736235,1.164730383852745,1.005748990728226,1.903741513520006,1.989696975459734,0.995214161392405,0.61723071054199,1.1791441304220913,1.1253047640859197,1.0166241901136568,0.48297669380265246,2.2671644767339667,1.1636142382416466,0.7319550043082882,0.8501217814750011,1.1352050629028851,1.044668237879945,0.950818110852724,1.5158051958725105,2.489957027122921,1.0609124993859493,2.91887691871104,1.1947934819541381,1.5419552184175285,2.0140056456692377,1.4310776734889845,0.7558980607293835,1.6638975481424503,0.8030044633504141,1.141433490726131,1.5776876916207834,0.8482978702891355,0.7477751656607139,5.426356820713446,2.116819923985892,0.876454702773953
2024-11-06,1.3942394569156156,1.3380743096059244,1.9937432578817318,1.1946790970404522,1.8012998039014567,1.1790163605984656,0.9905707122416164,1.9084850390496015,2.0000430877449342,0.9906787183544303,0.5926998629725021,1.1871232850364302,1.1159972517409074,1.034085316575971,0.4947530247889897,2.288270424908221,1.140001423671197,0.7223608297539438,0.8437700610206312,1.1154848491705132,1.0553878712132685,0.9367202572848772,1.5213157456655821,2.4813450318249743,1.033300778816311,3.03076105836543,1.1818172455103342,1.5529503709299017,2.0369067137176486,1.4257830555861615,0.7549769345968116,1.6387799702269363,0.7829716388891239,1.1215456018383216,1.5748119046492457,0.8425271648713518,0.7339807243093264,5.562016081358409,2.1388126633551683,0.8795941246075403
2024-11-07,1.2943910459054977,1.3115070663434114,1.9991265249059238,1.1652552457230347,1.7712955871064275,1.1773357661274306,0.99743704478585,1.886024977770007,1.98152905507046,0.9932704905063291,0.5967883765732516,1.1383615588636031,1.1146351175730838,1.066097480461516,0.5005666046985914,2.242540213883661,1.1427471902788886,0.7055342994250975,0.8427671835891477,1.1171996776918514,1.0475918012893193,0.9707900132104929,1.501879845365532,2.489957027122921,1.0212641538052736,2.9927051779773253,1.1733827413381417,1.5393678261534174,2.027400634895334,1.422357243890961,0.7614449652554728,1.696571110153228,0.7946857150724624,1.1163291351125881,1.5684849537442374,0.8386800867131334,0.7472004387482232,5.356589353059721,2.107198006083848,0.9071523515020485
2024-11-08,1.2854642396415956,1.3355120956549336,1.9722101897849633,1.1542211993809182,1.7548979102100655,1.1790163605984656,0.9981598073386622,1.8185541512650611,2.0109335152770993,0.9939183544303798,0.5861838992494888,1.1046718175115815,1.1075977132786967,1.0505763738767364,0.478951893709309,2.232573386795145,1.148787662124583,0.7034679417436042,0.8407614287261806,1.1253450607910378,1.0397957313653698,0.928888127244965,1.4695980995997908,2.473809453770016,1.0185702273541424,2.8503765198707494,1.1785731368831027,1.5309594336001056,1.9962896155615528,1.4208000481069405,0.7414877009349577,1.6124368313669786,0.787725280425371,1.1208935634059596,1.52649780525691,0.8344481890438488,0.7341723194654823,5.3604656192476465,2.0893287059983425,0.862675546707413
2024-11-11,1.3049710915224708,1.3465704946091277,1.9610586803724661,1.149874475509375,1.8187438509510476,1.192462040108669,1.009724273061211,1.8428016279616044,2.0169233767573136,1.0016934335443037,0.5990880825862741,1.0789611630483382,1.1223535542826586,1.0670674311775017,0.47805750380117984,2.3158259600082274,1.1745969021263623,0.706862696955885,0.8451073126234296,1.1433505507564101,1.0553878712132685,0.9110701435061928,1.4684173533862197,2.512563761287796,1.0167740712758297,2.8001429714954935,1.1798708595600438,1.5206108130012352,2.0330178033138666,1.4310776734889845,0.7347329633835143,1.5867065353233747,0.7963834204953163,1.1290443623441593,1.5684849537442374,0.8440659726198507,0.7341723194654823,5.542635933469655,2.0948268488726685,0.8459312816863735
2024-11-12,1.3109222284197113,1.3472447406372614,1.9364493791685116,1.1428528839084535,1.7967643261057744,1.1840585545635365,0.989847773103768,1.8288329974080708,1.978806414940702,0.9861431962025317,0.610842490928218,1.071868671469673,1.1075977132786967,1.0457260280689926,0.4531633479798365,2.2724406951492084,1.149336869118928,0.7028775043635227,0.8263866071257889,1.1206292299801888,1.2882942329907783,0.8693640949096711,1.4459775240990362,2.5394764931016445,1.013182169340988,2.7795928518434065,1.158784351548161,1.5193174330217045,1.9949933560763713,1.4148825899497979,0.7199953201038648,1.5374920776194416,0.796043945763002,1.10915647345635,1.5489293827701551,0.8259844524922502,0.7291909625173824,5.40697726435013,2.0480919629530057,0.8276173483678263
2024-11-13,1.301995321237768,1.3680130464893823,1.941832834077215,1.1375031484496967,1.8061842137637085,1.1764953662539217,0.9844270539576768,1.8470185244307749,1.9641041848373826,1.0891634493670885,0.6077761642364081,1.078074567738225,1.090344684081599,1.048636235553639,0.4542068180415746,2.281821375239113,1.1515332945502579,0.701106261482795,0.839089884646221,1.1077682255788306,1.2493140321226046,0.8740634119256282,1.4568038366316172,2.5513179044670657,1.0136310545273974,2.7719819545532323,1.1571622972345454,1.5180237368896488,2.0416596211805684,1.4161284607548794,0.7141616618298057,1.5376963169954714,0.7919695025123452,1.102961869448655,1.5702105357109726,0.8294469462872853,0.7276582012681351,5.403100998162205,2.0315971985860815,0.8282278270182064
2024-11-14,1.3142285052897704,1.3879723361518257,1.9470398654295975,1.1431872551368865,1.7904841879772453,1.1630496867437183,0.9783911125457664,1.8612508720130387,1.98152905507046,1.0975865506329114,0.6139088566258626,1.0622867237448657,1.1046465034754356,1.0360254548990684,0.46985886896764634,2.291202055329017,1.190521758050099,0.6981542823609378,0.8437700610206312,1.1484949315660857,1.2054614734914284,0.8787627289415852,1.4930220844631534,2.6212907771091576,1.0163251860894202,2.7970983802565517,1.1743558352807262,1.5212578191435253,2.0278326334249033,1.4805968990433607,0.7184601098829116,1.5303448216527653,0.8031741592464109,1.115025058247864,1.582864217953364,0.8306009933116889,0.7640602854861516,5.282946802268944,2.0398445807695436,0.8259603105343453
2024-11-15,1.3142285052897704,1.3456265765177682,1.9697293626947976,1.1558931576211677,1.8096731083829225,1.15716719554313,0.9404409575570802,1.889187972120699,1.9227202676440491,1.0995302215189873,0.6158253303111613,1.0844545186967922,1.1064626592533842,1.036995524060617,0.4782065839547888,2.3046866598369413,1.1916201720387891,0.703320349713463,0.8431014760663088,1.153210657622596,1.2122829974869909,0.8930563223984141,1.506604032609036,2.6105257829867243,1.0196926967087803,2.802426473005418,1.1876566014263263,1.5335468258642169,2.038203105151068,1.5101839995326318,0.7270570996994988,1.5493362157934893,0.796043945763002,1.1186113492592737,1.624276428614009,0.8425271648713518,0.724976044749883,5.220930683940195,2.0260988878397823,0.8379953149471461
2024-11-18,1.3248084499887023,1.337130391514565,1.9912648732902156,1.163249018352437,1.820139579217325,1.1630496867437183,0.9469467917500883,1.9181792963456519,1.9423231967861863,1.0956427215189875,0.6264297686290893,1.08622798021926,1.1073707024736343,1.0505763738767364,0.47701407924620415,2.3199300635117943,1.1993078623214684,0.7059772140345545,0.8467787750092355,1.1583550384322716,1.167455892927428,0.9077414931132313,1.5239257719444,2.6212907771091576,1.0226111170308394,2.7970983802565517,1.1863590768145067,1.5529503709299017,2.046845054966007,1.5185929138552745,0.7123194564198495,1.5660814755509382,0.801476453823557,1.1173072723945499,1.617374320314693,0.845989599879416,0.6665410445777282,5.224806950128121,2.0260988878397823,0.8487219072846418
2024-11-19,1.326130980920334,1.351830087893068,1.9785742139593119,1.163249018352437,1.785250952560044,1.15716719554313,0.9422481288166649,1.9089548353193417,1.9428677780068846,1.0962906645569621,0.6312848248969564,1.101302132257996,1.121218500257346,1.030205039929776,0.4656849432139315,2.2982372519967367,1.2042501885425063,0.701106261482795,0.837084129783254,1.1527820028694309,1.1840223555763543,0.9024548589503039,1.506997574600586,2.6051433680947627,1.0230603098835862,2.831348811999569,1.1905762793843224,1.6008131759093989,2.0459807940103945,1.5132983911006728,0.7172319885613367,1.549744819233813,0.8024951268414617,1.1169811735449502,1.5909166410412952,0.8375258633278176,0.6629008537227197,5.112402920508964,2.0494663307996137,0.8535184521902818
2024-11-20,1.3254696649954976,1.3444127228829064,1.9620379344465302,1.1655895148533826,1.806882077896847,1.1512847043425416,0.93971810671175,1.904210665792118,1.9303437397994918,1.0988823575949367,0.6227246043735682,1.0906616340254298,1.1153160806508235,1.019534397598303,0.4719457635843602,2.3275515862636724,1.2113889401948739,0.7027299123333816,0.8033199360367453,1.1690726643134652,1.1352972160548167,0.91635677766912,1.5020766764807678,2.5922250464708223,1.019019009985106,2.7628481808364063,1.195766773961844,1.6260380374168093,2.0459807940103945,1.4933660757391256,0.693590360276097,1.554849806128453,0.800457863745973,1.1023098310162929,1.5937925377966455,0.8367565182405389,0.6324382193455362,5.098837467664817,2.059088248701657,0.8584022813933233
2024-11-21,1.3377027481294588,1.3569546475351881,1.997417715273611,1.1732798489111698,1.8326996424511435,1.158007595416639,0.9465852338886462,1.9158074530811506,1.9673714061878391,1.1170242879746834,0.6234911860465207,1.0942084893448054,1.0943804009105116,1.030205039929776,0.4735855542605342,2.348071566524864,1.2207241172785712,0.6997777946924909,0.8126803704797195,1.1733597356168104,1.1236031855446793,0.9202728426890762,1.529830945879319,2.648203508923006,1.0196926967087803,2.8305874899476797,1.2080941490671777,1.6228042713154578,2.0719066434552125,1.5067580926892103,0.5860669821145316,1.5577089080163455,0.7979114300221732,1.115025058247864,1.5822891703428692,0.8421424041472562,0.6495939494343376,5.240310240303511,2.1333145204808424,0.8589254757463021
2024-11-22,1.3720875431714765,1.4125167095897995,2.002032534645669,1.1816390275239081,1.7946707337063583,1.1756549663804128,0.9700783719707279,1.909218391348665,2.02726922306878,1.129982832278481,0.6303904601089277,1.1252435241835108,1.1282108352104712,1.05542671968448,0.47328739395331626,2.290615729244858,1.2426894450480026,0.7154236580397243,0.8190320092399356,1.1896503970608447,1.1489402640459416,0.923797330451044,1.5459718187621896,2.649279926165994,1.053368110568718,2.8846267192908948,1.233722488383233,1.6376803541477354,2.042956144562225,1.512675550846353,0.5739084357798582,1.5552582848805132,0.8143788989207972,1.1391512765794451,1.5650340093783919,0.852529826745391,0.6635822110690003,5.286821293880559,2.1470600455386304,0.8625010633511817
2024-11-25,1.3767162500551264,1.4125167095897995,1.9797280127445822,1.177626674880798,1.8396772186663317,1.183218257328019,0.9733310683359367,1.9337292630751244,2.0158340813290496,1.131926503164557,0.6280907150900703,1.1225833996253693,1.122080434074613,1.0757979351858773,0.48953562897353675,2.313480834757138,1.2448861388433659,0.7180804531012992,0.8247151447399831,1.1789327711796511,1.1567362595941046,0.9363286800268888,1.5268783589118593,2.7106406391716287,1.0515720570458513,2.886149131071802,1.2230169695263937,1.6583777534217385,2.0865978921664903,1.5132983911006728,0.6312624183817774,1.592016010970572,0.8157371296113367,1.1378471200813025,1.5719361176777078,0.8583005321631748,0.6712470127668425,5.257751959335584,2.1553074277220925,0.8748848639993018
2024-11-26,1.3747325041166991,1.4149441533792466,1.9647297558431378,1.1716080948670902,1.8208374433504635,1.183218257328019,0.9671867920043709,1.9308301467525697,2.026724641848081,1.1429413765822785,0.6296238784359752,1.1190364765804335,1.1184477064940275,1.0534864629158194,0.479250054016527,2.295305800661488,1.2317069153453037,0.7235417045141067,0.8186977984569281,1.1703587333272996,1.1547873164889035,0.9290839646139714,1.5095567398154177,2.7235589607955695,1.053368110568718,2.861032240722738,1.2149067969908758,1.684896469137467,2.0736350334182,1.5005293095531287,0.6211302651994246,1.5468857173459205,0.8028346845140967,1.1313265764908451,1.5362755907439511,0.8456048979422915,0.660516278678668,5.251938447341851,2.0783320845057442,0.8589254757463021
2024-11-27,1.382006272863613,1.4203385168247307,1.9520396601657686,1.1966853244110498,1.806882077896847,1.1975041314357484,0.9715239853688703,1.928985576546122,2.0250911641597202,1.149420569620253,0.6360120980497472,1.123470062661043,1.1232156961122701,1.05542671968448,0.48193322374091435,2.301168524246437,1.2465334914623674,0.7290028866673975,0.8237121856143458,1.17979018544032,1.1616087661086796,0.9339790215189103,1.5123123754287193,2.7149468011591127,1.0625727694985336,2.9249658688660523,1.2321004340696173,1.7043001722794147,2.1030177947372315,1.5238874366098765,0.6242006387861433,1.5352456938596393,0.7996090525047065,1.142085529158493,1.5293735922284477,0.8452201960051665,0.6601330298103794,5.2286826247906095,2.108572373930456,0.8573557222102225
2024-11-28,1.39787613945299,1.4286997999262518,1.9470398654295975,1.2244375237824727,1.8497947574341649,1.185739251672563,0.9689939632639555,1.928985576546122,2.0142006036406883,1.1513643196202532,0.6293683512116578,1.1580520882702445,1.1291190171056178,1.0680373818934874,0.48506363392612867,2.338691065520507,1.2406819478961837,0.7170471703712774,0.8487846115663563,1.1688507946245101,1.1528382246321298,0.9363286800268888,1.5174301046637733,2.7666191016238124,1.061899185330305,2.9204755323939984,1.2158800889985817,1.6645417792004993,2.115980521537284,1.4933660757391256,0.6349468292016898,1.5264646475729866,0.8040230534279981,1.1639296926102258,1.5316741120218653,0.8544533952179856,0.6563007167954235,5.286821293880559,2.114070684676755,0.8546522104322124
2024-11-29,1.3869655872506605,1.431127243715699,1.9470398654295975,1.2251062662393386,1.8407238018428,1.1781760633629481,0.9650183277608982,1.9310938637813,2.0174678249911446,1.147476740506329,0.6369064238319411,1.1580520882702445,1.1268484236928555,1.0787081426705234,0.47835561860163545,2.360969844948628,1.229697539645251,0.7173424236910765,0.8568077127123782,1.15641614038087,1.147965792493341,0.9870415904372876,1.5142805663421561,2.7429361145544595,1.0553887605179584,2.912863938135207,1.214258034684966,1.6619539127076006,2.1008571423482,1.5064466725620504,0.6251217180635275,1.551786838929322,0.7987601583231192,1.1551267756062453,1.5259226478626025,0.851375662147046,0.6647318991178893,5.412790776343862,2.134689056199424,0.8610185941125037
2024-12-02,1.3777081734833607,1.4233054364807678,1.9335803826775366,1.2261092778265523,1.834095157694181,1.1865795489080806,0.9697168141092857,1.9447987773061035,2.0408824237175693,1.1442371044303798,0.6391423162990952,1.1509583776314936,1.1311624610384212,1.0825883008711552,0.48416924401799954,2.383834950460908,1.2264020293151476,0.7171948316609353,0.8718512009612461,1.1619903282414346,1.1538127705605168,1.003489102513113,1.4983368852912868,2.717099799983599,1.0645932143368821,2.9417869740979743,1.22334149922819,1.6671291714646106,2.1125237416113087,1.50488947677803,0.6309553763375868,1.5399425760670105,0.80385319165136,1.1577350089691119,1.5190205395632865,0.8598393986986446,0.6472944562246057,5.55232630317675,2.1800495742724784,0.8668616129626728
2024-12-03,1.3872962956720996,1.4551322730272211,1.9658837425129196,1.240821203485261,1.8463060758381906,1.1840585545635365,0.9888725822418318,1.96008534900566,2.0408824237175693,1.157843591772152,0.6357566098312647,1.1607120773772654,1.123896867202354,1.0922889924866426,0.4788028590624624,2.3902840001300163,1.2236559943434229,0.7115859882179866,0.8758627923813339,1.169279554132014,1.1421186656745927,1.0068177529060744,1.52589420333568,2.7989139196526014,1.0538170983105735,3.0460627720137823,1.224314593170774,1.6509560728987653,2.0865978921664903,1.4890059085142244,0.6318764556149711,1.5601592817756507,0.7979114300221732,1.139803394645226,1.522471483929132,0.8575311282889253,0.660516278678668,5.730620351210834,2.1663040492146908,0.87558245646994
2024-12-04,1.3952311785077673,1.4133259892597534,1.9462706662394174,1.2471741547274018,1.82886181576536,1.1991849311827663,0.9794754329600208,1.9614028071534615,2.053951043145661,1.1416454905063291,0.6288573357688577,1.1686927219539311,1.1068680753123947,1.0971393382943864,0.484020209371153,2.383834950460908,1.2307959536339408,0.7076007956256243,0.8772000439841324,1.1637053662714496,1.1460166262607812,0.9819507936433666,1.5130996998896629,2.7655420270267825,1.0479800525555638,3.0277949922572596,1.2252878851784799,1.6528970913256362,2.0909188010998414,1.4961691423282275,0.6306483342933962,1.544639458274382,0.795025355685418,1.124805953266969,1.5241970658958672,0.9090830102597371,0.6668397386154884,5.763566543469171,2.215788006571516,0.8733150252246505
2024-12-05,1.3859737647404675,1.4319363916455148,1.9181977140655135,1.2521896210558106,1.8668902984636657,1.1907813429996426,0.9697168141092857,1.9801156072342188,2.0604853528597062,1.1448850474683545,0.6252798766167431,1.1864269308252482,1.1048246313795913,1.0932589432026283,0.48923755967984356,2.418425861314182,1.240132606719822,0.7047963392743916,0.9076212312648755,1.175711261007586,1.1275011461308677,0.9758809074844383,1.4928253735868395,2.810756152710575,1.047755661240082,3.0239895436121724,1.2194484302299269,1.6761863089990998,2.096536101466611,1.5241988567370364,0.6288061757386275,1.540963523570633,0.8245649655772788,1.1212195826221405,1.5431775892594544,0.9210091818194003,0.6746961354694866,5.703488262471667,2.2474028317148096,0.8661639352534629
2024-12-06,1.396884316942797,1.4367912792244089,1.9058918422142115,1.2267780202834182,1.8477013780579885,1.1815374575810011,0.9715239853688703,1.9598216319769297,2.0397933942630395,1.1409975474683545,0.6260464972955304,1.1837669417182273,1.087795978164528,1.0961692691328375,0.4935604745736426,2.426633889235768,1.1978428630631595,0.6950547112089394,0.9092926936506813,1.1388361625385077,1.1440677575313665,0.9651117043095528,1.4871170307671562,2.8010674114926193,1.0385508997548207,2.9813659632356027,1.2165288513044916,1.6645417792004993,2.1034496613185625,1.5061352524348905,0.6426226928857051,1.5438226254585254,0.8225278683624313,1.1085043553905694,1.52649780525691,0.9136995510791759,0.6927085394991684,5.682171460302543,2.2556502138982717,0.8588383619260439
2024-12-09,1.3667976212810313,1.4432645944030729,1.9508854856114752,1.2197564286824967,1.8668902984636657,1.1605286923991744,0.9997154332143032,1.9769529348823411,2.002221146653994,1.1351662183544304,0.6334567868007375,1.1952942384375875,1.0952885828056582,1.1136302771495885,0.5078708951307582,2.4342555910731942,1.2022365190179192,0.6993350186020673,0.899932340901861,1.1319758009097705,1.1508892815269287,0.9911534928262501,1.5504990546515358,2.829056231872435,1.0340608172253767,2.973754833622556,1.21068959442106,1.6619539127076006,2.1371533315709446,1.505200801756969,0.6413945247089426,1.6126411954312725,0.8260929751041357,1.1078523169582073,1.5310991741951832,0.9079288456613922,0.6957744718895007,5.643411756050473,2.2446537602776466,0.8918035271380007
2024-12-10,1.362830129404177,1.4176412692319194,1.940117824256022,1.2324621269706082,1.843515258375355,1.158007595416639,0.992848306037407,1.976689378853018,2.010389067043268,1.1364621044303798,0.6339678802552073,1.2094815242639687,1.0803032348485022,1.1068399114643106,0.5005666046985914,2.4037686046379396,1.184112419840502,0.6941690897685756,0.8905719064588868,1.1139670635599044,1.147965792493341,0.9809717042783592,1.5569947219321623,2.8204442365744886,1.0329383478707388,2.973754833622556,1.2139337030482915,1.6716578983081176,2.134128682122775,1.4812199295941224,0.6300342970602023,1.5760875840289796,0.8303371142507893,1.0928548755799503,1.522471483929132,0.8929249998177604,0.7040141761677643,5.482558835523025,2.224035388754978,0.8900592050071183
2024-12-11,1.3621689143973816,1.4211476647545465,1.917044103164755,1.237812066625535,1.8606101603351366,1.1638900866172273,0.9689939632639555,1.9922395065818976,2.0218240757961308,1.143589240506329,0.6339678802552073,1.2174620333895139,1.066680298408962,1.112660326433603,0.4993740999900067,2.3996645011343727,1.175874046561294,0.7136524151589967,0.888900444073081,1.092957009657512,1.143093285978766,0.9985939481281496,1.5512863791124794,2.8021435000585866,1.0374284304001826,2.940264794639939,1.2295051867808564,1.6774803212836804,2.1367212010931382,1.4762367318184595,0.6297272550160118,1.565264642735082,0.8452767395031975,1.0824219421284835,1.5592823256515038,0.8971568387000743,0.7103376946605615,5.59108600742882,2.2432792245590654,0.88657090169964
2024-12-12,1.353242007215438,1.4251935361437633,1.926658341503961,1.2391494494411814,1.8888702493554184,1.1680917780707978,0.96429538862305,2.005944420106701,2.036526172912583,1.143589240506329,0.6347344619281599,1.23253625315381,1.0673614694990459,1.1019895656565668,0.49400766952770714,2.399078533221309,1.1885062099772783,0.7139475299597623,0.8785371321986233,1.1126806802830547,1.1469912465649543,0.987824939913313,1.5630967269823175,2.8333625581984294,1.0421430068005542,2.9699489203317246,1.2346957803909389,1.6781271693497082,2.1423383695116707,1.4668934619661163,0.6263498393851025,1.5434140220182015,0.8687047259892333,1.0905727410666832,1.5817140129485616,0.8925402978806356,0.7103376946605615,5.575582125727992,2.241904688840484,0.8720940679238901
2024-12-13,1.3512582612770108,1.4117074299198453,1.9216589225368128,1.2438305445411575,1.8797990807408138,1.1773357661274306,0.9610424273802868,2.0193857776021815,2.029447281977839,1.1371099683544303,0.6376730835165632,1.2414034253150288,1.0721295284547365,1.0932589432026283,0.48416924401799954,2.3773859007917997,1.1885062099772783,0.7168997168601696,0.8848889343471469,1.118254868143619,1.1440677575313665,0.9635452977975754,1.558766322208207,2.823673488303453,1.0468575832009257,3.0270343671739863,1.2372908296145781,1.6923595656412076,2.1535729702452104,1.4830884503570818,0.6143755745031687,1.515437466903059,0.8890769422425172,1.087964428070398,1.5926421132242177,0.8933097017548851,0.7076549525825411,5.548450036988825,2.3078835784362073,0.8546522104322124
2024-12-16,1.3472907694001564,1.419259565091551,1.8908941489663016,1.2475084238577496,1.8860790058461032,1.164730383852745,0.9538139189269845,2.0069986442239935,2.0196458839002043,1.1325744462025316,0.6356288267161885,1.225442542515059,1.0623662610633966,1.0854985083558015,0.4761196438313126,2.381490004295367,1.1863092478178818,0.7167520555705118,0.8798743838014218,1.1113944017605433,1.1089855916251674,0.9541467612456855,1.5160521666182003,2.7203292160510735,1.0502250938202857,3.026273277444969,1.2356687753009625,1.6800680297003165,2.141906370982102,1.4637791655462964,0.6078050246940894,1.5019596630972987,0.8827955400003749,1.0644902481711787,1.5926421132242177,0.880229365596877,0.6961577207577893,5.65697720889462,2.309257946282815,0.844361528150294
2024-12-17,1.3343964712593996,1.4168322530422421,1.8562831915603781,1.2505177649136459,1.8459571437716211,1.1353180304877943,0.9639340073466438,1.996983354110307,2.0185567214588076,1.129982832278481,0.6261742414047717,1.219235494911982,1.063274512295991,1.0816182317096066,0.4741817838614454,2.341036011686048,1.1753249737489657,0.7148331514001262,0.8715169901782387,1.1036764163624602,1.1080110456967807,0.9516012653687006,1.4963684539000066,2.7235589607955695,1.0443879455098304,2.960054289208754,1.2479964475039784,1.6477216744923637,2.138881589585695,1.4563045116051334,0.5909795142560188,1.4813344786365987,0.8827955400003749,1.0543833339358928,1.5592823256515038,0.8717656290452784,0.6817861516988611,5.629845120155453,2.285890503322984,0.8406987414865845
2024-12-18,1.3254696649954976,1.3960639471901213,1.8605135992218576,1.2468397834989688,1.8634014038444517,1.1353180304877943,0.96429538862305,2.023866230100675,2.0310808926530672,1.131926503164557,0.6264297686290893,1.220122293398776,1.0514679396467437,1.0864685775173502,0.4729892336460983,2.3662464215349654,1.1681851486404644,0.7118812415377856,0.8721854934384072,1.0933857691650157,1.1148325696923431,0.9457273140588031,1.5093597884612597,2.718176217226587,1.0345099075226778,2.9798440161004396,1.2454011011826567,1.6548379516762446,2.161566790317559,1.444781015418008,0.5979799135559274,1.479700813004886,0.8551232484870441,1.0514490017234264,1.5765373768321684,0.8686878959743388,0.6837023374843275,5.6860471349650314,2.2501519031519726,0.8297102962568845
2024-12-19,1.3102609124948745,1.3814990209731617,1.8501303495769827,1.232127755742175,1.815953033488212,1.1311163390342238,0.9556210018940511,2.01648650028022,1.989696975459734,1.1215598101265822,0.6242577677194732,1.2032746121120121,1.0462457897434798,1.0690075695005992,0.469411583000057,2.3451401151896154,1.1687343556348093,0.7114384654473621,0.8738570375183669,1.1036764163624602,1.0826739671955181,0.9155735256731191,1.492234639763288,2.7106406391716287,1.0284483678967407,2.878612809423574,1.2346957803909389,1.6638946149819465,2.125054469881792,1.4282747020481037,0.5962605155926098,1.446210418178252,0.8575000692551678,1.0419942055539213,1.561582955228734,0.8602241594227401,0.6802531562257066,5.61627907578587,2.2322827709384403,0.8185476233866682
2024-12-20,1.3006729921422187,1.3831173168327933,1.8416697221385354,1.2251062662393386,1.815953033488212,1.1319565336317499,0.9541753002033907,2.0051535910193246,1.976083774810944,1.1209117879746835,0.6214468902403111,1.197954362995729,1.054192485332183,1.0690075695005992,0.46836815844508123,2.3187574113434755,1.1484132942979957,0.7096672225666344,0.8681739837124732,1.0788073173838568,1.0768269147525562,0.9138113792721595,1.492234639763288,2.690187232508261,1.0235090925145498,2.887746583140399,1.2363178347045547,1.6645417792004993,2.0999930133408244,1.4239144396749812,0.5833650777229166,1.4413094212831146,0.8503697728314382,1.047210592646236,1.558707278041009,0.8613782064471436,0.6950080327089002,5.575582125727992,2.221286149445842,0.8141871590137488
2024-12-23,1.296374791843925,1.4055040502846838,1.8528221709735904,1.2237686792275217,1.8253731341693857,1.1378390248323382,0.96429538862305,2.01648650028022,1.9646488990449482,1.1176722310126583,0.6240022404951556,1.192634113879446,1.066680298408962,1.0583368087235632,0.47179668343075115,2.3275515862636724,1.1467658074969773,0.7109956200974218,0.875528418210019,1.0745194080458036,1.0709798623095943,0.9136156393831776,1.4987305475217585,2.745088784701925,1.0226111170308394,2.8824184903915326,1.2346957803909389,1.6593663623672268,2.1190051709854534,1.4401094280659468,0.5777156540464093,1.446210418178252,0.8466348872534164,1.046232534997693,1.551805169741693,0.8621477278953347,0.6881096701916584,5.5775199630592365,2.2501519031519726,0.8183730547918653
2024-12-24,1.3122446584333018,1.407392018207541,1.8682048395856132,1.232127755742175,1.8389791415099535,1.1454022131419532,0.9682710241261071,2.034672349301738,1.9695495980837656,1.1189680379746836,0.6298794056602927,1.2059347366701536,1.0719025176496741,1.066097480461516,0.4719457635843602,2.3439674630212965,1.1462164663206158,0.7108480280672806,0.8772000439841324,1.0878115813044513,1.0778013863051568,0.9326084523759391,1.5008958100282748,2.777384260084756,1.0244072731091518,2.906013665928306,1.2405350372743704,1.6561314897320378,2.140609979548683,1.442289464104287,0.5828738479363617,1.4513157791376834,0.8479930350036353,1.046884573430055,1.5592823256515038,0.8671489706518981,0.7030560832750311,5.5775199630592365,2.240529985249929,0.8197684102102852
2024-12-27,1.3082772674744887,1.4106287416669423,1.877049502965616,1.2267780202834182,1.848399455214367,1.153805801325077,0.9704395766620978,2.0481137067972184,1.977172804265474,1.1137846518987342,0.627835148859918,1.2023879490763385,1.0730376410124347,1.0612470162082093,0.47477805896911895,2.3474854195262527,1.154454705417807,0.7126192016884916,0.8751942074270116,1.0796648363988643,1.0758524431999557,0.9171401271451454,1.5174301046637733,2.8387449730903906,1.0275503924130303,2.8793738991525903,1.2282075631364762,1.6587193562249365,2.122893949440998,1.4513214089776914,0.5771016168132156,1.4482526872502883,0.8607256183242372,1.0478627107120166,1.5633086469792818,0.8725350329195279,0.6898342608209689,5.600775194085041,2.2487775353053645,0.8186347372069264
2024-12-30,1.3033178521693998,1.4036159506216883,1.8782034896353978,1.2224313985099602,1.847352659014659,1.1504444071070241,0.96429538862305,2.060237606144897,1.9624708401358886,1.1073053797468355,0.627451916532194,1.2068215351569478,1.0712212772221423,1.0593068778851118,0.4719457635843602,2.3451401151896154,1.1484132942979957,0.7095195612769765,0.8758627923813339,1.07280426526145,1.0690309192043932,0.9147903711571425,1.522547954137749,2.8527397119573195,1.0181211370568413,2.8725236269456897,1.2136091733464953,1.6503095409852624,2.12764725274863,1.44976411804545,0.5699784100666684,1.4388589228355457,0.8535954048408284,1.0507969632910645,1.5650340093783919,0.8736891975178729,0.6907922951577252,5.527132051768827,2.2364063780941845,0.8144487561902382
2024-12-31,1.3109222284197113,1.4117074299198453,1.9043536317183627,1.2314590132853092,1.8710770572160185,1.1479233101244886,0.9733310683359367,2.069725462201123,1.976083774810944,1.1137846518987342,0.633329081697331,1.2130284473089046,1.0784868710582094,1.0593068778851118,0.47477805896911895,2.3574522466147685,1.1550039124121518,0.7133572310987143,0.8838859752215096,1.0753769270608111,1.0778013863051568,0.9257553142210099,1.5471528054536046,2.876422534688162,1.0210398650452377,2.858062225125742,1.224314593170774,1.6516033951935807,2.1358569401375256,1.460041743427494,0.5888916939527851,1.4433515656668872,0.8615744295655039,1.045906515781512,1.5753870620435533,0.8840765025420662,0.7032476198752102,5.5096903327367555,2.2446537602776466,0.8237800783478856
2025-01-02,1.3139557238240551,1.4335548192452845,1.9435790327273212,1.2461711431401878,1.8623548206679834,1.165570783726254,0.9841739193084083,2.0647182196427973,2.003854624342355,1.1215598101265822,0.6344789347038423,1.2227824179569176,1.0898393527598835,1.0719177769852453,0.4774612286935063,2.3574522466147685,1.1572008745715485,0.7171948316609353,0.8942492870959673,1.0766632055833225,1.0739034257189684,0.9326084523759391,1.5871110849524657,2.9539308210467015,1.0304688127350892,2.963098648124823,1.2288564244749467,1.6729515944401734,2.1280793832264364,1.4746795360344391,0.5842247767045753,1.481130239260569,0.8649698404112115,1.0620223288920714,1.582864217953364,0.8848459064163157,0.6837023374843275,5.701551016665859,2.2501519031519726,0.8309312535576449
2025-01-03,1.31164137038223,1.4286997999262518,1.973959394587254,1.2448335561283712,1.8592150711385784,1.15716719554313,0.9686324936950312,2.0618189423208357,1.9875189165506744,1.1260951740506329,0.6265574737324956,1.225442542515059,1.0805303149910128,1.065127174408841,0.4658340233675405,2.362728644115558,1.1434702971668742,0.7186708904813807,0.8922434505388465,1.0569395349577797,1.0680563732760064,0.918902273546105,1.606007593448638,2.9711551403196155,1.0239582853672966,2.972232654164521,1.2265856078554211,1.6845964403912987,2.1367212010931382,1.4777940227507007,0.5782069306881519,1.4768419604935212,0.8313557043283734,1.0610441916101097,1.5633086469792818,0.8809987694711265,0.6896426071088361,5.6686054159329595,2.2377809138127662,0.8194196139749661
2025-01-06,1.3017222370179284,1.4446132181994786,1.9824198341411898,1.2471741547274018,1.9035230528956941,1.153805801325077,0.9754997091644455,2.067617013966538,1.9962312851737796,1.133870332278481,0.6324347169093024,1.2289894655599949,1.069631924236912,1.0719177769852453,0.47477805896911895,2.4020099845565577,1.1368798132347346,0.7098146760777422,0.8858917300844766,1.0500790685747041,1.0768269147525562,0.9369159971738591,1.6300218311798642,2.945318825748755,0.9985893498425723,2.9136250278642244,1.2226925388571583,1.6936535779257882,2.169128479912102,1.512987066121734,0.6014187094825623,1.4976713843302514,0.8500302151588034,1.0538704947194284,1.6035703232836864,0.8867695336758811,0.6984571554115443,5.523256377106339,2.2350318423756033,0.8221231257529762
2025-01-07,1.3162702791019627,1.4386793788874044,2.012800383885634,1.2391494494411814,1.8539817292097573,1.165570783726254,0.9812825159270874,2.0452145904746635,2.0142006036406883,1.129982832278481,0.630134971890445,1.2077081981926214,1.0669073785514729,1.0680373818934874,0.47269107333888033,2.3169984330909976,1.125346197989457,0.715128473979442,0.882883097790026,1.0522229708665614,1.0816994956429178,0.927909135359982,1.6613193011305043,2.97438439204858,1.0095901648507002,2.8984020716695147,1.221719444914574,1.6865373007419073,2.1324002921597875,1.507692448218911,0.623279559508759,1.4752084195500723,0.851048888176708,1.0515879620390678,1.5914919082194152,0.8856153102905652,0.6894509533967034,5.5872091497154575,2.2501519031519726,0.8137510784810282
2025-01-08,1.3027141604461627,1.4502772537081885,1.9839578567525271,1.237143324168669,1.8490971063242658,1.1638900866172273,0.9830896871866719,2.0852757509294095,2.0555845208340218,1.1345182753164558,0.6309015145575627,1.2059347366701536,1.0580523623927272,1.066097480461516,0.45838065278176465,2.301755029416144,1.0700949411568248,0.724574848725095,0.8725197859155684,1.0217796840273936,1.0953424692582563,0.9247763223360269,1.6550204649651137,2.933477578721844,1.0163251860894202,2.8679566239258407,1.2369665970104644,1.6975351405507424,2.176690301454881,1.4703193688095377,0.5989624199842248,1.4864398395960299,0.8576698480914852,1.025176025690378,1.5489293827701551,0.8517603640841707,0.6679895437763311,5.600775194085041,2.239155617403321,0.8235184811713961
2025-01-09,1.2914723952321876,1.4818342864512777,2.0101083746045147,1.2304560016980954,1.855028099362986,1.1756549663804128,0.9754997091644455,2.115057421243518,2.072464942833268,1.1468287974683544,0.6413782477720842,1.1669192604314633,1.0612310683631876,1.083558488478267,0.4627036131823261,2.2571974705599027,1.0685570810634488,0.7266413449256218,0.8598164267009826,1.0256386243492661,1.1060621025915796,0.9553216879796992,1.664075056982728,2.8559689636862835,1.0286727592122225,2.6281991875901487,1.242157091587986,1.7033574054500427,2.1907334204235682,1.4933660757391256,0.6119807121557443,1.4935870955627064,0.8675163570753319,1.0245239076245973,1.5500795877749578,0.8598393986986446,0.6110782286770167,5.633721977868815,2.240529985249929,0.8382568268850638
2025-01-10,1.279900022514815,1.4810252702616002,2.018953413753541,1.2027039044247574,1.800601939768318,1.1529655040895594,0.9754997091644455,2.106096677245938,2.075187582963026,1.1247993670886076,0.6311570807877152,1.117263082783526,1.0426130621628944,1.0699775202165849,0.44913850237973063,2.1950513827777187,1.0505428769577072,0.7306264682584673,0.8451073126234296,1.012346555844957,1.0943680720814422,0.9488601270827582,1.6735233112308143,2.879652115094147,1.0178965406304679,2.5498025313667823,1.2058235305127738,1.6878309968739629,2.2144986174793546,1.4693850132798372,0.5934358037543562,1.4649978223194735,0.8306766719234242,1.0049594100501515,1.5207461215300218,0.8436813294696969,0.6055212079207967,5.620155933499231,2.1456856776920223,0.8403499452512654
2025-01-13,1.2633682344923536,1.4594476847395255,2.0481799768282034,1.204375760566922,1.8190929960408566,1.1487637099979975,0.9621267477945412,2.1039882290113527,2.050139373561373,1.1222076740506328,0.6284739864236291,1.1208099381029015,1.0396612976600483,1.0631870360857436,0.44362308277734686,2.237849963381483,1.0437325357912082,0.7220657149531782,0.8437700610206312,1.0132040748599644,1.1050875566631928,0.9604124847736202,1.6975376692009623,2.9248655834238977,1.017223059017685,2.531535216256003,1.1944692493500246,1.6684231837491912,2.1928939408643626,1.460041743427494,0.5913479834511225,1.4864398395960299,0.8120021610929942,1.0082201596458924,1.5293735922284477,0.851375662147046,0.6147190050917936,5.498062717223853,2.134689056199424,0.8520358977130321
2025-01-14,1.2713035210001866,1.4335548192452845,2.055871217191959,1.1923386005395067,1.8407238018428,1.1378390248323382,0.9350195320708445,2.1063602332752613,2.049050211119976,1.1131366297468355,0.6247688221681081,1.116376352022292,1.0339850568092113,1.051546324592722,0.4495857428405576,2.262474047146241,1.0298921974968747,0.7177852690410168,0.8437700610206312,1.0024845634006778,1.117756058725931,0.9680486799645017,1.654429851380484,2.8591985440922687,1.0057734613785934,2.49347840657641,1.1909007100535578,1.6787741754919985,2.209097580273844,1.459730418448555,0.5537669368617913,1.5013470696574727,0.793497346158561,1.006915923514331,1.5420272744708392,0.8609935632969896,0.6013054703696217,5.488372347516758,2.1635548099055546,0.8577917175043714
2025-01-15,1.290811079307351,1.4359822630347316,2.062408846654956,1.2057131433825687,1.960391949979587,1.1386794247058472,0.9595968139821445,2.1200653077994716,2.0849889810406608,1.1273910601265822,0.6455305749187021,1.1394310809121333,1.062139180920886,1.0767678859018628,0.45659182745874405,2.37562710162487,1.0764659033096464,0.7115859882179866,0.869176779449803,1.0543668731584188,1.1645322551422674,0.9586501434126119,1.665256043674143,2.873192954282177,1.0021814568883058,2.566547667019526,1.1905762793843224,1.669070347967744,2.282554087726709,1.512987066121734,0.5703467855513971,1.5060438271765801,0.801476453823557,1.0320236237314595,1.6426819043671013,0.894848568290355,0.6170184397455485,5.459303012971783,2.1937950993302664,0.8605824283412113
2025-01-16,1.3159395706805237,1.4624147361357007,2.0681772769277726,1.2070506282963005,1.9726030811468362,1.1605286923991744,0.9747769466116334,2.155382137727587,2.1247394205456334,1.143589240506329,0.6525576711020201,1.1491849161090257,1.0773516090205524,1.10489965469565,0.4656849432139315,2.387938874878927,1.0874501773785625,0.7216228696032378,0.8792057988470994,1.070231603462089,1.1723283250662169,0.9633495579085933,1.6880892947139543,2.9001056860960253,1.0136310545273974,2.5574138933027006,1.1993353132583109,1.6800680297003165,2.305239156510336,1.5313621856992605,0.5364502434923533,1.5113533028237778,0.8074183813333851,1.0352842936937818,1.646708006127254,0.8944638663532302,0.5971763956641407,5.608527134935455,2.2542756781796904,0.8601464330470624
2025-01-17,1.3119719778856278,1.4750914309495262,2.09240479680431,1.2190876862256306,2.0190048683266077,1.1764953662539217,0.9823667480488236,2.168296544163828,2.1514212406225144,1.2064380537974684,0.6551129043393601,1.164259000422201,1.0934722190153652,1.1223608996035273,0.4886412390654076,2.4289786563157607,1.09645741361345,0.7400731200421874,0.8838859752215096,1.07280426526145,1.1781753775091788,0.9978106961321486,1.7097414388234284,2.927018089232853,1.0297952285668606,2.545996850398823,1.2110140250902954,1.6833025861829807,2.3257639687496434,1.5431968165688827,0.5222038768544464,1.5526035470569146,0.8266022286727674,1.0405014771202836,1.6835188478496261,0.8986956464485734,0.6010105824703549,5.697675342003371,2.325752710649739,0.8792453283722211
2025-01-20,1.2967626198767568,1.455671748893811,2.0939430073001586,1.2261092778265523,2.0364489153761984,1.1781760633629481,0.9787525821146905,2.17514900092623,2.1590444468042227,1.1980150316455696,0.6567099592428032,1.1740129710702143,1.0966508556483776,1.1320614727734515,0.493113279619578,2.4319102867365574,1.0896470724469507,0.7433203524838436,0.8741913299955281,1.0655150393708706,1.177200831580792,1.0262021431568242,1.6916324952660433,2.964695979507645,1.0329383478707388,2.574159028955445,1.2113382576944092,1.6820087319746626,2.3300850096312318,1.5391481646193623,0.516308791429474,1.5813971843644408,0.827790597586669,1.0349581948441822,1.686969901999284,0.8933097017548851,0.6094458637111981,5.769380055462904,2.291388814069283,0.88796625711806
2025-01-21,1.307673676669293,1.4904655050963014,2.073176508010409,1.2287842476540158,2.0650577234398098,1.1848988517990542,0.9820054550649356,2.1756761129848763,2.1759247358166016,1.199310838607595,0.6621399615168433,1.1553920991632236,1.1089115192451982,1.1310915220574658,0.48819408961810545,2.44598121732864,1.097995139524809,0.7477483211666295,0.8895690290274033,1.082666257705729,1.1723283250662169,1.0107337204460063,1.6804126407419127,2.9808438815375706,1.036081364619171,2.6015596531373055,1.1915494723594675,1.685243446533589,2.332245266175551,1.5385253243650425,0.5136068870378591,1.5544414520646568,0.8249046061902342,1.0440883255656241,1.7542646345390194,0.8956179721646045,0.6134717627855218,5.75581401109332,2.3010107319713264,0.8761057360614904
2025-01-22,1.283206501220957,1.4888470774965317,2.073561295490011,1.237812066625535,2.049706629719916,1.165570783726254,0.979836902528945,2.169087373251205,2.173746676907542,1.22717167721519,0.6563905014551127,1.1412044069834806,1.0936992298204278,1.1398220260658414,0.48610710398786683,2.4489126686638882,1.068776804115792,0.7439106513448916,0.8909062806302017,1.0599408515103061,1.1742774169229904,1.0011394440051344,1.6780504268812386,2.9044116837449985,1.0259787302056451,2.5825310159746366,1.2048501394725073,1.6833025861829807,2.3009183795252226,1.5920933921653813,0.5095540538780305,1.5405552941951004,0.8145487606974352,1.0307192283330606,1.7743954726912217,0.9006192149211678,0.6107878495879651,5.84690005549248,2.3188798641848587,0.8722685512801214
2025-01-23,1.2878354099406895,1.4896562254263472,2.0635624575557148,1.2257749065981194,2.0838977117789175,1.1605286923991744,0.9856197092915867,2.185691403098563,2.1672125001803635,1.240778164556962,0.6445723575789702,1.1225833996253693,1.100964754319047,1.1611633107287873,0.4859580693410202,2.518680637369047,1.0793217662620385,0.7486339426069933,0.8952521645274508,1.065086279863367,1.177200831580792,0.9978106961321486,1.6682087508805246,2.962543145021669,1.031591384645173,2.53305762803691,1.2165288513044916,1.699475684748826,2.3408870840422527,1.5945849434791024,0.5016939555964632,1.5254437000693641,0.8153974889983812,1.0330017610134212,1.7985526321712022,0.9052358145275773,0.6081039363904082,5.926357301327863,2.3298763178054838,0.8629371438839023
2025-01-24,1.2729566594352162,1.4901957012929372,2.0151076056871515,1.2037070181100562,2.0448222198576644,1.174814669144895,0.9805597533742751,2.1559092497862333,2.1388970694282543,1.2375384493670887,0.6404199914265175,1.1208099381029015,1.0841631812464945,1.1718339530602602,0.49028098423481925,2.470604942922302,1.063943702056346,0.7486339426069933,0.8825487236187112,1.044933744975982,1.1664812726232547,0.9929156392272096,1.6528552024585974,2.9001056860960253,1.0201416844506357,2.447049377554753,1.2054990008109776,1.7007696970334065,2.3257639687496434,1.5796357307449973,0.515817561642919,1.5332036741641304,0.8500302151588034,1.0176763095835157,1.7778465268408796,0.9044664106533278,0.6058033891730936,5.868217449187041,2.2941377176344724,0.8698266366786006
2025-01-27,1.2795694150114174,1.5077274154257954,1.9870346535132477,1.2160783451697346,2.0123755851082694,1.1739742692713862,1.0134497758606136,2.1730405526916448,2.137807906986857,1.2200444620253164,0.6461694124824132,1.1279036487416523,1.0912016949400511,1.1543729450435092,0.4919207294042309,2.475295551595576,1.071193422236523,0.7622131712346666,0.8848889343471469,1.0543668731584188,1.2103339800060038,0.9312377857529435,1.6414386370581528,2.8462802224683283,1.0423675006714819,2.4303042419020087,1.2168532819737268,1.7240589147068701,2.3030786360695417,1.5790127001942356,0.49972894273986834,1.4764334817414608,0.8466348872534164,1.0199588422638761,1.7628921052374453,0.9033123048419536,0.6096375759793077,5.715116469510006,2.28863974263212,0.8545650113733826
2025-01-28,1.292133610238983,1.5063787916293896,1.985111843422309,1.2391494494411814,2.0190048683266077,1.1840585545635365,1.0029683944570664,2.1722498846036755,2.1563219396613316,1.195423338607595,0.6547935245633394,1.1403178793989275,1.101645994746579,1.1466123917511193,0.4893865943266901,2.492884080521519,1.0766856263619895,0.7707742015780227,0.8882318591187587,1.0629423775715094,1.2191045214825533,0.922818338566061,1.6469501487626002,2.9367068304508086,1.0428165909687828,2.4889116358794334,1.2252878851784799,1.7272936292657965,2.2901155134247766,1.578389764791695,0.5064837271464994,1.449682113505971,0.847144140822048,1.0330017610134212,1.7709445283253764,0.9063899791259225,0.6173060081477129,5.647287430712962,2.2322827709384403,0.8394776989472525
2025-01-29,1.2944481655168907,1.514740074730911,1.9958795047777622,1.2331308694274739,2.067499821859316,1.1739742692713862,1.0123653671538413,2.20282238400516,2.1617670869339807,1.1973670094936708,0.6531964306540615,1.1358842255927577,1.0996024814763274,1.155342895759495,0.49997032959091786,2.5509260648001355,1.0977755506544828,0.7740212955006456,0.9206588829566226,1.0595120920028025,1.2025379844578408,0.9251678995940152,1.6392732543127149,3.000221035296461,1.0376529242711103,2.512507043739079,1.2136091733464953,1.722118212432524,2.3376464353292987,1.5927161372714802,0.5299411208341873,1.411086607096433,0.823885850232009,1.0320236237314595,1.797977364993082,0.9156231195517706,0.6138552458777178,5.660853475082545,2.309257946282815,0.845059205859504
2025-01-30,1.3142864322454941,1.525798473685105,2.0481799768282034,1.2495146512283473,2.0640109272401017,1.1714532749268423,1.0134497758606136,2.2144191712941925,2.1911715471406192,1.2083818037974683,0.6595846892736684,1.1447511945772957,1.1080034066875,1.1766844173135669,0.5133863602399044,2.5427182159640975,1.125895404983802,0.7870102945267875,0.9049468097534323,1.0796648363988643,1.2152064865205787,0.9361329401379069,1.659350869739224,3.0023732124283957,1.046633191885444,2.58938152050441,1.218799766956578,1.7441135758976696,2.3462882531960005,1.5995677606618814,0.5353449296174171,1.4415137853474083,0.8243951867409612,1.0486533909263454,1.7928008386605014,0.9279340518355292,0.6151971731985078,5.775194158982074,2.3010107319713264,0.8478499166963439
2025-01-31,1.3066817532410586,1.5298443450743218,2.060101436968927,1.2444992869980234,2.0723842317215677,1.1806971603454837,1.0156183283966043,2.2289149139063724,2.1917159953744507,1.3386148734177215,0.6592653094976477,1.1279036487416523,1.1123173053581692,1.1766844173135669,0.5054858402068264,2.53920043854469,1.1236985099154138,0.7867151797260218,0.9036096398447876,1.0835238814750752,1.203512456010441,0.9322167776379264,1.6632877325217847,3.068040580437045,1.0398979655358322,2.555891481521794,1.2155556583293465,1.7602868325397774,2.359251375840766,1.600813821763405,0.5472578610588129,1.4315073028045757,0.8213393335678886,1.0639787627228323,1.7928008386605014,0.9321659495048138,0.6213319072220366,5.872093123849529,2.3037596355365157,0.8530824568961329
2025-02-03,1.3017222370179284,1.520673914042985,2.0204914363648783,1.2451679273568041,2.027377959784834,1.2042270225098457,1.0109197537556989,2.1653971058424597,2.1873597445694646,1.31788125,0.6570294170304936,1.1216966688641352,1.1195828298567883,1.1417620459433757,0.4956474146971188,2.4987469831920155,1.1083204457097213,0.7828774406447673,0.9116327409908096,1.0749481675533075,1.1830478840237537,0.9196854280620815,1.6534458160432268,3.050816589841152,1.041020537445916,2.551324710824817,1.218799766956578,1.7732253746229585,2.2965973386436342,1.5796357307449973,0.5217125533575162,1.3972003245386129,0.8030044633504141,1.0597397962117108,1.7623169478431377,0.9110065787323318,0.6115546401044264,5.769380055462904,2.2556502138982717,0.8434022532645947
2025-02-04,1.3037059829563558,1.487498453700126,2.0397197251587786,1.2618860803861105,2.05319552433913,1.2159920049110227,0.9975468806783125,2.1854280080686466,2.1786473759463596,1.31788125,0.6602235268373796,1.1403178793989275,1.1173124444563705,1.1417620459433757,0.49788343497420406,2.5110589355316204,1.1022791016809181,0.7728404899999993,0.9059496871849159,1.0629423775715094,1.1635578579654533,0.917335769554103,1.6621066255914476,3.033592270568238,1.033387335612594,2.6259159184030962,1.2113382576944092,1.7738722226889863,2.3084798052232895,1.5746526281175552,0.5197475873561089,1.4237474533980732,0.7902717970894915,1.0532183766536476,1.7709445283253764,0.9067746810630471,0.6067619505136413,5.751938336430832,2.2474028317148096,0.8509022247096731
2025-02-05,1.3179235184550335,1.500445084057454,2.0343358944810523,1.2959912309996737,2.060522032620888,1.2159920049110227,1.073447190655685,2.178311673278108,2.194983216724907,1.31788125,0.6650146915477086,1.1686927219539311,1.1259402417977094,1.1437021842664732,0.48819408961810545,2.5462359933835055,1.1132634428408426,0.77579260764089,0.9179844614451794,1.071946641492104,1.155761788041504,0.9132239646451649,1.668996075341468,3.0551222588131046,1.0401224594067597,2.7218188000082244,1.2275586027654446,1.7919861816054399,2.32036253569942,1.5815041563597356,0.5177825276443264,1.4221139124546245,0.7588646199981388,1.0574573431647691,1.7824478957791527,0.9067746810630471,0.6086790731947368,5.831395582266215,2.2996360283807715,0.8546522104322124
2025-02-06,1.2957706964485225,1.58945227851815,2.0354895053818107,1.2939850036290765,2.1456503796553434,1.256328940803641,1.0694714668601097,2.2349767025808047,2.201517526438953,1.329543829113924,0.6547935245633394,1.171352711060952,1.1093656795302194,1.1437021842664732,0.5048895650991528,2.6259707891771797,1.094699830467731,0.776382906501938,0.9290163582739593,1.058225813480291,1.1528382246321298,0.9594334928886372,1.6888766191748974,2.9679255599136303,1.0475310648137086,2.6890900830774975,1.226261078153625,1.8275672513723193,2.3981399520856366,1.6014364717212828,0.5203616245893026,1.447640093810462,0.7648064645676462,1.0228934930100173,1.8215593670787549,0.9190856133468057,0.6111712741241841,5.872093123849529,2.3821095144714453,0.8766290156530409
2025-02-07,1.2825451852961203,1.564368297473448,2.0343358944810523,1.2949880152162903,2.126112953229576,1.2756571115144328,1.0430871019817431,2.2507900643401935,2.199339467529893,1.313993670886076,0.6397811928686412,1.1651457989089955,1.115268931186119,1.1291512652888052,0.4947530247889897,2.6048644828318297,1.0944801745063966,0.7754973543210909,0.9263419367625162,1.0552242874190878,1.151863678703743,0.9668739481905368,1.7056079854034758,2.9388599936138053,1.0547152789051755,2.6479886821589624,1.230802711392676,1.8295081117229277,2.3981399520856366,1.5958306239877418,0.5053784132715632,1.4645893435674135,0.7544506190748471,1.0173502107339158,1.7991277895655098,0.9298576790950945,0.6019692023668795,5.841085360447874,2.3573675357930326,0.8747103806430705
2025-02-10,1.29114178772879,1.5802818474868132,2.030105486819573,1.3033471938290282,2.1125063068192893,1.253807946459097,1.0593514667329684,2.282944543915245,2.2194868449058616,1.3230647151898733,0.6413782477720842,1.1651457989089955,1.1093656795302194,1.1252711070881734,0.5077218604839117,2.5878621009044984,1.1033774485785999,0.7740212955006456,0.9343650379085382,1.062084858556502,1.1596597486276923,0.979992614913352,1.83119104648082,3.0056034501884223,1.0569602176144517,2.6746284489346777,1.256106719072057,1.8482687606291466,2.3851770933373464,1.5796357307449973,0.5142209711262403,1.4680609142068686,0.7456227001685845,1.0056116077493509,1.8060296782972003,0.9487087206708863,0.6073370287619931,5.943799020359936,2.351869392918707,0.8748848639993018
2025-02-11,1.2855209555808231,1.5676050209328494,2.0762531168866185,1.3190621310749506,2.1383238713735855,1.2353201756218144,1.0434485715506674,2.3077188106716204,2.2434458918661178,1.3373191455696203,0.644891737354991,1.1722393740966257,1.0991483905287542,1.1213908304419784,0.5087652850388873,2.631247186677969,1.0984345185384867,0.7692980734980607,0.9353679153400217,1.0612272347871559,1.1547873164889035,0.955908907646645,1.8197744810803755,3.0142154454863688,1.0603278307892574,2.6928957640454567,1.2664876091945392,1.861207302712328,2.4305472309045997,1.56032625563777,0.5262566631590874,1.4280359815416481,0.7369645600986393,0.9909382743852261,1.8060296782972003,0.9183161506855854,0.6077204532982122,6.007752384494491,2.3559930000744513,0.8640708168872613
2025-02-12,1.280230730936254,1.591609918504233,2.0777913273824673,1.313712395616194,2.1473948269649505,1.2479254552585086,1.0445328919649217,2.3237962114585535,2.2461683990090084,1.3489816455696202,0.651279956968763,1.1571652897834501,1.0834820101564107,1.1310915220574658,0.5381314359076388,2.6382827415167847,1.0799808012370509,0.7630987926750304,0.9350337045570143,1.0513653470972153,1.1635578579654533,0.9547342733527046,1.8453636082113325,2.950701897994758,1.0666138642861223,2.6609283691666197,1.2668120398637748,1.8657358714795724,2.4327080152418685,1.5671779741763923,0.5348536529756746,1.3927076817072717,0.7245713685700309,0.9769170590868819,1.8376641034708043,0.9206244798822756,0.6077204532982122,6.015503733819469,2.335374628551783,0.8719197550448022
2025-02-13,1.3013915285964894,1.6134571760895338,2.0395449925630613,1.3220714721308473,2.046217735100702,1.3403643094449225,1.0441714223959977,2.3085096397589973,2.2516136792685244,1.3541651898734177,0.6557517419030713,1.171352711060952,1.0921098768351973,1.1456423225895707,0.54170908655368,2.562065723142518,1.0874501773785625,0.7613276190538194,0.9463998121688016,1.062084858556502,1.1908438795719167,0.9653074441985349,1.8262701483610022,2.914100753639975,1.0064469429913763,2.7058352187302415,1.2694072871525357,1.8204509741884385,2.4111028108339267,1.5896018408516603,0.537309942474012,1.410882367720403,0.7418878145905626,0.982786440212583,1.8468667315635379,0.9317812475676891,0.615580597734727,6.050388354934487,2.2845159676044022,0.8788964468983304
2025-02-14,1.2918031036536266,1.578933091950269,2.0568519743421154,1.3260839268720424,2.0556378357818756,1.3403643094449225,1.0373042952191014,2.292169165940962,2.2178532342306334,1.3489816455696202,0.6551129043393601,1.1624856743508538,1.086660646789423,1.134001611096549,0.54170908655368,2.509886283363302,1.092503002490351,0.7698885108781421,0.9403824658857468,1.0612272347871559,1.1849968271289548,0.9645241922025338,1.8416236967829296,2.930247998315859,0.9875888425007817,2.708118255594422,1.246698823859598,1.806218577896939,2.426226453919486,1.5864873541353985,0.5285901452107861,1.4425348575392947,0.7284761159246909,0.9831125390621827,1.8451413691644276,0.9302423810322192,0.6044614032963267,6.052325600740294,2.3010107319713264,0.8815127596175106
2025-02-17,1.2984157583117866,1.5797422398800849,2.0668515638144576,1.3274212075896041,2.12401936083016,1.370617062683382,1.0260998863851878,2.3227418263418538,2.204240166568711,1.3632362341772153,0.6589457736982876,1.1589387513059182,1.084617272194068,1.136911818581195,0.5442432216312209,2.573791349397964,1.0878896234832485,0.7858295582856579,0.9557602466117758,1.0603697157721483,1.1879204649141155,0.9686361920715207,1.821742792232734,2.9356300845307994,0.9833232538422654,2.7286690722151254,1.278166321026524,1.7984554526470304,2.4305472309045997,1.5908475213603,0.5271163621407461,1.4310990734290432,0.7305132960798589,0.9762649410211011,1.809480732446858,0.9302423810322192,0.5870158211222651,6.156977689509038,2.3106324820013966,0.8869196979349592
2025-02-18,1.288496725865526,1.5897218188412374,2.061466981598685,1.278269862186984,2.1505350025408347,1.3807013479755323,1.0430871019817431,2.367019561266956,2.193894187270377,1.3710112341772152,0.6595846892736684,1.1128294967029166,1.0712212772221423,1.1407919767818269,0.54170908655368,2.6101410594181673,1.074708387254936,0.7878958467076346,0.9567631240432594,1.044933744975982,1.1957163860864921,0.9606082246626021,1.820364974426083,2.925941671989865,0.9743429862279317,2.6411388745978055,1.2677852328389199,1.7945738900220762,2.4597141249070837,1.5758984037744157,0.5156947541962803,1.4439640344184497,0.7286458118206877,0.9544179903997135,1.819258627717712,0.9325506514419386,0.5745546993630749,6.244186284669398,2.3010107319713264,0.8862220202257493
2025-02-19,1.271964736006982,1.5783937478238177,2.066082552508789,1.2735888691850932,2.1348349767543717,1.3655749713563026,1.039111378186168,2.3599037094746382,2.1759247358166016,1.3528693037974684,0.6525576711020201,1.1039623922672581,1.0818925878337324,1.115570415472686,0.5254608060266972,2.5778952738159826,1.0707540432228455,0.7861246730864236,0.9423882207487139,1.0475063020210045,1.1918184255003037,0.928104875248964,1.8239079345003282,2.925941671989865,0.9880376251317453,2.6274383301840034,1.2668120398637748,1.7971615984387124,2.4629545097235623,1.545065527628284,0.49813235222318963,1.3387964664842311,0.7176109339229395,0.9655044753184978,1.8071801028696282,0.9194703152839305,0.5571090586330365,6.226745157162763,2.2460282959962283,0.87837316730678
2025-02-20,1.2660131954375762,1.5632441588728103,2.064544154128429,1.2531926326430243,2.082153264469311,1.3807013479755323,1.046095051486899,2.3187883249025996,2.169390559089423,1.3412066455696203,0.6500023208471756,1.1021889307447903,1.0816655770286698,1.1184806229573323,0.5320196956908191,2.5567889674706326,1.0602090139855904,0.7802205763236758,0.9273448141939997,1.0397883166229211,1.175251888475591,0.9512097855907368,1.7796596505051328,3.0906469859248995,0.9833232538422654,2.615260197551108,1.2518893184371196,1.7735718777902931,2.4629545097235623,1.544754012352903,0.4996061352932296,1.3296069414455185,0.7210062618283265,0.9622438053561756,1.8951810505234987,0.9163925822129909,0.5553837067760273,5.9922490943191,2.226784460192141,0.8829080297973589
2025-02-21,1.2769243531481533,1.5791598167283891,2.028776203900539,1.250852238240164,2.1198328151010473,1.3899452333941738,1.0330820587131118,2.3346018476613954,2.1269174794546926,1.329543829113924,0.6602235268373796,1.1199232073416674,1.087795978164528,1.1175105537957835,0.5332122914129286,2.648835536518364,1.056034946901157,0.776678159821737,0.9360365819884978,1.0436473616991322,1.2054614734914284,0.9555173303886567,1.7619419643997805,3.1240188785507184,0.9871396496480348,2.6342886023909045,1.2668120398637748,1.736689682307022,2.555855833091813,1.552851601696607,0.5000974119349721,1.3226639248548722,0.7435855200134164,0.97463460603994,1.9325666105049275,0.916007880275866,0.5576841368813883,5.924419463996619,2.2501519031519726,0.8863965035819805
2025-02-24,1.2937867486740127,1.5877920892945196,2.0256988434862837,1.2575394586126525,2.0845953628888165,1.4017102157953505,1.0500711284525466,2.3132538092862207,2.1225612286497064,1.3204729430379747,0.6666117464511516,1.1349974271059635,1.1091386687251568,1.1029597532636786,0.5290383656592137,2.6013468844979704,1.077783973259671,0.782582256584485,0.9377080443743037,1.0590833324952986,1.2015635129052402,0.9392657531618621,1.7580046206615316,3.25212304813097,1.0064469429913763,2.6594059573857125,1.2875741172064221,1.774866048151136,2.5418125821748885,1.565932103371311,0.5027992694713994,1.2985670450664533,0.7466413731864892,0.9951772408963474,1.9360177744383982,0.9133148491420512,0.5459898641946364,5.87403155270621,2.2529011424611087,0.8733150252246505
2025-02-25,1.298746365815184,1.6093725730996387,2.0226224224945857,1.2555332312420548,2.071337648545099,1.4151557926675624,1.0724822417258433,2.37070934567748,2.1263728982339942,1.3165854430379746,0.7074963363769586,1.1323372348222618,1.1125443855006798,1.0961692691328375,0.527547700643411,2.657630069609657,1.0696555621431472,0.7822870725242026,0.9457312272144793,1.070231603462089,1.203512456010441,0.9140072166411659,1.720206433395543,3.2122923233702014,0.993650382126719,2.6708227679667185,1.2830324839673712,1.7884539675205446,2.5947444093366836,1.582750122313038,0.4912548072251074,1.288969290652208,0.7383227078488582,0.9831125390621827,1.9734039931227028,0.9179314487484607,0.5431141801729931,5.959302310535326,2.274894049702359,0.8441871300326345
2025-02-26,1.3040366913777948,1.6026286636767804,2.0360835962072503,1.2642266789851409,2.1557683444696556,1.4294418720512747,1.0605537459513465,2.4028636642531245,2.0719203616125696,1.3243605221518988,0.7333688286430767,1.1429777330548279,1.1100467812828552,1.1107200696649424,0.5446904165852854,2.737951012401943,1.0676783901271019,0.7772685279423018,0.9637833477577977,1.0663726631402166,1.261982608561129,0.946118793836767,1.6965829721606616,3.1778443421784153,0.993650382126719,2.6860457241614277,1.2830324839673712,1.8033362153270587,2.697367414947321,1.6344494790539754,0.49064076999191375,1.314699711384076,0.7412086992452929,0.9922425901502061,2.0637053507861784,0.9402449841192877,0.5475235623395127,6.114341719069042,2.3601166072301956,0.8519486986542023
2025-02-27,1.283206501220957,1.6209721605422214,2.03992940427364,1.268573300758599,2.1010179635042197,1.4328032662693275,1.056216199416775,2.4044448394296567,2.059940771639008,1.3165854430379746,0.732410533291675,1.1429777330548279,1.0971050159333988,1.108780049787408,0.5420072013541356,2.760816117914223,1.0580121860082106,0.776382906501938,0.9621118853719919,1.0530804898815689,1.2658807922746764,0.9253636394829972,1.6965829721606616,3.170308764123457,0.9980053991340013,2.7073576305111486,1.2405350372743704,1.8026892091847684,2.731935214207078,1.7029666644401984,0.48720192721009126,1.2940745269233758,0.7243363157013823,0.9716998756603801,2.0625550359975633,0.9375519529854728,0.5383214320262312,7.08914724583908,2.3587420715116143,0.8404370590715236
2025-02-28,1.2822144768746813,1.614228251119363,2.0276220293462455,1.2712483726841475,2.1725526585460075,1.4117943984495094,1.0601923646749405,2.4605827566737077,2.0789991195604465,1.3049227848101266,0.7349658055348499,1.1465247915508843,1.1068680753123947,1.1786244371911014,0.5421562815077446,2.80713283410849,1.0766856263619895,0.7734309966395975,0.9611090079405084,1.0732330247689539,1.26393155166633,0.9147903711571425,1.7219783943883535,3.218751155505151,1.0074354749337568,2.7005073583042476,1.2924401811147086,1.8085125806179059,2.7416576881388894,1.695492391091919,0.47934187578371157,1.3034680419615907,0.7345238752836352,0.9964815566613275,2.0987907203256277,0.9413990899306619,0.5323784688267889,7.209303216308652,2.4096007324589945,0.8361638789960055
2025-03-03,1.3037059829563558,1.6055959785532323,2.0433908006294508,1.2638923077567081,2.171156717256491,1.4075927069959389,1.0695905734669682,2.4840397262816887,2.086622591715889,1.3152895569620253,0.7490199198898163,1.123470062661043,1.086660646789423,1.1951154944918667,0.5512493062494073,2.8159270090286874,1.0584514979308797,0.7778589653223833,0.9721408230751346,1.0440761212066358,1.2921924167043255,0.9243846475980142,1.7038669258136072,3.1789204307443826,1.0191104894427885,2.775859423288672,1.332018048882274,1.8253361630038156,2.7405770320737797,1.6892636079558376,0.4857281441400513,1.3210302592231598,0.735372852405543,0.9831125390621827,2.0803852445725353,0.9464003914741962,0.5132074762397413,7.527132791175624,2.4563356183786573,0.8506405422946122
2025-03-04,1.290149965218597,1.6271765940984897,1.9753164844139934,1.299669110316266,2.040650159708848,1.4445682486705045,1.0909172780334926,2.4149872416019895,2.082810922131601,1.2926121835443038,0.7518946499206817,1.1083959106223071,1.1034623585368715,1.136911818581195,0.5330632112593195,2.7139134338068924,1.0722917691342047,0.7802205763236758,0.9664577692692409,1.0770920698451647,1.2405436393976277,0.9010841923273083,1.6064186903227928,3.170308764123457,1.0366234727058423,2.861867673770829,1.3459675773337842,1.8272771814306865,2.682244299654711,1.6624793837592262,0.4708677402689507,1.2777378706062505,0.7277322241890137,0.9818081436637839,2.053927345731512,0.9294729771579697,0.4905856921047103,7.620156081380591,2.441215557602288,0.8459312816863735
2025-03-05,1.276263138141358,1.6269067902951255,1.9449327406328534,1.2672360200410373,2.117767767815746,1.4218786837416597,1.072120772156919,2.446878004148311,2.040337842496871,1.302331091772152,0.7467839494109924,1.1057357183386054,1.0598687955204682,1.1834746645532819,0.5563176674180137,2.763161243165312,1.0373616407293946,0.7654605421953563,0.9698007757350063,1.0286400456561309,1.3126569143152267,0.9429859808128118,1.60720625526158,3.1616967688255104,1.0188862006827526,2.86643490911355,1.3002260220135518,1.7910421501659681,2.6844045561990306,1.6873947065999944,0.4633760643272996,1.3106155473047947,0.747428145067929,0.9583309376946539,2.101666617080978,0.9467852109852626,0.49959608087189383,7.802325804077163,2.44946293978575,0.8553498881414224
2025-03-06,1.281883970289325,1.6223209160787653,1.9483939491041526,1.2568706140577015,2.1523135335687877,1.4126347983230183,1.0847723836543002,2.322634600736766,1.9962312851737796,1.2984435126582279,0.738159915341736,1.1119426982161222,1.0442023458106764,1.2028759293386935,0.5600443527109016,2.7221212826429304,1.042414398750175,0.7814014510838387,1.0182740835590678,1.0162054961668292,1.3019374297334758,0.9643283548335275,1.610749696291513,3.1950683327743086,1.0188862006827526,2.7712928849145673,1.2836813453058418,1.7800424134419834,2.6573984465338154,1.6687081668953079,0.4644813782022358,1.337571154916315,0.7521823671864205,0.9544179903997135,2.0918883924586864,0.9413990899306619,0.5089898063413312,7.798450720940111,2.4590848576877935,0.835940553938201
2025-03-07,1.2934563430066977,1.6282555458316696,1.9649319195775379,1.2709140014557145,2.084966449372311,1.4563331284336898,1.1089908447722177,2.3105073204015394,2.0076662939266425,1.295851819620253,0.7368822402143137,1.1287903795028862,1.0555548275123505,1.2009359094611591,0.5604914566514413,2.668183222782332,1.0525199818827442,0.7997039709736136,1.0002218813215957,1.0260674886111083,1.2921924167043255,0.9326084523759391,1.62787700929008,3.154161190770552,1.0343782263302288,2.7994548311483167,1.29568428974194,1.7988068561785016,2.6249911677148523,1.6674624863866683,0.4778680927136716,1.3034680419615907,0.7391082356254887,0.9589830557604346,2.0395483010900106,0.9487087206708863,0.5155079649010791,7.765504528681775,2.438466486165125,0.8379470699155745
2025-03-10,1.2855209555808231,1.597233509790466,1.9791622924803827,1.2642266789851409,1.9858652689785865,1.4580139281807076,1.1267028536495005,2.25356183013178,2.006577264472113,1.2718785601265823,0.7419927847006633,1.1509583776314936,1.0848442136616823,1.168923745575614,0.5555723121567311,2.567928446727467,1.0782232851823403,0.7917335165293724,1.0132595330133427,1.0552242874190878,1.2902431760959794,0.8840493631045127,1.6475634875034786,3.100335727142855,1.0572794727173285,2.7583536625526546,1.2904937951644184,1.7878071194545166,2.528849459530123,1.666216425285145,0.47700839373201287,1.2877441037725557,0.7413156093185772,0.9638741403373368,1.9895084001633143,0.9425533133159778,0.5256686565549082,7.10077545287742,2.4645831684340926,0.8424836371775872
2025-03-11,1.251465153353542,1.5484074527504113,1.9637783086767793,1.237143324168669,1.9788859885774808,1.453812134089146,1.0959778519984305,2.2187619692996674,1.9907861379011307,1.2634555379746835,0.7288969656970986,1.1447511945772957,1.0862064865044019,1.147582579358231,0.5478208267704997,2.53920043854469,1.0887683144195954,0.7769733438820194,1.0015591329243942,1.0663726631402166,1.2863452898855774,0.8791542087195492,1.620986717867606,3.119712880901745,1.0296632397080738,2.7065965407821313,1.289196171520038,1.7942776551062072,2.4424299613807303,1.6419241329951384,0.46214794300572465,1.2810050771814119,0.7212800478267065,0.9736563094911409,1.9331418776830478,0.9421684938049114,0.5201090007797314,7.242248817041552,2.4480884040671684,0.8305316551336038
2025-03-12,1.2537797086314495,1.5713368238322125,1.975700896124572,1.2538613750998902,2.0385563542861926,1.4605350251632432,1.0771813461218571,2.23484371707059,2.0142006036406883,1.2712306170886076,0.7001498994234547,1.1314505717865881,1.0818925878337324,1.1534028758819606,0.5584045620347274,2.6154174569189568,1.076246113166295,0.7595563761730917,1.0028963845271925,1.0483639257903505,1.26782988413145,0.8832661111085116,1.6416575921350278,3.0949533122508934,1.0289895529843993,2.6738673592056603,1.2629191689306336,1.770983853221132,2.5115655599002444,1.6774285013451105,0.4475330603175264,1.2763083196623042,0.7087153357150476,0.982786440212583,1.9613251389231812,0.9206244798822756,0.5172333167580881,7.567830332758938,2.4659575362807007,0.818405189733389
2025-03-13,1.2431992593423111,1.6026286636767804,2.0022384560702995,1.2421586883989928,2.0158747048429877,1.4235593808506863,1.0836878866550097,2.24908008963803,2.0201904651209026,1.270582674050633,0.6975946271802799,1.12967711026412,1.0857524648942765,1.1320614727734515,0.553336291879646,2.5430154979737813,1.0775643172983362,0.7704789482582236,0.999219085584266,1.0487926852978542,1.2541866873887524,0.883145528318337,1.6452011534038826,3.096029729493882,1.0159672675834646,2.6852844021095383,1.2629191689306336,1.803983221469349,2.501843349864908,1.6942465202868375,0.43770799603455174,1.2765125590383344,0.70718724324787,0.9778952760022622,1.9647763028566516,0.9244716168274648,0.5128239931475453,7.47480704255397,2.397229743119788,0.8252972396852378
2025-03-14,1.2613842867178435,1.617735041862405,2.0256988434862837,1.1341595382634524,2.0570506059073264,1.4311225691603011,1.0923631563091891,2.29363474354324,2.059940771639008,1.2803015822784811,0.6988723023077023,1.0418921871387266,1.0968779357908882,1.151462737558863,0.5651125773592207,2.5858291217635774,1.0898667954992936,0.7577852718113974,1.0102509007188922,1.05565315168093,1.2395690190934543,0.9058606160425605,1.6891019469146362,3.1111008856037987,1.0193351884246078,2.5452355283469332,1.2554577587010254,1.8020420449662156,2.5418125821748885,1.7054584060503613,0.44581375606458407,1.3100028291767045,0.7014142651711531,0.9938729251313673,2.000436720006596,0.9317812475676891,0.5074562253084085,7.7170550462480465,2.4398410218837063,0.8406516045564449
2025-03-17,1.2603924642076505,1.6055959785532323,2.0583903727224757,1.0840050791755336,2.0577486830637044,1.4487700427620664,1.1104366347553962,2.3139348367779964,2.076821060651387,1.2913162974683545,0.7062188172728758,1.0303648226938058,1.1086844391026875,1.1466123917511193,0.5749510028689283,2.6315754504874573,1.085912384376195,0.7628036778742647,1.01426249213898,1.0513653470972153,1.2571102507981267,0.9180013631606612,1.7003232443058303,3.1089477224408015,1.0319082809727957,2.4409604273997414,1.272651395779767,1.8001010265393447,2.5137258164445635,1.7347339912642514,0.4577266406507923,1.302242979770202,0.7065081279026002,0.9893078597706462,2.007913875916407,0.9444768230016016,0.527585720680027,7.767442366013019,2.4700813113084186,0.8533015200253533
2025-03-18,1.2451831061987797,1.597772985657056,2.0737745444105906,1.090358030417674,2.1191634960820234,1.4546525339626548,1.107183408635079,2.3576983395970155,2.050683821795204,1.302331091772152,0.7058993594851853,1.0480991670162434,1.100964754319047,1.1611633107287873,0.5780813675473803,2.72658642261127,1.0766856263619895,0.7551283382307892,1.0062393909929581,1.0496503090672002,1.2658807922746764,0.928771443655766,1.7237501149033199,3.1078713051978135,1.016865243067175,2.5284906250170613,1.2687585248466258,1.7761600604357166,2.60554674764418,1.7453230367734553,0.4786049842486916,1.3032640519620884,0.7063382661259622,0.9948512216801664,2.017691880971073,0.9560182926241398,0.5281608574843556,7.860465656217986,2.4797033970824356,0.8561804527838832
2025-03-19,1.2451831061987797,1.589410648634428,2.108388507968699,1.0743084156490637,2.127887223792736,1.4529718368536282,1.0880255214820993,2.361916524061442,2.0675642437944504,1.302331091772152,0.6953587347131257,1.0392319948550248,1.1055058024696751,1.1640733997678703,0.5770379429924045,2.7389026730040267,1.06987528519549,0.7548331541705068,0.9938703242555335,1.0432186021916283,1.2532122158361518,0.9270091997747821,1.7416648726017523,3.102488890305852,1.016191761454392,2.503373037699381,1.278166321026524,1.7690423605654735,2.5807008945232837,1.7490602685958159,0.48830724108502743,1.2867230315806695,0.6912267470590606,0.9922425901502061,2.0297705156029693,0.9510169910806058,0.5164665262416268,7.875969537918814,2.468706775589837,0.8560931684864818
2025-03-20,1.2468362446338093,1.5926476355741057,2.114926888969742,1.0833362346205826,2.1079972439053254,1.4546525339626548,1.0923631563091891,2.309716491314163,2.0958794085728254,1.2952037974683543,0.7011081167631866,1.0507592915743849,1.1282108352104712,1.1660136565365309,0.5938824531202986,2.696089228299779,1.08898797038093,0.7675268998768496,0.9828385091209072,1.0599408515103061,1.261982608561129,0.9111477376056099,1.7658793081380288,3.120789298144733,1.0247237592149914,2.5406689899728288,1.2775174596880532,1.7606308064869123,2.5256088108171695,1.7403399341460133,0.4901494933501712,1.266097847119969,0.7051497313314194,1.0228934930100173,2.0573785096649826,0.939860282182163,0.5245183243902741,7.718992883579291,2.3800230337134765,0.8450136032236546
2025-03-21,1.2230302841922687,1.5656718661425342,2.0976197193061763,1.0886860721774245,2.0758940026182686,1.4622156196342782,1.0909172780334926,2.3242162589115187,2.1094926092216153,1.282245332278481,0.6931229202576413,1.0534195515836473,1.1145877600960352,1.1456423225895707,0.5949260141955615,2.6849456300753403,1.0755870781912826,0.7666412784364858,0.9811668833467938,1.053938113650915,1.2522377442835515,0.883145528318337,1.7717853237454015,3.1111008856037987,1.0229276031366787,2.541429847378974,1.2749223114318533,1.7690423605654735,2.5029237420335426,1.728505017831728,0.46521831659244334,1.2219886256872037,0.7010747074985183,1.0150676780535555,2.0297705156029693,0.9287034557097787,0.5064976054118839,7.757751996305924,2.3703985977318314,0.83000820506491
2025-03-24,1.2332801259780093,1.5446307264638668,2.0960815088103275,1.0893548146342902,2.118814564015454,1.453812134089146,1.0735667387251338,2.337398246362259,2.1018692700530397,1.293907990506329,0.6899287324390856,1.0463257054937756,1.0980131284910972,1.1572830340825924,0.6105780196148708,2.7136838461343533,1.0676783901271019,0.757194834431316,0.9778239585751821,1.0419322189147786,1.2502886524267778,0.9029233479475386,1.735562025879143,3.1789204307443826,1.0101297090512258,2.5383854884629042,1.2505915957601783,1.765807329854022,2.545053230887842,1.7366025120272108,0.45281410850930504,1.2371000951246764,0.6966601259929822,1.002676877369791,2.0809605117506553,0.9360131452369738,0.503430267678108,7.655039519444735,2.388272766104567,0.8423092390599276
2025-03-25,1.2504733308433489,1.5262873613385641,2.1268496643020462,1.1027293574773525,2.149522077036233,1.442047151687969,1.074289677862982,2.3447802301744125,2.114938022467998,1.3088103639240507,0.6985529225316816,1.0472124362550095,1.0957427430906792,1.1873549411994768,0.6163915995244725,2.7160298668131824,1.071193422236523,0.7598515602333741,0.9667921434405559,1.0419322189147786,1.26782988413145,0.93738750805185,1.7398931520867855,3.1638492746344657,1.0081089565465398,2.5307738942041134,1.2398862749684607,1.7722778655057125,2.588263111910776,1.7390942536373737,0.4526913010626663,1.2436347576515265,0.6880006588779071,0.9961554578117278,2.110293868211779,0.9344742199145332,0.5036219799462175,7.7693807948697,2.4350207460381585,0.8472818868546609
2025-03-26,1.2293124322650721,1.5149575776993456,2.1776169987384493,1.1124258168076522,2.1582455917237064,1.4521314369801193,1.066698816915575,2.361389090003982,2.1073145503125557,1.2790056962025316,0.7027051716666296,1.0489859655030378,1.1120902945531066,1.1786244371911014,0.6247393600183775,2.7207215499997446,1.0856927284148603,0.7630987926750304,0.9420540099657064,1.0535092493890728,1.2590591939033275,0.9319045491197944,1.7599734127695776,3.192915498288332,1.0081089565465398,2.562741753728695,1.2395618442992251,1.7793952492234306,2.564497650958515,1.7453230367734553,0.44790157636781774,1.2415928626442814,0.6912267470590606,1.008872357345092,2.109718820601284,0.939860282182163,0.4994043686037843,7.767442366013019,2.470769250655603,0.8513822031068096
2025-03-27,1.2266672694837668,1.5101018996796212,2.171078805621918,1.1010575013351878,2.1181166998823153,1.4554928311981723,1.0681446951912716,2.355325530336072,2.1018692700530397,1.2679909810126582,0.6817323583434846,1.0507592915743849,1.1141336691484618,1.1601932415672385,0.6224452276057126,2.7365568314107453,1.07317052716156,0.7613276190538194,0.9420540099657064,1.0453625044834858,1.2580848711022998,0.9093853962446016,1.7560360690313295,3.202603910829267,1.0143957079315253,2.6510332733979043,1.2389129829607546,1.7962185154568155,2.509997223149342,1.740962774400333,0.44691906993952024,1.2156582025363838,0.6866423037768865,1.0085462584954923,2.128124076786751,0.9383214156466931,0.5005545836564648,7.722868558241779,2.507892626735576,0.8398663868341184
2025-03-28,1.2299736472718674,1.5397751801842807,2.1510796266772334,1.1110884339920055,2.048327091219853,1.4773420988914994,1.0760970257076028,2.3342347690133463,2.1165715001563594,1.2608638449367089,0.6842880986566781,1.0622867237448657,1.1460341649181498,1.1495225992357656,0.6197616483204638,2.6925700181959873,1.1033774485785999,0.7722501911389513,0.9477369820774464,1.070231603462089,1.2590591939033275,0.8825581136913424,1.7146944407354077,3.2219807359111363,1.0298876310235556,2.6989849465233404,1.2648655548809238,1.8285713517915296,2.4754212430988596,1.7459458770277752,0.44188368349620666,1.1948286540113897,0.6949621302790062,1.0473489955279465,2.110869135389899,0.9383214156466931,0.5174250875821745,7.4728686136972895,2.5243919236457826,0.8228544726980003
2025-03-31,1.2303043556933064,1.5179247608356594,2.1730018035973684,1.1110884339920055,2.008546705398552,1.4722999049264285,1.0569390502621052,2.3039163266761693,2.108948160987784,1.2511448575949367,0.6932330727353505,1.0427787824488397,1.1460341649181498,1.1252711070881734,0.6158853367928181,2.649756215320643,1.1077713058063845,0.7719549378191521,0.9527515326231715,1.0852389195050902,1.2532122158361518,0.8400653038179416,1.7170566545960817,3.2155219037761866,1.0350518104984574,2.7058352187302415,1.2694072871525357,1.8538063301797383,2.4624554814893447,1.7291280483824898,0.4169525067384788,1.1447974881798644,0.6840954138813233,1.0395232602049032,2.0729080886627247,0.9340895767643791,0.4992125977796979,7.257752107216943,2.549140785075107,0.800259091162482
2025-04-01,1.251795861774981,1.5330312707614224,2.158771618579035,1.1033980999342181,2.0511185477524077,1.4756612991444815,1.061999624227043,2.3126164126337527,2.1307291490389804,1.2641034018987343,0.6941914460984219,1.022384381293821,1.1494398816936726,1.1146004647567003,0.6215507011772964,2.6908105026868654,1.118206439971964,0.7704789482582236,0.9694664832578452,1.0933857691650157,1.26393155166633,0.8390861169729099,1.7048510813897864,3.27150020188986,1.0372969543186252,2.7134465806661603,1.2716782028046218,1.8589826954705855,2.4775822913326038,1.7397169035952516,0.4261635806434473,1.1605216757454269,0.6869818614495214,1.0307192283330606,2.0878624004823463,0.9406296860564124,0.5247100366583838,7.55232645105811,2.5601404282632276,0.8121238741476355
2025-04-02,1.2455137137021772,1.5144179700926172,2.1383876521547487,1.1070760813488953,2.0710087406630584,1.4891069786546849,1.0363353731259473,2.327907331317299,2.129640252571318,1.25632832278481,0.6868438389698716,1.0330249472519473,1.1443313758678362,1.108780049787408,0.623637914341347,2.7183755293209155,1.1247969909951119,0.7719549378191521,0.9788268360066655,1.0912418668731585,1.2571102507981267,0.8420233850679318,1.70524486385918,3.2435107241560024,1.0426855251090088,2.778904246850486,1.2593508276992884,1.8259830110698436,2.490548316838594,1.7422086452054146,0.4356202225865057,1.1556206788502894,0.695131950585484,1.0264802618219393,2.0838361889383807,0.9406296860564124,0.5388965688305598,7.32364390020818,2.517517230589194,0.8028763415059508
2025-04-03,1.271964736006982,1.536538193244603,2.051852179605944,1.1555587863927348,1.8906021282938852,1.520200029128662,1.0594694255370922,2.121480170588532,2.137807906986857,1.2253178006329113,0.6884411279083238,1.0613998575325114,1.1954175435253696,1.072887846146794,0.5944165659905394,2.6538617515085945,1.1764233877376555,0.7781541493826657,0.9895244403582845,1.1547009975965166,1.2580848711022998,0.7848441859794091,1.576692021648537,3.2661174583208776,1.0741187692567078,2.823811096414108,1.2804372366786103,1.8764531259225232,2.1588354618013486,1.7278821775774083,0.4012323570305319,1.0651557275366923,0.6910569267525829,1.0779999780211764,2.0044629315505613,0.9129301472049265,0.5440727415135408,7.228682181146532,2.549140785075107,0.7839451104512888
2025-04-04,1.2319575950463775,1.4577689201563861,1.9087800029253619,1.1368344059928308,1.7450908528140425,1.478182396127017,1.0247681703353386,2.003634722613317,2.0779100901059167,1.1527447784810128,0.658411627795402,1.051646022335619,1.1738477728222303,0.9952827870051477,0.5566971028028707,2.424544677232774,1.1572008745715485,0.7501100014274387,0.9714722381208123,1.1212562894504838,1.2200789186593675,0.717638922681964,1.459557428183246,3.1756911790154185,1.0539116544316312,2.763681522978649,1.2441034775382764,1.8279243456492393,2.071963249249099,1.6363181901133768,0.413022481025289,0.9675437696329464,0.6832464782295758,1.0440883255656241,1.8692984188605954,0.8559922617534553,0.5302696338775839,6.38565964883353,2.3772732907884198,0.7396268493999801
2025-04-07,1.1688057086510275,1.3563402115298706,1.823398517046339,1.0937015385058333,1.6878633311061753,1.3958277245947621,0.9625953161878681,1.9451074131693975,1.9150970614623408,1.0983149525316456,0.6257626128292532,1.0339116780131814,1.103235278394361,0.9623007316263985,0.5326937873621896,2.4339284017769938,1.106123550641333,0.7005158933622303,0.9507456960660507,1.0672301821552241,1.151863678703743,0.7099628581611056,1.373921103668255,2.9754611379685887,1.0047411382608422,2.7271468927570903,1.15683786656531,1.7774542307965597,2.0252859004929524,1.5357222577759408,0.3898106788032848,0.9395671521736718,0.6711911440970295,0.9818081436637839,1.8411148282690244,0.8279080209648447,0.5193421517072931,6.1608527726460895,2.2590283016199395,0.7386672335599941
2025-04-08,1.2068290027551634,1.399231638817021,1.8414746980155732,1.1281409582497448,1.7730068027906472,1.4529718368536282,0.9691018567210207,1.9382530244141114,1.976083774810944,1.1333055379746835,0.6335574608605702,1.0489859655030378,1.1252592093825216,0.9933427079048318,0.5404464559242432,2.482607077263863,1.1286414399555267,0.7306264682584673,0.9821697607782773,1.0843814004900827,1.1567362595941046,0.7271949869532736,1.3947885685730688,3.052969753004149,1.029214046855327,2.7986937414193003,1.1990108825890755,1.8389242404494868,1.9941674920578707,1.6064195743487246,0.3878456425190961,0.9744869732559883,0.6937735954844635,1.0056116077493509,1.9072592460201447,0.8625324298324596,0.5321867565586793,6.581396007425123,2.382772944510507,0.7355265331478315
2025-04-09,1.2002162471789624,1.3038723301049535,1.7626312173685703,1.1207849954203903,1.6864673898166582,1.414315495432045,0.913796924383109,1.8802529880282455,1.95049111717546,1.093131170886076,0.5991833348350579,1.045439042458102,1.1048246313795913,0.972971433180653,0.5237485230780264,2.4116421007558575,1.1127142358464976,0.7080435024565311,0.9861814338925189,1.0663726631402166,1.1265266002024807,0.6911641766369235,1.3109244455287323,2.9851492218325024,1.011027787090382,2.784231874953608,1.1600819751925415,1.8143362682035684,1.8990834809449262,1.557834704324049,0.42481260502004603,0.9728531829360121,0.6842651927176407,0.9759388421715014,1.8520430383284932,0.8382953259890379,0.5461815764627459,6.430232273553896,2.298901588496942,0.718340135655482
2025-04-10,1.2438604743491064,1.351214729706782,1.7891689651988096,1.0519061559325675,1.816276189742782,1.4731402021619462,0.9217492548994402,1.934298556978415,2.0327146363151627,1.1501528481012657,0.6118340582567745,1.014403939893836,1.1309353808959106,1.019534397598303,0.5422355542878383,2.525420880139207,1.1478640873036505,0.7027606635588075,1.0095823974587237,1.0963871904718805,1.1606342945560792,0.7406674086846123,1.3449819999327863,3.046510263515158,1.0260708249960029,2.8032602797934048,1.1857101164434753,1.83504188744322,1.9855234310711314,1.5464242442234089,0.4508490956527101,1.0006257480516523,0.69954653209102,1.0000683254732494,1.908459841794939,0.8759974679275924,0.5442644537816503,6.720930942732574,2.4033970236802724,0.7342179505953829
2025-04-11,1.2531182917885715,1.3498659741702381,1.7753230040065433,1.095707765876431,1.8002246756108735,1.4933087727462468,0.9354850102260395,1.960134936823028,2.0348926952242223,1.1508007911392406,0.6228235621766661,1.0339116780131814,1.1488723546810162,1.026324763283581,0.5455154541875231,2.525420880139207,1.1720297317828958,0.7036464927777215,1.0296402728650091,1.1088217399611822,1.2064360194198154,0.7647923012616255,1.3060027057364607,3.070193743600042,1.048747680067621,2.874807128455614,1.2149067969908758,1.873864785200837,2.037819531624661,1.551098115132773,0.44286623677969167,1.035953985541897,0.6971694625019346,1.0131113238562133,1.9205424286440897,0.8871542356130059,0.548290352855974,6.722868780063818,2.4267711815190416,0.7508808980190386
2025-04-14,1.2775855681549488,1.3919481217874343,1.8110911421189446,1.1247972459654154,1.8871128076281918,1.5244019258582153,0.9560888639472336,2.0323713457763337,2.0593963234051764,1.171535996835443,0.6344520206777732,1.0755874819866942,1.176685893247649,1.0457260280689926,0.564449725858162,2.616326495160616,1.181915591863122,0.714424035434831,1.046355141805529,1.1242577107573488,1.2590591939033275,0.7781080238537519,1.3434071105330558,3.1100241396837895,1.0534626666897757,2.993544095868498,1.2295051867808564,1.8900413614444567,2.1380899001607063,1.5947207199903939,0.45170874777918124,1.0620926356492972,0.71618626803558,1.0232195122261984,1.9775026619829965,0.9171619860872404,0.5735961380225272,6.875969168215416,2.485893508231309,0.7577728627323156
2025-04-15,1.311310661960791,1.3865530996412585,1.8241675283520076,1.1552243130662168,1.9485278336697502,1.542049296821989,0.9730781102717043,2.0655893874342866,2.1214721991951766,1.1896791930379746,0.6345797647870144,1.0942084893448054,1.1971204712505792,1.066097480461516,0.5687733233533969,2.6796672626335227,1.2104748922971271,0.7259399537997467,1.0630700924402028,1.1572736593958775,1.261982608561129,0.7954184778455199,1.3652590917308147,3.1810739225844005,1.052339992224246,3.0757466653826957,1.2278831324672408,1.9107471387603707,2.215021396396322,1.6283725524785255,0.46091982168414974,1.045347625268376,0.691396525895378,1.0470229763117656,2.0367646227372598,0.9348589806386286,0.6006272164901126,7.091085674695762,2.5450160028155486,0.7594304972357984
2025-04-16,1.3073430691658952,1.383046177158078,1.8726278288714049,1.1555587863927348,1.9401528250023672,1.5714616501869396,0.972716464117744,2.0766622826528134,2.131818311480377,1.1721839398734177,0.6295961842932084,1.0995287384610883,1.2220959587292415,1.0544566505229311,0.5780168389583029,2.6949160388748163,1.2170655104112833,0.7252016473514572,1.0891453958236967,1.1748537419925784,1.2522377442835515,0.7965933558395214,1.3947885685730688,3.2252103163171215,1.066260458219783,3.0673744460406316,1.2418326609187509,1.9230410458451985,2.20097484677346,1.6327347178160667,0.44851566045619895,1.0502486221635134,0.7056590678403717,1.065283158121231,2.0361891359915143,0.9475546148595121,0.602160914634989,7.0174425323795475,2.5367664382964317,0.7595177815331998
2025-04-17,1.319907365311502,1.3655119599625911,1.8760890373427042,1.185651380167018,1.9352675630471567,1.5823862327146077,0.9662100118771095,2.0800893160310494,2.1448869309084686,1.1624643987341772,0.628446058245853,1.138544282425339,1.2249340791546601,1.041951760201746,0.5869621487492285,2.690224355688254,1.221459166366043,0.7249063940316581,1.0704246903260561,1.174424877730736,1.2348714444283462,0.7928727870084862,1.4150657806100189,3.235975474778065,1.0790583523052362,3.130548378392161,1.2343712506891429,1.922393881626646,2.1966527503059714,1.6408360179403874,0.46055135248904594,1.0445307301083877,0.7032819982512862,1.0698481438485334,2.022956014786123,0.9525559164030462,0.6188396477366124,6.923055184517118,2.499643062216459,0.7673693620864629
2025-04-22,1.3261895133843058,1.3676699951690892,1.870704643011443,1.2033725447835382,1.9541109597580992,1.5983530092073464,0.9846449598922408,2.1098801633113586,2.1421641577918433,1.1508007911392406,0.6261459621744817,1.164259000422201,1.2408276090069623,1.041951760201746,0.5826385512539934,2.696089228299779,1.2258529565028196,0.7308119452442572,1.0797850430748765,1.183858005913173,1.2416940096849174,0.7965933558395214,1.4132941803339745,3.286571029322756,1.0958976488446155,3.1168480663012303,1.2535113727507354,1.9379232936517126,2.2096187758119616,1.6769807338173333,0.47037646362720814,1.0467770515240584,0.7131300001609042,1.0662612954031927,2.050573230688396,0.9610195941676741,0.6251660940282506,6.938560249268819,2.507892626735576,0.7794085431892762
2025-04-23,1.3328021680424655,1.3976130794771129,1.870320043416353,1.196016581954184,2.0500717515526996,1.59078971825974,0.9969350135281796,2.2282530453440343,2.1476094380513593,1.1663522151898733,0.6408412544432521,1.1456378576129693,1.212446404752777,1.0681459964748232,0.5966529048149614,2.794619052356287,1.2060811021603506,0.6891778334362645,1.0717618602347008,1.1499845382596365,1.2446177962216505,0.8220498255497484,1.4085692716569387,3.304871765838658,1.081303496125404,3.043779038180986,1.2346957803909389,1.9495700365179878,2.3500836122993967,1.6807198686041127,0.4740608275919329,1.0882316598214887,0.7097340916732728,1.0421318121014447,2.1155885219267367,0.9660208957112083,0.6360935176425645,7.052910397575337,2.4968931514194286,0.8000846930448223
2025-04-24,1.3473502101264998,1.4086730593129673,1.8722430413918034,1.204709927599185,2.021109111888007,1.5975126093338374,1.0077791005959038,2.201889231441961,2.160133476258752,1.178015743670886,0.6417996278063236,1.1580520882702445,1.221528362379137,1.1166539554836565,0.6019164899942461,2.7488730818035023,1.2143194754395585,0.6909494918740926,1.0724304451890232,1.166278132825149,1.258262926734793,0.8439816612779709,1.4260903671248992,3.307024929001655,1.075690431464093,3.0026778695853236,1.2218671024627517,1.9540997118190697,2.340938016061927,1.6794734269097056,0.47995595987209283,1.093540886092159,0.7133249099143708,1.0511367590886815,2.09027303343982,0.9131039802776767,0.6251660940282506,7.124622209340113,2.49001845836284,0.8046210898296916
2025-04-25,1.3450356548485922,1.4027384295600631,1.8953190170972087,1.1966853244110498,2.0437905483079724,1.5958320148628022,1.0041644931991804,2.198725593093641,2.1797365383877563,1.190975158227848,0.6334297167513289,1.1527317037028408,1.2169871755536128,1.1215048935192156,0.5973983510897687,2.783475812302944,1.213220927268852,0.6840103808934048,1.0724304451890232,1.158988802180231,1.2514402871024355,0.8412402305519553,1.434949330416497,3.3877631244432007,1.0518911070378367,2.937981525452887,1.2247870775184302,1.94309965894256,2.3576468852727888,1.6944297757603817,0.4761487416055417,1.0963999879800514,0.7012444863348357,1.0538704947194284,2.1000538928736145,0.9146438461916507,0.6286168562982457,7.320374539118501,2.458394736004954,0.7938905765178986
2025-04-28,1.3400762395435033,1.41973317088896,1.8907040098406391,1.1946790970404522,2.059493343396551,1.592470518006758,1.018623187663628,2.1979347640062645,2.1563219396613316,1.1851434335443038,0.6376466375605127,1.1482981176222313,1.2169871755536128,1.0982209831763476,0.5990382782862299,2.7981382624600784,1.2176147174056282,0.6915399985136907,1.0797850430748765,1.166706892332653,1.2475418058857426,0.826749532485803,1.4253028021861118,3.4168283620660045,1.055034226341715,2.9204755323939984,1.2218671024627517,1.935335111006289,2.3122661918465357,1.7093861246110578,0.4846228302651151,1.0843516104299737,0.7029424405786514,1.0574573431647691,2.097177117847763,0.9107943577676283,0.6343681657855553,7.310684169411406,2.43364587457563,0.789528577850689
2025-04-29,1.3599145062721067,1.4321420380014969,1.879165458334402,1.2200906978128445,2.0797322553505313,1.5773441413875282,1.0352508761266568,2.2556709223639935,2.179191957167058,1.1793117088607594,0.636368728398081,1.1598254143415918,1.226069271854869,1.086579087227695,0.5993364841002102,2.8427114017589963,1.2253038836904913,0.7018748343398934,1.0898139807780192,1.1825717273906615,1.258262926734793,0.833211580782866,1.3906546341974284,3.434052352661898,1.052339992224246,2.9433093858788815,1.2244626468491948,1.957981906749074,2.3684521264415097,1.7330669944332582,0.4957989170266785,1.07781682321486,0.6988673338054296,1.0721305968954753,2.105232175747197,0.907329747641643,0.64222831022207,7.2951785131342675,2.399272241420714,0.7932798421518035
2025-04-30,1.3873574520051457,1.4469787441238957,1.8772424603589515,1.2394839227676995,2.071357459706388,1.6386899450999648,1.0724822417258433,2.193452862513108,2.214586145867044,1.2078225474683544,0.6734263778518629,1.182880143231433,1.229474988630392,1.0904597192105794,0.5902420941556757,2.8045894611557625,1.238484985736787,0.7142764434046898,1.0891453958236967,1.1962925554024746,1.2660598891681782,0.7946351771095067,1.3792363854520764,3.4480467628518054,1.0685058071508426,2.960815611260643,1.2212181420917203,1.9890404146466825,2.325231953456051,1.7449074293443583,0.4825350099618814,0.9981752496040835,0.7104132899588632,1.1034337770879046,2.1081089507730484,0.9027103262606336,0.6449122234196268,7.308745740554725,2.432270835241128,0.7759189613032228
2025-05-01,1.4048812643738828,1.4307931507248144,1.874166039367254,1.245502298585237,2.0573995379738954,1.6092775917350142,1.0576619893999535,2.174207476393865,2.21894239667203,1.2233738132911391,0.6887605076843445,1.188200392347716,1.2164195792035082,1.1088928099634512,0.6054491344522779,2.7905136952538836,1.2434278486858918,0.715457525943403,1.087808225915052,1.1920048555730984,1.274831769408882,0.8212666710337717,1.3780551582828175,3.3927041260962816,1.0610963813003271,2.897641446586242,1.261125293124001,1.9890404146466825,2.370613174675254,1.7474001224367308,0.4897810241550674,0.9987372196088254,0.7124508018753138,1.1132159462417088,2.0522990322227566,0.9077146847266513,0.6579485405391226,7.432786850093775,2.457019864542426,0.7729528294858631
2025-05-02,1.426042062034118,1.4504855348669379,1.9126261867607743,1.2404869343549132,2.1010179635042197,1.6227232712452175,1.0471793719011533,2.2287799964032735,2.243990606073683,1.2350373417721519,0.6903578746344665,1.167805923467137,1.2107434770275673,1.1215048935192156,0.6106672128691668,2.8268761203479955,1.2247545425141295,0.7346505846992292,1.0891453958236967,1.175282501500082,1.2767810100172283,0.8365405236159006,1.3792363854520764,3.400241347536344,1.0700773668027816,2.875567985861759,1.2925964544956772,1.9890404146466825,2.369532518610144,1.7692115200137621,0.49113199977846866,1.0085407096582657,0.7199217341958463,1.103107678238305,2.0304358055074365,0.9154137203616669,0.6556479347658312,7.597529641894197,2.4377706568351885,0.7855154606573701
2025-05-06,1.4243888226810473,1.4432020178373512,1.8722430413918034,1.2598798530155129,2.08043033250691,1.6302864595548323,1.0482638689004438,2.2316800787222704,2.238000877580336,1.2486447784810126,0.6820518941428448,1.2077081981926214,1.2169871755536128,1.12732578227076,0.6075363476163285,2.803416450816348,1.248370845817013,0.7364222431370572,1.1125462776957478,1.1877170509893837,1.2621614079514856,0.810692379167661,1.3983323703197676,3.427158680828483,1.0732207937729974,2.74160852689991,1.2994098946798618,2.019451916402001,2.2820120443670673,1.799747438562318,0.49837801397165465,1.0120128413949077,0.7321468056945497,1.1164766958374497,2.060354309689816,0.9227277601247037,0.6504717620828502,7.570395778578719,2.49001845836284,0.7814151444052214
2025-05-07,1.4300097557470555,1.416765856012508,1.8683970454409025,1.2679047624979032,2.066821129817747,1.6353285508819118,0.9969350135281796,2.222980153764094,2.222753933269451,1.2551245253164558,0.6759820401533866,1.2165752349027197,1.221528362379137,1.1205347059121036,0.6176743896496507,2.791100200423591,1.2434278486858918,0.733469502160516,1.1305984799332198,1.1830004868981654,1.2504656667982623,0.8097132898026537,1.3814020086753585,3.426082263585495,1.0772620936714778,2.7674872039466076,1.308170017912019,2.0414517060024955,2.260402089822575,1.8122109040241798,0.5094311995762042,1.0293732507015896,0.7348634329562701,1.1148463608562886,2.078190227023044,0.9234976930816906,0.6391609139323172,7.42309648038668,2.4515200429483657,0.7920585438967563
2025-05-08,1.4293484398222187,1.366860715499135,1.8737812518876522,1.2612174400273295,2.1289338069692043,1.6101178889705317,0.9860909264604554,2.224229026164497,2.190867406175604,1.2823394778481012,0.6823712739188655,1.2112552566886778,1.1976880676006838,1.1661322205451647,0.619165236692503,2.8503356107940947,1.2143194754395585,0.7223965676645739,1.1132149443442239,1.1456967336759218,1.248516426189916,0.8009013392975511,1.3997103083653404,3.166596028496955,1.055483316639016,2.753786659532806,1.2951921969472422,1.9935697737952396,2.3047026549766687,1.8053562358907083,0.5188878415192626,1.0326411430622016,0.7399572956877171,1.1021294613229244,2.089697327126449,0.9211880117846712,0.6460624970282842,7.69443688811777,2.4198963205904795,0.7755699945907603
2025-05-09,1.4220744692392222,1.3811578140148058,1.8907040098406391,1.2628892961694942,2.1425430096583673,1.6000337063163728,0.9958505165288891,2.2389941207846533,2.1946794747204934,1.291411075949367,0.6830102675059162,1.225442542515059,1.1965528749004748,1.1632217761693924,0.6228924680665396,2.882005994530548,1.2203607523773532,0.7198866027784563,1.1199009572757548,1.1504131930128019,1.2543642967665276,0.8022721521405833,1.4658571060210903,3.1805927394260083,1.0595248216483881,2.7248633912471663,1.3198500171672944,1.9528055414582266,2.306863703210413,1.81781970135257,0.5316605187975048,1.0305987493019015,0.7399572956877171,1.1066945266836457,2.1006291600517346,0.9261923702506887,0.6428033884704218,7.671178699464781,2.441895439094747,0.7845557595788123
2025-05-12,1.4058731878021171,1.3854738844278018,1.9168565944222538,1.2327966002971256,2.1865103672552606,1.5765038441520105,1.0117552658540694,2.3252105912493928,2.1309629399513095,1.3024266613924051,0.6903578746344665,1.1961809014732612,1.1630628874706608,1.1671022897067134,0.6494302826388607,2.8474030849455585,1.189604623965968,0.7133905449262591,1.0998430001753157,1.1294030343560708,1.2767810100172283,0.8467230920039865,1.4985366021406497,3.1881302895430914,1.0426855251090088,2.6342886023909045,1.3107655622984626,1.9023352685292845,2.528365737291455,1.7960083037755386,0.5449243790071142,1.0933006118079038,0.7392780974021267,1.1040858951536854,2.10120464679748,0.9227277601247037,0.6265080213490407,7.607220011601292,2.399272241420714,0.8134324567000841
2025-05-13,1.4081876421619834,1.3730651490554036,1.9403173576072608,1.2254406374677713,2.211286035144361,1.584907329697143,0.9817532916333657,2.30991838457059,2.1505679968833196,1.317978006329114,0.6810935207797735,1.2165752349027197,1.1426284481426265,1.1855353804595854,0.6513684156493024,2.871449259646913,1.1648899066743947,0.7054180819560328,1.109203352924136,1.1045339353774677,1.2826290293454128,0.8762919027632857,1.5070017829628541,3.140754783770783,1.0253972408277743,2.628960509642038,1.2848098213363475,1.8699827483470952,2.4970314615398266,1.789153255049183,0.5510650324701765,1.1018787902894276,0.7192425359102559,1.096586179046823,2.1115609929770196,0.9204180788276844,0.6447205111515173,7.762271250643746,2.404772063014774,0.8199755399394704
2025-05-14,1.4293484398222187,1.3517543373135104,1.9341639519703309,1.2307903729265284,2.235363199830604,1.5983530092073464,0.9831990816165442,2.2967352701240005,2.1772527426712767,1.3102022943037974,0.6750236667903151,1.2307627916313422,1.1528456678066437,1.1729232969038212,0.6470448636608297,2.891389898160317,1.175874046561294,0.7017270345312021,1.115220699207191,1.1113944017605433,1.2933500014428903,0.8618013021771579,1.5001117320182242,3.155828569296866,1.0240501750467628,2.7035519495431894,1.2796186335308999,1.7341013415853357,2.4732604587615907,1.7822982063228276,0.5527844304334939,1.118217940371828,0.7206009324814368,1.1027815793887052,2.1558635918562805,0.9250375002086938,0.6516220356915075,7.723508588764492,2.455644825207924,0.8172710905371717
2025-05-15,1.442573950974621,1.367939667232315,1.902441718929092,1.2163906632118033,2.249321121563096,1.627765362572297,0.9851224458298914,2.3188826705551246,2.2121062067697097,1.3218658227848101,0.6909967902098475,1.22810253162208,1.1874707785992185,1.1758337412795934,0.6510703008488468,2.9213007663876485,1.2049826881716608,0.7133905449262591,1.092215952286693,1.1311181771404244,1.3235638258785491,0.8392819543419162,1.450135506259067,3.2139708769152215,1.0326745752640571,2.7172522616341195,1.302978830106572,1.725689945583037,2.482985043865202,1.8246745597824836,0.5603989606769713,1.1053508596819377,0.7328260039801401,1.1194113465835909,2.1512605761608183,0.9308117916316982,0.6439536035231023,7.907632711504541,2.499643062216459,0.8186669573870218
2025-05-16,1.4524930843389228,1.3932968773239784,1.9159042078333375,1.2137150807958301,2.271653838939732,1.6445724363005532,1.0082592353090962,2.327583400510336,2.2322558449224186,1.324457753164557,0.6938719883107314,1.2369698392344195,1.205067097501834,1.1661322205451647,0.6486848363640534,2.9664604108562735,1.2236559943434229,0.7160481711020346,1.1055927164106727,1.146554147936591,1.3284370761509876,0.8091258264356468,1.4680529092137824,3.2161243687552394,1.038512749128971,2.701268215710393,1.3107655622984626,1.7496307536104025,2.4873068764362154,1.8352687432956185,0.5694870865697382,1.08656058771065,0.7307884920636896,1.1379975476092374,2.1575896129582666,0.9331214141417465,0.660057258376374,7.845611269446861,2.505142715938546,0.8158752236873217
2025-05-19,1.4571220939766967,1.3989618350136568,1.902441718929092,1.2411398516086012,2.273049780229249,1.659698812919783,1.009705290169829,2.3236284500764186,2.2360677804804405,1.330937341772152,0.6945108258744426,1.244950212908844,1.214716928828091,1.1661322205451647,0.6458521769251955,2.988746890962958,1.2324435746169757,0.716343355162317,1.1035862263003218,1.1577026284120584,1.3440312985209035,0.8103007531696604,1.4393061877534374,3.2731899304535856,1.0445753143093666,2.748458566783939,1.3166055124098197,1.7832776022296972,2.498111589811986,1.8439932642671426,0.5602761063751449,1.0771657011015334,0.7239967580287474,1.1432147310357392,2.1817545670889427,0.926962244420705,0.6544976611571739,7.938642841007945,2.516142359126666,0.8106408082389558
2025-05-20,1.4736540838352408,1.4051662685699253,1.9128268474190822,1.2638823021443764,2.3002677595610956,1.6664217039938802,1.0234427230542713,2.3444575873627063,2.2322558449224186,1.3892550632911393,0.705053166903237,1.2821923630761871,1.2345836331311246,1.1651620329380528,0.6434667579471645,3.0251091369715217,1.2434278486858918,0.721363077156002,1.109605778325528,1.1632766067639457,1.3401328173042109,0.8216583457717844,1.4400937526922246,3.378707086490208,1.059170697693928,2.7979326516902825,1.3269878880207144,1.8240419926429727,2.539170978460176,1.8926014456059506,0.5709609164949658,1.1067805353141478,0.7256946293322425,1.172887496613589,2.2444685700471774,0.9342763429707127,0.6604406829125931,7.923137776256243,2.5243919236457826,0.8154390579160294
2025-05-21,1.4736540838352408,1.4151472966725998,1.9059034910539259,1.2729125714699359,2.289101507384397,1.6781866863950572,1.033926576648324,2.33232918003163,2.248593547517105,1.3996226265822784,0.6900384168467761,1.276872113959904,1.2425303980572757,1.1651620329380528,0.6372050274414879,3.046222964909888,1.2582567058972391,0.72313473559383,1.1102746083623116,1.1898608485269027,1.3411075863599569,0.8384987023459153,1.4265079569008394,3.4196217880654416,1.0634369016851193,2.8519732749707303,1.3422369217352603,1.8188656273521253,2.512158271383086,1.8950943289947648,0.5104137528596893,1.0912582180476038,0.7243363157013823,1.1451711648665002,2.243317816123312,0.9308117916316982,0.6477878488852933,7.989034892976412,2.5271418344428134,0.8116004240789418
2025-05-22,1.4839037237848989,1.399231638817021,1.8770553273854733,1.275922627212427,2.2796797025173063,1.6849093721931716,1.0328420796490336,2.3217829138735286,2.2311666824810215,1.3866631329113923,0.6778988648911991,1.2715517293925003,1.2357188258313334,1.1486693173994045,0.6342232423422586,3.0732011282031353,1.2571582919085493,0.7249063940316581,1.1176319021552388,1.175711261007586,1.3625495305549118,0.8302742152078196,1.4050463914826596,3.423928771745477,1.0580479206729525,2.922758569258178,1.3350990508818403,1.7893561087504617,2.519721808252953,1.9019493777211203,0.5229407215342787,1.0902370211674537,0.6998861727039756,1.1366932318442575,2.2577016912525685,0.9261923702506887,0.647404482905051,8.130518904598407,2.611013190456378,0.8003463754598834
2025-05-23,1.501758244575075,1.4075941075797875,1.8616696526212662,1.276591471767378,2.256299975917723,1.6840690749576541,1.0306730856504527,2.2906712274578696,2.2398802479859303,1.3827753164556962,0.679176696041961,1.2750987878885567,1.238556946256752,1.133146789467868,0.616034416946427,3.068509445016573,1.2610028750509807,0.7277115429780581,1.1169630721184551,1.174424877730736,1.3908141143822244,0.8582764244950924,1.4026838169052196,3.4153154617394477,1.0542307044236163,2.8557787236158174,1.3354235805836365,1.8223606935153402,2.4873068764362154,1.9031954388226435,0.5070977643796931,1.099427793088804,0.6863027461042517,1.14256253333654,2.2387150199954746,0.9211880117846712,0.6441453743471887,8.099508775095005,2.5422660920185187,0.7960715758515035
2025-05-27,1.4901858718577021,1.4140682131992817,1.8820556857751791,1.2936482841446881,2.2897991584942963,1.6765058866480393,1.0469409821024003,2.286979994052682,2.2453260601929146,1.3996226265822784,0.6852464720197494,1.2990399089118303,1.2323131090558104,1.1525499493822886,0.6248306465837437,3.0732011282031353,1.269790321142517,0.727859204267716,1.1169630721184551,1.1735673587157285,1.3869156331655317,0.8755086507672848,1.4178446223352574,3.362556226367095,1.0578233242465789,2.9204755323939984,1.3409390009931976,1.8249491923132888,2.5035143423445843,1.9318618851260305,0.5132384646979429,1.120873052260218,0.6896986131217228,1.1445190468007194,2.2577016912525685,0.9373559572247188,0.6562230715701598,8.252622176806213,2.5367664382964317,0.7849047262912748
2025-05-28,1.487871417497836,1.4008500664167907,1.8809018869899088,1.288966065965777,2.260836731852843,1.6538163217191946,1.0458564851031098,2.281706780473928,2.2153736940939,1.400918670886076,0.6801350694050323,1.2591377696374664,1.2164195792035082,1.1544903245965121,0.6211034607164694,3.0485686274176214,1.2637489100227055,0.7266780524694861,1.1156253303507342,1.167135756594495,1.3732705026523893,0.8555349937690768,1.4107564176472502,3.358249900041101,1.051087072342509,2.9006860378251837,1.3471035798389117,1.803593247329835,2.463535873657979,1.9007027457302712,0.511273451841348,1.111273676898544,0.6812089248429649,1.1363672126280764,2.204193500117633,0.9338913470987338,0.6491298347620601,8.312705190007213,2.539516349093462,0.7766168947281478
2025-05-29,1.3202378718968586,1.402468625756699,1.8782093140552552,1.2792670541833515,2.2754923046952347,1.6147422436726502,1.052725289837849,2.297526421210191,2.1728959599188222,1.4035106012658227,0.6830102675059162,1.2529308574855098,1.170779452069137,1.1680725957593883,0.6306450911218309,3.0673364346771583,1.2626504960340157,0.730221438604659,1.1209761340333106,1.140857397499975,1.4151802169928442,0.8635636435381662,1.409771901354305,3.371170193727166,1.0504134881742804,2.8437948129040023,1.3471035798389117,1.8042405696246502,2.5056753905783284,1.9150358737337436,0.5088171623430106,1.1351699332705818,0.684604791860436,1.1366932318442575,2.221454369840367,0.950059351325752,0.6485546979577315,8.246808073287044,2.5601404282632276,0.7783617282904604
2025-05-30,1.312633192892423,1.4458995289104393,1.8843636591147426,1.2976617598667335,2.2856119736954645,1.6231479872535932,1.0895996887865325,2.302272200731485,2.175074284801616,1.3957348101265823,0.6865243031705113,1.2653448172405437,1.1883809019429115,1.1768040473322683,0.6297505646934146,3.076720159221379,1.2862667993368992,0.7429183009892545,1.1203072223023733,1.1592999225655929,1.412256207328752,0.8635636435381662,1.4166631546881547,3.409931732139403,1.0569252462074228,2.849883995381886,1.342885783073731,1.8184777082040238,2.5024336862794745,1.9025722179754398,0.516554453177939,1.157636389322146,0.6849443910032312,1.148431914462241,2.220878663526996,0.9573733910887888,0.6554562224977216,8.394107371479084,2.5945138935461705,0.768067295511388
2025-06-02,1.3149477481703307,1.4262074082485925,1.8989799468042583,1.3063574537676899,2.282471159049861,1.6349159461565204,1.0968297865051597,2.3093909505131296,2.180520229995467,1.4035106012658227,0.6878021343212731,1.2706650663568266,1.1849742144431152,1.1680725957593883,0.6300487705073949,3.0943149561415018,1.297251207587832,0.7355364139181432,1.1283333461320841,1.1674488673122887,1.4171294576011906,0.8863446277588797,1.4298552882490683,3.384090487413231,1.0443508204384389,2.8947940974657174,1.3445080354524683,1.8424219939091635,2.4656969218917233,1.9262532780940822,0.5069749569330544,1.163355091850986,0.6750963890936132,1.1507143675091829,2.2381397528173546,0.9781608166968165,0.6493215470301696,8.41930280593788,2.606888408196819,0.7639669792592393
2025-06-03,1.3228830346781637,1.4348395490745849,1.9309052830024547,1.3043507159066672,2.2978250220718706,1.6365971564555037,1.073693085318473,2.3091272334843995,2.1728959599188222,1.4190617088607596,0.691316247997538,1.2733251909149683,1.1815673882684228,1.1671022897067134,0.6379504737162952,3.124812150452992,1.2714379421255517,0.7402608133325124,1.1149565820081044,1.138712971436425,1.41615498604859,0.8703744753625087,1.4389124052840434,3.5315994196221165,1.0400845138918018,2.851406639485665,1.3143344977251725,1.8307733541277387,2.4754212430988596,1.9200214502149304,0.49665856915314965,1.1547771627459897,0.675945366215521,1.1415843164211594,2.216276086966784,0.9766209507828427,0.6364769421787836,8.665447187684736,2.604138497399789,0.7568132468923295
2025-06-04,1.3159395706805237,1.452104094206846,1.9078266769138879,1.2996684977277562,2.274794440562096,1.6466840076974387,1.0802001556067338,2.300690220557918,2.1843324315272232,1.442388924050633,0.6916357057852284,1.2600245681242608,1.1815673882684228,1.1768040473322683,0.6388450001447115,3.10721735353287,1.2659458721821022,0.7432136235685702,1.1116123501300326,1.137855138158402,1.4259013378418943,0.8917344932676396,1.411937644816509,3.4820710793638323,1.0423299653783071,2.791272884238508,1.2945432365762106,1.839833495111215,2.474340850930225,1.9007027457302712,0.4957989170266785,1.1784690550537338,0.6924152818536033,1.1360411137784767,2.203042965761393,0.9800855609088277,0.5431141801729931,8.636375487038014,2.635762219757675,0.757423896019853
2025-06-05,1.3056898298128243,1.4432020178373512,1.9070572898391962,1.2953205486791928,2.282471159049861,1.6407999769269794,1.093214737645846,2.3027996347889452,2.1669056994780065,1.4488686708860758,0.7136786051825492,1.216103729551791,1.1764573570187282,1.1865055680666972,0.6473430694748101,3.0614713829800855,1.2659458721821022,0.7544341500946535,1.122313712412724,1.140857397499975,1.437596930243545,0.915689721862196,1.4093779986459896,3.46699729383775,1.04188077252556,2.7638701691507985,1.3084943495486938,1.877367913253438,2.490548316838594,1.9181517876733196,0.4950620254916585,1.1962380054566077,0.6633806955740225,1.132128246116955,2.205919740787244,0.992788955009861,0.5410054623357416,8.4929524550339,2.646761695073822,0.7661479785928441
2025-06-06,1.3060204373162219,1.454262129413344,1.9289820971424927,1.3063574537676899,2.3253921464935257,1.6374377616049953,1.0939377650762123,2.3246833181913393,2.1647273745952127,1.4372050632911393,0.7184705500095759,1.2356181725016075,1.1781607007686263,1.1806845608695895,0.6537538346273333,3.097833987159745,1.256609219096221,0.7541388967748545,1.1149565820081044,1.1425729593016825,1.439546319603464,0.8851467932191336,1.4233576971456903,3.460536818317696,1.0423299653783071,2.791272884238508,1.314659027426969,1.8611892820184062,2.562941453445462,1.9530500618558584,0.4946936031517423,1.17683501535723,0.656419182702763,1.1454972637160998,2.2128238251951875,0.9858597935448614,0.5530831010027359,8.576292473837015,2.675635506634678,0.7599538620659204
2025-06-09,1.3099882319472005,1.4529133738768,1.9270589112825307,1.2862904835498035,2.320157952471746,1.6298725205355526,1.091045655354747,2.3365478474942782,2.135319589716897,1.4410930379746836,0.7076088292047608,1.2382792452175935,1.1770250920437288,1.191356387656693,0.6559901734517553,3.088449904444429,1.2577074989028942,0.7550247259937685,1.1035862263003218,1.1412862617618171,1.4278505784502407,0.8767624388410327,1.4263110055466817,3.460536818317696,1.0373899721079953,2.738750723250141,1.2906497714477045,1.8501878064555342,2.55429752440696,1.9162823154281508,0.5072205718263318,1.1890895026072938,0.6701724296089646,1.1448451456503193,2.2145500658647985,0.9904790973519292,0.531036482950022,8.607303194865855,2.6508864773333807,0.7610880465007095
2025-06-10,1.3357778374091271,1.4664011927225167,1.9966791412588094,1.2893005392922952,2.256649121007532,1.6374377616049953,1.0906840974933047,2.3075454143102396,2.1293291962892145,1.4436849683544304,0.7143175207579302,1.2533586121244735,1.1821352619683196,1.2068790340337927,0.652859308198917,3.0133793917484724,1.2763809392566732,0.7582727895496254,1.1009109061531874,1.1605866201054582,1.4288253475059864,0.876562799751075,1.4719908541466407,3.5176023800160428,1.0454734949039686,2.842272168800223,1.2887032864648535,1.8566592905647994,2.480823731734983,1.911296929243406,0.5031677386665032,1.1845962363346338,0.6781526569682891,1.1575619655502645,2.1771517709611055,0.991634026180895,0.5093732894335271,8.527839442250665,2.601388586602759,0.7636180125467767
2025-06-11,1.3407374545502986,1.470987066938877,1.9859092252892177,1.288631592639259,2.2542065965415463,1.6500463256574143,1.1011679510873578,2.3043814539631056,2.131507521172008,1.4488686708860758,0.7159148096963824,1.252471542735438,1.1883809019429115,1.2243418187339898,0.6700044815059607,3.016898780937812,1.2829716915528462,0.7603397705667694,1.1116123501300326,1.1670200030504463,1.4278505784502407,0.8556019625458351,1.4712034094467754,3.526216018699093,1.0412072909127774,2.7966009769873743,1.2922720238264418,1.8605421177998536,2.509997223149342,1.914412843182982,0.49321982008170234,1.1805114488140338,0.6683046965288315,1.1722352192809709,2.1880833843187655,0.9843199276308874,0.5032385554099984,8.657695246834322,2.5876392004895816,0.7591688148207373
2025-06-12,1.3533016497778643,1.4877120044644099,2.011295428948325,1.3097018807386143,2.260836731852843,1.6634954948593248,1.1203281338458067,2.308336243397616,2.1320522353795734,1.455348417721519,0.7088866603555226,1.2586804866542043,1.2037112730417874,1.2136701103924492,0.6656809750242505,3.033320209347424,1.2868160063312444,0.7621114290045974,1.1035862263003218,1.1700222623920191,1.414205596688671,0.8518090147966879,1.499162565968333,3.5585174102682973,1.04479991073574,2.8224812802941766,1.2977876423011245,1.8715437514389879,2.499192245877096,1.8944709178511192,0.47471455116900413,1.17499686097296,0.669153632180579,1.184626099598154,2.209947050169336,0.9750811436558394,0.5011297204607934,8.599550662490005,2.5312666167023714,0.7507064146628073
2025-06-13,1.3486727410581316,1.4817773747115055,2.0239885307778787,1.3317755888175236,2.2283843454759777,1.6584520692383573,1.0928531797844039,2.284607023792332,2.121160477978738,1.4475726265822786,0.6989833129137788,1.2719858502341341,1.2071178218666876,1.2204610683055426,0.6616555378362335,3.011033729240739,1.2802255223991046,0.7523672383370263,1.1035862263003218,1.1601576510892775,1.4005606149271013,0.8438239385985024,1.5214115760863782,3.5746676130373682,1.0407580980600304,2.8491229056528686,1.2851342520055824,1.88254522700186,2.4754212430988596,1.8876158691247638,0.4672222661099146,1.191540375119654,0.6621921607794797,1.1836478826827734,2.2007412383460365,0.9735413365288362,0.4997877931400034,8.430931604501657,2.5312666167023714,0.7482636476755697
2025-06-16,1.3427213014067672,1.45911767569293,2.0197575594628643,1.3180631013130528,2.2723519160961105,1.6466840076974387,1.074054466594879,2.308599960426346,2.14947896742879,1.461828006329114,0.6916357057852284,1.2666638402532828,1.195762150642401,1.2301628259310977,0.6740299186939778,3.0696824553559874,1.2741839770972767,0.7508907639594807,1.1156253303507342,1.1554397251916586,1.4034846245911934,0.8500124579471174,1.5070383355951276,3.6198896269696585,1.0400845138918018,2.851406639485665,1.2685874956140957,1.9006651928162874,2.549975691835947,1.8882392802684094,0.4636603816055155,1.191336135743624,0.6472503790787354,1.1901693818742554,2.2197283487383808,0.9870145460129148,0.4997877931400034,8.580169331550376,2.5560156460036696,0.7507936137216371
2025-06-17,1.3258588049628668,1.438076667754401,2.048605911015829,1.3250866327775896,2.2454828688308335,1.6214667769546096,1.0700778598741232,2.2764337278945805,2.1271508714064207,1.4579401898734177,0.6884411279083238,1.2684377081291125,1.1906521193927067,1.2272522631097622,0.6694081608915248,3.0380118925339863,1.2708887351312068,0.7553199793135675,1.1129500102035998,1.1515797373264012,1.3937381240463165,0.8450217731382486,1.53204394323785,3.596201874083505,1.0369409843661401,2.8270485156368976,1.249120665134369,1.8941937087070224,2.498111589811986,1.8838767343379843,0.4578876350753061,1.1705035947003,0.6496274486678209,1.185930415363134,2.1788777920630915,0.9750811436558394,0.506881029948103,8.63056020046797,2.550515824409609,0.7419823320898162
2025-06-18,1.3364392542520052,1.4227004857654122,2.0516830835455724,1.3404711806203948,2.269211101450507,1.642481187225963,1.0480255673942087,2.3062269901659955,2.1244279653029285,1.4514604430379747,0.6817323583434846,1.2728729196231696,1.1866775581930133,1.2175506239297702,0.6637427965070466,3.0591257204723523,1.2862667993368992,0.7618161756847983,1.1276645160953005,1.1558686942078393,1.3732705026523893,0.8344414862506375,1.5220024301488515,3.5822048344774307,1.0369409843661401,2.7897504724576008,1.246849551417161,1.920079328991558,2.5132386635517205,1.9187750085205233,0.4614495664348928,1.181532645694184,0.6448732680194896,1.184626099598154,2.203618013371888,0.9758510766128264,0.5178085121183936,8.634437058181334,2.5573905174661977,0.7398885318150412
2025-06-19,1.3347860148989341,1.4232399616320022,2.075530888824319,1.345153500897391,2.2315249470983414,1.6206262744431092,1.0375418020926739,2.279070254184254,2.1282400338478173,1.4372050632911393,0.6862048453828208,1.2728729196231696,1.1878131669179108,1.1962072072466892,0.657630146154979,3.002822656864837,1.2564307570140127,0.7541388967748545,1.1370282999985786,1.1610154843673006,1.3625495305549118,0.8060944901170852,1.5474019404998898,3.59189521908049,1.0277345819937456,2.787466970947676,1.241009502273243,1.9220209797234789,2.490548316838594,1.9169055362753544,0.4523605971487494,1.1584534715145298,0.6435149129184692,1.1895172638084746,2.171398220909403,0.9743112694858233,0.5233680507816169,8.554973305566143,2.5436411313530205,0.7219169166003653
2025-06-20,1.3341246989740976,1.4016594778268832,2.0639915857800357,1.3444846563424402,2.2611854508961726,1.6298725205355526,1.014043454752027,2.2856615699084384,2.1233388028615314,1.4294294303797468,0.6897188810474159,1.2702118469071837,1.1912198544177073,1.1855353804595854,0.6665755014526669,2.9711522731283835,1.2350049751337242,0.7544341500946535,1.1470608322444864,1.1528664348662665,1.3791185219805737,0.8032996890777142,1.5149141052219224,3.584357997640428,1.024591052468084,2.7547359307882284,1.2474984127556314,1.9110195041606068,2.546734251433568,1.9412096269447583,0.4478160656504901,1.1696867618844438,0.638760732270138,1.1787567981058713,2.173699509189509,0.979700506249878,0.5059224686075553,8.603426337152493,2.569765032116847,0.723836233518909
2025-06-23,1.3427213014067672,1.4054360723732893,2.064760784970216,1.3414746005999487,2.2238480155873366,1.6181045616326255,1.0144050126134692,2.2682601099980153,2.1391317912486527,1.4242455696202532,0.6897188810474159,1.27464692295012,1.223015927990564,1.1835950052453617,0.6673209477274742,2.8990141071954154,1.2542332581265494,0.7455758579055133,1.124989195948166,1.1743112192734575,1.412256207328752,0.8052959337572545,1.521608527440536,3.6198896269696585,1.027959178420119,2.694602175541071,1.245876160376894,1.8987238582368917,2.512158271383086,1.925006836399675,0.4410607658367957,1.1660103284276397,0.6277241955659772,1.1960386833665377,2.1541373511866695,0.9704617222748301,0.5137826130440699,8.591797538588716,2.539516349093462,0.730204833402064
2025-06-24,1.3351166224023319,1.3935666811273426,1.9882168228597583,1.34615681877886,2.3274857388929417,1.6181045616326255,1.0194661163335155,2.3370752815517384,2.127695585613986,1.43590917721519,0.6980250175623771,1.2861781477519787,1.2122279917912782,1.1903862000495813,0.6782043905288414,2.9899199013023727,1.2597270724362162,0.7458711112253124,1.1089369482887443,1.1755978120589843,1.408357874863632,0.8204676272738191,1.4489541588508863,3.5714377039543623,1.0261628172309147,2.7044972713097866,1.241982794280949,1.8696021007070671,2.5726660385490736,1.928122750339251,0.47090700491614,1.1237325282129018,0.6312898414197657,1.225385270461369,2.205344254041499,0.9762360136978345,0.5300779216094743,8.810808648545532,2.5367664382964317,0.7316879845493155
2025-06-25,1.3347860148989341,1.382236897488124,1.9720619489053708,1.3448190275708733,2.315970341626435,1.58280037700987,1.0082592353090962,2.3465668405943263,2.1260617089650236,1.4320212025316457,0.7005806798639008,1.273759989012205,1.208821304291482,1.1971772764082378,0.684466121034518,2.959422527905334,1.2542332581265494,0.7426231169289721,1.109605778325528,1.1640177437088735,1.414205596688671,0.8007044783882886,1.4349745805901073,3.554210426588262,1.0108939522335705,2.6847066151266117,1.2439294773289216,1.831420676422554,2.5694245981466945,1.935600829616368,0.4815926584293373,1.116379785987558,0.6207626826947178,1.2048426356049615,2.1869326303949,0.9731563994438283,0.5308447706819125,8.884457706116113,2.564265210522786,0.7195615191491008
2025-06-26,1.3407374545502986,1.3682094710356791,1.9820626656847822,1.3474947120849317,2.311434224761033,1.591206120590813,1.0086207048780202,2.308336243397616,2.1102688535647696,1.4372050632911393,0.7034558779647847,1.27464692295012,1.2162025529909715,1.2020280959982337,0.6911751375077839,2.933617195865953,1.2657702279222445,0.7325836036820852,1.1002420761164038,1.1786000714005571,1.407383105807886,0.8558016016357928,1.4536795484836098,3.514372142256016,0.9852959078428559,2.709825828704397,1.2251116072202264,1.84048081740603,2.562941453445462,1.9318618851260305,0.5017357972789693,1.1772436187975537,0.6212720606738303,1.194082249535777,2.179453278808837,0.9739262736138444,0.5128119306163204,9.049199906391099,2.598638675805729,0.7445994971947134
2025-06-27,1.3576000519122404,1.378999910548446,1.9901401966042318,1.3408056539469129,2.362729368779122,1.5836409821593618,1.0162125370431259,2.3315381899448466,2.1451223176632026,1.4566443037974683,0.7085672025678321,1.2728729196231696,1.2076856955665844,1.2204610683055426,0.6864042540449596,2.99226610106675,1.2542332581265494,0.7297784547356853,1.0895405504454048,1.1773133738606918,1.4093323464162324,0.8587959930251093,1.4586021299483352,3.5208322890990487,0.9951757918280334,2.7181989773379494,1.2273827209374344,1.8275378491874998,2.6342544617801704,1.935600829616368,0.5396883586505968,1.17111631282839,0.6229699734474857,1.1934301314699962,2.204193500117633,0.979700506249878,0.5200995147114865,9.24689066502617,2.6027636259372606,0.7470423494205226
2025-06-30,1.3628902765568096,1.3649723523558628,1.9643692054655228,1.3421434451548997,2.3540058540916493,1.5987713616602557,1.0050055677261887,2.3249467132212556,2.1440330222349386,1.455348417721519,0.7111228648693558,1.2852910783629432,1.2054146167916855,1.2078491031953416,0.6802916491996543,2.999303804932141,1.2542332581265494,0.7315501131735133,1.09355361236026,1.1725955527174114,1.4054338651995397,0.858396714845194,1.4400937526922246,3.4788408416038057,0.9936040270652026,2.697646766780013,1.2147292316093314,1.861836446236959,2.6083226746646653,1.9293691920336582,0.5449698285390637,1.1584534715145298,0.6207626826947178,1.194082249535777,2.2064947883977393,0.9800855609088277,0.5204830563596592,9.376746469609827,2.5711399035793745,0.7406737495373676
2025-07-01,1.3579306594156382,1.4030082333634273,1.9801394798248202,1.3578625684223078,2.300965623694234,1.6265103052135685,1.0212736407631722,2.2954170069791635,2.136408885145161,1.439796993670886,0.7149564363333111,1.2710989162962192,1.2184737704407664,1.1971772764082378,0.6747753649687851,2.940654899731345,1.2751096988304762,0.7381939015748852,1.0908782922131257,1.1897512754888258,1.325513215238468,0.8675796255831255,1.450135506259067,3.460536818317696,1.005953958963259,2.7121093302143215,1.2186226967378377,1.85212914103493,2.55429752440696,1.913166401488575,0.5606912901922627,1.189702220735384,0.6440242908975818,1.2009297679434399,2.19671370939632,0.9820102463338681,0.5513591544891705,9.105406061878737,2.5367664382964317,0.7439888480671898
2025-07-02,1.3404067461288596,1.401389674023519,2.012064816023017,1.323748739471518,2.2733987122958186,1.6029741821317316,1.0191046467645912,2.3341748772339277,2.0993770961639338,1.4449806962025316,0.7060115402663084,1.227634818902529,1.1713473257690337,1.201057908391122,0.6756699369039637,2.778783770945286,1.2306099773587975,0.7364222431370572,1.1062615464474561,1.1485774779848281,1.2543642967665276,0.9037120588249056,1.4940430331494499,3.409931732139403,1.007301127299716,2.575095522452902,1.2085647517961784,1.820419200859682,2.579149183250306,1.8882392802684094,0.5527077284914307,1.249953210729026,0.6520045597270666,1.1839739018989544,2.1155885219267367,0.9535238438777955,0.5239350483051676,9.142231477952183,2.4762689043776898,0.7644031450305316
2025-07-03,1.3549548891309353,1.3763022677352197,2.0159111877429408,1.3545180393532985,2.3194598753153675,1.6660172076698088,1.007897677447654,2.3328566140890907,2.12388338408223,1.459236075949367,0.7072893714170703,1.2471493973034662,1.1827029969933203,1.2243418187339898,0.6810370499676993,2.8679302286286696,1.2317087938935374,0.7497096814207675,1.1156253303507342,1.1562975584696815,1.2933500014428903,0.8959266217166778,1.4914835072178523,3.4088549862193944,1.0077502175970172,2.627617683441269,1.210511434844151,1.8437163223462691,2.6266911888067783,1.9200214502149304,0.5604456752989853,1.25077029292141,0.649287890995186,1.2165813182229452,2.1829051014451832,0.9654573638088126,0.5337156531134564,9.24882909388285,2.5188921020517228,0.74957231546659
2025-07-04,1.3397456320401055,1.3941062887340707,2.0216807453228265,1.3561903038878034,2.306548749782583,1.6945967563726132,1.0158509791816837,2.3357570184069014,2.1233388028615314,1.446276740506329,0.7101644915062845,1.2586804866542043,1.1889487756428083,1.2126999227853374,0.6725390261443631,2.833914003298935,1.2278631372949724,0.7470522630235422,1.1196383922655897,1.1537241633899509,1.2875021308662786,0.8791579129604762,1.4934525398037424,3.43900255727156,1.0115674338463532,2.61696080097492,1.2260848992279323,1.8437163223462691,2.6083226746646653,1.911296929243406,0.5529533902398958,1.2370861300391358,0.648099314730483,1.2185378316871247,2.1679461787054315,0.9604530053427952,0.5254692734538353,9.32829284649804,2.5023928051415156,0.7444250990770538
2025-07-07,1.3546242816275376,1.3781904991383536,1.9639846058704327,1.351507983610807,2.3330688649812905,1.6836692999811864,1.0089821744469445,2.356322277665052,2.1423992785728436,1.455348417721519,0.7085672025678321,1.264002767537297,1.1758894833188314,1.2243418187339898,0.6713462939019664,2.8614788508474374,1.2135791932534354,0.7432136235685702,1.1203072223023733,1.1455752186432553,1.283603649649586,0.8775609952008634,1.46391825340461,3.399164601616335,1.0095466813416674,2.5819462593055476,1.204671385700233,1.8443636446410843,2.63533511784528,1.921890922460099,0.5396883586505968,1.2168663071239019,0.6453826459986023,1.2149509832417842,2.1771517709611055,0.9623777495548063,0.5189488312109914,9.398066229406135,2.4638945575990143,0.7425930664559115
2025-07-08,1.3443745407598382,1.3946456328605223,2.0032178980288755,1.3381300715309394,2.3355116024705156,1.644162294886955,1.0223582260549808,2.3713509283145315,2.1505679968833196,1.4605321202531645,0.702816884377734,1.252471542735438,1.170779452069137,1.228222450716874,0.688938798683362,2.879073468682012,1.2003941999286554,0.7476428389226571,1.1062615464474561,1.136997304880379,1.2758063897130552,0.8883408236984077,1.510976280527986,3.3679396272901188,1.0070766334287886,2.5568270457277626,1.2043470540635586,1.8417749877668732,2.7012453736473905,1.9125431806413713,0.5430046282617185,1.2515871257372662,0.6586264734555309,1.219842067818686,2.1765765037829854,0.9600680094708163,0.5168392935900646,9.36511767104605,2.457019864542426,0.7522766796303169
2025-07-09,1.3427213014067672,1.3976130794771129,2.0209117340171576,1.3468257654318958,2.370406300290127,1.6492057205079225,1.0303114394964925,2.3890161052536847,2.142943859793542,1.4670118670886076,0.7124007740317874,1.2551324800003034,1.1736184045439326,1.2340433394684187,0.6801425690460454,2.918368240539112,1.2069866965910454,0.7426231169289721,1.096897844238332,1.1412862617618171,1.2826290293454128,0.8663817910433794,1.514126420044213,3.384090487413231,0.9980949300382131,2.5111558539149135,1.1913691340662205,1.8560121263462466,2.718533495620869,1.9162823154281508,0.5465665596213052,1.218091743380082,0.6503066469534112,1.22995033582209,2.173699509189509,0.9658423008938205,0.504949092604872,9.539551424079004,2.4460202213543054,0.7461698474007946
2025-07-10,1.3559468125591696,1.4332209897346766,2.0447593514113933,1.3414746005999487,2.3983223567783516,1.644162294886955,1.0516407928385585,2.4256645612774212,2.173985255347086,1.4903389240506328,0.7382771668813938,1.2586804866542043,1.1651015471195456,1.2728497777428232,0.6887897185297529,2.9324440064409907,1.2020423576397572,0.7529577449766246,1.082852168383415,1.1262750698082913,1.2865275105621055,0.899120652195952,1.5308625958296693,3.3302551634749116,1.0167320235430384,2.5225735937874076,1.2075914597884725,1.8741320921606741,2.7812023110206003,1.9206446710621339,0.5565152747442949,1.266088370811924,0.6615129624938894,1.2087555032664832,2.1875081171406454,0.9681520409778107,0.5072504010498853,9.452334547562527,2.4350207460381585,0.7760062456006243
2025-07-11,1.3632208840602074,1.4094824707230598,2.0555294552654964,1.3414746005999487,2.372848824756112,1.6475246128469305,1.018381619334225,2.4006170785273,2.17017305381533,1.4929308544303797,0.7171927188588141,1.2436012551984448,1.1673727645693406,1.260237694187059,0.684764281341736,2.8825924997002557,1.199844724570277,0.7405561359118282,1.09355361236026,1.121986112926853,1.2709332881921893,0.9015162237954198,1.58323674640932,3.334562147154947,1.0064030492605598,2.4951708786996982,1.1920178963721304,1.886428054236914,2.7703973337483547,1.9536730924066201,0.538337336172008,1.276504578989454,0.6453826459986023,1.1960386833665377,2.1771517709611055,0.9731563994438283,0.49842865036202816,9.574437228244896,2.4501451714858375,0.7776637948655353
2025-07-14,1.3721480939962747,1.438076667754401,2.028219689977404,1.3705715338491398,2.4007648812443367,1.6618143871983329,1.0299499699275683,2.4335743011458493,2.1848770127479216,1.4994104430379747,0.7149564363333111,1.2577935527162893,1.1912198544177073,1.2544166869899511,0.6957968953102369,2.9072251795713178,1.219622348739464,0.7446899594270825,1.0982355860060529,1.1391418356982672,1.2621614079514856,0.8923334105375127,1.564138116285346,3.361479809124107,1.0198756556241457,2.521051646652245,1.1913691340662205,1.9187850005544524,2.820100123642096,1.9792236247704311,0.5288798976907608,1.2671095676920738,0.6418170001448138,1.201908064492239,2.2007412383460365,0.9812403133768811,0.49420957512017444,9.675220740656394,2.470769250655603,0.7722548960609381
2025-07-15,1.3718173855748357,1.4156867725391897,2.016680574817632,1.3638825778092059,2.396228551355696,1.6559303564278736,1.014043454752027,2.4246098541619077,2.1690840243608003,1.4942267405063292,0.7024974265900435,1.250697403957367,1.1866775581930133,1.2582974374183984,0.6896842449581693,2.8843520152093776,1.2174249840340172,0.7381939015748852,1.0888718021027748,1.1361395763566944,1.1910125638553313,0.887143086638686,1.566500811101708,3.3388691308349827,1.0032593146240065,2.5157230892576345,1.1790400754073531,1.8786622416905434,2.8417103420830627,1.9667601593085693,0.5151235894597194,1.264045977051624,0.6411378433293837,1.1927779337707969,2.193261667192348,0.9746961477838605,0.44933376766253214,9.597695416897885,2.4721441221181313,0.7582963128010094
2025-07-16,1.3602451137755043,1.4075941075797875,2.0062952584431306,1.3632137332542549,2.3909943573339163,1.6500463256574143,1.0277808876364694,2.421446215813588,2.1723515116849907,1.503298417721519,0.7005806798639008,1.2622287642103465,1.1866775581930133,1.2689692642055022,0.682080702056487,2.8679302286286696,1.2179741910283624,0.7390797307937993,1.096897844238332,1.1430018235635246,1.176392887413802,0.8883408236984077,1.5594124861747785,3.299030846502737,1.0003403815247185,2.5157230892576345,1.1680088384579879,1.8935467025647321,2.817939339304827,1.9736150177384828,0.5086139513944901,1.25301692605774,0.6447034477130119,1.2025601825580197,2.1978646828878103,0.9720015294018332,0.4378271376035006,9.578314085958258,2.507892626735576,0.7674566463838645
2025-07-17,1.3675191852765423,1.3908690383141162,2.007064457633311,1.3782639098686273,2.4510134420859577,1.660973782048841,1.0216351103320964,2.4591495399522447,2.1728959599188222,1.5266254746835444,0.7152758941210016,1.2808561377711274,1.1923553244677085,1.2971038756928028,0.6853606474629342,2.9119170418434277,1.2069866965910454,0.7355364139181432,1.1082681182519607,1.1318506194752562,1.1773675820937615,0.877161717020948,1.56433482716166,3.3184116157088552,0.9951757918280334,2.55454377654071,1.1641155713946032,1.8851337257998086,2.880608154704558,1.9792236247704311,0.5189311357125835,1.2389241597351421,0.6497972275041383,1.2058209321537607,2.2496466333531346,0.9812403133768811,0.44588177571702375,9.787633643157104,2.509267498198104,0.7728655451884616
2025-07-18,1.368841716208174,1.3884413310443924,2.015526400263339,1.3919763973730979,2.4401959089525893,1.6845098024926868,0.9746385039433204,2.459940369039621,2.1543801984150757,1.5266254746835444,0.7187900077972664,1.2844041444250283,1.2031433993418905,1.292253056102807,0.6859570135841325,2.910157526334306,1.2284124784713342,0.7399655600127133,1.1122810984726625,1.1498641755246934,1.159824044739713,0.8915348541776819,1.574770363197896,3.3011840096657337,0.9969722555726834,2.603259559592501,1.163791140725368,1.894840872925575,2.894654836275658,1.9860786734967866,0.5244582204943279,1.2399453566152923,0.6550608276017424,1.228320000840929,2.2381397528173546,0.9889393490118968,0.453936413830547,9.739180020045318,2.516142359126666,0.7829854946113027
2025-07-21,1.3678498936979813,1.3800788622816258,2.0101416301630546,1.4197356415123872,2.4621796942626557,1.6861910127916702,0.971746394221855,2.4849880127891493,2.135319589716897,1.5305132911392405,0.7210262903227694,1.3198850236707607,1.2184737704407664,1.2951635004785793,0.6877460664409653,2.951211813700528,1.252035759239086,0.7464616871244273,1.118969562228806,1.1674488673122887,1.17151971151715,0.9210796848509804,1.578905259484912,3.373323685567184,0.992930442896974,2.6824228812938156,1.1495153990185278,1.8967823655812335,2.90329876531416,1.9904408388343278,0.5291255594392259,1.277525775869604,0.6441941112040596,1.2579926867853597,2.267482770253988,1.0016428606868717,0.4608403684435751,9.690725805408094,2.5243919236457826,0.8043594074146306
2025-07-22,1.368841716208174,1.3962643239405688,2.0147573889576704,1.4250868063443343,2.4339149187311016,1.6954372588841136,0.9742770343743963,2.488679246194337,2.1129916266813944,1.5136659810126583,0.7267766085128674,1.3367382584534706,1.231532785414951,1.287402236512811,0.6843170408809089,2.93479002711982,1.2822516708512446,0.7443947753668001,1.110943520093249,1.1936113681084215,1.1744436468054558,0.9342550849479925,1.5857965128187617,3.533753240139155,0.9987685142064419,2.6664381384014724,1.1517865127357358,1.8935467025647321,2.8752056660684353,1.9667601593085693,0.5269147442686032,1.277525775869604,0.656419182702763,1.284730801617068,2.2410163082755807,0.9800855609088277,0.4617992518419954,9.52792203398979,2.499643062216459,0.8224183069267079
2025-07-23,1.3625595681353706,1.4396952270943093,2.0412975792865593,1.4314412890577501,2.455549771974599,1.6719012384402678,0.9916296044106704,2.500016663438629,2.121160477978738,1.503298417721519,0.7401939916192063,1.3323031824105342,1.206550086841687,1.287402236512811,0.6862551738913505,2.929511659678002,1.2509370768863626,0.7440994527874844,1.1122810984726625,1.1653044412487388,1.1822408323662001,0.9370498372473512,1.593081548622005,3.4185453708224536,0.9980949300382131,2.675572376764042,1.1631421803543365,1.8767207490348852,2.8676421291985683,1.9810930970156,0.5513566591576543,1.333487738966616,0.6570983395181931,1.2469062018665755,2.2335367371218924,0.9862447306298695,0.4524021886818792,9.529860462846472,2.5023928051415156,0.8255589221002989
2025-07-24,1.3837204667136473,1.470987066938877,2.0482213114207384,1.4314412890577501,2.5012620029275783,1.6769446640612355,1.0053672138801488,2.5335014811140453,2.1630934979462504,1.4955227848101267,0.7484999721108281,1.3527046947493864,1.204279008066788,1.2932231252643558,0.6974368225066981,2.941827910070759,1.2350049751337242,0.8182140616350135,1.1089369482887443,1.1494352065085127,1.1851646932787196,0.9286654828692504,1.56630385974755,3.45730690923469,1.0095466813416674,2.697646766780013,1.1842312632128005,1.879956570127649,2.907620597885173,1.9873249248947518,0.5711313288121825,1.3183739004521322,0.6637202947168177,1.2077228967261269,2.2450438372252974,0.9920190808398448,0.44741600086569155,9.551179631117343,2.4460202213543054,0.8234652070640955
2025-07-25,1.3817366198571788,1.4569597722265704,2.052067495256151,1.4331136556903399,2.5159177887932094,1.6710606332907763,1.0068130921558456,2.5269098433910475,2.1440330222349386,1.4994104430379747,0.7497778812732596,1.3571397707923227,1.2059823518166861,1.287402236512811,0.6965423415850442,3.0450499545704734,1.2306099773587975,0.8244149354269285,1.1176319021552388,1.145146354381413,1.1676212303004574,0.916288639132069,1.566500811101708,3.504681757652957,1.0028104294375972,2.702213769799862,1.1858535155915377,1.8747794144554892,2.908701253950283,1.985455452649583,0.5669553133642146,1.299992231921168,0.6710213652607121,1.2087012729083446,2.273811807051436,0.9866296089279067,0.4441557797442697,9.46977804117091,2.4776439437121915,0.8165731571122468
2025-07-28,1.3764462942945683,1.455341081146524,2.0670687583097798,1.4163911124433777,2.52080305074842,1.644162294886955,1.0107897871691194,2.5306010767962346,2.1195267343166426,1.4994104430379747,0.7481805923348074,1.3420604038854425,1.1974654943922993,1.2747901529570467,0.6989277150563129,3.0180710749350346,1.219622348739464,0.8303205558990443,1.1049239680680427,1.1335661812769637,1.1637226747079783,0.9035125172149723,1.6011543898418792,3.4594600723976874,0.9942777137888771,2.6291398628993035,1.1809867584553257,1.8534234694720355,2.883849595106937,1.9823395387100071,0.55798915152471,1.293660811264238,0.6606640268421419,1.1995692309848536,2.250797387277,0.9831651163758632,0.4353340290564126,9.510479131906845,2.4721441221181313,0.8094193395067653
2025-07-29,1.3638820990670026,1.5049764178565326,2.074761313865116,1.4214079060468918,2.590592872434122,1.6534086436173898,1.010066759738753,2.5574942567486527,2.124972546523627,1.5020023734177215,0.7539308325132357,1.3420604038854425,1.1855419494681159,1.2806111601541545,0.7020585803091511,3.079066538071304,1.2185235322047239,0.8344544486738154,1.1075992882151773,1.1279906316099988,1.1910125638553313,0.8891393800582384,1.5974133962631787,3.515448888176025,0.9951757918280334,2.620005856859606,1.1913691340662205,1.8844865615812558,2.950840770870632,2.001658243194666,0.5469349819612214,1.2495447319769661,0.6562493623962852,1.2067444409104904,2.2789898703573934,0.9827801792908551,0.4351422289543378,9.748870389752412,2.4776439437121915,0.811076974010248
2025-07-30,1.366527261848308,1.5508352917602735,2.060914413250292,1.4167255857698957,2.6171127746095895,1.6660172076698088,1.0574249239889713,2.4414843630130916,2.127695585613986,1.507186234177215,0.7475415987477567,1.340286400558492,1.1986011031171968,1.277700597332819,0.6993750010239022,3.1083907220433806,1.2300606361824358,0.8374071896503565,1.1156253303507342,1.127561662593818,1.1257115903357888,0.8907362978178511,1.596034977261918,3.4788408416038057,1.0010138631375014,2.612394030277943,1.1839067335110043,1.8851337257998086,2.9605648281812935,1.9910640596815312,0.5275288283569844,1.273236748972974,0.6586264734555309,1.2087012729083446,2.2640307280500167,0.9812403133768811,0.4351422289543378,9.574437228244896,2.4363956175006867,0.8005208588161147
2025-07-31,1.384381782638484,1.5273663130717439,2.0855316056037307,1.4227455951567936,2.591290523544021,1.6584520692383573,1.0252503357764462,2.4330471890872034,2.1434884410142403,1.5240335443037976,0.74274965392073,1.3456085459904639,1.2037112730417874,1.2932231252643558,0.7184583073413875,3.090796283294354,1.2388506317322892,0.8374071896503565,1.1430477703296311,1.1361395763566944,1.1374072571132259,0.8575982559653875,1.593869233799714,3.5445200419852028,0.9897868108158665,2.64893075140535,1.1663866851118112,1.9116666683791594,2.940035529701911,2.0209767573828836,0.5248266896894316,1.244847226328276,0.6292523295033152,1.2057659850948537,2.2384866696652286,0.9885544119268888,0.43034781196223654,10.388458451438165,2.459769775339456,0.7857771430724312
2025-08-01,1.3671884768551033,1.4976930325670843,2.0824542451894756,1.4180632748797974,2.4890489545511723,1.652568038467898,1.009705290169829,2.4201277916693438,2.1178928576676803,1.4955227848101267,0.7389161604684444,1.3296421096945483,1.2258548804653597,1.2136701103924492,0.6981822687815055,3.000476636186008,1.2525852345974644,0.8223480236693014,1.1450542604399818,1.138712971436425,1.1257115903357888,0.8256579511726457,1.5700448533262505,3.563900811191321,1.017405607711267,2.6055430611024253,1.1855289858897418,1.9090780115049484,2.9281498963645554,1.9767311219745007,0.518439859070841,1.226874036549372,0.6187251707782672,1.2047875292792172,2.1792154870707057,0.9777757620378668,0.42056720715394763,10.320623497386752,2.42264623138751,0.7837706270950575
2025-08-04,1.3777689261442416,1.502009234720219,2.063222386589856,1.4224112239283606,2.5295269914823724,1.6466840076974387,1.0111513450305616,2.4367382614929833,2.1260617089650236,1.5123699367088608,0.7373187935183224,1.3243199642625763,1.2349396115896436,1.2059087279811178,0.7084693909684366,3.09548760830982,1.2635728632167977,0.8226432769891004,1.1570934461845481,1.1477196447068052,1.115965089790912,0.8264564100524521,1.5989885261407533,3.5746676130373682,1.0095466813416674,2.61696080097492,1.15438215615474,1.9291394699750342,2.9573233877789145,2.007890071073818,0.5177029206806334,1.2213595733965619,0.6163480597190214,1.2080489955757265,2.375442854177126,0.9970233805188914,0.4153892192356852,10.562892204471119,2.441895439094747,0.7833344613237653
2025-08-05,1.3704948546432039,1.5133390183594375,2.0705305304346133,1.4107054742849128,2.5183605262824345,1.6483652179964223,1.010066759738753,2.4388476757240105,2.0770490001415647,1.5110740506329114,0.8504084886058105,1.314562742787668,1.2309650503899503,1.2020280959982337,0.7145819958137419,3.066163424337744,1.2701652256971712,0.8182140616350135,1.1490673223548373,1.1520086015882434,1.118889099455004,0.8344414862506375,1.6438806895630032,3.5445200419852028,1.012016729254546,2.6291398628993035,1.1349153256750133,1.9284926219090064,2.9789336062198815,2.0128754572585628,0.5243353661925015,1.229733387813792,0.646571180793145,1.2100059072069995,2.323652779709668,1.0066471603659184,0.419608294477539,10.39814882114526,2.47901881517472,0.7830726936701325
2025-08-06,1.3761157877092118,1.490949123144226,2.0974553203585926,1.4080298918689391,2.5466250887907496,1.534887730972687,0.9927141897024789,2.463104329386755,1.9855586901298943,1.5149618670886076,0.8545614398457866,1.3101276667447317,1.2292617066400522,1.2088191723568902,0.7235273511114299,3.082585210918452,1.2729121999430129,0.8164424031971855,1.1483984923180537,1.156726422731524,1.0993962471168228,0.8484154427074804,1.6946798305040012,3.625273356569703,1.0138128853328585,2.549976541197989,1.1293997072003308,1.949201244597645,2.963806532480147,2.0378027687751703,0.5263005664698468,1.163150852474956,0.6735682551562753,1.2087012729083446,2.3294072080318715,0.9862447306298695,0.4274711617669758,10.543509098955182,2.549140785075107,0.7856899440136014
2025-08-07,1.3833897582922083,1.4770241905194263,2.0393743934265975,1.374250536244667,2.526593874495441,1.5987713616602557,0.9999444640061423,2.463104329386755,1.996557102998129,1.4994104430379747,0.8590339268851227,1.3030315179858094,1.2122279917912782,1.2049386588195692,0.7233782709578209,3.0221366750457808,1.253134575773826,0.807116817048701,1.1410413619134339,1.134852878816829,1.1247369700316157,0.8564005189056658,1.6765653559562064,3.592971965000499,1.0158337403929905,2.5020216155523434,1.1452976022533472,1.9427296024121172,2.9683949004909067,2.0272083949655935,0.5291255594392259,1.1455862661363758,0.6880006588779071,1.1881540193136524,2.315596623972108,0.9812403133768811,0.42651227836855554,10.437343296593442,2.53814130975896,0.7849920105886763
2025-08-08,1.3539630666207423,1.4732473324927435,2.0409129796914693,1.3608725220667144,2.5681223290214232,1.591206120590813,1.0089821744469445,2.476550999862668,1.9480864486448937,1.5007064873417721,0.8564781865719293,1.3083537988689018,1.1946265419175035,1.2088191723568902,0.7174147462661247,3.066717515023263,1.2470914202877976,0.8023915865201311,1.1203072223023733,1.118126020307257,1.115965089790912,0.8671803474032101,1.6665237226282856,3.561747319351303,1.010669355807197,2.5271410614530008,1.1524354731067672,1.9485537642265671,2.9986514230386505,2.0253389227204246,0.5385829510652855,1.1774478581735837,0.6863027461042517,1.1773911646084878,2.328831721286126,0.9854747976728825,0.43169026628681795,10.384042122526361,2.4913933298253688,0.7979036937112175
2025-08-11,1.3503259804112027,1.4886245684028392,2.0343740350368917,1.3762571720076047,2.589409741361029,1.627350807725069,1.0151280400438354,2.5034440188156792,1.9513540689559514,1.4942267405063292,0.8580755535220513,1.3181110203438102,1.1997367118420943,1.1942668320324654,0.7221855387154242,3.126550354781902,1.2487395779988992,0.8044589138348586,1.1269956860585169,1.11898385358528,1.1081679786059537,0.8619901209844079,1.6677050700364666,3.5229857809390666,1.0117920302727268,2.601736915488722,1.1446487409148767,1.960202404007992,3.014860472325869,2.0446578175015255,0.5270375517152419,1.1972592023367579,0.6992069744183852,1.1588008226450686,2.371990372837904,0.9993330030289399,0.42766293259106214,10.485799877332413,2.5147673197921643,0.8003463754598834
2025-08-12,1.3437132248350014,1.495369004786251,2.05860662779524,1.380605018958083,2.610348434657305,1.6223073821041014,1.0154895096127596,2.517154406320322,1.9246679932993238,1.5084822784810126,0.8599923782598639,1.3234328948735408,1.1741862782438295,1.2117297351782257,0.7275527427926844,3.1476677644312283,1.2223693229853057,0.8044589138348586,1.122313712412724,1.1039725568774157,1.1062187379976074,0.8683780844629319,1.6698706932597487,3.502528265812939,1.008199410449764,2.6260952716603616,1.1517865127357358,1.9718512018656793,3.079696141681795,2.04403440635788,0.5400568747008881,1.2058373808182816,0.7002257303766104,1.141188856863867,2.389253657804515,1.0008728689429138,0.42785473269313695,10.568174526622526,2.507892626735576,0.8118621917325746
2025-08-13,1.3420599854819306,1.5436588794631747,2.053606269405534,1.386625130443066,2.606858687945132,1.6181045616326255,1.0375418020926739,2.5190002645220266,1.9056064536930752,1.5045943037974683,0.8644647872875303,1.3234328948735408,1.173050669518932,1.1981474640153496,0.733814473298361,3.179344057990766,1.2306099773587975,0.8082981073659643,1.1263267743275795,1.1074036804808307,1.1286355256240947,0.8619901209844079,1.6474247317875457,3.4906847180468827,1.0261628172309147,2.6375130115328558,1.164764432733074,1.9614967324450976,3.0386335862759055,2.05338233847305,0.5464437521746663,1.209717804274588,0.6910569267525829,1.1516255330860132,2.400762514448922,0.9981781917739156,0.43686825420508035,10.480954100953427,2.199905807035699,0.8145665558963014
2025-08-14,1.3433825164135624,1.5628129733999534,2.021882345403692,1.3849529680066461,2.6166300639485116,1.6323942333460364,1.0231954157111944,2.51523883537537,1.9219449542089646,1.503298417721519,0.8644647872875303,1.314562742787668,1.1940588068925029,1.191356387656693,0.7405234897716271,3.2462160342991804,1.2498382603516227,0.807116817048701,1.2012368821654964,1.1206994153869876,1.114015923558352,0.8476168863476496,1.6307331646421337,3.6198896269696585,1.0139042622350953,2.6793782900548737,1.161266701717591,1.9724983660842321,3.0407946345096497,2.1057292740057534,0.5410394279843732,1.202977904865598,0.6880006588779071,1.1623883877911776,2.4047907021015145,1.012421334214981,0.4326491496852382,10.67477687475669,2.135283658729372,0.7820332092884813
2025-08-15,1.3291651827509672,1.563622384810046,2.030345415340789,1.3819429122641547,2.590456750583977,1.6315537308345363,1.0304263963550022,2.4756869160450883,1.9197664963393037,1.5045943037974683,0.8596728424605037,1.314562742787668,1.1855419494681159,1.1816548669222644,0.7363489724300011,3.1910759522403915,1.2481902368225377,0.805935457471921,1.1925420099931556,1.1159815942437072,1.1110919138942597,0.8663817910433794,1.659681166057827,3.59189521908049,1.0069429011274227,2.6573039000389023,1.1563996474836966,1.9737926945213375,2.8214338564267267,2.0876572015119432,0.5374775434799741,1.224423164037012,0.6900381293241973,1.163366843606814,2.381772769245075,1.0104966487899407,0.4297724994899774,10.408271004421282,2.140783312451459,0.7877924386226879
2025-08-18,1.3420599854819306,1.5833159546134146,2.0257292807771505,1.3899696595120752,2.5908058956737854,1.635756551306012,1.0405499281828658,2.4783237643335765,1.9279356136103813,1.5007064873417721,0.8612701313989559,1.3287551757566334,1.1809996532434222,1.1719531092967093,0.7306836080455227,3.2086736145292822,1.2437949706835776,0.8050494897339735,1.1958861601770736,1.112550470640292,1.123762275351656,0.8508109168269238,1.6520010251570485,3.5068355781699956,1.0139042622350953,2.6382743335847456,1.1697027904107564,1.9899711676801068,2.895994902575689,2.055251620421777,0.5391971288640419,1.1774478581735837,0.6910569267525829,1.1555393563485592,2.387527417134904,0.9958684516899255,0.42843004516539607,10.485799877332413,2.1696571240123146,0.7763612642516761
2025-08-19,1.352971143192508,1.5892511113268721,2.04111645861745,1.4113743188398635,2.5970873119417526,1.6517274333184064,1.0495887864264026,2.4909804107191476,1.927391032389683,1.516257911392405,0.8737292191538932,1.340286400558492,1.1821352619683196,1.192326456818242,0.736945293044437,3.2086736145292822,1.231159318535159,0.8080027847866484,1.2005681338228664,1.1009702975358426,1.1266861362641758,0.8667810692232948,1.6561365226386744,3.503605011732948,1.0204167381563587,2.7296167172104435,1.1703517507817878,1.9776753636801292,2.903558967238506,2.0652225830877082,0.5766584135939269,1.1931744148161578,0.7110924882444537,1.1539086232003046,2.3846499834061765,0.9954835146049175,0.44818308416203706,10.267749404685103,2.155907737899138,0.7830803651415839
2025-08-20,1.3668578693517055,1.6154193137102884,2.051118114819419,1.4287657066417765,2.6012751358103037,1.6794663768717193,1.0720051089582647,2.5421341083200795,1.974227943080823,1.5292174050632912,0.8887439692103541,1.3535917641384219,1.204279008066788,1.1981474640153496,0.7394798376828393,3.2485620549780094,1.274011016477753,0.826312715444713,1.2246462602295376,1.128419495871841,1.190037869175372,0.8587959930251093,1.6498349209780787,3.5455964592281908,1.053651984042783,2.7105869184334144,1.1979314276761743,2.0326827414944892,2.935976801916469,2.093888839094653,0.5730965290895278,1.191540375119654,0.7195820935828908,1.164671477905469,2.4013380011946674,1.003182609026904,0.45067619270912507,9.943096583903632,2.191656242516582,0.7837784690436522
2025-08-21,1.3612370372037388,1.625131328450429,2.059965972236118,1.443147038701198,2.609999502590735,1.6576114640888655,1.0792360013095545,2.550571765244189,1.9606126146421599,1.5305132911392405,0.8849103977463989,1.3606877774462236,1.2031433993418905,1.2039683527668943,0.7506614862981869,3.3013554000157774,1.2860973274498098,0.8316285218723978,1.229997063912114,1.1322794837370984,1.1832832090117273,0.8707946142676443,1.6521979765112063,3.563900811191321,1.0541011768955297,2.708303184600618,1.1868994974988831,2.019997595660048,2.9392187701117978,2.098874225279398,0.5646216907469532,1.1941956116963077,0.7185633376246655,1.1702159546828512,2.4082431834407365,0.9795456025817356,0.45412821393262176,10.08361818363981,2.1875312923850503,0.7907593375871926
2025-08-22,1.3625595681353706,1.6143402302369703,2.071121615107869,1.425755650899285,2.6274484491748384,1.635756551306012,1.0698357617896117,2.550571765244189,1.9518987831635168,1.5369928797468355,0.8836324885839673,1.3491566880954855,1.1912198544177073,1.218520929982445,0.7445488359461193,3.2990093793369484,1.2817021954928662,0.826312715444713,1.222639770119187,1.1237016747285606,1.1832832090117273,0.8787798854258785,1.6677550894279989,3.5552871725082706,1.0469152193614837,2.7280943054295363,1.1826815026685809,2.021292082173416,3.0624064363294665,2.095758501636264,0.572728059894424,1.2021609473614778,0.7202612918684812,1.1702159546828512,2.419752259652769,0.987631456484826,0.4612239100917479,10.10784588248386,2.1792817278659333,0.8029759001576743
2025-08-26,1.3582612669190357,1.601390965076875,2.08266185757471,1.4448192011376175,2.608952493367788,1.6029741821317316,1.0626046045607678,2.5331691783379164,1.9268464511689845,1.5408808544303798,0.8817157418578245,1.3562527014032872,1.1889487756428083,1.1981474640153496,0.7265091362106592,3.2767186011771114,1.2828010120276063,0.8180437524833866,1.2152825580204134,1.1108349088385845,1.1355230209421387,0.8823731940850681,1.6712997328471513,3.548827025665238,1.0316449185878978,2.7189600670669667,1.1609421720157949,2.021292082173416,3.010538111961906,2.1144539852737196,0.577395305128947,1.1974633170245241,0.69954653209102,1.164671477905469,2.389253657804515,0.9818558717484633,0.46467593131524454,10.248366299169165,2.146283134045519,0.7987873619838357
2025-08-27,1.3516485113428347,1.6019305726836033,2.0892015537673334,1.4284312333152585,2.592201623940063,1.5945684385507886,1.0680278841898827,2.51602998646156,1.9415510750359115,1.531809335443038,0.8829935730085864,1.3287551757566334,1.2014400555919924,1.1903862000495813,0.7141347553529149,3.1934223310903165,1.2784060142526796,0.822178268593808,1.219295619935269,1.12112827964883,1.1374724103020581,0.8787798854258785,1.6898105148817009,3.527292764619102,1.0381571893982693,2.678616968002984,1.1755431366523568,2.021292082173416,2.9856843419467602,2.1100916296397365,0.5979069600288703,1.198484513904674,0.6975090201745695,1.1617361104585595,2.377169314414362,0.978775552050807,0.4662101271859239,10.23867592946207,2.175156945606375,0.7975657227745019
2025-08-28,1.3306032648399222,1.5930279693535552,2.0892015537673334,1.4130466854724535,2.5730078039998734,1.574394633428927,1.0553736239169598,2.520248653924208,1.9034279958234144,1.535696993670886,0.879798917120012,1.3154499476278243,1.190084384367706,1.210759547571114,0.7203965313653539,3.1476677644312283,1.2657702279222445,0.812727876796185,1.2079252642274863,1.1108349088385845,1.1374724103020581,0.9043327141402184,1.6900075864747806,3.4734574406807823,1.0352378460771978,2.6671992281304897,1.1680804389994581,2.005758718241787,2.9716366047897607,2.045053253507782,0.6147338292673807,1.2037433661167873,0.7005652880492453,1.1444503231603764,2.3679621851853114,0.9710746940196955,0.466785439658183,10.258057851927134,2.1641573024182543,0.8092586647991464
2025-08-29,1.3279579002225343,1.5903301948001904,2.095741249959957,1.4137155300274042,2.5154265572025447,1.570191812957451,1.050311813856769,2.496254107296123,1.8767419201667868,1.5266254746835444,0.8836324885839673,1.327868106367598,1.1821352619683196,1.1952370196395772,0.736945293044437,2.995153139186094,1.2635728632167977,0.8165670703272907,1.212607237873279,1.109119347036877,1.1530675995571964,0.9095231355190694,1.7018229843793409,3.46592021924072,1.0446694602086408,2.6291398628993035,1.177490017765451,2.0206447598786004,2.9954097187397966,2.030717271057681,0.5896777365795732,1.1937343898086796,0.6958110659307538,1.1284690905274297,2.28797501671733,0.9529777717057368,0.461607481017909,10.369505976440282,2.154532698564636,0.8101312520574461
2025-09-01,1.3226672719058,1.5984235184602844,2.0903559162061383,1.4414747741666933,2.5635853600630636,1.5651483873364835,1.0466964118273832,2.514447684289179,1.8663942120391814,1.5266254746835444,0.886188150885491,1.3358514599666764,1.157720298420056,1.1962072072466892,0.7393307575292304,3.032695200784896,1.2322581350698991,0.8150904574307115,1.2052499440803517,1.088532395907709,1.1628146207325778,0.9039334359603031,1.697687607136637,3.436849394108563,1.0473642071033389,2.620766946588623,1.1703517507817878,2.004464231728419,2.975958965153724,2.0170046997512254,0.5938537520275411,1.180661324107067,0.6927548809963986,1.0935713374480451,2.30351206101433,0.9452769136746254,0.45719657639599204,10.660239545619735,2.1380334016544285,0.803237667811307
2025-09-02,1.2743898974581873,1.605707430710286,2.100741984118686,1.421073330622289,2.5105410822240946,1.5659889924859753,1.0430807449204431,2.495726673238663,1.8484219678611968,1.4942267405063292,0.879798917120012,1.3083537988689018,1.147500166583219,1.1952370196395772,0.7269563766714862,2.9728625401118047,1.1992953833939155,0.8112512638996059,1.1925420099931556,1.0662298829768333,1.148194126157399,0.8927540368427702,1.7100938591036705,3.3453292776780152,1.0617364298377685,2.5172455010385413,1.1784635078382786,1.9934611754029226,2.9597499158665053,1.9640240770670143,0.5842735060996552,1.1614602043067077,0.6930943971988731,1.0531291075912785,2.258627168792941,0.9029223708644247,0.4361011416307465,10.359814423682312,2.122909144078723,0.7995726649447339
2025-09-03,1.2829872063171464,1.6469831969405724,2.0726602013727407,1.4418092474932112,2.5283387478515276,1.5735541309174266,1.061158461407517,2.5176118056357204,1.8582249617812368,1.5110740506329114,0.8874660600479226,1.3234328948735408,1.156016954670158,1.1932967628709168,0.7247200833538265,2.993979949761131,1.2086347201201304,0.8277893976008088,1.1784963341382386,1.0722344016599792,1.1501435155173176,0.9135158198381987,1.6831152509906337,3.3356385643979354,1.0693715802245616,2.556065723675873,1.2027984819100688,1.9960501484296584,2.9392187701117978,1.9634006659233687,0.5796061671547571,1.172286387495463,0.6920756827108082,1.051498374443024,2.267259030843872,0.9033074255233745,0.4424297837715156,10.485799877332413,2.117409322484663,0.8051574109227092
2025-09-04,1.3137392546254019,1.6440156185838435,2.0680442546936133,1.4675617537714776,2.58417512129277,1.578597556538394,1.0622431349918435,2.535014875540214,1.9034279958234144,1.5175537974683544,0.9008835211659312,1.3527046947493864,1.1588559071449536,1.214640179553998,0.729235810399897,3.038561326995257,1.2185235322047239,0.8384209411966618,1.1521186806917012,1.0795256178829902,1.1647639357167103,0.9023364207206659,1.6813428090421352,3.337792056237953,1.0781294050768844,2.5849910828673615,1.1914421210635424,2.0180559449281272,2.9478634908397243,2.012641392635033,0.5875897288555892,1.1661584580849802,0.6893590139789275,1.0580213070360425,2.315596623972108,0.9056176359031313,0.44799134261593904,10.364660200061296,2.162782430955726,0.8034994354649397
2025-09-05,1.3289499245688101,1.6307965496203842,2.0214977458086016,1.4749197585625327,2.5199633131376653,1.5886844077803293,1.0673047684669983,2.5392337040022683,1.8963480409937337,1.5266254746835444,0.9047170926298865,1.3864114352170476,1.1741862782438295,1.228222450716874,0.7272974953624058,2.9681697824119544,1.2350049751337242,0.843146102465715,1.117996748245904,1.0953947478688777,1.1647639357167103,0.909123857339154,1.6370347663027296,3.3270252543919057,1.070943447542838,2.604781971373408,1.1865751658622086,2.0348837953731236,2.952185851203688,2.0456766646514275,0.5800974906516874,1.172082148119433,0.6907173276097877,1.0772640059654988,2.283371561886617,0.904462530713253,0.4602650266933276,10.422807150507362,2.1600325201586963,0.8169376372447552
2025-09-08,1.3302725564184834,1.6146100340403344,2.030345415340789,1.471575127395438,2.5583507399948044,1.5710324181069428,1.0589891142388637,2.5571638859654082,1.8974372034351306,1.5434727848101266,0.9024808101043835,1.3846374318900971,1.1719150607940345,1.2495659858455184,0.7323668576797849,3.0033654651608317,1.2333568174226224,0.8573215862728746,1.1066227163012023,1.0923924885273049,1.1647639357167103,0.9115195264186463,1.64451795584935,3.3205647788718524,1.0545502671928308,2.680139612106763,1.1648358352094226,2.0089946974108135,3.0062154877014677,2.041313357535235,0.5863615138236392,1.1704479837346653,0.6654182074904731,1.0759594513002624,2.305238521251566,0.8994569965078186,0.4736894528271879,10.587556449087591,2.1847813815880204,0.8196426833170556
2025-09-09,1.3448220113550962,1.6154193137102884,2.0499641281496372,1.4678962270979956,2.6072076200117014,1.5752352385784187,1.078151327725228,2.58142231062163,1.8968926222144322,1.5305132911392405,0.9168566445854636,1.3580268401813582,1.1713473257690337,1.2495659858455184,0.7407163019238985,3.063198125833923,1.2306099773587975,0.8546636830590322,1.100601203616306,1.0898190934475742,1.171586798476427,0.994167087780372,1.6655887447711848,3.3194880329518432,1.0388308761219438,2.6847066151266117,1.1684049687012543,2.0070532047551555,3.028908209482869,2.0587658248142375,0.5735878057312703,1.232340744097164,0.660833764208299,1.065196596595098,2.347245979744228,0.8998420511667685,0.46544301461158993,10.53425527502051,2.1792817278659333,0.8039357717133754
2025-09-10,1.3031578970738915,1.6070563179869686,2.043424619841525,1.4555216328995968,2.6176768601482197,1.5575832489050323,1.075982157141611,2.6283573407599143,1.8173789764652477,1.5331052215189873,0.902800267892074,1.3438345426635137,1.1770250920437288,1.2408345342726381,0.7656156000093925,3.063198125833923,1.2372026082032042,0.8514152039460748,1.1046155726376217,1.0945369145908548,1.1501435155173176,1.010536908276756,1.6689366773140237,3.374400102810172,1.0368098159509203,2.6040208816443906,1.1843038540798791,2.0219392463919688,3.0688901088236493,2.072478396120693,0.5667096516157497,1.211709823976331,0.6520045597270666,1.0694365187072439,2.3483969532357185,0.904077534841274,0.45662129320172135,10.655393769240751,2.1779066885314315,0.800096285490571
2025-09-11,1.295221904139769,1.6127215391569236,2.0349617377889393,1.4638828534740354,2.649084793581013,1.5609454642270164,1.0973137177966283,2.667909260090196,1.8495111303025937,1.5421767405063291,0.9095089594452435,1.3598008435083087,1.178728435793627,1.2515062426141788,0.7678520753541017,3.0866619143331744,1.241048264801769,0.8496432684701799,1.1052846477568665,1.0962524763925623,1.1462446624216935,1.0125332991763327,1.673662908619201,3.3808605783302252,1.0406273398665937,2.6101102964451464,1.1813836809590788,2.0620673798488016,3.076454173486466,2.0805814089129906,0.5681835283961648,1.219880521211905,0.6472503790787354,1.0710672518554984,2.364509484278464,0.911008283554486,0.4644841312131698,10.887981571025014,2.1779066885314315,0.8013179246999048
2025-09-12,1.3028272895704938,1.5908696706667804,2.028806829075917,1.4678962270979956,2.652923685382995,1.561786069376508,1.087190185968765,2.655252613704624,1.8734741668688621,1.538288924050633,0.8976888652773568,1.3624620516754151,1.1906521193927067,1.2641183261699431,0.7637518250487059,3.104259934793161,1.260825888970956,0.8520058491047064,1.1066227163012023,1.105259254417281,1.1501435155173176,1.0201192921546516,1.6563334739928322,3.452999925554655,1.0397291592719917,2.5743346650467567,1.1742453149428547,2.0646563528755375,3.1002272874365024,2.0886844217052882,0.555901143800726,1.2398985985163842,0.6346857084372368,1.0890053164862996,2.3765938276686165,0.921404406624304,0.4642923603890834,10.95097311479919,2.239779093912702,0.8031503835139056
2025-09-15,1.3031578970738915,1.5396122176331277,2.0207285466184217,1.4705719116120541,2.684680550882358,1.5508586129850812,1.0694741156356513,2.671600815494197,1.88055425468541,1.5331052215189873,0.8849103977463989,1.409473884820765,1.1906521193927067,1.2689692642055022,0.7678520753541017,3.1547069009810036,1.2679678609917244,0.8449180379416099,1.1113061604417627,1.1095482112987192,1.1316242422223008,1.0221155855742041,1.6504256548016303,3.594048382243487,1.0300728461587294,2.642841336604594,1.1573731375565242,2.049122830867647,3.125081057451648,2.1055134778406455,0.5660955675273683,1.2535845070343508,0.6270449972803869,1.0909622281175726,2.430110362373311,0.937191059771535,0.4681279232607528,11.101186267293338,2.282402291586735,0.8082987932434453
2025-09-16,1.2879472271304833,1.5304399422398538,2.028806829075917,1.4668929092165268,2.6162811318819417,1.5121922130403416,1.0579044406545373,2.6410138261460787,1.8653050495977845,1.5240335443037976,0.8801184529193722,1.4316494004865674,1.1792963094935238,1.2670288889912784,0.7473511423744591,3.0761033885940594,1.2481902368225377,0.8407835218311884,1.1039464975183766,1.0915346552492817,1.1306495475423413,1.0285038414928014,1.6612564161743233,3.5176023800160428,1.0199675453036119,2.613916209735978,1.1022137837677513,2.012230992732365,3.052681323432905,2.0544027079944867,0.5641303672500231,1.2687002158727911,0.6251773056704141,1.0828084827428808,2.386376443643413,0.9167838682908489,0.4733058819010268,10.955818891178174,2.256278390822909,0.8114401755641814
2025-09-17,1.2813338660460343,1.5371842468831272,2.0049565812985204,1.4705719116120541,2.6410582909337204,1.5105111053793494,1.0654970674523052,2.6758196439562516,1.8789203780364476,1.5214417721518987,0.8759654236677265,1.436084476529504,1.1798640445185247,1.2515062426141788,0.7603971575384046,3.0807961462939097,1.2630233878584194,0.843146102465715,1.1220111172672194,1.0971103096705854,1.1462446624216935,1.005346486897905,1.6504256548016303,3.643577051178792,1.0237850692192854,2.7235270700868157,1.1093519517188537,2.0070532047551555,3.0591647320306126,2.090554274543341,0.566832505917576,1.2509291457694331,0.6236491717330761,1.087374583338045,2.391555385219871,0.921404406624304,0.48308651598730407,10.815297291441995,2.279652380789705,0.8045465913180423
2025-09-18,1.2945605882149325,1.5172208732763943,2.017650810435143,1.449167150186181,2.68398247372598,1.500424151499423,1.065135509590863,2.6863668761107955,1.9279356136103813,1.5305132911392405,0.873409683354533,1.4183441723577583,1.1713473257690337,1.2718797085812745,0.7745614103747045,3.0843155354832494,1.2498382603516227,0.8393069089346092,1.109298935084028,1.0872456983678436,1.1491688208373583,1.0085406148572034,1.6762227952675643,3.5944372071590456,1.0217640090482618,2.739512045302031,1.1035116054772534,1.9850474082566867,3.086179550279503,2.0936707593722423,0.5647444981935921,1.2556271501711782,0.6165178385553388,1.0863961275224086,2.411120617169464,0.916398813631899,0.4861549662846396,10.94612852147108,2.3044014100910024,0.7979146894869644
2025-09-19,1.2733978731119118,1.5247745893297602,2.009957315457249,1.454183739593525,2.6637418575860825,1.5315254130127114,1.0821284642010922,2.7100981887083715,1.8958034597730353,1.5266254746835444,0.8759654236677265,1.4369715459185395,1.1753217482938307,1.282551298477252,0.7656156000093925,3.0068850334357196,1.2470914202877976,0.8416694895691359,1.107960866539692,1.088532395907709,1.129674852862382,1.0149288707758006,1.6563334739928322,3.6138202771043093,1.0226622921983097,2.6968854447281236,1.0979955908723273,1.9954029842111058,3.0948245349039043,2.1036436250025927,0.5430046282617185,1.2785050774931326,0.6165178385553388,1.087374583338045,2.363358510786973,0.9175539776087481,0.47944275321770946,11.14479588860245,2.3016514992939725,0.8026268482066401
2025-09-22,1.277696578000412,1.5512125955165406,2.0114959017221214,1.4451537765622207,2.675607252035357,1.5113516078908498,1.0926135538903978,2.720117825806048,1.8887233719564875,1.5408808544303798,0.8622285047620274,1.42544018566556,1.1792963094935238,1.292253056102807,0.7678520753541017,3.0068850334357196,1.2437949706835776,0.8354677846630203,1.100601203616306,1.0868168341060014,1.1306495475423413,1.0181229012550748,1.6718903464317807,3.6148970230243185,1.0062691118483025,2.6816615592419257,1.0791766314054632,1.9986391214563946,3.1185973849574653,2.11486293232735,0.535266775164539,1.3036298873279442,0.6044625458929529,1.1075956584497189,2.3587550559562604,0.9248697221939391,0.4725387693266929,11.135105518895356,2.3154008854071497,0.8191191480097901
2025-09-23,1.271083216915963,1.5185697605530768,2.0349617377889393,1.454183739593525,2.71713528051486,1.505467679758382,1.0803206748938812,2.733829501305947,1.870751127778503,1.4890430379746835,0.8612701313989559,1.4422936913505113,1.1798640445185247,1.3077754655887806,0.765988300393415,3.0209633065352706,1.2344556339573625,0.8251314251274496,1.0805294402038825,1.0838145747644286,1.1637893154125372,1.0185221794349901,1.700641396493316,3.6095129647472532,1.0002059313352318,2.742556636540973,1.0730117554620666,1.9941086557740002,3.143451154972611,2.0780881449312925,0.5441100358470298,1.3105748989308106,0.6041229882203181,1.1121617590448831,2.361632270117362,0.9140885444651715,0.49497671697249673,11.280471711959645,2.3154008854071497,0.8186828117613545
2025-09-24,1.266784612945504,1.512095127973029,2.056503824342261,1.448832676859663,2.6874722204381527,1.5113516078908498,1.0738128099729578,2.734884047422054,1.8810988359061083,1.4670118670886076,0.852644615107974,1.4440676946774618,1.191787589442708,1.292253056102807,0.7715794432484256,3.025656064235121,1.2372026082032042,0.8257220702860812,1.067817339714845,1.0842434390262707,1.1423458837018556,1.0664339038644202,1.7264386571981722,3.596591027676084,1.0006551241879789,2.7440792806447516,1.0717138347200037,2.0232337329053367,3.1391287946086477,2.0874375994179974,0.5400568747008881,1.349181253219295,0.6017458771610723,1.126838357379175,2.369688425854922,0.9133184939342429,0.5064833177535397,11.37253791400773,2.333275053779885,0.8286305792693998
2025-09-25,1.2581872031685035,1.4778334701893805,2.076507136746199,1.4535149971366592,2.62675037201846,1.5155545310003171,1.0633278085761702,2.7032421899590147,1.8849111704247314,1.48385917721519,0.8427413456778999,1.4405195525724404,1.1923553244677085,1.2796408541014797,0.7678520753541017,2.9634770247121045,1.2278631372949724,0.8204063331179131,1.0644720458127743,1.0820990129627208,1.078015811697169,1.0696280318237188,1.733527823797555,3.573977719970794,0.9990830517588105,2.6968854447281236,1.0597086125350068,2.0445922071089897,3.0807767977469047,2.0843211145890956,0.543987228400391,1.3577605538951927,0.5997083652446217,1.115097046858374,2.341491551422024,0.904077534841274,0.5014971006593637,11.343464438784697,2.3662736476002997,0.85795034648627
2025-09-26,1.266784612945504,1.483768626902838,2.103050145342761,1.4762574476724342,2.670372631967098,1.5205979566212846,1.0745359256958422,2.7391028758841087,1.9007049567330552,1.503298417721519,0.8449776282034029,1.4653561409542288,1.1991688381421974,1.3126262851787764,0.7715794432484256,3.0526396000948077,1.2350049751337242,0.8162718170074916,1.0698244833784258,1.0876746673840243,1.0975097796721454,1.0760161902622916,1.754598853197234,3.597667773596093,0.990774214648343,2.71667633323417,1.070740443679737,2.0549479411396714,3.1315647299458305,2.125459209101346,0.5465665596213052,1.3716507017891892,0.5939354286380651,1.1206416032691748,2.388102684313024,0.9171689229497985,0.504949092604872,11.459757156625953,2.4006472807552157,0.8432032211997192
2025-09-29,1.2846405465882587,1.495638808589615,2.0741991634066355,1.4739164406810636,2.657809160361445,1.462598356704175,1.0976752756580705,2.742266836231243,1.9164987430413791,1.507186234177215,0.8459360015664743,1.4635821376272784,1.1997367118420943,1.3000143200685752,0.7816435367928545,3.044427095034522,1.2383014247379442,0.8130231993755008,1.1086299416589371,1.0902479577094164,1.1238266847826248,1.0999720037369942,1.7116693496980109,3.570747482210767,0.9851602269880194,2.730377806939461,1.0723627950910353,2.0394144191317802,3.115355680658612,2.1260824299485495,0.5712541362588213,1.3949371078632036,0.6003875220600517,1.1206416032691748,2.3823482559908205,0.9194791921165261,0.49689448376933726,11.275625935580662,2.440520567632219,0.8577757778914671
2025-09-30,1.3031578970738915,1.5083182699463462,2.036115724458721,1.489969935176905,2.649433938670822,1.4726852079461101,1.1385307842459307,2.7554507556748673,1.93719415929659,1.5240335443037976,0.8545614398457866,1.4813224417990238,1.2122279917912782,1.3252384871801037,0.776052393937844,3.059678378473487,1.2597270724362162,0.8443273927829783,1.1213420421479745,1.1099770755605614,1.1277253891266767,1.1119499592143578,1.6768136493300378,3.5879764029619716,0.988079467753645,2.774526819294275,1.0785276710344318,2.0439450428904373,3.1023885995667215,2.137301737273307,0.5852561062383278,1.3955498259912935,0.602934411955615,1.1359704789360847,2.411696103915209,0.916398813631899,0.5018807008635133,11.532441436208973,2.4941432406223987,0.8529764201129616
2025-10-01,1.279680525774922,1.6774678649573997,2.0622739455756816,1.437126927216215,2.653621762539373,1.426453669569919,1.2086721264405367,2.7707444113483333,1.905061872472377,1.5279213607594937,0.8590339268851227,1.464469207016314,1.2207448492156652,1.3446416470945244,0.7767978857194137,3.090181303522514,1.2635728632167977,0.8393069089346092,1.1293706984964518,1.115123760965684,1.1413711890218958,1.1071588160154222,1.68469050110713,3.6784296337831335,0.981791690814201,2.787466970947676,1.0807988837842004,2.0005809302645776,3.1704659732215013,2.152884351714257,0.6251738678873004,1.388809053764457,0.607858412910424,1.15227789005205,2.4001870277031765,0.9083129597288087,0.5043737801326129,11.406455982558873,2.458394736004954,0.85367452401503
2025-10-02,1.2836486231600244,1.6798958357074003,2.0545804505977876,1.5130468590391977,2.6543194136492727,1.4130045003680085,1.1909559678149049,2.7517593612702727,1.888178790735789,1.5525443037974684,0.8600643830310576,1.4804353724099883,1.2150669442660738,1.3660817153570712,0.7603971575384046,3.096047429732875,1.256980232372391,0.8401928766725567,1.1146514543438333,1.1104059398224038,1.1540422942371558,1.1039646880561236,1.6640134946546885,3.6385870766496176,0.9844865402643449,2.8019293020591123,1.0697670526394703,1.9798696202794772,3.117516992788831,2.1260824299485495,0.6319291677009948,1.393507182854466,0.6095563256840794,1.1300998236756843,2.409969643677973,0.9106232288955363,0.49689448376933726,11.314390963561664,2.4350207460381585,0.8504458573968925
2025-10-03,1.2925765395223812,1.7063338418941807,2.0791998975653643,1.500672366938884,2.6895662388840478,1.3894684799241628,1.1775785918190977,2.7997490985240705,1.8816434171268068,1.5525443037974684,0.8645371821170729,1.485757653293081,1.2235838016904608,1.3816054277442387,0.7533150311202544,3.214539740739643,1.2624740466820579,0.8363537524009678,1.09324154069292,1.115123760965684,1.1637893154125372,1.1231293583318906,1.6689366773140237,3.652586088317816,0.9862830040089949,2.820198011107124,1.0749584385100392,1.9675720774406125,3.1704659732215013,2.1123696683456523,0.6343856914752702,1.4204703964500753,0.609046989175127,1.140536579531249,2.427233148212209,0.9121633299573936,0.4970862545934236,11.324081333268758,2.4638945575990143,0.8605681082611689
2025-10-06,1.2925765395223812,1.7165853325009113,2.105742906161926,1.5033478472567725,2.6599031788073404,1.3987147260166062,1.168539733575561,2.7870922911390923,1.8860003328661283,1.5564322784810127,0.8575084086828548,1.4839836499661305,1.2281260979151547,1.3777244404246654,0.7745614103747045,3.202807846490017,1.2619245713236795,0.8319238444517136,1.1139823792245884,1.1155527299818648,1.1618398516768318,1.125924208111274,1.704579822381862,3.6730455755060682,0.9739320465564804,2.854451463047479,1.0606819045427127,1.9442719525050385,3.130484073880721,2.122965945119648,0.6420621642767241,1.444982488156797,0.5976708533281712,1.157170089496814,2.4266574418988385,0.911008283554486,0.4913329542029021,11.188406692962436,2.4762689043776898,0.8710394963150513
2025-10-07,1.3024965811490548,1.7238693764910513,2.1380560359919087,1.49966894695933,2.6435012414461854,1.4062799670860489,1.1674550599912343,2.768634675118492,1.8495111303025937,1.564207911392405,0.8543135187592712,1.475113362429137,1.2406173778643386,1.3486176277556805,0.7764251853353912,3.159399658680854,1.2729121999430129,0.8331052040284936,1.1086299416589371,1.1215572486650107,1.1647639357167103,1.1215323430922535,1.6998538315545288,3.662277458951938,0.9781987633249009,2.883376357593223,1.0717138347200037,2.0096420197056286,3.119678041022575,2.124212386814055,0.6264020829192507,1.4568298682257022,0.6039532093840005,1.1555393563485592,2.3967345463639544,0.9067727998799805,0.45297753043212674,11.178715140204469,2.5450160028155486,0.8648439307324091
2025-10-08,1.2879472271304833,1.7273764307143702,2.126515605640556,1.4966588912168384,2.6717683602333753,1.4104827875575248,1.1717936660360226,2.810823603736668,1.8647603353902191,1.573279588607595,0.8584669380692658,1.4795484384720734,1.2389140341144405,1.3592901652161626,0.780152553229715,3.227444645328683,1.267418385633346,0.8366490749802835,1.107960866539692,1.11898385358528,1.1696374834922942,1.1578652927442108,1.7024137182028922,3.656893071997852,0.9820162872405744,2.9473162584540837,1.105782818227022,2.019997595660048,3.197481055366866,2.139795001255005,0.6208749981375062,1.4533573000801372,0.6088772103388096,1.1640191209394322,2.485353137747616,0.9106232288955363,0.45067619270912507,11.1690235874465,2.5683899927823446,0.8808126952282936
2025-10-09,1.2829872063171464,1.7454514411778306,2.136132662247435,1.4901297186799576,2.6141871134360466,1.4062799670860489,1.1858941577547142,2.659471281167272,1.8407972988239505,1.5797591772151898,0.8674126142529661,1.489305524495861,1.2474308915388275,1.3874267902780355,0.7641246164462532,3.1852098260300306,1.2811528543165047,0.8472806878356532,1.1139823792245884,1.1297061934117063,1.1793844302918892,1.1830189407586598,1.7037922574430748,3.6558163260778427,0.9927952748193666,2.9442712025693982,1.1035116054772534,2.002522422920236,3.1445318110377207,2.122965945119648,0.6009775678915269,1.4590767507385598,0.6083677908895366,1.1852187315001614,2.402488755118533,0.909468064918687,0.4424297837715156,11.193251286290547,2.5683899927823446,0.8811617471793278
2025-10-10,1.2690991682234116,1.7241391802944155,2.0741991634066355,1.493474554043222,2.5998791945207866,1.4172074234774756,1.1750475984964843,2.6207106739225887,1.8397081363825538,1.5603200949367089,0.846326293950312,1.475113362429137,1.2553798752633176,1.3748137591577667,0.7536877770110394,3.1769973209697446,1.2877454851609114,0.8514152039460748,1.1333850675177672,1.1399995642219518,1.1598904623169128,1.1498800215859766,1.6561365226386744,3.637510330729609,1.0071673949983504,2.949599527641137,1.0986446502759195,2.0342366311545708,3.146692859271465,2.095540802506737,0.5836593751560863,1.412912542030855,0.6114240587642125,1.1878279204640525,2.385225470151922,0.906002690562081,0.4378271376035006,11.033347764089305,2.5656400819853142,0.869730572808316
2025-10-13,1.265792487681187,1.7163156604376855,2.074968362596816,1.4911331386595115,2.6152341226589946,1.4214102439489515,1.1768553878036954,2.615964250403666,1.8516895881722544,1.5408808544303798,0.8460068361626215,1.4839836499661305,1.2440242040390312,1.3816054277442387,0.754806014683394,3.1910759522403915,1.2910416664010982,0.8446227846218108,1.1206729670287296,1.140857397499975,1.171586798476427,1.1973924678354912,1.6620442215909546,3.6579701465948813,1.0051463348273268,3.0188677535737356,1.110000912089885,2.0174087807095744,3.1337257781795747,2.1073833306786978,0.5872212596604854,1.4594853541788835,0.6104053442761475,1.1858710088327795,2.4076679162626164,0.9190940786706056,0.4399366752244275,10.93643696871311,2.576639725173435,0.8869209765135344
2025-10-14,1.2717445328407995,1.7182040235809577,2.06650548054423,1.500164326867836,2.659205314674202,1.4331783054898701,1.1840864567400213,2.62677519958694,1.859858838430199,1.5369928797468355,0.8377001535659719,1.4839836499661305,1.25083771771352,1.355409177896589,0.7648701082278229,3.209846983039793,1.3031281115551716,0.8428508491459159,1.1273635548328709,1.1485774779848281,1.1745109568920917,1.1638542704828927,1.6397918447830946,3.725809741033732,1.0235605753483579,3.035613586195096,1.1145434366219835,2.0018754167779456,3.115355680658612,2.125459209101346,0.5814485599854636,1.4437568025240894,0.6012364991819596,1.1790218977567426,2.4220539870681255,0.9294902017404235,0.427087620118803,10.892827347403998,2.5546406066691674,0.8869209765135344
2025-10-15,1.2813338660460343,1.7055245622242268,2.070736827628267,1.488122776622765,2.6469909881583575,1.4281348798689026,1.1772169456651376,2.606999320421503,1.8369850972921946,1.5331052215189873,0.8444093912008297,1.4955148747679892,1.2593544364630107,1.3699625842310816,0.7633791246646835,3.203980856829432,1.3141157401745052,0.8472806878356532,1.1133133041053436,1.1640177437088735,1.1618398516768318,1.1758322259602563,1.6380194028345965,3.6633542048719465,1.012107901045891,3.028001759613433,1.1083786597111478,1.9539803642409048,3.1045496478004657,2.1042668458497964,0.58353652085426,1.4431439597077358,0.602934411955615,1.1992430525018352,2.441619219017718,0.9260248861707884,0.4247862823958014,10.781379222890852,2.49001845836284,0.8972177959726139
2025-10-16,1.2833179147385854,1.693384708474224,2.059196585161426,1.4821021546473565,2.6469909881583575,1.4684823874746342,1.1815556400024438,2.6080540275370168,1.827726551605986,1.533311075949367,0.8565499573081137,1.4972888780949396,1.2746846688869904,1.37869474647734,0.7510786012823077,3.2157127510790575,1.311918107105025,0.8570263329530755,1.086550952888779,1.1691644291139962,1.1823085887075542,1.171839541641127,1.6267946185146658,3.7721131023643215,1.0307466354378496,3.028001759613433,1.1197349215251133,1.9339163765506195,3.086179550279503,2.0706087335790824,0.5910288059133495,1.4359945840405755,0.6120986123918479,1.2162026613169998,2.4306858491190564,0.9187090827986266,0.41980006530162534,11.047885093226258,2.468019339858573,0.8966941754267768
2025-10-17,1.279680525774922,1.693924184340814,2.070352228033177,1.4787573192840924,2.497279746485303,1.4945402233669551,1.1750475984964843,2.5426615423775396,1.827726551605986,1.5592335443037975,0.8603838408187481,1.49906288142189,1.2832016649862736,1.351528309022579,0.7390762382071501,3.1230309655925623,1.3135662648161266,0.8726783603972975,1.0892272533657583,1.172166688455569,1.1764602718762243,1.1315139076700402,1.6189176464986517,3.7527303610960785,1.0475889060851582,3.0599719423667358,1.1414741531453385,1.9455664390184064,2.9770396212188337,2.038196872706333,0.5861158520751741,1.4127081779665613,0.6204207197527848,1.2253347828739096,2.371990372837904,0.9056176359031313,0.4163481026341055,10.689313020842768,2.415771538330921,0.8813362305355591
2025-10-20,1.2929072479438202,1.6947334640107679,2.085739593757988,1.4827709992023077,2.525197933205924,1.4869749822975125,1.1811940821410016,2.5571638859654082,1.8544127602494807,1.5747870253164558,0.866454162878225,1.4937407359899182,1.2854726050862761,1.3825756153513504,0.7503331095007381,3.140628627881453,1.2992824549566064,0.8697251346041392,1.0852128843444429,1.1670200030504463,1.1813338196518082,1.1558689993246585,1.616554831443368,3.7021196874084326,1.0462414300823633,3.028001759613433,1.1395274700973659,1.9319747258186988,3.0040544394677235,2.043183210373287,0.5863615138236392,1.4274154080529415,0.622968273170913,1.220768761912164,2.388102684313024,0.902152320333496,0.3216101827906795,10.921899639576157,2.407521973811804,0.8952980528612117
2025-10-21,1.317707251092463,1.682593610260765,2.0903559162061383,1.481098632569718,2.542297947723458,1.473525813095602,1.1898712942305785,2.597243078353743,1.8870896282943923,1.5799713607594936,0.8738023941001334,1.49906288142189,1.2934217274856625,1.3942183404189443,0.7562969982465333,3.1535335324704934,1.3135662648161266,0.8676579458084452,1.0885581782465135,1.1820311950039724,1.1823085887075542,1.1283197797107416,1.6297485281102668,3.73980842402491,1.0410765327193408,3.031807905227137,1.1317401437101102,1.9112634158335982,2.9997320791037603,2.050039591174736,0.6039252745971696,1.4069887273081387,0.6234778170306668,1.2351192613968562,2.397885080720195,0.9098531195776368,0.32985662100627744,10.994583919159176,2.4501451714858375,0.889538823527005
2025-10-22,1.3392005736988815,1.6914962135908134,2.1242076323009926,1.499160906888282,2.666184808098547,1.4600766438936912,1.1949330159982512,2.6133274021151784,1.910507950653095,1.5916365506329113,0.8916937464675341,1.520351327698657,1.3002351024852552,1.3854862966182488,0.7589062194820275,3.195768351769146,1.343232701069907,0.8676579458084452,1.1026083472798869,1.2150560477612742,1.2076506503865012,1.1239279146917214,1.659681166057827,3.764575552247239,1.0448940566350142,3.0896579266414976,1.1502347715403,1.9371525137959082,3.018102176624723,2.0706087335790824,0.6150408713115714,1.389830375332871,0.6287427856435613,1.2419682928394744,2.4306858491190564,0.9325705802250507,0.34443170136264445,10.684467244463784,2.457019864542426,0.908387202689993
2025-10-23,1.349120615325555,1.685561188617494,2.1853717440671003,1.4904642941045605,2.6989886828208576,1.460917249043183,1.1905944982459808,2.617810108605371,1.8778310826081837,1.6071900316455696,0.8798726381479406,1.5114811756127842,1.3025063199350502,1.4194442842139188,0.7607699034291894,3.2004611094689963,1.3338933643436919,0.8712018167602351,1.1052846477568665,1.2034758746568248,1.2008277876267848,1.143891043847295,1.7209247407152857,3.8464141583542877,1.052080219279952,3.0782401867690035,1.1395274700973659,1.9552748507542728,3.0299886016515036,2.074971660102391,0.6156550022551401,1.40943997388529,0.6202508579761467,1.244903660286384,2.458882503984329,0.9179389734807272,0.3455823263071626,10.74261419490985,2.4913933298253688,0.9251412701467757
2025-10-24,1.3461446432047695,1.690417130117495,2.1934500265245958,1.5232437010841693,2.710155787090515,1.454192613123232,1.1714321081745804,2.647342390837975,1.9094187882116984,1.6227433544303798,0.8814700831097324,1.525673473130629,1.307048616159744,1.4349679966010862,0.7734432182091123,3.357668850585077,1.343232701069907,0.8694298120248234,1.1119752355610077,1.2150560477612742,1.2144735131462177,1.1430925849674884,1.7130477686992716,3.8614895872654746,1.052978399874554,3.1041204900758057,1.13693162861324,1.9455664390184064,3.079696141681795,2.0824512617510433,0.6184185212184186,1.4137294995349752,0.61515570966973,1.2413160155068563,2.4703915801963614,0.926794936701717,0.34941788917883204,10.863753872180965,2.5065177552730473,0.9293298083206143
2025-10-27,1.3392005736988815,1.6923054932607673,2.178832235758988,1.5346162025781196,2.710155787090515,1.4617577515546833,1.1858941577547142,2.647342390837975,1.911597246081359,1.6214473101265823,0.8795531803602501,1.5372048333836084,1.3047775373848451,1.4330275029412995,0.7794070614481453,3.421021079533056,1.3366403385895336,0.8697251346041392,1.1039464975183766,1.2090515290781283,1.2008277876267848,1.1307153513102095,1.7171832661808974,3.806571601220772,1.048262387697941,3.1079264033666374,1.1223306639766781,1.9449192747998538,3.1780303017807934,2.1011503610208946,0.6103121520709477,1.4198575536337215,0.6063240999191996,1.2285962491704188,2.527360596240278,0.9383461649614134,0.35526707498139676,10.863753872180965,2.5065177552730473,0.9293298083206143
2025-10-28,1.338208650270647,1.6734212031273528,2.1796016228336796,1.5352851492311554,2.822875543195947,1.469322992624126,1.1887866206462518,2.7691621091759524,1.905061872472377,1.630520094936709,0.8805116317349913,1.5345436252165017,1.307616489859641,1.44661072166868,0.787234679647865,3.4151549533226953,1.3344427055200536,0.8688391668661918,1.101270278735551,1.2051914364585323,1.1910807664514032,1.1542719840850213,1.7081247062788585,3.7925729182295944,1.0399537556983651,3.0675837689483987,1.1151923969930149,1.9539803642409048,3.2417853150716094,2.097410465048348,0.6085926135420676,1.4357904693528094,0.6037765050309111,1.232510072432965,2.5279363025536483,0.9302603698452938,0.36303405685879037,11.106032043672323,2.49001845836284,0.9438151659535323
2025-10-29,1.3120859143542896,1.694193988144178,2.2122995401432637,1.5289300539292292,2.8270631540412587,1.4583955362326992,1.266882235792586,2.8303357658733748,1.8495111303025937,1.6318162974683543,0.8741218518878239,1.5274474764575794,1.3019385849100495,1.4504915905426903,0.7894711549925743,3.433926342293192,1.325103234611822,0.8652952959144019,1.09324154069292,1.1996158867915674,1.1784097356119299,1.1794255346194458,1.7390417402804417,3.801187542943707,1.0352378460771978,3.0927027502033115,1.119085961154082,1.9701610504673486,3.2763644618797914,2.0899308633996956,0.6038025140057184,1.5166799854513733,0.5963036236128438,1.2393591038755833,2.5486522884271063,0.926794936701717,0.3582396398666891,11.236862090650535,2.567015121319816,0.9678991539048898
2025-10-30,1.3372165250063301,1.6923054932607673,2.218069849261196,1.5483301194557804,2.8326469191993264,1.4567143259337159,1.28929847003193,2.8208435628331583,1.837529678512893,1.635704588607595,0.8734828583007732,1.5434137773023744,1.3098875686345397,1.4456404156160052,0.7920804217348306,3.4515240045820827,1.3245538934354602,0.8605702039048654,1.1032774223991317,1.1923246705685562,1.1823085887075542,1.1618579770633402,1.763854244214509,3.872258032496626,1.03433956292715,3.058449298262957,1.1382294503227421,1.962394289463403,3.395229767733497,2.1055134778406455,0.5834332988760284,1.4925764971849753,0.5886608804181387,1.25534033650853,2.555557690240801,0.9237146170040608,0.3490343182526709,11.319236739940647,2.604138497399789,0.9569043157823136
2025-10-31,1.2902619842444736,1.682054002654037,2.190757453589942,1.5366231446353122,2.84067320882338,1.4516709003127481,1.287490680724719,2.8039682489849396,1.8282712658135514,1.6318162974683543,0.897764068527011,1.515029182266685,1.29455733621056,1.435938184208198,0.7864892788798201,3.425713837232906,1.3190600791257934,0.8587982684289704,1.0959177594757457,1.1927535348303986,1.1901060717714438,1.147883728166424,1.7419956498760427,3.8614895872654746,1.0305220390114762,3.028001759613433,1.148936949830798,1.9578638237810086,3.370376261614826,2.0836978937418924,0.5722559470244004,1.488899814351644,0.594435392890787,1.249795859731148,2.5630385788002408,0.9156287631009704,0.3445275574966992,11.309545187182678,2.5587653889287254,0.9574278510895791
2025-11-03,1.2876165187090443,1.6677559819573977,2.1861413190263037,1.518560972414833,2.8378815392675856,1.454192613123232,1.270497637821972,2.818734148602131,1.8250035125156268,1.6421852848101266,0.8920132822668944,1.4884185905579461,1.288311557561072,1.4165336029470204,0.7984170563714109,3.431579605272171,1.3058750858010133,0.857912300691023,1.0892272533657583,1.178171207138715,1.1637893154125372,1.1175396587731241,1.7620819225049325,3.877642090773691,1.0323185027561264,2.957211586545671,1.1606177413465595,1.9792221399083996,3.4168418334497885,2.0768417032368856,0.5532176066426411,1.4574425863537923,0.6034368229477952,1.2396852823586018,2.5722457080292918,0.9294902017404235,0.3288977376078572,11.290163264717615,2.505142715938546,0.9354380896058552
2025-11-04,1.272405848765636,1.6898775225107667,2.1834483703226266,1.5403024533250946,2.8357875208216905,1.4550332182727237,1.2939986339381606,2.8345545943354296,1.8391635551618553,1.6395930379746835,0.9057512933359702,1.4768873657560875,1.2996675061351508,1.3971290216858427,0.7969260728082714,3.4386187418219465,1.3190600791257934,0.8676579458084452,1.0711626336169155,1.188035713687118,1.194004924867068,1.098374988497357,1.78472832226003,3.8313384007660805,1.0401782495692928,2.9267640478961474,1.161266701717591,1.9915196827472643,3.444937307763788,2.0718551752734893,0.5269324086743196,1.4323179012072442,0.6070034640854312,1.2315316166173285,2.5578594176561573,0.9237146170040608,0.3288977376078572,11.120568189758403,2.465269429061543,0.9200801447146375
2025-11-05,1.279680525774922,1.6793562281006722,2.203067083131475,1.5597025188516456,2.8319488420429484,1.4794098438660612,1.292913960353834,2.8630324914513343,1.860948133858463,1.6525542721518987,0.8904158373051024,1.4955148747679892,1.307616489859641,1.4039206902723147,0.8069901663527004,3.4515240045820827,1.3388377032949803,0.8694298120248234,1.084543809225198,1.208622664816286,1.1823085887075542,1.1159426435334872,1.81682706438656,3.8044177807037336,1.0442203699113397,2.9305699611869795,1.1589954889678222,2.03229498042265,3.423325242047496,2.1105000058040413,0.5195626967859309,1.4541743822725208,0.6105700637529069,1.2308793392847104,2.5768491628600043,0.9306453657172726,0.3229526078372725,11.212634391806485,2.485893508231309,0.9211273005677401
2025-11-06,1.3203525147918096,1.731153288741053,2.192680827334416,1.5867958792804495,2.8602159608301387,1.4768881310555773,1.2860444492789502,2.871141065587456,1.8059419729093782,1.6266318037974683,0.7936106102111815,1.5780075871590713,1.3178365523590299,1.4087717467534366,0.8047536910079912,3.5242617489297623,1.341584677540822,0.8626373927005595,1.0758460777574759,1.2124826526815435,1.1384471793578037,1.123528636511806,1.8065870368374182,3.8238008506489973,1.0315120067300987,2.96177858956552,1.1632134837981245,2.0536534546263034,3.477355142441751,2.108629962669547,0.5144039406337276,1.4696986945512849,0.570657978833962,1.2406637381742383,2.6223093222595133,0.9298752563993733,0.3162404240483307,10.965510443936143,2.4666444683960447,0.917811349652201
2025-11-07,1.241984609796861,1.7400558920711011,2.191911440259724,1.5864613038558464,2.8246204165520337,1.4953807258784555,1.2788134686351424,2.823675542402978,1.7394990743781584,1.603301582278481,0.8092656020414094,1.548736058185467,1.3291925009331087,1.4010098905598531,0.7965532814107242,3.5125298546801367,1.3344427055200536,0.8652952959144019,1.0852128843444429,1.2090515290781283,1.1491688208373583,1.1039646880561236,1.8065870368374182,3.7559609275331263,1.0371266097230971,2.9107790726809326,1.1719741021930858,2.0523589681129355,3.4579043888556784,2.1055134778406455,0.5187029040938971,1.4609151544993573,0.586452967612966,1.218811850280891,2.6067722779625138,0.9287201512094949,0.31393911560331744,11.033347764089305,2.459769775339456,0.9120521203179944
2025-11-10,1.241653901375422,1.7705405600879287,2.2076834055796253,1.5908096612967497,2.912213655492639,1.508829895080366,1.2813442853727197,2.871668499644916,1.731874405340912,1.6201511075949366,0.8121410341773025,1.5567191408823042,1.3229467222836204,1.4087717467534366,0.8028899160473044,3.5735357047781906,1.330047707745127,0.8667719780704978,1.0885581782465135,1.1987580535135443,1.1442953474375608,1.1179389369530395,1.8280517284675686,3.757037673453135,1.0306136210246049,2.968629326418166,1.1781389781364826,2.0575369141664073,3.5313847789395307,2.1291989147774513,0.5205453437797911,1.482158917436544,0.6170239403917869,1.2674078255123495,2.673524129548851,0.9387312196203631,0.3135555739551447,11.251398236736613,2.4721441221181313,0.9251412701467757
2025-11-11,1.2059419331718713,1.8164025957549903,2.255383713249907,1.544985284092516,2.951299159506157,1.5407717617431462,1.3193073310690422,2.899092816641157,1.757471318556143,1.6292240506329114,0.8092656020414094,1.525673473130629,1.3206755048338255,1.4068313715392131,0.8122085178101637,3.623982670966033,1.3278500746756468,0.8712018167602351,1.0872200280080238,1.1953269299101292,1.1530675995571964,1.142693306787573,1.8753136808025757,3.724732995113723,1.035105344441182,2.8331381627605254,1.2154526644660972,2.0866619912977438,3.5249013703418233,2.117356196309048,0.5301259176939901,1.502585473493083,0.6287427856435613,1.2879550791070418,2.7224372094228326,0.9475872416283239,0.3155692554420168,11.1690235874465,2.4886434190283384,0.929155324964383
2025-11-12,1.1616324542732785,1.8234167042016278,2.238073161665134,1.5142127170720148,2.994572061341746,1.5508586129850812,1.3185842153461578,2.946558661824449,1.7079113687746437,1.6499620253164557,0.8191697295998508,1.5114811756127842,1.336573610957702,1.4097420528061115,0.8163087681155595,3.662698101075346,1.3196094203021551,0.8700204571834551,1.076515071182567,1.1884646827032987,1.1530675995571964,1.1546711647849124,1.8426242048524941,3.7290403074707794,1.0348807480148086,2.777571410533217,1.2268090253126236,2.0905452927615853,3.548674484291859,2.1584941005248566,0.5236160453528228,1.518314025147877,0.6301015139760247,1.504842906358585,2.737974253719832,0.9383461649614134,0.314514457353565,11.1690235874465,2.4886434190283384,0.9441642179045665
2025-11-13,1.1441071281339215,1.8201794537816731,2.2001928258741774,1.5095297842065083,2.9820090157825723,1.5374094437831707,1.3092986678071705,2.9534146605738054,1.7100898266443045,1.6240395569620254,0.8076681570796176,1.4491449444833264,1.3422515159072934,1.3670519029641832,0.8103448338630017,3.6556589645255704,1.3196094203021551,0.861751424962612,1.0537670889873176,1.185462423361726,1.2115495034821255,1.142693306787573,1.8121455619603488,3.6730455755060682,1.0249990180316062,2.760064255859967,1.2216175404094938,2.071128627366115,3.5583995971884206,2.0257309333907267,0.5164919952128992,1.5242378398705936,0.6175334427813804,1.4761419073892008,2.7080509190496977,0.928335155337516,0.31662399497449184,10.858908095801981,2.5010179336789875,0.9443387012607978
2025-11-14,1.1424537878628092,1.8253051990850384,2.199038651319884,1.4663812957125033,2.8860403421281045,1.5197573514717928,1.2901347767629632,2.9122780240800377,1.7024652905939253,1.6097822784810127,0.7977640295211761,1.4287343569193918,1.3280568922082112,1.3651115277499595,0.8066173749551531,3.5242617489297623,1.3042269280899117,0.8638187522773395,1.0551052392258073,1.1764556453370072,1.1979037035869062,1.1379021635886375,1.8150998322727159,3.6245883936584398,1.0038881846178522,2.6923186740311467,1.1969580366359074,2.0394144191317802,3.4859998631696776,2.0064084229772297,0.5060516286066663,1.494414900945773,0.6092113354204436,1.4526594456144364,2.6326674249800552,0.9152437084420206,0.314514457353565,10.7183864960658,2.4748940329151616,0.941371802296293
2025-11-17,1.1186458090604419,1.8333983910049942,2.199038651319884,1.4633709336757568,2.867195454254484,1.5248008797307517,1.301343953392852,2.8832710829126023,1.6806807118973177,1.5968210443037976,0.7955275909723335,1.411873672325047,1.3377092196825995,1.356379483949264,0.7958077896291544,3.509010107319701,1.3031281115551716,0.8700204571834551,1.0624649021491934,1.1768845095988496,1.16573863039667,1.1155433653535718,1.8261291081055522,3.580438524167868,1.0029897989123584,2.612394030277943,1.198904818716441,2.040708905645148,3.4535820284917147,2.004538570139177,0.48210014696598136,1.4864485677744927,0.6037765050309111,1.468314420130946,2.613677679776208,0.9140885444651715,0.30482970867933085,10.606938371552655,2.455644825207924,0.9420699061983614
2025-11-18,1.1120324479759929,1.8298913367816754,2.1678766898920108,1.4754124839208278,2.7904206005402057,1.5029458643099067,1.2923043005166526,2.7846479981414234,1.6648867926021267,1.5838598101265822,0.7913742496740087,1.4127610126163237,1.3308958446830068,1.3282428588873911,0.7790343610641228,3.4280602160828315,1.2943379818233014,0.8593888443280854,1.059788601672214,1.1644466079707156,1.1238266847826248,1.0867963111999088,1.8062369010966932,3.598744848193123,1.0041127810442256,2.6055430611024253,1.1891708092812128,2.0898982866192948,3.3768596702125335,1.9958125267961178,0.4728880422468862,1.4529486966398133,0.5881513780285451,1.4520070886483996,2.5630385788002408,0.904077534841274,0.3002270625113159,10.403425228042298,2.4460202213543054,0.9228724750843393
2025-11-19,1.0925231740621257,1.8339379986117224,2.1497948723874307,1.4700607065003706,2.7890246592506887,1.4962213310279473,1.2818183279021662,2.762497377722158,1.6425576326848206,1.568306329113924,0.790735256086958,1.4145356931988773,1.3127266597842315,1.3204810026938074,0.7719522346459728,3.410462553793941,1.2745603576541147,0.8531870701624531,1.0571123828893882,1.1515797373264012,1.1530675995571964,1.100770560096825,1.7946168914403053,3.564286349336672,1.005684853473394,2.57205093121396,1.185601675789381,2.096370561109872,3.3714566537834605,1.969633635581172,0.49376882231453945,1.441714034698998,0.5781308602520291,1.4304813792380706,2.521030900739954,0.9009971563566469,0.31806233471111645,10.335586724838263,2.3841479838450086,0.9261884259998783
2025-11-20,1.0872324448273498,1.841221910861724,2.164798953708732,1.4924712361617531,2.776112468601706,1.5037864694593985,1.273140232887409,2.7540590768004205,1.649093006293803,1.5760830696202532,0.7865819147886333,1.4189728010086233,1.29417265204853,1.3195106966411325,0.7823890285744242,3.3846520282736683,1.2866466686261713,0.859979489486717,1.0571123828893882,1.165733305510581,1.1433206527576012,1.0923860107586754,1.8050553132106684,3.5416730416313817,1.006583136623442,2.5377974792736055,1.199229348418237,2.1099622743095803,3.4038744884614234,1.986462882012971,0.47460762763095393,1.425985483044204,0.5788102244182607,1.425915358276325,2.515276252850125,0.9079279050698589,0.316499007241969,10.45672640210938,2.3635237368032693,0.9314241200268195
2025-11-21,1.090208517866177,1.8641528628251858,2.1428702008306937,1.5135436683208938,2.737376109677997,1.5407717617431462,1.293027416239537,2.7461485319349572,1.691028287038056,1.5540490506329114,0.7993614744829679,1.4313966486954635,1.2930369046487362,1.3156298277671223,0.7805253446272623,3.3975572910338045,1.3064242927953582,0.8723830378179817,1.0544361641065625,1.1888935469651412,1.1540422942371558,1.0820051680009732,1.7857542007421265,3.5222903003631387,1.029715337874557,2.535513977763681,1.2238888521918232,2.0866619912977438,3.3714566537834605,1.9858394708693254,0.4475854444172372,1.3685866123956842,0.6005495874465512,1.4193924256833066,2.506644829934445,0.9137035485931925,0.3225412521001101,10.05938930174489,2.3703985977318314,0.9263629093561095
2025-11-24,1.0796271603146665,1.8795302304754198,2.1328674173216555,1.499495278116715,2.796004365698274,1.5508586129850812,1.2973664637469156,2.763552567835893,1.672511461639373,1.5670102848101266,0.8025563644065515,1.442045544897509,1.2674827268282742,1.3243618715678178,0.7805253446272623,3.419847711022545,1.3212577121952735,0.863523360438507,1.0517599453237367,1.2009025843314327,1.1501435155173176,1.09198673257876,1.7877237142837046,3.5039839763378837,1.0155664809011506,2.4700518974447854,1.2063675163693395,2.0439450428904373,3.471952126012678,1.9895793668418726,0.45176160043076785,1.4031078050987775,0.5873021520856754,1.3880823173834498,2.5141254989262594,0.919864187988505,0.3147726892113423,9.972170059126665,2.364898776137771,0.9345655023475555
2025-11-25,1.0670618549886461,1.9019215748321532,2.1282509069889937,1.4887918253738857,2.8616119021196558,1.597930756510764,1.298089667762318,2.7704085665852496,1.6659760880303907,1.568306329113924,0.8063901699055162,1.4287343569193918,1.276000832326727,1.334064221421188,0.7902166467741439,3.547725537429014,1.3294982323867486,0.8667719780704978,1.0470765011831764,1.2043337079348477,1.1589157676369533,1.1091551094349745,1.7705889464719766,3.5384424751943344,1.0223039634705706,2.5073501729469543,1.215128134764301,2.0827786898339022,3.4600654370894226,2.0032919381483283,0.4534811858148356,1.4157721426718026,0.5888307007246164,1.4030849349339225,2.6090742249454952,0.9279501006785662,0.32043127530935706,10.127227804948923,2.147658005508047,0.9424189581493956
2025-11-26,1.0621018341753095,1.9083962074122007,2.1286356944685956,1.5165540303576404,2.9519970236392954,1.5903656180793126,1.31182983771482,2.806798618560688,1.649093006293803,1.5773791139240507,0.8070291634925668,1.4518072362593981,1.2884939150495613,1.3360045966354117,0.8058718831735834,3.627502418326469,1.346529150674127,0.8700204571834551,1.065810196051264,1.2232049925079698,1.147219357101653,1.1367043290488914,1.7831938331380754,3.5750544658908026,1.015341987030223,2.620005856859606,1.2031228135467433,2.1209651725588143,3.5551578928895666,2.026977565381576,0.47129126430945717,1.4300708940061229,0.583056188251968,1.4298290222720338,2.698843789820647,0.9452769136746254,0.32465125816885154,10.25321207554815,2.1944059854416387,0.9530648295595092
2025-11-27,1.062763150100146,1.8900513931453762,2.1182481234799555,1.5225748565292185,3.0008539036561923,1.5903656180793126,1.303151830992581,2.8083809207330694,1.6529053408124261,1.5799713607594936,0.8044732671560338,1.4606813164277692,1.2992833766727052,1.333093915368513,0.8133268009892806,3.709625678073849,1.3586153274641672,0.8673626232291294,1.0644720458127743,1.212696980058126,1.1462446624216935,1.1283197797107416,1.760741258525165,3.676275813266095,1.0151173906038495,2.66424756604039,1.200527170127739,2.071382023614855,3.60054280865942,2.0350803878774317,0.4738706892407464,1.457238471666026,0.5917179776960207,1.4363519548650525,2.779406225466748,0.9491273426901811,0.32791215268400686,10.258057851927134,2.2081555394267895,0.9345655023475555
2025-11-28,1.0564804974371358,1.8849256478420109,2.1417160262764003,1.506184948843244,3.002947709078848,1.5920467257403048,1.2951969399932262,2.8220932402305965,1.6507268829427653,1.5838598101265822,0.8015978350201407,1.4296218326617893,1.3021227451721895,1.3447366404361072,0.8151904849364425,3.7084526677344343,1.3591648028225456,0.8641140748566553,1.0611267519107037,1.208836258912499,1.148194126157399,1.1383013442885284,1.7891023737628091,3.69350506269432,1.0205073971704748,2.6467397143985236,1.2034473432485393,2.0765604438971144,3.616751857946639,2.0313404919048845,0.4744848201843152,1.47398822020097,0.589510064890848,1.43374284553458,2.7661709085851056,0.9506675025390093,0.3239798846166188,10.350124053975218,2.1930311139791105,0.9462584443722
2025-12-01,1.0488752129244525,1.8663111615119605,2.1547963580842056,1.5152161370515687,2.9984109531437277,1.6012930744707394,1.3017054229617762,2.8468807089383494,1.6327545057779136,1.5773791139240507,0.7948885973852828,1.4358337565052093,1.2992833766727052,1.3466771340958938,0.8129540095917334,3.7061059307134134,1.3553191462239804,0.8850819087285622,1.0591196082471228,1.2084072898963183,1.148194126157399,1.1546711647849124,1.8022979942524595,3.635356838889591,1.023876035899739,2.6452170702947444,1.2148037040950654,2.094037671628338,3.6329609072338576,1.9945657045088268,0.47730986000888187,1.489921135920058,0.5935862084180776,1.4389612234623623,2.747756650127003,0.9410414887870908,0.31697855141413855,10.049698932037794,2.165532341752756,0.9537629334615776
2025-12-02,1.0263897650537173,1.8614552200119594,2.1455631495343703,1.5279265318515907,3.045871678847868,1.5819598744983696,1.3154456812067963,2.8685042172989683,1.6322099245572153,1.5747870253164558,0.7884988175381156,1.4464826527072547,1.3066657347713642,1.3544389902894773,0.8185451524467439,3.755380244732937,1.3525723061601556,0.8830146506733514,1.0530980955622264,1.204975537766872,1.1306495475423413,1.1402977351881052,1.8038737253246435,3.6515090137207866,1.0068078356052612,2.588887369755442,1.1966335069341114,2.110220412846194,3.6751041187048568,2.008901686958928,0.4779239909524507,1.4721498164401725,0.5857736034467343,1.4526594456144364,2.801273184831697,0.9549029862135147,0.3102649622817531,10.136919357706892,2.154532698564636,0.9453858571139003
2025-12-03,1.0287045221677074,1.8471570675751818,2.153642183529912,1.5081918909004366,3.0245842665082625,1.5550615360945486,1.3255700959598404,2.8220932402305965,1.6409237560358583,1.590340348101266,0.7881793597504251,1.386138501208969,1.2987155029728084,1.3835458029584622,0.8204089274074305,3.648619827975795,1.3459796753157487,0.874745687712025,1.0450693575195955,1.205404506783053,1.1101808848874055,1.1686454136818283,1.8277047189388145,3.661200384354908,1.0000702504803953,2.53103502511236,1.171649671523851,2.117340800012899,3.5886563836326393,1.9895793668418726,0.48160882346905126,1.5650912013601994,0.594435392890787,1.4526594456144364,2.7609919670086467,0.9626037854576553,0.3128545125226641,10.301667473236247,2.114659411687633,0.9605692334103151
2025-12-04,1.0058884667935746,1.8228772283350378,2.154026783125002,1.511871301688304,3.0654146438778667,1.5483369001745975,1.3205078444370593,2.8331687114396362,1.6529053408124261,1.5929325949367088,0.7869013725763236,1.3799267128166695,1.2975797555730146,1.3980992092929545,0.816681468499582,3.670910247964536,1.343232701069907,0.8720877844981826,1.0444002824003507,1.2079783208801376,1.1072568008475268,1.1778285193798086,1.8316436257830484,3.676275813266095,0.9944556474873967,2.5751854314044067,1.1664581866207209,2.1361126723337533,3.591898087931493,1.9976821893377283,0.49438295325810827,1.5642741191678156,0.5713373430001936,1.4280093986546094,2.7897643281872897,0.9645289999654332,0.3188008134127852,10.573019119950636,2.1449080947110173,0.9588240588937158
2025-12-05,1.0052271508687378,1.8333983910049942,2.1236343966563322,1.5152161370515687,3.0319126919991772,1.5491775053240893,1.3053213547462703,2.800470053868792,1.6529053408124261,1.5371993670886075,0.8083071506666683,1.3843638206264153,1.2884939150495613,1.3971290216858427,0.8036354078288742,3.6228093024555226,1.3273007334992852,0.8812427844569732,1.0423931387367698,1.1878167771196413,1.117003747647122,1.189806377377148,1.7837846872005487,3.6385870766496176,1.0007440397595158,2.547781787025209,1.1700273201125524,2.1037471898980415,3.5324654350046405,2.008901686958928,0.5080168757391992,1.5518138962825565,0.5674310197794418,1.411048117537652,2.755237538686443,0.9572132553802424,0.31985581644715594,10.51002757617646,2.1504079163050775,0.9598712147468185
2025-12-08,0.9860484844582684,1.8315100278617218,2.115940150140392,1.5045125822106542,3.0500595027164192,1.5357283361221785,1.3165304430836409,2.8073260526181487,1.6185945961185522,1.528126582278481,0.8083071506666683,1.3683903408722267,1.289629662449355,1.3922778467591577,0.8181724520627214,3.642753701765434,1.3174119214146918,0.8714970700800342,1.0276738128899976,1.180524303844568,1.1033579477519027,1.1698432482215744,1.774134070846817,3.6213578272213924,0.9827893501912608,2.480033649644796,1.1602933106773243,2.111514899359562,3.578931006839603,2.0095249078061315,0.48885568105561367,1.5479327246966674,0.5585994100289113,1.4006104060810627,2.753511078449207,0.9606786297368484,0.30844270028310644,10.72807804882377,2.1435332232484887,0.9556826765729798
2025-12-09,0.9857177760368294,1.8333983910049942,2.104013805002369,1.4717330731329603,3.070998196012695,1.5306848078632196,1.2894115727475608,2.816292109596161,1.620773053988213,1.5242382911392405,0.7996809322706584,1.3843638206264153,1.2822473043506961,1.3854862966182488,0.8163087681155595,3.6310218075158085,1.3135662648161266,0.8738597199740775,1.0270047377707527,1.178808427779845,1.0984844743521052,1.164253548662808,1.7575901570975623,3.597667773596093,1.0177540911162062,2.443495534580156,1.149261479532594,2.143880381795274,3.607026481153602,2.022614258265383,0.486276302979512,1.5544692575474741,0.5443329698888484,1.396043907318805,2.7138053473719013,0.9483572921592525,0.3049899763878879,10.766841893753899,2.1435332232484887,0.9647577715841538
2025-12-10,0.9906777968501663,1.8228772283350378,2.084393401232917,1.4954814961004148,3.0867020562174723,1.5340471258231951,1.3042365928694255,2.906476249447974,1.6365668402965368,1.5190537974683544,0.7980834873088666,1.4065490887729035,1.268618474228068,1.4048908778794265,0.8084811499158397,3.63336854453683,1.2910416664010982,0.8791755264017624,1.0263357443456618,1.1629365741811564,1.10140863276777,1.1498800215859766,1.7459700272022525,3.6073591442302146,1.0121891249589907,2.445017946361063,1.1557507861452259,2.1251085094744195,3.6815875273025642,2.021367626274534,0.484679525042083,1.5540607787954142,0.5441631495823706,1.3647307729490372,2.728766904923156,0.932185525566101,0.29981090518405434,10.7183864960658,2.1531578271021075,0.9785450253150034
2025-12-11,0.9834031198408805,1.8339379986117224,2.0828542513145103,1.4918021874106322,3.1191569988732137,1.544974582214622,1.3168920892376013,2.9339008884430284,1.6360222590758384,1.5229420886075948,0.7760387156314713,1.4358337565052093,1.2674827268282742,1.424295459140604,0.8103448338630017,3.6392343125760944,1.2904923252247364,0.8901023925769312,1.025666669226417,1.1556439961517446,1.117003747647122,1.1566675556844892,1.7412431947024656,3.559979036979616,1.0192240183213253,2.4335997418428246,1.173271923902588,2.11345702432027,3.7107636576816736,2.0375734615626877,0.5018754725931357,1.5646825979198755,0.5589390921120272,1.36212134508489,2.7339458464996147,0.951052557197959,0.29779681380534445,10.660239545619735,2.2067805000922878,0.9921577104510502
2025-12-12,0.9953071092420641,1.8134350173982614,2.067080970803029,1.474408961843189,3.1013591202225412,1.553380325795565,1.3194230825602147,2.931791796210815,1.6425576326848206,1.5099808544303797,0.776677709218522,1.4278468811769944,1.2703220953277585,1.3854862966182488,0.7995352485370031,3.5899603567276666,1.2926898241121998,0.8859678764665097,1.0370406194769646,1.1577888412326485,1.119927906062787,1.1247263735715278,1.730213918869629,3.577208286407841,1.0154440296988265,2.423703949105493,1.1632134837981245,2.0577885715762596,3.7323754595014904,2.023861080552674,0.4965938621391061,1.534042701490935,0.5652231484444294,1.3751684844056264,2.6965420624052903,0.9468170735234536,0.300865908218425,10.626320294017718,2.237029183115672,0.9754036429942674
2025-12-15,1.026720473475156,1.8360961655583588,2.0763141793528637,1.468388237769696,3.1704566163793357,1.5718729206184432,1.3259316538212824,2.966072433955226,1.6757790819504306,1.520349841772152,0.7702879293713547,1.4313966486954635,1.2788402008262112,1.3854862966182488,0.824881878096849,3.6967207734848087,1.2904923252247364,0.8824240747742365,1.050421795085247,1.1586468840193485,1.1209025263669599,1.1387006224684437,1.7231237903588705,3.6138202771043093,1.0174390407866085,2.472421590740261,1.1969580366359074,2.0810915418845584,3.8047754574167083,2.0768417032368856,0.49769931657960503,1.555694818491918,0.5647136045846756,1.3934344794546576,2.7373987669740876,0.959908520418949,0.314005400969078,10.795915368976932,2.2769024699926748,0.9829080468450733
2025-12-16,1.0075418070646867,1.8217980131215812,2.020915115938365,1.4734055418636351,3.1439343709482315,1.570191812957451,1.3158073273607565,2.931791796210815,1.6556283799027853,1.5073886075949368,0.7706074651707149,1.4269595408857176,1.2737293375271395,1.3864564842253606,0.823763594917732,3.7166644564525284,1.2888443016956515,0.8794707797215615,1.0510908702044919,1.1590758530355294,1.1442953474375608,1.1331109229096774,1.6642354557046124,3.5567484705425687,1.006624158801775,2.505153792514069,1.179112369176749,2.065556122961518,3.7907277202597083,2.0737252184079837,0.5108419155637658,1.5250549220629772,0.5715071633066713,1.3869109097942893,2.7339458464996147,0.9729999085274734,0.3253226317210843,10.640857623154671,2.2769024699926748,0.9883183094668174
2025-12-17,1.0138244597276969,1.828272645701629,2.0447676183299004,1.468053764443178,3.1976767259435785,1.5886844077803293,1.3259316538212824,3.0109007868524023,1.6572622565517476,1.5112770569620253,0.7814700441038975,1.436721096796486,1.299851250372602,1.3651115277499595,0.834945880627753,3.7413016134622903,1.3218069191896185,0.8859678764665097,1.0457384326388404,1.1878167771196413,1.1803591249718488,1.153872705905106,1.6762493680693158,3.57828503232785,1.025103932252693,2.495257999776738,1.1982558583454095,2.059083058089628,3.8101784738457813,2.0818280409038397,0.519808358534396,1.5481370887609616,0.5704881170573238,1.4064816187753941,2.7604166998305266,0.975310177694201,0.3290630704084092,10.6796214680848,2.279652380789705,1.0040252210704976
2025-12-18,1.008533730492921,1.8274633660316748,2.0482299541082685,1.4734055418636351,3.2336214153114926,1.6096988180516825,1.3107450758379755,3.033578841329128,1.6643422113814283,1.5514568037974683,0.786262378989273,1.4393833885725578,1.2970118818731178,1.3825756153513504,0.8442644823906122,3.758899633922277,1.3022229196705268,0.8895118166778163,1.0524290204429816,1.1861009010549182,1.1832832090117273,1.160660142523594,1.656160450184143,3.605205323713176,1.0268889097874097,2.527990201550546,1.2018249918372412,2.069440056730409,3.8328709317307075,2.1005271401736914,0.5323368265749879,1.5802069101986396,0.5696389325846145,1.40321983394521,2.771925336907309,0.9818558717484633,0.3216780784458026,11.086648938156385,2.294776806237384,1.0106571229015755
2025-12-19,0.9936537689709518,1.844189489218453,2.0797767030157437,1.4787573192840924,3.273056064414819,1.6239884897650934,1.3176152049604857,3.0773523261113835,1.6599852956421068,1.563121835443038,0.7881793597504251,1.4296218326617893,1.2964440081732211,1.3903374715449341,0.8535830841534714,3.7823634224215286,1.3055196376387803,0.8977807796391427,1.065810196051264,1.182669148925472,1.1803591249718488,1.166649120262276,1.6734921693500286,3.6482784472837393,1.0268889097874097,2.4861235290912957,1.2128568229819714,2.0558466046918142,3.8652887664086704,2.1117464474984486,0.5185800966472583,1.5914415721394548,0.5701484764443684,1.414309902367836,2.8029994255013087,0.9826259810663627,0.31237496835049455,11.338618662405711,2.294776806237384,1.0188596306544497
2025-12-22,0.9853870676153904,1.8387939401117235,2.081315477165127,1.468388237769696,3.266076357967234,1.6130610333736666,1.3089371982382465,3.0778797601688437,1.6588960002138429,1.5540490506329114,0.7853039276145318,1.4296218326617893,1.2811115569509024,1.3864564842253606,0.8561923508957278,3.789402558971304,1.2934315823005065,0.8871492360432897,1.0671482645956,1.1766635826989411,1.1784097356119299,1.1598615861637633,1.684521324943943,3.627818960095487,1.0164940949087067,2.4556750611502838,1.2040963036195709,2.0357800877813292,3.8782558475005606,2.1204728714343917,0.5130528244447636,1.5930757365242223,0.5492582978887873,1.4006104060810627,2.7932170290941376,0.9872464018258763,0.3079631561109369,11.193251286290547,2.307151153016059,1.035090162803967
2025-12-23,0.9764590503349924,1.8528222887451369,2.0790071280565403,1.4660468223859853,3.2915518071986303,1.6122205308621662,1.3121913955762623,3.098975834472002,1.6496375875145013,1.5423838607594937,0.7795531413544152,1.4331714647291378,1.2924690309488394,1.3777244404246654,0.8588015266244594,3.8046538424102696,1.2950798741936247,0.8839006184112989,1.0638029706935295,1.1766635826989411,1.1628146207325778,1.1949968962360233,1.6839304708814695,3.640740897166656,1.0200640499781404,2.451107593484691,1.2073410064421672,2.0293070229094394,3.904190273580816,2.1291989147774513,0.5091223301796981,1.6092127669310765,0.5394076418889094,1.4084386896735046,2.80587663966241,0.997642642469636,0.3112240506260922,11.241707867029518,2.3016514992939725,1.0466086214723804
2025-12-24,0.9698456892505433,1.844459293021817,2.0759295797577737,1.4650434024064314,3.278639616549648,1.6063365000917071,1.3056829126077125,3.0995032685294626,1.6474591296448406,1.5423838607594937,0.7798725991421057,1.4340589404715351,1.2919011572489425,1.3835458029584622,0.85731054306132,3.794095316671154,1.2950798741936247,0.8827193280940356,1.0551052392258073,1.1766635826989411,1.1598904623169128,1.2025828892143422,1.6774310761942626,3.6267418854984577,1.0159690110260438,2.443495534580156,1.2079898677806378,2.0234812803323647,3.9020289614505965,2.1291989147774513,0.510227784620197,1.6108468066275803,0.5399171857486633,1.4058292618093573,2.790915301678781,0.992637049477231,0.308538614973138,11.139950112223467,2.305776281553531,1.0439907744589099
2025-12-29,0.9668697171297577,1.8544409798251835,2.0820850521243304,1.4727364931125142,3.2751496568142353,1.6063365000917071,1.3183383206833699,3.0747157998217096,1.6605298768628052,1.533311075949367,0.7846649340274812,1.442045544897509,1.2958761344733243,1.3767542528175534,0.8535830841534714,3.789402558971304,1.3055196376387803,0.8856725538871938,1.0624649021491934,1.1899616222005451,1.1842579036916867,1.1918027682767247,1.6821579086940497,3.637510330729609,1.0205890313053576,2.4480627699228767,1.2102611795629674,2.0118297951782154,3.900948305385487,2.119226049147101,0.5142810863319014,1.6198345860555379,0.5399171857486633,1.4162669732659465,2.798395970670596,0.9972575878106862,0.3203353606193255,11.018811618003225,2.3030263707565006,1.0384061137195062
2025-12-30,0.9708378145148603,1.8547107836285477,2.101705455893782,1.4837745212799465,3.3278452156098743,1.6197856692936177,1.3237621300675932,3.1000307025869227,1.6594407144214083,1.5384955696202531,0.7884988175381156,1.4491449444833264,1.3032584925719832,1.379664934084452,0.8591742270084819,3.8316373782699564,1.322003495844081,0.8877398119424046,1.0684864148340898,1.2041175997345106,1.1803591249718488,1.2201504467704478,1.6975201143183574,3.6558163260778427,1.0197489996485425,2.4929744982668134,1.2122079616435009,2.0260705695116257,3.9463334850518152,2.1379251484169526,0.5237388527994615,1.6606879475451437,0.5443329698888484,1.4319235404508304,2.829470059264595,1.0088087572834117,0.32561034651319065,11.173869363825483,2.32090070700121,1.0516697469045186
2025-12-31,0.969515182665187,1.860106332735277,2.108245527855429,1.4777537972064534,3.3219127314084766,1.6147422436726502,1.3194230825602147,3.0952841180685935,1.6447360905544814,1.5242382911392405,0.7913742496740087,1.442045544897509,1.2964440081732211,1.3806351216915638,0.8532103837694489,3.8234248732096705,1.312113207757304,0.8862632683053422,1.0624649021491934,1.1963961574432567,1.1852325983716463,1.231729124067896,1.7048071941832739,3.6515090137207866,1.020484014528825,2.5120047616895866,1.2161015258045678,2.018950024268658,3.9376885004274134,2.132938810749998,0.5187029040938971,1.6608921869211737,0.5446726519719641,1.4214858289942411,2.826592845103494,1.008423702624462,0.323788084514544,11.14479588860245,2.2879021131807953,1.046085086165115
