Date,CCH.L,REL.L,RIO.L,UU.L,SBRY.L,HSBA.L,TSCO.L,NG.L,LLOY.L,IMB.L,BP.L,WEIR.L,BEZ.L,SVT.L,SHEL.L,LGEN.L,AUTO.L,BARC.L,MKS.L,CNA.L,ULVR.L,JD.L,AV.L,PRU.L,SMIN.L,AZN.L,GLEN.L,STAN.L,CTEC.L,BME.L,GSK.L,SSE.L,AAL.L,ADM.L,NWG.L,RKT.L,DGE.L,RR.L,SN.L,HIK.L
2021-01-04,2378.657470703125,1835.824951171875,5728.4072265625,909.7367553710938,225.30319213867188,379.1017761230469,298.9045104980469,880.2491455078125,34.747352600097656,1544.4483642578125,253.8078460693359,2061.205322265625,363.5815734863281,2330.601318359375,1299.4188232421875,259.5606994628906,604.7992553710938,143.25938415527344,131.3584747314453,46.42486953735352,4761.14501953125,162.8124237060547,320.7372131347656,1341.232421875,1542.9691162109375,7412.7939453125,244.75099182128903,462.5690002441406,205.15802001953125,521.1693115234375,1382.56689453125,1532.6165771484375,2504.519775390625,2988.471435546875,170.4078369140625,7050.0244140625,2943.56982421875,103.1826400756836,1564.77001953125,2568.840087890625
2021-01-05,2387.640869140625,1814.8499755859375,5743.341796875,897.7665405273438,224.9044647216797,377.3575439453125,300.4179382324219,866.4859619140625,35.12141036987305,1558.393798828125,271.75885009765625,2038.2252197265625,364.7802429199219,2310.647216796875,1388.6279296875,257.17120361328125,600.2023315429688,142.93995666503906,133.55783081054688,47.73331451416016,4734.462890625,165.65122985839844,322.3085021972656,1336.8717041015625,1539.9730224609375,7429.7724609375,253.42800903320312,465.26409912109375,206.7561492919922,531.3258056640625,1381.964111328125,1513.6646728515625,2519.125732421875,3018.365966796875,167.45687866210938,6971.04443359375,2941.07373046875,107.7318878173828,1570.2618408203125,2614.765869140625
2021-01-06,2412.595458984375,1898.7508544921875,6088.8583984375,930.0863037109376,231.78318786621097,414.7843017578125,309.2463684082031,880.0497436523438,37.06650161743164,1589.2728271484375,289.0118408203125,2105.166748046875,374.7687377929687,2373.502197265625,1470.4527587890625,272.60345458984375,609.3961181640625,154.75843811035156,139.4559326171875,50.719757080078125,4767.548828125,170.8890838623047,341.3602600097656,1404.70849609375,1582.4169921875,7502.6826171875,273.22552490234375,508.8857116699219,207.95474243164065,527.7412109375,1415.121826171875,1589.9710693359375,2684.178955078125,3008.401123046875,179.52920532226562,7000.1416015625,2942.072509765625,111.03133392333984,1622.1881103515625,2665.683837890625
2021-01-07,2395.62646484375,1864.7908935546875,6283.02587890625,922.7045288085938,247.73385620117188,415.6813659667969,310.25531005859375,877.456787109375,36.79718399047851,1631.606689453125,294.19769287109375,2101.17041015625,373.3703002929687,2352.551025390625,1471.2513427734375,273.79827880859375,583.0136108398438,155.8364715576172,141.30535888671875,49.65103530883789,4746.20263671875,167.97027587890625,343.618896484375,1395.502197265625,1573.4288330078125,7465.728515625,277.81329345703125,511.2814636230469,207.55520629882812,529.1351928710938,1404.671875,1595.9560546875,2745.0390625,2966.548095703125,179.6901397705078,6929.4755859375,2984.5087890625,111.0813217163086,1599.220703125,2634.734130859375
2021-01-08,2426.570068359375,1884.7669677734375,6283.02587890625,933.2782592773438,242.0514373779297,410.3987731933594,309.876953125,877.6560668945312,36.73234939575195,1631.606689453125,297.8876037597656,2097.173828125,366.1785888671875,2363.525390625,1465.0643310546875,275.78948974609375,594.6058959960938,152.64231872558594,137.8564453125,50.10050201416016,4749.40380859375,170.0894012451172,342.34234619140625,1385.8111572265625,1581.4183349609375,7461.73388671875,275.7189025878906,507.48828125,207.35545349121097,542.2788696289062,1415.121826171875,1607.9254150390625,2748.933837890625,2953.59423828125,177.16836547851562,6921.16162109375,3033.434814453125,107.2819595336914,1617.195068359375,2673.670654296875
2021-01-11,2345.7177734375,1865.7894287109375,6167.521484375,928.88916015625,235.77085876464844,406.8603515625,308.2374572753906,875.2625122070312,36.074005126953125,1604.7120361328125,297.9873352050781,2071.1962890625,361.7836608886719,2334.592041015625,1459.2767333984375,274.19647216796875,590.8085327148438,150.92544555664062,134.25758361816406,50.060550689697266,4713.11669921875,176.56674194335938,339.494384765625,1376.6046142578125,1554.4541015625,7546.6279296875,269.83447265625,505.8910827636719,204.3589630126953,547.4567260742188,1401.65771484375,1590.469970703125,2686.12646484375,2964.55517578125,173.73448181152344,6813.0830078125,2952.0576171875,105.7322235107422,1574.7557373046875,2652.70458984375
2021-01-12,2339.728271484375,1823.3399658203125,6101.8037109375,918.9139404296876,234.4748382568359,411.44525146484375,303.9493713378906,853.7200317382812,36.652549743652344,1582.7979736328125,304.17047119140625,2046.21826171875,361.5838623046875,2312.643310546875,1487.6158447265625,274.09686279296875,582.6138305664062,153.95994567871094,134.40753173828125,50.53997802734375,4611.724609375,171.52880859375,340.0836181640625,1383.8729248046875,1516.004638671875,7395.81591796875,275.6689758300781,510.4828796386719,203.3601531982422,542.0797729492188,1373.5242919921875,1565.5333251953125,2662.26904296875,2950.60400390625,175.1295166015625,6607.31884765625,2919.6064453125,107.7318878173828,1530.818115234375,2557.85791015625
2021-01-13,2321.76123046875,1812.8524169921875,5968.37646484375,935.4727172851562,239.55911254882812,401.8269958496094,305.33660888671875,872.0709838867188,36.15380096435547,1600.7276611328125,303.0735168457031,2030.232177734375,350.1969909667969,2344.569580078125,1474.4443359375,273.79827880859375,586.6112060546875,152.08335876464844,133.0079803466797,49.51120376586914,4644.81103515625,171.12893676757812,345.5830383300781,1370.7901611328125,1517.50244140625,7519.66162109375,276.51678466796875,498.1051025390625,202.9606475830078,547.8549194335938,1379.15087890625,1572.5152587890625,2653.9921875,2937.650146484375,171.80287170410156,6555.35888671875,2926.595458984375,105.58223724365234,1570.761474609375,2564.846923828125
2021-01-14,2329.74658203125,1826.336181640625,6105.7861328125,932.0812377929688,241.6526641845703,406.8603515625,304.4538879394531,870.0763549804688,36.36328125,1634.59521484375,308.408935546875,2009.2503662109375,349.3978576660156,2334.592041015625,1500.58837890625,278.7763671875,577.4174194335938,152.58242797851562,138.05636596679688,51.139278411865234,4646.94482421875,170.2093505859375,344.208251953125,1387.7493896484375,1524.99267578125,7549.6240234375,284.2462463378906,497.3066101074219,201.3625335693359,516.577392578125,1400.05029296875,1525.37158203125,2739.196533203125,2940.639892578125,172.82232666015625,6574.064453125,2921.10400390625,106.63207244873048,1585.240478515625,2588.807861328125
2021-01-15,2300.799560546875,1823.3399658203125,5920.58154296875,934.4751586914062,237.2662353515625,401.9266357421875,304.70611572265625,873.0682983398438,35.8445930480957,1628.1204833984375,301.62750244140625,1986.2705078125,348.99835205078125,2337.585205078125,1479.8330078125,271.8070068359375,565.6251831054688,148.52981567382812,139.55592346191406,50.55995559692383,4689.63671875,165.8911590576172,342.24407958984375,1386.2955322265625,1493.0347900390625,7582.58203125,279.1597595214844,488.82183837890625,198.96534729003903,502.2336730957031,1420.34619140625,1515.8941650390625,2593.618408203125,2912.738037109375,170.13958740234375,6520.02490234375,2898.6376953125,105.88219451904295,1574.7557373046875,2535.8935546875
2021-01-18,2312.777587890625,1811.8536376953125,5948.4609375,921.507568359375,238.16343688964844,401.6774291992187,306.34564208984375,870.2756958007812,36.083984375,1613.1790771484375,299.5331726074219,1978.27734375,342.00640869140625,2320.62451171875,1466.461669921875,271.50823974609375,566.6243286132812,151.04522705078125,138.05636596679688,49.46125793457031,4655.48388671875,167.8903350830078,344.6010437011719,1377.08935546875,1492.5352783203125,7652.49658203125,276.1178283691406,490.0196533203125,196.86785888671875,502.0345153808594,1406.681640625,1525.37158203125,2604.817138671875,2918.717041015625,172.50035095214844,6455.59423828125,2893.14599609375,104.23247528076172,1567.266357421875,2490.966796875
2021-01-19,2301.7978515625,1820.8426513671875,5891.70654296875,926.8939819335938,237.4655914306641,410.09967041015625,305.33660888671875,876.459228515625,35.909423828125,1597.2415771484375,300.4307556152344,1962.7908935546875,345.4024963378906,2324.615234375,1468.25732421875,266.729248046875,562.2274169921875,146.5933074951172,134.3575439453125,50.34021759033203,4675.76318359375,163.81201171875,339.88720703125,1390.1719970703125,1494.53271484375,7712.421875,273.0260314941406,475.7453002929687,198.1662750244141,494.563720703125,1417.1309814453125,1513.3997802734375,2557.102783203125,2907.756103515625,168.79818725585938,6468.064453125,2922.102294921875,104.63240814208984,1621.688720703125,2491.96435546875
2021-01-20,2292.814208984375,1828.833251953125,6008.20458984375,934.4751586914062,239.45944213867188,406.6610412597656,305.5888977050781,871.2731323242188,35.69496154785156,1626.6263427734375,302.0263977050781,1956.7962646484375,347.0006408691406,2337.585205078125,1473.845703125,266.1318664550781,566.6243286132812,146.0543212890625,137.656494140625,51.57875061035156,4645.876953125,166.05108642578125,341.7530822753906,1376.6046142578125,1516.5037841796875,7635.5166015625,279.5587158203125,468.3585815429687,202.7608642578125,498.8469543457031,1386.385009765625,1516.8917236328125,2604.817138671875,2909.7490234375,167.9397430419922,6482.61279296875,2931.0888671875,107.38195037841795,1666.1253662109375,2534.8955078125
2021-01-21,2304.792236328125,1817.346923828125,5898.67529296875,924.1010131835938,244.24464416503903,412.2427062988281,305.33660888671875,866.4859619140625,35.22615432739258,1633.5994873046875,292.5522155761719,1987.2696533203125,348.5987854003906,2323.617919921875,1433.7314453125,267.724853515625,583.2135009765625,144.53707885742188,142.75489807128906,50.99944686889648,4645.876953125,166.37094116210938,343.2261962890625,1381.9346923828125,1492.035888671875,7640.51171875,275.76873779296875,470.6544189453125,203.55990600585935,512.194580078125,1371.3134765625,1504.9200439453125,2598.00048828125,2932.667724609375,168.79818725585938,6505.47607421875,2904.62841796875,103.28263092041016,1622.1881103515625,2530.901611328125
2021-01-22,2263.866943359375,1867.2879638671875,5850.880859375,930.4852294921876,245.2415771484375,406.0131530761719,305.0843200683594,873.4672241210938,34.682518005371094,1643.0618896484375,289.2113342285156,1960.2930908203125,344.4036560058594,2334.592041015625,1416.967041015625,263.9415283203125,573.8197021484375,142.80023193359375,143.0048065185547,50.04057312011719,4672.55908203125,165.73121643066406,342.83331298828125,1351.892578125,1493.0347900390625,7767.3544921875,270.0837707519531,461.0716247558594,203.3601531982422,517.3743286132812,1386.7869873046875,1543.32861328125,2558.5634765625,2944.625732421875,166.86666870117188,6520.02490234375,2904.129150390625,102.93268585205078,1651.14697265625,2513.92919921875
2021-01-25,2228.9306640625,1864.7908935546875,5851.876953125,950.2359619140624,248.33203125,396.7935791015625,307.4806823730469,885.6348266601562,33.749874114990234,1629.614501953125,279.8866882324219,1887.3564453125,326.62408447265625,2385.474365234375,1378.050537109375,255.0803985595703,579.4159545898438,136.87100219726562,141.60525512695312,49.11167907714844,4765.41259765625,163.5321044921875,335.17333984375,1315.06689453125,1473.560302734375,7887.205078125,259.0630187988281,454.0841674804687,203.55990600585935,524.7455444335938,1411.7054443359375,1521.381103515625,2449.0146484375,2934.6611328125,162.6278533935547,6811.00537109375,2890.64990234375,97.98352813720705,1608.70751953125,2489.968017578125
2021-01-26,2247.89599609375,1869.2855224609375,5883.7392578125,941.4578247070312,250.5252227783203,398.8865966796875,306.9761657714844,879.8502807617188,34.32342529296875,1619.1556396484375,281.5821533203125,1916.331298828125,326.0248107910156,2361.5302734375,1390.424072265625,256.67340087890625,584.4126586914062,139.18678283691406,143.50466918945312,49.281471252441406,4720.58837890625,158.5741729736328,341.26202392578125,1330.0880126953125,1463.573486328125,7942.13623046875,254.3255920410156,459.1750183105469,204.7585601806641,528.7299194335938,1416.528076171875,1515.3953857421875,2444.63232421875,2928.681884765625,164.66680908203125,6626.025390625,2908.123291015625,96.30380249023438,1632.673095703125,2467.005126953125
2021-01-27,2156.063720703125,1854.8026123046875,5709.4873046875,942.6549682617188,252.1202850341797,398.8367614746094,308.8680114746094,874.0658569335938,33.166343688964844,1571.3427734375,281.5821533203125,1861.8787841796875,318.2337646484375,2362.527587890625,1393.6171875,248.9074554443359,586.0115966796875,134.0761260986328,147.9532470703125,51.47886657714844,4671.4921875,152.3767547607422,337.6285400390625,1299.5614013671875,1413.139892578125,7769.35107421875,237.1710968017578,447.396240234375,202.1615753173828,531.1204223632812,1407.4853515625,1462.521240234375,2292.7255859375,2958.576171875,158.55007934570312,6686.2998046875,2848.712890625,95.14400482177734,1610.70458984375,2426.072021484375
2021-01-28,2190.999755859375,1854.30322265625,5660.697265625,932.8792724609376,250.2261199951172,394.0525512695313,307.10235595703125,859.7041625976562,33.38579177856445,1513.071533203125,275.748046875,1931.8177490234375,309.8434143066406,2330.601318359375,1363.881103515625,250.0026702880859,583.0136108398438,136.3319854736328,147.0535430908203,52.91716384887695,4613.8603515625,155.6953887939453,335.2715759277344,1197.8060302734375,1407.64697265625,7639.5126953125,248.0422515869141,453.7847595214844,201.76202392578125,546.0620727539062,1393.8206787109375,1488.958251953125,2381.824951171875,2936.654052734375,160.80368041992188,6547.04345703125,2938.577392578125,96.92369842529295,1570.761474609375,2446.039306640625
2021-01-29,2159.058349609375,1810.355224609375,5565.10693359375,919.9114990234376,243.646484375,381.493896484375,301.9314270019531,847.7359008789062,32.91697692871094,1464.2623291015625,270.7615966796875,1893.3511962890625,311.0420227050781,2306.656494140625,1335.1424560546875,242.9336700439453,563.6265258789062,133.29751586914062,141.50527954101562,51.71857833862305,4525.27490234375,149.33799743652344,329.18280029296875,1136.2684326171875,1416.635498046875,7481.708984375,245.74835205078125,443.2037963867187,199.96414184570312,533.1127319335938,1363.4764404296875,1480.478515625,2350.66455078125,2871.8818359375,158.38917541503906,6441.044921875,2944.568359375,91.68457794189452,1539.3060302734375,2395.12158203125
2021-02-01,2186.009033203125,1842.8170166015625,5647.751953125,944.4503173828124,241.55294799804688,382.4407958984375,306.9761657714844,861.4992065429688,33.44064712524414,1459.2818603515625,266.3736267089844,1906.839599609375,317.03515625,2364.52294921875,1313.588623046875,245.9205780029297,573.2200317382812,134.5951690673828,139.95578002929688,51.93832015991211,4562.6298828125,159.85365295410156,333.7003173828125,1138.206298828125,1453.5867919921875,7378.8369140625,249.23907470703125,445.0005187988281,199.76437377929688,548.45263671875,1363.4764404296875,1508.4119873046875,2426.13134765625,2908.752197265625,162.03765869140625,6542.888671875,2938.078369140625,94.08417510986328,1562.2735595703125,2431.0634765625
2021-02-02,2232.923583984375,1862.29345703125,5593.98388671875,935.2732543945312,237.76467895507812,390.1653137207031,308.74188232421875,865.2890625,33.909461975097656,1450.815185546875,254.30648803710935,1915.8319091796875,323.6275329589844,2356.54150390625,1313.98779296875,251.49609375,583.6130981445312,139.92544555664062,138.45628356933594,51.37899017333984,4586.10888671875,162.932373046875,338.11944580078125,1160.495849609375,1495.5313720703125,7370.84716796875,246.1472930908203,448.7937622070313,203.7596740722656,555.8238525390625,1374.5286865234375,1506.416748046875,2365.27099609375,2938.647216796875,166.2764434814453,6511.7119140625,3039.42578125,94.74406433105467,1571.2606201171875,2409.098876953125
2021-02-03,2196.989013671875,1846.8121337890625,5612.90185546875,933.2782592773438,237.4655914306641,387.2748107910156,310.75982666015625,869.0789794921875,34.09400177001953,1456.2938232421875,257.5975341796875,1934.3155517578125,319.63214111328125,2360.5322265625,1333.1466064453125,250.8987274169922,581.0149536132812,141.54249572753906,139.15603637695312,51.778507232666016,4627.73486328125,162.932373046875,350.4933166503906,1170.6710205078125,1506.0177001953125,7290.94580078125,248.2915802001953,445.3998107910156,204.15919494628903,558.6129150390625,1288.1185302734375,1495.44287109375,2376.4697265625,2930.675048828125,166.59841918945312,6503.39794921875,2974.5234375,91.8645477294922,1545.7969970703125,2360.17822265625
2021-02-04,2199.983642578125,1855.801513671875,5623.85498046875,910.7342529296876,234.0761260986328,394.700439453125,308.4896545410156,869.8768920898438,36.01914596557617,1423.9205322265625,254.2566070556641,1923.3250732421875,320.830810546875,2318.629638671875,1306.4041748046875,255.67771911621097,580.2154541015625,145.51527404785156,138.8561248779297,51.37899017333984,4340.63525390625,166.53086853027344,343.520751953125,1190.0531005859375,1511.0111083984375,7373.84228515625,246.7456970214844,451.3890686035156,203.7596740722656,563.1950073242188,1291.1326904296875,1478.98193359375,2352.6123046875,2948.611572265625,175.82699584960938,6465.986328125,2987.50390625,93.88420867919922,1569.263427734375,2315.250732421875
2021-02-05,2256.879638671875,1821.34228515625,5595.97509765625,896.1704711914062,235.17269897460935,391.2118835449219,310.75982666015625,849.13232421875,36.90690612792969,1421.928466796875,251.36456298828125,1925.8232421875,368.7755737304687,2279.719482421875,1342.92578125,257.370361328125,576.6177978515625,146.95266723632812,138.30628967285156,51.71857833862305,4247.7822265625,170.48924255371094,335.6643371582031,1182.30029296875,1484.0465087890625,7265.9755859375,258.5144958496094,447.49603271484375,202.1615753173828,561.4019775390625,1271.84130859375,1466.51123046875,2418.827880859375,2939.643798828125,182.80213928222656,6380.77099609375,2997.988525390625,93.88420867919922,1548.792724609375,2316.249755859375
2021-02-08,2302.796142578125,1827.335205078125,5735.376953125,895.9710083007812,233.1788330078125,389.1188049316406,307.4806823730469,845.5418090820312,37.60514068603515,1437.3677978515625,261.2375793457031,2024.2373046875,359.586181640625,2263.75634765625,1362.68359375,260.1580810546875,575.4185791015625,147.21218872070312,134.1575927734375,52.7173957824707,4221.10009765625,165.61126708984375,336.9410705566406,1202.651611328125,1494.53271484375,7279.95947265625,263.9501037597656,456.7794189453125,200.56349182128903,561.4019775390625,1276.0611572265625,1441.5709228515625,2513.283203125,2906.759033203125,185.21665954589844,6401.55419921875,2966.036376953125,92.98436737060548,1539.3060302734375,2306.265380859375
2021-02-09,2277.841064453125,1795.373291015625,5745.33447265625,909.7367553710938,232.8797912597656,393.70367431640625,310.3815002441406,852.72265625,37.450531005859375,1463.7647705078125,258.9938049316406,2000.25830078125,371.3725891113281,2286.702880859375,1358.2926025390625,257.2707824707031,576.4179077148438,147.4318084716797,134.60745239257812,52.9970703125,4215.763671875,161.77288818359375,335.5661926269531,1231.7242431640625,1474.55908203125,7302.93115234375,262.703369140625,455.1822814941406,200.7632293701172,561.800537109375,1283.09423828125,1434.58740234375,2522.047119140625,2940.639892578125,186.3970184326172,6488.8486328125,3006.475341796875,91.56460571289062,1544.7984619140625,2325.2353515625
2021-02-10,2255.881591796875,1770.902099609375,5896.68408203125,918.5149536132812,232.18194580078125,397.3915710449219,311.2643127441406,852.72265625,37.40564727783203,1485.1805419921875,258.3953552246094,1946.3052978515625,360.18548583984375,2291.69140625,1360.28857421875,257.7685546875,573.4199829101562,147.411865234375,131.30853271484375,53.9559211730957,4202.9560546875,159.53379821777344,341.949462890625,1255.467529296875,1459.5787353515625,7238.0107421875,269.7845764160156,462.4691467285156,201.56228637695312,560.8043823242188,1281.0850830078125,1436.582763671875,2641.820068359375,2929.6787109375,188.00668334960935,6447.27978515625,2976.021240234375,92.7844009399414,1548.792724609375,2289.29345703125
2021-02-11,2360.690185546875,1822.84033203125,5886.7265625,927.6920776367188,229.5899658203125,396.0459899902344,308.3635559082031,851.5258178710938,36.97673416137695,1483.6864013671875,257.0988464355469,2001.25732421875,353.3932800292969,2294.684814453125,1329.155029296875,258.5650939941406,580.8151245117188,145.69496154785156,129.4091033935547,53.19682312011719,4165.60107421875,162.3726043701172,343.8153991699219,1250.137451171875,1464.07275390625,7237.0126953125,268.7872619628906,459.6741638183594,199.76437377929688,556.81982421875,1261.1905517578125,1445.5614013671875,2593.618408203125,2971.53076171875,184.78738403320312,6457.67138671875,3022.451171875,92.58443450927734,1558.2791748046875,2291.289794921875
2021-02-12,2370.671875,1864.291259765625,5908.63330078125,941.6573486328124,228.3936462402344,400.4814453125,303.44482421875,854.1190185546875,37.00665283203125,1487.6707763671875,261.0879821777344,1991.26611328125,359.7859191894531,2342.573974609375,1355.29931640625,258.7641906738281,592.0076293945312,145.6350555419922,130.308837890625,53.21680450439453,4227.50390625,160.7732391357422,342.34234619140625,1286.963134765625,1495.0321044921875,7461.73388671875,268.0891418457031,462.06988525390625,201.76202392578125,555.8238525390625,1284.09912109375,1418.62548828125,2593.1318359375,2986.478515625,183.875244140625,6553.279296875,3004.478759765625,92.84439086914062,1570.2618408203125,2356.1845703125
2021-02-15,2397.622802734375,1868.7862548828125,6159.5546875,952.031494140625,233.67730712890625,409.10302734375,243.81179809570312,863.0950317382812,38.99164962768555,1527.0167236328125,278.1414794921875,1991.7657470703125,362.5827026367187,2370.509033203125,1432.932861328125,270.5126953125,614.992431640625,153.68045043945312,138.8561248779297,54.33547592163086,4250.9833984375,168.96986389160156,353.83221435546875,1332.026123046875,1503.0216064453125,7412.7939453125,281.55340576171875,480.2371826171875,202.361328125,579.9293823242188,1293.343017578125,1459.5281982421875,2719.721435546875,3046.267578125,192.8355712890625,6594.84814453125,3058.397216796875,96.06385040283205,1597.722900390625,2364.172119140625
2021-02-16,2367.677490234375,1862.29345703125,6233.23974609375,929.88671875,229.8890380859375,426.3462829589844,241.7164306640625,846.3397216796875,39.38066482543945,1507.0946044921875,277.44342041015625,2014.2462158203125,361.3840637207031,2321.622314453125,1426.7467041015625,271.70745849609375,609.595947265625,155.2775115966797,138.15634155273438,53.79611587524414,4275.5322265625,168.5700225830078,355.6982421875,1352.861572265625,1496.5302734375,7324.90283203125,287.23834228515625,487.5240783691406,201.76202392578125,587.6990966796875,1279.075439453125,1415.1336669921875,2744.55224609375,3089.116455078125,194.60617065429688,6544.96630859375,3037.927978515625,99.92320251464844,1587.2379150390625,2332.223388671875
2021-02-17,2339.728271484375,1827.8345947265625,6208.34521484375,932.0812377929688,230.8859710693359,430.83148193359375,237.1265411376953,862.2971801757812,38.82706069946289,1499.1259765625,279.8368225097656,1954.2982177734375,346.00177001953125,2328.60595703125,1435.52734375,265.23583984375,592.80712890625,154.0797119140625,134.75743103027344,52.69741439819336,4247.7822265625,166.17105102539062,355.10894775390625,1355.7689208984375,1483.0479736328125,7411.79541015625,287.43780517578125,496.6078186035156,198.46592712402344,598.6561279296875,1282.49169921875,1424.6114501953125,2706.575439453125,3049.257080078125,191.1723175048828,6530.41748046875,3041.422607421875,102.28279876708984,1565.26904296875,2388.13330078125
2021-02-18,2328.748779296875,1805.8603515625,6208.34521484375,914.7244262695312,228.99180603027344,417.8243103027344,230.49119567871097,852.72265625,37.39068984985352,1415.9053955078125,268.7034606933594,1966.787353515625,334.6148681640625,2268.744873046875,1387.7449951171875,259.9589538574219,603.400146484375,147.23214721679688,133.0079803466797,52.27791595458984,4236.04150390625,165.53128051757812,355.5018310546875,1339.77880859375,1470.0650634765625,7444.75390625,287.5874328613281,488.2228698730469,194.4706573486328,581.722412109375,1245.19140625,1415.632568359375,2692.4560546875,3041.284912109375,183.8216094970703,6524.18115234375,3026.944580078125,93.32430267333984,1472.9007568359375,2389.131591796875
2021-02-19,2320.762939453125,1758.416748046875,6324.845703125,909.7367553710938,230.1881103515625,422.5586853027344,227.09866333007812,842.3504028320312,38.09391403198242,1389.00244140625,271.6458435058594,2016.244384765625,338.21075439453125,2250.786376953125,1394.33203125,263.4436950683594,607.1975708007812,153.36102294921875,138.05636596679688,51.83844757080078,4167.736328125,169.92945861816406,357.9568786621094,1372.2437744140625,1489.539306640625,7217.03759765625,299.35614013671875,491.6168212890625,192.07345581054688,577.9373168945312,1221.2723388671875,1409.14794921875,2794.700927734375,3056.232421875,193.3184356689453,6310.1044921875,2991.997314453125,98.64341735839844,1471.403076171875,2357.18310546875
2021-02-22,2297.804931640625,1736.9422607421875,6292.982421875,890.9833984375,226.2004547119141,430.2334289550781,222.6085968017578,824.1987915039062,38.323333740234375,1384.0203857421875,279.2261657714844,2008.2513427734375,334.4151306152344,2193.91845703125,1427.463623046875,264.53887939453125,593.0069580078125,153.97984313964844,139.30599975585938,51.43891525268555,4086.622314453125,167.85035705566406,368.0720520019531,1382.4190673828125,1476.556396484375,7187.0751953125,303.7445983886719,499.70220947265625,186.97947692871097,559.4097290039062,1211.4237060546875,1381.21435546875,2733.35400390625,3070.183349609375,196.054931640625,6083.5556640625,2941.07373046875,105.43226623535156,1412.9862060546875,2323.238037109375
2021-02-23,2299.8017578125,1728.95166015625,6285.017578125,898.7639770507812,228.3936462402344,426.5953979492187,224.0054931640625,834.571044921875,39.12132263183594,1394.9808349609375,282.7669372558594,1993.264404296875,338.61029052734375,2226.841796875,1430.85693359375,267.0279541015625,585.01220703125,158.8909454345703,143.9545135498047,52.09812927246094,4183.74462890625,169.5296173095703,367.9738464355469,1376.1199951171875,1487.5419921875,7127.14794921875,302.7471923828125,506.4900512695313,186.4800720214844,554.8276977539062,1220.870849609375,1375.228759765625,2727.0244140625,3078.155029296875,199.38153076171875,6204.10498046875,2937.578857421875,106.63207244873048,1407.4940185546875,2376.15185546875
2021-02-24,2289.8193359375,1711.4725341796875,6327.8330078125,881.4072875976562,228.5930328369141,427.89111328125,227.2982482910156,826.3929443359375,39.23603439331055,1394.9808349609375,298.0274353027344,2044.2198486328125,343.4047546386719,2217.86279296875,1478.55859375,273.1012878417969,577.6171875,164.28115844726562,145.7539520263672,53.436546325683594,4097.29541015625,170.0894012451172,366.2061462402344,1386.780029296875,1519.9993896484375,7111.1689453125,301.699951171875,508.4865112304687,190.1757049560547,550.8433837890625,1219.061767578125,1381.713134765625,2766.948974609375,3080.1484375,200.186279296875,6112.65283203125,2940.57470703125,111.88118743896484,1431.959228515625,2413.092529296875
2021-02-25,2309.783203125,1720.4617919921875,6452.29833984375,882.4047241210938,228.79244995117188,433.721923828125,226.69955444335935,822.8025512695312,39.11134338378906,1394.9808349609375,303.76251220703125,2034.2286376953125,351.7951354980469,2230.832763671875,1491.531982421875,268.5213928222656,571.6212158203125,162.2547149658203,146.25379943847656,51.93832015991211,4078.504638671875,169.60960388183594,366.1079406738281,1405.677734375,1504.02001953125,7002.65673828125,304.1933898925781,477.1427917480469,190.27557373046875,546.6597290039062,1222.076904296875,1354.77734375,2876.01025390625,3096.091796875,198.41571044921875,6183.32080078125,2895.9169921875,112.03115844726562,1403.4996337890625,2335.218994140625
2021-02-26,2233.92138671875,1690.4971923828125,6160.55078125,857.0678100585938,225.5026092529297,424.8013000488281,224.30484008789065,804.2521362304688,38.90187454223633,1328.2208251953125,290.9957275390625,1980.2757568359375,345.4024963378906,2184.93896484375,1441.834228515625,258.16680908203125,549.8355712890625,159.3199005126953,141.85516357421875,52.69741439819336,3984.57373046875,166.01109313964844,355.4035339355469,1364.975341796875,1462.0753173828125,6937.72509765625,289.9311828613281,461.2713012695313,188.1780548095703,544.2691040039062,1196.7506103515625,1321.356689453125,2699.7587890625,3077.15869140625,197.66455078125,6235.28125,2808.54052734375,107.68189239501952,1383.528076171875,2232.385498046875
2021-03-01,2272.850341796875,1702.483154296875,6276.05517578125,873.8261108398438,223.50875854492188,418.7712097167969,222.10971069335935,821.0074462890625,38.9068603515625,1362.098876953125,296.7806091308594,2004.2547607421875,353.9925842285156,2208.883544921875,1463.589599609375,268.820068359375,560.828369140625,161.05682373046875,145.2541046142578,53.81609725952149,4028.336669921875,167.37054443359375,361.9832763671875,1409.0693359375,1509.013671875,6972.6875,295.5662536621094,469.1571350097656,188.57760620117188,541.0814819335938,1206.599609375,1341.8082275390625,2821.96630859375,3116.021728515625,199.22052001953125,6276.849609375,2869.953857421875,111.38127136230467,1388.0218505859375,2244.36572265625
2021-03-02,2261.87060546875,1702.483154296875,6408.48681640625,880.4096069335938,220.61770629882812,422.359375,221.91012573242188,825.9939575195312,38.78217697143555,1362.098876953125,295.8330993652344,1946.8048095703125,355.7905578613281,2217.86279296875,1467.1817626953125,270.41314697265625,565.42529296875,161.93524169921875,145.20411682128906,53.77613830566406,4068.89794921875,162.5325164794922,366.3043212890625,1438.1424560546875,1513.00830078125,6872.79296875,297.3614501953125,481.5348510742187,188.37782287597656,545.86279296875,1214.8406982421875,1329.3377685546875,2879.905517578125,3188.765625,199.22052001953125,6357.90771484375,2861.964599609375,110.13148498535156,1386.5240478515625,2224.3984375
2021-03-03,2266.861572265625,1710.4735107421875,6407.49169921875,862.4544677734375,222.21278381347656,431.4793090820313,221.3114471435547,808.0419921875,40.31331634521485,1370.0704345703125,304.1116027832031,1920.3277587890625,357.1889343261719,2162.98974609375,1487.3404541015625,281.3650817871094,571.821044921875,170.04103088378906,148.4031219482422,53.77613830566406,4068.89794921875,167.0906524658203,376.32122802734375,1438.6270751953125,1521.9964599609375,6786.88330078125,298.90740966796875,496.1087341308594,185.98062133789065,542.0776977539062,1213.8355712890625,1298.411376953125,2906.683349609375,3135.95166015625,204.90792846679688,6339.20166015625,2872.949951171875,114.43074798583984,1362.5577392578125,2231.386962890625
2021-03-04,2296.806640625,1716.466552734375,5855.4892578125,879.6116943359375,222.21278381347656,425.1003723144531,218.81695556640625,826.9913330078125,40.24348831176758,1381.529296875,312.29046630859375,1812.4219970703125,360.58502197265625,2203.895263671875,1519.6741943359375,280.2698669433594,564.6257934570312,166.36746215820312,148.95294189453125,52.7173957824707,4113.72802734375,162.0927276611328,380.9367980957031,1429.905029296875,1522.9952392578125,6849.8173828125,285.54278564453125,476.53033447265625,188.57760620117188,530.9214477539062,1230.3177490234375,1314.8720703125,2811.25439453125,3052.246337890625,200.186279296875,6528.33837890625,2929.369873046875,114.33077239990234,1357.066162109375,2233.383544921875
2021-03-05,2334.737548828125,1696.4903564453125,5831.5810546875,897.3674926757812,228.99180603027344,436.1639099121094,223.5066070556641,825.7944946289062,39.97417068481445,1387.50732421875,317.9757080078125,1787.943115234375,360.7847595214844,2231.829833984375,1545.2213134765625,277.6811828613281,552.83349609375,171.27883911132812,145.404052734375,51.87839889526367,4153.22216796875,156.09523010253906,383.3919982910156,1425.0595703125,1503.520751953125,6850.81640625,282.2515563964844,498.494873046875,194.27088928222656,535.30419921875,1249.21142578125,1307.39013671875,2837.059326171875,2948.611572265625,201.79595947265625,6515.8681640625,2937.358642578125,108.53174591064452,1349.5765380859375,2189.45458984375
2021-03-08,2334.737548828125,1702.483154296875,6016.86962890625,878.4147338867188,225.5026092529297,454.0051574707031,219.31585693359375,829.385009765625,41.67487716674805,1381.031005859375,317.8260192871094,1841.89599609375,362.18316650390625,2198.906494140625,1542.826416015625,282.2610778808594,554.232666015625,177.6077117919922,149.0029296875,51.91834259033203,4152.1552734375,159.53379821777344,389.5788269042969,1462.854248046875,1522.9952392578125,6997.6611328125,291.3772888183594,508.17919921875,189.07701110839844,517.9719848632812,1258.457275390625,1305.39501953125,2939.30517578125,2921.70654296875,206.302978515625,6453.51611328125,2934.363037109375,116.48040771484376,1363.0574951171875,2201.435302734375
2021-03-09,2356.697265625,1721.46044921875,5796.71630859375,892.180419921875,230.08843994140625,445.8818664550781,220.71278381347656,831.9781494140625,41.031497955322266,1372.561279296875,314.4348449707031,1883.3599853515625,360.58502197265625,2227.83935546875,1547.616455078125,280.7676086425781,570.2221069335938,175.47145080566406,153.9513397216797,51.458892822265625,4180.974609375,164.85157775878906,388.7932739257813,1499.195556640625,1541.470947265625,7123.53076171875,284.1465148925781,497.5962829589844,187.7785491943359,528.1323852539062,1264.688232421875,1332.82958984375,2809.7939453125,2937.650146484375,203.24468994140625,6357.90771484375,2955.832763671875,113.83086395263672,1365.0543212890625,2241.37060546875
2021-03-10,2367.677490234375,1723.4581298828125,5627.3662109375,888.5894165039062,234.6742248535156,444.6360168457031,221.7105712890625,839.3583374023438,40.67739486694336,1364.092041015625,314.185546875,1873.868408203125,355.59075927734375,2234.8232421875,1561.5880126953125,280.3694152832031,554.6324462890625,173.694580078125,156.7004852294922,51.93832015991211,4205.52392578125,165.8511505126953,386.9273681640625,1469.6383056640625,1528.488037109375,7184.4658203125,282.60064697265625,493.203369140625,192.17335510253903,529.5267333984375,1270.3165283203125,1345.2999267578125,2782.04150390625,2933.664306640625,201.5812835693359,6443.12255859375,3003.265869140625,112.98099517822266,1374.0416259765625,2269.3251953125
2021-03-11,2346.715576171875,1729.95068359375,5758.8603515625,886.394775390625,234.17579650878903,423.7576293945313,219.5154266357422,836.1668701171875,40.398101806640625,1379.0382080078125,318.823486328125,1878.864013671875,355.19122314453125,2240.809814453125,1566.9764404296875,285.4471130371094,566.2247924804688,173.95413208007812,156.0507049560547,51.598724365234375,4179.90625,165.2514190673828,382.5081787109375,1473.9990234375,1534.4803466796875,7003.6552734375,288.48504638671875,483.71875,190.97474670410156,531.9174194335938,1262.2762451171875,1381.713134765625,2911.065673828125,2927.685302734375,200.56195068359375,6368.30029296875,2980.797607421875,113.78086853027344,1383.029052734375,2227.393310546875
2021-03-12,2358.693603515625,1720.4617919921875,5722.9990234375,891.7814331054688,235.57147216796875,427.0974426269531,223.3070526123047,836.1668701171875,41.10631561279297,1391.9915771484375,322.61370849609375,1871.869873046875,355.59075927734375,2238.813720703125,1580.34912109375,290.0269775390625,561.82763671875,180.2830352783203,158.05007934570312,53.83606719970703,4216.1982421875,167.130615234375,383.58837890625,1491.9273681640625,1527.4892578125,6943.71826171875,289.48236083984375,489.3097229003906,191.6739501953125,529.1282958984375,1266.0953369140625,1377.7227783203125,2938.3310546875,2933.664306640625,204.5860137939453,6407.7900390625,2993.279296875,114.8306884765625,1393.5140380859375,2190.453125
2021-03-15,2368.675537109375,1732.4476318359375,5575.56640625,890.9833984375,234.97329711914065,422.7108154296875,221.8103485107422,842.5499267578125,40.996585845947266,1415.4071044921875,315.33251953125,1821.9134521484375,354.1923828125,2240.809814453125,1547.2176513671875,285.74578857421875,562.6271362304688,179.96356201171875,158.54991149902344,54.9147834777832,4240.74755859375,167.1706085205078,384.0794677734375,1497.2576904296875,1521.9964599609375,6970.6904296875,284.3460388183594,491.8056945800781,191.7738342285156,531.51904296875,1272.3265380859375,1387.2001953125,2918.36865234375,2901.776611328125,202.22520446777344,6486.77099609375,3005.2626953125,117.98016357421876,1393.5140380859375,2221.40283203125
2021-03-16,2375.662353515625,1738.9398193359375,5588.515625,909.1383056640624,241.85206604003903,421.514404296875,225.8015289306641,848.1348876953125,41.370643615722656,1422.8802490234375,310.4451599121094,1817.9168701171875,361.1843566894531,2292.68896484375,1520.2728271484375,290.0269775390625,575.6185913085938,182.69876098632812,158.89979553222656,56.11335754394531,4284.51171875,171.009033203125,386.6327819824219,1512.278564453125,1555.951904296875,7224.423828125,285.7423095703125,490.50775146484375,195.26971435546875,538.4916381835938,1297.451171875,1411.1431884765625,2929.080078125,2954.590576171875,199.27423095703125,6580.2998046875,3048.202392578125,122.829345703125,1403.0003662109375,2240.37255859375
2021-03-17,2337.73193359375,1763.9102783203125,5439.09033203125,885.1978149414062,238.9609832763672,429.2907409667969,225.2028656005859,829.1856079101562,41.355682373046875,1427.3641357421875,312.98858642578125,1794.9371337890625,356.1900634765625,2225.844482421875,1520.672119140625,279.8715515136719,564.4259033203125,181.0017547607422,158.1999969482422,55.39421463012695,4296.2529296875,171.888671875,384.4722900390625,1489.5048828125,1510.51171875,7130.5234375,281.55340576171875,499.792724609375,195.26971435546875,535.1051025390625,1293.833251953125,1382.7108154296875,2813.689453125,2962.562255859375,201.3130645751953,6580.2998046875,3041.21240234375,127.1786117553711,1392.0162353515625,2209.4228515625
2021-03-18,2291.81591796875,1775.8961181640625,5536.71484375,881.207763671875,240.25697326660156,440.2074890136719,225.60198974609375,826.7919311523438,41.50031280517578,1434.3392333984375,311.1434020996094,1803.4298095703125,351.1958312988281,2216.86474609375,1506.70068359375,285.74578857421875,574.0196533203125,183.47740173339844,155.60081481933594,53.77613830566406,4273.83740234375,171.9286651611328,391.34661865234375,1512.762939453125,1498.028076171875,7120.533203125,286.7396545410156,502.3885803222656,197.06759643554688,535.30419921875,1304.6873779296875,1402.16455078125,2826.9345703125,2976.513427734375,204.425048828125,6574.064453125,3028.72998046875,124.52906799316406,1386.5240478515625,2203.678466796875
2021-03-19,2273.848876953125,1782.388427734375,5450.04736328125,885.79638671875,244.04527282714844,429.53997802734375,228.19627380371097,839.75732421875,40.921783447265625,1452.772705078125,305.906982421875,1749.976318359375,347.79974365234375,2234.8232421875,1493.3282470703125,276.6854553222656,573.020263671875,182.2794952392578,155.10098266601562,52.67744445800781,4218.33251953125,168.92987060546875,386.1417236328125,1482.7210693359375,1481.050537109375,7102.55126953125,281.2541809082031,489.8088989257813,193.1721649169922,540.0853881835938,1302.6773681640625,1408.6490478515625,2731.486083984375,2964.55517578125,205.3908538818359,6561.59423828125,2991.781982421875,116.98033142089844,1352.0731201171875,2208.67041015625
2021-03-22,2259.874267578125,1772.899658203125,5365.37353515625,884.2003784179688,242.2508087158203,423.7077331542969,229.09429931640625,844.1456298828125,40.89684295654297,1468.7152099609375,306.4555969238281,1779.9500732421875,345.20269775390625,2228.837158203125,1481.751953125,270.910888671875,580.8151245117188,180.64239501953125,152.80172729492188,52.81727600097656,4293.0517578125,167.49046325683594,390.3645629882813,1479.813720703125,1470.0650634765625,7336.306640625,278.7109069824219,485.8153381347656,193.8713531494141,547.2573852539062,1308.5062255859375,1423.114990234375,2708.597900390625,2975.516845703125,208.55642700195312,6742.4169921875,2997.274169921875,111.88118743896484,1362.0587158203125,2249.608642578125
2021-03-23,2277.841064453125,1793.37548828125,5324.53076171875,908.5397338867188,242.749267578125,423.0597229003906,228.8946990966797,858.7067260742188,41.235984802246094,1492.6292724609375,294.98529052734375,1741.983154296875,346.2015686035156,2289.6962890625,1433.2518310546875,271.9065246582031,581.6145629882812,180.76217651367188,148.85296630859375,51.83844757080078,4348.55419921875,162.13270568847656,390.5609436035156,1498.2265625,1465.071533203125,7207.44189453125,271.2806396484375,483.419189453125,192.87254333496097,545.4642944335938,1304.6873779296875,1443.566162109375,2650.16015625,3035.306396484375,209.36126708984375,6806.84765625,3002.766845703125,105.28230285644533,1346.0816650390625,2225.644775390625
2021-03-24,2274.846923828125,1797.3707275390625,5401.236328125,907.74169921875,241.85206604003903,422.41168212890625,228.49559020996097,859.9036254882812,42.12873458862305,1490.13818359375,300.7702331542969,1764.9630126953125,344.203857421875,2275.728271484375,1460.196044921875,271.4087219238281,572.8204345703125,183.8966522216797,150.10256958007812,51.57875061035156,4329.33984375,163.5321044921875,391.34661865234375,1505.49462890625,1473.06103515625,7122.53173828125,277.41436767578125,487.2130432128906,192.9723968505859,539.68701171875,1291.220458984375,1425.60888671875,2710.546142578125,2982.4921875,210.27342224121097,6686.2998046875,3004.2646484375,107.9818344116211,1340.090087890625,2215.65966796875
2021-03-25,2270.85400390625,1820.3433837890625,5328.51513671875,912.3302612304688,242.0514373779297,420.1186828613281,227.1984710693359,870.6746826171875,41.659908294677734,1488.1455078125,292.9405822753906,1756.470458984375,335.2142028808594,2307.65478515625,1418.0828857421875,274.29608154296875,567.0242919921875,181.720458984375,148.30316162109375,51.2990837097168,4333.61083984375,163.4521484375,392.8196716308594,1516.717041015625,1457.0819091796875,7202.44677734375,268.13897705078125,492.105224609375,195.26971435546875,532.1166381835938,1291.4215087890625,1446.0601806640625,2655.02978515625,2978.506591796875,203.49044799804688,6663.43701171875,2974.8056640625,106.03216552734376,1350.075927734375,2217.656982421875
2021-03-26,2300.799560546875,1804.8616943359375,5511.81005859375,905.1481323242188,244.5437469482422,421.4148254394531,228.0964508056641,857.7094116210938,42.148677825927734,1491.633056640625,301.867431640625,1771.9571533203125,345.0029602050781,2293.686767578125,1447.622314453125,276.28729248046875,565.0255737304688,182.6388702392578,153.80140686035156,51.39896011352539,4316.533203125,165.65122985839844,393.99810791015625,1516.2322998046875,1557.9493408203125,7263.3828125,285.64251708984375,499.1937255859375,194.97006225585935,537.0970458984375,1303.6822509765625,1443.0672607421875,2769.470703125,3028.3310546875,206.0662841796875,6621.86865234375,2978.800048828125,106.18214416503906,1357.066162109375,2218.65576171875
2021-03-29,2324.755859375,1824.338623046875,5459.013671875,924.5000610351562,244.64341735839844,416.8287353515625,227.7971649169922,867.6826782226562,41.95417785644531,1506.0810546875,299.7229309082031,1750.975341796875,347.9994812011719,2336.587646484375,1440.2373046875,274.5946960449219,554.0328979492188,180.06338500976562,153.00167846679688,51.47886657714844,4374.1728515625,164.09188842773438,394.0963745117187,1495.8804931640625,1510.51171875,7386.25439453125,283.94708251953125,501.1905212402344,196.9676971435547,530.5228881835938,1315.7420654296875,1452.544677734375,2734.894775390625,2970.5341796875,203.6514434814453,6821.39697265625,3022.738525390625,106.03216552734376,1374.0416259765625,2209.669677734375
2021-03-30,2338.730224609375,1818.84521484375,5556.6376953125,915.5223999023438,243.646484375,429.3404846191406,229.39361572265625,854.7173461914062,42.99155044555664,1491.1346435546875,300.72052001953125,1786.944091796875,350.5965270996094,2288.698486328125,1443.0316162109375,284.3519287109375,555.6317138671875,188.8080139160156,154.5511932373047,52.43772888183594,4335.74609375,166.9307098388672,404.8006896972656,1528.83154296875,1534.4803466796875,7281.3642578125,285.2934875488281,512.7718505859375,195.26971435546875,531.9174194335938,1313.5311279296875,1431.095947265625,2794.794189453125,3028.3310546875,211.7545623779297,6746.57421875,3025.734130859375,108.53174591064452,1374.5408935546875,2196.688720703125
2021-03-31,2305.790283203125,1816.8475341796875,5528.7451171875,923.502685546875,241.7523498535156,421.9132080078125,228.34591674804688,861.6986083984375,42.427982330322266,1486.65087890625,293.8881530761719,1775.4541015625,351.3955993652344,2300.6708984375,1410.8978271484375,277.88031005859375,554.0328979492188,185.59364318847656,150.80235290527344,54.075782775878906,4329.33984375,164.85157775878906,400.8723754882813,1492.9730224609375,1535.4788818359375,7239.408203125,283.49822998046875,498.6945190429687,195.8689727783203,525.7415771484375,1294.4366455078125,1451.547119140625,2768.496826171875,3090.113037109375,210.62762451171875,6752.80859375,2985.290771484375,105.28230285644533,1376.038818359375,2272.57470703125
2021-04-01,2309.783203125,1832.82861328125,5459.013671875,926.095947265625,237.86439514160156,421.9132080078125,227.44789123535156,861.2000122070312,42.66238021850586,1483.1632080078125,289.0506286621094,1810.9229736328125,349.1981506347656,2301.668701171875,1409.3009033203125,282.2610778808594,559.6290283203125,183.67703247070312,152.3518524169922,55.93357849121094,4293.0517578125,169.92945861816406,401.75634765625,1503.633544921875,1564.44091796875,7164.486328125,284.8945007324219,489.40960693359375,193.59979248046875,531.51904296875,1283.984619140625,1453.542236328125,2823.03857421875,3046.267578125,211.110595703125,6752.80859375,3002.766845703125,108.90167999267578,1357.728759765625,2315.509521484375
2021-04-06,2343.720947265625,1859.2974853515625,5605.451171875,937.0689086914062,241.25390625,425.5521240234375,227.89691162109375,872.0709838867188,42.72224044799805,1492.6292724609375,299.0746765136719,1838.8988037109375,347.400146484375,2331.59912109375,1422.6737060546875,287.93621826171875,564.0261840820312,185.25424194335935,152.6017608642578,55.65391159057617,4364.03271484375,170.48924255371094,408.2378845214844,1501.6951904296875,1584.4144287109375,7175.4755859375,290.878662109375,495.3000183105469,194.54881286621097,534.7064819335938,1296.2452392578125,1517.3905029296875,2886.346435546875,3111.039306640625,210.78857421875,6752.80859375,3075.164306640625,111.7412109375,1372.210205078125,2383.4072265625
2021-04-07,2365.680908203125,1877.7752685546875,5721.00732421875,939.0639038085938,243.34744262695312,432.630615234375,230.8404235839844,885.6348266601562,43.240928649902344,1510.5645751953125,304.66021728515625,1828.4078369140625,347.89959716796875,2354.546142578125,1437.443115234375,294.4078369140625,569.2228393554688,187.03114318847656,157.10035705566406,56.333106994628906,4412.06494140625,172.6883087158203,412.8535461425781,1518.6552734375,1590.9058837890625,7091.5634765625,292.3248596191406,499.0938720703125,196.89637756347656,539.08935546875,1307.0992431640625,1508.9105224609375,2910.208740234375,3120.008056640625,212.6668701171875,6752.80859375,3086.149169921875,111.8611831665039,1379.7001953125,2376.417236328125
2021-04-08,2402.61376953125,1902.2464599609375,5732.9609375,954.8245239257812,243.9455413818359,438.6621398925781,235.3305206298828,901.093505859375,43.30576705932617,1554.9056396484375,297.67828369140625,1812.92138671875,341.9065246582031,2385.474365234375,1406.5069580078125,292.2173767089844,574.619140625,187.65005493164065,156.2006378173828,56.532867431640625,4446.75439453125,174.40760803222656,400.22015380859375,1501.6951904296875,1594.0189208984375,7235.41259765625,293.52166748046875,503.7863159179687,199.99314880371097,544.06982421875,1328.204345703125,1538.340576171875,3003.708984375,3178.80126953125,212.4521942138672,6752.80859375,3182.512939453125,111.101318359375,1394.6806640625,2413.3623046875
2021-04-09,2408.602783203125,1908.239501953125,5641.31298828125,955.4231567382812,244.84280395507812,436.0700378417969,233.8836975097656,898.1015625,43.14616394042969,1536.47119140625,294.2371826171875,1852.3870849609375,344.30377197265625,2400.439697265625,1392.93505859375,295.104736328125,569.02294921875,185.37403869628903,156.8504180908203,57.35189056396485,4409.396484375,183.32394409179688,397.469482421875,1509.4483642578125,1611.497314453125,7279.3662109375,287.9364929199219,496.69775390625,198.9442596435547,545.0660400390625,1326.1942138671875,1537.842041015625,3002.735595703125,3138.940673828125,211.05697631835935,6752.80859375,3178.5185546875,111.8611831665039,1398.17626953125,2429.338134765625
2021-04-12,2436.5517578125,1908.7386474609375,5623.38134765625,967.19384765625,244.34434509277344,431.2348327636719,231.48898315429688,897.0043334960938,44.27831268310547,1547.93017578125,297.6283874511719,1841.89599609375,344.203857421875,2426.3798828125,1399.720703125,294.9056091308594,570.2221069335938,187.7498779296875,154.8011016845703,57.97115707397461,4414.19970703125,182.64418029785156,400.90771484375,1504.6025390625,1590.5233154296875,7217.431640625,285.4430847167969,496.0987243652344,198.19503784179688,533.51123046875,1304.0845947265625,1529.3619384765625,2950.141357421875,3192.751220703125,213.3644866943359,6894.14208984375,3157.5478515625,108.2018051147461,1398.6754150390625,2427.341064453125
2021-04-13,2461.505859375,1906.24169921875,5679.16748046875,944.4503173828124,242.0514373779297,425.6020202636719,231.58876037597656,890.920654296875,43.639923095703125,1548.4287109375,297.47882080078125,1892.3519287109375,336.6125793457031,2387.469482421875,1392.3358154296875,292.5160827636719,590.009033203125,186.4921112060547,157.15036010742188,56.93238830566406,4416.8671875,188.0819549560547,401.00592041015625,1511.8712158203125,1606.5032958984375,7159.4921875,286.1412048339844,490.7074279785156,201.49159240722656,547.8550415039062,1294.235595703125,1507.41455078125,2971.568603515625,3192.751220703125,212.72048950195312,6875.43603515625,3151.057861328125,107.68189239501952,1404.16845703125,2427.341064453125
2021-04-14,2453.520751953125,1919.22607421875,5826.60107421875,941.6573486328124,240.05758666992188,427.5958251953125,226.8991241455078,885.7344360351562,43.7197265625,1549.923095703125,307.552734375,1906.839599609375,340.6080017089844,2387.469482421875,1435.447265625,289.4296569824219,578.216796875,187.25076293945312,157.10035705566406,56.41300964355469,4396.58837890625,186.082763671875,399.7288513183594,1511.38671875,1602.508544921875,7263.3828125,301.699951171875,490.8072814941406,199.89328002929688,537.69482421875,1296.0440673828125,1493.9462890625,3061.660400390625,3185.776123046875,211.80821228027344,6803.7314453125,3152.05615234375,107.72188568115234,1414.155517578125,2396.3876953125
2021-04-15,2505.42578125,1928.2158203125,5961.08349609375,964.0017700195312,243.7461853027344,419.8694152832031,223.9556121826172,895.7078857421875,42.70783996582031,1548.4287109375,302.7152099609375,1944.806884765625,338.61029052734375,2436.356689453125,1425.66748046875,275.0130310058594,582.6138305664062,184.31593322753903,154.70111083984375,56.11335754394531,4446.220703125,182.20437622070312,399.630615234375,1522.0472412109375,1626.4786376953125,7392.248046875,302.39813232421875,485.8153381347656,204.4885406494141,555.6245727539062,1355.138427734375,1503.4237060546875,3067.504150390625,3195.740966796875,208.4811248779297,6901.416015625,3219.96044921875,106.98200988769533,1433.6300048828125,2404.37548828125
2021-04-16,2505.42578125,1933.2099609375,6030.8154296875,954.8245239257812,247.9332275390625,426.15032958984375,231.33932495117188,899.896728515625,43.35629653930664,1576.3280029296875,302.1667175292969,1982.2738037109375,336.6125793457031,2425.382080078125,1409.900146484375,277.90155029296875,577.2174072265625,188.84793090820312,156.4505615234375,56.45296478271485,4444.62109375,185.8428649902344,404.1496276855469,1504.6025390625,1641.4599609375,7372.26904296875,301.2012939453125,493.203369140625,206.1867828369141,556.4213256835938,1353.1279296875,1486.963134765625,3116.20263671875,3188.765625,214.1693420410156,6922.20068359375,3225.452392578125,104.54241943359376,1443.1177978515625,2363.437255859375
2021-04-19,2500.435302734375,1922.72216796875,6065.68212890625,970.9844970703124,253.91473388671875,426.7983093261719,233.9834747314453,905.0829467773438,43.65058517456055,1575.331787109375,300.0721130371094,1943.30810546875,336.2131042480469,2454.31494140625,1393.9326171875,276.0091247558594,579.0162353515625,187.3505401611328,162.04879760742188,56.71265411376953,4410.462890625,182.5642242431641,401.39898681640625,1506.0565185546875,1637.9644775390625,7410.2294921875,302.9965515136719,494.4015197753906,205.7871551513672,566.382568359375,1344.686279296875,1490.4547119140625,3103.54052734375,3182.78662109375,213.3644866943359,6967.92626953125,3216.465087890625,105.16231536865234,1410.659912109375,2377.41650390625
2021-04-20,2464.500732421875,1915.2310791015625,5932.1953125,971.3834838867188,247.73385620117188,415.9813537597656,226.49998474121097,908.8727416992188,41.94466781616211,1460.2462158203125,290.9957275390625,1946.3052978515625,323.12811279296875,2455.3125,1347.42822265625,268.33935546875,571.4212646484375,181.48089599609375,153.9013671875,55.61396408081055,4406.193359375,176.1668701171875,389.7086486816406,1452.2686767578125,1603.0076904296875,7486.14990234375,289.9810485839844,474.2339782714844,205.087890625,566.382568359375,1331.8226318359375,1477.4853515625,2987.15185546875,3130.969482421875,207.13951110839844,6937.7890625,3193.996826171875,99.2633056640625,1412.1580810546875,2374.4208984375
2021-04-21,2493.44775390625,1917.2286376953125,5951.1220703125,955.024169921875,248.8304901123047,414.5855712890625,226.69955444335935,901.6918334960938,41.51569747924805,1492.6292724609375,294.9354248046875,1913.3338623046875,329.62066650390625,2426.3798828125,1363.3953857421875,270.0326843261719,560.828369140625,180.4227752685547,154.4011993408203,55.3542594909668,4418.46923828125,179.20562744140625,392.7540588378906,1446.45361328125,1618.488525390625,7612.017578125,292.1253662109375,473.73486328125,205.68728637695312,549.4487915039062,1354.7364501953125,1455.0389404296875,2988.61328125,3192.751220703125,206.9248809814453,7048.98486328125,3223.455322265625,99.85321807861328,1464.0902099609375,2441.31982421875
2021-04-22,2534.372802734375,1941.2001953125,5982.0029296875,965.1988525390624,247.9332275390625,414.2366638183594,225.45230102539065,912.5629272460938,41.87483215332031,1481.6685791015625,294.2371826171875,1939.3111572265625,336.5127258300781,2441.344482421875,1360.4017333984375,270.72991943359375,576.4179077148438,182.0,158.0000762939453,55.93357849121094,4409.93017578125,184.52340698242188,390.00335693359375,1445.4844970703125,1628.4761962890625,7664.96240234375,291.7692565917969,478.0279235839844,206.6862640380859,557.2184448242188,1355.138427734375,1505.4190673828125,3013.448974609375,3178.80126953125,206.38829040527344,7067.6904296875,3311.830810546875,102.80271911621094,1490.056396484375,2433.331787109375
2021-04-23,2529.38232421875,1937.704345703125,6095.56689453125,956.6200561523438,241.45326232910156,417.72607421875,222.0597991943359,901.093505859375,42.53325653076172,1481.17041015625,291.3447265625,1948.802978515625,326.1246643066406,2432.36572265625,1353.416015625,271.4271545410156,574.219482421875,181.66058349609375,157.75013732910156,55.19445037841797,4390.71728515625,181.68458557128903,391.9681091308594,1463.413818359375,1644.955810546875,7556.076171875,295.50994873046875,479.0262756347656,204.98800659179688,556.2223510742188,1349.3094482421875,1489.9556884765625,3050.45947265625,3183.78271484375,209.23239135742188,6914.92724609375,3291.35986328125,101.74288940429688,1490.056396484375,2388.39990234375
2021-04-26,2482.4677734375,1927.7161865234375,6196.1796875,940.6597900390624,242.3505096435547,421.4646301269531,221.91012573242188,897.602783203125,42.78764724731445,1475.6903076171875,295.7831726074219,2003.2557373046875,341.0075378417969,2400.439697265625,1365.7904052734375,273.6184997558594,571.2213134765625,185.7533721923828,158.59986877441406,54.99468994140625,4361.36279296875,183.6437835693359,393.048828125,1477.950927734375,1658.9383544921875,7522.11181640625,305.4350280761719,483.419189453125,206.7861328125,557.4176635742188,1347.299560546875,1473.4949951171875,3117.663330078125,3196.7373046875,213.25717163085935,6879.591796875,3210.972900390625,107.80186462402344,1472.0799560546875,2363.437255859375
2021-04-27,2490.453369140625,1926.717529296875,6131.42919921875,950.4354248046876,241.35357666015625,439.0609130859375,220.9622344970703,898.2012329101562,43.47101974487305,1474.196044921875,294.5364990234375,1973.78125,326.8238830566406,2424.384033203125,1352.4183349609375,271.02874755859375,568.223388671875,186.1726226806641,158.9497833251953,54.21561813354492,4325.60595703125,182.8041229248047,390.7893676757813,1474.55908203125,1637.9644775390625,7553.07958984375,301.3453369140625,488.61083984375,206.58636474609375,560.8043823242188,1343.480224609375,1469.0059814453125,3086.983642578125,3158.870849609375,215.8329620361328,6844.26025390625,3224.953369140625,102.92269134521484,1477.5726318359375,2317.506591796875
2021-04-28,2502.43115234375,1925.2191162109375,6143.38232421875,951.83203125,234.2754821777344,442.00189208984375,219.2160797119141,895.3088989257812,44.99736022949219,1472.700927734375,303.7126159667969,1940.3104248046875,326.62408447265625,2434.361083984375,1379.3624267578125,273.2200622558594,563.6265258789062,188.6283416748047,158.6498565673828,55.4141960144043,4352.29052734375,183.44384765625,392.55755615234375,1490.5499267578125,1636.466064453125,7499.1357421875,302.0933837890625,493.0037231445313,207.38552856445312,554.2301025390625,1343.2791748046875,1461.5235595703125,3091.3662109375,3130.969482421875,218.40875244140625,6576.14306640625,3243.92626953125,102.7427215576172,1483.0655517578125,2321.50048828125
2021-04-29,2521.396728515625,1872.10693359375,6132.42529296875,945.0489501953124,234.6742248535156,452.9186401367187,219.41563415527344,889.6240844726562,45.346527099609375,1464.7296142578125,301.21917724609375,1957.795166015625,336.1131591796875,2413.409423828125,1362.1981201171875,270.9291076660156,569.422607421875,188.38873291015625,158.44993591308594,55.99351119995117,4496.9228515625,185.08319091796875,392.2628479003906,1478.4356689453125,1627.976806640625,7390.25,299.2505798339844,520.7588500976562,214.97767639160156,552.8356323242188,1336.2442626953125,1452.0460205078125,3059.712890625,3133.958984375,211.05697631835935,6640.57373046875,3266.39501953125,102.00284576416016,1565.9573974609375,2361.43994140625
2021-04-30,2497.4404296875,1877.6011962890625,6052.732421875,965.7973022460938,236.96714782714844,451.4232482910156,220.5132293701172,908.174560546875,45.32658004760742,1502.0950927734375,302.2166442871094,1915.3321533203125,338.4105224609375,2471.275390625,1362.1981201171875,271.32757568359375,569.822265625,175.19195556640625,157.9500732421875,56.592796325683594,4516.66845703125,183.6037750244141,393.2452087402344,1487.158203125,1623.4822998046875,7706.91845703125,294.4625549316406,518.7620849609375,217.97457885742188,563.5933837890625,1346.29443359375,1464.51611328125,2990.073974609375,3118.015625,211.0032501220703,6703.9658203125,3246.4228515625,104.6024169921875,1568.4541015625,2436.327392578125
2021-05-04,2481.469482421875,1856.1231689453125,6094.57080078125,962.6051635742188,237.86439514160156,439.8585510253906,221.56089782714844,912.8619995117188,44.93750762939453,1531.489501953125,309.3480529785156,1850.8883056640625,333.8158264160156,2452.3193359375,1378.763916015625,268.9369812011719,557.830322265625,170.6000213623047,156.25062561035156,56.63274765014648,4487.31591796875,180.9248962402344,387.0562438964844,1468.744384765625,1587.027587890625,7621.0078125,295.4600524902344,504.1856384277344,225.1671142578125,560.2066650390625,1338.857177734375,1446.5589599609375,2996.8916015625,3101.07421875,207.13951110839844,6694.61328125,3244.426025390625,101.2029800415039,1533.0003662109375,2356.44775390625
2021-05-05,2507.42236328125,1883.59521484375,6383.4609375,963.602783203125,245.2415771484375,453.0183715820313,224.205078125,907.6759033203124,46.11968231201172,1532.4857177734375,317.6764831542969,1900.345458984375,331.01904296875,2452.3193359375,1404.5111083984375,272.62249755859375,565.2252807617188,176.4497528076172,156.95042419433594,56.053436279296875,4505.99609375,182.1243896484375,396.4870300292969,1485.219970703125,1610.4984130859375,7665.96142578125,309.1258239746094,514.1696166992188,225.0672607421875,564.5894775390625,1346.29443359375,1456.5352783203125,3185.354248046875,3099.081298828125,213.84744262695312,6715.39794921875,3235.438232421875,101.74288940429688,1537.494384765625,2333.482666015625
2021-05-06,2527.385986328125,1897.08154296875,6452.19580078125,982.7550048828124,245.54063415527344,453.7660217285156,225.4024200439453,931.3128662109376,46.09474563598633,1578.819580078125,313.7233581542969,1892.3519287109375,332.4173889160156,2487.23876953125,1418.6817626953125,280.1925048828125,560.828369140625,176.78915405273438,156.40057373046875,56.87246322631836,4594.5888671875,180.88490295410156,399.0411987304687,1511.8712158203125,1598.013916015625,7671.955078125,311.5198059082031,519.161376953125,230.26185607910156,570.5661010742188,1350.9169921875,1456.03662109375,3180.484375,2954.4111328125,211.110595703125,6601.08251953125,3256.90869140625,103.3826141357422,1564.9586181640625,2319.50341796875
2021-05-07,2541.3603515625,1911.0675048828125,6509.97412109375,987.543212890625,250.4255218505859,449.828125,226.99888610839844,929.2184448242188,46.443904876708984,1597.252685546875,312.77569580078125,1927.322021484375,331.01904296875,2501.206298828125,1427.263916015625,283.67877197265625,574.619140625,181.22134399414065,159.29966735839844,57.7913703918457,4560.966796875,184.20355224609375,402.3813171386719,1530.284912109375,1617.4898681640625,7726.89697265625,321.94366455078125,515.7669677734375,231.76031494140625,577.738037109375,1362.3743896484375,1483.470947265625,3293.463623046875,2968.365478515625,214.65240478515625,6605.2392578125,3279.37646484375,106.7220458984375,1580.937744140625,2346.462646484375
2021-05-10,2563.320068359375,1870.6082763671875,6632.501953125,985.5482177734376,255.3104248046875,453.0183715820313,229.4933929443359,927.52294921875,47.735816955566406,1607.7152099609375,314.92034912109375,1935.814208984375,334.6148681640625,2492.22705078125,1418.6817626953125,287.2645568847656,559.0296020507812,185.13446044921875,162.89852905273438,56.65272521972656,4566.8369140625,183.1239776611328,405.9178161621094,1536.58447265625,1588.5257568359375,7708.916015625,330.4224853515625,520.5592651367188,227.4647674560547,573.355224609375,1358.5550537109375,1474.9912109375,3319.76123046875,2968.365478515625,211.48619079589844,6600.0439453125,3260.403564453125,109.66156005859376,1542.9874267578125,2346.462646484375
2021-05-11,2478.47509765625,1811.1683349609375,6515.95068359375,962.2061157226562,253.11720275878903,438.6621398925781,223.2072601318359,911.86474609375,46.563621520996094,1565.36767578125,303.8477783203125,1872.869384765625,322.1292419433594,2446.333251953125,1364.792724609375,279.19647216796875,544.03955078125,179.68406677246094,155.7008056640625,54.63511657714844,4504.92822265625,175.9669647216797,393.441650390625,1472.6207275390625,1533.0946044921875,7624.00537109375,327.0808410644531,507.1807861328125,222.7696228027344,559.0114135742188,1336.8470458984375,1431.095947265625,3306.125732421875,2903.575927734375,204.9930725097656,6496.10546875,3185.50927734375,104.32244873046876,1524.5113525390625,2297.5361328125
2021-05-12,2518.40234375,1814.6651611328125,6549.8203125,966.1963500976562,258.50054931640625,442.55029296875,226.84922790527344,917.2503051757812,47.17715072631836,1594.263916015625,314.5213623046875,1891.852783203125,317.1350402832031,2456.31005859375,1410.099609375,280.5909729003906,543.2399291992188,181.1414794921875,152.5018310546875,54.97471237182617,4530.544921875,174.48757934570312,396.3888854980469,1477.950927734375,1533.0946044921875,7777.84375,332.267822265625,508.37890625,222.3700408935547,552.8356323242188,1354.5350341796875,1444.0648193359375,3312.45654296875,2866.696044921875,203.49044799804688,6501.302734375,3293.85595703125,104.84236145019533,1506.534912109375,2306.523193359375
2021-05-13,2527.385986328125,1822.6568603515625,6279.8583984375,975.1740112304688,258.4008483886719,442.4007568359375,226.8991241455078,921.538818359375,46.8928337097168,1574.3350830078125,307.6384582519531,1866.8743896484375,312.4403991699219,2471.275390625,1379.6822509765625,276.905517578125,546.0380859375,177.88720703125,151.252197265625,53.9559211730957,4564.70166015625,173.8878173828125,394.7187805175781,1429.9781494140625,1540.086181640625,7843.7744140625,323.5895690917969,506.5817565917969,222.7696228027344,552.6361083984375,1360.163330078125,1480.478515625,3165.874755859375,2889.621337890625,203.16844177246097,6576.1376953125,3298.848876953125,104.28245544433594,1511.029052734375,2310.517333984375
2021-05-14,2505.42578125,1856.6224365234375,6111.50634765625,986.5455932617188,258.20147705078125,447.4353637695313,230.4412841796875,933.6066284179688,48.13487243652344,1584.2994384765625,312.8754577636719,1889.3548583984375,311.7412109375,2504.19970703125,1416.2100830078125,281.6866149902344,551.4345092773438,180.38282775878903,157.25033569335938,54.475311279296875,4583.3818359375,178.52589416503906,401.6936645507813,1467.7747802734375,1570.048828125,7855.7626953125,323.7890930175781,506.1824340820313,222.6697540283203,558.2144775390625,1377.2481689453125,1531.3572998046875,3181.458251953125,2935.472412109375,207.19314575195312,6616.67333984375,3348.778564453125,107.62189483642578,1524.0120849609375,2363.437255859375
2021-05-17,2488.45654296875,1847.6314697265625,6250.96923828125,975.1740112304688,263.6844482421875,442.0518493652344,231.73843383789065,928.6199340820312,47.955291748046875,1584.2994384765625,314.6211242675781,1834.9022216796875,302.9513244628906,2485.2431640625,1423.5955810546875,279.096923828125,547.2372436523438,178.90542602539062,156.0507049560547,53.83606719970703,4600.9912109375,179.0056915283203,399.5324401855469,1449.361083984375,1538.08837890625,7886.72900390625,324.337646484375,497.3966674804687,222.7696228027344,563.1950073242188,1386.494140625,1516.392822265625,3211.651611328125,2938.462646484375,207.56884765625,6612.515625,3356.267822265625,102.9626922607422,1514.5244140625,2380.411376953125
2021-05-18,2521.396728515625,1843.6356201171875,6226.06494140625,981.7576293945312,263.18609619140625,445.34173583984375,231.2894287109375,927.0242919921876,48.48402786254883,1608.213623046875,316.0176696777344,1835.9014892578125,302.4518737792969,2494.222412109375,1417.4075927734375,279.3956604003906,551.4345092773438,179.94361877441406,156.1006622314453,53.53642272949219,4567.36962890625,183.92367553710935,402.0865783691406,1453.722412109375,1534.0933837890625,7921.69287109375,323.7890930175781,504.78466796875,224.16818237304688,568.1754150390625,1382.675048828125,1520.88232421875,3223.82568359375,2940.456787109375,213.09608459472656,6581.33447265625,3344.28466796875,102.92269134521484,1516.5218505859375,2395.38916015625
2021-05-19,2500.435302734375,1837.142333984375,6015.873046875,978.1665649414062,261.98974609375,441.95208740234375,231.2894287109375,928.121337890625,47.84555435180664,1630.134521484375,307.5885314941406,1783.4468994140625,295.0603942871094,2486.240966796875,1377.8853759765625,276.0091247558594,554.6324462890625,177.76742553710938,154.05133056640625,53.037017822265625,4570.0380859375,179.0856475830078,395.9959106445313,1430.462890625,1514.6177978515625,7945.66796875,313.0160827636719,500.7911682128906,223.56881713867188,566.581787109375,1373.6302490234375,1507.9129638671875,3071.88671875,2940.456787109375,212.5057830810547,6593.80712890625,3342.287353515625,103.3426284790039,1509.53076171875,2399.3828125
2021-05-20,2565.316650390625,1871.6072998046875,6004.91552734375,990.9347534179688,261.98974609375,444.5940856933594,226.00924682617188,948.3673095703124,48.10492706298828,1634.6185302734375,309.5337219238281,1813.4208984375,296.3589172363281,2522.15771484375,1382.277099609375,277.5031433105469,568.8229370117188,178.5660400390625,154.101318359375,52.2579460144043,4586.4658203125,181.6446075439453,396.87994384765625,1447.423095703125,1534.0933837890625,8122.482421875,310.92132568359375,503.1872863769531,227.4647674560547,571.9606323242188,1367.031982421875,1534.8489990234375,3072.3740234375,2947.433837890625,217.6574554443359,6755.94873046875,3397.70947265625,103.24263763427734,1547.4813232421875,2439.322998046875
2021-05-21,2535.37109375,1870.6082763671875,5971.04541015625,989.937255859375,263.7842102050781,443.0986633300781,225.26068115234375,942.8818969726562,48.354339599609375,1659.528564453125,311.42901611328125,1833.903076171875,303.2509765625,2499.2109375,1396.0498046875,278.99725341796875,562.42724609375,178.7057342529297,152.7017364501953,52.43772888183594,4566.18603515625,180.88490295410156,395.9959106445313,1451.2994384765625,1547.0775146484375,8126.47802734375,309.57470703125,506.1824340820313,229.6625061035156,565.784912109375,1362.005859375,1532.853759765625,3061.173583984375,2928.4951171875,217.3355407714844,6738.27978515625,3372.744873046875,105.18231201171876,1551.9757080078125,2453.302001953125
2021-05-24,2532.376708984375,1882.096923828125,5969.052734375,987.1442260742188,263.385498046875,445.1921997070313,226.158935546875,947.7688598632812,48.603736877441406,1653.052001953125,315.6186828613281,1845.3929443359375,304.3497314453125,2493.224853515625,1405.8304443359375,281.1885681152344,567.4238891601562,179.36465454101562,156.75047302246094,53.25675582885742,4558.71240234375,182.6042022705078,398.5501098632813,1459.5372314453125,1557.564208984375,8141.46240234375,310.92132568359375,505.18402099609375,230.1619873046875,571.7614135742188,1361.6041259765625,1531.3572998046875,3075.2958984375,2898.59228515625,217.7647705078125,6741.3984375,3385.227294921875,105.70222473144533,1560.9639892578125,2486.252685546875
2021-05-25,2535.37109375,1881.5970458984375,5882.38671875,989.7377319335938,264.5817565917969,448.5819396972656,224.9113922119141,944.4776611328124,48.95289993286133,1653.550537109375,309.28436279296875,1858.8814697265625,296.6585998535156,2500.20849609375,1371.298583984375,278.5988464355469,573.2200317382812,179.32467651367188,155.90074157714844,53.436546325683594,4597.142578125,183.44384765625,395.4064331054687,1468.744384765625,1541.0848388671875,8074.5322265625,304.5372619628906,507.1807861328125,230.7613220214844,574.3513793945312,1358.9908447265625,1546.32177734375,3002.735595703125,2930.489013671875,217.7647705078125,6724.7685546875,3392.716552734375,105.40226745605467,1552.9742431640625,2492.242919921875
2021-05-26,2565.316650390625,1868.6103515625,5891.35205078125,999.513427734375,262.3885192871094,445.4913940429687,224.7616424560547,953.5534057617188,48.299468994140625,1667.99853515625,309.93280029296875,1898.3470458984375,296.9582214355469,2520.162353515625,1375.6900634765625,277.602783203125,569.02294921875,178.9453582763672,169.14654541015625,54.515262603759766,4593.93994140625,186.00279235839844,392.55755615234375,1447.423095703125,1549.57421875,8011.59814453125,306.7318115234375,497.1969299316406,235.1568298339844,580.3278198242188,1360.1968994140625,1538.340576171875,2988.61328125,2939.4599609375,216.3695526123047,6782.97265625,3404.69970703125,103.02267456054688,1557.9677734375,2489.248046875
2021-05-27,2559.327392578125,1836.6427001953125,6050.7392578125,987.74267578125,265.17987060546875,448.8311767578125,223.56399536132812,940.7874755859376,49.78591537475586,1612.4019775390625,305.7929992675781,1933.3165283203125,294.0615539550781,2448.919921875,1348.942626953125,281.8858337402344,564.22607421875,183.37754821777344,171.0459442138672,54.7949333190918,4472.77978515625,186.88243103027344,405.2301940917969,1453.722412109375,1551.0723876953125,8091.5146484375,320.9461669921875,505.7830810546875,234.45751953125,579.1326293945312,1346.928466796875,1518.886962890625,3055.816650390625,2905.56982421875,220.98458862304688,6621.8701171875,3381.232421875,107.04199981689452,1529.0057373046875,2450.306396484375
2021-05-28,2564.318603515625,1837.142333984375,6040.77783203125,981.1590576171876,264.7811584472656,453.9156188964844,222.8154296875,936.698486328125,49.77094650268555,1594.46435546875,305.3939514160156,1918.32958984375,300.2544250488281,2447.921875,1342.954345703125,283.1806945800781,561.22802734375,182.77862548828125,165.34774780273438,54.59516525268555,4511.7431640625,188.96157836914065,403.9531555175781,1454.6915283203125,1547.57666015625,8037.5712890625,320.6470031738281,506.9811401367187,237.35455322265625,573.753662109375,1351.1500244140625,1538.340576171875,3053.382080078125,2929.49169921875,222.16517639160156,6618.7529296875,3399.207275390625,107.00200653076172,1538.492919921875,2440.3212890625
2021-06-01,2564.318603515625,1845.134033203125,6280.85498046875,1005.4984741210938,267.07403564453125,444.9430236816406,224.5121612548828,947.5692749023438,49.66120529174805,1591.4744873046875,313.9727478027344,1986.2705078125,304.2498474121094,2476.86181640625,1371.897216796875,283.1806945800781,561.22802734375,185.25424194335935,159.74951171875,54.894805908203125,4526.15478515625,189.68125915527344,405.7213134765625,1449.845947265625,1561.0599365234375,7948.6640625,330.173095703125,501.5898742675781,236.4554901123047,567.577880859375,1344.71728515625,1560.288330078125,3176.588134765625,3008.236572265625,223.98974609375,6658.248046875,3402.203125,108.92168426513672,1530.004150390625,2431.3349609375
2021-06-02,2612.231201171875,1848.1312255859375,6280.85498046875,1004.9998168945312,267.07403564453125,450.32659912109375,225.06105041503903,958.0415649414062,49.88069152832031,1610.9073486328125,320.9554443359375,1953.798828125,304.14996337890625,2476.86181640625,1399.043701171875,283.2803039550781,558.6298217773438,186.11277770996097,162.59861755371094,53.876014709472656,4536.82958984375,189.7212371826172,405.5249328613281,1466.3214111328125,1554.068603515625,7923.69091796875,332.7167053222656,504.1856384277344,237.85403442382812,559.0114135742188,1346.727294921875,1535.8465576171875,3209.703369140625,3000.262451171875,224.9556427001953,6611.47607421875,3414.68603515625,112.28112030029295,1525.5101318359375,2419.352783203125
2021-06-03,2595.261474609375,1848.6307373046875,6148.36328125,1004.0023193359376,268.96820068359375,447.9338073730469,225.26068115234375,919.1289672851562,49.4317512512207,1599.4468994140625,323.2996520996094,1946.8048095703125,307.1465148925781,2465.884765625,1398.44482421875,282.5831298828125,557.6304321289062,186.0129241943359,159.7995147705078,54.59516525268555,4556.04443359375,187.40219116210935,405.5249328613281,1442.0926513671875,1545.579345703125,7939.673828125,324.2379455566406,503.586669921875,241.6500701904297,537.0970458984375,1350.346435546875,1534.35009765625,3117.663330078125,3005.246337890625,225.49232482910156,6657.20947265625,3395.71240234375,109.66156005859376,1497.546630859375,2399.3828125
2021-06-04,2605.24365234375,1845.134033203125,6195.1845703125,999.513427734375,264.5817565917969,442.6001281738281,224.56204223632812,912.1453857421876,48.818233489990234,1591.9730224609375,318.6611022949219,1915.3321533203125,305.74810791015625,2463.888427734375,1390.8599853515625,278.001220703125,557.4305419921875,183.6371307373047,157.40025329589844,53.516448974609375,4561.3818359375,186.7624969482422,402.2830505371094,1428.0399169921875,1551.5716552734375,8046.56201171875,328.9262390136719,495.100341796875,244.44720458984375,537.29638671875,1361.201904296875,1534.8489990234375,3169.7705078125,3045.11669921875,222.8091735839844,6742.43701171875,3391.21875,107.3019561767578,1499.044677734375,2405.374267578125
2021-06-07,2613.22900390625,1839.1402587890625,6117.48193359375,1012.481201171875,262.5879211425781,444.1454162597656,225.160888671875,913.8414306640624,49.511566162109375,1607.41943359375,318.4116516113281,1887.3564453125,309.343994140625,2474.86572265625,1389.8623046875,281.6866149902344,565.2252807617188,186.6517791748047,160.84918212890625,53.35663986206055,4553.90869140625,188.84161376953125,403.4619140625,1429.493896484375,1562.0587158203125,7996.61376953125,322.8913269042969,498.6945190429687,245.9456329345703,523.5501098632812,1359.392822265625,1553.304931640625,3085.13134765625,3105.9189453125,225.2776641845703,6693.5869140625,3410.691650390625,110.10148620605467,1499.044677734375,2421.35009765625
2021-06-08,2625.207275390625,1862.6163330078125,6168.287109375,1007.4935913085938,262.787353515625,442.9490356445313,225.8096160888672,912.5444946289062,48.7833137512207,1609.412353515625,322.40191650390625,1893.850830078125,304.54949951171875,2474.86572265625,1381.0794677734375,280.39178466796875,575.4185791015625,184.8350067138672,164.19813537597656,52.31787109375,4565.65234375,187.96197509765625,414.3663330078125,1424.64794921875,1582.033935546875,7926.68798828125,322.9411926269531,502.3885803222656,245.745849609375,532.9135131835938,1358.789306640625,1557.7943115234375,3114.4853515625,3074.02294921875,223.45309448242188,6679.03466796875,3410.691650390625,111.38127136230467,1470.581787109375,2414.3603515625
2021-06-09,2634.19091796875,1884.0948486328125,6044.76220703125,1002.5060424804688,261.2918701171875,436.7679748535156,226.10902404785156,910.8486328125,48.119903564453125,1614.8935546875,323.9480285644531,1905.3409423828125,306.94671630859375,2463.888427734375,1399.4429931640625,273.0209045410156,577.4174194335938,180.1831817626953,159.24969482421875,52.138084411621094,4564.583984375,184.2835235595703,406.703857421875,1406.7186279296875,1586.0289306640625,8121.48388671875,317.85394287109375,496.49810791015625,247.14442443847656,533.9096069335938,1387.5374755859375,1542.331298828125,3035.71826171875,3029.168701171875,219.05270385742188,6709.17822265625,3455.12890625,112.54107666015624,1504.0382080078125,2442.318115234375
2021-06-10,2648.16552734375,1884.0948486328125,6009.8955078125,1007.4935913085938,253.58758544921875,434.8238220214844,227.55621337890625,911.8461303710938,48.15979766845703,1619.3775634765625,322.55145263671875,1896.8482666015625,311.2418212890625,2478.857421875,1407.028076171875,272.42327880859375,615.1922607421875,178.74569702148438,157.40025329589844,51.998252868652344,4569.38720703125,181.20477294921875,405.1319274902344,1427.55517578125,1582.033935546875,8273.3251953125,319.100830078125,496.69775390625,249.04246520996097,537.0970458984375,1403.821533203125,1542.830322265625,3032.782958984375,3037.142333984375,218.1941070556641,6745.556640625,3452.1328125,111.02133178710938,1540.4906005859375,2441.31982421875
2021-06-11,2629.2001953125,1897.08154296875,6095.56689453125,1018.9650268554688,251.5931701660156,435.6213684082031,231.14920043945312,916.4352416992188,48.279518127441406,1602.9349365234375,323.4991455078125,1892.3519287109375,319.432373046875,2496.820068359375,1417.6075439453125,277.2043151855469,620.5886840820312,180.08335876464844,158.59986877441406,52.17804336547851,4561.9150390625,183.3639373779297,409.9455871582031,1443.0618896484375,1606.004150390625,8331.263671875,328.27783203125,493.0037231445313,247.44412231445312,542.4760131835938,1410.656494140625,1555.799072265625,3079.260498046875,3057.07763671875,220.01870727539065,6743.4775390625,3429.165771484375,111.92118072509766,1543.9859619140625,2443.31689453125
2021-06-14,2631.1962890625,1907.57080078125,6068.6708984375,1024.4515380859375,253.0889892578125,438.11383056640625,231.2989044189453,917.8320922851562,47.72584533691406,1601.938232421875,329.58404541015625,1872.36962890625,313.0397033691406,2513.784912109375,1455.5325927734375,275.80987548828125,629.582763671875,179.08511352539062,156.95042419433594,52.69741439819336,4584.8662109375,182.36431884765625,409.55267333984375,1439.18505859375,1600.0115966796875,8339.2529296875,326.83148193359375,490.50775146484375,246.14547729492188,547.8550415039062,1414.6768798828125,1575.7518310546875,3045.50341796875,3099.9384765625,220.12603759765625,6824.54833984375,3429.664794921875,107.34194946289062,1547.4813232421875,2461.289794921875
2021-06-15,2645.1708984375,1926.5517578125,5990.96875,1028.940185546875,253.0889892578125,434.8238220214844,230.55035400390625,924.8155517578124,47.8006591796875,1609.412353515625,331.87841796875,1870.371337890625,308.644775390625,2520.7705078125,1481.680908203125,279.2960510253906,627.5841064453125,178.90542602539062,155.90074157714844,52.17804336547851,4630.23486328125,181.7245635986328,415.8399353027344,1455.17578125,1632.9703369140625,8334.2607421875,320.1981506347656,488.7106628417969,245.146484375,547.8550415039062,1424.32666015625,1569.765869140625,2934.4462890625,3144.79296875,221.0919189453125,6864.0439453125,3473.602783203125,107.9818344116211,1548.9794921875,2482.25830078125
2021-06-16,2669.126953125,1942.0362548828125,5996.94580078125,1033.927978515625,256.08050537109375,436.7180786132813,229.70199584960935,929.2052001953124,47.58118438720703,1594.962646484375,328.1376647949219,1921.8265380859375,315.3371276855469,2522.7666015625,1471.3016357421875,280.0929260253906,631.381591796875,176.80911254882812,154.8011016845703,52.09812927246094,4640.3759765625,180.5650634765625,414.75927734375,1457.598876953125,1624.4813232421875,8395.1953125,316.25799560546875,484.5174255371094,240.75103759765625,551.8392944335938,1443.0228271484375,1566.2742919921875,2899.71044921875,3226.528076171875,220.23336791992188,6884.83154296875,3481.59130859375,109.98151397705078,1547.4813232421875,2508.219482421875
2021-06-17,2672.121826171875,1945.5325927734375,5859.4736328125,1030.935302734375,258.57354736328125,438.06390380859375,230.7000732421875,927.409423828125,47.83557891845703,1594.46435546875,323.249755859375,1893.3511962890625,313.83880615234375,2519.7724609375,1461.12158203125,278.2003479003906,628.18359375,178.50613403320312,154.4011993408203,51.518821716308594,4645.71337890625,180.80496215820312,412.5980529785156,1441.12353515625,1611.99658203125,8374.2177734375,304.8365478515625,484.6173095703125,242.1495819091797,549.2495727539062,1442.822021484375,1548.31689453125,2800.88427734375,3190.64404296875,220.5552520751953,6875.47802734375,3483.5888671875,111.90118408203124,1555.4710693359375,2444.3154296875
2021-06-18,2647.1669921875,1917.061279296875,5786.75341796875,1020.4613647460938,259.37127685546875,428.0944519042969,221.31837463378903,922.7205810546876,46.3192024230957,1574.533203125,314.6211242675781,1839.398193359375,307.1465148925781,2493.82666015625,1415.41162109375,269.7338562011719,630.9818115234375,171.55836486816406,148.55307006835938,51.05936813354492,4597.67626953125,175.40719604492188,407.48974609375,1400.4193115234375,1589.5247802734375,8375.216796875,296.8066711425781,467.9442138671875,241.75,536.3002319335938,1430.7598876953125,1522.8773193359375,2659.005859375,3198.6181640625,216.79884338378903,6667.6025390625,3454.62939453125,107.50191497802734,1526.5089111328125,2383.4072265625
2021-06-21,2660.143310546875,1931.0474853515625,5769.818359375,1024.950439453125,269.3433532714844,425.2530212402344,225.160888671875,924.7156982421876,46.88285827636719,1585.99365234375,316.06756591796875,1890.8531494140625,320.73089599609375,2513.784912109375,1421.2000732421875,271.02874755859375,627.5841064453125,172.63641357421875,152.7017364501953,51.39896011352539,4595.0078125,176.56674194335938,408.7668151855469,1411.5643310546875,1593.020263671875,8399.193359375,300.4974060058594,470.8395385742187,238.45339965820312,545.4642944335938,1422.3167724609375,1512.9012451171875,2715.267578125,3181.67333984375,217.22816467285156,6703.9814453125,3482.0908203125,109.24163818359376,1537.9940185546875,2377.41650390625
2021-06-22,2675.115966796875,1933.5450439453125,5858.47900390625,1024.950439453125,269.1439208984375,422.4616088867187,223.7635955810547,928.0079956054688,46.65340042114258,1594.46435546875,321.9031982421875,1903.3427734375,340.5081481933594,2523.764404296875,1449.744140625,268.4389953613281,631.9811401367188,172.2371368408203,152.7017364501953,51.33903503417969,4605.68212890625,177.32640075683594,408.8650512695313,1390.7276611328125,1590.02392578125,8341.2529296875,306.8315124511719,465.348388671875,239.35247802734375,553.0347290039062,1402.011962890625,1514.397705078125,2731.90185546875,3225.531005859375,218.7307891845703,6738.27978515625,3498.068115234375,108.18180084228516,1548.9794921875,2394.390380859375
2021-06-23,2658.1474609375,1928.5499267578125,5903.3056640625,1018.46630859375,268.9444580078125,419.6202087402344,222.56594848632812,916.734619140625,46.88784408569336,1576.0286865234375,323.3994140625,1897.8475341796875,325.2257080078125,2495.82177734375,1469.7044677734375,265.2515563964844,638.177001953125,172.49668884277344,153.7514190673828,50.87957763671875,4549.10498046875,180.5650634765625,407.58795166015625,1383.4591064453125,1579.0374755859375,8313.28125,309.3253173828125,462.45306396484375,237.0548553466797,549.4487915039062,1416.4862060546875,1508.9105224609375,2761.256591796875,3213.56982421875,220.23336791992188,6719.5712890625,3483.5888671875,109.4216079711914,1538.492919921875,2368.4296875
2021-06-24,2671.12353515625,1950.5274658203125,5977.0224609375,988.0216674804688,271.7366027832031,423.3089904785156,222.915283203125,921.722900390625,47.082374572753906,1555.5989990234375,323.4991455078125,1888.355712890625,323.9272155761719,2503.8056640625,1479.684814453125,262.2633361816406,647.1710815429688,174.09388732910156,152.7017364501953,51.49884796142578,4535.2275390625,182.4471893310547,407.3914794921875,1398.4810791015625,1592.5208740234375,8406.18359375,313.36517333984375,464.3500061035156,235.75619506835935,555.8238525390625,1418.2958984375,1512.4024658203125,2861.060546875,3206.592529296875,224.3117523193359,6696.70458984375,3483.5888671875,107.76187896728516,1555.9705810546875,2379.413330078125
2021-06-25,2678.110595703125,1935.542724609375,6038.78466796875,993.2102661132812,270.9388427734375,426.2499694824219,224.06298828125,921.0244750976562,47.107322692871094,1557.09423828125,324.6961975097656,1918.32958984375,328.52191162109375,2500.81201171875,1491.4617919921875,264.7535705566406,648.5701904296875,174.53311157226562,153.45152282714844,51.49884796142578,4546.43603515625,190.44398498535156,409.7491149902344,1405.2650146484375,1604.5059814453125,8490.095703125,314.4125671386719,468.4433898925781,238.5532989501953,558.2144775390625,1420.5069580078125,1512.9012451171875,2902.645751953125,3221.543701171875,222.91653442382812,6662.40625,3479.094970703125,106.48210144042967,1564.9586181640625,2415.359130859375
2021-06-28,2662.139892578125,1927.05126953125,5979.01513671875,995.4053344726562,269.24359130859375,419.1217651367187,223.5140686035156,923.3190307617188,46.39402770996094,1553.1077880859375,314.3717346191406,1864.8759765625,338.3106689453125,2514.782958984375,1441.5601806640625,259.67364501953125,645.9718627929688,171.21893310546875,150.50244140625,51.71857833862305,4573.1240234375,185.5659637451172,404.6408386230469,1371.3448486328125,1582.033935546875,8656.921875,308.7767028808594,459.6575317382813,240.9508056640625,562.995849609375,1428.548583984375,1519.3858642578125,2839.044921875,3228.521484375,218.7307891845703,6698.7841796875,3480.592529296875,100.48310089111328,1555.4710693359375,2430.33642578125
2021-06-29,2635.18896484375,1913.5650634765625,6004.91552734375,980.637939453125,268.04693603515625,420.01898193359375,222.4162139892578,921.623046875,46.6783447265625,1562.0765380859375,315.21966552734375,1874.3680419921875,333.0167236328125,2521.768310546875,1445.951416015625,259.5740051269531,638.3768920898438,172.8959503173828,149.55276489257812,52.73736953735352,4562.9814453125,183.44676208496097,403.6584167480469,1381.036376953125,1593.020263671875,8664.9140625,312.9163513183594,459.2581787109375,240.45135498046875,572.3590698242188,1432.970947265625,1520.383544921875,2832.195556640625,3193.63427734375,219.05270385742188,6677.9970703125,3478.595703125,98.5634307861328,1556.4697265625,2439.322998046875
2021-06-30,2609.236328125,1917.061279296875,5926.2177734375,972.2565307617188,271.03857421875,416.0311584472656,222.5160217285156,918.6301879882812,46.578582763671875,1551.61328125,314.22216796875,1849.3896484375,332.0179138183594,2495.82177734375,1443.9556884765625,256.5858459472656,632.9805297851562,170.81964111328125,146.4037322998047,51.39896011352539,4516.01416015625,183.72666931152344,398.7465515136719,1331.125,1588.0264892578125,8673.9033203125,308.6769104003906,460.256591796875,240.3514404296875,570.964599609375,1426.7388916015625,1496.9390869140625,2810.6689453125,3133.8291015625,218.0867919921875,6648.89306640625,3456.12744140625,98.9033660888672,1560.4644775390625,2442.318115234375
2021-07-01,2637.185546875,1963.0150146484375,5911.27587890625,983.2322387695312,271.43743896484375,422.0628051757813,222.66574096679688,923.3190307617188,47.50636672973633,1571.0457763671875,323.69866943359375,1863.37744140625,337.4117126464844,2519.7724609375,1485.6734619140625,263.1598815917969,642.17431640625,174.9923095703125,152.1019287109375,52.51763153076172,4548.5712890625,193.72267150878903,400.1217956542969,1349.5389404296875,1603.0076904296875,8732.8408203125,309.72430419921875,466.845947265625,245.54608154296875,565.1162109375,1445.4349365234375,1506.915283203125,2827.3037109375,3128.8447265625,222.05783081054688,6668.642578125,3490.07958984375,100.8430404663086,1585.9312744140625,2536.177001953125
2021-07-02,2626.205322265625,1977.9998779296875,5933.19140625,990.6160278320312,271.2380065917969,415.3831787109375,224.16281127929688,921.722900390625,46.71326446533203,1565.5645751953125,320.6063537597656,1864.37646484375,334.7148132324219,2546.71630859375,1473.696533203125,260.470458984375,642.3743286132812,172.0574493408203,152.6017608642578,52.39777755737305,4558.17919921875,196.92140197753903,400.4165954589844,1348.5697021484375,1617.989013671875,8769.802734375,314.3627014160156,455.763916015625,243.7479248046875,569.1015625,1445.234619140625,1508.9105224609375,2883.5654296875,3113.89306640625,217.22816467285156,6675.91796875,3475.1005859375,102.56275177001952,1589.4267578125,2539.1728515625
2021-07-05,2630.1982421875,1972.5054931640625,6016.86962890625,997.8001098632812,277.42059326171875,421.81353759765625,231.0494079589844,921.8225708007812,47.59614944458008,1568.55419921875,323.4493103027344,1886.357421875,336.7124938964844,2557.693603515625,1487.07080078125,265.1520080566406,641.9745483398438,177.38809204101562,157.05038452148438,52.81727600097656,4552.3076171875,195.4419860839844,408.66851806640625,1365.045166015625,1611.497314453125,8668.91015625,319.35015869140625,458.6591491699219,244.34732055664065,569.30078125,1439.8065185546875,1513.3997802734375,2921.72607421875,3128.8447265625,222.05783081054688,6740.359375,3474.601318359375,104.9623565673828,1584.43310546875,2532.18310546875
2021-07-06,2628.201416015625,1997.9796142578125,5862.46337890625,1013.7649536132812,279.0160827636719,415.2334899902344,233.7940368652344,927.8085327148438,46.32918167114258,1550.1181640625,310.0325012207031,1855.384521484375,342.1062927246094,2585.635986328125,1456.3310546875,260.470458984375,649.5693969726562,171.21893310546875,153.9013671875,52.23796844482422,4581.66357421875,193.40281677246097,406.0162048339844,1342.7550048828125,1578.0389404296875,8711.86328125,309.22552490234375,450.17291259765625,246.34524536132812,567.9058837890625,1441.6156005859375,1520.383544921875,2838.06640625,3132.83203125,216.79884338378903,6731.0048828125,3469.6083984375,103.64257049560548,1587.4293212890625,2553.1513671875
2021-07-07,2639.181884765625,2020.956298828125,6014.87744140625,1030.228515625,284.6004333496094,416.67919921875,236.98777770996097,938.7825317382812,46.6783447265625,1570.5472412109375,306.9402160644531,1858.3819580078125,346.9007568359375,2638.52587890625,1448.346923828125,260.868896484375,651.568115234375,172.1972198486328,152.5018310546875,52.31787109375,4654.25341796875,195.84182739257812,404.3460693359375,1350.0235595703125,1604.5059814453125,8648.9306640625,317.3551940917969,450.6720886230469,249.74172973632812,575.4778442382812,1444.4298095703125,1548.8157958984375,2926.61865234375,3183.667236328125,217.3355407714844,6859.8876953125,3483.089599609375,100.863037109375,1590.425537109375,2574.119384765625
2021-07-08,2569.931396484375,1983.99365234375,5843.53564453125,1018.7539672851562,283.0049133300781,409.3515319824219,233.7940368652344,933.3952026367188,45.50615692138672,1559.5855712890625,306.9402160644531,1838.399169921875,344.5035095214844,2613.578125,1457.1295166015625,256.08782958984375,634.9791870117188,167.34573364257812,147.80331420898438,52.05818176269531,4587.0009765625,187.4451904296875,390.7893676757813,1300.5970458984375,1596.0166015625,8580.00390625,306.8813781738281,445.28076171875,252.53884887695312,546.5845336914062,1433.3734130859375,1523.875244140625,2806.755126953125,3121.867431640625,210.73497009277344,6715.41357421875,3428.666259765625,100.70306396484376,1565.4578857421875,2563.13623046875
2021-07-09,2568.932861328125,2005.971435546875,6082.61669921875,1029.2308349609375,283.40380859375,412.8409423828125,237.2373046875,937.3857421875,46.598533630371094,1579.0181884765625,310.1322326660156,1881.36181640625,350.4966125488281,2641.52001953125,1465.51318359375,264.7535705566406,640.1757202148438,173.05572509765625,148.25315856933594,52.31787109375,4584.8662109375,191.32362365722656,397.8623962402344,1336.455322265625,1618.988037109375,8638.9423828125,318.60205078125,453.3677978515625,256.7344970703125,542.9977416992188,1442.620849609375,1525.37158203125,2926.61865234375,3110.903076171875,217.22816467285156,6685.271484375,3429.165771484375,100.9830093383789,1568.4541015625,2619.0517578125
2021-07-12,2574.923583984375,2026.950439453125,6076.63916015625,1040.20654296875,282.5063171386719,411.5946960449219,235.5406494140625,942.872802734375,47.05743789672851,1583.0045166015625,308.3865966796875,1879.863037109375,355.3909912109375,2663.474609375,1453.536376953125,267.04449462890625,647.9706420898438,172.4168243408203,147.45339965820312,52.37779998779297,4598.2099609375,188.3648376464844,394.7187805175781,1334.032470703125,1617.989013671875,8752.822265625,316.25799560546875,454.0665588378906,257.83331298828125,554.9535522460938,1446.2396240234375,1534.8489990234375,2891.393310546875,3233.505615234375,221.95050048828125,6744.5166015625,3445.64208984375,95.7238998413086,1558.9664306640625,2612.0625
2021-07-13,2608.86962890625,2056.919921875,6052.732421875,1045.195556640625,282.2071228027344,410.94671630859375,236.48878479003903,940.3786010742188,46.6384391784668,1586.491943359375,305.1446228027344,1900.8447265625,352.89385986328125,2702.3935546875,1444.1546630859375,267.44293212890625,657.5641479492188,169.70164489746094,147.5533905029297,51.93832015991211,4633.4365234375,185.8058319091797,389.7086486816406,1317.0726318359375,1625.9793701171875,8749.8251953125,312.9662170410156,447.9764404296875,262.32867431640625,559.1382446289062,1451.66748046875,1551.80859375,2882.09765625,3240.482421875,216.1549530029297,6690.46875,3497.069580078125,93.5942611694336,1564.458984375,2605.0732421875
2021-07-14,2608.86962890625,2047.9290771484375,6064.68505859375,1035.716552734375,282.0077209472656,409.8001708984375,235.19129943847656,928.9058227539062,46.822998046875,1592.9696044921875,303.9974365234375,1898.3470458984375,349.8973388671875,2670.460205078125,1440.362548828125,264.5543518066406,656.964599609375,170.40037536621094,145.0541534423828,51.95830154418945,4595.54150390625,184.6862640380859,389.9051513671875,1302.534912109375,1606.5032958984375,8659.91796875,318.4524841308594,445.48046875,259.23193359375,557.3449096679688,1445.234619140625,1532.853759765625,2923.19384765625,3254.437255859375,219.6966857910156,6655.13037109375,3482.0908203125,92.7444076538086,1541.98876953125,2609.0673828125
2021-07-15,2612.863525390625,2033.943359375,6118.478515625,1025.23974609375,283.9023742675781,407.5072326660156,232.49655151367188,925.6136474609376,46.44889450073242,1575.5301513671875,295.3189697265625,1855.8839111328125,348.69873046875,2660.480712890625,1404.6328125,261.7652893066406,653.9666137695312,168.82315063476562,137.45657348632812,51.01941680908203,4575.79248046875,178.12890625,386.172119140625,1323.8564453125,1575.5419921875,8337.2578125,319.25048828125,439.7896423339844,258.9322509765625,549.9721069335938,1414.2750244140625,1505.9178466796875,2909.006103515625,3236.495361328125,219.58932495117188,6595.88525390625,3472.603759765625,91.12467193603516,1510.0303955078125,2598.083740234375
2021-07-16,2627.83984375,2053.9228515625,5908.287109375,1042.2021484375,283.7029724121094,402.0238952636719,234.4427795410156,940.7777709960938,45.61090469360352,1595.4610595703125,291.5282897949219,1815.4190673828125,350.296875,2708.38134765625,1396.648681640625,260.470458984375,660.3623657226562,165.12965393066406,138.25633239746094,51.139278411865234,4652.11767578125,177.249267578125,384.50201416015625,1319.4952392578125,1553.06982421875,8331.263671875,308.2280578613281,433.9990234375,261.42962646484375,552.9609985351562,1431.966064453125,1512.4024658203125,2826.814208984375,3276.3662109375,214.43771362304688,6740.359375,3495.572265625,93.04434967041016,1503.0394287109375,2626.041259765625
2021-07-19,2562.942626953125,2022.954345703125,5732.9609375,1033.7208251953125,280.3125,390.608642578125,230.74998474121097,928.8060913085938,43.39619445800781,1543.640380859375,277.7624206542969,1752.9735107421875,343.0052795410156,2689.42041015625,1336.3673095703125,249.6133728027344,653.3670043945312,159.04034423828125,132.25820922851562,49.25151824951172,4639.30859375,173.9705352783203,370.1593933105469,1266.1922607421875,1488.64990234375,8298.296875,295.4600524902344,418.4241638183594,258.4327392578125,555.7506713867188,1421.31103515625,1477.984375,2720.16015625,3276.3662109375,206.2272186279297,6738.27978515625,3428.666259765625,86.98536682128906,1469.5830078125,2631.0341796875
2021-07-20,2574.923583984375,2035.941162109375,5813.64990234375,1034.7188720703125,277.62005615234375,394.5964965820313,229.20297241210935,919.8272705078124,43.97980117797851,1522.7132568359375,279.4580993652344,1772.45654296875,350.4966125488281,2697.404296875,1344.5511474609375,253.49803161621097,648.7699584960938,161.376220703125,131.50845336914062,49.331417083740234,4613.1552734375,179.0885009765625,373.9906311035156,1276.85302734375,1506.128173828125,8447.1416015625,301.3951721191406,420.62060546875,256.7344970703125,556.9461669921875,1419.703125,1471.499755859375,2739.72998046875,3249.45361328125,206.9785614013672,6656.1689453125,3438.651611328125,90.00486755371094,1489.0574951171875,2622.047607421875
2021-07-21,2653.798828125,2030.9461669921875,5948.13427734375,1036.21533203125,278.9164123535156,400.6280517578125,230.84976196289065,919.3285522460938,45.53108978271485,1535.1700439453125,288.7352294921875,1828.4078369140625,354.9914245605469,2688.42236328125,1385.0712890625,262.4626159667969,651.3682250976562,166.90652465820312,138.55621337890625,50.65983581542969,4593.40576171875,186.00575256347656,380.8672790527344,1325.3101806640625,1547.0775146484375,8450.138671875,313.3153076171875,428.90728759765625,257.4338073730469,564.1198120117188,1421.1102294921875,1494.94384765625,2851.275634765625,3286.333740234375,214.1693420410156,6612.515625,3461.619873046875,96.98369598388672,1542.48779296875,2599.08203125
2021-07-22,2690.739990234375,2058.91796875,5823.61181640625,1037.21337890625,279.91357421875,399.4816589355469,231.3488006591797,916.3355712890624,45.1220703125,1538.6580810546875,283.2987060546875,1857.382568359375,360.58502197265625,2693.41259765625,1361.9166259765625,261.6657409667969,659.962646484375,165.02984619140625,138.05636596679688,49.24151611328125,4323.865234375,184.84620666503903,380.4743347167969,1314.1650390625,1565.0548095703125,8450.138671875,310.8713684082031,428.0086975097656,259.03216552734375,569.6991577148438,1416.8883056640625,1494.94384765625,2847.362060546875,3297.298095703125,208.42742919921875,6455.56982421875,3467.611328125,95.26396942138672,1545.4840087890625,2616.056640625
2021-07-23,2705.71630859375,2063.9130859375,5903.3056640625,1049.6856689453125,278.31817626953125,400.3789367675781,233.84393310546875,927.3095703125,45.77550506591797,1563.5716552734375,283.3984680175781,1897.8475341796875,382.0603332519531,2734.32763671875,1362.5159912109375,262.86102294921875,659.7628173828125,166.82666015625,140.35562133789062,47.98301696777344,4423.67529296875,185.6858673095703,378.411376953125,1322.4027099609375,1589.025146484375,8471.1171875,314.9611511230469,431.00384521484375,262.22882080078125,575.2786865234375,1423.3214111328125,1518.38818359375,2900.19970703125,3339.162353515625,213.68637084960935,6510.6572265625,3500.564697265625,95.61392211914062,1552.474853515625,2640.0205078125
2021-07-26,2693.735107421875,2029.947021484375,6086.60107421875,1041.7032470703125,278.816650390625,401.6749267578125,231.9476318359375,925.9129028320312,46.443904876708984,1564.0697021484375,291.5282897949219,1914.83251953125,392.3484191894531,2726.34423828125,1397.247314453125,264.65399169921875,651.7681274414062,169.14260864257812,142.6049346923828,47.683372497558594,4303.04931640625,186.00575256347656,383.4214782714844,1324.341064453125,1589.5247802734375,8283.314453125,325.3851013183594,432.8009643554687,260.13092041015625,561.3301391601562,1407.037841796875,1520.383544921875,2992.66552734375,3315.23974609375,216.47686767578125,6470.1220703125,3456.626708984375,97.0036849975586,1517.02099609375,2612.0625
2021-07-27,2704.718017578125,2026.950439453125,6017.865234375,1052.1802978515625,280.8110656738281,402.07366943359375,233.94374084472656,928.8060913085938,46.40898895263672,1547.128662109375,290.680419921875,1900.8447265625,391.9489135742187,2743.308837890625,1396.648681640625,259.27520751953125,646.5715942382812,169.08270263671875,141.1553955078125,47.96304702758789,4324.931640625,183.80665588378903,379.1972961425781,1295.2667236328125,1587.027587890625,8244.3544921875,322.7915954589844,431.6028747558594,260.7303466796875,556.1491088867188,1406.434326171875,1523.376220703125,3006.3642578125,3345.14306640625,216.3695526123047,5924.4482421875,3475.1005859375,98.25347137451172,1519.517822265625,2611.064208984375
2021-07-28,2708.71142578125,2031.9453125,6103.5361328125,1052.67919921875,280.8110656738281,395.3940734863281,232.69618225097656,927.7086791992188,46.66836929321289,1537.66162109375,291.0793762207031,1901.843994140625,383.8582458496094,2749.296875,1402.8365478515625,261.1676940917969,649.1697998046875,172.45677185058594,141.80520629882812,47.39371871948242,4322.79833984375,183.00694274902344,380.8672790527344,1300.5970458984375,1585.529541015625,8257.3408203125,326.13330078125,431.1036682128906,261.52960205078125,566.7103271484375,1408.84716796875,1529.8609619140625,3058.223388671875,3341.15576171875,216.26219177246097,5736.3212890625,3508.05419921875,101.68289947509766,1561.463134765625,2626.041259765625
2021-07-29,2735.6689453125,2097.87841796875,6261.92724609375,1057.668212890625,283.3040771484375,399.78070068359375,232.7959899902344,924.8155517578124,46.08975601196289,1544.637451171875,294.9198913574219,1788.442626953125,393.8467102050781,2773.246826171875,1455.7320556640625,264.7535705566406,644.9725952148438,175.91070556640625,138.05636596679688,46.42486953735352,4384.1796875,180.7278594970703,386.172119140625,1332.09423828125,1575.5419921875,8268.330078125,328.626953125,436.0956115722656,257.4338073730469,553.5587768554688,1413.6719970703125,1469.54833984375,3222.1181640625,3365.078125,219.91131591796875,5791.408203125,3535.01611328125,102.1628189086914,1462.592041015625,2618.05322265625
2021-07-30,2714.702392578125,2111.864013671875,6077.6357421875,1070.6396484375,282.5063171386719,396.2415466308594,232.5464782714844,921.92236328125,45.526092529296875,1536.6646728515625,288.4858093261719,1726.49658203125,391.9489135742187,2794.203369140625,1440.362548828125,260.3708801269531,651.568115234375,174.19371032714844,135.45721435546875,45.41606903076172,4431.1474609375,179.32843017578125,380.4743347167969,1314.649658203125,1553.5692138671875,8259.3408203125,322.74169921875,431.3033752441406,236.6552734375,550.9683227539062,1425.130859375,1442.602294921875,3121.824462890625,3389.000244140625,217.22816467285156,5740.47900390625,3565.473388671875,99.69322967529295,1460.09521484375,2642.01708984375
2021-08-02,2732.674072265625,2113.862548828125,6192.19482421875,1079.12109375,284.4010925292969,394.9454040527344,233.1453094482422,925.9129028320312,46.12467575073242,1551.61328125,289.0345153808594,1730.4930419921875,398.94085693359375,2811.16845703125,1450.542724609375,263.95672607421875,657.9638671875,175.5912322998047,137.306640625,45.89550018310547,4411.93310546875,184.52635192871097,381.16204833984375,1321.4337158203125,1570.048828125,8265.33203125,325.9836120605469,435.995849609375,224.4678649902344,557.9426879882812,1434.981689453125,1461.0650634765625,3228.96728515625,3372.055419921875,219.48204040527344,5836.10205078125,3595.43115234375,103.4626007080078,1437.125244140625,2670.9736328125
2021-08-03,2762.6259765625,2128.84765625,6256.947265625,1068.6439208984375,291.1819763183594,396.8396606445313,234.9417724609375,925.7133178710938,46.73820877075195,1571.0457763671875,305.34417724609375,1698.5211181640625,396.044189453125,2801.188720703125,1476.291748046875,262.76141357421875,651.568115234375,176.05044555664062,137.4065704345703,47.06410598754883,4435.951171875,184.326416015625,383.3232116699219,1335.486328125,1412.744384765625,8288.3095703125,329.27532958984375,440.2888488769531,225.56674194335935,557.9426879882812,1440.8114013671875,1463.0611572265625,3319.965576171875,3410.9296875,222.59451293945312,5841.29833984375,3583.947021484375,103.1226577758789,1407.663818359375,2685.951171875
2021-08-04,2779.599365234375,2170.80517578125,6267.90478515625,1067.6463623046875,287.49224853515625,399.1824951171875,232.8957977294922,925.1148071289062,47.192115783691406,1555.5989990234375,302.2518615722656,1688.0299072265625,400.2393798828125,2816.157958984375,1459.9241943359375,270.43115234375,650.3689575195312,178.52609252929688,138.95608520507812,47.53355026245117,4402.859375,188.3648376464844,385.7791137695313,1349.05419921875,1417.23876953125,8261.3369140625,328.4773254394531,444.2824401855469,228.96322631835935,558.1417846679688,1441.0125732421875,1521.9427490234375,3369.86767578125,3401.958251953125,225.81430053710935,5885.99169921875,3608.41259765625,104.52242279052734,1397.6768798828125,2651.003662109375
2021-08-05,2773.609130859375,2155.9619140625,6003.91943359375,1062.1580810546875,287.2928771972656,401.6749267578125,231.39871215820312,931.7991333007812,45.801944732666016,1561.5784912109375,304.9949645996094,1671.54443359375,401.7376708984375,2795.201171875,1479.2857666015625,270.43115234375,653.1671752929688,179.40452575683594,139.65586853027344,47.94306564331055,4377.11767578125,187.4451904296875,384.6003723144531,1346.6314697265625,1452.694580078125,8333.2607421875,323.1905822753906,450.472412109375,229.0631103515625,553.7581176757812,1449.4559326171875,1516.95263671875,3200.102294921875,3396.974609375,226.45822143554688,5819.18212890625,3599.42578125,110.66139221191406,1388.189208984375,2638.0234375
2021-08-06,2688.7431640625,2129.98583984375,6009.8955078125,1053.1781005859375,287.990966796875,408.6037902832031,232.69618225097656,939.1817016601562,46.47542572021485,1563.0732421875,306.69085693359375,1684.5333251953125,406.4322509765625,2764.265380859375,1480.0845947265625,275.31182861328125,643.3735961914062,182.33937072753903,139.90577697753906,48.9318962097168,4368.57763671875,187.24525451660156,392.0663757324219,1382.48974609375,1465.1790771484375,8148.455078125,324.58709716796875,458.45953369140625,229.7624053955078,558.1417846679688,1443.8272705078125,1542.9007568359375,3216.736083984375,3398.968505859375,231.50262451171875,5842.0517578125,3582.9482421875,112.40109252929688,1374.2073974609375,2451.304931640625
2021-08-09,2659.7890625,2136.979736328125,6066.677734375,1060.6614990234375,289.98529052734375,409.5010986328125,233.19517517089844,942.872802734375,46.53528594970703,1576.0286865234375,304.6957092285156,1638.5731201171875,413.9236145019531,2788.2158203125,1467.708740234375,275.5110168457031,639.3762817382812,184.0563812255859,140.2556915283203,49.2115592956543,4403.2734375,187.32522583007812,393.2452087402344,1379.097900390625,1434.217529296875,8186.41455078125,324.7367248535156,463.2517700195313,229.7624053955078,562.7249755859375,1455.88916015625,1620.2451171875,3241.687255859375,3398.968505859375,232.8978576660156,5852.44580078125,3586.443603515625,109.0616683959961,1381.6976318359375,2441.31982421875
2021-08-10,2688.7431640625,2130.9853515625,6140.39453125,1064.6527099609375,293.0766296386719,408.7034912109375,234.0435485839844,949.2578125,46.53528594970703,1577.0252685546875,308.1371765136719,1677.539306640625,418.5183715820313,2807.176513671875,1474.6949462890625,276.208251953125,640.9752197265625,185.05462646484375,141.00546264648438,49.231544494628906,4384.59228515625,187.8850250244141,395.897705078125,1406.7186279296875,1442.2076416015625,8140.46337890625,329.62445068359375,460.456298828125,229.7624053955078,558.9389038085938,1453.4766845703125,1610.265380859375,3280.33740234375,3437.84228515625,233.11241149902344,5868.0390625,3587.94189453125,110.00149536132812,1370.712158203125,2481.259765625
2021-08-11,2713.703857421875,2157.9599609375,6077.6357421875,1074.630615234375,301.65252685546875,411.4452209472656,238.4349670410156,945.5665283203124,46.380638122558594,1592.4713134765625,310.93035888671875,1681.0361328125,419.9167175292969,2822.1455078125,1487.868896484375,278.5988464355469,643.1736450195312,186.1726226806641,141.60525512695312,49.76091003417969,4416.0849609375,194.4823760986328,399.630615234375,1443.5462646484375,1443.2064208984375,8171.431640625,340.49725341796875,465.6479187011719,224.0682830810547,554.1565551757812,1472.9771728515625,1622.2413330078125,3358.126220703125,3572.4052734375,236.22491455078125,5883.63232421875,3588.440673828125,111.58123016357422,1378.2021484375,2512.213134765625
2021-08-12,2665.779541015625,2166.951171875,5619.134765625,1073.134033203125,302.74945068359375,408.7034912109375,240.73049926757812,948.2601318359376,46.45048141479492,1587.48828125,306.23095703125,1687.5306396484375,421.1153564453125,2841.10595703125,1467.28076171875,271.57708740234375,639.7759399414062,183.956298828125,146.25379943847656,49.80086135864258,4409.14501953125,193.6826934814453,413.4822082519531,1451.7843017578125,1475.666015625,8290.9638671875,338.5022277832031,460.7854309082031,225.66661071777344,560.5330810546875,1481.6214599609375,1593.7984619140625,3326.814697265625,3601.311767578125,235.5057830810547,5846.20947265625,3606.9150390625,109.54157257080078,1384.6939697265625,2540.1708984375
2021-08-13,2661.7861328125,2168.949951171875,5632.09326171875,1085.107666015625,301.453125,410.2488708496094,242.47711181640625,953.248291015625,46.12621307373047,1595.958984375,304.6346130371094,1692.026611328125,417.2198486328125,2864.058837890625,1456.9000244140625,272.9718017578125,636.7780151367188,184.79490661621097,146.9535675048828,49.87077713012695,4440.10693359375,195.2820587158203,418.6888122558594,1471.651611328125,1469.673583984375,8417.83984375,336.0084533691406,464.18017578125,224.5677795410156,560.1346435546875,1499.5137939453125,1621.7423095703125,3316.051513671875,3596.32763671875,235.61312866210935,5852.44580078125,3630.381591796875,111.16130828857422,1382.6961669921875,2526.19189453125
2021-08-16,2704.718017578125,2162.955322265625,5516.46142578125,1079.12109375,297.6637268066406,403.968017578125,241.62875366210935,954.6451416015624,45.527557373046875,1584.4989013671875,297.3018493652344,1641.5704345703125,414.6228332519531,2881.0234375,1422.7635498046875,269.38531494140625,632.5806884765625,182.61851501464844,147.0535430908203,50.46007537841797,4409.14501953125,190.0441436767578,413.0892639160156,1414.95654296875,1458.6871337890625,8468.7919921875,328.8763427734375,455.49365234375,225.86642456054688,559.7359619140625,1506.952392578125,1617.251220703125,3251.961669921875,3608.28857421875,233.46624755859375,5822.2998046875,3614.903564453125,109.68154907226562,1376.703857421875,2518.204345703125
2021-08-17,2701.72265625,2170.94775390625,5461.63525390625,1086.1053466796875,294.9712829589844,404.615966796875,244.77264404296875,960.4314575195312,44.88899993896485,1590.9764404296875,301.7414245605469,1621.588134765625,405.33349609375,2908.965087890625,1444.92236328125,266.9943542480469,635.37890625,181.9196624755859,145.95387268066406,50.36019134521485,4444.9111328125,191.603515625,410.829833984375,1426.1016845703125,1441.208984375,8576.685546875,323.7391662597656,451.3999938964844,226.36593627929688,552.5625610351562,1524.2406005859375,1617.7503662109375,3237.283935546875,3635.201416015625,230.24598693847656,5881.552734375,3621.394287109375,111.4412612915039,1386.691162109375,2579.112060546875
2021-08-18,2694.73388671875,2167.95068359375,5321.08251953125,1071.1383056640625,289.8856201171875,404.21722412109375,244.8225250244141,966.5169677734376,44.56472396850586,1583.50244140625,301.94091796875,1633.077880859375,402.6365966796875,2860.066650390625,1438.7335205078125,267.0939636230469,641.175048828125,182.0993804931641,144.90423583984375,50.34021759033203,4378.71875,194.20249938964844,413.8751525878906,1434.8240966796875,1449.698486328125,8723.5458984375,317.4549255371094,453.8961486816406,224.5677795410156,555.1529541015625,1533.6890869140625,1636.21337890625,3165.855712890625,3652.146240234375,229.3872985839844,5873.23583984375,3619.39697265625,112.98099517822266,1393.6822509765625,2583.1064453125
2021-08-19,2661.7861328125,2169.94873046875,5175.54443359375,1073.134033203125,288.3898010253906,392.9513854980469,243.5250244140625,975.9946899414062,43.731597900390625,1513.9453125,287.07586669921875,1633.077880859375,398.04193115234375,2845.097900390625,1382.038818359375,261.016845703125,639.576171875,178.60513305664062,142.6549072265625,49.671016693115234,4385.658203125,193.72267150878903,407.0967102050781,1402.3956298828125,1415.740478515625,8727.5380859375,306.3327941894531,444.2112121582031,224.4678649902344,553.9573364257812,1521.6612548828125,1643.19921875,2851.175537109375,3660.120849609375,227.24057006835935,5865.9599609375,3561.97802734375,111.20130157470705,1407.663818359375,2564.263671875
2021-08-20,2645.811279296875,2172.9462890625,5209.4375,1081.1163330078125,293.8744201660156,394.9953002929687,246.02020263671875,976.6930541992188,43.886253356933594,1551.8189697265625,287.1755676269531,1621.588134765625,397.3426818847656,2851.085205078125,1389.8248291015625,261.5149841308594,634.5794067382812,179.02447509765625,162.7485809326172,50.719757080078125,4415.0185546875,199.2804718017578,406.8020629882813,1409.664306640625,1419.2362060546875,8722.5458984375,308.8265380859375,447.0068359375,225.56674194335935,566.5111083984375,1523.4705810546875,1663.158935546875,2808.583984375,3664.107666015625,228.42127990722656,5849.328125,3518.0400390625,110.14148712158205,1423.143798828125,2576.245849609375
2021-08-23,2649.8046875,2177.941162109375,5237.34814453125,1070.6396484375,339.0474548339844,394.0979919433594,251.01046752929688,965.7188720703124,43.85633087158203,1553.313720703125,294.308837890625,1649.563720703125,395.5447998046875,2834.120361328125,1419.5689697265625,264.60333251953125,637.7772827148438,180.30235290527344,163.8482208251953,50.759727478027344,4393.66552734375,199.00054931640625,411.12451171875,1448.9158935546875,1422.2325439453125,8615.6484375,316.706787109375,449.30328369140625,226.1661071777344,578.068359375,1510.4017333984375,1631.7222900390625,2850.19580078125,3674.075439453125,228.42127990722656,5800.47119140625,3526.528564453125,113.72087097167967,1405.1671142578125,2559.27099609375
2021-08-24,2643.814453125,2175.94287109375,5392.8544921875,1069.6414794921875,322.5937194824219,389.26214599609375,250.56134033203125,961.3291625976562,43.66176223754883,1519.4266357421875,298.1499328613281,1644.0684814453125,395.6446838378906,2826.13720703125,1431.9461669921875,267.5921325683594,632.7805786132812,181.5203399658203,170.64608764648438,51.259124755859375,4358.43603515625,200.91981506347656,412.0086059570313,1473.6298828125,1417.73779296875,8521.7392578125,324.8863525390625,447.3063659667969,223.2690887451172,567.7066040039062,1491.7030029296875,1647.6900634765625,2929.014892578125,3676.068603515625,228.85057067871097,5778.64111328125,3522.03466796875,118.26011657714844,1405.1671142578125,2526.319091796875
2021-08-25,2613.86181640625,2162.955322265625,5404.81591796875,1054.6746826171875,322.1947937011719,397.6376647949219,251.06036376953125,948.2601318359376,44.415061950683594,1519.92529296875,297.6509704589844,1693.02587890625,391.54937744140625,2784.223876953125,1429.750244140625,271.0789489746094,631.5813598632812,184.83485412597656,179.39332580566406,51.139278411865234,4313.0625,204.61831665039065,413.4822082519531,1494.467041015625,1430.22265625,8544.7177734375,328.1282653808594,461.184814453125,223.56881713867188,576.4742431640625,1490.6971435546875,1642.201171875,2971.606201171875,3637.19482421875,231.64141845703125,5769.2861328125,3514.544921875,116.46041107177734,1411.6583251953125,2503.352294921875
2021-08-26,2618.853759765625,2173.94482421875,5299.1513671875,1050.1845703125,318.9040832519531,394.2973937988281,252.5075531005859,941.3762817382812,44.12571334838867,1532.3837890625,295.8551940917969,1680.036865234375,394.2463073730469,2763.267578125,1429.55078125,269.38531494140625,629.0330200195312,184.23583984375,178.84349060058594,51.3590087890625,4337.083984375,202.4192047119141,406.0870666503906,1484.290771484375,1419.2362060546875,8571.69140625,324.287841796875,458.38916015625,227.0652008056641,573.6845092773438,1486.474853515625,1624.237060546875,2931.46240234375,3641.18212890625,233.46624755859375,5777.60205078125,3477.039306640625,116.04048919677734,1409.6610107421875,2521.32568359375
2021-08-27,2621.848876953125,2174.943603515625,5386.87255859375,1046.6922607421875,309.5304260253906,393.7988586425781,254.35394287109375,935.68994140625,43.99101638793945,1524.4105224609375,301.7913513183594,1686.031982421875,392.7480163574219,2762.26953125,1451.110595703125,268.9868469238281,625.8347778320312,185.49375915527344,178.39361572265625,51.139278411865234,4318.400390625,202.4192047119141,403.92535400390625,1479.929443359375,1422.73193359375,8556.7060546875,331.7192687988281,457.0911560058594,223.46888732910156,572.688232421875,1483.458984375,1616.75244140625,3019.5830078125,3646.165283203125,234.75433349609375,5759.93017578125,3483.031494140625,116.72036743164062,1399.1749267578125,2520.32763671875
2021-08-31,2624.844482421875,2179.939208984375,5364.9423828125,1055.173583984375,303.1483459472656,385.0744018554687,254.65333557128903,939.0818481445312,43.676727294921875,1536.3704833984375,296.2543029785156,1749.976318359375,391.0499572753906,2756.2822265625,1428.9521484375,269.1861572265625,628.6331176757812,184.59523010253903,179.4433135986328,51.89836883544922,4319.46728515625,201.8194580078125,397.0476379394531,1468.2994384765625,1440.7093505859375,8505.75390625,326.58209228515625,454.09576416015625,225.1671142578125,556.9461669921875,1469.7864990234375,1629.22705078125,3004.896240234375,3599.31787109375,228.74330139160156,5757.8505859375,3489.52294921875,114.84069061279295,1393.1826171875,2534.307373046875
2021-09-01,2657.7919921875,2192.92724609375,5315.10107421875,1062.1580810546875,305.34222412109375,385.6227722167969,255.5017242431641,944.0700073242188,43.921173095703125,1532.3837890625,293.5605773925781,1729.9935302734375,391.6492309570313,2805.180908203125,1425.558349609375,271.77630615234375,642.425048828125,183.6767578125,184.44171142578125,52.09812927246094,4317.333984375,207.9169921875,399.8970031738281,1479.731201171875,1448.2001953125,8507.75390625,328.4773254394531,457.4905395507813,229.46270751953125,552.9609985351562,1479.236572265625,1649.18701171875,3003.42724609375,3615.26611328125,228.3139190673828,5805.6689453125,3548.447509765625,114.9206771850586,1411.6583251953125,2556.275390625
2021-09-02,2629.83642578125,2200.91943359375,5388.8671875,1058.1671142578125,303.24810791015625,386.121337890625,256.1005554199219,941.7754516601562,43.527061462402344,1540.357177734375,299.1973571777344,1783.9466552734375,397.2428283691406,2803.1845703125,1452.7078857421875,275.5620422363281,641.4256591796875,185.1742706298828,182.7422637939453,52.17804336547851,4228.72314453125,206.517578125,404.5149536132813,1535.183837890625,1445.203857421875,8605.6572265625,328.4274597167969,459.0880432128906,229.17526245117188,538.0160522460938,1484.06201171875,1648.6881103515625,3010.28125,3478.259765625,229.70936584472656,5810.86572265625,3551.44384765625,114.22079467773438,1407.1644287109375,2561.26806640625
2021-09-03,2631.83349609375,2188.930419921875,5390.8603515625,1053.677001953125,302.9488830566406,383.3294677734375,255.2022705078125,939.2813110351562,43.31254196166992,1550.3238525390625,295.90509033203125,1753.4732666015625,401.8375244140625,2796.198974609375,1430.9483642578125,277.9530334472656,633.830078125,184.39556884765625,182.49234008789065,53.436546325683594,4246.87158203125,206.41761779785156,405.7921752929687,1535.6832275390625,1438.212646484375,8500.7607421875,332.31884765625,452.697998046875,226.67770385742188,545.588134765625,1486.6759033203125,1658.6680908203125,3026.4365234375,3476.265380859375,229.70936584472656,5913.77734375,3525.97607421875,111.68121337890624,1397.6768798828125,2568.2578125
2021-09-06,2630.8349609375,2210.91015625,5320.08447265625,1058.6661376953125,302.6497497558594,386.121337890625,256.8989562988281,934.193359375,43.676727294921875,1564.277099609375,297.75079345703125,1764.9630126953125,403.2359619140625,2807.176513671875,1440.5303955078125,282.3365173339844,642.425048828125,185.2941131591797,180.9927978515625,51.978275299072266,4272.49462890625,209.71629333496097,408.4451599121094,1552.1690673828125,1453.1939697265625,8636.6279296875,337.45758056640625,458.58880615234375,226.07833862304688,547.381591796875,1496.1259765625,1647.191162109375,3014.19775390625,3500.198486328125,230.9974365234375,5946.00341796875,3556.936767578125,112.02116394042967,1393.6822509765625,2599.212890625
2021-09-07,2584.90771484375,2202.91748046875,5343.0126953125,1053.677001953125,300.45587158203125,381.3851623535156,257.89703369140625,928.3071899414062,43.15290451049805,1546.8353271484375,297.7008361816406,1721.501220703125,400.7388000488281,2800.19091796875,1439.5323486328125,275.5620422363281,640.226318359375,185.074462890625,187.0408935546875,51.998252868652344,4258.61572265625,208.2168884277344,404.5149536132813,1551.1700439453125,1420.734375,8461.7958984375,336.8588562011719,458.38916015625,225.2790985107422,538.6138916015625,1478.6331787109375,1626.732177734375,3031.33203125,3485.240234375,229.2799530029297,6074.9013671875,3511.49462890625,110.86135864257812,1381.6976318359375,2572.252197265625
2021-09-08,2590.89794921875,2200.91943359375,5288.1865234375,1054.175537109375,300.5556945800781,379.44085693359375,256.499755859375,945.8656616210938,42.3098030090332,1547.3338623046875,297.55126953125,1713.508056640625,393.1475830078125,2834.120361328125,1431.546875,275.3628234863281,639.626708984375,182.1193389892578,185.94125366210935,51.03938674926758,4294.37890625,206.41761779785156,399.6022033691406,1529.6883544921875,1457.18896484375,8305.94921875,333.4664611816406,451.79937744140625,222.08224487304688,575.8765258789062,1460.738525390625,1631.2230224609375,2983.844970703125,3482.24853515625,225.7377471923828,6043.71630859375,3507.99951171875,111.24129486083984,1367.7159423828125,2521.32568359375
2021-09-09,2478.07666015625,2183.935546875,5146.63720703125,1046.1934814453125,296.0682067871094,375.3527526855469,254.1543426513672,940.7777709960938,42.40957260131836,1522.4173583984375,294.00958251953125,1707.5130615234375,402.1372375488281,2804.182373046875,1415.1776123046875,273.669189453125,636.2286376953125,181.44046020507812,184.49171447753903,51.03938674926758,4233.52783203125,206.6175079345703,397.8336181640625,1483.2281494140625,1434.217529296875,8196.0546875,331.42083740234375,442.7134704589844,226.4779052734375,582.2531127929688,1434.39892578125,1615.2552490234375,2964.752197265625,3464.298828125,224.2349548339844,5932.48876953125,3482.531982421875,111.00132751464844,1358.7275390625,2516.333740234375
2021-09-10,2455.11328125,2175.94287109375,5247.31640625,1043.6990966796875,293.37579345703125,374.3058471679687,253.90478515625,933.6945190429688,42.46943664550781,1528.3970947265625,294.9573059082031,1757.469482421875,407.5309448242187,2793.205078125,1416.175537109375,273.4700012207031,641.6255493164062,179.962890625,187.09088134765625,49.64105224609375,4226.58740234375,209.71629333496097,396.6546020507813,1482.728759765625,1425.728271484375,8165.08544921875,335.26239013671875,439.3187561035156,225.97840881347656,583.6478881835938,1427.160888671875,1609.2674560546875,3007.343994140625,3487.234619140625,222.30279541015625,5908.580078125,3507.00048828125,109.16163635253906,1341.7496337890625,2527.317626953125
2021-09-13,2450.12109375,2185.93359375,5270.2431640625,1055.672607421875,289.86566162109375,379.2413940429687,255.70132446289065,957.4383544921876,43.53005599975586,1532.8819580078125,301.5916442871094,1766.9615478515625,411.10687255859375,2817.155517578125,1449.513916015625,278.84967041015625,621.2373657226562,183.83648681640625,188.34048461914065,51.139278411865234,4269.033203125,209.71629333496097,404.6131286621094,1477.73291015625,1431.22119140625,8090.15771484375,339.1538391113281,448.9039001464844,221.9823303222656,576.6734619140625,1422.938232421875,1628.2293701171875,3028.39501953125,3518.14794921875,225.4156951904297,5956.396484375,3526.97509765625,111.87318420410156,1337.55712890625,2503.352294921875
2021-09-14,2451.119384765625,2191.927978515625,5162.5859375,1058.6661376953125,288.489501953125,371.8132019042969,255.30210876464844,964.0228881835938,43.45721435546875,1520.423583984375,299.2970886230469,1765.962158203125,413.2244262695313,2834.120361328125,1447.31787109375,276.85711669921875,618.6390380859375,180.6417999267578,188.84031677246097,51.139278411865234,4278.36572265625,230.1081390380859,397.4405822753906,1450.2564697265625,1412.744384765625,8122.12744140625,335.16265869140625,438.5199890136719,223.58074951171875,589.824951171875,1421.73193359375,1655.6739501953125,2933.910888671875,3516.154052734375,223.37619018554688,6050.99267578125,3504.50439453125,109.14165496826172,1333.260986328125,2481.384521484375
2021-09-15,2460.105224609375,2163.954345703125,5202.4599609375,1047.191162109375,284.8996276855469,371.3644104003906,254.2042236328125,957.4383544921876,44.04090118408203,1547.3338623046875,308.5254211425781,1786.4443359375,389.4518127441406,2811.16845703125,1473.4696044921875,278.94927978515625,611.0432739257812,179.5635528564453,186.09120178222656,50.87957763671875,4237.26416015625,228.20892333984375,395.4754638671875,1449.757080078125,1395.2659912109375,8117.1318359375,339.6527099609375,440.2173156738281,222.28204345703125,590.6220703125,1405.043701171875,1647.191162109375,2891.80859375,3508.17578125,225.7377471923828,6127.91748046875,3454.068603515625,105.48226165771484,1319.279296875,2445.43701171875
2021-09-16,2477.07861328125,2195.92431640625,4994.12158203125,1058.1671142578125,281.2099609375,367.8247985839844,256.64947509765625,964.7212524414062,44.66949844360352,1545.8387451171875,305.2332458496094,1783.4468994140625,393.5470581054687,2845.097900390625,1461.4913330078125,282.7350158691406,619.0387573242188,182.3988800048828,182.14244079589844,50.77970504760742,4212.7099609375,228.3088836669922,398.2265930175781,1460.7476806640625,1419.735595703125,8133.1162109375,332.26904296875,440.6167297363281,222.7815399169922,592.41552734375,1402.429931640625,1671.6422119140625,2759.628173828125,3501.195556640625,227.5625,6125.8369140625,3462.5576171875,109.04166412353516,1349.239990234375,2455.422119140625
2021-09-17,2438.139892578125,2193.925537109375,4814.19384765625,1035.716552734375,281.60882568359375,374.9539794921875,255.4517822265625,962.9254760742188,44.94387435913086,1530.888916015625,303.9361877441406,1701.518310546875,397.74224853515625,2779.234130859375,1453.3067626953125,278.94927978515625,604.8471069335938,182.41883850097656,182.3423767089844,51.01941680908203,4182.81689453125,226.00979614257812,396.7528076171875,1444.26171875,1369.797607421875,8055.19189453125,326.48175048828125,441.3156127929687,222.28204345703125,595.2052001953125,1395.593505859375,1631.2230224609375,2536.880126953125,3514.1591796875,228.63595581054688,6093.6123046875,3453.5693359375,110.98133850097656,1326.7694091796875,2419.474609375
2021-09-20,2434.146484375,2192.92724609375,4699.06005859375,1034.7188720703125,286.09625244140625,360.6457824707031,253.95469665527344,954.4454956054688,43.04814147949219,1514.443603515625,302.9884033203125,1651.062255859375,390.7503356933594,2767.259521484375,1434.1422119140625,267.7912902832031,607.0457153320312,174.63169860839844,181.69259643554688,53.35663986206055,4257.5478515625,221.2116851806641,382.4075622558594,1323.3653564453125,1378.2872314453125,8550.7109375,314.10894775390625,410.3636169433594,223.7805938720703,593.8104248046875,1411.4775390625,1638.2093505859375,2418.89697265625,3373.552734375,222.7321929931641,6159.1015625,3432.59619140625,115.68054962158205,1320.777099609375,2383.52685546875
2021-09-21,2492.0546875,2217.903564453125,4692.08154296875,1041.7032470703125,291.6805114746094,358.701416015625,256.6993408203125,955.4432983398438,42.37964630126953,1531.8853759765625,308.07647705078125,1660.553955078125,392.7480163574219,2811.16845703125,1486.2454833984375,270.4812316894531,615.840576171875,174.73153686523438,185.44140625,53.895992279052734,4284.2373046875,221.9114532470703,386.9273986816406,1362.3319091796875,1374.79150390625,8701.564453125,311.3150939941406,409.36517333984375,223.7805938720703,591.8175659179688,1426.5572509765625,1657.670166015625,2422.324462890625,3444.354736328125,221.9807586669922,6152.865234375,3476.53955078125,119.55990600585938,1324.2723388671875,2387.52099609375
2021-09-22,2503.037353515625,2223.897705078125,4825.6572265625,1028.233154296875,295.0710144042969,374.3058471679687,261.1407470703125,944.7683715820312,43.88126373291016,1549.82568359375,316.00787353515625,1738.9857177734375,393.9466247558594,2769.25537109375,1514.9921875,279.54705810546875,615.041015625,180.9212951660156,188.19053649902344,53.67626190185547,4291.177734375,224.8102569580078,397.9319152832031,1419.7825927734375,1391.2711181640625,8608.6572265625,323.48834228515625,428.7351379394531,222.88145446777344,595.6035766601562,1436.610595703125,1648.6881103515625,2508.48583984375,3445.35205078125,229.2799530029297,6107.12646484375,3506.501220703125,122.15946197509766,1332.7615966796875,2371.54443359375
2021-09-23,2483.06884765625,2212.908203125,4842.6025390625,1019.751708984375,295.0710144042969,375.7516479492187,259.0447692871094,932.6969604492188,44.958839416503906,1542.3504638671875,317.0054931640625,1740.484375,393.5470581054687,2744.306884765625,1520.9815673828125,282.3365173339844,618.4390869140625,183.65679931640625,188.29052734375,54.63511657714844,4260.75,225.70989990234375,395.966796875,1388.80908203125,1376.2896728515625,8659.6064453125,328.5771179199219,433.3280029296875,225.87852478027344,597.795654296875,1421.5306396484375,1641.7020263671875,2544.713623046875,3442.360107421875,233.2515563964844,6060.34814453125,3501.00830078125,126.91866302490234,1333.76025390625,2361.558837890625
2021-09-24,2465.097412109375,2192.92724609375,4815.1904296875,1005.28369140625,294.6721496582031,374.3558349609375,256.998779296875,917.2333984375,45.32801055908203,1538.862060546875,319.4497375488281,1713.508056640625,389.5516662597656,2687.4248046875,1526.371337890625,277.6541748046875,610.8434448242188,183.43716430664065,187.09088134765625,53.9559211730957,4259.68359375,220.1121368408203,393.0192260742187,1390.8076171875,1373.792724609375,8836.4345703125,329.77447509765625,428.0362548828125,220.98329162597656,592.41552734375,1395.392333984375,1625.2352294921875,2543.734619140625,3406.4609375,233.57359313964844,6084.25732421875,3479.5361328125,132.4777374267578,1330.76416015625,2382.5283203125
2021-09-27,2455.11328125,2145.971435546875,4787.77734375,992.0128784179688,291.0822448730469,384.8251037597656,257.3979797363281,906.7581176757812,45.737091064453125,1534.8753662109375,330.5238037109375,1718.00390625,389.4518127441406,2649.503662109375,1594.6448974609375,280.7425537109375,591.6546630859375,187.47048950195312,192.6891326904297,55.53404998779297,4232.99365234375,215.214111328125,397.7354736328125,1427.77587890625,1362.3067626953125,8558.703125,335.81121826171875,434.4263000488281,216.68751525878903,591.6184692382812,1394.5882568359375,1622.2413330078125,2534.92236328125,3284.80126953125,236.90118408203125,6010.4521484375,3493.517822265625,147.45518493652344,1328.267578125,2411.486328125
2021-09-28,2386.22216796875,2122.992919921875,4760.36474609375,983.8309326171876,291.38140869140625,384.2268981933594,255.8509826660156,893.1901245117188,45.397850036621094,1547.3338623046875,335.81134033203125,1670.0457763671875,379.9627075195313,2604.5966796875,1638.76318359375,277.6541748046875,587.4570922851562,186.01290893554688,189.44015502929688,55.0745964050293,4283.70361328125,210.01617431640625,392.2331848144531,1419.7825927734375,1409.7479248046875,8465.7939453125,343.4942626953125,433.0284729003906,213.89027404785156,582.850830078125,1390.36572265625,1591.3035888671875,2463.447021484375,3171.119384765625,237.33050537109375,6008.37353515625,3520.4833984375,142.63600158691406,1329.765380859375,2383.52685546875
2021-09-29,2428.15576171875,2154.962646484375,4805.2216796875,974.2520141601562,289.6861572265625,392.35308837890625,256.0007629394531,896.1830444335938,46.33074951171875,1556.802001953125,337.5074157714844,1680.536865234375,376.0671997070313,2618.5673828125,1648.1456298828125,279.6466979980469,589.2560424804688,187.47048950195312,190.43983459472656,56.253196716308594,4338.15234375,212.11534118652344,394.0016784667969,1446.2598876953125,1419.2362060546875,8824.4443359375,347.0364990234375,436.5230712890625,215.18898010253903,590.2235717773438,1412.483154296875,1596.79248046875,2503.101318359375,3117.2705078125,240.98016357421875,6075.9404296875,3556.936767578125,144.57569885253906,1313.287109375,2443.43994140625
2021-09-30,2395.20751953125,2144.9716796875,4897.92724609375,966.269775390625,284.6004333496094,388.91314697265625,252.8069610595703,882.5155029296875,46.465450286865234,1553.313720703125,339.50274658203125,1690.0283203125,378.76409912109375,2598.609130859375,1651.9384765625,280.0451965332031,588.45654296875,189.2875213623047,183.44203186035156,56.612770080566406,4275.697265625,209.6163330078125,388.9907531738281,1453.7535400390625,1439.21142578125,8949.3251953125,351.0776062011719,435.324951171875,215.7884063720703,588.4301147460938,1411.075439453125,1567.8504638671875,2567.721923828125,3099.321044921875,241.4094390869141,6060.34814453125,3601.37939453125,140.11643981933594,1285.426025390625,2446.435302734375
2021-10-01,2400.2001953125,2167.95068359375,4792.76123046875,967.2675170898438,283.7029724121094,387.5171813964844,247.4673767089844,893.0904541015625,45.1384391784668,1521.9185791015625,337.15826416015625,1634.0771484375,379.2635498046875,2597.611572265625,1644.752197265625,278.2519226074219,583.4594116210938,187.57034301757812,181.54263305664065,57.65154266357422,4241.533203125,206.9174041748047,386.9273986816406,1449.25732421875,1431.7208251953125,8764.5048828125,349.93017578125,431.6306457519531,210.19386291503903,571.0940551757812,1392.9796142578125,1580.8243408203125,2549.118896484375,3122.2568359375,239.26266479492188,5929.36865234375,3526.47607421875,142.85598754882812,1279.932861328125,2363.55615234375
2021-10-04,2379.2333984375,2136.979736328125,4797.24755859375,975.4493408203124,293.2760925292969,383.0802307128906,251.16017150878903,900.7723388671876,44.699424743652344,1551.8189697265625,343.64306640625,1637.074462890625,373.9696044921875,2610.584228515625,1669.505859375,277.4549255371094,579.6617431640625,186.97132873535156,183.79193115234375,58.27079772949219,4215.37744140625,206.8174285888672,387.9098205566406,1437.7672119140625,1434.7171630859375,8817.453125,354.2206726074219,428.0362548828125,205.79818725585935,569.30078125,1392.17529296875,1564.357666015625,2536.390380859375,3118.267578125,239.3700256347656,5879.47314453125,3514.990234375,142.11610412597656,1263.4530029296875,2380.531005859375
2021-10-05,2401.198486328125,2160.957275390625,4791.7646484375,984.629150390625,298.5612487792969,391.8545227050781,252.5075531005859,908.254638671875,46.415565490722656,1548.330322265625,349.8284912109375,1652.56103515625,379.3634033203125,2639.5244140625,1696.056884765625,283.7312927246094,581.2608032226562,194.27928161621097,185.641357421875,58.690303802490234,4183.35009765625,213.7147216796875,396.6546020507813,1472.237548828125,1454.192626953125,8847.42578125,366.79302978515625,441.1159362792969,205.1987762451172,577.2713623046875,1395.392333984375,1569.8466796875,2547.1611328125,3137.21484375,246.66921997070312,5791.11572265625,3533.466552734375,144.01577758789062,1281.43115234375,2312.6298828125
2021-10-06,2372.244384765625,2142.97412109375,4769.33642578125,979.4405517578124,289.8856201171875,405.1157531738281,267.5282287597656,901.4706420898438,45.94662094116211,1490.0250244140625,340.74981689453125,1628.08203125,376.8662414550781,2630.542724609375,1649.543212890625,280.244384765625,574.2649536132812,191.58370971679688,179.4433135986328,57.5117073059082,4140.11279296875,204.81825256347656,391.7418823242187,1478.232666015625,1427.22607421875,8769.498046875,359.4093322753906,449.8024597167969,203.4005584716797,559.7359619140625,1387.751708984375,1548.8885498046875,2473.23779296875,3103.309814453125,244.84439086914065,5722.50732421875,3506.501220703125,140.47637939453125,1241.9791259765625,2290.662353515625
2021-10-07,2395.20751953125,2163.954345703125,4934.8095703125,981.2366943359376,292.6777648925781,414.83734130859375,272.6182861328125,894.2876586914062,46.395606994628906,1493.5137939453125,343.9921875,1646.1827392578125,377.56549072265625,2629.544677734375,1669.3067626953125,281.83843994140625,586.8576049804688,193.420654296875,171.74574279785156,58.79018020629883,4135.8427734375,208.8166351318359,394.7877807617187,1503.7108154296875,1454.692138671875,8868.4052734375,357.6132507324219,471.2691955566406,203.600341796875,557.9426879882812,1408.2603759765625,1540.9046630859375,2601.011962890625,3063.42138671875,241.51678466796875,5699.63916015625,3546.949462890625,141.1962432861328,1247.971923828125,2336.595458984375
2021-10-08,2389.217529296875,2143.973388671875,4913.37841796875,979.8396606445312,294.7718505859375,418.3271789550781,275.06353759765625,887.9026489257812,46.75479888916016,1514.443603515625,352.72161865234375,1605.7152099609375,380.7618103027344,2599.607177734375,1705.4395751953125,282.0376892089844,581.0609130859375,194.8383331298828,174.2449493408203,59.928836822509766,4127.83642578125,208.2168884277344,397.0476379394531,1500.2135009765625,1446.2027587890625,8880.3916015625,354.52001953125,480.0555419921875,204.19976806640625,563.32275390625,1406.4510498046875,1542.4014892578125,2634.791259765625,3048.46337890625,242.8048553466797,5704.8359375,3538.959716796875,143.6758270263672,1253.9644775390625,2336.595458984375
2021-10-11,2374.2412109375,2152.96484375,5084.83349609375,980.4384765625,292.8772277832031,429.5443115234375,269.8238525390625,884.81005859375,47.8223991394043,1521.9185791015625,359.4558410644531,1605.2156982421875,379.3634033203125,2607.590087890625,1733.5872802734375,283.1335754394531,578.662353515625,197.3541717529297,172.6954345703125,60.64798355102539,4126.234375,205.11813354492188,398.3248901367187,1486.725341796875,1433.21875,8994.28125,366.1943359375,490.9386901855469,202.3016357421875,562.9242553710938,1400.2176513671875,1551.383544921875,2771.86669921875,3029.516357421875,247.9573211669922,5667.41357421875,3547.9482421875,145.45553588867188,1255.9620361328125,2317.623046875
2021-10-12,2483.06884765625,2147.969482421875,4989.1376953125,985.2279052734376,293.8744201660156,427.7496643066406,269.57427978515625,887.8030395507812,48.41606140136719,1530.888916015625,357.3608703613281,1599.220458984375,375.4678955078125,2626.551513671875,1727.997802734375,280.8421630859375,583.6593017578125,197.1345367431641,176.64418029785156,61.0075569152832,4111.8212890625,205.7178649902344,396.7528076171875,1456.7508544921875,1420.2349853515625,8887.3857421875,370.1855773925781,490.4394836425781,201.3026123046875,573.0868530273438,1412.483154296875,1571.842529296875,2732.213134765625,3040.4853515625,246.66921997070312,5722.50732421875,3558.93408203125,143.8758087158203,1241.9791259765625,2321.6171875
2021-10-13,2510.0263671875,2163.954345703125,4914.375,995.2059326171876,293.97412109375,423.3125915527344,268.82574462890625,899.8744506835938,47.65278244018555,1544.34375,354.1183776855469,1619.2044677734375,376.46673583984375,2660.480712890625,1717.8165283203125,280.7425537109375,589.6558837890625,192.6020050048828,182.54232788085935,58.2308464050293,4126.76904296875,206.7174835205078,388.6959228515625,1434.27001953125,1429.2237548828125,8846.42578125,371.432861328125,477.0601501464844,202.3016357421875,583.4485473632812,1408.461669921875,1586.3133544921875,2725.84912109375,2998.6025390625,245.05909729003903,5678.8486328125,3591.392578125,143.2958984375,1251.4676513671875,2344.583740234375
2021-10-14,2530.992919921875,2189.9296875,5094.80126953125,996.8023681640624,294.8716125488281,424.7583312988281,265.5137939453125,899.2758178710938,48.33125305175781,1555.805419921875,356.86199951171875,1652.6773681640625,382.4598083496094,2669.4619140625,1741.572509765625,280.4436950683594,595.4524536132812,194.07957458496097,183.2920837402344,59.62919235229492,4142.248046875,207.61712646484375,391.0540466308594,1450.2564697265625,1436.71435546875,8805.46484375,383.9552917480469,484.6484680175781,204.099853515625,587.8323974609375,1409.265625,1585.814453125,2819.354248046875,2967.689208984375,246.34718322753903,5704.8359375,3634.33740234375,143.41587829589844,1272.442138671875,2371.54443359375
2021-10-15,2506.03271484375,2184.934326171875,5022.03271484375,978.8419189453124,295.7690734863281,432.9345397949219,267.4103088378906,895.085693359375,49.004737854003906,1565.2738037109375,362.7481384277344,1639.1884765625,384.2577819824219,2598.609130859375,1768.72216796875,278.052734375,597.651123046875,197.49398803710935,184.1418304443359,58.4106330871582,4113.95654296875,208.51675415039065,392.7243041992187,1453.2540283203125,1414.242431640625,8786.484375,389.6926879882813,491.7374572753906,203.00094604492188,593.2125854492188,1407.0543212890625,1569.8466796875,2851.175537109375,2992.619873046875,251.0702209472656,5663.255859375,3610.867431640625,144.5356903076172,1275.4383544921875,2339.590576171875
2021-10-18,2466.095703125,2189.9296875,4986.1474609375,984.8287353515624,293.8744201660156,431.5385437011719,269.0073547363281,903.7651977539062,49.16437530517578,1551.3204345703125,360.6031494140625,1603.7169189453125,377.16595458984375,2615.57421875,1764.92919921875,275.2631530761719,595.2526245117188,199.1312713623047,181.69259643554688,58.310752868652344,4097.9423828125,206.8174285888672,386.632568359375,1431.7724609375,1400.259765625,8690.576171875,391.5885009765625,492.4363708496094,206.1978302001953,594.2088623046875,1403.032958984375,1582.3216552734375,2766.97216796875,2977.66162109375,250.31878662109375,5717.3095703125,3602.87744140625,142.6160125732422,1259.4578857421875,2344.583740234375
2021-10-19,2489.0595703125,2199.920654296875,5033.99462890625,984.0304565429688,295.968505859375,430.8406066894531,273.74871826171875,901.6702270507812,49.28909683227539,1552.8153076171875,361.1019592285156,1653.677001953125,383.1590270996094,2620.56396484375,1775.1104736328125,275.16357421875,594.6528930664062,199.1911773681641,183.6419677734375,58.43061447143555,4042.96240234375,210.7158966064453,390.4645690917969,1444.76123046875,1423.730712890625,8730.537109375,379.8642578125,493.53460693359375,207.19683837890625,606.7625122070312,1414.694580078125,1584.8165283203125,2780.189697265625,3000.597412109375,250.7481384277344,5604.00390625,3601.879150390625,139.41656494140625,1283.4285888671875,2409.4892578125
2021-10-20,2496.04833984375,2212.908203125,4870.01513671875,992.2124633789062,296.3674621582031,432.0370788574219,271.6524963378906,911.7462768554688,48.93987655639648,1573.2469482421875,362.2493286132813,1677.6575927734375,384.7571716308594,2635.532958984375,1782.6961669921875,273.768798828125,606.8458862304688,198.11294555664065,181.24273681640625,60.14857482910156,4077.125244140625,207.71710205078125,388.7942504882813,1443.7618408203125,1450.1976318359375,8759.509765625,377.120361328125,488.242919921875,204.6992645263672,605.1685180664062,1415.7001953125,1617.7503662109375,2778.72119140625,3001.594482421875,249.56744384765625,5640.38623046875,3638.83154296875,138.25674438476562,1287.4237060546875,2416.47900390625
2021-10-21,2448.12451171875,2247.875,4634.265625,993.808837890625,295.37017822265625,433.4828796386719,270.2052307128906,905.361572265625,48.21152114868164,1567.26708984375,355.365478515625,1660.171630859375,377.0660705566406,2638.52587890625,1752.9512939453125,278.84967041015625,611.6430053710938,196.57546997070312,180.54295349121097,59.38946914672851,4124.63232421875,207.8170623779297,386.73089599609375,1449.25732421875,1417.99169921875,8854.416015625,367.740966796875,484.04931640625,203.80018615722656,607.3602294921875,1418.31396484375,1614.25732421875,2704.798095703125,3029.516357421875,245.27377319335935,5752.6533203125,3601.879150390625,137.976806640625,1279.433349609375,2459.41650390625
2021-10-22,2463.100830078125,2243.878662109375,4657.69091796875,999.7957153320312,292.7774658203125,433.53271484375,270.255126953125,910.0504760742188,48.6156120300293,1576.7354736328125,354.1683044433594,1666.166748046875,370.8731689453125,2664.472412109375,1745.964599609375,280.8421630859375,601.448974609375,198.53224182128903,177.89378356933594,58.71028137207031,4156.1259765625,211.7155303955078,388.5976867675781,1455.751953125,1420.98876953125,8987.2880859375,366.1943359375,488.1430358886719,203.100830078125,607.958251953125,1428.3671875,1624.237060546875,2699.4130859375,3024.5302734375,247.20587158203125,5732.90283203125,3634.836669921875,135.07730102539062,1291.418701171875,2442.44091796875
2021-10-25,2466.095703125,2224.896728515625,4751.39404296875,998.299072265625,295.0710144042969,441.7586059570313,273.1996765136719,909.3519897460938,48.665504455566406,1558.29736328125,359.8050231933594,1706.6346435546875,369.7744445800781,2659.48291015625,1772.51513671875,281.24066162109375,600.2496948242188,200.26937866210935,182.09246826171875,59.16973114013672,4141.71484375,212.81504821777344,389.8749694824219,1462.7457275390625,1388.5233154296875,8933.3388671875,371.0835876464844,488.3427429199219,202.4015350341797,615.1317138671875,1432.1873779296875,1612.2613525390625,2753.75390625,3023.533203125,249.03070068359375,5687.16455078125,3615.861328125,132.5177001953125,1296.4127197265625,2455.422119140625
2021-10-26,2496.04833984375,2240.881591796875,4710.02490234375,1011.2704467773438,300.5556945800781,445.8467102050781,273.39935302734375,920.6253662109376,48.88999557495117,1573.74560546875,358.35845947265625,1740.107666015625,379.7629699707031,2697.404296875,1770.5191650390625,287.7162780761719,605.8464965820312,202.4657440185547,185.8412628173828,59.1897087097168,4182.81689453125,217.7131195068359,392.2331848144531,1487.7239990234375,1398.01318359375,8994.28125,369.0879821777344,494.7328186035156,201.4025115966797,634.6597290039062,1441.8385009765625,1623.7381591796875,2759.628173828125,3038.490966796875,251.49951171875,6017.728515625,3624.350341796875,134.9373016357422,1308.397705078125,2455.422119140625
2021-10-27,2468.092529296875,2251.87158203125,4642.73876953125,1024.7408447265625,305.641357421875,443.40380859375,271.0535888671875,934.4926147460938,48.85008239746094,1577.2342529296875,356.76220703125,1746.6026611328125,380.4621276855469,2720.3564453125,1762.333984375,287.0188903808594,606.0463256835938,199.1312713623047,185.04153442382812,60.3283576965332,4156.1259765625,217.61312866210935,389.678466796875,1490.2220458984375,1395.0164794921875,8985.2900390625,359.30950927734375,490.9386901855469,199.2046661376953,631.471435546875,1449.47900390625,1658.6680908203125,2704.798095703125,2870.960205078125,250.10406494140625,6062.427734375,3608.8701171875,133.89747619628906,1292.9168701171875,2410.487548828125
2021-10-28,2515.018310546875,2256.86669921875,4581.43408203125,1036.71435546875,298.7606506347656,439.1164245605469,269.1072082519531,943.0723876953124,49.468692779541016,1548.330322265625,351.22515869140625,1752.59765625,386.9546813964844,2759.275634765625,1710.03076171875,288.5133056640625,608.4448852539062,198.9515380859375,184.39173889160156,60.30838394165039,4163.6005859375,217.41322326660156,387.9098205566406,1484.2275390625,1368.5445556640625,9051.2255859375,358.61102294921875,487.74365234375,197.7061004638672,627.685302734375,1506.9837646484375,1678.6279296875,2705.77734375,2881.9296875,248.3865966796875,6180.93115234375,3629.34375,131.997802734375,1286.9241943359375,2430.45849609375
2021-10-29,2528.99609375,2261.86181640625,4546.046875,1036.21533203125,298.5612487792969,440.2132568359375,269.4066467285156,933.1957397460938,50.10726165771485,1536.8682861328125,349.37957763671875,1733.61279296875,389.5516662597656,2732.331787109375,1677.8907470703125,287.81591796875,605.2467041015625,201.91664123535156,183.54200744628903,60.24845123291016,4176.41015625,217.51319885253903,387.8116455078125,1493.2197265625,1354.059814453125,9085.1923828125,364.4482116699219,494.13372802734375,213.5905914306641,630.8736572265625,1516.6348876953125,1640.2052001953125,2724.3798828125,2861.9853515625,237.33050537109375,6159.1015625,3627.34619140625,131.8178253173828,1253.4652099609375,2403.497314453125
2021-11-01,2563.94091796875,2271.852294921875,4546.046875,1042.2021484375,293.8744201660156,445.19866943359375,271.452880859375,944.7683715820312,50.99526596069336,1544.34375,356.1636047363281,1724.6201171875,393.2474365234375,2738.319580078125,1680.0865478515625,291.3027648925781,607.6453247070312,200.51898193359375,188.5404357910156,60.92765045166016,4195.09423828125,219.81222534179688,394.3947448730469,1495.7177734375,1379.0333251953125,9129.1494140625,365.0968017578125,505.0168151855469,212.5915374755859,631.670654296875,1552.6253662109375,1671.6422119140625,2753.75390625,2889.906982421875,240.98016357421875,6219.3935546875,3651.81494140625,133.39756774902344,1278.4346923828125,2441.442626953125
2021-11-02,2600.882568359375,2304.821044921875,4446.36328125,1050.683349609375,292.4783020019531,443.2542419433594,271.5028381347656,946.0653686523438,50.91544342041016,1542.8485107421875,344.1418151855469,1717.1260986328125,384.6573181152344,2761.271484375,1658.5263671875,291.7012939453125,598.8505859375,198.13287353515625,190.83969116210935,61.467002868652344,4226.58740234375,220.81185913085935,392.7243041992187,1480.7303466796875,1392.01953125,9417.8701171875,353.4723815917969,465.3783264160156,214.38980102539065,620.11328125,1572.9332275390625,1671.14306640625,2663.185546875,2861.9853515625,239.7994079589844,6318.14794921875,3708.74169921875,132.8776397705078,1266.4493408203125,2470.40087890625
2021-11-03,2512.02294921875,2319.80712890625,4446.861328125,1049.6856689453125,288.0906066894531,443.2044067382813,273.0499572753906,944.8680419921876,50.386627197265625,1544.34375,334.06549072265625,1705.6351318359375,385.3564758300781,2766.261474609375,1625.5875244140625,291.6016845703125,603.6477661132812,199.1911773681641,188.5904083251953,61.92646026611328,4211.107421875,216.5135803222656,392.92095947265625,1474.735595703125,1389.022705078125,9330.9560546875,354.7196044921875,460.7854309082031,220.4837951660156,607.7589111328125,1578.965087890625,1652.1812744140625,2702.839599609375,2842.041259765625,241.4094390869141,6232.9072265625,3710.239990234375,132.5777130126953,1290.9193115234375,2460.4150390625
2021-11-04,2578.916748046875,2362.76611328125,4421.4423828125,1068.1448974609375,281.010498046875,432.2364196777344,275.09625244140625,953.4478759765624,48.14167785644531,1559.79248046875,338.70465087890625,1770.0836181640625,395.5447998046875,2817.155517578125,1654.93310546875,290.7050476074219,609.4442749023438,191.1843719482422,192.53916931152344,63.085086822509766,4164.0,224.61033630371097,390.1698303222656,1467.2420654296875,1411.9981689453125,9433.8544921875,353.2229309082031,446.7072448730469,221.28302001953125,620.9103393554688,1578.763671875,1658.1690673828125,2695.986328125,2871.95751953125,227.88455200195312,6309.83056640625,3765.668701171875,135.0572967529297,1323.8790283203125,2428.46142578125
2021-11-05,2577.9189453125,2347.780517578125,4410.4775390625,1062.6571044921875,283.5035095214844,435.9755554199219,274.8466796875,947.7612915039062,48.994754791259766,1560.2906494140625,344.5906982421875,1818.5450439453125,416.8202819824219,2765.26318359375,1680.2861328125,291.9005432128906,610.2437744140625,192.0629119873047,193.83876037597656,63.4246826171875,4164.0,224.11056518554688,396.9493408203125,1474.236083984375,1433.4754638671875,9299.984375,352.62420654296875,457.79010009765625,221.78253173828125,622.1060791015625,1584.3935546875,1646.1932373046875,2670.529541015625,2893.896240234375,232.7149200439453,6268.25,3773.658447265625,142.9159698486328,1367.325927734375,2387.52099609375
2021-11-08,2544.970947265625,2327.799072265625,4459.8203125,1059.1646728515625,288.3898010253906,432.8845825195313,274.34759521484375,948.95849609375,49.04964065551758,1548.330322265625,344.4411315917969,1836.031005859375,422.6136474609375,2758.278076171875,1683.080810546875,291.40240478515625,608.644775390625,192.1228485107422,190.23988342285156,63.92409133911133,4142.6455078125,222.71107482910156,396.2615051269531,1487.7239990234375,1440.46826171875,9321.9638671875,359.6587219238281,451.2003479003906,220.58370971679688,623.7000122070312,1566.498779296875,1634.71630859375,2709.2041015625,2891.901611328125,233.3589324951172,6285.921875,3741.200439453125,141.7361602783203,1350.346435546875,2403.497314453125
2021-11-09,2565.9375,2335.79150390625,4426.42626953125,1045.195556640625,288.8883972167969,428.4476318359375,277.9909362792969,940.3786010742188,48.271385192871094,1525.4072265625,343.64306640625,1793.5650634765625,399.5401611328125,2719.358642578125,1673.8975830078125,287.81591796875,607.0457153320312,189.68685913085935,194.3885803222656,63.68437194824219,4172.0068359375,223.21092224121097,388.3029479980469,1478.73193359375,1402.009033203125,9280.00390625,354.66973876953125,447.7057495117187,216.7874298095703,622.3052368164062,1568.1075439453125,1611.7620849609375,2672.4873046875,2892.89892578125,229.70936584472656,6367.00439453125,3736.206787109375,146.83531188964844,1328.8729248046875,2388.519775390625
2021-11-10,2575.921875,2357.770751953125,4430.912109375,1064.6527099609375,292.7774658203125,430.04290771484375,284.4291687011719,962.4267578125,49.16936492919922,1543.3470458984375,346.9851379394531,1787.56982421875,406.3323364257813,2775.242431640625,1678.0902099609375,292.3986511230469,619.8383178710938,192.4422912597656,226.4284515380859,63.724327087402344,4183.2177734375,230.0082092285156,398.52142333984375,1497.21630859375,1450.4573974609375,9374.9111328125,354.5699462890625,451.0006408691406,216.38783264160156,641.4346313476562,1598.669189453125,1655.6739501953125,2679.341064453125,2911.84619140625,231.10476684570312,6452.244140625,3761.1748046875,147.1752471923828,1328.8729248046875,2374.540283203125
2021-11-11,2593.893310546875,2360.76806640625,4582.43115234375,1063.655029296875,293.4078063964844,432.2863464355469,283.1814270019531,966.5169677734376,49.76802062988281,1539.858642578125,344.3819580078125,1802.5576171875,408.7296447753906,2808.17431640625,1661.8990478515625,294.0923156738281,707.5870971679688,196.27598571777344,232.42657470703125,65.54216766357422,4184.28466796875,231.10777282714844,401.17425537109375,1498.2154541015625,1453.953857421875,9434.853515625,369.187744140625,457.19097900390625,216.7874298095703,605.5669555664062,1598.26708984375,1652.6800537109375,2836.489013671875,2917.8291015625,236.68650817871097,6465.7578125,3796.629150390625,145.37554931640625,1303.9034423828125,2365.552978515625
2021-11-12,2587.903076171875,2377.751953125,4548.0400390625,1069.6414794921875,294.20562744140625,432.9345397949219,284.4790954589844,975.4957275390624,49.119483947753906,1558.29736328125,340.14141845703125,1826.538330078125,403.93511962890625,2824.140869140625,1638.3399658203125,293.1956787109375,717.5811157226562,194.9781036376953,236.9251251220703,65.84180450439453,4180.548828125,232.4072265625,396.5563354492187,1507.7071533203125,1478.427734375,8792.4794921875,367.0923767089844,460.88525390625,218.38584899902344,597.1979370117188,1601.886474609375,1646.6922607421875,2830.614013671875,2921.81787109375,234.75433349609375,6488.62646484375,3821.09765625,143.25592041015625,1319.8837890625,2354.5693359375
2021-11-15,2568.932861328125,2355.773193359375,4499.69384765625,1068.1448974609375,293.90643310546875,435.4272155761719,285.37738037109375,979.286865234375,49.51858139038086,1592.6824951171875,340.7900390625,1775.5794677734375,411.12689208984375,2816.157958984375,1673.4788818359375,292.3986511230469,720.9793090820312,195.6769561767578,236.2253570556641,65.98164367675781,4172.0068359375,231.3076629638672,394.4930419921875,1502.71142578125,1487.9176025390625,8959.3154296875,361.3550109863281,473.7653198242187,219.0851898193359,582.850830078125,1595.8543701171875,1653.1793212890625,2790.470703125,2977.66162109375,235.720458984375,6470.9541015625,3812.10888671875,143.9757843017578,1307.8985595703125,2362.557373046875
2021-11-16,2568.932861328125,2337.789794921875,4439.38623046875,1052.1802978515625,290.91455078125,438.7175598144531,280.13702392578125,972.1038208007812,49.857818603515625,1563.77880859375,343.7832946777344,1781.5745849609375,420.815673828125,2771.251220703125,1697.83642578125,291.9005432128906,711.1849975585938,195.45733642578125,232.12664794921875,67.39997100830078,4136.7734375,232.5072021484375,394.3947448730469,1491.221435546875,1463.4437255859375,8593.669921875,362.901611328125,467.5749206542969,220.0841827392578,587.8323974609375,1566.297607421875,1654.6761474609375,2782.14794921875,2959.711669921875,239.7994079589844,6426.255859375,3857.55126953125,143.89581298828125,1318.885009765625,2330.603759765625
2021-11-17,2534.98681640625,2337.789794921875,4438.88623046875,1051.681396484375,287.2244873046875,438.3186950683594,277.34210205078125,972.702392578125,49.872779846191406,1558.7952880859375,341.2389831542969,1784.072509765625,415.92132568359375,2771.251220703125,1686.456298828125,292.2989807128906,723.1778564453125,195.37744140625,227.62808227539065,67.49983215332031,4116.4873046875,231.2077178955078,393.8052062988281,1487.22509765625,1505.8984375,8581.6806640625,371.1335144042969,465.8775329589844,219.0851898193359,584.64404296875,1567.30322265625,1583.8184814453125,2817.39599609375,2949.739501953125,240.7654571533203,6323.345703125,3876.5263671875,140.41639709472656,1306.8995361328125,2338.59228515625
2021-11-18,2509.02783203125,2337.789794921875,4361.6318359375,1056.1715087890625,292.6098937988281,437.720458984375,278.83935546875,984.17529296875,49.77799606323242,1570.25732421875,335.70135498046875,1778.576904296875,416.720458984375,2796.198974609375,1657.906005859375,292.8967590332031,718.5806274414062,195.01805114746097,236.1253967285156,68.13908386230469,4081.787841796875,233.9066467285156,392.0365905761719,1466.742431640625,1480.425537109375,8372.884765625,367.9904174804687,460.28619384765625,220.68360900878903,589.875244140625,1520.28271484375,1589.3072509765625,2740.04541015625,2951.733642578125,239.26266479492188,6347.25390625,3887.512451171875,141.45620727539062,1282.9290771484375,2283.67236328125
2021-11-19,2463.100830078125,2364.764404296875,4440.880859375,1054.175537109375,291.81207275390625,430.4417724609375,278.3403015136719,981.1824340820312,48.94486999511719,1578.7288818359375,325.82342529296875,1761.091064453125,417.8191528320313,2804.182373046875,1606.5955810546875,290.7050476074219,734.5712890625,190.6452789306641,240.72393798828125,67.41993713378906,4109.5478515625,233.3068695068359,384.9622497558594,1449.757080078125,1493.9112548828125,8470.7900390625,368.6389770507813,450.8009338378906,219.9842987060547,600.8358154296875,1529.9354248046875,1593.29931640625,2784.59521484375,2971.6787109375,236.79383850097656,6494.8642578125,3873.03076171875,135.9771270751953,1275.9376220703125,2296.653564453125
2021-11-22,2466.095703125,2364.764404296875,4525.11279296875,1059.6636962890625,294.90374755859375,435.6764526367187,280.3865661621094,982.6788330078124,49.61835861206055,1605.140869140625,333.6559143066406,1740.6072998046875,408.5298156738281,2791.209716796875,1612.5850830078125,293.1956787109375,735.1708984375,194.41905212402344,245.4224395751953,67.0404052734375,4119.15576171875,231.2077178955078,388.5976867675781,1434.7698974609375,1501.4034423828125,8434.8232421875,371.6822814941406,454.2955017089844,213.69044494628903,608.6077880859375,1534.560546875,1577.33154296875,2815.92724609375,2976.66455078125,240.121337890625,6458.48095703125,3896.5009765625,135.79718017578125,1270.94384765625,2286.668212890625
2021-11-23,2436.143310546875,2328.798828125,4655.6982421875,1066.149658203125,292.4104919433594,441.6589965820313,279.2885437011719,990.0614624023438,49.72311782836914,1613.6124267578125,338.644775390625,1743.1053466796875,405.0338439941406,2809.17236328125,1635.3455810546875,293.6938171386719,727.5755004882812,193.46063232421875,247.22189331054688,66.92052459716797,4166.66845703125,231.40765380859375,387.8116455078125,1433.770751953125,1506.8975830078125,8471.7880859375,374.8253784179687,454.9944458007813,209.9940643310547,611.5970458984375,1541.7999267578125,1579.3275146484375,2818.86474609375,2955.72314453125,238.72592163085935,6459.5205078125,3862.044921875,135.837158203125,1248.4713134765625,2278.6796875
2021-11-24,2446.127197265625,2340.786865234375,4703.046875,1079.61962890625,294.20562744140625,442.0577697753906,279.98724365234375,995.9474487304688,49.403839111328125,1611.6190185546875,343.7334899902344,1738.1092529296875,403.8352355957031,2842.10400390625,1654.71142578125,296.4832458496094,734.3713989257812,193.0413055419922,243.22315979003903,66.88057708740234,4173.0751953125,227.1093292236328,388.7942504882813,1429.7742919921875,1500.9036865234375,8462.7958984375,374.6756896972656,451.5997314453125,205.3986053466797,611.79638671875,1548.0340576171875,1587.3114013671875,2806.13623046875,2939.767333984375,239.7994079589844,6447.04736328125,3870.03466796875,134.99729919433594,1261.4554443359375,2284.671142578125
2021-11-25,2490.057861328125,2347.780517578125,4653.20556640625,1084.6087646484375,294.60455322265625,442.5064697265625,279.83758544921875,1004.6270751953124,49.573455810546875,1589.172119140625,343.9828796386719,1773.580810546875,402.0372924804687,2887.0107421875,1646.725341796875,296.7821044921875,729.9740600585938,195.17776489257812,245.52244567871097,67.63967895507812,4243.00927734375,227.00941467285156,387.1238098144531,1418.283935546875,1505.3990478515625,8499.76171875,371.6822814941406,451.0006408691406,201.8021240234375,616.9776611328125,1548.4361572265625,1600.7843017578125,2786.064453125,2958.714599609375,241.51678466796875,6441.8486328125,3906.987548828125,137.51686096191406,1273.9400634765625,2308.635986328125
2021-11-26,2339.296142578125,2306.81982421875,4528.10302734375,1093.0899658203125,292.8093566894531,412.8432312011719,278.63970947265625,999.8382568359376,45.896728515625,1544.3082275390625,316.94317626953125,1680.6553955078125,397.3426818847656,2892.998779296875,1553.4881591796875,281.63922119140625,729.3743286132812,181.360595703125,238.0248107910156,64.84300231933594,4218.98486328125,220.3120574951172,364.4270324707031,1302.3829345703125,1447.960205078125,8402.8544921875,351.227294921875,410.9627075195313,194.30946350097656,625.74609375,1519.0760498046875,1560.8643798828125,2579.961181640625,2954.725830078125,223.48355102539065,6430.41455078125,3754.682861328125,121.53955841064452,1233.48974609375,2274.685546875
2021-11-29,2349.28076171875,2340.786865234375,4606.8525390625,1086.1053466796875,288.9198913574219,415.2361450195313,278.49005126953125,998.8406982421876,46.6949348449707,1558.2659912109375,326.97088623046875,1677.158203125,397.54248046875,2900.98193359375,1592.0211181640625,283.8309326171875,731.972900390625,182.9779052734375,240.62396240234375,65.20257568359375,4186.421875,228.20892333984375,371.599609375,1293.39111328125,1454.4530029296875,8358.8974609375,356.365966796875,413.5587158203125,194.45933532714844,622.7568969726562,1533.3538818359375,1554.876708984375,2627.448486328125,3004.58642578125,225.8450927734375,6407.544921875,3818.600830078125,122.47940826416016,1238.4835205078125,2226.755615234375
2021-11-30,2318.329833984375,2334.79296875,4597.38330078125,1082.1142578125,275.85516357421875,418.127685546875,276.244140625,1004.22802734375,46.6949348449707,1537.329345703125,324.7258605957031,1666.166748046875,399.9397277832031,2880.025390625,1574.2520751953125,280.8421630859375,732.1727294921875,183.91635131835935,236.1253967285156,64.70316314697266,4120.224609375,222.81105041503903,378.2809448242187,1274.9068603515625,1440.46826171875,8267.986328125,356.31610107421875,415.55560302734375,192.8109436035156,617.97412109375,1533.3538818359375,1548.8885498046875,2714.099609375,2948.742431640625,228.20657348632812,6351.412109375,3794.6318359375,122.47940826416016,1216.0108642578125,2211.777099609375
2021-12-01,2378.23486328125,2342.784912109375,4676.630859375,1082.1142578125,279.4455261230469,427.9490661621094,277.6416015625,1004.6270751953124,47.58293151855469,1558.764404296875,332.1593017578125,1707.633544921875,404.534423828125,2866.054443359375,1604.199951171875,285.42486572265625,731.5730590820312,189.36737060546875,240.62396240234375,65.42230987548828,4115.42041015625,226.00979614257812,387.5169067382813,1312.874267578125,1468.4384765625,8305.94921875,368.98822021484375,428.9347839355469,193.4103546142578,630.52880859375,1549.6427001953125,1579.8262939453125,2784.59521484375,2979.65576171875,231.42681884765625,6378.4384765625,3841.072021484375,126.11878967285156,1237.9842529296875,2244.729248046875
2021-12-02,2377.236572265625,2341.7861328125,4706.03759765625,1078.123046875,278.0492248535156,430.3419799804687,277.34210205078125,983.6312866210938,46.81964874267578,1543.3114013671875,335.85101318359375,1693.6448974609375,402.3369140625,2816.55859375,1630.3541259765625,282.4361267089844,711.1849975585938,186.9313812255859,238.6246337890625,64.92290496826172,4134.1044921875,215.16412353515625,384.4709777832031,1269.41162109375,1452.9547119140625,8223.029296875,353.87152099609375,427.4371948242187,191.7120056152344,626.1446533203125,1542.4031982421875,1581.3236083984375,2741.514892578125,2979.65576171875,233.2515563964844,6403.38720703125,3836.577880859375,125.41891479492188,1237.9842529296875,2199.794921875
2021-12-03,2356.26953125,2341.7861328125,4563.98876953125,1083.112060546875,277.45086669921875,428.4476318359375,279.5880126953125,1000.1948852539062,46.37565612792969,1554.2781982421875,340.0915832519531,1715.127685546875,400.638916015625,2840.511962890625,1648.5225830078125,284.8271789550781,714.9827880859375,186.35235595703125,241.0238494873047,65.86178588867188,4141.578125,216.5135803222656,385.94476318359375,1279.902587890625,1466.93994140625,8183.0673828125,351.12750244140625,425.2405700683594,191.06265258789065,636.7066040039062,1543.0064697265625,1604.2774658203125,2660.24853515625,2952.73095703125,232.7149200439453,6429.37451171875,3841.5712890625,124.8790054321289,1228.49560546875,2193.803466796875
2021-12-06,2433.14794921875,2376.7529296875,4577.94482421875,1095.58447265625,279.24603271484375,436.025390625,280.13702392578125,1022.5455932617188,46.17111587524414,1568.235595703125,345.72906494140625,1743.6048583984375,410.7273254394531,2858.477294921875,1678.4703369140625,288.3139953613281,723.1778564453125,186.75167846679688,244.8226318359375,67.1402587890625,4192.82763671875,219.1125335693359,392.5278625488281,1305.3807373046875,1501.9027099609375,8354.9013671875,356.4158935546875,434.0269470214844,195.7580413818359,637.7030639648438,1563.3172607421875,1627.2314453125,2753.75390625,2982.64697265625,232.500244140625,6465.7578125,3942.941162109375,129.67819213867188,1261.4554443359375,2275.683837890625
2021-12-07,2474.0830078125,2421.71044921875,4797.7451171875,1104.5648193359375,277.94952392578125,442.2073059082031,283.7803039550781,1025.7386474609375,47.378395080566406,1577.2083740234375,350.1191711425781,1773.580810546875,419.0177612304687,2873.44873046875,1692.6453857421875,291.40240478515625,741.3673095703125,186.41224670410156,248.22157287597656,67.59972381591797,4220.58740234375,226.7095184326172,389.3836975097656,1318.869140625,1540.861328125,8215.0361328125,367.5414123535156,438.220458984375,195.2085876464844,625.3475952148438,1584.43212890625,1625.7342529296875,2932.441650390625,3012.563720703125,238.4039764404297,6395.07080078125,4010.854248046875,131.77784729003906,1278.4346923828125,2262.70263671875
2021-12-08,2454.114501953125,2405.7255859375,4723.48193359375,1111.050537109375,276.1543884277344,439.0166320800781,282.233154296875,1035.716552734375,47.2586669921875,1583.1903076171875,347.92413330078125,1756.0948486328125,412.4253234863281,2900.396728515625,1688.2530517578125,294.29150390625,733.7717895507812,185.5935821533203,243.72299194335935,67.49983215332031,4221.12109375,225.31007385253903,390.4645690917969,1327.3619384765625,1523.3797607421875,8275.9775390625,369.4870910644531,432.6290893554687,193.85989379882812,627.5396118164062,1600.519775390625,1634.21728515625,2928.525390625,3093.337646484375,237.86724853515625,6451.205078125,3971.40478515625,128.61837768554688,1250.9681396484375,2263.70166015625
2021-12-09,2459.106689453125,2413.71826171875,4759.8662109375,1118.533935546875,274.75811767578125,439.1663208007813,282.48272705078125,1046.6925048828125,46.59017181396485,1577.7071533203125,342.7855529785156,1757.0941162109375,417.02008056640625,2914.36962890625,1666.2911376953125,293.0960388183594,736.77001953125,182.5386505126953,242.22344970703125,67.79948425292969,4251.55029296875,224.91021728515625,386.632568359375,1313.8734130859375,1502.901611328125,8353.9013671875,368.0901794433594,429.7336120605469,184.3692321777344,641.688720703125,1605.9493408203125,1646.1932373046875,2910.901611328125,3079.37646484375,235.1837158203125,6412.74267578125,3944.43994140625,124.2790985107422,1234.488525390625,2237.739501953125
2021-12-10,2453.1162109375,2399.7314453125,4738.93310546875,1118.533935546875,274.45892333984375,437.3714294433594,283.8800964355469,1048.4886474609375,46.23097610473633,1580.6978759765625,341.837646484375,1707.134033203125,419.5171813964844,2919.360107421875,1656.9078369140625,291.7012939453125,733.3720092773438,182.19921875,236.9251251220703,67.67962646484375,4287.31787109375,219.91221618652344,385.6500244140625,1296.8880615234375,1498.406494140625,8185.06640625,367.0923767089844,424.1422424316406,185.3182830810547,637.9024047851562,1620.8304443359375,1629.22705078125,2855.091796875,3079.37646484375,231.85610961914065,6413.7822265625,3942.941162109375,122.77935791015624,1229.4945068359375,2209.780517578125
2021-12-13,2415.176513671875,2393.7373046875,4732.95166015625,1127.5140380859375,271.3672790527344,430.04290771484375,284.828369140625,1048.6878662109375,44.25043869018555,1573.220458984375,334.2546081542969,1688.149169921875,412.8248901367187,2928.342529296875,1612.18603515625,287.11859130859375,730.373779296875,177.8463897705078,233.4262237548828,66.92052459716797,4293.72412109375,215.3140411376953,385.060546875,1272.90869140625,1492.4127197265625,8240.013671875,362.053466796875,417.1531066894531,185.01858520507812,638.5000610351562,1615.4010009765625,1616.2530517578125,2808.583984375,3072.39599609375,230.13873291015625,6427.2958984375,3935.450927734375,116.92034149169922,1213.5140380859375,2232.74658203125
2021-12-14,2455.11328125,2354.77392578125,4838.61572265625,1110.55126953125,274.55865478515625,433.4330139160156,284.2294616699219,1053.078369140625,45.08855056762695,1572.721923828125,336.89874267578125,1650.6793212890625,414.4230651855469,2903.390869140625,1616.577880859375,287.7162780761719,712.3842163085938,179.78317260742188,228.72772216796875,67.22016906738281,4293.72412109375,210.9157867431641,388.3029479980469,1276.4056396484375,1478.427734375,8220.03125,366.1943359375,419.5494079589844,185.767822265625,637.304443359375,1606.75390625,1584.8165283203125,2837.4677734375,3065.415771484375,234.2176971435547,6439.77001953125,3922.4677734375,117.12030792236328,1209.0196533203125,2200.79296875
2021-12-15,2452.11767578125,2371.757568359375,4729.9609375,1115.5404052734375,269.472412109375,431.03997802734375,281.6841735839844,1056.67041015625,44.25542068481445,1561.75537109375,330.16363525390625,1652.6773681640625,417.7192687988281,2926.346435546875,1591.422119140625,287.4173889160156,713.7835083007812,176.1891326904297,223.1294860839844,66.5809326171875,4238.20458984375,203.91859436035156,388.9907531738281,1263.91650390625,1490.914306640625,8279.97265625,357.6132507324219,413.3590087890625,185.51808166503903,628.7352905273438,1617.4122314453125,1609.7662353515625,2787.532958984375,3086.357177734375,233.3589324951172,6388.833984375,3923.9658203125,113.00099182128906,1200.5299072265625,2223.759521484375
2021-12-16,2477.07861328125,2370.759033203125,4867.5244140625,1087.7431640625,270.0707702636719,446.9434814453125,281.8837890625,1041.5040283203125,46.30581283569336,1565.7431640625,338.1957702636719,1689.148681640625,422.214111328125,2896.404296875,1624.1649169921875,290.9042053222656,712.5841674804688,181.8397979736328,223.0295257568359,67.73957061767578,4252.083984375,199.9201812744141,398.52142333984375,1272.4090576171875,1544.357666015625,8459.7998046875,366.49371337890625,429.43402099609375,189.21446228027344,614.4312744140625,1627.466796875,1588.80859375,2835.99951171875,3095.33203125,240.0139923095703,6466.7978515625,3951.43017578125,113.36093139648438,1225.49951171875,2194.802001953125
2021-12-17,2516.016845703125,2337.789794921875,4860.546875,1099.71826171875,270.4696960449219,444.1516723632813,283.8800964355469,1071.43798828125,46.056373596191406,1583.1903076171875,333.0073547363281,1640.1876220703125,417.8191528320313,2923.352294921875,1590.22412109375,286.2218933105469,718.1808471679688,180.54193115234375,224.52908325195312,66.42111206054688,4251.55029296875,198.22088623046875,395.8685607910156,1273.90771484375,1546.854736328125,8504.7548828125,367.5414123535156,431.2312927246094,188.6150665283203,615.0293579101562,1622.238037109375,1605.774169921875,2881.52783203125,3100.318115234375,235.5057830810547,6476.15283203125,3971.904052734375,114.2807846069336,1238.4835205078125,2216.76953125
2021-12-20,2468.092529296875,2345.7822265625,4744.4150390625,1099.219482421875,271.9657287597656,440.5122985839844,287.07427978515625,1072.435791015625,45.35793685913086,1578.7041015625,322.5805358886719,1614.2083740234375,420.7158203125,2915.367431640625,1570.85791015625,282.6354675292969,719.580078125,178.30564880371094,225.5287322998047,66.8206558227539,4251.01611328125,199.1205139160156,391.0540466308594,1215.9573974609375,1513.889892578125,8482.7783203125,360.057861328125,425.4402770996094,183.66990661621097,613.8331298828125,1600.519775390625,1619.247314453125,2848.727783203125,3083.36572265625,233.2515563964844,6510.45751953125,3978.894775390625,110.46142578125,1210.5179443359375,2185.815185546875
2021-12-21,2526.000732421875,2348.77978515625,4887.4599609375,1101.21533203125,271.2676086425781,443.9023742675781,287.97271728515625,1082.413818359375,46.25093460083008,1610.108642578125,331.0118103027344,1661.1707763671875,430.8042297363281,2923.352294921875,1615.779541015625,287.9154968261719,707.5870971679688,183.956298828125,228.92767333984375,68.41875457763672,4207.2431640625,207.11734008789065,396.7528076171875,1251.926513671875,1547.853759765625,8599.662109375,366.2941589355469,434.3264770507813,184.8187713623047,616.0260009765625,1616.6072998046875,1630.7242431640625,2905.026611328125,3086.357177734375,239.3700256347656,6510.45751953125,4007.85791015625,114.54073333740234,1247.971923828125,2199.794921875
2021-12-22,2554.955078125,2369.759521484375,4839.1142578125,1092.2337646484375,272.9630126953125,443.30419921875,287.0244140625,1083.211669921875,46.85456848144531,1617.585693359375,333.9552917480469,1690.147705078125,444.3885498046875,2935.3291015625,1625.1632080078125,291.2031555175781,722.5782470703125,185.53370666503903,227.4281311035156,68.49866485595703,4191.759765625,207.5171661376953,399.3074645996094,1261.41845703125,1562.3385009765625,8606.6572265625,372.5303955078125,432.6290893554687,187.46617126464844,617.4215087890625,1623.44482421875,1634.21728515625,2925.098388671875,3108.2958984375,241.19483947753903,6519.8125,4036.821044921875,118.32009887695312,1271.443359375,2208.781494140625
2021-12-23,2547.966064453125,2372.756591796875,4849.08203125,1096.225830078125,272.9630126953125,446.594482421875,287.82293701171875,1082.0146484375,47.5280647277832,1606.619140625,337.19805908203125,1723.620849609375,451.1807556152344,2952.296142578125,1642.93212890625,294.5904235839844,721.77880859375,187.0911102294922,229.5274658203125,68.77832794189453,4220.58740234375,210.7158966064453,402.255126953125,1273.90771484375,1581.817626953125,8587.6748046875,375.1746520996094,439.81793212890625,186.46714782714844,611.2413940429688,1623.0426025390625,1630.7242431640625,2947.6181640625,3094.33447265625,243.12693786621097,6516.6943359375,4031.827392578125,120.8196792602539,1274.4395751953125,2182.819091796875
2021-12-24,2533.988525390625,2369.759521484375,4851.07568359375,1090.737060546875,274.1597900390625,446.3950500488281,287.3737487792969,1079.6197509765625,47.33350372314453,1607.11767578125,337.0982360839844,1708.1334228515625,446.8857116699219,2948.30419921875,1641.13525390625,295.586669921875,723.9774169921875,187.1310577392578,230.12728881835935,68.89818572998047,4220.05322265625,211.3156280517578,402.7463684082031,1273.90771484375,1577.322509765625,8602.6611328125,372.1811828613281,440.6167297363281,187.7159423828125,625.595458984375,1622.84130859375,1631.7222900390625,2976.9912109375,3086.357177734375,242.91221618652344,6521.89013671875,4009.85546875,121.59955596923828,1277.4359130859375,2185.815185546875
2021-12-29,2580.913818359375,2414.71728515625,4830.64111328125,1104.208984375,278.1489562988281,448.0901489257813,290.5179748535156,1087.6021728515625,47.892242431640625,1617.585693359375,335.2523193359375,1717.6258544921875,462.9671936035156,2978.246337890625,1626.560546875,297.2802734375,729.9740600585938,188.18931579589844,234.725830078125,70.91577911376953,4239.80615234375,215.11415100097656,406.4800720214844,1278.9034423828125,1603.2947998046875,8647.6181640625,379.3154602050781,446.307861328125,191.06265258789065,633.769287109375,1626.26025390625,1668.6478271484375,2964.752197265625,3141.203369140625,244.41500854492188,6621.68359375,4089.253662109375,121.85950469970705,1285.9254150390625,2224.758544921875
2021-12-30,2577.9189453125,2401.7294921875,4884.96826171875,1094.229736328125,276.6529846191406,447.2925109863281,290.7176513671875,1076.62646484375,48.23646545410156,1618.08447265625,332.259033203125,1727.61767578125,464.5653381347656,2954.29248046875,1616.1787109375,295.586669921875,734.771240234375,187.75003051757812,233.1263427734375,71.31531524658203,4235.0009765625,218.31285095214844,404.9080200195313,1273.90771484375,1586.8123779296875,8664.6015625,376.8209838867187,446.5076293945313,190.3134002685547,632.373779296875,1626.86328125,1650.18505859375,2956.43017578125,3131.23193359375,242.6976318359375,6597.77587890625,4041.31494140625,123.05931091308594,1285.9254150390625,2216.76953125
2021-12-31,2550.961181640625,2399.7314453125,4876.49560546875,1086.7451171875,275.057373046875,447.3424072265625,289.3700866699219,1057.46875,47.69268798828125,1611.60400390625,329.7646179199219,1710.1317138671875,465.7639770507813,2941.317626953125,1618.9742431640625,296.3836669921875,739.568359375,186.69178771972656,231.326904296875,71.41519165039062,4212.58056640625,217.7131195068359,403.2376403808594,1273.4080810546875,1577.82177734375,8669.5966796875,374.12689208984375,447.7057495117187,192.9607696533203,631.9749755859375,1615.4010009765625,1645.694091796875,2953.00341796875,3148.18408203125,242.26821899414065,6592.57763671875,4030.828125,122.85934448242188,1291.91796875,2215.771240234375
2022-01-04,2640.819091796875,2367.76123046875,4922.84765625,1089.239990234375,276.6529846191406,470.125732421875,293.4126892089844,1075.6285400390625,49.79795455932617,1639.5191650390625,350.2189636230469,1803.5570068359375,464.7651062011719,2933.332763671875,1697.83642578125,303.95513916015625,732.9722900390625,196.3358612060547,238.4246826171875,73.7324447631836,4266.498046875,215.71389770507812,421.4148254394531,1313.8734130859375,1618.27880859375,8464.794921875,386.7990112304687,462.08343505859375,193.2105255126953,623.0037231445312,1606.150390625,1660.6639404296875,3031.8212890625,3069.404541015625,252.14356994628903,6581.1435546875,4098.2412109375,127.05863189697266,1303.404052734375,2185.815185546875
2022-01-05,2640.819091796875,2346.781494140625,5019.04248046875,1080.7578125,279.0465087890625,466.9350891113281,296.15765380859375,1061.26025390625,50.56622695922851,1643.507080078125,354.010498046875,1827.537841796875,471.3575134277344,2921.356201171875,1719.198974609375,301.1656188964844,735.1708984375,197.59378051757812,249.62110900878903,73.43279266357422,4226.99365234375,218.91261291503903,418.1723937988281,1293.39111328125,1624.772216796875,8451.8076171875,392.1373291015625,459.4874877929687,195.1586151123047,632.17431640625,1613.7919921875,1640.2052001953125,3115.535400390625,3063.42138671875,254.82713317871097,6592.57763671875,4057.794189453125,128.5183868408203,1317.886474609375,2187.812255859375
2022-01-06,2612.863525390625,2234.886962890625,5061.90625,1070.279541015625,279.3457336425781,476.8561096191406,291.7657165527344,1052.0804443359375,51.88325881958008,1633.537353515625,354.35968017578125,1748.6009521484375,475.5527038574219,2916.365966796875,1715.2059326171875,298.874267578125,716.6080322265625,200.11962890625,250.82073974609375,72.63374328613281,4182.6845703125,212.7151031494141,418.46722412109375,1284.398681640625,1596.3023681640625,8347.9072265625,387.49749755859375,476.5609130859375,192.11160278320312,617.6209716796875,1597.503173828125,1621.7423095703125,3097.91162109375,3070.401611328125,261.4822082519531,6566.59033203125,3973.402099609375,126.2587661743164,1309.89599609375,2121.907958984375
2022-01-07,2609.867919921875,2230.890869140625,5195.48095703125,1065.788818359375,274.45892333984375,480.8941955566406,288.5216064453125,1051.4818115234375,52.72138214111328,1639.0206298828125,361.7433166503906,1763.5888671875,484.74212646484375,2907.38330078125,1733.57373046875,306.64495849609375,714.009521484375,204.9116973876953,256.5189514160156,73.51271057128906,4200.8349609375,213.91461181640625,424.5589294433594,1318.869140625,1597.30126953125,8390.8662109375,394.4821166992187,486.2459411621094,190.66305541992188,603.8649291992188,1607.1558837890625,1630.7242431640625,3188.96923828125,3073.3935546875,264.5951232910156,6547.87841796875,3869.53564453125,127.11862182617188,1298.41015625,2130.89453125
2022-01-10,2666.778076171875,2185.93359375,5185.513671875,1052.815673828125,278.3484802246094,490.5660705566406,291.91546630859375,1051.082763671875,52.69144058227539,1658.9600830078125,362.2421569824219,1768.08544921875,485.5411987304687,2856.481689453125,1727.5841064453125,304.25396728515625,694.8200073242188,207.5573272705078,253.6198577880859,73.9122314453125,4235.0009765625,212.7151031494141,426.3276062011719,1294.8897705078125,1591.3076171875,8325.9296875,388.0961608886719,491.7374572753906,188.06558227539065,599.080322265625,1620.227294921875,1635.2152099609375,3174.28271484375,3070.401611328125,265.1318054199219,6570.748046875,3843.568603515625,127.63854217529295,1318.885009765625,2099.940185546875
2022-01-11,2676.76220703125,2205.91455078125,5284.2001953125,1047.3270263671875,278.54791259765625,493.5572509765625,291.7657165527344,1047.49072265625,52.77125930786133,1662.44921875,368.7775573730469,1803.5570068359375,484.5423583984375,2844.50439453125,1755.335693359375,306.44573974609375,707.0133666992188,206.6588134765625,256.81884765625,74.35171508789062,4208.841796875,218.7126922607422,428.2926635742187,1296.3885498046875,1604.7933349609375,8467.79296875,386.9487609863281,492.0369567871094,187.66598510742188,609.6464233398438,1640.537841796875,1619.247314453125,3171.345458984375,3092.34033203125,263.62908935546875,6474.07373046875,3800.124755859375,126.97864532470705,1336.863037109375,2094.947265625
2022-01-12,2671.770263671875,2210.91015625,5434.72119140625,1046.828125,287.2244873046875,499.7391662597656,291.7157897949219,1052.0804443359375,53.06061172485352,1655.9691162109375,380.6011962890625,1824.540283203125,472.0567321777344,2825.541015625,1803.2520751953125,298.67498779296875,710.2116088867188,211.450927734375,252.9200897216797,72.89344024658203,4166.13427734375,211.4156188964844,427.4083251953125,1297.8870849609375,1604.2939453125,8470.7900390625,400.36920166015625,499.8248901367187,181.1223907470703,606.2573852539062,1644.962158203125,1606.7724609375,3294.22412109375,3092.34033203125,261.6969299316406,6470.9541015625,3784.644287109375,126.85865783691406,1275.9376220703125,2076.973876953125
2022-01-13,2682.75244140625,2183.935546875,5445.68603515625,1052.316650390625,290.81475830078125,511.5047912597656,289.17047119140625,1064.2537841796875,53.84884262084961,1690.36474609375,383.0457763671875,1858.5128173828125,484.44244384765625,2845.5029296875,1803.052490234375,297.87799072265625,705.6141357421875,216.7421875,232.92640686035156,73.51271057128906,4167.20166015625,197.87103271484375,428.5873107910156,1335.8546142578125,1609.7879638671875,8440.818359375,405.2085266113281,510.6081848144531,176.97647094726562,594.6943359375,1640.1356201171875,1585.5665283203125,3284.922119140625,3104.30712890625,266.419921875,6480.31103515625,3757.1796875,127.67852783203124,1272.442138671875,2058.001220703125
2022-01-14,2640.819091796875,2193.925537109375,5374.91015625,1063.7928466796875,287.922607421875,515.0942993164062,284.4790954589844,1078.6219482421875,54.84659194946289,1704.322265625,387.8350830078125,1829.0364990234375,481.4459228515625,2885.42578125,1817.4276123046875,295.8855285644531,687.22412109375,215.1448211669922,223.2294921875,74.59142303466797,4202.9697265625,192.92300415039065,428.4891662597656,1315.3721923828125,1598.7996826171875,8535.7255859375,402.4146728515625,522.389892578125,175.97744750976562,562.9959716796875,1649.9893798828125,1573.588623046875,3236.945556640625,3102.312744140625,267.81536865234375,6439.77001953125,3712.73681640625,125.21894073486328,1258.9583740234375,2053.0087890625
2022-01-17,2658.790771484375,2246.8759765625,5375.90771484375,1062.2958984375,291.81207275390625,517.4874267578125,288.9209289550781,1078.2230224609375,55.00623321533203,1726.7542724609375,392.8738708496094,1855.51513671875,488.5377807617187,2887.421875,1839.5887451171875,298.874267578125,691.6217651367188,214.4459686279297,223.4294281005859,74.0121078491211,3909.88916015625,195.92181396484375,431.9280700683594,1311.37548828125,1627.2694091796875,8761.5078125,410.3971252441406,526.18408203125,177.82565307617188,561.9992065429688,1717.1553955078125,1580.076416015625,3301.07763671875,3231.949462890625,272.0016784667969,6649.75,3728.71630859375,125.87882995605467,1255.9620361328125,2065.98974609375
2022-01-18,2640.819091796875,2234.886962890625,5425.74951171875,1063.2938232421875,297.8956604003906,514.49609375,289.020751953125,1084.20947265625,54.2479362487793,1732.736083984375,394.8694152832031,1810.0517578125,492.4332580566406,2895.406005859375,1868.9376220703125,301.56414794921875,684.4256591796875,209.45420837402344,222.02984619140625,73.89225006103516,3754.5390625,189.02456665039065,435.5633850097656,1293.39111328125,1616.2811279296875,8718.548828125,412.8916320800781,514.6019287109375,178.22523498535156,549.6387939453125,1710.519287109375,1575.5849609375,3305.4833984375,3220.980224609375,269.7474670410156,6579.06494140625,3698.25537109375,125.63888549804688,1240.4810791015625,2026.0479736328125
2022-01-19,2631.83349609375,2257.865234375,5636.08056640625,1067.7847900390625,290.5155944824219,511.0061950683594,287.3238525390625,1086.6043701171875,53.75904083251953,1739.216064453125,393.2230529785156,1821.043212890625,495.6295776367187,2909.379150390625,1866.1424560546875,298.57537841796875,688.2235717773438,206.60891723632812,226.62838745117188,72.47393798828125,3924.302490234375,191.7234649658203,433.3036193847656,1285.397705078125,1599.299072265625,8724.5439453125,418.1799621582031,513.4038696289062,180.17332458496097,556.2177734375,1675.528564453125,1564.6053466796875,3444.028076171875,3256.879638671875,267.922607421875,6617.5263671875,3704.7470703125,123.11929321289062,1261.4554443359375,2017.06103515625
2022-01-20,2630.8349609375,2279.8447265625,5562.3154296875,1070.279541015625,286.326904296875,508.8125915527344,286.7748107910156,1089.79736328125,52.861061096191406,1719.27685546875,388.2840881347656,1824.0404052734375,484.44244384765625,2912.373291015625,1835.1966552734375,298.47576904296875,689.6229248046875,205.2112274169922,223.4294281005859,72.25420379638672,3902.94873046875,194.57232666015625,432.5175476074219,1318.869140625,1595.30322265625,8833.4384765625,411.594482421875,511.0075378417969,182.4710693359375,552.0311279296875,1645.565185546875,1582.572265625,3450.88134765625,3240.924560546875,262.0189208984375,6678.85693359375,3740.201171875,123.69920349121094,1272.442138671875,2042.0245361328125
2022-01-21,2596.888427734375,2261.86181640625,5439.7041015625,1063.7928466796875,282.9360656738281,503.92681884765625,288.22222900390625,1081.415771484375,51.633819580078125,1725.7572021484375,381.39947509765625,1758.0933837890625,485.7409362792969,2890.415771484375,1804.250244140625,290.80462646484375,683.2263793945312,198.91162109375,219.2307281494141,70.93576049804688,3923.768798828125,192.62310791015625,424.4607238769531,1303.882080078125,1549.352294921875,8743.5244140625,409.1498718261719,510.4085388183594,173.5298309326172,541.2655029296875,1656.22314453125,1558.6163330078125,3357.8662109375,3162.144775390625,257.61798095703125,6698.60888671875,3752.685791015625,119.69987487792967,1256.9608154296875,2015.0638427734375
2022-01-24,2486.06396484375,2225.895751953125,5247.31640625,1056.8074951171875,283.2352294921875,490.7155456542969,287.67315673828125,1076.62646484375,49.159393310546875,1730.7418212890625,363.2899169921875,1673.161376953125,484.5423583984375,2879.4375,1744.1553955078125,280.34405517578125,658.8397827148438,190.04624938964844,212.7327880859375,68.9581069946289,4210.44384765625,182.82701110839844,416.6985778808594,1231.943603515625,1515.887939453125,8307.947265625,387.3977355957031,487.14453125,166.68655395507812,544.0567016601562,1623.44482421875,1534.66064453125,3153.72119140625,3116.2734375,246.7765960693359,6679.896484375,3667.294677734375,112.98099517822266,1211.5167236328125,1979.6156005859375
2022-01-25,2446.127197265625,2215.905029296875,5294.16748046875,1058.3040771484375,288.3215026855469,507.9152526855469,290.9172668457031,1078.8214111328125,50.795711517333984,1721.2708740234375,378.8052673339844,1717.6258544921875,490.4355773925781,2852.489013671875,1807.6444091796875,283.033935546875,635.0526733398438,196.37582397460935,219.1307678222656,69.89700317382812,4202.43603515625,182.4771728515625,421.0217895507813,1217.4561767578125,1510.3936767578125,8450.80859375,388.0961608886719,511.4069519042969,168.7845001220703,557.01513671875,1623.2435302734375,1534.1617431640625,3239.3935546875,3122.2568359375,255.2564697265625,6601.93359375,3668.2939453125,115.82051849365234,1230.99267578125,1997.0899658203125
2022-01-26,2423.16357421875,2231.889892578125,5416.77685546875,1055.8094482421875,290.91455078125,521.1764526367188,295.25927734375,1071.8369140625,51.9131965637207,1738.21923828125,393.2230529785156,1760.091552734375,490.3357238769531,2865.46435546875,1908.867919921875,286.7200012207031,645.4469604492188,201.86672973632812,218.83084106445312,72.03446197509766,4090.328857421875,183.92660522460935,426.9170227050781,1264.4158935546875,1534.8677978515625,8472.7861328125,398.2239074707031,523.1887817382812,168.58470153808594,559.0087890625,1640.739013671875,1537.6552734375,3341.221435546875,3141.203369140625,262.12628173828125,6459.5205078125,3639.830078125,117.66020965576172,1246.473876953125,2023.0521240234375
2022-01-27,2440.13671875,2252.8701171875,5551.35009765625,1071.7764892578125,295.202880859375,536.73095703125,299.45166015625,1094.7862548828125,52.13269805908203,1756.6634521484375,391.6266174316406,1731.6142578125,496.4286804199219,2908.381103515625,1915.8555908203125,288.8121337890625,648.2454223632812,203.21450805664065,220.73025512695312,73.01329803466797,4107.9453125,186.9253845214844,429.6682434082031,1263.91650390625,1557.3436279296875,8827.443359375,402.3149108886719,545.354248046875,167.8853759765625,557.8126220703125,1690.2081298828125,1568.5980224609375,3378.916748046875,3196.05029296875,263.84375,6467.83642578125,3730.7138671875,115.48058319091795,1257.959716796875,2072.979736328125
2022-01-28,2416.1748046875,2230.890869140625,5368.92919921875,1072.774169921875,298.2945556640625,526.7601928710938,302.8453674316406,1089.597900390625,51.085060119628906,1761.1494140625,384.59228515625,1699.64013671875,487.8385620117187,2887.421875,1891.8975830078125,281.73876953125,653.0429077148438,196.55551147460935,218.03114318847656,71.97452545166016,4042.816650390625,188.22488403320312,425.9344787597656,1228.9462890625,1538.8634033203125,8758.509765625,392.38677978515625,533.3729248046875,173.1302490234375,563.99267578125,1670.09912109375,1575.5849609375,3252.122314453125,3164.1396484375,260.30145263671875,6282.8037109375,3692.76220703125,113.00099182128906,1235.9866943359375,2073.977783203125
2022-01-31,2437.141845703125,2267.855712890625,5168.5673828125,1065.2900390625,289.917236328125,526.0623168945312,296.45709228515625,1077.2249755859375,50.935394287109375,1746.195068359375,381.94818115234375,1727.61767578125,490.4355773925781,2867.460205078125,1883.3126220703125,286.3215026855469,667.2350463867188,196.8949432373047,217.7311859130859,72.23420715332031,4043.88427734375,187.9749755859375,426.622314453125,1234.441650390625,1548.852783203125,8608.6572265625,382.1593017578125,535.9688110351562,175.3280792236328,564.3914794921875,1652.000244140625,1579.57763671875,3160.574462890625,3135.220947265625,260.1941223144531,6248.5,3718.229736328125,114.48075103759766,1251.966796875,2074.976806640625
2022-02-01,2459.106689453125,2272.851318359375,5333.0439453125,1080.2586669921875,287.4239501953125,541.9159545898438,299.45166015625,1090.1964111328125,52.27238464355469,1722.7662353515625,392.4248352050781,1742.1060791015625,495.52972412109375,2897.40234375,1943.2081298828125,288.3139953613281,675.2306518554688,200.76853942871097,215.8318023681641,74.21187591552734,4002.77783203125,191.32362365722656,427.1135864257813,1234.441650390625,1566.83349609375,8500.7607421875,395.0309143066406,544.5554809570312,177.52593994140625,575.5557250976562,1653.2066650390625,1586.065673828125,3260.93408203125,3042.479736328125,264.5951232910156,6227.70947265625,3738.703125,117.20028686523438,1255.4627685546875,2059.0
2022-02-02,2506.03271484375,2305.8203125,5338.0283203125,1080.7578125,290.2164001464844,544.8074951171875,301.4479675292969,1102.369873046875,52.7413330078125,1716.784423828125,388.6832275390625,1760.59130859375,499.42523193359375,2927.3447265625,1929.03271484375,290.2068786621094,691.6217651367188,202.71536254882812,218.13107299804688,76.56907653808594,4038.545654296875,188.22488403320312,429.7664794921875,1246.9310302734375,1565.834716796875,8573.689453125,398.4234619140625,551.1453247070312,179.17430114746094,579.3435668945312,1659.038818359375,1604.032470703125,3252.122314453125,3071.398681640625,271.0355224609375,6300.47607421875,3810.611328125,115.18062591552734,1252.4666748046875,2040.02734375
2022-02-03,2501.04052734375,2264.85888671875,5356.9677734375,1061.298095703125,291.612548828125,544.7075805664062,296.50701904296875,1094.5869140625,53.18034744262695,1718.7783203125,391.52679443359375,1723.620849609375,495.0302734375,2866.46240234375,1956.584716796875,290.1072692871094,660.8385620117188,204.11300659179688,212.33290100097656,77.56788635253906,4060.967041015625,184.2264862060547,432.2226867675781,1234.441650390625,1561.3394775390625,8349.9072265625,399.4212951660156,553.9410400390625,179.17430114746094,571.5685424804688,1637.5216064453125,1587.5628662109375,3246.73681640625,3003.5888671875,271.14288330078125,6223.5517578125,3753.18505859375,116.640380859375,1248.9705810546875,2025.0491943359375
2022-02-04,2474.0830078125,2263.859619140625,5349.98974609375,1032.8570556640625,287.124755859375,543.41162109375,295.00970458984375,1072.0367431640625,51.264652252197266,1738.718017578125,404.9967956542969,1674.6602783203125,487.6387939453125,2826.53955078125,2033.4505615234375,285.42486572265625,653.642578125,200.26937866210935,203.73562622070312,76.38928985595703,4073.245849609375,181.9273681640625,427.6048583984375,1219.454345703125,1541.36083984375,8273.98046875,401.3670043945313,554.1407470703125,177.62583923339844,553.4266357421875,1643.9566650390625,1555.6219482421875,3253.100830078125,2950.73681640625,264.0583801269531,6039.55810546875,3744.69580078125,113.58089447021484,1245.47509765625,2002.082763671875
2022-02-07,2444.130615234375,2281.843017578125,5498.517578125,1030.3621826171875,281.0411376953125,555.2767944335938,290.8673400878906,1072.0367431640625,52.4719352722168,1749.18603515625,407.7406311035156,1675.6593017578125,488.9372863769531,2789.6103515625,2057.90771484375,283.033935546875,653.642578125,204.66213989257812,197.4376220703125,77.54791259765625,4119.6904296875,181.32762145996097,431.63336181640625,1245.4322509765625,1538.8634033203125,8339.9140625,406.90478515625,567.5198974609375,176.62680053710938,540.4681396484375,1647.174072265625,1548.6348876953125,3312.337158203125,2990.625,265.3464660644531,6081.1376953125,3759.177001953125,115.5605697631836,1195.5361328125,2013.066650390625
2022-02-08,2460.105224609375,2264.85888671875,5599.197265625,1041.83837890625,280.94146728515625,561.8575439453125,291.1169128417969,1075.6285400390625,52.38213348388672,1770.6209716796875,398.1121520996094,1650.6793212890625,485.5411987304687,2811.568359375,1992.52197265625,287.21820068359375,645.2471923828125,205.8601226806641,194.9884033203125,78.16717529296875,4138.90869140625,178.9785614013672,436.44781494140625,1248.92919921875,1531.8707275390625,8275.9775390625,412.9415283203125,570.5151977539062,177.57586669921875,548.2432861328125,1652.8046875,1546.139404296875,3416.613037109375,2946.748291015625,266.9565734863281,6026.044921875,3741.200439453125,117.20028686523438,1211.0169677734375,1997.0899658203125
2022-02-09,2513.021484375,2308.817138671875,5654.02392578125,1052.815673828125,276.6529846191406,559.16552734375,293.16314697265625,1077.6241455078125,52.97081756591797,1771.6180419921875,409.3870239257813,1688.149169921875,496.9281005859375,2839.513671875,2024.46630859375,287.21820068359375,656.4411010742188,207.6571807861328,199.93682861328125,78.80642700195312,4087.65966796875,181.8274078369141,437.7250671386719,1236.439697265625,1557.8431396484375,8355.900390625,419.07806396484375,562.1282958984375,181.17236328125,555.61962890625,1629.6787109375,1564.6053466796875,3444.51708984375,3065.415771484375,270.17681884765625,6038.5185546875,3775.15673828125,119.83985137939452,1233.48974609375,2021.054931640625
2022-02-10,2526.99951171875,2264.85888671875,5788.5947265625,1059.3021240234375,280.5424499511719,560.0628662109375,296.45709228515625,1088.5999755859375,53.28011703491211,1785.076904296875,409.7861633300781,1678.6566162109375,486.5400695800781,2865.46435546875,2014.9827880859375,284.6279602050781,647.4459228515625,208.3061065673828,200.63658142089844,78.94625091552734,4034.80908203125,178.77867126464844,437.7250671386719,1242.9344482421875,1555.84521484375,8641.623046875,420.1257019042969,565.1235961914062,180.2732391357422,558.4107055664062,1649.9893798828125,1552.12841796875,3524.3154296875,3027.521728515625,272.1089172363281,6063.466796875,3735.2080078125,122.6993637084961,1235.9866943359375,2002.082763671875
2022-02-11,2498.045166015625,2270.853515625,5707.85205078125,1063.2938232421875,279.8443908691406,565.5468139648438,297.6050109863281,1093.3896484375,53.83885955810547,1812.991943359375,416.271728515625,1697.6414794921875,483.4436340332031,2869.45654296875,2035.44677734375,280.0451965332031,636.65185546875,205.76028442382812,196.587890625,79.00617980957031,4179.48095703125,174.580322265625,436.6443481445313,1212.960205078125,1545.3564453125,8501.759765625,416.83294677734375,557.1360473632812,180.8726348876953,569.574951171875,1628.27099609375,1544.1431884765625,3504.73291015625,3045.471923828125,271.5722351074219,6126.87744140625,3712.73681640625,120.87966918945312,1218.5079345703125,1962.6405029296875
2022-02-14,2401.198486328125,2236.885498046875,5703.8642578125,1042.337646484375,276.55328369140625,556.572998046875,294.8600158691406,1072.63525390625,51.59390640258789,1775.605712890625,399.7585144042969,1673.161376953125,484.24267578125,2824.54296875,2002.00537109375,270.9793395996094,637.8511962890625,195.2376708984375,191.7394256591797,77.62781524658203,4067.9072265625,168.4327850341797,423.4781799316406,1175.99169921875,1538.8634033203125,8372.884765625,421.1734313964844,549.34814453125,177.32614135742188,565.9863891601562,1579.8070068359375,1522.1837158203125,3541.93896484375,3021.5390625,260.4088439941406,6138.3115234375,3627.34619140625,117.68020629882812,1204.5250244140625,1943.16845703125
2022-02-15,2460.105224609375,2272.851318359375,5628.10546875,1049.32275390625,280.8417053222656,553.1830444335938,298.65313720703125,1073.6329345703125,52.511844635009766,1794.049560546875,396.4658508300781,1708.6328125,497.4275207519531,2825.541015625,1980.5428466796875,277.3553466796875,649.6446533203125,198.13287353515625,192.2892608642578,77.40808868408203,4094.60009765625,168.7826385498047,430.5525207519531,1205.966064453125,1554.346923828125,8856.4150390625,426.0626831054687,551.1453247070312,180.1233673095703,577.3499755859375,1606.5528564453125,1551.6292724609375,3442.55908203125,3041.482666015625,264.38043212890625,6109.20556640625,3675.783935546875,120.29977416992188,1216.0108642578125,1972.6256103515625
2022-02-16,2442.133544921875,2258.864501953125,5689.9091796875,1051.8177490234375,279.545166015625,546.7018432617188,294.2112121582031,1078.4224853515625,51.81341171264648,1800.0313720703125,402.85162353515625,1689.148681640625,503.420654296875,2836.519775390625,2019.973876953125,276.06024169921875,640.2498168945312,195.6769561767578,190.78973388671875,76.92863464355469,4076.44873046875,165.93377685546875,433.9913940429687,1214.958251953125,1540.3619384765625,8907.3662109375,424.366455078125,547.75048828125,175.5278778076172,573.1634521484375,1584.6334228515625,1581.0748291015625,3507.1806640625,3033.505126953125,261.2674865722656,6036.43994140625,3600.380859375,121.69953155517578,1210.5179443359375,1981.11328125
2022-02-17,2427.157470703125,2238.88330078125,5570.28955078125,1048.324951171875,277.45086669921875,538.5258178710938,293.16314697265625,1076.2271728515625,51.17485809326172,1748.65869140625,397.0555114746094,1637.689697265625,482.7681579589844,2823.545166015625,1966.1458740234375,271.57708740234375,633.6535034179688,192.322509765625,185.94125366210935,77.42804718017578,4056.6962890625,164.9341583251953,424.7554626464844,1182.486083984375,1509.89404296875,8909.36328125,419.7764892578125,557.1360473632812,173.47988891601562,573.9608764648438,1588.2528076171875,1602.53515625,3449.413330078125,2984.641845703125,257.94000244140625,6395.07080078125,3611.36669921875,118.0001449584961,1207.0220947265625,1986.6053466796875
2022-02-18,2421.166748046875,2230.890869140625,5639.0703125,1059.3021240234375,277.15167236328125,542.8133544921875,293.6622009277344,1087.203125,51.10501480102539,1774.088134765625,390.56927490234375,1621.7025146484375,480.6700134277344,2845.5029296875,1953.76611328125,271.3778381347656,632.6539916992188,190.8449554443359,184.5417022705078,77.80760192871094,4118.62109375,165.63389587402344,424.6572265625,1158.506591796875,1512.89111328125,8792.4794921875,421.0736389160156,578.3032836914062,172.5807647705078,581.7359008789062,1575.583984375,1609.0233154296875,3452.350341796875,2954.725830078125,251.71420288085935,6520.85205078125,3653.812255859375,117.04031372070312,1194.5372314453125,1965.6358642578125
2022-02-21,2311.340576171875,2211.90869140625,5675.9541015625,1055.8094482421875,272.5640563964844,545.206298828125,287.07427978515625,1077.0255126953125,50.805686950683594,1742.6751708984375,387.5756530761719,1583.233154296875,484.1668701171875,2829.533447265625,1940.987548828125,270.6804504394531,625.0581665039062,191.1244659423828,180.94284057617188,76.36930847167969,4110.61572265625,161.48556518554688,421.5130920410156,1146.017333984375,1500.9036865234375,9141.138671875,416.9327392578125,571.1143798828125,170.7825469970703,590.3085327148438,1569.953125,1594.0509033203125,3499.347900390625,2948.742431640625,254.82713317871097,6590.49853515625,3631.34130859375,114.7007064819336,1177.5579833984375,1935.6793212890625
2022-02-22,2183.54296875,2236.885498046875,5672.96240234375,1030.3621826171875,269.37274169921875,545.40576171875,287.07427978515625,1069.442138671875,51.1948127746582,1751.151611328125,385.6797180175781,1599.719970703125,485.2658996582031,2773.6416015625,1951.370361328125,279.945556640625,632.4541625976562,189.8465881347656,177.5938720703125,75.69010162353516,4049.7568359375,160.53591918945312,423.7729187011719,1163.50244140625,1521.8814697265625,9003.2724609375,421.273193359375,579.900634765625,174.02932739257812,594.893798828125,1566.13232421875,1579.57763671875,3501.795654296875,2961.70654296875,256.32989501953125,6544.76025390625,3661.302734375,118.0001449584961,1265.94970703125,1943.6678466796875
2022-02-23,2154.5888671875,2242.8798828125,5550.353515625,1043.8343505859375,269.27294921875,546.2033081054688,290.3183288574219,1077.6241455078125,52.08280563354492,1740.6806640625,382.0872802734375,1576.7384033203125,478.37200927734375,2806.578125,1939.9893798828125,281.0414123535156,633.6535034179688,195.6569671630859,173.1952667236328,75.67015075683594,4104.2099609375,155.78782653808594,425.7380065917969,1163.50244140625,1519.384033203125,8999.2763671875,426.411865234375,574.1096801757812,172.2810516357422,582.7327270507812,1581.61669921875,1608.025146484375,3458.71484375,3001.594482421875,256.5445861816406,6582.18408203125,3675.28466796875,117.68020629882812,1294.4150390625,2010.0712890625
2022-02-24,2039.770751953125,2201.91845703125,5449.6728515625,1010.9027099609376,265.28369140625,512.2027587890625,279.1387939453125,1050.284423828125,46.44050216674805,1617.0230712890625,364.5746154785156,1521.28271484375,447.5995788574219,2714.755615234375,1949.5733642578125,264.90228271484375,631.054931640625,179.10430908203125,172.49549865722656,72.07440948486328,3880.3759765625,153.43873596191406,401.17425537109375,1114.544189453125,1456.450927734375,8575.072265625,421.3230895996094,514.0833740234375,168.18507385253906,576.751953125,1513.921142578125,1581.0748291015625,3519.909423828125,2862.982421875,242.48292541503903,6391.953125,3520.7646484375,102.36278533935548,1237.9842529296875,1830.832275390625
2022-02-25,2132.623779296875,2260.86279296875,5649.0390625,1049.32275390625,270.3699645996094,536.43212890625,286.0262145996094,1098.1788330078125,49.5684700012207,1678.8516845703125,377.69671630859375,1576.238525390625,465.183837890625,2793.602783203125,1997.1943359375,279.84588623046875,654.8419189453125,188.5886688232422,174.7447967529297,77.28821563720703,3992.494140625,150.19004821777344,416.0107727050781,1182.9857177734375,1526.876220703125,8987.7392578125,438.1860046386719,558.8209838867188,172.3809814453125,579.941650390625,1572.8531494140625,1671.90673828125,3656.984619140625,2951.733642578125,253.00228881835935,6579.06494140625,3716.529052734375,106.06216430664062,1308.8973388671875,1944.1671142578125
2022-02-28,1900.990478515625,2278.845703125,5772.64599609375,1072.2752685546875,274.9576110839844,513.10009765625,289.2203674316406,1128.3123779296875,48.326263427734375,1634.4747314453125,362.77838134765625,1581.23486328125,450.197265625,2870.45458984375,1968.74169921875,276.15985107421875,662.6375732421875,182.57858276367188,174.7447967529297,77.18834686279297,4000.503173828125,150.93975830078125,412.4736633300781,1135.5264892578125,1527.3756103515625,9051.6865234375,441.1793823242187,532.058349609375,180.07342529296875,603.4663696289062,1554.147705078125,1701.3524169921875,3743.147216796875,2968.686279296875,246.5618896484375,6570.748046875,3720.524169921875,103.48259735107422,1335.364990234375,2079.969482421875
2022-03-01,1769.6982421875,2287.837158203125,5900.2412109375,1081.755615234375,265.6826477050781,493.9560852050781,283.4309387207031,1135.6961669921875,45.67721939086914,1636.9678955078125,356.34210205078125,1519.2843017578125,436.90911865234375,2899.39892578125,1947.7763671875,258.32696533203125,663.4371948242188,172.93450927734375,169.8963165283203,74.31175231933594,3934.833740234375,144.7422332763672,399.5039367675781,1062.0892333984375,1495.4095458984375,9216.5556640625,443.9732666015625,507.4925842285156,177.42604064941406,608.2509765625,1553.745361328125,1630.4835205078125,3872.879150390625,2942.75927734375,232.39288330078125,6560.35302734375,3654.10400390625,91.98452758789062,1305.90087890625,1998.088623046875
2022-03-02,1667.859375,2325.801025390625,6108.57763671875,1062.2958984375,259.2998962402344,506.3199768066406,282.13336181640625,1125.11962890625,45.9715690612793,1652.923583984375,373.6053771972656,1677.158203125,427.617431640625,2851.490966796875,2044.11669921875,265.4999694824219,665.8358764648438,176.66836547851562,165.89759826660156,73.23304748535156,3893.723388671875,146.0417022705078,403.2376403808594,1128.0328369140625,1524.8782958984375,9310.478515625,451.6064453125,524.468994140625,180.8226776123047,600.8746337890625,1558.9747314453125,1617.008544921875,3846.932861328125,2949.739501953125,236.1497802734375,6379.478515625,3635.626220703125,98.2134780883789,1319.3846435546875,2000.085693359375
2022-03-03,1596.9716796875,2318.80810546875,6109.57470703125,1049.32275390625,251.7203369140625,494.0059814453125,280.8855895996094,1108.15673828125,45.05363082885742,1583.6156005859375,357.6893005371094,1581.734375,417.2267150878906,2856.481689453125,1927.0106201171875,257.2311096191406,642.6486206054688,168.69970703125,162.7485809326172,72.47393798828125,3805.09619140625,140.9937286376953,398.52142333984375,1112.546142578125,1483.4224853515625,8912.7998046875,475.4540100097656,497.3067626953125,180.6228790283203,599.4791870117188,1534.6376953125,1562.6090087890625,3885.118408203125,2532.9072265625,230.56802368164065,6305.67333984375,3595.67431640625,94.98402404785156,1263.952392578125,1909.2181396484375
2022-03-04,1572.5103759765625,2256.86669921875,6008.89501953125,1050.81982421875,248.03028869628903,466.2869262695313,274.8466796875,1105.363037109375,42.93339538574219,1520.7894287109375,347.4110412597656,1427.8572998046875,397.2445983886719,2867.460205078125,1830.3707275390625,242.78550720214844,625.8577880859375,156.5769500732422,157.25033569335938,72.71366119384766,3641.72314453125,131.4975128173828,380.049560546875,1084.570068359375,1386.0260009765625,8671.994140625,459.6387939453125,468.546875,177.37606811523438,595.6912231445312,1497.0260009765625,1592.0545654296875,3748.04248046875,2498.005126953125,217.3651580810547,6008.37353515625,3504.783447265625,90.21482849121094,1238.4835205078125,1858.292236328125
2022-03-07,1477.66064453125,2210.91015625,5999.92431640625,1050.3209228515625,249.825439453125,464.6916198730469,272.3013000488281,1109.953125,41.15739440917969,1481.8970947265625,360.7327575683594,1523.78076171875,386.4542541503906,2881.43310546875,1977.7266845703125,238.0034942626953,634.0532836914062,151.40431213378906,149.85264587402344,72.29415130615234,3553.62939453125,131.79739379882812,367.9641418457031,1018.1270751953124,1376.03662109375,8644.015625,473.8075866699219,449.77301025390625,174.0792999267578,568.976806640625,1492.4000244140625,1590.0582275390625,3774.968017578125,2436.177978515625,207.00677490234375,5779.6806640625,3344.476318359375,88.1951675415039,1198.5323486328125,1822.3447265625
2022-03-08,1458.19140625,2069.044189453125,5868.341796875,1046.828125,248.6286773681641,468.97906494140625,265.5636901855469,1111.5494384765625,41.86580657958984,1487.88037109375,379.1934814453125,1597.7215576171875,376.0635681152344,2822.547119140625,2036.130126953125,244.1802520751953,625.6578369140625,152.0434112548828,151.15223693847656,74.37168884277344,3562.70654296875,131.6974334716797,379.6564331054687,1026.6197509765625,1364.0491943359375,8739.939453125,475.1546630859375,463.0545349121094,181.3721618652344,556.2177734375,1517.1392822265625,1605.0303955078125,3752.4482421875,2457.119384765625,211.9444274902344,5780.72021484375,3338.98291015625,91.36463928222656,1196.0352783203125,1822.3447265625
2022-03-09,1597.470947265625,2143.973388671875,5798.564453125,1074.7701416015625,254.81199645996097,487.57470703125,274.2976379394531,1135.2972412109375,45.27812194824219,1527.7701416015625,370.7614440917969,1667.6654052734375,413.9296569824219,2886.423583984375,2001.1881103515625,258.92474365234375,669.0341796875,161.56985473632812,158.44993591308594,76.2094955444336,3666.816162109375,144.59230041503906,397.0476379394531,1115.0440673828125,1403.50732421875,9113.6357421875,469.0680847167969,492.41357421875,186.06753540039065,570.372314453125,1555.3543701171875,1677.8956298828125,3675.098876953125,2432.188720703125,224.77162170410156,6094.65234375,3537.743896484375,94.36412811279295,1210.5179443359375,1955.1510009765625
2022-03-10,1562.027099609375,2106.00927734375,5484.8935546875,1070.7784423828125,251.42117309570312,474.2480773925781,273.5990295410156,1130.90673828125,44.48989486694336,1533.75341796875,362.728515625,1712.6297607421875,419.1250305175781,2874.44677734375,1952.568359375,254.93972778320312,647.4459228515625,157.55555725097656,158.3999481201172,76.46919250488281,3592.60498046875,141.0937042236328,398.1284484863281,1076.5770263671875,1398.5128173828125,9211.5576171875,496.9068298339844,488.91845703125,180.67283630371097,543.2592163085938,1540.671875,1668.912353515625,3738.74072265625,2474.072021484375,220.47796630859375,5962.63427734375,3370.944580078125,91.71458435058594,1184.0501708984375,1975.62109375
2022-03-11,1608.9527587890625,2110.005615234375,5549.7275390625,1050.3209228515625,253.4157562255859,478.38714599609375,272.2514953613281,1110.95068359375,45.362937927246094,1522.285400390625,359.6350402832031,1790.067626953125,420.7236022949219,2819.552490234375,1960.35546875,257.0318908691406,643.4481201171875,160.870849609375,160.0994110107422,76.00972747802734,3621.435302734375,140.2440185546875,402.4515686035156,1067.0849609375,1427.481689453125,9267.5126953125,510.1775512695313,486.9212341308594,176.12730407714844,548.2432861328125,1555.3543701171875,1644.9566650390625,3818.538330078125,2560.82861328125,223.59088134765625,5899.2236328125,3368.447509765625,93.4942855834961,1199.53125,1981.11328125
2022-03-14,1635.410888671875,2130.9853515625,5285.4072265625,1059.3021240234375,256.9063720703125,488.2112426757813,276.4438171386719,1120.729248046875,47.62783432006836,1546.21875,355.74334716796875,1861.510498046875,433.1125183105469,2852.489013671875,1923.616455078125,264.005615234375,643.2481689453125,169.75816345214844,165.3977508544922,76.84873962402344,3655.07080078125,144.39234924316406,410.6067504882813,1043.1055908203125,1449.9581298828125,9388.4150390625,480.4928894042969,490.4164123535156,178.9744873046875,556.8156127929688,1569.43359375,1654.43896484375,3621.24755859375,2645.59130859375,233.78829956054688,5921.0537109375,3449.3505859375,93.76423645019533,1210.5179443359375,2033.0379638671875
2022-03-15,1594.9747314453125,2186.93212890625,5196.634765625,1081.256591796875,257.7041320800781,478.38714599609375,277.9909362792969,1152.8585205078125,47.288597106933594,1553.6981201171875,360.2337951660156,1854.016357421875,395.546142578125,2912.373291015625,1936.79443359375,260.0205993652344,644.8472900390625,167.92079162597656,161.8988494873047,78.32698059082031,3610.7568359375,141.69342041015625,406.9713439941406,999.1433715820312,1441.467041015625,9375.4248046875,459.28955078125,470.8436584472656,183.12045288085935,553.6260986328125,1578.8868408203125,1673.903076171875,3597.74853515625,2568.80615234375,231.10476684570312,6026.044921875,3451.347900390625,92.25448608398438,1203.5262451171875,2032.0389404296875
2022-03-16,1681.338134765625,2233.887939453125,5404.10205078125,1053.3145751953125,259.7985534667969,493.0485534667969,277.1424560546875,1116.5384521484375,48.49588394165039,1555.6927490234375,359.88458251953125,1885.990966796875,414.9288024902344,2856.481689453125,1900.4549560546875,273.868408203125,667.2350463867188,174.9108428955078,166.89724731445312,77.8675308227539,3642.791015625,148.9405517578125,415.12652587890625,1049.1005859375,1489.415771484375,9408.3984375,472.1114196777344,499.5037231445313,188.9647216796875,563.3947143554688,1590.753662109375,1647.9510498046875,3628.100830078125,2623.653076171875,237.6525421142578,5997.97705078125,3588.182861328125,94.36412811279295,1245.9742431640625,2059.0
2022-03-17,1720.775634765625,2288.836181640625,5580.6474609375,1073.77197265625,262.98992919921875,499.281982421875,276.8929443359375,1136.294921875,47.892242431640625,1584.6126708984375,367.2688598632813,1864.508056640625,412.0313415527344,2924.350341796875,1962.1522216796875,275.3628234863281,677.02978515625,171.47572326660156,162.64859008789062,78.32698059082031,3672.689453125,148.9405517578125,418.46722412109375,1070.0826416015625,1482.9229736328125,9553.2841796875,474.05706787109375,500.3025817871094,196.7570648193359,565.9863891601562,1626.95751953125,1677.8956298828125,3579.11181640625,2587.75341796875,228.39125061035156,6041.63720703125,3688.063232421875,94.1641616821289,1255.9620361328125,2052.2685546875
2022-03-18,1702.304931640625,2305.8203125,5606.58154296875,1085.747314453125,264.78509521484375,499.6809387207031,278.24053955078125,1129.7093505859375,49.029685974121094,1597.0782470703125,359.6350402832031,1893.48486328125,408.6343994140625,2937.3251953125,1938.5916748046875,273.9681091308594,684.0259399414062,170.33737182617188,165.04786682128906,79.00617980957031,3652.4013671875,150.98974609375,415.0282897949219,1067.5848388671875,1495.9091796875,9528.30078125,478.1979064941406,505.695068359375,203.99996948242188,579.3435668945312,1619.1131591796875,1684.8828125,3608.98681640625,2589.747802734375,230.00196838378903,6120.640625,3735.506103515625,93.16433715820312,1252.4666748046875,2057.26220703125
2022-03-21,1685.8309326171875,2307.818115234375,5789.1123046875,1079.7598876953125,260.39691162109375,499.48150634765625,276.843017578125,1126.9154052734375,48.52082824707031,1600.070068359375,374.2041015625,1895.4835205078125,406.33648681640625,2947.305908203125,2017.16162109375,271.47747802734375,676.0303955078125,168.2603302001953,162.69859313964844,80.30463409423828,3636.38427734375,148.84059143066406,418.860107421875,1083.0711669921875,1527.875,9621.2275390625,496.457763671875,505.2956237792969,204.099853515625,584.1282348632812,1625.1473388671875,1669.411376953125,3829.86474609375,2603.708984375,231.71994018554688,6026.044921875,3708.0390625,93.08434295654295,1245.47509765625,2072.2421875
2022-03-22,1658.3743896484375,2321.80517578125,5694.35546875,1080.2586669921875,258.0033874511719,515.2399291992188,278.49005126953125,1117.336669921875,50.1272087097168,1619.515869140625,370.5119323730469,1859.51220703125,419.5246887207031,2938.323486328125,2004.1829833984375,278.5508117675781,646.4464721679688,172.61410522460938,159.34963989257812,80.32461547851562,3672.689453125,153.2388458251953,433.0089111328125,1127.5330810546875,1545.8560791015625,9566.271484375,501.09759521484375,518.477294921875,205.79818725585935,575.5557250976562,1631.3828125,1696.860595703125,3828.395751953125,2597.725341796875,238.9141845703125,6113.36376953125,3738.003173828125,94.77406311035156,1248.4713134765625,2094.213134765625
2022-03-23,1628.9210205078125,2314.811767578125,5785.12109375,1042.8365478515625,256.9063720703125,508.3580627441406,275.5953674316406,1105.5626220703125,49.39885330200195,1597.5765380859375,387.07672119140625,1886.990234375,415.8280029296875,2868.458251953125,2081.5546875,272.5733337402344,642.4486694335938,169.75816345214844,158.59986877441406,82.10249328613281,3614.49462890625,151.53955078125,428.6856384277344,1092.0635986328125,1529.37353515625,9722.14453125,510.0778503417969,511.2872924804687,208.89517211914065,571.5685424804688,1621.7279052734375,1666.916015625,3845.537109375,2592.73974609375,236.5519256591797,5841.01123046875,3741.4990234375,92.04451751708984,1225.9986572265625,2076.236572265625
2022-03-24,1592.97802734375,2317.80859375,5841.9755859375,1063.2938232421875,258.80120849609375,516.2373046875,274.5472412109375,1117.336669921875,49.383880615234375,1612.53515625,388.3740234375,1763.5888671875,417.4265441894531,2920.358154296875,2077.5615234375,270.6804504394531,653.2427978515625,168.1005401611328,153.80140686035156,82.02259826660156,3598.47705078125,147.59107971191406,428.0960998535156,1081.16650390625,1516.3873291015625,9828.060546875,499.2017517089844,501.900390625,218.2859344482422,578.7455444335938,1634.8016357421875,1671.40771484375,3860.229736328125,2575.787109375,240.7396545410156,5857.6435546875,3742.9970703125,92.28449249267578,1227.4969482421875,2119.1796875
2022-03-25,1597.470947265625,2302.82275390625,5909.80126953125,1063.2938232421875,259.1004333496094,515.4393310546875,275.2459411621094,1124.1214599609375,48.64055633544922,1646.9405517578125,390.8686828613281,1734.612060546875,412.9305725097656,2929.3408203125,2107.0126953125,266.4962158203125,644.4475708007812,167.06202697753906,155.20095825195312,84.3997573852539,3616.096435546875,150.14007568359375,430.159423828125,1064.6790771484375,1475.9302978515625,9835.0546875,504.8892822265625,503.8975830078125,220.18409729003903,557.8126220703125,1632.7904052734375,1671.90673828125,3897.450927734375,2527.921142578125,236.7666931152344,5665.333984375,3812.413330078125,110.1214828491211,1223.501953125,2048.274169921875
2022-03-28,1586.987548828125,2341.7861328125,5847.96044921875,1083.2528076171875,260.297119140625,517.3342895507812,279.7377014160156,1130.1083984375,48.67048645019531,1655.416748046875,380.0916137695313,1713.62890625,415.0286865234375,2971.259521484375,2058.09375,268.48870849609375,642.8484497070312,160.251708984375,155.3009490966797,82.6618423461914,3659.8759765625,151.78939819335938,438.70758056640625,1074.67138671875,1478.427734375,9886.013671875,498.5032653808594,501.3012390136719,217.9862365722656,557.2144165039062,1649.2830810546875,1688.376220703125,3816.15185546875,2528.91796875,236.01498413085935,5827.498046875,3817.407470703125,98.36346435546876,1231.991455078125,2040.28466796875
2022-03-29,1678.8421630859375,2381.748291015625,5830.00634765625,1086.2462158203125,257.0060729980469,525.6124877929688,279.7377014160156,1143.8780517578125,49.887752532958984,1627.4937744140625,370.5619201660156,1753.09716796875,431.2142333984375,2965.27099609375,2018.658935546875,279.14862060546875,656.4411010742188,156.2174530029297,165.2977752685547,81.78286743164062,3769.3251953125,160.2860107421875,450.203369140625,1132.1270751953125,1487.4180908203125,10037.890625,479.5948181152344,512.485595703125,215.88832092285156,544.256103515625,1650.6910400390625,1705.3448486328125,3723.099365234375,2596.728271484375,241.59861755371097,5981.34619140625,3878.33447265625,102.36278533935548,1255.4627685546875,2067.2490234375
2022-03-30,1632.41552734375,2372.756591796875,6060.41357421875,1113.1905517578125,260.59637451171875,525.2135620117188,282.33294677734375,1164.83203125,48.011966705322266,1630.984619140625,381.9376525878906,1690.647216796875,428.1170043945313,3034.13818359375,2108.011474609375,272.0751953125,641.44921875,151.22457885742188,159.9994354248047,82.04257202148438,3788.54541015625,152.8389892578125,446.175048828125,1122.634521484375,1478.427734375,10151.7978515625,499.6008911132813,509.2900695800781,215.08908081054688,539.6708374023438,1670.2010498046875,1747.2674560546875,3894.5126953125,2565.81494140625,235.4781951904297,6030.20263671875,3895.31396484375,103.04267120361328,1236.9853515625,2065.25146484375
2022-03-31,1596.9716796875,2380.7490234375,6065.4013671875,1122.1717529296875,252.01951599121097,524.0166625976562,275.4954833984375,1169.821044921875,46.94935989379883,1606.0535888671875,374.5534362792969,1639.68798828125,420.42388916015625,3072.06494140625,2105.016357421875,270.9793395996094,632.4541625976562,148.0890350341797,154.65110778808594,79.98501586914062,3689.24072265625,148.19085693359375,444.20989990234375,1133.12646484375,1450.9569091796875,10123.8203125,498.9024353027344,509.4898376464844,215.42044067382812,532.4937133789062,1656.5235595703125,1745.27099609375,3891.084228515625,2555.843017578125,231.8273162841797,6062.427734375,3858.857666015625,101.08300018310548,1218.689208984375,2058.2607421875
2022-04-01,1567.0191650390625,2362.76611328125,6209.03125,1119.6768798828125,248.229736328125,527.5074462890625,278.49005126953125,1160.441650390625,47.28361129760742,1616.524169921875,378.1456298828125,1683.1534423828125,418.0260314941406,3066.07666015625,2115.997802734375,270.18231201171875,637.8511962890625,146.83084106445312,157.9001007080078,78.26705932617188,3745.833251953125,150.6898651123047,436.84075927734375,1119.6368408203125,1432.9759521484375,10067.865234375,506.4857482910156,509.09033203125,215.2205810546875,532.4937133789062,1665.9769287109375,1729.3004150390625,3986.095947265625,2550.8564453125,233.97491455078125,6247.46044921875,3865.349853515625,99.3532943725586,1212.695556640625,2036.2900390625
2022-04-04,1579.9986572265625,2405.7255859375,6116.27001953125,1124.66650390625,246.53436279296875,523.7174072265625,275.3956604003906,1166.4283447265625,46.78473281860352,1623.00634765625,376.798583984375,1679.156494140625,412.8306884765625,3091.028076171875,2112.504150390625,269.6842346191406,649.6446533203125,146.09190368652344,159.5995635986328,78.74647521972656,3758.64697265625,155.9877471923828,430.3559875488281,1128.6298828125,1429.979248046875,10133.8134765625,503.8914489746094,500.5023193359375,214.82093811035156,546.2496337890625,1662.155517578125,1732.7940673828125,3976.791259765625,2532.9072265625,231.07568359375,6237.06591796875,3900.806884765625,100.34312438964844,1229.1778564453125,2076.236572265625
2022-04-05,1563.5247802734375,2442.69091796875,6104.30078125,1163.5859375,245.9359588623047,526.3107299804688,274.1978759765625,1208.3359375,46.201045989990234,1611.5382080078125,382.0872802734375,1652.6773681640625,411.6317443847656,3185.84521484375,2117.495361328125,271.67669677734375,660.2388916015625,146.7908935546875,158.10006713867188,79.60546112060547,3776.265869140625,153.83859252929688,432.3211364746094,1132.6268310546875,1387.5244140625,10325.658203125,515.66552734375,498.9045715332031,215.2205810546875,559.8062133789062,1713.4443359375,1793.681640625,4047.804931640625,2555.843017578125,229.3576812744141,6193.40576171875,3974.718505859375,98.64341735839844,1231.6751708984375,2062.255126953125
2022-04-06,1575.0064697265625,2444.68896484375,6093.3291015625,1174.064208984375,240.5504913330078,522.8197631835938,272.2015380859375,1218.8131103515625,45.08356094360352,1664.3917236328125,380.0417175292969,1585.731201171875,411.8315734863281,3204.80859375,2127.97802734375,269.1861572265625,650.4442749023438,143.1361083984375,150.6024169921875,80.48442840576172,3734.621337890625,145.99172973632812,436.44781494140625,1109.1448974609375,1365.04833984375,10453.5537109375,517.461669921875,496.9073181152344,214.62110900878903,542.8604736328125,1734.563232421875,1802.1656494140625,3966.99560546875,2546.867919921875,226.24368286132812,6183.0107421875,4006.18017578125,96.44378662109376,1220.68701171875,2028.3006591796875
2022-04-07,1575.505615234375,2446.6875,6072.38232421875,1167.5775146484375,245.33758544921875,520.0272216796875,272.2015380859375,1213.3250732421875,44.24849319458008,1655.416748046875,376.5990295410156,1592.7254638671875,411.2321166992187,3166.881591796875,2082.55322265625,265.4999694824219,649.0451049804688,140.38003540039062,150.85231018066406,80.42449188232422,3740.494873046875,145.0920867919922,415.1656799316406,1084.1641845703125,1374.162353515625,10659.3876953125,513.5701293945312,493.7117614746094,215.020751953125,536.8796997070312,1750.85498046875,1787.692626953125,3896.471435546875,2554.845703125,228.06915283203125,6183.0107421875,3989.200927734375,94.73406219482422,1225.681640625,2033.2939453125
2022-04-08,1595.4739990234375,2441.69189453125,6122.25537109375,1164.0849609375,245.9359588623047,528.6046752929688,270.8040466308594,1223.3031005859375,44.49800109863281,1672.8685302734375,390.6691284179687,1589.72802734375,415.6282043457031,3124.962890625,2164.417724609375,267.7912902832031,643.847900390625,144.39431762695312,153.35153198242188,80.92389678955078,3777.333740234375,146.94137573242188,418.5073547363281,1101.650634765625,1413.12451171875,10921.1767578125,526.8410034179688,508.4912109375,216.4196014404297,542.6611938476562,1788.6676025390625,1813.6444091796875,4085.02587890625,2565.81494140625,232.36422729492188,6193.40576171875,4015.6689453125,94.26414489746094,1231.6751708984375,2061.2568359375
2022-04-11,1585.989013671875,2431.701171875,6054.4296875,1137.1407470703125,250.42381286621097,531.89599609375,274.69696044921875,1216.8173828125,44.99203872680664,1685.333984375,385.8293151855469,1538.2689208984375,417.2267150878906,3046.114990234375,2131.47216796875,269.7837829589844,633.8533325195312,144.7338104248047,153.4015350341797,80.60427856445312,3727.146728515625,144.1924591064453,421.1611633300781,1058.1842041015625,1424.11376953125,10849.2353515625,519.2576904296875,513.8836059570312,219.21725463867188,542.4617919921875,1793.8970947265625,1793.182373046875,3987.07568359375,2528.91796875,235.1560516357422,6122.71875,3997.690673828125,94.98402404785156,1223.184326171875,2064.2529296875
2022-04-12,1559.531005859375,2404.7265625,6138.21337890625,1137.6395263671875,243.9413146972656,517.9329223632812,270.1053466796875,1191.37353515625,44.033912658691406,1673.366943359375,395.1097106933594,1533.772705078125,408.6343994140625,3055.097900390625,2161.922119140625,270.3815612792969,637.8511962890625,143.05621337890625,153.3015594482422,79.60546112060547,3664.6806640625,147.3411407470703,421.5543212890625,1064.6790771484375,1405.6317138671875,10495.521484375,523.6478881835938,500.7020263671875,216.2197265625,548.0438842773438,1793.8970947265625,1780.206298828125,4016.460693359375,2504.98486328125,231.93467712402344,6076.9814453125,3960.735107421875,89.77490234375,1210.1981201171875,2063.25390625
2022-04-13,1596.9716796875,2416.71533203125,6165.14453125,1136.6419677734375,237.95750427246097,516.835693359375,264.7152404785156,1182.3931884765625,44.05387496948242,1664.890625,396.5066528320313,1529.2764892578125,403.4390563964844,3068.072509765625,2178.39501953125,269.1861572265625,641.8490600585938,144.05479431152344,150.05259704589844,79.44567108154297,3669.486083984375,147.4911346435547,422.2423400878906,1062.1810302734375,1435.6025390625,10501.515625,528.9363403320312,501.70062255859375,216.8192596435547,537.6771240234375,1791.2822265625,1786.1954345703125,4062.987060546875,2491.0244140625,233.43798828125,6203.80029296875,3925.777099609375,90.01486206054688,1192.717041015625,2063.25390625
2022-04-14,1580.4976806640625,2436.6962890625,6196.064453125,1131.153076171875,241.1488800048828,521.024658203125,265.8132019042969,1180.896484375,44.89223098754883,1655.9150390625,398.6021728515625,1530.7750244140625,403.6388854980469,3064.08056640625,2188.378173828125,273.37030029296875,644.4475708007812,145.6525115966797,149.05291748046875,78.52674865722656,3661.477294921875,147.44114685058594,426.86175537109375,1068.1763916015625,1432.60546875,10527.4931640625,525.6434936523438,507.6922912597656,216.8192596435547,535.8829956054688,1783.0360107421875,1789.189697265625,4083.06689453125,2486.03857421875,235.1560516357422,6295.27783203125,3958.73779296875,93.4142837524414,1193.216552734375,2067.2490234375
2022-04-19,1569.0159912109375,2396.734130859375,6126.24462890625,1110.1966552734375,244.2405242919922,524.2161865234375,269.8059387207031,1165.430419921875,45.281471252441406,1670.873779296875,400.1988220214844,1573.74072265625,393.2481994628906,3023.159423828125,2224.318359375,270.6804504394531,641.6491088867188,145.4927520751953,147.80331420898438,78.3070068359375,3653.46923828125,142.99293518066406,428.3361511230469,1055.1864013671875,1452.0865478515625,10491.5244140625,534.42431640625,507.6922912597656,219.01744079589844,541.8637084960938,1769.560302734375,1781.70361328125,4069.843994140625,2437.1748046875,236.6593475341797,6185.0888671875,3862.852783203125,95.48394012451172,1232.6739501953125,2078.234130859375
2022-04-20,1617.938720703125,2402.728271484375,5834.994140625,1119.177978515625,241.24859619140625,536.583740234375,266.0129089355469,1177.9033203125,46.23960494995117,1673.86572265625,400.2986145019531,1621.2027587890625,404.6380004882813,3048.111572265625,2204.351318359375,276.7575378417969,639.6502075195312,148.66822814941406,149.10287475585938,79.12604522705078,3703.655517578125,144.4423370361328,436.6905212402344,1077.669189453125,1461.0777587890625,10461.548828125,517.7609252929688,513.8836059570312,220.2164306640625,543.6580200195312,1750.6536865234375,1823.127197265625,3952.792724609375,2479.057861328125,242.56509399414065,6365.96484375,3868.845458984375,93.40428924560548,1243.1627197265625,2039.2861328125
2022-04-21,1650.3870849609375,2396.734130859375,5730.26318359375,1118.6788330078125,241.94674682617188,535.4865112304688,264.61541748046875,1159.9427490234375,46.83343505859375,1680.34765625,402.2943420410156,1671.7891845703125,413.62994384765625,3015.174560546875,2218.328369140625,264.33111572265625,636.2520141601562,149.84654235839844,154.70111083984375,80.24470520019531,3753.307861328125,147.1912384033203,436.3956909179687,1070.6744384765625,1481.0582275390625,10495.521484375,488.7234497070313,523.4703369140625,222.81423950195312,548.2432861328125,1754.6761474609375,1810.6502685546875,3603.598876953125,2526.923828125,243.1019287109375,6411.70263671875,3916.28857421875,96.58375549316406,1301.1002197265625,2047.275390625
2022-04-22,1621.93212890625,2392.73779296875,5649.470703125,1125.66455078125,240.0518493652344,521.9220581054688,265.114501953125,1169.9208984375,46.02003479003906,1684.8353271484375,392.3156127929687,1627.3214111328125,405.6371154785156,3042.123291015625,2184.384521484375,257.0550231933594,633.4535522460938,146.49131774902344,151.85203552246094,79.08609771728516,3781.0703125,144.7422332763672,430.30181884765625,1043.1956787109375,1464.57421875,10271.7021484375,475.2503662109375,514.6825561523438,221.0157470703125,514.9498901367188,1751.860595703125,1824.624267578125,3389.57763671875,2521.9375,239.12896728515625,6380.517578125,3892.3173828125,91.55461120605467,1290.1123046875,2009.3258056640625
2022-04-25,1635.91015625,2402.728271484375,5358.21923828125,1130.1551513671875,242.7445526123047,500.2794189453125,268.1090087890625,1178.402099609375,45.3114128112793,1618.0205078125,368.0671691894531,1599.3416748046875,395.0465393066406,3047.112548828125,2071.072021484375,251.67271423339844,632.0543823242188,143.9748992919922,152.95167541503906,79.66539764404297,3851.01123046875,140.34397888183594,421.4560546875,988.4379272460938,1448.5899658203125,10225.73828125,448.4538879394531,496.6077575683594,218.8175811767578,510.763427734375,1749.044677734375,1824.1253662109375,3157.434814453125,2501.99365234375,234.2970733642578,6565.55029296875,3934.26708984375,86.81539916992188,1265.138916015625,2036.2900390625
2022-04-26,1595.4739990234375,2403.727783203125,5439.01171875,1150.11376953125,239.55319213867188,472.60247802734375,269.70611572265625,1199.3558349609375,45.79546356201172,1620.0147705078125,378.6446838378906,1602.33935546875,399.0429992675781,3110.989501953125,2120.490234375,248.88186645507812,618.4617919921875,142.77658081054688,141.6552276611328,78.80642700195312,3888.918212890625,133.39675903320312,422.2423400878906,980.2442626953124,1440.0982666015625,10323.66015625,463.87310791015625,481.7284851074219,215.42044067382812,500.3965759277344,1764.53173828125,1830.6131591796875,3243.63134765625,2506.979736328125,236.5519256591797,6478.23193359375,3967.22705078125,84.09586334228516,1260.14453125,2002.335205078125
2022-04-27,1595.4739990234375,2412.718994140625,5660.4423828125,1158.09716796875,238.3564453125,485.0196533203125,273.0998840332031,1206.34033203125,45.680694580078125,1640.956787109375,377.5968322753906,1608.8349609375,417.6263427734375,3153.906982421875,2126.979736328125,244.4962921142578,618.0619506835938,141.71812438964844,136.90673828125,79.265869140625,3820.0458984375,129.94813537597656,419.09710693359375,985.2404174804688,1439.5987548828125,10503.513671875,478.6935119628906,479.0322265625,210.42459106445312,491.32562255859375,1807.171875,1842.591064453125,3434.634521484375,2488.03271484375,238.0552215576172,6434.57177734375,3961.73388671875,82.36614227294922,1267.136962890625,1984.359130859375
2022-04-28,1626.4251708984375,2423.06591796875,5613.56298828125,1162.0889892578125,228.08416748046875,492.749267578125,271.80224609375,1222.80419921875,46.21964263916016,1638.96240234375,387.2264404296875,1548.8782958984375,425.41937255859375,3161.89111328125,2181.38916015625,249.38023376464844,632.6539916992188,146.09190368652344,138.8561248779297,80.30463409423828,3924.15576171875,133.2968292236328,423.81488037109375,1004.725341796875,1458.0806884765625,10553.474609375,482.4360046386719,546.837646484375,208.8259124755859,488.2355346679687,1820.6478271484375,1852.572509765625,3382.720947265625,2515.95458984375,239.34373474121097,6454.3427734375,3984.706298828125,83.29598236083984,1310.5902099609375,2026.30322265625
2022-04-29,1634.91162109375,2391.09130859375,5691.36279296875,1148.616943359375,232.67176818847656,499.9801635742187,271.5028381347656,1191.37353515625,45.79047775268555,1661.400146484375,390.7189636230469,1557.87158203125,431.2142333984375,3139.93359375,2169.4091796875,251.2740173339844,634.4530029296875,147.98919677734375,137.7064971923828,79.36575317382812,3971.13916015625,133.3468017578125,425.8789367675781,1009.2219848632812,1476.063232421875,10679.3701171875,496.3082885742187,551.0319213867188,211.82345581054688,488.63427734375,1807.171875,1865.04931640625,3512.505126953125,2516.95166015625,234.0822601318359,6487.61279296875,4013.671630859375,83.27599334716797,1301.599853515625,1880.9964599609375
2022-05-03,1627.423583984375,2349.124755859375,5630.51904296875,1123.169677734375,240.25128173828125,511.4499206542969,276.1942443847656,1191.8724365234375,46.08988952636719,1666.885009765625,413.3707885742187,1497.415283203125,433.8119201660156,3070.069091796875,2212.3388671875,252.66941833496097,634.253173828125,150.78521728515625,143.35467529296875,79.38572692871094,3906.53759765625,134.7961883544922,432.4642333984375,1003.2265625,1493.046630859375,10675.375,482.5358276367187,565.2120361328125,213.82174682617188,500.9946594238281,1804.9595947265625,1851.0753173828125,3506.628173828125,2553.848388671875,238.0552215576172,6595.73974609375,3991.19873046875,84.18583679199219,1303.09814453125,1887.4881591796875
2022-05-04,1602.4630126953125,2345.1279296875,5477.91162109375,1107.2027587890625,233.07069396972656,514.0430297851562,271.203369140625,1180.896484375,45.56092834472656,1655.416748046875,415.0172729492187,1506.4090576171875,424.220458984375,3027.151611328125,2221.3232421875,248.3834991455078,626.0575561523438,150.3458251953125,140.65554809570312,79.00617980957031,3867.562255859375,128.44871520996094,426.9601440429687,986.0397338867188,1502.537353515625,10497.51953125,481.3381958007813,568.0081787109375,212.8225860595703,486.4412841796875,1781.225830078125,1840.5948486328125,3435.6142578125,2486.03857421875,236.22979736328125,6610.29541015625,3919.78466796875,83.20600891113281,1307.5933837890625,1850.0379638671875
2022-05-05,1591.9796142578125,2373.105712890625,5466.939453125,1129.6561279296875,231.3752899169922,506.6625671386719,271.203369140625,1197.859130859375,43.9390983581543,1668.8795166015625,418.0109558105469,1479.9281005859375,406.0367126464844,3092.026611328125,2289.211181640625,246.09103393554688,615.4634399414062,149.60690307617188,135.80711364746094,80.02497863769531,3876.1044921875,127.99889373779295,418.5073547363281,956.462646484375,1509.0311279296875,10503.513671875,483.1346435546875,564.2134399414062,214.0215759277344,483.0521545410156,1790.678955078125,1861.555908203125,3448.83740234375,2315.614990234375,225.7068634033203,6614.45361328125,3943.255859375,81.72624969482422,1320.0799560546875,1683.259765625
2022-05-06,1545.5531005859375,2305.159912109375,5426.0458984375,1089.7391357421875,227.2863006591797,500.6783447265625,270.9039306640625,1176.9052734375,43.285377502441406,1652.923583984375,425.7444763183594,1470.9346923828125,429.8155212402344,2990.22265625,2295.700927734375,239.01434326171875,579.083251953125,148.4285430908203,134.00767517089844,76.40926361083984,3840.867431640625,123.5007095336914,407.7941284179687,919.8907470703124,1481.0582275390625,10313.66796875,486.627685546875,559.220458984375,210.6244354248047,458.0323181152344,1779.0130615234375,1824.624267578125,3417.003662109375,2339.558837890625,224.95518493652344,6574.9462890625,3778.95361328125,80.29650115966797,1302.099365234375,1732.694091796875
2022-05-09,1564.523193359375,2297.16650390625,5174.69189453125,1075.768310546875,232.37258911132812,491.4028625488281,274.9964294433594,1176.4063720703125,42.26238250732422,1647.9376220703125,403.9407958984375,1435.9600830078125,441.4050903320313,2952.296142578125,2221.3232421875,234.42938232421875,560.0936889648438,145.7723388671875,132.758056640625,71.85466766357422,3882.51123046875,117.50309753417967,395.2133483886719,880.3212890625,1447.0911865234375,10131.814453125,457.6355590820313,546.2385864257812,202.43125915527344,458.63037109375,1746.6312255859375,1801.167724609375,3232.36669921875,2294.663330078125,219.1567840576172,6570.78857421875,3723.020751953125,78.48680114746094,1249.6558837890625,1694.7445068359375
2022-05-10,1572.0111083984375,2298.165283203125,5149.75634765625,1089.239990234375,232.37258911132812,494.3949279785156,276.693359375,1184.8875732421875,42.50690078735352,1671.8712158203125,404.0906066894531,1449.4501953125,436.4095764160156,2981.240478515625,2229.809326171875,237.7185821533203,550.2989501953125,143.4356689453125,134.30758666992188,74.67133331298828,3951.38427734375,116.9033432006836,399.04644775390625,882.3197021484375,1451.5870361328125,10237.7294921875,454.5916442871094,553.6282958984375,205.2289123535156,456.7364807128906,1755.2796630859375,1817.63720703125,3218.65380859375,2273.712158203125,218.61996459960935,6537.517578125,3709.537109375,78.2368392944336,1237.169189453125,1738.6861572265625
2022-05-11,1595.4739990234375,2297.16650390625,5343.2578125,1097.7225341796875,230.77688598632812,498.1350402832031,275.3956604003906,1196.3623046875,43.030879974365234,1689.8214111328125,419.0087585449219,1438.957763671875,438.8074645996094,3046.114990234375,2312.672607421875,241.90480041503903,556.8954467773438,147.0904998779297,136.65682983398438,78.1272201538086,3940.7060546875,118.85255432128906,404.05908203125,941.4742431640624,1464.074951171875,10017.9072265625,475.05078125,570.6045532226562,204.82923889160156,456.8360900878906,1749.8489990234375,1837.600341796875,3327.86865234375,2230.81201171875,220.6600799560547,6635.24755859375,3754.982177734375,80.4864730834961,1229.1778564453125,1727.2015380859375
2022-05-12,1684.3333740234375,2249.204345703125,5189.6533203125,1090.737060546875,232.67176818847656,482.1272888183594,273.5990295410156,1188.380126953125,42.87617492675781,1663.893310546875,399.3421325683594,1442.455322265625,448.5986633300781,3006.192138671875,2236.798095703125,238.5159454345703,552.2980346679688,145.732421875,140.85549926757812,76.18952941894531,3938.5712890625,126.69943237304688,391.28179931640625,913.8953857421876,1453.0855712890625,9956.955078125,454.0926208496094,564.2134399414062,212.4228973388672,460.82330322265625,1722.897216796875,1818.1361083984375,3176.045166015625,2239.790771484375,223.0224151611328,6651.8828125,3705.542236328125,81.3663101196289,1218.1895751953125,1694.7445068359375
2022-05-13,1763.7076416015625,2291.171142578125,5306.35400390625,1115.186279296875,238.1569366455078,500.0798950195313,280.6860046386719,1217.3162841796875,43.78939056396485,1702.286865234375,413.86279296875,1510.4061279296875,455.5924072265625,3072.06494140625,2299.693359375,247.8851623535156,559.4940185546875,150.1461181640625,141.6552276611328,76.94862365722656,4001.036865234375,131.39755249023438,401.208740234375,959.2604370117188,1501.5384521484375,10277.697265625,460.4300231933594,580.5906982421875,221.81507873535156,465.8074035644531,1765.33642578125,1847.581787109375,3236.774169921875,2243.781494140625,225.4920654296875,6714.263671875,3818.90576171875,83.83589935302734,1274.6290283203125,1721.708740234375
2022-05-16,1786.67138671875,2306.1591796875,5325.30419921875,1120.176025390625,243.9413146972656,497.2374267578125,286.17596435546875,1225.797607421875,43.579795837402344,1707.7718505859375,417.50543212890625,1490.9202880859375,467.9813232421875,3112.986083984375,2333.6376953125,251.47335815429688,556.0958862304688,151.4842071533203,144.25442504882812,79.72532653808594,3985.55419921875,130.59786987304688,393.5496520996094,964.8561401367188,1506.0340576171875,10457.55078125,476.04876708984375,586.7820434570312,220.2164306640625,466.8042297363281,1808.579833984375,1865.5484619140625,3279.872802734375,2279.697998046875,225.59947204589844,6680.9931640625,3862.353271484375,80.66643524169922,1292.609619140625,1708.725830078125
2022-05-17,1787.1705322265625,2298.165283203125,5455.96875,1131.153076171875,239.45346069335935,501.0773315429687,277.7912902832031,1234.2789306640625,43.71453857421875,1842.39892578125,420.3995666503906,1502.9114990234375,479.1712951660156,3117.97607421875,2346.616455078125,257.6530456542969,563.6918334960938,155.63829040527344,142.954833984375,84.43973541259766,3914.545654296875,131.79739379882812,404.5190124511719,1015.7169189453124,1524.0166015625,10479.5341796875,497.25640869140625,590.9761962890625,222.21478271484375,464.3121337890625,1796.310546875,1877.0272216796875,3426.798583984375,2261.739990234375,228.49867248535156,6539.5966796875,3831.390625,81.19634246826172,1288.6138916015625,1724.205322265625
2022-05-18,1714.78515625,2288.173828125,5358.21923828125,1142.13037109375,238.3564453125,494.1954650878906,265.61358642578125,1242.76025390625,43.71453857421875,1851.8726806640625,421.4973449707031,1469.935546875,486.1650695800781,3130.95068359375,2366.583251953125,253.66615295410156,556.2957153320312,154.97921752929688,136.95672607421875,87.75579071044922,3871.83349609375,124.6502456665039,412.8457336425781,990.6363525390624,1508.0321044921875,10235.7314453125,497.2064514160156,595.56982421875,224.81260681152344,439.2923889160156,1780.219970703125,1916.4544677734375,3343.051025390625,2225.82373046875,227.2101593017578,6587.42236328125,3756.48046875,84.76573944091797,1279.1241455078125,1676.2689208984375
2022-05-19,1683.3349609375,2238.213623046875,5333.2841796875,1121.6728515625,236.36180114746097,484.62066650390625,254.70741271972656,1204.344970703125,43.34525680541992,1813.9776611328125,411.8668823242187,1464.4393310546875,472.9768676757813,3071.067138671875,2324.8486328125,245.89170837402344,536.3067626953125,153.0619659423828,133.55783081054688,86.53723907470703,3685.88671875,122.1512451171875,407.7599792480469,976.4472045898438,1490.049560546875,10241.7265625,496.9570007324219,589.7779541015625,216.8192596435547,427.5300598144531,1741.572509765625,1891.9996337890625,3395.94482421875,2142.018310546875,224.5257568359375,6394.041015625,3565.710205078125,83.01603698730469,1256.6483154296875,1701.2359619140625
2022-05-20,1685.8309326171875,2263.193359375,5435.0224609375,1127.6605224609375,232.0733642578125,489.4578857421875,259.89935302734375,1207.837158203125,43.514923095703125,1785.5562744140625,416.3577270507813,1487.9222412109375,473.7761840820313,3106.99755859375,2332.83642578125,250.0779571533203,550.2989501953125,152.5027618408203,136.85675048828125,88.0754165649414,3755.30078125,121.4515151977539,410.9510192871094,1005.2249755859376,1512.028076171875,10485.5283203125,496.3582458496094,585.7835083007812,217.0190887451172,421.0507507324219,1774.1591796875,1908.96826171875,3451.2861328125,2168.955810546875,225.8142242431641,6489.69189453125,3593.6767578125,83.29598236083984,1271.1326904296875,1735.68994140625
2022-05-23,1735.751953125,2299.16455078125,5547.732421875,1127.161376953125,232.67176818847656,499.6809387207031,261.4969177246094,1222.30517578125,44.418155670166016,1791.5400390625,427.9342956542969,1527.3936767578125,480.3702392578125,3134.943359375,2383.756103515625,256.955322265625,556.2957153320312,157.515625,136.45687866210938,89.49372100830078,3779.328857421875,123.60066223144533,428.00335693359375,1016.216552734375,1537.0037841796875,10591.4423828125,511.97698974609375,601.1619873046875,218.4179229736328,421.64886474609375,1792.2625732421875,1912.9608154296875,3579.11181640625,2214.848876953125,233.008544921875,6508.40625,3648.111083984375,83.12601470947266,1286.6160888671875,1756.1627197265625
2022-05-24,1709.2939453125,2310.156005859375,5526.78564453125,1133.14892578125,231.67445373535156,517.5338745117188,257.9024658203125,1220.3095703125,43.92412567138672,1780.0716552734375,422.7447814941406,1525.395263671875,477.7725524902344,3141.929931640625,2362.2900390625,251.2740173339844,553.0975952148438,162.54843139648438,132.20823669433594,83.06136322021484,3781.46435546875,119.25240325927734,427.5047302246094,1007.72314453125,1520.5198974609375,10589.4462890625,518.3642578125,614.7431030273438,217.41879272460935,424.739013671875,1792.2625732421875,1762.7388916015625,3550.21630859375,2165.962646484375,232.47161865234375,6477.21630859375,3624.14013671875,80.06653594970703,1290.1123046875,1687.75390625
2022-05-25,1750.728271484375,2277.18212890625,5631.51708984375,1110.1966552734375,228.6825256347656,519.9276733398438,254.9071044921875,1224.3009033203125,44.20357894897461,1836.4156494140625,426.98626708984375,1520.8983154296875,472.1775817871094,3065.078369140625,2374.7705078125,251.97171020507812,565.690673828125,163.64691162109375,138.606201171875,85.21879577636719,3730.205078125,111.95530700683594,433.5877990722656,986.4395141601562,1526.0145263671875,10591.4423828125,519.7614135742188,616.7402954101562,214.0215759277344,423.84185791015625,1785.222412109375,1864.0513916015625,3628.576904296875,2187.91162109375,235.2634124755859,6458.50244140625,3628.63427734375,83.50595092773438,1294.6072998046875,1674.2716064453125
2022-05-26,1772.1943359375,2267.190185546875,5616.55517578125,1036.8487548828125,231.67445373535156,523.9169921875,257.6029052734375,1183.889892578125,45.24654006958008,1782.7706298828125,434.3712463378906,1554.873779296875,478.1722412109375,2935.3291015625,2400.23046875,257.6530456542969,580.6824340820312,167.44146728515625,149.55276489257812,79.04613494873047,3724.865478515625,119.10246276855467,440.2690734863281,1006.2242431640624,1552.98828125,10537.486328125,518.1646118164062,622.9315795898438,216.6194305419922,454.64312744140625,1763.9002685546875,1778.2100830078125,3680.000732421875,2212.853271484375,239.9880523681641,6423.15283203125,3634.128173828125,86.42546081542969,1303.09814453125,1701.735107421875
2022-05-27,1752.725341796875,2281.178955078125,5687.37255859375,1041.83837890625,230.47769165039065,530.9984130859375,258.1022033691406,1161.4395751953125,45.14673614501953,1792.245361328125,429.7805786132813,1572.8607177734375,486.7645263671875,2933.332763671875,2376.26806640625,261.3409118652344,576.4846801757812,170.13763427734375,149.80267333984375,77.14836883544922,3711.516845703125,119.90213012695312,439.6707458496094,1029.20654296875,1552.98828125,10571.458984375,525.1506958007812,626.1271362304688,213.82174682617188,450.6559143066406,1743.181884765625,1749.2637939453125,3725.057861328125,2232.8076171875,243.9609832763672,6360.77197265625,3639.121826171875,86.89539337158203,1294.6072998046875,1686.2559814453125
2022-05-30,1769.6982421875,2289.17236328125,5720.28759765625,1044.8321533203125,230.47769165039065,527.2083740234375,258.80108642578125,1159.9427490234375,45.05192184448242,1764.818115234375,432.6248474121094,1612.3323974609375,483.1677551269531,2961.279052734375,2370.277099609375,264.2314453125,590.47705078125,170.9764404296875,152.2519073486328,77.34814453125,3732.874755859375,124.4503173828125,433.4880065917969,1050.1905517578125,1576.465576171875,10459.548828125,525.4500732421875,625.7277221679688,219.01744079589844,457.2348937988281,1737.9520263671875,1761.74072265625,3771.094970703125,2223.82861328125,245.7863311767578,6362.8515625,3664.091796875,88.97504425048828,1320.0799560546875,1704.7313232421875
2022-05-31,1744.73779296875,2274.1845703125,5735.25,1055.8094482421875,227.78494262695312,531.5966796875,258.60137939453125,1168.424072265625,44.80240249633789,1785.7626953125,433.373291015625,1587.3502197265625,485.9652099609375,2909.379150390625,2372.7734375,258.84912109375,589.2777099609375,168.8195037841797,149.80267333984375,79.08609771728516,4084.7509765625,122.60106658935548,428.8011474609375,1036.7008056640625,1553.48779296875,10445.560546875,521.0587768554688,628.92333984375,215.82009887695312,388.4552612304687,1742.5782470703125,1768.7275390625,3807.336181640625,2217.84228515625,245.03472900390625,6381.56494140625,3670.583740234375,86.67543029785156,1291.61083984375,1696.242431640625
2022-06-01,1700.3082275390625,2205.239501953125,5743.22900390625,1037.8468017578125,226.58816528320312,528.2056884765625,258.5015869140625,1118.83056640625,45.03694915771485,1786.760009765625,430.42926025390625,1611.83251953125,479.37115478515625,2828.132080078125,2357.298583984375,254.76254272460935,586.479248046875,167.56129455566406,149.85264587402344,80.44446563720703,3956.6015625,122.05128479003906,427.5047302246094,1017.2158203125,1559.4820556640625,10433.5712890625,522.6557006835938,631.9191284179688,213.2222595214844,382.4744262695313,1717.6353759765625,1757.2490234375,3771.094970703125,2195.89306640625,243.42404174804688,6425.232421875,3617.64794921875,88.715087890625,1267.636474609375,1670.7763671875
2022-06-06,1772.6934814453125,2241.211181640625,5940.7216796875,1042.337646484375,227.1865692138672,532.0953979492188,260.09912109375,1125.3179931640625,45.50603866577149,1801.720703125,439.560791015625,1632.8175048828125,491.9598693847656,2867.06494140625,2390.744873046875,259.3475036621094,589.2777099609375,171.11624145507812,150.7523651123047,83.08135223388672,3970.484130859375,123.2008285522461,429.0006103515625,1062.6806640625,1558.48291015625,10063.8701171875,540.4202270507812,625.7277221679688,215.2205810546875,381.677001953125,1704.7618408203125,1816.638916015625,3885.20703125,2271.716796875,247.39700317382812,6468.8984375,3700.048583984375,92.90437316894533,1261.6429443359375,1672.77392578125
2022-06-07,1771.695068359375,2221.226806640625,6075.3759765625,1045.830078125,220.8038024902344,527.9063110351562,257.6029052734375,1104.3587646484375,45.50104141235352,1809.69921875,445.5986022949219,1606.836181640625,487.3639831542969,2888.028564453125,2412.21142578125,255.9585876464844,576.2848510742188,168.7595977783203,146.4037322998047,84.7793197631836,3946.990478515625,118.40274047851562,424.812255859375,1041.1973876953125,1555.48583984375,10221.7421875,538.52392578125,621.7333984375,214.0215759277344,376.8923034667969,1729.5035400390625,1804.6612548828125,3935.161865234375,2256.75146484375,244.81997680664065,6439.787109375,3651.107421875,91.84455871582033,1254.1510009765625,1659.2918701171875
2022-06-08,1770.1973876953125,2209.236328125,6049.44140625,1043.3350830078125,221.80111694335935,518.8304443359375,259.3003234863281,1092.3818359375,45.84537506103515,1813.18994140625,450.48870849609375,1587.85009765625,483.967041015625,2883.03759765625,2436.17431640625,255.9585876464844,570.4879760742188,168.32020568847656,148.20315551757812,83.18122863769531,3927.23388671875,122.2012176513672,424.1142272949219,1057.1849365234375,1552.48876953125,10301.6767578125,536.92724609375,611.9468383789062,214.22140502929688,373.20416259765625,1761.0843505859375,1771.2230224609375,3924.877197265625,2237.7958984375,246.8601837158203,6369.08935546875,3595.67431640625,92.3744659423828,1260.6439208984375,1644.3116455078125
2022-06-09,1772.1943359375,2179.260498046875,5884.86572265625,1040.84033203125,208.9291076660156,510.4525146484375,251.81185913085935,1082.4012451171875,44.702606201171875,1790.250732421875,447.3949279785156,1608.3350830078125,482.9678955078125,2897.01318359375,2391.743896484375,252.76910400390625,558.0948486328125,165.68397521972656,144.05450439453125,81.84281921386719,3885.051513671875,121.4515151977539,421.62115478515625,1029.7059326171875,1541.4996337890625,10047.8828125,532.13671875,595.96923828125,208.8259124755859,367.322998046875,1719.6470947265625,1761.241455078125,3824.47802734375,2194.895263671875,245.1421356201172,6308.787109375,3594.176025390625,91.6745834350586,1230.67626953125,1608.8587646484375
2022-06-10,1704.8009033203125,2156.278564453125,5675.404296875,1043.8343505859375,212.82034301757812,497.7859191894531,249.715087890625,1079.9058837890625,43.6147346496582,1787.2587890625,436.56683349609375,1552.375732421875,470.1793518066406,2879.044189453125,2334.333740234375,241.7054748535156,552.2980346679688,159.57266235351562,140.10572814941406,80.56433868408203,3886.654052734375,116.70342254638672,404.2697143554687,984.2412109375,1500.5394287109375,9843.0478515625,504.4919128417969,580.9901123046875,204.82923889160156,358.75042724609375,1746.6014404296875,1751.260009765625,3538.9521484375,2136.032470703125,237.9478454589844,6281.75537109375,3531.25146484375,87.97520446777344,1207.7010498046875,1581.3955078125
2022-06-13,1690.8231201171875,2142.2900390625,5565.6865234375,1056.8074951171875,204.43923950195312,501.5759582519531,245.7212829589844,1075.913818359375,42.74143981933594,1780.77587890625,425.4393310546875,1521.8978271484375,473.9759521484375,2895.0166015625,2283.912841796875,240.01104736328125,532.7086181640625,155.8579559326172,137.106689453125,77.88751220703125,3874.906982421875,114.90413665771484,403.0730285644531,975.84765625,1493.046630859375,9769.10546875,480.3402404785156,578.5934448242188,204.82923889160156,354.6635437011719,1746.6014404296875,1705.3448486328125,3446.388916015625,2136.032470703125,235.1560516357422,6279.6767578125,3516.269775390625,86.15550994873047,1174.7364501953125,1535.4566650390625
2022-06-14,1671.3538818359375,2079.34033203125,5540.75,1025.8714599609375,202.8428497314453,519.0299682617188,246.32032775878903,1048.4671630859375,43.285377502441406,1796.23486328125,434.0718994140625,1520.8983154296875,492.958984375,2802.176513671875,2304.380126953125,240.708740234375,513.1194458007812,156.53700256347656,134.7074432373047,76.00972747802734,3854.61669921875,111.70541381835938,402.973388671875,972.8499755859376,1473.066162109375,9742.12890625,482.336181640625,598.7653198242188,203.03074645996097,360.0462951660156,1722.060791015625,1638.46875,3384.1904296875,2125.05810546875,237.7330780029297,6225.61376953125,3443.856689453125,87.90521240234375,1162.7491455078125,1507.49365234375
2022-06-15,1762.7093505859375,2114.3125,5620.54541015625,1042.337646484375,209.32823181152344,529.2030029296875,250.8134307861328,1055.9525146484375,43.97901916503906,1819.6727294921875,426.5371398925781,1568.364013671875,501.5513000488281,2863.071533203125,2267.43896484375,248.88186645507812,521.7146606445312,160.5313262939453,139.00608825683594,78.84637451171875,3873.30517578125,111.30558013916016,416.0368347167969,993.6339721679688,1496.5433349609375,9848.0439453125,491.6177062988281,609.9497680664062,205.6285858154297,375.496826171875,1728.4976806640625,1654.938232421875,3478.22265625,2161.9716796875,242.7798614501953,6198.5810546875,3502.28662109375,90.67475128173828,1171.2403564453125,1515.9825439453125
2022-06-16,1767.701416015625,2080.33935546875,5430.03564453125,1042.8365478515625,207.23292541503903,510.2530212402344,249.31570434570312,1041.480712890625,42.15758514404297,1775.29052734375,403.5835876464844,1493.41845703125,488.1632385253906,2857.082275390625,2140.637939453125,243.20054626464844,499.22698974609375,153.42144775390625,132.4581756591797,76.56907653808594,3794.81298828125,102.8589324951172,407.6602478027344,940.0752563476562,1421.6162109375,9752.12109375,463.07470703125,592.374267578125,198.8342437744141,371.0111999511719,1681.6292724609375,1594.5498046875,3376.3544921875,2114.083251953125,231.18307495117188,6208.97802734375,3425.87841796875,87.07535552978516,1119.2957763671875,1483.0264892578125
2022-06-17,1827.1072998046875,2085.33544921875,5163.7197265625,1041.83837890625,205.33721923828125,507.3607482910156,251.31263732910156,1031.499755859375,42.17753601074219,1778.2825927734375,378.6839294433594,1513.40380859375,492.7591552734375,2852.090576171875,2040.7950439453125,243.49957275390625,516.7174072265625,155.6981964111328,138.2063446044922,77.34814453125,3836.99560546875,106.40752410888672,410.0535583496094,954.4641723632812,1454.583984375,9915.9892578125,460.28033447265625,582.3882446289062,207.4270782470703,375.9952087402344,1693.296142578125,1584.5682373046875,3275.955078125,2108.09765625,232.57899475097656,6256.8037109375,3493.29736328125,87.69525146484375,1141.272216796875,1494.5111083984375
2022-06-20,1803.64453125,2089.332275390625,5111.853515625,1027.8675537109375,207.9313812255859,536.0848999023438,251.51231384277344,1035.9910888671875,43.659645080566406,1809.69921875,390.7096252441406,1498.4149169921875,496.5557556152344,2789.198974609375,2107.190673828125,246.09103393554688,525.9124145507812,159.89224243164062,141.75521850585938,80.54434967041016,3845.539306640625,106.30755615234376,416.5354309082031,969.0529174804688,1461.0777587890625,10045.884765625,471.8072509765625,603.1592407226562,214.62110900878903,372.6060485839844,1708.98583984375,1616.0101318359375,3284.7705078125,2151.9951171875,236.98147583007812,6354.53369140625,3533.249267578125,91.48461151123048,1141.771728515625,1498.0062255859375
2022-06-21,1792.162841796875,2100.3232421875,5236.53271484375,1014.3953857421876,204.63880920410156,537.3815307617188,249.4155731201172,1026.5096435546875,43.36022186279297,1825.65673828125,394.5518493652344,1497.915283203125,494.5575866699219,2762.244873046875,2147.626708984375,244.2969512939453,529.1107177734375,160.1918182373047,141.20538330078125,79.7852554321289,3848.208984375,106.75738525390624,413.9426574707031,975.2481079101562,1454.583984375,10119.82421875,481.63763427734375,614.5433959960938,213.82174682617188,371.409912109375,1701.342041015625,1605.529541015625,3304.850341796875,2098.12060546875,237.62570190429688,6358.6923828125,3524.260009765625,90.81473541259766,1139.2745361328125,1480.0302734375
2022-06-22,1789.16748046875,2123.304931640625,5006.125,1014.8943481445312,206.7340545654297,532.1951293945312,247.1190948486328,1031.0008544921875,43.754451751708984,1826.654296875,382.5261535644531,1457.9439697265625,479.37115478515625,2733.294921875,2072.74462890625,240.4097137451172,536.3067626953125,161.11050415039062,138.5062255859375,83.44092559814453,3854.61669921875,113.80458068847656,407.6602478027344,932.8807983398438,1438.1002197265625,10295.6826171875,448.4538879394531,590.5767822265625,215.020751953125,371.1108703613281,1715.6239013671875,1624.494384765625,3141.272705078125,2156.9833984375,244.81997680664065,6381.56494140625,3546.23388671875,86.09552001953125,1151.26171875,1500.5029296875
2022-06-23,1787.6697998046875,2122.305908203125,4897.40478515625,979.2481079101562,204.0401611328125,525.2135620117188,246.22048950195312,1021.0201416015624,42.227447509765625,1812.1927490234375,374.8916015625,1376.0035400390625,480.9696960449219,2706.34130859375,2025.818603515625,235.2267608642578,530.9096069335938,153.86082458496094,139.00608825683594,82.76171875,3872.7705078125,114.1544418334961,397.6880798339844,933.8799438476562,1378.658203125,10371.62109375,441.9169616699219,575.5977172851562,213.82174682617188,375.9952087402344,1729.5035400390625,1621.9993896484375,2998.26513671875,2166.96044921875,235.2634124755859,6416.9140625,3531.25146484375,81.83623504638672,1148.264892578125,1544.4447021484375
2022-06-24,1812.1309814453125,2203.241455078125,4966.228515625,1010.1927490234376,210.32598876953125,535.8854370117188,255.0069274902344,1048.9659423828125,43.31032943725586,1833.6358642578125,385.7197570800781,1401.984619140625,493.3586120605469,2784.206787109375,2084.2265625,243.798583984375,549.6994018554688,158.7139129638672,143.9545135498047,81.0637435913086,3990.7744140625,119.05248260498048,410.3526916503906,985.4403686523438,1397.6395263671875,10767.3017578125,445.360107421875,588.57958984375,218.2180938720703,384.1689758300781,1766.3140869140625,1646.453857421875,3003.162841796875,2213.85107421875,237.84046936035156,6493.8505859375,3654.10400390625,80.9263916015625,1163.748291015625,1634.82421875
2022-06-27,1822.614501953125,2233.2177734375,5038.0439453125,1033.1517333984375,211.1241912841797,537.1820068359375,254.0084991455078,1057.948486328125,43.22549819946289,1835.63037109375,390.8093872070313,1437.958740234375,495.7564697265625,2848.097412109375,2109.18701171875,245.89170837402344,551.2985229492188,158.41433715820312,144.90423583984375,82.10249328613281,3987.571044921875,118.65264129638672,411.05078125,1008.22265625,1429.10888671875,10797.27734375,451.84710693359375,604.9566040039062,223.61358642578125,386.06292724609375,1774.3604736328125,1647.9510498046875,3069.279296875,2251.762939453125,237.7330780029297,6454.3427734375,3651.107421875,81.7962417602539,1163.748291015625,1663.785888671875
2022-06-28,1831.10107421875,2212.23388671875,5136.7890625,1023.6685180664062,213.0198974609375,544.363037109375,256.205078125,1067.92919921875,43.350250244140625,1868.54345703125,396.2483825683594,1444.453857421875,500.05267333984375,2737.2880859375,2173.58642578125,250.0779571533203,552.09814453125,159.79238891601562,144.4043731689453,83.80048370361328,3996.1142578125,117.6530303955078,418.2306518554687,1051.6893310546875,1424.6134033203125,10777.29296875,459.3321838378906,619.736083984375,229.60861206054688,378.48724365234375,1776.1708984375,1662.92333984375,3091.807861328125,2234.802490234375,240.41751098632812,6473.0576171875,3675.577880859375,87.12535095214844,1163.2486572265625,1675.2705078125
2022-06-29,1814.1278076171875,2234.21630859375,5084.9228515625,1044.1318359375,210.52554321289065,550.646484375,257.9024658203125,1076.4127197265625,42.92607879638672,1877.0205078125,396.8970642089844,1410.478515625,493.1588439941406,2793.19189453125,2181.573486328125,244.39662170410156,550.6988525390625,156.53700256347656,140.05577087402344,81.90274047851562,4013.734619140625,115.95372009277344,414.2418518066406,1026.208740234375,1420.6170654296875,11045.0771484375,459.3321838378906,637.7109985351562,226.0115966796875,385.1658325195313,1803.326171875,1647.4522705078125,3038.425048828125,2239.790771484375,237.518310546875,6456.42333984375,3570.20458984375,84.18583679199219,1157.7545166015625,1643.313232421875
2022-06-30,1819.1199951171875,2224.224365234375,4903.88720703125,1018.1784057617188,203.5412750244141,534.1898193359375,255.1068115234375,1049.964111328125,42.227447509765625,1831.142333984375,387.5160827636719,1362.0135498046875,498.553955078125,2714.327880859375,2130.65380859375,238.7152862548828,554.6966552734375,152.9021759033203,135.45721435546875,79.90510559082031,3973.688232421875,115.3539581298828,400.1811218261719,1015.2172241210938,1398.1390380859375,10791.2822265625,444.21240234375,617.7388916015625,224.21310424804688,365.6375732421875,1775.768310546875,1613.0157470703125,2876.806640625,2238.793701171875,234.40443420410156,6414.83544921875,3526.2578125,82.93604278564453,1146.2669677734375,1615.35009765625
2022-07-01,1861.5528564453125,2208.2373046875,4822.099609375,1018.6775512695312,206.93360900878903,532.9931640625,254.40785217285156,1069.9254150390625,42.327247619628906,1830.6434326171875,383.7237243652344,1372.0064697265625,485.3657531738281,2747.270751953125,2117.67431640625,241.80516052246097,541.9036865234375,152.9820556640625,138.15634155273438,81.3034439086914,4058.05322265625,117.60306549072266,400.4803161621094,1030.205810546875,1404.632568359375,10745.318359375,425.4997863769531,612.1466674804688,224.81260681152344,364.0422058105469,1795.8834228515625,1674.4022216796875,2763.673583984375,2228.81689453125,234.2970733642578,6475.13671875,3503.28515625,86.06552124023438,1149.263671875,1619.3450927734375
2022-07-04,1848.0740966796875,2234.21630859375,4822.59619140625,1023.6685180664062,207.9313812255859,538.2791137695312,257.10369873046875,1074.4166259765625,42.58175277709961,1834.6331787109375,400.6395263671875,1412.9766845703125,489.1623840332031,2780.214111328125,2199.54541015625,243.20054626464844,559.2941284179688,155.2987823486328,139.755859375,81.74292755126953,4060.722900390625,114.65423583984376,403.57171630859375,1017.71533203125,1415.6219482421875,10799.275390625,433.8829956054687,622.73193359375,226.21141052246097,364.5407409667969,1812.981201171875,1692.3690185546875,2781.794189453125,2222.830810546875,238.3773651123047,6479.29541015625,3490.800537109375,86.52545166015625,1138.7750244140625,1651.8017578125
2022-07-05,1842.0836181640625,2187.25390625,4629.0947265625,1022.1712646484376,210.12644958496097,521.7227783203125,255.1068115234375,1063.9371337890625,41.27431106567383,1773.2958984375,372.5463562011719,1373.0054931640625,473.9759521484375,2760.248779296875,2012.838623046875,232.8346405029297,562.8921508789062,147.27020263671875,137.4065704345703,75.90985870361328,4060.188720703125,113.10485076904295,381.234130859375,961.4586791992188,1362.6734619140625,10791.2822265625,399.2023315429687,591.1759033203125,224.81260681152344,358.0595703125,1796.8890380859375,1667.914306640625,2551.61083984375,2219.83740234375,228.6060791015625,6462.66015625,3502.785888671875,79.10669708251953,1128.7857666015625,1635.822998046875
2022-07-06,1834.595458984375,2265.192138671875,4675.4755859375,1022.6704711914062,214.21722412109375,517.3342895507812,257.40325927734375,1081.9022216796875,41.21442031860352,1804.2137451171875,367.9057312011719,1377.5023193359375,474.3755798339844,2758.252197265625,1971.104248046875,232.4359436035156,586.879150390625,146.65110778808594,134.95736694335938,75.19070434570312,4133.87451171875,118.30277252197266,386.6191101074219,983.0421142578124,1382.654052734375,10969.1376953125,407.6355285644531,577.3951416015625,226.81092834472656,369.2270812988281,1800.5101318359375,1693.8662109375,2575.118896484375,2287.679443359375,226.78060913085935,6614.45361328125,3606.660888671875,82.10619354248047,1163.748291015625,1680.2637939453125
2022-07-07,1797.849609375,2248.20556640625,4847.533203125,1020.1748657226562,213.41900634765625,534.1898193359375,256.7043151855469,1075.913818359375,42.21246719360352,1805.2110595703125,384.4722595214844,1428.4654541015625,487.3639831542969,2759.25048828125,2030.311279296875,241.30679321289065,583.8807373046875,150.80519104003906,138.65618896484375,77.56788635253906,4085.284423828125,122.204833984375,397.1894836425781,1024.7100830078125,1414.623046875,10995.1162109375,432.3860168457031,596.1688842773438,220.81593322753903,375.9076843261719,1801.716796875,1697.85888671875,2758.286376953125,2315.614990234375,234.40443420410156,6498.00927734375,3514.272216796875,85.24566650390625,1131.2830810546875,1714.718017578125
2022-07-08,1844.2939453125,2240.2119140625,4822.59619140625,1011.1909790039062,216.41226196289065,524.4157104492188,261.3970642089844,1066.43212890625,42.11766052246094,1810.6964111328125,385.76959228515625,1429.9642333984375,500.05267333984375,2732.296875,2040.2955322265625,243.49957275390625,591.6763916015625,151.7438507080078,134.25758361816406,79.98501586914062,4096.498046875,124.90384674072266,400.1811218261719,1015.7169189453124,1419.6181640625,11035.083984375,430.4898681640625,578.5934448242188,220.81593322753903,382.1894836425781,1764.9061279296875,1690.3726806640625,2766.612060546875,2329.58203125,234.94126892089844,6493.8505859375,3533.249267578125,87.11534881591797,1134.27978515625,1694.7445068359375
2022-07-11,1858.776611328125,2271.187255859375,4799.15771484375,1031.6544189453125,214.7160797119141,526.3107299804688,259.5,1082.4012451171875,41.93301773071289,1801.2216796875,383.8235778808594,1386.495849609375,493.5584411621094,2792.19384765625,2027.3160400390625,243.798583984375,589.87744140625,150.78521728515625,134.7074432373047,82.72176361083984,4113.5830078125,123.4043960571289,396.69091796875,1009.2219848632812,1417.12060546875,11144.99609375,425.3500671386719,584.3853759765625,221.2155914306641,379.5970153808594,1778.986572265625,1742.7757568359375,2668.662109375,2310.6259765625,235.0486602783203,6585.34326171875,3563.21337890625,86.72541809082031,1132.781494140625,1709.225341796875
2022-07-12,1925.6966552734375,2265.192138671875,4767.73828125,1039.6400146484375,214.7160797119141,528.4050903320312,259.400146484375,1086.8924560546875,42.33723068237305,1827.15283203125,376.2887268066406,1371.0069580078125,495.156982421875,2823.140625,1994.8668212890625,248.48318481445312,585.6797485351562,151.92359924316406,134.45751953125,83.86041259765625,4154.69873046875,125.15374755859376,402.87359619140625,1008.22265625,1436.1021728515625,11154.9873046875,421.2082824707031,578.9928588867188,216.2197265625,381.3917846679687,1752.635498046875,1773.71826171875,2674.538818359375,2351.531005859375,236.12240600585935,6656.04150390625,3593.177490234375,88.76507568359375,1129.28515625,1704.7313232421875
2022-07-13,1904.2222900390625,2262.194091796875,4779.7080078125,1045.62939453125,214.31700134277344,525.8119506835938,256.40478515625,1090.8846435546875,41.83321762084961,1827.6517333984375,376.4385070800781,1386.495849609375,491.16058349609375,2833.123291015625,1998.86083984375,243.49957275390625,570.4879760742188,149.0077362060547,132.20823669433594,84.25994873046875,4137.07763671875,123.50436401367188,398.9844970703125,986.8391723632812,1420.6170654296875,10971.13671875,417.6155395507813,576.1968383789062,215.6202392578125,380.7935485839844,1704.7618408203125,1757.748046875,2629.970947265625,2355.521728515625,231.8273162841797,6662.279296875,3617.14794921875,88.56510925292969,1124.2906494140625,1668.27978515625
2022-07-14,1906.7193603515625,2272.186279296875,4555.28564453125,1049.6221923828125,209.4279937744141,511.0509338378906,256.205078125,1094.876953125,40.93996047973633,1800.2242431640625,363.2151794433594,1327.5384521484375,469.1802673339844,2853.0888671875,1933.3636474609375,237.6188812255859,567.0899658203125,145.33297729492188,129.4591064453125,85.4784927368164,4144.02001953125,123.654296875,382.6302490234375,968.4533081054688,1412.125244140625,10767.3017578125,400.4996948242187,543.24267578125,212.4228973388672,380.494384765625,1689.67529296875,1742.7757568359375,2495.2890625,1929.013671875,226.24368286132812,6645.64453125,3597.17236328125,85.30565643310547,1125.7891845703125,1661.2890625
2022-07-15,1926.6953125,2309.156494140625,4567.25390625,1014.1856689453124,212.82034301757812,512.547119140625,258.5015869140625,1103.3603515625,41.81824493408203,1852.086669921875,372.3467712402344,1351.5211181640625,474.9750671386719,2770.2314453125,1986.4805908203125,243.798583984375,577.8838500976562,150.08619689941406,134.60745239257812,87.01666259765625,4173.38671875,129.05230712890625,395.4942626953125,977.8461303710938,1458.0806884765625,11101.0322265625,406.03863525390625,553.6282958984375,218.01824951171875,384.781982421875,1729.1009521484375,1749.7626953125,2497.73779296875,1877.6331787109375,232.47161865234375,6676.8349609375,3660.096923828125,89.77490234375,1154.2581787109375,1696.7418212890625
2022-07-18,1919.703857421875,2294.16845703125,4698.91552734375,1039.6400146484375,215.01541137695312,518.4315185546875,259.5998229980469,1104.3587646484375,42.6965217590332,1855.07861328125,381.578125,1387.9949951171875,476.5736389160156,2815.154052734375,2033.80615234375,248.08450317382812,587.6785888671875,154.00062561035156,136.8067626953125,88.49490356445312,4127.46728515625,131.9512481689453,389.71038818359375,1009.7215576171876,1463.575439453125,11087.044921875,418.96282958984375,565.2120361328125,218.8175811767578,392.8584289550781,1734.4931640625,1791.6851806640625,2583.444580078125,1733.9674072265625,237.30352783203125,6610.29541015625,3651.60693359375,92.17449951171876,1157.255126953125,1675.7698974609375
2022-07-19,1943.175537109375,2309.156494140625,4695.4248046875,1043.6328125,216.11293029785156,522.02197265625,261.89630126953125,1104.857421875,43.98401641845703,1895.4715576171875,384.821533203125,1424.4683837890625,487.5638122558594,2836.118408203125,2030.810546875,253.66615295410156,589.4776000976562,157.99493408203125,142.8048858642578,88.47493743896484,4210.76318359375,137.44920349121094,394.09814453125,1021.7123413085938,1490.549072265625,11222.93359375,418.6135864257813,582.9873046875,220.01658630371097,407.0173034667969,1780.5699462890625,1783.6998291015625,2582.95556640625,1724.9884033203125,244.81997680664065,6678.91455078125,3670.583740234375,93.83422088623048,1169.741943359375,1677.2679443359375
2022-07-20,1923.199462890625,2313.153564453125,4678.966796875,1053.115966796875,215.81361389160156,516.4366455078125,259.400146484375,1098.869140625,43.36521530151367,1862.5589599609375,387.7156677246094,1439.45751953125,485.5656127929687,2854.087158203125,2047.2845458984375,253.865478515625,600.0718994140625,157.41575622558594,143.35467529296875,87.7158432006836,4157.3681640625,139.74835205078125,388.4140319824219,1004.725341796875,1488.0513916015625,10909.185546875,425.2004089355469,583.9859619140625,222.41461181640625,413.4985046386719,1773.38134765625,1760.243408203125,2550.63134765625,1744.941650390625,242.242919921875,6552.07275390625,3663.09326171875,92.0145263671875,1174.7364501953125,1688.2530517578125
2022-07-21,1935.6845703125,2350.1240234375,4680.46337890625,1056.6097412109375,216.11293029785156,522.02197265625,260.69818115234375,1078.907958984375,43.24545669555664,1867.5458984375,383.1249084472656,1478.928955078125,476.5736389160156,2867.06494140625,2025.3192138671875,258.35076904296875,614.86376953125,158.73388671875,143.0048065185547,87.01666259765625,4153.09814453125,142.49734497070312,393.10101318359375,1001.2280883789062,1514.525634765625,10785.287109375,418.96282958984375,586.3826293945312,226.41123962402344,417.48687744140625,1744.028076171875,1717.82177734375,2573.64990234375,1741.4500732421875,243.8535919189453,6518.80322265625,3702.5458984375,92.33446502685548,1200.2091064453125,1722.707275390625
2022-07-22,1943.175537109375,2356.119384765625,4759.75830078125,1075.5758056640625,219.9043731689453,513.8435668945312,259.0007629394531,1101.3642578125,43.14564514160156,1850.0919189453125,382.5261535644531,1494.917236328125,521.5333862304688,2925.96337890625,2036.3021240234375,255.85894775390625,612.0654296875,157.615478515625,144.7542724609375,87.05662536621094,4177.125,141.84759521484375,390.6079406738281,1001.7277221679688,1493.5462646484375,10757.3076171875,421.3580932617187,572.002685546875,224.81260681152344,417.6863403320313,1740.4337158203125,1724.3099365234375,2610.870849609375,1731.4730224609375,241.7059783935547,6516.7236328125,3715.5302734375,92.58443450927734,1189.220703125,1708.725830078125
2022-07-25,1938.6810302734375,2343.12939453125,4837.55908203125,1065.0946044921875,220.70260620117188,525.11376953125,264.3924560546875,1106.8538818359375,43.72452163696289,1858.5693359375,385.9193115234375,1508.4075927734375,536.52001953125,2888.028564453125,2065.755126953125,254.3638610839844,603.2700805664062,160.49136352539062,145.3540802001953,88.33509826660156,4182.46533203125,138.8486785888672,396.3917236328125,985.64013671875,1506.0340576171875,10801.2744140625,431.9368591308594,590.1773681640625,222.21478271484375,419.6805419921875,1742.03125,1736.7867431640625,2673.0693359375,1732.470947265625,247.1822509765625,6601.978515625,3717.52734375,91.93453979492188,1174.7364501953125,1721.708740234375
2022-07-26,1919.204345703125,2342.130615234375,4811.12744140625,1071.5830078125,214.0176544189453,523.119140625,258.3018493652344,1120.82666015625,43.445064544677734,1849.0946044921875,387.765625,1481.427001953125,535.5208740234375,2904.001708984375,2083.228515625,250.97499084472656,597.8729858398438,156.65684509277344,135.40721130371094,89.27397918701172,4305.8076171875,127.70281219482422,391.50543212890625,983.4418334960938,1496.5433349609375,11011.1044921875,437.9249572753906,578.5934448242188,226.41123962402344,403.82659912109375,1752.2149658203125,1745.7703857421875,2694.618896484375,1783.3525390625,246.32327270507812,6626.93017578125,3722.521484375,87.67526245117188,1187.722412109375,1719.2120361328125
2022-07-27,1952.6644287109375,2356.119384765625,4775.7177734375,1056.6097412109375,217.0109100341797,522.8197631835938,260.69818115234375,1109.3489990234375,45.231571197509766,1860.564453125,392.3562316894531,1486.4237060546875,535.5208740234375,2868.063232421875,2114.17919921875,255.6595916748047,612.0654296875,157.4357452392578,138.55621337890625,90.87208557128906,4266.8291015625,126.05341339111328,395.4942626953125,977.6463012695312,1509.0311279296875,10953.150390625,446.1086120605469,586.1828002929688,228.6094207763672,404.3250732421875,1753.013671875,1776.2137451171875,2718.126220703125,1804.8026123046875,250.72576904296875,6809.9140625,3761.474853515625,87.35530853271484,1203.2056884765625,1719.2120361328125
2022-07-28,1968.1458740234375,2397.086669921875,4826.08740234375,1069.5863037109375,218.0086669921875,512.0485229492188,260.2988586425781,1112.34326171875,44.33831405639648,1827.6517333984375,388.6138000488281,1592.84619140625,542.0150756835938,2905.997802734375,2120.669189453125,255.55992126464844,622.059814453125,150.1261444091797,139.50592041015625,88.73462677001953,4239.59814453125,126.50324249267578,393.001220703125,980.04443359375,1518.022216796875,10861.2265625,448.4538879394531,566.0109252929688,228.4095916748047,407.81500244140625,1740.2337646484375,1723.3956298828125,2786.20263671875,1879.62841796875,246.96755981445312,6745.45361328125,3860.35546875,86.42546081542969,1066.35302734375,1698.2398681640625
2022-07-29,2009.59619140625,2424.0654296875,4911.8681640625,1088.0535888671875,220.50303649902344,512.3475341796875,262.19586181640625,1129.3101806640625,45.15671157836914,1794.240234375,399.19244384765625,1668.79150390625,541.5155029296875,2944.930908203125,2175.58349609375,260.1448669433594,629.255859375,156.9563751220703,141.40533447265625,87.59597778320312,4275.37255859375,129.5021209716797,394.89593505859375,1005.2249755859376,1541.0,10835.2470703125,460.9289855957031,563.4146118164062,228.0099334716797,423.0706481933594,1724.8583984375,1765.332275390625,2889.540283203125,1913.5496826171875,266.939697265625,6909.72412109375,3877.33544921875,89.25498962402344,1046.374267578125,1727.7005615234375
2022-08-01,1993.1158447265625,2417.070556640625,4852.0224609375,1095.041015625,220.0041656494141,543.7647094726562,264.2926330566406,1116.83447265625,44.96709060668945,1807.2059326171875,391.5578918457031,1651.8037109375,531.02490234375,2945.9287109375,2132.650634765625,262.2380065917969,645.8468017578125,159.57266235351562,141.20538330078125,88.6946792602539,4259.88818359375,130.7017059326172,392.8017883300781,972.8499755859376,1515.025390625,10699.3564453125,459.78131103515625,567.4091186523438,226.6110992431641,428.6544494628906,1691.1124267578125,1780.8089599609375,2774.4482421875,1905.0694580078125,270.26837158203125,6974.18310546875,3900.806884765625,89.0250244140625,1038.882568359375,1749.67138671875
2022-08-02,1964.1505126953125,2414.07275390625,4788.185546875,1111.012451171875,220.20372009277344,532.9931640625,265.29107666015625,1144.7802734375,45.3114128112793,1824.1610107421875,402.5356750488281,1610.333740234375,534.0222778320312,2993.846923828125,2162.60400390625,261.7396545410156,630.0555419921875,159.79238891601562,138.45628356933594,89.03426361083984,4267.36328125,128.2526092529297,395.5939636230469,957.4618530273438,1519.0213623046875,10771.296875,447.50579833984375,582.1884765625,226.0115966796875,429.6514892578125,1692.3104248046875,1788.796875,2732.819091796875,1914.5472412109375,269.7314758300781,7007.4541015625,3850.8671875,87.78524017333984,1017.4056396484376,1729.1986083984375
2022-08-03,1947.1708984375,2430.060302734375,4786.18994140625,1102.028564453125,217.41000366210935,541.9693603515625,263.5937194824219,1131.3065185546875,45.740570068359375,1829.6458740234375,409.870849609375,1617.32861328125,540.5164794921875,2975.87744140625,2167.096435546875,265.92584228515625,649.0451049804688,163.0876922607422,137.2566375732422,85.39857482910156,4287.65234375,131.60137939453125,401.1783752441406,975.447998046875,1513.526611328125,10653.392578125,445.1604919433594,596.76806640625,230.00827026367188,435.23529052734375,1674.1390380859375,1767.3292236328125,2721.06494140625,1923.5264892578125,268.65771484375,7078.15185546875,3865.84912109375,90.77473449707033,1048.871826171875,1759.658203125
2022-08-04,1948.169677734375,2416.227294921875,4817.609375,1112.5096435546875,218.5075531005859,539.3762817382812,263.0944519042969,1136.2967529296875,45.01985931396485,1828.64892578125,407.1763000488281,1658.798583984375,545.511962890625,2997.83984375,2129.15625,268.4176330566406,663.8369750976562,162.2488555908203,139.25599670410156,85.93793487548828,4259.75927734375,133.75057983398438,400.2808837890625,979.44482421875,1547.4937744140625,10711.345703125,458.8331909179687,601.7612915039062,245.59527587890625,430.2497863769531,1655.7684326171875,1779.810546875,2807.26171875,1963.4337158203125,268.4429626464844,6962.45458984375,3878.33447265625,82.6361083984375,1079.3387451171875,1648.3062744140625
2022-08-05,1907.718017578125,2382.25244140625,4914.859375,1096.0391845703125,216.5120391845703,540.4732055664062,261.5968017578125,1119.8287353515625,44.83019256591797,1833.6358642578125,410.3199768066406,1634.3162841796875,552.0061645507812,2959.905029296875,2146.62890625,265.6268615722656,653.0429077148438,163.76670837402344,136.10699462890625,83.70059967041016,4241.0693359375,130.1019287109375,400.8792114257813,973.0498657226562,1528.0125732421875,10857.228515625,465.8691101074219,607.1536254882812,240.3996124267578,416.5894470214844,1664.3546142578125,1769.8253173828125,2837.626708984375,1953.4569091796875,271.87908935546875,6873.03173828125,3841.37841796875,82.98604583740234,1069.3497314453125,1602.3675537109375
2022-08-08,1954.16259765625,2396.241943359375,4944.783203125,1102.5274658203125,217.6095733642578,544.0637817382812,261.6966247558594,1132.803466796875,45.159610748291016,1828.64892578125,415.4595031738281,1678.2845458984375,555.0034790039062,2962.900146484375,2158.11083984375,270.7101745605469,661.438232421875,165.7638702392578,138.80615234375,82.90156555175781,4274.177734375,133.5006561279297,408.9566345214844,1001.7277221679688,1541.9989013671875,10705.3525390625,464.4220275878906,606.3547973632812,240.3996124267578,418.2845764160156,1656.7666015625,1784.802978515625,2888.560546875,1979.396484375,272.84539794921875,6908.38525390625,3867.8466796875,86.6854248046875,1084.8331298828125,1602.3675537109375
2022-08-09,1948.669189453125,2413.229736328125,4972.212890625,1110.013916015625,216.5120391845703,552.042724609375,263.2941589355469,1150.26953125,44.9150390625,1859.5670166015625,421.6969299316406,1617.8282470703125,574.486083984375,2987.857177734375,2181.074951171875,269.1153869628906,643.847900390625,165.62408447265625,138.55621337890625,84.02023315429688,4265.10009765625,126.65319061279295,413.1448974609375,988.4379272460938,1530.0107421875,10833.248046875,463.37408447265625,611.3478393554688,234.80426025390625,415.5923767089844,1644.1866455078125,1807.26904296875,2868.48095703125,1962.9349365234375,273.1676330566406,6927.10107421875,3861.853515625,84.6457748413086,1078.839599609375,1591.88134765625
2022-08-10,1978.6331787109375,2409.232421875,4990.166015625,1120.495361328125,220.8023681640625,543.5652465820312,266.589111328125,1136.795654296875,45.389198303222656,1862.060302734375,420.3995666503906,1650.3048095703125,577.4833984375,2991.850341796875,2166.09814453125,280.2786865234375,662.8374633789062,169.51852416992188,142.30503845214844,79.42567443847656,4217.03857421875,132.65098571777344,463.6038208007813,993.43408203125,1551.4898681640625,10809.267578125,469.0128784179687,602.3603515625,237.80177307128903,423.4695129394531,1554.1298828125,1764.3338623046875,2896.396484375,2210.858154296875,276.17413330078125,6827.2802734375,3857.359375,85.53561401367188,1064.35498046875,1608.8587646484375
2022-08-11,2044.5545654296875,2374.258056640625,4805.775390625,1113.0086669921875,219.7048492431641,547.4548950195312,264.5921325683594,1129.8092041015625,45.52396011352539,1875.0257568359375,426.7391662597656,1659.29833984375,583.9775390625,2967.891357421875,2210.2490234375,280.079345703125,664.0369262695312,168.7620086669922,136.20697021484375,77.66777801513672,4187.66943359375,131.50140380859375,462.0083312988281,989.2373657226562,1552.48876953125,10498.2607421875,473.653564453125,598.6053466796875,236.60275268554688,411.4045715332031,1397.778564453125,1770.82421875,2945.371826171875,2228.81689453125,275.5298156738281,6802.32568359375,3827.89453125,84.7457504272461,1063.356201171875,1562.919921875
2022-08-12,2019.584228515625,2376.256591796875,4833.71533203125,1118.499267578125,219.6050720214844,549.0507202148438,262.9945983886719,1137.2947998046875,45.57387161254883,1875.0257568359375,429.7335205078125,1649.80517578125,601.96142578125,2967.891357421875,2211.746337890625,281.7738037109375,658.43994140625,171.37863159179688,136.10699462890625,79.54552459716797,4171.11474609375,129.05230712890625,466.595458984375,996.2319946289062,1555.9853515625,10704.109375,471.4579772949219,605.3963623046875,235.6035919189453,411.3048400878906,1447.69921875,1785.3021240234375,2902.273193359375,2252.760986328125,281.0061340332031,6766.97314453125,3828.893798828125,84.99571228027344,1052.8675537109375,1530.463134765625
2022-08-15,2040.559326171875,2391.24560546875,4725.44580078125,1124.4881591796875,220.8023681640625,545.5599365234375,265.7903747558594,1149.2716064453125,45.78350067138672,1880.0126953125,424.693115234375,1629.31982421875,596.9659423828125,2973.88134765625,2178.79541015625,283.3685302734375,664.4366455078125,171.3386688232422,135.207275390625,80.86396026611328,4199.94921875,129.2022705078125,466.3960266113281,990.0367431640624,1566.475341796875,10953.9248046875,463.5736999511719,596.8076782226562,237.2022399902344,417.8857421875,1403.768798828125,1803.7744140625,2841.5439453125,2304.639892578125,279.9324035644531,6810.64404296875,3861.35498046875,85.73558044433594,1063.356201171875,1552.4339599609375
2022-08-16,2035.565185546875,2382.25244140625,4907.55810546875,1132.4742431640625,223.1969757080078,548.3524780273438,267.4877014160156,1165.7393798828125,45.64873504638672,1897.965087890625,425.6912231445313,1636.31494140625,592.469970703125,2997.83984375,2165.31494140625,282.96978759765625,657.640380859375,170.280029296875,137.306640625,82.74174499511719,4188.203125,129.9519805908203,458.8171997070313,988.2380981445312,1573.9678955078125,10959.9208984375,481.93701171875,602.2005004882812,237.80177307128903,430.94775390625,1422.73876953125,1827.738037109375,2940.96435546875,2282.691162109375,280.25445556640625,6818.962890625,3843.3759765625,85.88555145263672,1058.8612060546875,1547.9400634765625
2022-08-17,2048.549560546875,2387.24853515625,4878.12060546875,1135.967529296875,220.70260620117188,543.664794921875,268.48614501953125,1162.7454833984375,45.70363998413086,1908.935791015625,430.0828247070313,1593.3460693359375,591.4708251953125,2962.900146484375,2178.79541015625,281.37506103515625,658.0401000976562,168.46237182617188,134.80740356445312,81.6230697631836,4208.4951171875,128.15261840820312,457.5208435058594,948.8683471679688,1575.4664306640625,10993.89453125,485.7294006347656,592.2138061523438,236.40293884277344,421.7743835449219,1413.1539306640625,1829.735107421875,2905.7021484375,2300.6494140625,282.1872253417969,6875.11083984375,3883.827880859375,83.48595428466797,1034.3873291015625,1488.5189208984375
2022-08-18,2081.51025390625,2416.227294921875,4935.998046875,1142.955322265625,220.8023681640625,539.3546142578125,270.283447265625,1165.2406005859375,45.63376998901367,1905.6568603515625,441.1617431640625,1585.8514404296875,588.9730834960938,2969.8876953125,2214.242919921875,269.7654113769531,667.0352172851562,168.2826385498047,133.05796813964844,81.9626693725586,4205.82421875,124.55397033691406,438.2733154296875,972.3013916015624,1610.9317626953125,11005.88671875,497.25640869140625,594.6107177734375,237.80177307128903,415.0938720703125,1399.9359130859375,1832.7305908203125,2848.620849609375,2293.66552734375,282.6167907714844,6773.2119140625,3897.81103515625,83.58594512939453,1032.389404296875,1439.2391357421875
2022-08-19,2093.49609375,2435.21337890625,4901.07177734375,1131.974853515625,219.0064239501953,535.4640502929688,270.4831237792969,1166.2384033203125,44.7403564453125,1905.1583251953125,446.9507751464844,1557.371826171875,587.9739990234375,2965.894775390625,2245.197021484375,269.1672668457031,674.631103515625,165.06678771972656,131.258544921875,82.58193969726562,4276.31298828125,124.00416564941406,435.87945556640625,958.111572265625,1590.9512939453125,11241.712890625,486.1785278320313,582.0272827148438,238.60110473632812,406.8179016113281,1423.1015625,1838.721435546875,2785.41650390625,2316.6123046875,281.11346435546875,6939.57861328125,3955.241943359375,81.246337890625,1037.8834228515625,1436.742431640625
2022-08-22,2041.5579833984375,2438.211181640625,4929.51171875,1138.96240234375,218.2082061767578,536.8606567382812,269.9838562011719,1182.7066650390625,44.43589782714844,1917.127685546875,448.1484375,1510.9056396484375,578.4824829101562,2977.874267578125,2240.703857421875,262.986328125,671.6326904296875,162.86961364746094,129.6590576171875,84.1600570678711,4278.44970703125,119.1559600830078,430.0943603515625,940.5242309570312,1565.47607421875,11431.5712890625,491.2184753417969,590.416259765625,233.4054412841797,407.0173034667969,1425.6982421875,1859.1904296875,2796.685302734375,2261.739990234375,278.751220703125,7014.4443359375,3926.276611328125,80.38648223876953,1019.403564453125,1392.796142578125
2022-08-23,2022.5806884765625,2362.266845703125,5034.2890625,1117.9998779296875,214.61631774902344,529.9778442382812,265.49078369140625,1152.265625,44.29115676879883,1882.715087890625,458.5287780761719,1490.42041015625,578.4824829101562,2941.935791015625,2314.09619140625,262.58758544921875,660.4388427734375,163.38894653320312,128.95924377441406,84.23995208740234,4209.5625,115.7572250366211,427.7005004882813,953.115234375,1507.5325927734375,11189.75,504.9909362792969,591.8142700195312,228.4095916748047,395.5506286621094,1400.534912109375,1843.2147216796875,2884.387939453125,2219.83740234375,279.1806640625,6856.3955078125,3868.345947265625,80.11653137207031,1007.4163208007812,1363.332275390625
2022-08-24,2053.543701171875,2373.259033203125,4921.0302734375,1108.516845703125,209.32823181152344,519.9030151367188,259.0007629394531,1144.7802734375,44.04159927368164,1875.73291015625,452.0910339355469,1492.9188232421875,577.98291015625,2924.96484375,2289.1328125,258.5999450683594,665.8358764648438,162.4102020263672,127.20980834960938,82.00261688232422,4262.42919921875,116.60690307617188,424.1097106933594,929.3322143554688,1520.0203857421875,11341.6396484375,496.70745849609375,584.0247192382812,224.01324462890625,388.1720886230469,1396.9400634765625,1830.7333984375,2821.182861328125,2238.793701171875,275.7445983886719,6931.26025390625,3888.82177734375,80.29650115966797,1014.9082641601562,1368.825439453125
2022-08-25,1973.1397705078125,2382.25244140625,4940.48876953125,1089.0517578125,208.0311737060547,521.19970703125,256.105224609375,1133.8016357421875,44.241241455078125,1873.7379150390625,458.5787048339844,1471.93408203125,580.9802856445312,2876.04931640625,2317.091796875,257.60302734375,662.8922119140625,163.94821166992188,121.56159210205078,81.34339141845703,4236.796875,113.85791778564452,423.9102478027344,915.7421264648438,1527.5130615234375,11413.5859375,503.992919921875,591.2151489257812,224.02734375,374.2125854492187,1388.3529052734375,1819.7501220703125,2860.8701171875,2212.853271484375,271.5939636230469,6883.43017578125,3848.83251953125,80.5164566040039,1018.4044799804688,1352.3455810546875
2022-08-26,1977.634521484375,2301.311767578125,4969.4267578125,1084.0606689453125,202.24420166015625,521.6985473632812,252.31109619140625,1135.298583984375,43.59239959716797,1872.241943359375,456.931884765625,1458.943359375,567.4923095703125,2845.1025390625,2330.57177734375,254.7119598388672,650.2980346679688,161.89088439941406,120.26200103759766,81.86277770996094,4202.62060546875,109.60950469970705,419.4217529296875,914.343017578125,1513.526611328125,11355.6279296875,497.9051208496094,588.8182983398438,219.4308929443359,368.728515625,1392.746337890625,1799.7802734375,2863.8095703125,2186.9140625,269.4460144042969,6841.8388671875,3821.362548828125,78.46680450439453,1006.9168701171876,1334.367431640625
2022-08-30,1988.6214599609375,2292.318359375,4804.7763671875,1064.09619140625,205.2374267578125,528.182373046875,250.61370849609375,1122.3238525390625,43.6722526550293,1873.2393798828125,448.39801025390625,1446.951904296875,567.4923095703125,2800.18017578125,2336.063720703125,253.91441345214844,648.0992431640625,164.48753356933594,122.0114517211914,76.46919250488281,4211.69873046875,112.25851440429688,416.1302490234375,909.5465087890624,1508.5313720703125,10961.9189453125,482.98492431640625,593.2125244140625,218.2318115234375,371.7198791503906,1398.7376708984375,1708.418212890625,2730.541015625,2153.990234375,248.45977783203125,6858.47509765625,3787.399169921875,78.18685150146484,1008.4152221679688,1317.8876953125
2022-08-31,1967.6463623046875,2260.34130859375,4760.8701171875,1054.61328125,202.9426116943359,527.4840087890625,248.3172607421875,1075.913818359375,43.802024841308594,1891.6922607421875,440.6626892089844,1456.4453125,582.4788818359375,2782.210693359375,2286.63623046875,251.72122192382812,651.4974975585938,164.2877655029297,121.86149597167967,75.65015411376953,4192.4755859375,112.90825653076172,417.6263732910156,902.9512329101562,1489.5499267578125,10636.1591796875,472.3561401367187,597.4069213867188,217.43243408203125,368.8282775878906,1377.3690185546875,1650.006591796875,2727.111083984375,2117.07666015625,245.91531372070312,6912.54443359375,3759.929443359375,76.987060546875,1014.408935546875,1311.3956298828125
2022-09-01,1950.167236328125,2228.365478515625,4597.71728515625,1048.124755859375,199.55027770996097,519.5039672851562,243.8241729736328,1072.9195556640625,42.62411880493164,1890.1962890625,440.3633117675781,1393.49072265625,569.9901123046875,2755.257080078125,2269.661376953125,244.6431121826172,630.7071533203125,161.1917724609375,121.66156768798828,76.42923736572266,4142.81201171875,114.35773468017578,410.1455993652344,880.967041015625,1441.0970458984375,10568.2099609375,441.3133239746094,582.6265869140625,209.4385986328125,367.33258056640625,1355.2015380859375,1661.9884033203125,2624.219482421875,2005.3306884765625,242.3730010986328,6554.85595703125,3729.9619140625,71.29800415039062,1015.40771484375,1287.9244384765625
2022-09-02,1970.1434326171875,2249.349609375,4690.52001953125,1063.597412109375,202.74305725097656,533.5687866210938,247.31878662109375,1071.92138671875,43.6373176574707,1895.1837158203125,452.8395690917969,1452.447998046875,582.9784545898438,2786.2041015625,2320.586181640625,253.91441345214844,647.0995483398438,168.4224395751953,121.21170043945312,78.28702545166016,4171.64892578125,119.90567779541016,425.5061645507813,935.9275512695312,1479.0601806640625,10610.1787109375,452.54583740234375,601.8011474609375,214.6345977783203,371.0218505859375,1350.0093994140625,1680.9598388671875,2696.243408203125,2071.2099609375,251.05413818359375,6654.67578125,3775.911865234375,75.05738067626953,1073.345458984375,1306.40185546875
2022-09-05,1929.1923828125,2234.360595703125,4722.4521484375,1065.0946044921875,204.53903198242188,535.4640502929688,249.21588134765625,1088.3895263671875,43.3727912902832,1919.1226806640625,462.4713439941406,1446.951904296875,577.4833984375,2793.19189453125,2344.5517578125,252.71812438964844,632.1065673828125,166.28518676757812,123.61094665527344,78.56669616699219,4143.8798828125,122.754638671875,424.20947265625,918.5400390625,1483.555908203125,10640.1572265625,470.76751708984375,599.2045288085938,214.4347381591797,372.5175476074219,1355.8011474609375,1694.439453125,2713.392333984375,2098.160888671875,249.85671997070312,6696.26708984375,3733.458251953125,74.10753631591797,1087.8299560546875,1277.437255859375
2022-09-06,1947.6702880859375,2237.35888671875,4723.4501953125,1063.597412109375,209.4279937744141,532.3718872070312,255.5061798095703,1076.9117431640625,45.14962387084961,1922.6138916015625,451.8414916992187,1469.935546875,591.970458984375,2788.20068359375,2305.109375,257.20428466796875,638.7034912109375,167.6634063720703,129.6090545654297,81.84281921386719,4183.396484375,126.4532699584961,434.8820190429687,932.3301391601562,1493.046630859375,10506.255859375,486.09375,601.8011474609375,218.43167114257812,368.3296813964844,1345.4163818359375,1684.4547119140625,2750.138916015625,2165.038818359375,254.4467315673828,6714.9833984375,3757.431640625,76.69709777832031,1083.834228515625,1290.42138671875
2022-09-07,1922.7000732421875,2258.343017578125,4622.16552734375,1057.10888671875,206.53453063964844,521.6985473632812,248.91636657714844,1070.4244384765625,44.595611572265625,1922.1151123046875,440.4132080078125,1459.44287109375,594.9677124023438,2768.235107421875,2259.6767578125,254.2135009765625,643.9010620117188,163.8883056640625,121.96146392822266,83.44092559814453,4192.4755859375,123.9041976928711,431.2912292480469,916.941162109375,1489.5499267578125,10392.3388671875,467.5225524902344,576.0352783203125,218.6315155029297,361.250244140625,1342.420654296875,1750.8541259765625,2688.89404296875,2196.980224609375,252.85023498535156,6758.65478515625,3750.439453125,76.73709869384766,1093.8233642578125,1280.4334716796875
2022-09-08,1951.1661376953125,2272.332763671875,4715.466796875,1041.636474609375,197.1556701660156,524.1923828125,237.03463745117188,1063.9371337890625,45.14962387084961,1932.089599609375,442.2097778320313,1488.9215087890625,591.970458984375,2727.305419921875,2266.665771484375,255.80856323242188,640.1028442382812,166.0454864501953,116.8130874633789,82.68182373046875,4177.5224609375,126.3033218383789,435.87945556640625,937.3265991210938,1520.5198974609375,10504.255859375,470.4180908203125,592.0140380859375,225.62611389160156,343.1029968261719,1342.220947265625,1749.855712890625,2738.3798828125,2163.0419921875,253.8480529785156,6777.37158203125,3766.422119140625,78.26683807373047,1093.8233642578125,1264.9525146484375
2022-09-09,1965.6488037109375,2289.3203125,4849.681640625,1054.1142578125,202.1444396972656,523.6934814453125,239.53079223632812,1068.92724609375,45.898292541503906,1947.5504150390625,449.9450988769531,1513.40380859375,605.4583740234375,2758.252197265625,2296.6220703125,261.4909973144531,658.0944213867188,168.6221923828125,117.6128387451172,86.79692077636719,4221.84423828125,126.05341339111328,441.9638366699219,960.7097778320312,1535.5052490234375,10492.265625,487.6412658691406,613.3856811523438,228.02427673339844,349.5841979980469,1346.6142578125,1787.299072265625,2867.729248046875,2196.980224609375,260.23419189453125,6829.361328125,3792.8935546875,78.42681121826172,1103.3131103515625,1283.9293212890625
2022-09-12,1997.610595703125,2308.306396484375,4934.00146484375,1076.07470703125,212.92010498046875,534.6660766601562,252.71047973632812,1075.913818359375,46.87655258178711,1947.0517578125,456.9817199707031,1548.378662109375,617.4476318359375,2803.175048828125,2318.090087890625,264.9801940917969,668.6895751953125,173.73556518554688,126.65997314453124,87.0366439819336,4293.93505859375,131.451416015625,443.6593933105469,975.698974609375,1573.46826171875,10614.1748046875,498.57427978515625,626.3685913085938,231.6215057373047,362.3470764160156,1375.572021484375,1802.7757568359375,2930.444091796875,2266.85205078125,268.9153137207031,6891.748046875,3831.35205078125,80.65644073486328,1103.8126220703125,1314.39208984375
2022-09-13,1973.63916015625,2285.323486328125,4898.5771484375,1069.5863037109375,209.5277862548828,528.2821044921875,244.9224853515625,1077.9097900390625,46.3824348449707,1942.064453125,460.6747131347656,1538.885498046875,627.4386596679688,2781.21240234375,2324.08154296875,261.4909973144531,642.70166015625,171.7181854248047,121.86149597167967,84.83924865722656,4290.73193359375,127.15300750732422,441.1658630371094,958.5113525390624,1561.4801025390625,10320.3916015625,496.9267883300781,611.388427734375,225.82598876953125,351.7778015136719,1357.39892578125,1790.29443359375,2861.849609375,2225.927490234375,269.1148681640625,6825.201171875,3799.885986328125,78.2568359375,1091.8255615234375,1264.9525146484375
2022-09-14,1940.6785888671875,2251.348388671875,4787.81298828125,1037.1446533203125,202.4437255859375,517.6087646484375,236.9347991943359,1051.461181640625,46.12788772583008,1897.1785888671875,461.4233093261719,1494.917236328125,623.9418334960938,2679.387939453125,2337.561279296875,258.9986572265625,622.510986328125,169.68080139160156,120.16203308105467,82.3022689819336,4235.1943359375,125.8534927368164,436.1786804199219,937.3265991210938,1517.5228271484375,10144.5224609375,493.0828247070313,611.588134765625,227.6245880126953,345.99462890625,1330.238525390625,1743.8646240234375,2794.235595703125,2193.9853515625,269.1148681640625,6710.82421875,3759.4296875,75.1473617553711,1062.8565673828125,1240.4825439453125
2022-09-15,1935.6845703125,2240.356201171875,4759.87255859375,1026.6632080078125,201.24644470214844,528.3817749023438,231.6429748535156,1032.4979248046875,47.53538131713867,1907.65185546875,455.68414306640625,1490.42041015625,626.9390869140625,2640.455078125,2311.1005859375,262.0891418457031,620.5119018554688,172.01779174804688,115.71343994140624,81.72294616699219,4239.46728515625,128.15261840820312,441.3653564453125,950.1173095703124,1518.5218505859375,10122.5361328125,501.2201232910156,608.392333984375,226.4254913330078,344.1001281738281,1335.630615234375,1732.8812255859375,2758.958251953125,2257.868896484375,273.6051025390625,6625.56201171875,3759.4296875,76.8470687866211,1058.8612060546875,1229.9952392578125
2022-09-16,1917.7060546875,2230.363525390625,4775.3388671875,1029.6578369140625,202.34396362304688,528.2821044921875,231.14369201660156,1033.9949951171875,47.72004699707031,1905.6568603515625,451.1927185058594,1463.4400634765625,624.44140625,2642.45166015625,2293.126953125,261.1919250488281,613.9149780273438,170.91921997070312,114.26390838623048,80.68417358398438,4212.2333984375,125.25371551513672,438.9715270996094,956.9124755859376,1502.537353515625,10114.544921875,488.5398559570313,601.4016723632812,223.62765502929688,336.62188720703125,1319.454833984375,1742.366943359375,2761.898193359375,2267.8505859375,272.3079528808594,6509.10498046875,3740.94970703125,75.75725555419922,1053.8663330078125,1251.9683837890625
2022-09-20,1903.7227783203125,2199.386474609375,4733.927734375,1003.7044067382812,193.76332092285156,532.770751953125,223.755126953125,1017.0278930664062,48.91292953491211,1909.148193359375,451.641845703125,1483.4256591796875,611.9525146484375,2607.511474609375,2299.118408203125,258.500244140625,602.3204345703125,170.69947814941406,111.71471405029295,79.48561096191406,4248.01123046875,122.85459899902344,435.3807373046875,953.115234375,1491.5482177734375,10068.5771484375,480.1529235839844,602.0007934570312,216.8328857421875,331.0380859375,1310.667236328125,1704.42431640625,2722.211669921875,2148.06982421875,268.7156982421875,6525.74169921875,3749.44091796875,75.8072509765625,1036.8846435546875,1229.495849609375
2022-09-21,1898.2294921875,2229.364501953125,4709.978515625,1019.67578125,194.36195373535156,523.59375,225.45248413085935,1034.9930419921875,48.37887954711914,1895.1837158203125,454.6860656738281,1499.9136962890625,614.9498901367188,2638.4580078125,2331.570068359375,261.1919250488281,613.1154174804688,167.58352661132812,110.8649673461914,81.22354125976562,4328.11181640625,123.8042449951172,436.378173828125,956.9124755859376,1498.0418701171875,10082.5673828125,485.2449951171875,597.806396484375,219.83056640625,332.03521728515625,1302.6795654296875,1736.3760986328125,2757.978759765625,2155.056640625,263.52703857421875,6509.10498046875,3796.88916015625,74.30750274658203,1024.39794921875,1208.5216064453125
2022-09-22,1942.177001953125,2169.40869140625,4817.7490234375,984.4388427734376,195.2599334716797,513.7183837890625,226.65066528320312,1025.012451171875,47.874778747558594,1904.659423828125,457.3809509277344,1466.437744140625,620.4448852539062,2556.59912109375,2335.06494140625,254.11378479003903,598.7219848632812,166.0454864501953,110.36512756347656,80.78406524658203,4330.24755859375,113.4080810546875,432.0892028808594,933.5293579101562,1469.06982421875,9926.681640625,489.2388000488281,597.2072143554688,211.6368865966797,330.6392822265625,1294.0919189453125,1718.4033203125,2781.49658203125,2117.126220703125,257.44024658203125,6396.80712890625,3754.9345703125,73.25767517089844,1009.4141845703124,1198.0341796875
2022-09-23,1907.718017578125,2180.400146484375,4667.56884765625,978.6492309570312,192.51612854003903,508.7308044433594,219.86111450195312,1011.03955078125,46.142860412597656,1862.267333984375,432.2786560058594,1442.9549560546875,604.459228515625,2538.63037109375,2211.2470703125,245.44064331054688,575.1329345703125,161.65118408203125,106.51634216308594,77.5878677368164,4300.34375,105.86089324951172,421.8156433105469,927.1338500976562,1488.551025390625,10008.62109375,460.8329772949219,576.8341674804688,210.03811645507812,317.1783447265625,1311.2667236328125,1695.93701171875,2616.380615234375,2066.219482421875,241.87408447265625,6238.7578125,3766.921630859375,71.86790466308594,1003.420654296875,1207.522705078125
2022-09-26,1945.6727294921875,2201.38525390625,4635.13818359375,975.5547485351562,191.2869110107422,498.3567504882813,217.26512145996097,986.2874145507812,44.619571685791016,1889.6973876953125,429.2853698730469,1483.92529296875,569.9901123046875,2437.782958984375,2208.251953125,241.31141662597656,576.3324584960938,157.39369201660156,102.96746063232422,76.46219635009766,4352.80322265625,102.81200408935548,413.8361511230469,936.3272094726562,1535.5052490234375,10138.525390625,455.7409362792969,575.1015014648438,211.23719787597656,310.29833984375,1323.0491943359375,1672.53369140625,2561.5166015625,2007.3272705078125,233.19297790527344,6326.1875,3845.58642578125,72.65778350830078,1012.4149780273438,1208.022216796875
2022-09-27,1942.177001953125,2216.373779296875,4771.34765625,887.2127685546875,188.67477416992188,494.4664611816406,215.7674102783203,946.364990234375,43.213077545166016,1892.191162109375,430.282470703125,1435.4603271484375,576.9837646484375,2320.007080078125,2240.204833984375,232.6801300048828,549.544921875,155.63894653320312,102.26768493652344,73.79236602783203,4355.88037109375,102.61207580566406,407.8515319824219,912.7442626953124,1508.5313720703125,9915.6904296875,470.667724609375,586.2217407226562,201.244873046875,308.40386962890625,1314.66162109375,1546.66259765625,2589.432373046875,1972.8902587890625,231.69622802734375,6338.578125,3853.328125,69.2183609008789,1004.4196166992188,1239.48388671875
2022-09-28,1885.7445068359375,2204.382568359375,4843.6943359375,904.3819580078124,181.93995666503903,482.2469177246094,211.1745147705078,967.52392578125,41.78062438964844,1881.2191162109375,435.07330322265625,1465.9383544921875,574.486083984375,2389.88623046875,2257.679931640625,219.6205291748047,540.7489013671875,150.88510131835938,103.66724395751952,75.49036407470703,4341.46142578125,104.56136322021484,388.0025939941406,890.3603515625,1521.01953125,10068.5771484375,480.003173828125,565.4494018554688,200.6453857421875,307.70587158203125,1339.6248779296875,1582.6085205078125,2673.705810546875,1922.9815673828125,226.1083526611328,6309.46435546875,3818.865234375,66.68878173828125,1023.8988037109376,1388.8009033203125
2022-09-29,1853.78271484375,2196.388671875,4883.609375,881.822509765625,171.91256713867188,465.8378601074219,199.9917449951172,935.5858154296876,40.64265823364258,1872.241943359375,431.2306823730469,1403.4835205078125,565.9935913085938,2333.982421875,2238.207763671875,211.8446044921875,494.8702697753906,144.47337341308594,95.50982666015624,72.13434600830078,4358.0166015625,99.86309814453124,377.0307922363281,861.7808227539062,1476.063232421875,9925.6826171875,485.9938354492187,556.061767578125,200.6453857421875,294.6438293457031,1313.8626708984375,1511.21630859375,2704.5732421875,1927.972412109375,220.6202850341797,6367.69287109375,3777.909912109375,68.24852752685547,1022.5289916992188,1347.85107421875
2022-09-30,1891.7373046875,2200.38525390625,4885.60498046875,887.2127685546875,173.9080352783203,466.1370544433594,206.48175048828125,929.1983032226562,41.31645202636719,1850.2977294921875,432.2786560058594,1405.4820556640625,563.4959106445312,2350.953125,2243.200439453125,215.83224487304688,514.760986328125,144.1138458251953,98.6488265991211,70.75596618652344,4238.93359375,100.1629867553711,387.2046203613281,893.158203125,1508.5313720703125,9936.6748046875,477.40716552734375,566.0485229492188,205.4416656494141,305.213134765625,1303.877685546875,1525.1953125,2680.56494140625,1911.0035400390625,225.4098663330078,6213.8037109375,3793.39306640625,69.57829284667969,1049.503173828125,1361.8338623046875
2022-10-03,1851.28564453125,2198.38720703125,4929.51171875,897.5941772460938,176.1529998779297,460.2517700195313,208.57850646972656,931.5936279296876,41.705753326416016,1856.7811279296875,441.8604736328125,1450.4495849609375,557.501220703125,2394.87744140625,2296.122802734375,221.21560668945312,522.9572143554688,144.892822265625,99.12867736816406,71.97452545166016,4140.1416015625,103.61170959472656,396.3810119628906,881.7664184570312,1515.5247802734375,9798.775390625,485.7941589355469,563.6516723632812,204.2425994873047,316.380615234375,1317.656982421875,1570.6265869140625,2738.8701171875,1902.51904296875,226.5074920654297,6161.8134765625,3703.490478515625,69.75826263427734,1034.01806640625,1355.84130859375
2022-10-04,1923.698974609375,2268.335693359375,5078.19482421875,904.7811889648438,180.1938934326172,480.7505798339844,209.67681884765625,929.5974731445312,43.04337310791016,1877.7276611328125,453.6380615234375,1517.9005126953125,583.47802734375,2436.80517578125,2334.56591796875,234.2751922607422,535.5513305664062,150.54554748535156,102.41763305664062,71.31531524658203,4232.525390625,107.91011810302734,407.6520690917969,945.5206298828124,1560.48095703125,9950.6650390625,500.0220031738281,587.2203979492188,209.23875427246097,326.5511169433594,1326.444091796875,1557.6461181640625,2858.419921875,2008.3253173828125,231.7960205078125,6203.40576171875,3787.399169921875,74.45747375488281,1052.50048828125,1336.3651123046875
2022-10-05,1910.7144775390625,2275.33056640625,5073.20556640625,879.02734375,171.81277465820312,471.2243347167969,200.99020385742188,923.0101318359376,42.778846740722656,1892.191162109375,459.3272399902344,1505.9091796875,589.4725952148438,2364.92919921875,2375.00634765625,225.00387573242188,544.1473999023438,147.42955017089844,96.8493881225586,71.5350570678711,4215.97021484375,104.46139526367188,404.460205078125,926.1345825195312,1551.9892578125,9936.6748046875,499.5228271484375,581.8275146484375,208.0396728515625,318.5743103027344,1327.043701171875,1536.178466796875,2812.36376953125,2007.3272705078125,228.40338134765625,6180.529296875,3777.41015625,73.90756225585938,1034.517578125,1299.9097900390625
2022-10-06,1889.7396240234375,2261.34130859375,5049.2568359375,862.8564453125,169.5678253173828,470.1271362304687,199.2928009033203,907.8395385742188,42.45442199707031,1939.0718994140625,459.4770202636719,1514.5389404296875,586.9749145507812,2329.989501953125,2308.6044921875,223.5084991455078,536.9507446289062,144.61318969726562,96.14962005615234,68.36837768554688,4199.4169921875,104.06153869628906,400.66998291015625,938.3258056640624,1565.47607421875,9830.7529296875,493.3323974609375,572.8394775390625,210.8375244140625,309.3013000488281,1320.65283203125,1501.2313232421875,2724.66162109375,1969.8956298828125,229.10186767578125,6176.37060546875,3724.4677734375,71.27801513671875,1036.0162353515625,1291.4200439453125
2022-10-07,1903.7227783203125,2248.3505859375,5055.24365234375,862.25732421875,169.7673797607422,465.8378601074219,200.39112854003903,906.2427368164062,42.60416030883789,1985.9530029296875,468.2103271484375,1464.07080078125,576.9837646484375,2316.012939453125,2342.055419921875,221.11590576171875,523.3569946289062,143.29489135742188,93.8303680419922,70.86576080322266,4194.61083984375,99.7031478881836,399.6725463867187,922.33740234375,1539.001953125,10022.6103515625,493.0828247070313,576.2350463867188,207.6399688720703,306.1104736328125,1340.6231689453125,1497.2374267578125,2718.291748046875,1913.9979248046875,229.00209045410156,6145.17724609375,3729.462158203125,70.58812713623047,1009.0418090820312,1299.410400390625
2022-10-10,1956.6595458984375,2239.35693359375,5109.1298828125,845.6870727539062,172.61097717285156,461.5984191894531,205.7828063964844,899.0567016601562,42.115028381347656,2000.914794921875,461.5729370117187,1469.5673828125,571.4887084960938,2263.104248046875,2324.08154296875,223.2094268798828,530.5537719726562,143.05520629882812,96.4695281982422,68.96773529052734,4175.92138671875,101.5624771118164,399.3733215332031,921.3380126953124,1554.9864501953125,9818.76171875,492.633544921875,569.0445556640625,206.6407470703125,314.0872802734375,1344.018310546875,1491.745849609375,2697.223876953125,1910.00537109375,227.106201171875,6136.8583984375,3642.056884765625,68.87841033935547,1014.0370483398438,1296.9134521484375
2022-10-11,1950.6666259765625,2226.36669921875,4987.8876953125,835.5052490234375,174.85592651367188,453.3689575195313,206.68142700195312,882.0895385742188,41.4212646484375,2021.8616943359375,451.74169921875,1443.5838623046875,574.486083984375,2249.12841796875,2282.642333984375,211.64520263671875,524.3565673828125,139.9791717529297,98.16897583007812,69.28742218017578,4213.8349609375,99.42326354980467,382.7161560058594,885.5636596679688,1542.49853515625,9817.76171875,483.4478454589844,546.8739013671875,206.04119873046875,312.19281005859375,1355.2015380859375,1454.30224609375,2653.617431640625,1907.0107421875,221.1192169189453,6132.69873046875,3657.5400390625,69.47830963134766,1012.0389404296876,1305.9022216796875
2022-10-12,1961.6536865234375,2218.372802734375,4940.48876953125,826.720947265625,171.01455688476562,447.9324645996094,198.8434906005859,856.7388305664062,39.020538330078125,2014.8795166015625,448.4978637695313,1415.6019287109375,569.490478515625,2209.197265625,2265.6669921875,203.4705047607422,516.160400390625,135.50494384765625,93.17056274414062,68.60811614990234,4200.484375,89.16703796386719,372.8414916992187,857.5838012695312,1491.048583984375,9927.6796875,485.3448486328125,537.8858642578125,199.1465301513672,296.0397644042969,1356.7994384765625,1425.8453369140625,2598.251708984375,1889.043701171875,211.9391632080078,6145.17724609375,3693.501220703125,66.22886657714844,986.0636596679688,1283.9293212890625
2022-10-13,1957.1588134765625,2155.418701171875,4867.6435546875,832.111328125,176.25277709960938,458.1070861816406,200.62960815429688,858.9345092773438,41.695777893066406,2005.90234375,457.3809509277344,1454.0771484375,578.9820556640625,2249.12841796875,2299.118408203125,216.6298065185547,522.3573608398438,142.3560791015625,98.4089126586914,69.84681701660156,4099.02294921875,93.9652862548828,390.296630859375,892.158935546875,1516.5238037109375,9772.7958984375,487.5414123535156,550.6689453125,203.44320678710935,305.9111022949219,1329.0401611328125,1448.8104248046875,2595.80224609375,1895.03271484375,228.20382690429688,5989.2080078125,3611.590087890625,69.99822998046875,983.6658325195312,1285.4276123046875
2022-10-14,1985.6248779296875,2173.40576171875,4741.412109375,852.8742065429688,178.24827575683594,457.658203125,201.8280029296875,869.5139770507812,42.374568939208984,2010.8896484375,454.18701171875,1436.5885009765625,599.4637451171875,2295.04931640625,2266.665771484375,217.92578125,523.3569946289062,142.63575744628906,99.36861419677734,71.54505157470703,4146.01611328125,95.4647216796875,393.2889404296875,871.5738525390625,1504.535400390625,9810.767578125,483.59759521484375,540.8819580078125,206.2410430908203,313.18994140625,1348.2120361328125,1467.78173828125,2540.92724609375,1919.488037109375,227.50534057617188,6039.1181640625,3663.0341796875,70.03822326660156,998.0521850585938,1260.95751953125
2022-10-17,1969.144775390625,2198.38720703125,4809.7666015625,890.2073974609375,182.28916931152344,470.0772399902344,205.42312622070312,904.2466430664062,42.59417724609375,2001.9124755859375,448.5976867675781,1499.0487060546875,612.9515991210938,2387.8896484375,2263.170654296875,225.80142211914065,530.5537719726562,145.21241760253906,103.61725616455078,72.22433471679688,4120.91796875,98.6035614013672,401.6674499511719,883.365234375,1534.0067138671875,9854.7353515625,486.54296875,554.6636352539062,211.037353515625,315.08441162109375,1352.0067138671875,1490.747314453125,2619.81005859375,1932.464111328125,232.79383850097656,6057.83447265625,3665.03173828125,71.55796813964844,1002.0484008789062,1240.4825439453125
2022-10-18,1952.6644287109375,2218.372802734375,4737.9189453125,918.3569946289062,184.0352325439453,464.5909423828125,204.3246307373047,901.052734375,42.52928924560547,1991.9378662109375,444.4056701660156,1535.0257568359375,615.4494018554688,2391.8828125,2249.69091796875,226.6986389160156,532.552734375,147.3096923828125,103.26737213134766,69.28742218017578,4158.298828125,98.90345764160156,402.9640808105469,898.554443359375,1547.4937744140625,9836.7490234375,482.2995300292969,557.6597290039062,214.83444213867188,318.17547607421875,1361.7921142578125,1477.766845703125,2603.151123046875,1946.4385986328125,236.1864776611328,6103.5859375,3676.02001953125,74.26750183105469,1024.027587890625,1239.983154296875
2022-10-19,1957.1588134765625,2221.370361328125,4722.95068359375,897.1948852539062,182.53858947753903,472.8204956054687,204.7240753173828,902.6497192382812,40.537837982177734,2020.8641357421875,454.3866271972656,1505.5447998046875,599.4637451171875,2340.97021484375,2269.661376953125,227.2967834472656,517.5597534179688,144.1138458251953,101.91779327392578,69.80685424804688,4164.70654296875,98.38363647460938,407.2530212402344,892.35888671875,1532.0086669921875,9801.7744140625,472.26519775390625,559.4573364257812,211.4370574951172,307.5064392089844,1380.1650390625,1475.7698974609375,2577.183837890625,1944.941162109375,230.59861755371097,6147.2568359375,3657.5400390625,73.98755645751953,999.5507202148438,1231.493408203125
2022-10-20,1924.1983642578125,2210.37841796875,4718.958984375,885.2162475585938,184.5341033935547,471.72314453125,207.120849609375,897.6593627929688,41.97028350830078,2029.8414306640625,460.0758972167969,1485.55712890625,588.4735717773438,2325.996337890625,2316.5927734375,229.19091796875,517.9595947265625,145.15249633789062,103.31735229492188,69.16752624511719,4175.38720703125,100.26294708251952,405.75689697265625,891.359619140625,1508.3006591796875,9648.88671875,483.9469909667969,558.2589111328125,216.6330413818359,307.9053039550781,1362.9901123046875,1463.288818359375,2599.721923828125,1948.4349365234375,234.49012756347656,6161.8134765625,3605.096923828125,73.13770294189453,1011.5394287109376,1209.0208740234375
2022-10-21,1917.7060546875,2223.368896484375,4794.79833984375,885.0167236328125,185.4819793701172,476.6608581542969,208.9184112548828,898.8570556640625,41.31145477294922,2042.8082275390625,463.5692138671875,1464.07080078125,583.9775390625,2358.939697265625,2340.557373046875,227.99461364746097,485.974365234375,144.85287475585938,101.3179931640625,67.28950500488281,4211.69873046875,94.1452178955078,405.4576721191406,885.763671875,1500.3070068359375,9712.83984375,501.3199768066406,566.2482299804688,215.63380432128903,300.22760009765625,1390.349853515625,1447.8121337890625,2679.094970703125,1944.442138671875,234.5899353027344,6170.13232421875,3576.128173828125,73.567626953125,1004.0465698242188,1195.537353515625
2022-10-24,1928.6929931640625,2260.34130859375,4739.91455078125,910.5709838867188,186.8289337158203,473.917724609375,210.5162811279297,919.217529296875,42.46440887451172,2073.72998046875,469.1087036132813,1505.5447998046875,594.9677124023438,2416.839599609375,2341.5556640625,231.58351135253903,501.76708984375,148.74786376953125,102.41763305664062,68.78792572021484,4188.203125,95.50470733642578,414.0356140136719,803.6226196289062,1535.7786865234375,9774.7939453125,501.1203308105469,560.8553466796875,217.23257446289065,304.9139709472656,1385.3572998046875,1505.724609375,2632.549072265625,1953.4259033203125,239.9782257080078,6186.7685546875,3604.59716796875,73.48764038085938,1009.0418090820312,1189.5447998046875
2022-10-25,1951.1661376953125,2310.30517578125,4703.99169921875,927.93994140625,189.6725311279297,441.5484313964844,210.71600341796875,938.1808471679688,42.89863967895508,2093.678955078125,464.717041015625,1534.5262451171875,618.4467163085938,2458.767578125,2286.13720703125,234.2751922607422,512.5619506835938,150.02621459960938,106.46636199951172,68.42831420898438,4193.54248046875,98.26368713378906,415.3322448730469,816.61328125,1547.26953125,9745.81640625,501.9190979003906,553.6650390625,215.4339904785156,319.4716796875,1381.5628662109375,1520.7020263671875,2605.111328125,2005.3306884765625,243.86973571777344,6203.40576171875,3625.57470703125,73.6776123046875,1000.5498657226562,1189.0455322265625
2022-10-26,1901.7252197265625,2325.294189453125,4832.71826171875,925.3445434570312,191.71791076660156,442.8451843261719,211.9143829345703,926.403564453125,42.474388122558594,2101.658447265625,465.1162414550781,1553.5142822265625,626.4395141601562,2460.76416015625,2296.122802734375,233.37799072265625,524.15673828125,149.62673950195312,108.06584930419922,69.98666381835938,4132.1318359375,101.51248168945312,414.83355712890625,819.0115966796875,1560.25927734375,10026.607421875,515.0985717773438,525.3026123046875,217.43243408203125,322.6623840332031,1392.946044921875,1527.69140625,2716.822265625,1981.3746337890625,244.06932067871097,5949.6962890625,3577.626953125,74.45747375488281,1014.0370483398438,1247.9732666015625
2022-10-27,1837.8016357421875,2321.297119140625,4654.09765625,939.5192260742188,192.8653259277344,449.02978515625,212.5135955810547,938.38037109375,42.703975677490234,2098.666259765625,480.9861450195313,1548.017578125,631.4351196289062,2495.7041015625,2421.438720703125,231.1847381591797,527.3551025390625,150.06613159179688,108.86559295654295,69.54713439941406,4127.8603515625,101.51248168945312,415.83099365234375,816.4134521484375,1544.771728515625,9943.669921875,500.2216796875,535.089599609375,215.83364868164065,323.9585876464844,1384.9578857421875,1525.694580078125,2661.456298828125,2013.3165283203125,247.16258239746097,5814.52294921875,3518.19091796875,76.32715606689453,1011.0399169921876,1233.4908447265625
2022-10-28,1849.7874755859375,2338.28466796875,4476.4755859375,940.5173950195312,190.02175903320312,441.0995178222656,212.41372680664065,946.364990234375,41.19666290283203,2112.63037109375,472.0531311035156,1543.020751953125,626.4395141601562,2513.67333984375,2414.94775390625,229.78907775878903,520.1586303710938,146.25108337402344,104.21707916259766,73.08342742919922,4184.46435546875,96.82421875,412.2402038574219,797.02734375,1540.7747802734375,10116.5419921875,495.9783020019531,518.9111328125,216.0335235595703,320.86767578125,1414.5142822265625,1544.665771484375,2572.2841796875,1994.3509521484375,224.41204833984375,5903.9453125,3550.15673828125,76.97705841064453,1014.53662109375,1231.493408203125
2022-10-31,1900.22705078125,2339.283447265625,4527.3671875,937.722412109375,193.96287536621097,446.1868286132813,214.81048583984375,946.5645141601562,41.945335388183594,2118.61572265625,478.8900451660156,1521.534423828125,623.9418334960938,2498.698974609375,2400.46923828125,232.18165588378903,521.35791015625,147.56936645507812,105.46668243408205,76.53981018066406,4244.80712890625,97.40399169921876,417.0279235839844,810.2178344726562,1559.260009765625,10246.4462890625,498.72406005859375,519.5103759765625,217.8321075439453,321.6653137207031,1426.6964111328125,1553.6524658203125,2556.115234375,2013.3165283203125,234.2905731201172,6010.00390625,3594.108642578125,78.13685607910156,1029.0228271484375,1247.4739990234375
2022-11-01,1888.241455078125,2286.32275390625,4724.94775390625,942.9130859375,199.1511688232422,457.4088439941406,217.50686645507812,960.9366455078124,42.1300048828125,2114.62548828125,485.5275268554687,1590.990478515625,629.4368896484375,2496.702392578125,2450.395263671875,234.37489318847656,534.1520385742188,150.1460418701172,110.7650146484375,77.81846618652344,4215.97021484375,100.1629867553711,419.92047119140625,843.39404296875,1560.25927734375,10338.37890625,522.9861450195312,527.499755859375,218.43167114257812,337.0206604003906,1443.8712158203125,1568.629638671875,2710.942626953125,2026.29248046875,237.98255920410156,5978.810546875,3607.0947265625,81.48629760742188,1022.5289916992188,1289.921875
2022-11-02,1912.712158203125,2290.31982421875,4600.71142578125,945.1091918945312,197.4051055908203,455.6632385253906,216.5081787109375,963.5316772460938,41.70077133178711,2067.744873046875,483.4314880371094,1619.4722900390625,632.4341430664062,2528.6474609375,2424.433349609375,233.4776611328125,528.9544067382812,149.90634155273438,111.16487121582033,78.65757751464844,4217.5732421875,100.86271667480467,417.5266418457031,837.3983764648438,1550.7669677734375,10512.251953125,513.3013916015625,525.90185546875,216.23333740234375,342.9035949707031,1443.4716796875,1573.6220703125,2616.8701171875,1989.35986328125,235.2884063720703,5982.96875,3598.603759765625,83.04603576660156,1004.5459594726562,1281.432373046875
2022-11-03,1867.765869140625,2313.302978515625,4665.07470703125,931.5335083007812,211.1241912841797,461.9974365234375,222.6998291015625,961.7350463867188,42.15496063232422,2086.69677734375,492.5641479492187,1614.475341796875,647.9202880859375,2474.740234375,2487.840576171875,230.58660888671875,527.9548950195312,149.32711791992188,109.5653839111328,79.61658477783203,4267.23486328125,98.46361541748048,418.6238708496094,837.7981567382812,1562.2576904296875,10674.130859375,518.1937255859375,532.69287109375,213.23565673828125,344.7980651855469,1445.8680419921875,1566.1334228515625,2602.661865234375,1991.3564453125,231.2971038818359,5974.6513671875,3591.11181640625,80.14652252197266,1033.5185546875,1294.9158935546875
2022-11-04,1898.2294921875,2306.30810546875,5019.32080078125,950.8988037109376,208.230712890625,488.7806091308594,222.8995819091797,965.5277709960938,42.674034118652344,2112.63037109375,499.0019226074219,1679.933837890625,644.4234619140625,2547.61474609375,2522.7890625,237.5650177001953,540.34912109375,153.32196044921875,112.61441802978516,79.83634948730469,4329.18017578125,104.01156616210938,428.1991882324219,912.9440307617188,1579.7437744140625,10734.087890625,531.1736450195312,553.8646240234375,216.0335235595703,356.4642028808594,1443.4716796875,1576.1182861328125,2892.227294921875,2016.310791015625,237.4836273193359,5966.33251953125,3684.01123046875,85.09569549560547,1047.0057373046875,1245.476318359375
2022-11-07,1923.199462890625,2279.32763671875,5033.2900390625,954.2927856445312,217.509765625,478.2070007324219,227.3935089111328,953.9503173828124,41.94034194946289,2128.59033203125,500.848388671875,1750.8887939453125,645.4225463867188,2551.607666015625,2497.326416015625,238.4622344970703,535.3514404296875,152.4031524658203,114.96367645263672,76.53981018066406,4306.21728515625,104.36143493652344,433.58538818359375,905.9490966796876,1558.2607421875,10638.158203125,531.1736450195312,557.26025390625,210.03811645507812,355.9656677246094,1375.3721923828125,1567.631103515625,2918.195556640625,1980.8756103515625,237.88275146484375,5864.4326171875,3641.05810546875,86.33547973632812,1042.0103759765625,1255.9635009765625
2022-11-08,1971.6416015625,2312.303466796875,5100.1484375,978.4495849609376,218.70709228515625,477.4588623046875,229.99002075195312,976.1072387695312,42.77385330200195,2129.588134765625,484.7789306640625,1742.8939208984375,643.9239501953125,2614.49951171875,2434.419189453125,238.76129150390625,546.9461059570312,153.98109436035156,117.01302337646484,76.85946655273438,4332.3837890625,107.86013793945312,432.7874145507813,910.5458374023438,1550.2672119140625,10652.146484375,523.8848876953125,561.2548828125,211.037353515625,371.62017822265625,1384.9578857421875,1583.60693359375,3002.468017578125,1925.9759521484375,239.27972412109375,5912.26220703125,3630.069580078125,88.42513275146484,1036.515625,1311.3956298828125
2022-11-09,1997.610595703125,2322.29638671875,5108.13134765625,985.4371337890624,217.90887451171875,475.51373291015625,227.99273681640625,984.6906127929688,42.48936462402344,2147.542724609375,481.1856994628906,1745.8919677734375,660.4091796875,2633.466796875,2379.9990234375,235.5711975097656,553.7428588867188,154.2008056640625,113.06427764892578,77.49880981445312,4346.80078125,107.4103012084961,425.2069091796875,901.752197265625,1605.2235107421875,10838.0087890625,509.6070861816406,562.653076171875,211.6368865966797,373.0161437988281,1405.128173828125,1611.564697265625,2996.098388671875,1982.8717041015625,236.48580932617188,5908.1044921875,3620.580322265625,88.60511016845703,1029.0228271484375,1326.876708984375
2022-11-10,2039.560302734375,2375.2578125,5137.06982421875,1020.674072265625,212.35939025878903,472.9700317382813,227.59326171875,1016.0298461914062,43.22305679321289,2087.694091796875,469.9054260253906,1792.3626708984375,657.411865234375,2712.331298828125,2311.800048828125,246.0387725830078,570.7350463867188,156.7974395751953,119.96209716796876,83.21282196044922,4317.96533203125,116.30701446533205,436.2784729003906,928.9324951171876,1620.2115478515625,11149.7802734375,500.42138671875,562.0538940429688,230.6222686767578,356.1650390625,1406.1265869140625,1665.9825439453125,3069.1025390625,2081.19189453125,239.47930908203125,5906.02392578125,3718.473876953125,85.94554901123047,1055.49755859375,1332.8695068359375
2022-11-11,2017.5867919921875,2233.362060546875,5386.5390625,1004.2034912109376,217.94778442382812,469.0299072265625,227.89285278320312,995.2700805664062,43.43767547607422,1988.4464111328125,477.5416564941406,1757.88427734375,605.9578857421875,2672.399658203125,2356.737060546875,248.431396484375,574.3333740234375,158.015869140625,124.66060638427734,82.2138671875,4207.427734375,120.45548248291016,437.2758483886719,999.7816772460938,1577.745361328125,10590.1923828125,501.2201232910156,564.85009765625,224.4270477294922,384.3830261230469,1321.6512451171875,1625.0440673828125,3283.70458984375,2042.26318359375,249.0584716796875,5777.09033203125,3615.086181640625,89.29498291015625,1054.9984130859375,1385.3055419921875
2022-11-14,2019.584228515625,2246.35205078125,5395.52001953125,1028.16064453125,219.7440948486328,479.1047058105469,230.08990478515625,1007.0471801757812,43.52750778198242,2032.8338623046875,479.6379089355469,1752.8876953125,631.4351196289062,2751.263671875,2354.740478515625,247.4344787597656,573.1339721679688,157.41664123535156,125.21044158935548,83.37265014648438,4306.7509765625,119.55581665039062,439.6697387695313,994.0857543945312,1590.7349853515625,10859.994140625,511.2046203613281,576.434814453125,224.02734375,402.1315307617187,1362.9901123046875,1629.5374755859375,3252.34716796875,2116.1279296875,248.7591094970703,5893.54736328125,3655.04296875,91.5845947265625,1062.9906005859375,1429.7509765625
2022-11-15,2005.6009521484375,2254.345947265625,5447.41015625,1006.1998901367188,215.6526031494141,478.8054809570313,227.0939178466797,1001.0588989257812,43.6373176574707,2021.8616943359375,476.194091796875,1740.895263671875,624.44140625,2683.380859375,2371.717041015625,245.54031372070312,573.7335815429688,157.01718139648438,124.66060638427734,86.18970489501953,4307.81884765625,119.70574951171876,436.2784729003906,999.2820434570312,1598.7286376953125,10792.044921875,518.6929321289062,576.0352783203125,222.42860412597656,391.36285400390625,1352.2059326171875,1641.020263671875,3277.3349609375,2069.2138671875,249.95651245117188,5897.7060546875,3610.09130859375,91.0946807861328,1058.99462890625,1444.233154296875
2022-11-16,2022.5806884765625,2278.32861328125,5366.58154296875,1009.194580078125,210.56314086914065,474.3166809082031,225.5959320068359,1009.04345703125,43.05335998535156,2047.7955322265625,480.48638916015625,1750.8887939453125,603.959716796875,2687.374267578125,2367.22265625,247.23507690429688,555.5419921875,154.2008056640625,119.71217346191406,86.88896942138672,4340.927734375,114.90753173828124,441.7643127441406,985.0921630859376,1573.7484130859375,10740.0830078125,516.4963989257812,572.8394775390625,224.6268768310547,384.781982421875,1372.37646484375,1641.519287109375,3175.913330078125,2037.2725830078125,246.3643341064453,6014.1630859375,3641.557373046875,87.20533752441406,1062.4910888671875,1417.7657470703125
2022-11-17,1992.6163330078125,2258.343017578125,5355.60498046875,991.2266845703124,210.4633331298828,480.0024719238281,226.1951141357422,1003.5540771484376,44.341064453125,2103.654052734375,477.7911987304687,1753.38720703125,626.4395141601562,2648.441162109375,2361.231201171875,252.81781005859375,558.7406005859375,156.45790100097656,120.66187286376952,91.60401916503906,4334.4033203125,114.60765075683594,447.0507507324219,996.8837280273438,1595.2315673828125,10806.033203125,511.1047668457031,584.0247192382812,221.02964782714844,385.3303833007813,1352.541015625,1666.481689453125,3078.901611328125,2061.228271484375,252.4510955810547,6026.640625,3648.5498046875,86.58543395996094,1056.9962158203125,1419.76318359375
2022-11-18,1992.6163330078125,2281.326416015625,5373.56689453125,1024.1678466796875,216.3511199951172,477.7083129882813,230.98870849609375,1015.5308227539062,45.39419174194336,2115.62353515625,475.1958923339844,1774.3741455078125,622.4431762695312,2725.308837890625,2341.2587890625,260.5937805175781,566.5370483398438,158.015869140625,123.4110107421875,92.90266418457033,4315.7119140625,119.55581665039062,453.9330749511719,977.8974609375,1573.7484130859375,10911.9560546875,505.0142517089844,580.828857421875,231.02194213867188,396.7985534667969,1366.5218505859375,1693.9403076171875,3097.030029296875,2088.179443359375,257.5400695800781,6043.27685546875,3670.02685546875,85.47562408447266,1066.9866943359375,1427.2540283203125
2022-11-21,1993.6153564453125,2330.29052734375,5258.81103515625,1035.1480712890625,216.25131225585935,482.29681396484375,231.6877593994141,1030.0025634765625,45.43412399291992,2135.572998046875,457.3280029296875,1767.3782958984375,642.9248046875,2753.2607421875,2269.358642578125,259.69659423828125,569.9353637695312,157.7362518310547,119.81214141845705,93.66187286376952,4392.61572265625,120.05562591552734,451.83843994140625,954.9139404296876,1610.71923828125,11061.8447265625,496.0781555175781,579.630615234375,233.4201202392578,399.7902221679687,1396.0814208984375,1692.9417724609375,3025.006591796875,2076.201171875,255.0454559326172,6134.77880859375,3721.970703125,84.79573822021484,1073.4805908203125,1429.7509765625
2022-11-22,2009.59619140625,2310.30517578125,5375.56298828125,1031.6544189453125,220.2430419921875,485.638427734375,234.68370056152344,1029.5035400390625,45.48902893066406,2149.537353515625,487.12445068359375,1797.3592529296875,653.4154052734375,2734.29345703125,2379.206298828125,257.40362548828125,570.335205078125,157.71624755859375,122.81120300292967,94.78069305419922,4396.888671875,123.25445556640624,454.1325378417969,945.1209106445312,1616.7144775390625,11075.8349609375,514.1001586914062,584.8236083984375,231.02194213867188,399.7902221679687,1407.66552734375,1720.8995361328125,3075.471923828125,2084.1865234375,254.0476226806641,6132.69873046875,3741.44921875,85.27566528320312,1073.980224609375,1470.201416015625
2022-11-23,2032.5687255859375,2316.30029296875,5366.58154296875,1050.1212158203125,222.8376922607422,487.9826354980469,235.7822265625,1030.0025634765625,45.404178619384766,2179.461181640625,482.2332458496094,1818.845947265625,646.4216918945312,2788.20068359375,2353.24267578125,259.39752197265625,580.5304565429688,158.0758056640625,125.6103057861328,94.5609359741211,4390.4794921875,126.20335388183594,454.7309875488281,943.7219848632812,1617.2139892578125,10987.900390625,529.4761962890625,586.2217407226562,231.4216766357422,412.8539733886719,1382.100341796875,1717.4049072265625,3126.91748046875,2093.169921875,253.7482757568359,6111.9033203125,3752.93701171875,88.3951416015625,1074.979248046875,1509.15380859375
2022-11-24,2035.565185546875,2309.3056640625,5395.52001953125,1084.0606689453125,225.63186645507812,488.28179931640625,237.2802276611328,1014.1948852539062,45.85836410522461,2095.14892578125,482.6824340820313,1807.852783203125,647.4208374023438,2831.126708984375,2339.261962890625,260.0953063964844,586.7276611328125,159.21432495117188,126.70996856689452,95.71971893310548,4400.62646484375,125.65355682373048,453.9330749511719,949.9175415039062,1607.2218017578125,10915.953125,535.1673583984375,588.6185913085938,230.8220977783203,409.7626037597656,1378.106201171875,1729.8858642578125,3163.664794921875,2103.15185546875,258.13873291015625,6130.619140625,3744.9453125,91.0346908569336,1087.967041015625,1505.658203125
2022-11-25,2041.5579833984375,2323.295654296875,5367.5791015625,1062.598876953125,224.7337188720703,490.7257385253906,234.68370056152344,1017.688720703125,46.22771453857422,2121.0888671875,487.4738464355469,1811.85009765625,652.9158935546875,2814.156005859375,2363.727783203125,260.0953063964844,577.132080078125,158.85479736328125,125.6603012084961,93.8416748046875,4393.68310546875,124.50399017333984,455.4292297363281,942.72265625,1614.2164306640625,10945.9306640625,532.9707641601562,589.2178344726562,231.22181701660156,409.2639770507813,1390.4888916015625,1722.3973388671875,3139.65625,2124.113525390625,255.4445648193359,6134.77880859375,3758.430908203125,90.83472442626952,1102.453125,1521.13916015625
2022-11-28,2022.5806884765625,2335.28662109375,5351.61328125,1048.6240234375,223.23684692382812,487.3840942382813,232.28692626953125,1014.1948852539062,45.733585357666016,2126.078125,482.6824340820313,1802.8558349609375,644.4234619140625,2772.22802734375,2357.237060546875,255.9082794189453,571.1348266601562,157.97592163085938,123.91085052490234,94.72076416015624,4438.0107421875,124.45399475097656,448.0481872558594,927.7334594726562,1609.719970703125,11041.859375,537.4637451171875,579.03125,229.02349853515625,408.6656188964844,1392.8857421875,1695.437744140625,3109.769287109375,2030.28515625,254.0476226806641,6205.484375,3781.905517578125,88.60511016845703,1082.9716796875,1503.6605224609375
2022-11-29,2015.5889892578125,2288.3212890625,5551.18896484375,1024.1678466796875,222.6380615234375,509.0300598144531,232.6864013671875,1006.7081298828124,46.24268341064453,2118.096435546875,491.167236328125,1816.347412109375,650.4180908203125,2709.33642578125,2397.181640625,253.61534118652344,564.5379028320312,160.79229736328125,122.41131591796876,94.72076416015624,4405.43310546875,124.4040298461914,447.4497375488281,964.1072387695312,1594.73193359375,11051.8515625,549.9442138671875,608.1925659179688,228.62380981445312,409.5631713867187,1415.8541259765625,1673.4710693359375,3223.439453125,2023.2979736328125,259.9348449707031,6176.37060546875,3763.9248046875,89.10501861572266,1076.9771728515625,1494.67138671875
2022-11-30,2012.5926513671875,2310.30517578125,5573.142578125,1022.1712646484376,222.1391143798828,508.43157958984375,227.19381713867188,1012.6974487304688,46.821651458740234,2120.091552734375,496.60736083984375,1770.37646484375,648.9194946289062,2707.339599609375,2440.62109375,250.8239898681641,565.5374755859375,161.03196716308594,120.51192474365234,94.96051025390624,4426.26171875,126.00344848632812,443.16070556640625,978.6968994140624,1587.23779296875,11157.7744140625,562.6245727539062,616.5814819335938,230.02273559570312,408.1669921875,1404.869140625,1705.9222412109375,3339.069580078125,2022.2999267578125,261.3317565917969,6184.689453125,3803.881591796875,90.90471649169922,1084.4700927734375,1512.150146484375
2022-12-01,2012.5926513671875,2332.288818359375,5586.11474609375,1044.1318359375,221.5403594970703,496.6609497070313,228.3921661376953,1023.1788940429688,46.04303741455078,2101.13525390625,488.5718688964844,1768.87744140625,666.9033813476562,2712.758544921875,2378.707275390625,254.5125732421875,576.5322875976562,158.0758056640625,122.51129150390624,95.44001007080078,4464.17822265625,127.95270538330078,444.357666015625,1015.2705078125,1594.232421875,11191.7490234375,555.835205078125,594.0114135742188,231.82131958007812,413.9509582519531,1413.4573974609375,1737.37451171875,3235.198486328125,2055.239501953125,256.841552734375,6278.27099609375,3841.840576171875,86.9153823852539,1077.4769287109375,1539.61669921875
2022-12-02,2026.5760498046875,2335.28662109375,5572.1435546875,1047.1268310546875,223.43641662597656,497.2594604492187,228.1924591064453,1018.1878051757812,46.56710433959961,2095.14892578125,480.0371398925781,1758.3841552734375,648.419921875,2730.73046875,2362.22998046875,254.11378479003903,574.9331665039062,156.61769104003906,123.1111068725586,94.90056610107422,4462.57763671875,128.75242614746094,443.6593933105469,1029.760009765625,1592.23388671875,11169.7646484375,557.4327392578125,591.8142700195312,232.2210235595703,416.5437622070313,1422.0457763671875,1720.400146484375,3229.809326171875,2032.2816162109375,261.3317565917969,6278.27099609375,3842.839599609375,90.23482513427734,1088.46630859375,1527.631103515625
2022-12-05,2008.5975341796875,2328.2919921875,5658.95947265625,1054.61328125,224.9333038330078,498.7557067871094,229.7903289794922,1024.177001953125,46.29259490966797,2104.12841796875,482.6325378417969,1783.8677978515625,647.4208374023438,2754.69287109375,2372.2158203125,254.31320190429688,579.7308959960938,156.07838439941406,122.21139526367188,94.5609359741211,4463.64404296875,128.6024627685547,442.2630310058594,1084.7205810546875,1588.7366943359375,11251.7041015625,560.7275390625,591.4148559570312,229.4231719970703,418.4384765625,1420.2481689453125,1727.3897705078125,3269.985595703125,2022.2999267578125,259.3360900878906,6226.28125,3817.3671875,90.57476043701172,1088.46630859375,1512.150146484375
2022-12-06,2006.5997314453125,2315.3017578125,5667.94091796875,1034.14990234375,225.93125915527344,497.4090270996094,228.69178771972656,1017.1895751953124,46.342498779296875,2103.130615234375,473.7984313964844,1753.8870849609375,648.419921875,2714.755615234375,2355.239990234375,255.31011962890625,567.9364013671875,158.55517578125,121.41163635253906,94.62085723876952,4471.12158203125,126.4032745361328,443.0610046386719,1075.7269287109375,1597.229736328125,11141.78515625,555.236083984375,591.0154418945312,226.4254913330078,412.45513916015625,1385.8955078125,1707.419677734375,3257.736328125,1998.3436279296875,260.03460693359375,6165.97314453125,3822.86083984375,93.47428131103516,1070.98291015625,1516.145263671875
2022-12-07,1987.1231689453125,2333.288330078125,5604.076171875,1037.6436767578125,225.43228149414065,492.6209411621094,227.99273681640625,1017.688720703125,46.15284729003906,2098.142333984375,463.16754150390625,1681.9327392578125,640.926513671875,2723.7412109375,2312.299072265625,252.6184234619141,559.5402221679688,157.2368927001953,122.1613998413086,92.82273864746094,4444.41845703125,126.1033935546875,442.06353759765625,1054.24267578125,1610.219482421875,11249.7060546875,539.4605712890625,583.425537109375,228.62380981445312,408.7653198242187,1490.351806640625,1704.42431640625,3204.331298828125,1989.35986328125,257.73956298828125,6147.2568359375,3814.86962890625,90.51477813720705,1090.4644775390625,1537.11962890625
2022-12-08,1969.6439208984375,2313.302978515625,5767.7275390625,1031.6544189453125,223.7357940673828,494.0674133300781,230.58921813964844,1015.1931762695312,45.81843948364258,2065.21875,463.11761474609375,1679.933837890625,641.4261474609375,2718.749267578125,2306.307861328125,251.3224334716797,556.7415771484375,156.5977020263672,122.26136779785156,92.42315673828124,4444.41845703125,123.15574645996094,440.3678894042969,1057.7401123046875,1609.719970703125,11307.6630859375,547.7476806640625,590.6159057617188,227.22488403320312,405.374755859375,1481.5638427734375,1695.437744140625,3233.23876953125,1975.3856201171875,258.43804931640625,6113.9833984375,3771.916015625,91.3746337890625,1099.4559326171875,1524.6348876953125
2022-12-09,1987.6224365234375,2327.292236328125,5822.611328125,1032.1534423828125,225.93125915527344,494.9651794433594,227.59326171875,1015.1931762695312,46.35747146606445,2072.202392578125,461.12115478515625,1701.9200439453125,647.4208374023438,2735.722900390625,2282.83984375,253.91441345214844,561.9390869140625,159.2742462158203,123.01114654541016,92.1434555053711,4406.50048828125,122.85586547851562,446.8512878417969,1089.717041015625,1612.7174072265625,11345.634765625,541.6572265625,598.205810546875,229.4231719970703,408.7653198242187,1455.7991943359375,1693.4407958984375,3125.9375,2011.3199462890625,263.12786865234375,6072.39208984375,3738.9521484375,94.03419494628906,1096.95849609375,1479.1903076171875
2022-12-12,1960.65478515625,2328.2919921875,5666.9423828125,1016.1820678710938,221.04139709472656,495.11480712890625,226.4947204589844,1008.7047119140624,45.69365692138672,2056.2392578125,461.27093505859375,1657.9478759765625,641.9257202148438,2708.764892578125,2292.32666015625,251.2227478027344,556.7415771484375,157.9359893798828,119.16233825683594,92.1234893798828,4402.76318359375,120.85658264160156,442.06353759765625,1060.23828125,1598.2291259765625,11341.6396484375,536.565185546875,602.2005004882812,227.22488403320312,404.0783386230469,1443.0167236328125,1693.9403076171875,3091.64111328125,2012.318115234375,259.7352600097656,6032.87939453125,3724.4677734375,92.82438659667967,1103.95166015625,1487.1806640625
2022-12-13,1978.6331787109375,2324.294921875,5734.7978515625,1032.1534423828125,221.73995971679688,498.85546875,226.1951141357422,1013.6957397460938,46.28759765625,2015.3343505859375,470.204833984375,1690.4273681640625,629.4368896484375,2724.739990234375,2314.795166015625,257.40362548828125,569.1358642578125,161.57130432128906,122.76122283935548,90.42525482177734,4385.13818359375,122.55596923828124,445.55462646484375,1099.2103271484375,1607.7216796875,11317.65625,544.6526489257812,607.1939086914062,234.6191864013672,408.7653198242187,1450.4068603515625,1705.9222412109375,3140.636474609375,2048.252197265625,262.9283142089844,6045.357421875,3755.43408203125,90.59476470947266,1123.9326171875,1532.1256103515625
2022-12-14,1978.1339111328125,2338.28466796875,5610.0634765625,1034.6490478515625,220.04344177246097,496.4613952636719,225.39620971679688,1025.6744384765625,46.07298278808594,2029.3016357421875,468.70758056640625,1690.9268798828125,638.4288330078125,2739.716552734375,2292.82568359375,257.8023986816406,563.5383911132812,160.0532684326172,121.86149597167967,91.88373565673828,4433.2041015625,121.55633544921876,446.2527770996094,1089.217529296875,1613.2171630859375,11391.603515625,540.1596069335938,605.7957153320312,236.6176300048828,410.8595275878906,1441.8184814453125,1722.896484375,3069.5927734375,2081.19189453125,263.82635498046875,6070.31201171875,3760.4287109375,90.27481842041016,1123.9326171875,1514.64697265625
2022-12-15,1939.6798095703125,2322.29638671875,5644.98974609375,1036.1463623046875,217.8480224609375,491.4240112304687,223.1991729736328,1018.68701171875,45.38421249389648,2036.285400390625,465.0142822265625,1693.925048828125,648.419921875,2745.70703125,2286.334716796875,253.31626892089844,550.5443725585938,154.99978637695312,120.36196899414062,92.22337341308594,4418.78466796875,118.90727996826172,443.7592468261719,1064.7349853515625,1608.720703125,11351.6318359375,531.7724609375,603.7984008789062,229.4231719970703,409.6628112792969,1447.41064453125,1719.40185546875,3051.9541015625,2048.252197265625,257.93914794921875,5989.2080078125,3671.52490234375,89.1150131225586,1103.95166015625,1526.1331787109375
2022-12-16,1933.68701171875,2304.309326171875,5600.0849609375,1018.1784057617188,217.44883728027344,491.0249938964844,222.00079345703125,994.03076171875,45.09971618652344,2045.2650146484375,454.5829162597656,1643.45703125,634.432373046875,2689.794189453125,2239.8994140625,246.1384735107422,534.1520385742188,154.2207794189453,118.7624740600586,90.76490783691406,4423.056640625,118.05758666992188,434.9817504882813,1055.741455078125,1569.2520751953125,11147.7822265625,530.2748413085938,615.9822387695312,227.0250244140625,407.26953125,1426.0399169921875,1685.9521484375,3037.745361328125,2011.3199462890625,258.43804931640625,5964.25341796875,3620.080322265625,87.31532287597656,1078.9755859375,1501.6629638671875
2022-12-19,1958.6571044921875,2295.316162109375,5597.0908203125,1019.67578125,219.6443023681641,494.5163269042969,223.39891052246097,994.6296997070312,44.920040130615234,2057.237060546875,465.7628173828125,1674.9368896484375,648.419921875,2680.808837890625,2283.838134765625,246.33787536621097,521.557861328125,155.1795654296875,120.21202087402344,91.88373565673828,4457.77001953125,115.60846710205078,437.2758483886719,1054.24267578125,1579.7437744140625,11099.8173828125,535.9661254882812,616.3817749023438,226.4254913330078,408.1669921875,1418.85009765625,1686.4515380859375,3050.484130859375,2035.2760009765625,258.7373962402344,5976.73046875,3632.067626953125,88.8250503540039,1077.4769287109375,1513.648193359375
2022-12-20,1933.68701171875,2282.325927734375,5650.9765625,1008.1963500976562,220.04344177246097,501.54876708984375,224.09796142578125,992.2339477539062,45.439117431640625,2061.227783203125,466.61138916015625,1659.946533203125,657.411865234375,2661.83837890625,2304.310302734375,245.44064331054688,519.7586059570312,155.5390625,121.16171264648438,94.28121948242188,4439.6123046875,113.20932006835938,439.6697387695313,1057.2403564453125,1582.2418212890625,11117.8046875,547.148681640625,620.37646484375,224.8267517089844,405.9731140136719,1425.04150390625,1699.930908203125,3061.263427734375,2053.2431640625,261.6311340332031,5908.1044921875,3625.57470703125,88.4151382446289,1069.9840087890625,1525.633544921875
2022-12-21,1961.1541748046875,2309.3056640625,5769.7236328125,1016.1820678710938,221.3407745361328,510.0275573730469,226.5946044921875,998.7223510742188,46.16282272338867,2078.188720703125,479.1388244628906,1705.917236328125,671.8988647460938,2663.8349609375,2351.24462890625,252.2196502685547,524.556396484375,157.87603759765625,122.86117553710938,95.77964782714844,4512.7783203125,120.10686492919922,448.14788818359375,1091.7156982421875,1607.7216796875,11235.716796875,559.9287109375,624.9702758789062,231.22181701660156,414.54925537109375,1451.2054443359375,1713.4107666015625,3184.2431640625,2072.208251953125,264.6246643066406,5951.77490234375,3689.005859375,91.10468292236328,1092.962158203125,1557.09521484375
2022-12-22,1948.169677734375,2306.30810546875,5726.8154296875,988.5789184570312,219.6443023681641,511.0250244140625,225.79568481445312,995.8275146484376,46.0180778503418,2085.17236328125,477.04254150390625,1667.4420166015625,676.3948364257812,2646.861572265625,2349.247802734375,249.32861328125,521.557861328125,156.93727111816406,120.01207733154295,95.14032745361328,4499.9609375,119.20718383789062,444.8564147949219,1098.710693359375,1591.734375,11297.671875,556.1347045898438,624.1713256835938,232.0211639404297,410.9591979980469,1452.8033447265625,1713.4107666015625,3139.65625,2074.204345703125,264.0259094238281,5924.74072265625,3659.0380859375,91.08467864990234,1096.458740234375,1572.0770263671875
2022-12-23,1948.169677734375,2297.31494140625,5795.66845703125,985.1846313476562,218.8459625244141,509.0300598144531,226.39488220214844,987.841796875,45.94820022583008,2077.19091796875,478.040771484375,1672.4385986328125,677.8935546875,2647.8603515625,2363.228271484375,249.8270568847656,517.9595947265625,157.5364990234375,123.56095886230467,96.6187744140625,4501.02978515625,119.50707244873048,442.8615112304687,1115.6982421875,1589.236083984375,11229.72265625,557.1331176757812,624.1713256835938,232.2210235595703,407.6683654785156,1450.8065185546875,1704.42431640625,3184.2431640625,2102.153564453125,263.9261779785156,5937.2177734375,3643.55517578125,91.66458129882812,1104.4512939453125,1543.611572265625
2022-12-28,1931.6893310546875,2318.299072265625,5805.64794921875,994.7688598632812,218.0475921630859,516.7109375,223.1991729736328,999.7206420898438,46.157833099365234,2091.158935546875,479.5380859375,1680.43359375,677.3939819335938,2671.822509765625,2346.751220703125,250.92367553710935,520.7582397460938,158.67503356933594,122.36134338378906,96.93844604492188,4491.9501953125,122.10614013671876,446.4523315429687,1122.693359375,1598.7286376953125,11241.712890625,558.8305053710938,628.3659057617188,232.8205718994141,409.0644836425781,1438.2232666015625,1716.4061279296875,3220.009765625,2118.124755859375,266.9196472167969,5985.04931640625,3664.532470703125,92.62442779541016,1096.95849609375,1558.0938720703125
2022-12-29,1927.19482421875,2317.300048828125,5821.61376953125,1005.3515014648438,218.6463928222656,517.5089111328125,223.9981231689453,1003.21435546875,46.142860412597656,2071.205322265625,479.887451171875,1690.9268798828125,677.3939819335938,2689.794189453125,2346.251953125,251.72122192382812,527.1552734375,159.1344451904297,124.2607421875,96.39900207519533,4488.2119140625,123.10576629638672,445.55462646484375,1133.1859130859375,1610.71923828125,11339.640625,557.4327392578125,628.9650268554688,234.4193572998047,411.2583923339844,1442.6173095703125,1724.3941650390625,3189.142333984375,2123.115478515625,267.3187561035156,5974.6513671875,3664.032958984375,92.43445587158205,1104.4512939453125,1573.0755615234375
2022-12-30,1970.6429443359375,2286.32275390625,5785.68994140625,989.777099609375,217.249267578125,514.4166259765625,223.8982391357422,995.6279907226562,45.32931137084961,2066.216552734375,474.0479736328125,1667.94140625,678.8926391601562,2646.861572265625,2322.7841796875,248.73046875,515.3607177734375,158.3155059814453,123.26104736328124,96.41898345947266,4466.85009765625,126.1046905517578,441.6645812988281,1126.6905517578125,1597.229736328125,11209.736328125,551.5418701171875,621.5748291015625,232.42088317871097,410.1614990234375,1435.626953125,1709.4169921875,3171.503662109375,2133.09716796875,264.6246643066406,5982.96875,3646.05224609375,93.184326171875,1108.4473876953125,1550.1038818359375
2023-01-03,1936.18408203125,2305.308837890625,5826.60302734375,1003.8538818359376,224.434326171875,528.581298828125,228.69178771972656,997.22509765625,47.0462532043457,2085.17236328125,482.4828186035156,1657.9478759765625,667.40283203125,2669.82568359375,2363.727783203125,251.3224334716797,520.1586303710938,163.38894653320312,126.61000061035156,91.84378051757812,4479.13330078125,129.65341186523438,447.7489318847656,1176.155029296875,1597.229736328125,11525.5029296875,543.5543212890625,639.351318359375,232.62074279785156,423.0257873535156,1449.008544921875,1660.989990234375,3201.391357421875,2159.049560546875,270.5118408203125,6037.0380859375,3608.59326171875,98.89337921142578,1121.43505859375,1619.0194091796875
2023-01-04,1964.64990234375,2363.26611328125,5832.58984375,1037.2991943359375,235.2119598388672,542.1475219726562,234.68370056152344,1027.6707763671875,47.360687255859375,2100.1376953125,465.0142822265625,1664.943359375,682.3895263671875,2766.674072265625,2281.841064453125,256.0079345703125,525.1561889648438,167.86317443847656,131.6083984375,89.50623321533203,4514.9140625,135.20144653320312,455.6286926269531,1238.6099853515625,1617.7135009765625,11593.453125,505.8130187988281,659.5244140625,236.8175048828125,443.9676208496094,1445.81298828125,1633.0323486328125,3116.138427734375,2218.940185546875,274.00421142578125,5989.2080078125,3654.543212890625,101.38294982910156,1143.91357421875,1604.0377197265625
2023-01-05,1971.14208984375,2325.294189453125,5927.388671875,1027.814697265625,239.4032745361328,563.893310546875,238.17898559570312,1027.6707763671875,48.22914505004883,2083.17724609375,470.9036560058594,1659.946533203125,686.8855590820312,2744.708251953125,2308.3046875,257.20428466796875,534.1804809570312,172.1975555419922,136.10699462890625,90.50518035888672,4487.14404296875,139.34994506835938,447.5494995117187,1216.126220703125,1618.213134765625,11701.373046875,513.2014770507812,704.26513671875,239.815185546875,446.1615295410156,1429.6353759765625,1647.5103759765625,3252.34716796875,2198.9765625,278.8935852050781,6061.99365234375,3648.5498046875,102.64273834228516,1154.9034423828125,1645.4869384765625
2023-01-06,1975.636962890625,2341.282470703125,6045.13818359375,1046.284423828125,243.09564208984375,567.1849365234375,241.07508850097656,1042.644287109375,47.91969680786133,2068.21142578125,476.194091796875,1691.4266357421875,685.3867797851562,2787.641357421875,2346.751220703125,257.60302734375,539.5782470703125,171.8779754638672,137.50657653808594,92.40319061279295,4487.677734375,142.49880981445312,454.8307189941406,1229.116943359375,1627.7056884765625,11773.3212890625,525.0831298828125,696.8748168945312,240.4147186279297,448.75433349609375,1430.2344970703125,1672.47265625,3438.53173828125,2219.938232421875,279.292724609375,6095.2666015625,3642.55615234375,102.88270568847656,1158.899658203125,1672.453857421875
2023-01-09,1969.144775390625,2330.29052734375,6078.068359375,1025.3187255859375,246.58839416503903,561.7984008789062,242.87266540527344,1035.65673828125,48.164268493652344,2061.227783203125,478.4400329589844,1708.91552734375,666.4038696289062,2733.7255859375,2375.711181640625,260.19500732421875,546.9752807617188,172.39730834960938,141.05543518066406,90.3653335571289,4480.73486328125,140.5495147705078,453.8333435058594,1246.104736328125,1623.7088623046875,11727.35546875,541.7570190429688,684.4913330078125,241.01426696777344,446.3609924316406,1419.44921875,1668.9779052734375,3509.57568359375,2203.967529296875,277.1972961425781,6124.38037109375,3631.06884765625,103.7425537109375,1167.3914794921875,1663.4649658203125
2023-01-10,1952.6644287109375,2340.283203125,6060.10546875,1023.3222045898438,245.2910919189453,562.6962280273438,241.7741546630859,1020.683349609375,47.94964599609375,2047.2606201171875,474.24761962890625,1722.406982421875,667.40283203125,2728.733642578125,2373.214599609375,257.5032958984375,549.57421875,171.37863159179688,141.25537109375,90.52516174316406,4483.93896484375,140.84938049316406,457.22454833984375,1240.1090087890625,1626.70654296875,11793.3056640625,533.270263671875,686.8880615234375,246.0103759765625,447.7571105957031,1412.0592041015625,1671.4742431640625,3423.3427734375,2267.8505859375,274.8024597167969,6136.8583984375,3627.57275390625,101.00300598144533,1181.378173828125,1670.9556884765625
2023-01-11,1933.1876220703125,2363.26611328125,6113.99169921875,1038.796630859375,241.39913940429688,568.1824340820312,243.3719940185547,1026.173583984375,47.98957443237305,2022.3179931640625,477.6913757324219,1767.878173828125,665.9042358398438,2766.674072265625,2402.673583984375,251.42214965820312,551.3733520507812,173.3161163330078,143.35467529296875,91.70392608642578,4475.92822265625,150.6958770751953,447.5494995117187,1243.6064453125,1629.7042236328125,11625.4287109375,534.5682373046875,686.4886474609375,248.4085693359375,450.6490478515625,1407.865234375,1689.9462890625,3462.049072265625,2113.1337890625,279.4923095703125,6163.89306640625,3664.532470703125,102.56275177001952,1159.898681640625,1678.44677734375
2023-01-12,1924.1983642578125,2350.27587890625,6274.64990234375,1043.788330078125,243.99378967285156,580.3521118164062,245.6688690185547,1034.1593017578125,48.66337585449219,2051.25048828125,484.12982177734375,1778.3714599609375,654.9140014648438,2772.664794921875,2429.137451171875,258.79931640625,552.373046875,176.85154724121094,145.2541046142578,95.18028259277344,4470.052734375,159.6426239013672,450.5417785644531,1271.5863037109375,1630.703369140625,11439.5673828125,542.8553466796875,698.4727783203125,247.00961303710935,430.9949035644531,1429.0361328125,1667.7659912109375,3548.282470703125,2165.038818359375,286.876220703125,6153.4951171875,3638.06103515625,103.98251342773438,1147.9100341796875,1695.42578125
2023-01-13,1926.196044921875,2375.2578125,6205.7958984375,1035.3023681640625,240.50103759765625,589.7289428710938,245.2694396972656,1031.164794921875,49.52683639526367,2039.2786865234375,483.48101806640625,1798.3587646484375,656.9122924804688,2758.686767578125,2437.1259765625,258.10150146484375,559.170166015625,180.5068359375,145.8539276123047,96.69869995117188,4502.63134765625,160.04251098632812,443.0610046386719,1292.071533203125,1653.1854248046875,11647.4140625,557.5325317382812,707.0613403320312,247.6091766357422,438.7767639160156,1432.6312255859375,1665.2694091796875,3496.3466796875,2180.011474609375,294.3599548339844,6247.07666015625,3675.5205078125,108.74171447753906,1151.90625,1704.4149169921875
2023-01-16,1942.6763916015625,2401.23828125,6083.05712890625,1027.3155517578125,242.79624938964844,594.6166381835938,247.16688537597656,1020.1842041015624,49.661598205566406,2045.2650146484375,480.136962890625,1808.85205078125,632.9337768554688,2748.70263671875,2422.146240234375,257.8023986816406,565.1678466796875,182.26454162597656,150.05259704589844,96.3790283203125,4518.119140625,161.69190979003906,442.7617492675781,1324.54833984375,1667.674072265625,11667.3984375,551.6417236328125,700.8695068359375,247.6091766357422,443.16650390625,1434.228759765625,1680.2493896484375,3481.157958984375,2157.05322265625,295.8567199707031,6230.43994140625,3697.496826171875,107.14198303222656,1150.9071044921875,1718.397705078125
2023-01-17,1961.1541748046875,2398.24072265625,6134.947265625,1037.7984619140625,243.89398193359375,589.7289428710938,247.46649169921875,1035.65673828125,49.41204071044922,2054.243896484375,483.7804870605469,1835.3353271484375,636.4306640625,2766.674072265625,2415.65625,256.705810546875,559.3701171875,180.7065887451172,150.85231018066406,97.1182632446289,4449.2255859375,158.4430694580078,440.6671447753906,1319.05224609375,1679.6644287109375,11591.455078125,552.0410766601562,700.6697998046875,247.80902099609375,441.8695068359375,1435.8267822265625,1716.201171875,3516.9248046875,2141.08251953125,298.0519104003906,6220.0419921875,3762.426513671875,108.5217514038086,1138.9185791015625,1702.9168701171875
2023-01-18,1916.707275390625,2397.241455078125,6190.82763671875,1023.3222045898438,242.0977020263672,589.2301025390625,247.46649169921875,1030.6654052734375,49.37710189819336,2022.3179931640625,485.32769775390625,1818.3460693359375,633.932861328125,2738.71826171875,2400.177001953125,258.3008728027344,566.567138671875,181.86508178710935,151.05227661132812,97.75758361816406,4373.923828125,155.94395446777344,439.8691711425781,1310.558349609375,1704.64453125,11569.470703125,575.7042236328125,700.6697998046875,244.41163635253903,440.7720947265625,1408.0648193359375,1705.7152099609375,3598.747802734375,2127.1083984375,298.1517333984375,6066.15283203125,3663.533935546875,108.2417984008789,1132.4246826171875,1708.9093017578125
2023-01-19,1926.6953125,2375.2578125,6137.93994140625,1038.796630859375,240.6008148193359,584.0430297851562,247.86593627929688,1033.1611328125,48.7182731628418,2046.2623291015625,473.8482666015625,1790.3638916015625,645.4225463867188,2797.625732421875,2357.237060546875,252.41905212402344,572.36474609375,177.1511688232422,149.15286254882812,97.45789337158205,4370.185546875,152.69512939453125,435.0815124511719,1282.078857421875,1706.143310546875,11411.5869140625,563.2236328125,694.4781494140625,244.2117919921875,432.1921081542969,1416.653076171875,1699.72314453125,3491.9365234375,2112.135498046875,292.16473388671875,6072.39208984375,3688.007080078125,105.06233215332033,1129.9271240234375,1696.9239501953125
2023-01-20,1914.2103271484375,2358.26953125,6199.80859375,1054.7705078125,242.8960418701172,591.1253662109375,247.5663299560547,1033.1611328125,49.187442779541016,2047.2606201171875,474.99615478515625,1812.8497314453125,641.9257202148438,2812.6025390625,2359.733642578125,254.11378479003903,583.3602294921875,178.18983459472656,150.95230102539062,98.57672119140624,4368.048828125,156.943603515625,437.8743896484375,1301.065185546875,1703.6451416015625,11191.7490234375,575.0054321289062,699.0718994140625,246.0103759765625,437.2802429199219,1404.869140625,1748.158203125,3494.38671875,2091.173583984375,294.8588562011719,6032.87939453125,3675.5205078125,106.58206939697266,1141.416015625,1697.4234619140625
2023-01-23,1925.1971435546875,2380.25390625,6235.732421875,1049.7786865234375,244.2931365966797,590.6265258789062,249.4637756347656,1028.6693115234375,49.721492767333984,2063.223388671875,479.9373779296875,1824.842041015625,636.93017578125,2778.655517578125,2362.22998046875,256.0079345703125,587.3585205078125,179.64796447753906,148.802978515625,98.61668395996094,4385.13818359375,158.7429656982422,438.9715270996094,1298.5670166015625,1710.14013671875,11029.869140625,577.2019653320312,702.8668823242188,246.0103759765625,436.9809265136719,1408.8641357421875,1732.6790771484375,3516.43505859375,2108.142822265625,296.15606689453125,6005.8447265625,3701.491943359375,108.18180084228516,1153.9044189453125,1711.4063720703125
2023-01-24,1933.68701171875,2375.2578125,6266.66650390625,1056.7672119140625,241.59873962402344,593.3197021484375,243.57171630859375,1029.168212890625,50.040924072265625,2050.253173828125,474.3973388671875,1830.33837890625,645.4225463867188,2780.652099609375,2344.254638671875,258.79931640625,593.3560791015625,179.52809143066406,147.7033233642578,98.33697509765624,4378.72998046875,160.792236328125,440.1684265136719,1311.5576171875,1727.6263427734375,10702.1103515625,564.7213134765625,711.4555053710938,243.4123992919922,436.4821166992187,1385.0965576171875,1729.1837158203125,3508.105712890625,2130.1025390625,298.0519104003906,5922.6611328125,3684.01123046875,111.38127136230467,1142.415283203125,1663.4649658203125
2023-01-25,1925.6966552734375,2351.275146484375,6322.54736328125,1076.235107421875,238.5051727294922,597.0106201171875,244.2707977294922,1034.658447265625,50.859466552734375,2021.3201904296875,473.8482666015625,1818.845947265625,645.4225463867188,2828.57763671875,2328.77685546875,258.00177001953125,588.358154296875,181.48556518554688,145.00418090820312,98.8963851928711,4337.0732421875,160.59230041503906,454.531494140625,1333.0421142578125,1737.11865234375,10802.0361328125,557.6323852539062,701.0692749023438,238.4162750244141,436.0830383300781,1401.673583984375,1739.1702880859375,3524.274169921875,2135.093505859375,301.3447570800781,5889.3876953125,3671.025390625,111.7012176513672,1130.926025390625,1636.4979248046875
2023-01-26,1910.2149658203125,2377.256103515625,6363.46044921875,1070.2452392578125,238.90432739257812,602.3971557617188,245.2694396972656,1030.6654052734375,52.406707763671875,2002.3641357421875,483.331298828125,1824.34228515625,661.9078979492188,2837.5634765625,2338.26318359375,258.9986572265625,591.3569946289062,184.80125427246097,145.5040283203125,98.4968032836914,4318.91552734375,164.34097290039062,453.9330749511719,1370.515380859375,1744.113037109375,10636.1591796875,548.646484375,718.4462280273438,233.02040100097656,443.16650390625,1403.271484375,1729.1837158203125,3522.804443359375,2180.011474609375,304.23846435546875,5874.83056640625,3468.244873046875,113.46092987060548,1134.4227294921875,1653.4771728515625
2023-01-27,1923.698974609375,2376.256591796875,6277.6435546875,1076.235107421875,251.9772186279297,599.005615234375,246.56765747070312,1026.173583984375,52.496551513671875,2005.357177734375,488.4221496582031,1817.3468017578125,664.4056396484375,2839.560546875,2367.22265625,259.9955749511719,604.1517944335938,185.5402984619141,146.15379333496094,99.61563110351562,4294.8828125,161.54196166992188,456.2271728515625,1370.515380859375,1751.60693359375,10614.1748046875,547.348388671875,711.6552124023438,233.4201202392578,441.3706970214844,1408.0648193359375,1731.6802978515625,3485.5673828125,2197.978515625,307.8306884765625,5806.2041015625,3418.299072265625,110.18147277832033,1120.935546875,1692.928955078125
2023-01-30,1939.180419921875,2403.236572265625,6304.58642578125,1075.237060546875,262.255859375,600.5018310546875,247.26673889160156,1030.6654052734375,52.8858528137207,2017.3294677734375,491.167236328125,1822.3436279296875,667.9024658203125,2840.558837890625,2371.717041015625,255.21041870117188,620.94482421875,186.41921997070312,147.0535430908203,100.34486389160156,4349.35693359375,162.34169006347656,455.72845458984375,1341.5361328125,1754.604736328125,10702.1103515625,548.3467407226562,687.0878295898438,233.6199493408203,450.4495849609375,1411.060791015625,1735.675048828125,3449.80029296875,2198.9765625,307.93048095703125,5953.8544921875,3406.8115234375,109.10165405273438,1117.43896484375,1702.4173583984375
2023-01-31,1959.1566162109375,2400.239501953125,6305.58349609375,1056.26806640625,262.0562744140625,594.9157104492188,245.56903076171875,1023.1788940429688,52.486568450927734,2026.308837890625,487.9729614257813,1780.869873046875,664.4056396484375,2811.604248046875,2370.718017578125,253.2165679931641,626.7424926757812,185.60025024414065,145.7539520263672,100.6445541381836,4388.3427734375,162.69155883789062,454.531494140625,1338.538330078125,1725.6278076171875,10582.2001953125,540.3591918945312,678.2996826171875,234.01963806152344,446.6583862304687,1421.446533203125,1721.1944580078125,3396.885009765625,2195.98193359375,307.331787109375,5999.60595703125,3516.193359375,105.72222137451172,1113.442626953125,1706.4124755859375
2023-02-01,1974.6380615234375,2402.238037109375,6188.83154296875,1049.7786865234375,263.1540222167969,599.8035888671875,247.16688537597656,1017.1895751953124,52.8858528137207,2045.2650146484375,491.5664367675781,1788.86474609375,660.4091796875,2783.6474609375,2363.228271484375,254.11378479003903,615.1471557617188,186.2394256591797,150.05259704589844,101.24392700195312,4414.51171875,163.24136352539062,449.1453247070313,1344.533935546875,1764.0972900390625,10272.4267578125,541.6572265625,686.4886474609375,234.4193572998047,451.44720458984375,1417.6517333984375,1712.2064208984375,3318.9814453125,2200.972900390625,307.73089599609375,5920.58203125,3541.665771484375,105.16231536865234,1122.933837890625,1690.43212890625
2023-02-02,1961.1541748046875,2461.1943359375,6051.125,1085.7197265625,266.9461669921875,589.5291748046875,247.9658203125,1040.6478271484375,53.39495086669922,2029.3016357421875,477.9409484863281,1825.3414306640625,655.9132080078125,2863.522705078125,2334.268310546875,258.9986572265625,636.3384399414062,188.15692138671875,160.99913024902344,98.07723236083984,4381.400390625,181.4348297119141,451.3397216796875,1345.03369140625,1782.0830078125,10242.44921875,544.7523803710938,668.7123413085938,238.6161193847656,475.9899291992187,1425.4410400390625,1751.1541748046875,3318.9814453125,2295.79931640625,309.2276611328125,5849.87548828125,3542.664306640625,108.72171020507812,1148.4093017578125,1709.908203125
2023-02-03,1986.6236572265625,2452.201171875,6114.9892578125,1073.240234375,266.9461669921875,595.215087890625,246.068359375,1032.162841796875,53.23523712158203,2039.2786865234375,485.1778869628906,1842.3309326171875,660.90869140625,2846.5498046875,2410.6630859375,260.4940490722656,637.9378662109375,188.3966522216797,162.9485321044922,95.16030883789062,4455.099609375,186.58297729492188,449.1453247070313,1353.02783203125,1796.07177734375,10570.2080078125,553.638671875,675.1036987304688,241.81362915039065,492.351806640625,1437.6243896484375,1754.6495361328125,3346.419189453125,2275.835693359375,305.5357360839844,6037.0380859375,3574.629638671875,109.0616683959961,1186.8729248046875,1731.3818359375
2023-02-06,1962.1529541015625,2440.2099609375,6034.16162109375,1070.2452392578125,266.0480651855469,594.5167846679688,246.16824340820312,1038.15234375,52.73612594604492,2038.281005859375,477.4917297363281,1816.846923828125,656.4127197265625,2836.565185546875,2395.184326171875,255.9082794189453,622.144287109375,186.29933166503903,158.54991149902344,96.8585205078125,4447.08984375,182.08457946777344,444.6568908691406,1288.57421875,1768.59375,10572.2060546875,545.0519409179688,670.5098876953125,241.01426696777344,482.0757751464844,1458.9947509765625,1751.1541748046875,3284.68408203125,2286.81591796875,299.5487060546875,6014.1630859375,3557.648193359375,108.06182861328124,1175.3839111328125,1722.3929443359375
2023-02-07,1932.1888427734375,2419.22509765625,6068.0888671875,1074.238525390625,267.4450988769531,603.4944458007812,246.3679656982422,1033.6602783203125,53.35502624511719,2019.324951171875,515.4736328125,1798.8583984375,666.9033813476562,2848.546142578125,2451.60595703125,253.31626892089844,615.5469970703125,188.5963592529297,157.9500732421875,96.17922973632812,4383.537109375,179.3855438232422,442.5623168945313,1298.5670166015625,1770.592041015625,10578.201171875,549.9442138671875,681.6951293945312,240.0150451660156,483.5722961425781,1483.5609130859375,1737.1729736328125,3318.9814453125,2255.87255859375,303.3404541015625,5982.96875,3501.708740234375,107.9418487548828,1172.38671875,1727.8861083984375
2023-02-08,1934.6859130859375,2422.222900390625,6038.15234375,1071.74267578125,263.75274658203125,610.8760375976562,243.97119140625,1023.6781005859376,53.55467224121094,2003.3619384765625,532.2433471679688,1800.357421875,673.8971557617188,2860.52734375,2439.622802734375,252.51873779296875,614.5474853515625,189.47523498535156,158.74984741210938,96.558837890625,4378.72998046875,181.03497314453125,439.7694396972656,1292.5712890625,1769.5928955078125,10744.0791015625,546.0504150390625,687.8867797851562,237.81671142578125,480.2799682617187,1498.9400634765625,1734.1768798828125,3276.355224609375,2255.87255859375,304.6376037597656,5949.6962890625,3510.199462890625,109.2016372680664,1175.3839111328125,1734.8775634765625
2023-02-09,1926.196044921875,2414.228515625,6066.0927734375,1063.755859375,264.3515319824219,614.267578125,244.071044921875,1029.168212890625,53.87410354614258,1999.370849609375,544.720947265625,1798.3587646484375,667.40283203125,2850.54345703125,2462.5908203125,255.21041870117188,619.9453125,189.3553924560547,158.3999481201172,97.31803131103516,4388.87744140625,181.6847381591797,443.7592468261719,1296.0687255859375,1776.087890625,11181.7578125,525.7818603515625,766.582275390625,234.6191864013672,482.7741394042969,1500.5379638671875,1734.676513671875,3275.37548828125,2255.87255859375,305.7352294921875,5924.74072265625,3502.707763671875,108.70172119140624,1151.406494140625,1718.897216796875
2023-02-10,1907.718017578125,2392.2451171875,5954.3310546875,1056.26806640625,259.16229248046875,609.0805053710938,242.6729278564453,1032.6619873046875,53.19530487060547,2019.324951171875,558.9952392578125,1798.8583984375,660.90869140625,2823.58544921875,2535.490234375,252.81781005859375,606.9505615234375,185.48040771484375,153.60147094726562,98.03728485107422,4413.97802734375,178.83575439453125,438.8717956542969,1277.58203125,1748.1099853515625,11381.609375,511.5040893554687,728.4329833984375,232.42088317871097,470.6025390625,1470.978515625,1722.6923828125,3163.17431640625,2197.978515625,303.83935546875,5897.7060546875,3482.72900390625,107.46192932128906,1146.4114990234375,1716.8997802734375
2023-02-13,1939.180419921875,2429.218017578125,5964.3095703125,1073.7392578125,259.6612854003906,612.1727905273438,242.57305908203125,1052.1273193359375,52.9756965637207,2030.299560546875,556.3999633789062,1832.8367919921875,660.4091796875,2843.55419921875,2541.4814453125,254.11378479003903,607.3504028320312,186.0796356201172,153.70144653320312,97.8375015258789,4552.298828125,180.8849945068359,441.066162109375,1292.5712890625,1777.086669921875,11413.5859375,514.9986572265625,728.8323974609375,233.02040100097656,474.6929626464844,1485.5584716796875,1727.6856689453125,3170.52392578125,2229.920166015625,303.1408996582031,6020.40283203125,3533.674072265625,109.44159698486328,1149.408447265625,1736.375732421875
2023-02-14,2035.565185546875,2419.22509765625,6005.2236328125,1051.775390625,263.8525390625,607.6839599609375,245.4691925048828,1052.6265869140625,53.69441604614258,2017.3294677734375,559.0950317382812,1826.3409423828125,658.9104614257812,2789.638427734375,2556.960205078125,253.91441345214844,604.75146484375,187.0783538818359,153.55148315429688,97.61772918701172,4557.1044921875,178.2859649658203,441.8640441894531,1282.578369140625,1770.592041015625,11509.5146484375,515.0985717773438,720.643310546875,233.02040100097656,477.4864501953125,1467.982421875,1727.1864013671875,3148.475341796875,2218.940185546875,304.33831787109375,5968.412109375,3516.193359375,108.3417739868164,1150.4075927734375,1749.3599853515625
2023-02-15,2072.52099609375,2446.205322265625,6024.1826171875,1049.7786865234375,264.65087890625,610.7762451171875,249.6634979248047,1055.6212158203125,52.286922454833984,2048.258056640625,558.6957397460938,1875.8095703125,667.40283203125,2790.63671875,2575.434814453125,257.5032958984375,613.9476928710938,172.37733459472656,153.20159912109375,98.45685577392578,4558.17236328125,181.93463134765625,446.0533142089844,1303.0638427734375,1791.575439453125,11559.478515625,507.0111083984375,728.233154296875,234.4193572998047,486.36578369140625,1454.80078125,1731.6802978515625,3159.254638671875,2237.9052734375,300.1473693847656,6003.765625,3547.15966796875,111.98117065429688,1159.898681640625,1761.8446044921875
2023-02-16,2064.530517578125,2482.178955078125,6125.9658203125,1033.8048095703125,264.2516784667969,616.861083984375,249.76336669921875,1046.6370849609375,52.845924377441406,1974.404296875,566.6376953125,1888.80126953125,671.8988647460938,2752.696044921875,2584.16455078125,258.6996154785156,608.1500854492188,174.43467712402344,153.7514190673828,104.09093475341795,4519.1875,182.98426818847656,446.65179443359375,1309.0594482421875,1776.087890625,11353.630859375,506.61175537109375,758.1935424804688,233.4201202392578,486.9643859863281,1453.0032958984375,1729.6829833984375,3196.001708984375,2226.925537109375,304.9369812011719,5958.01416015625,3589.61328125,113.78086853027344,1155.40283203125,1772.8311767578125
2023-02-17,2107.479248046875,2490.1728515625,6090.0419921875,1048.7802734375,263.8525390625,619.5543823242188,250.5623016357422,1068.0989990234375,50.81953430175781,2032.783203125,558.9509887695312,1862.318115234375,682.8890380859375,2802.617919921875,2537.724609375,259.19805908203125,599.9534301757812,173.2761688232422,150.70240783691406,104.94005584716795,4523.99365234375,180.7350616455078,446.4523315429687,1305.56201171875,1773.5894775390625,11477.5380859375,508.908203125,764.1854248046875,231.22181701660156,485.4678649902344,1482.1629638671875,1753.1514892578125,3145.046142578125,2239.902099609375,283.9825439453125,6005.8447265625,3556.6494140625,112.44109344482422,1153.9044189453125,1768.336669921875
2023-02-20,2080.511474609375,2483.17822265625,6263.6728515625,1053.77197265625,263.2538146972656,619.1553344726562,250.86192321777344,1068.5980224609375,51.44841003417969,2031.7852783203125,557.2538452148438,1868.8140869140625,684.3877563476562,2818.59326171875,2520.745849609375,258.6996154785156,596.7547607421875,175.65310668945312,150.65240478515625,103.7413101196289,4497.29052734375,179.43551635742188,445.9535827636719,1296.0687255859375,1767.0947265625,11531.4990234375,518.8927001953125,767.5809326171875,229.82289123535156,486.8645935058594,1472.9759521484375,1754.6495361328125,3270.4755859375,2240.89990234375,282.7851257324219,5924.74072265625,3565.139892578125,111.7812042236328,1160.39794921875,1766.3392333984375
2023-02-21,2105.4814453125,2489.174072265625,6190.82763671875,1049.279541015625,262.15606689453125,645.888671875,249.4637756347656,1069.09716796875,50.879425048828125,2041.7642822265625,549.3671875,1871.3125,684.3877563476562,2818.59326171875,2482.296142578125,254.61224365234375,595.1554565429688,171.19886779785156,152.5018310546875,103.39167785644533,4527.1982421875,180.6851043701172,440.6671447753906,1255.5980224609375,1756.1036376953125,11561.478515625,502.51812744140625,770.77685546875,228.4239501953125,487.4632568359375,1479.7662353515625,1764.1368408203125,3090.660888671875,2197.978515625,278.99334716796875,5947.61669921875,3574.629638671875,109.96151733398438,1209.3515625,1776.8262939453125
2023-02-22,2137.443115234375,2550.12890625,5970.296875,1037.2991943359375,262.35565185546875,634.5170288085938,248.8645782470703,1068.5980224609375,51.16891098022461,2045.75634765625,538.4857788085938,1850.3258056640625,673.8971557617188,2784.6455078125,2446.342529296875,251.02337646484375,595.955078125,172.5970458984375,150.45245361328125,102.74234771728516,4557.1044921875,179.93536376953125,436.7771606445313,1242.6070556640625,1753.6053466796875,11491.5283203125,493.3323974609375,762.787353515625,226.82518005371097,481.1778869628906,1479.7662353515625,1767.63232421875,3023.53662109375,2195.98193359375,282.9847412109375,6051.59521484375,3606.594970703125,107.60189819335938,1217.843505859375,1751.3575439453125
2023-02-23,2142.437255859375,2540.136474609375,5823.60888671875,1022.3236694335938,263.0542297363281,628.5320434570312,248.66485595703125,1062.109619140625,51.90760040283203,2044.758056640625,546.07275390625,1852.8240966796875,669.9006958007812,2763.678955078125,2478.800048828125,252.6184234619141,601.3528442382812,172.42723083496094,152.7017364501953,102.3927230834961,4479.5546875,181.9846343994141,438.1735534667969,1238.1104736328125,1763.597412109375,11203.328125,493.5321044921875,762.1281127929688,225.2263946533203,481.0781555175781,1455.7344970703125,1758.644287109375,2949.062744140625,2199.974853515625,284.38165283203125,5995.4462890625,3583.6201171875,133.07762145996094,1221.8397216796875,1715.9007568359375
2023-02-24,2127.455322265625,2525.1474609375,5654.9677734375,1019.32861328125,262.4554748535156,634.1180419921875,246.56765747070312,1053.624755859375,51.56819534301758,2065.715087890625,549.2672729492188,1851.8248291015625,674.8961791992188,2752.696044921875,2495.7783203125,252.71812438964844,596.155029296875,170.40924072265625,152.85169982910156,103.7413101196289,4477.41748046875,179.7354278564453,438.8717956542969,1215.626708984375,1769.5928955078125,11093.392578125,487.5913391113281,770.3187866210938,222.8282470703125,479.9806518554687,1443.1507568359375,1757.6453857421875,2788.845947265625,2190.990966796875,280.8892517089844,6045.357421875,3601.6005859375,136.01710510253906,1213.84716796875,1714.4027099609375
2023-02-27,2138.442138671875,2535.140380859375,5636.0087890625,1032.3072509765625,270.63848876953125,630.227783203125,253.8578643798828,1068.0989990234375,51.69796371459961,2060.725341796875,557.2538452148438,1889.3011474609375,682.3895263671875,2774.661865234375,2533.23046875,255.70887756347656,596.7547607421875,172.4671630859375,157.80014038085938,104.19083404541016,4480.087890625,179.7354278564453,442.9612731933594,1250.6014404296875,1775.5880126953125,11091.39453125,493.6319580078125,786.7000122070312,227.0250244140625,490.3564758300781,1448.343994140625,1762.1392822265625,2788.845947265625,2213.948974609375,287.4749450683594,6061.99365234375,3594.60791015625,144.9756317138672,1202.358154296875,1740.870361328125
2023-02-28,2124.458740234375,2501.164794921875,5699.87255859375,1016.33349609375,267.64471435546875,634.018310546875,254.6567840576172,1046.1380615234375,52.52649688720703,2000.8492431640625,549.5668334960938,1897.7957763671875,682.3895263671875,2746.705322265625,2523.242919921875,255.1107177734375,595.1554565429688,174.4651641845703,159.94947814941406,105.03994750976562,4418.13134765625,181.03497314453125,445.2553405761719,1268.5885009765625,1762.098876953125,10873.5244140625,494.58050537109375,783.303955078125,224.2271728515625,490.65576171875,1423.5758056640625,1743.1650390625,2826.57275390625,2196.980224609375,291.6658020019531,5991.28857421875,3525.18359375,144.91563415527344,1184.874755859375,1729.8837890625
2023-03-01,2137.443115234375,2526.146728515625,5959.32080078125,989.5774536132812,265.2496643066406,638.7066650390625,251.1614990234375,1015.1931762695312,51.86766815185547,2012.8245849609375,549.3671875,2016.72021484375,681.8899536132812,2659.84130859375,2560.695068359375,256.3070373535156,591.3569946289062,174.24539184570312,157.9001007080078,103.5415267944336,4419.73388671875,179.7354278564453,447.1504821777344,1293.071044921875,1787.078857421875,10809.5634765625,512.1032104492188,788.8974609375,225.2263946533203,489.7578430175781,1420.1802978515625,1710.70849609375,2920.1552734375,2144.0771484375,293.0628356933594,6082.7890625,3516.692138671875,148.39505004882812,1196.3638916015625,1736.375732421875
2023-03-02,2177.3955078125,2547.13134765625,6005.2236328125,991.7737426757812,264.85052490234375,617.6384887695312,253.75799560546875,1024.6761474609375,51.24876403808594,2019.8101806640625,560.2487182617188,2010.72412109375,646.9212036132812,2679.81005859375,2601.142578125,254.7119598388672,588.55810546875,171.58807373046875,158.1999969482422,104.09093475341795,4474.2138671875,180.93499755859375,443.9586791992187,1268.5885009765625,1785.5802001953125,10857.5341796875,510.2061767578125,786.8997802734375,225.62611389160156,482.8739318847656,1436.9586181640625,1725.18896484375,2928.974609375,2147.0712890625,291.86541748046875,6153.4951171875,3574.94287109375,148.1350860595703,1205.3553466796875,1760.3463134765625
2023-03-03,2174.399169921875,2535.140380859375,6130.955078125,1014.8359375,263.8525390625,616.9400634765625,255.9550018310547,1029.667236328125,51.69796371459961,1999.8511962890625,554.3587036132812,2019.7183837890625,642.42529296875,2740.71435546875,2576.673828125,263.0860595703125,588.55810546875,171.30831909179688,160.1494140625,104.24079132080078,4428.279296875,181.7346954345703,446.0533142089844,1265.5906982421875,1776.5870361328125,10777.5810546875,522.1875610351562,788.098388671875,226.4254913330078,487.7624816894531,1440.354248046875,1728.6844482421875,2981.39990234375,2107.14453125,293.56170654296875,6107.744140625,3572.944580078125,149.61483764648438,1216.84423828125,1755.85205078125
2023-03-06,2172.4013671875,2533.141845703125,5959.32080078125,1019.32861328125,265.05010986328125,616.4410400390625,259.5502014160156,1032.162841796875,51.67800521850586,1992.366943359375,558.4518432617188,2009.7247314453125,609.9544067382812,2750.69921875,2596.14892578125,262.7870178222656,590.5573120117188,172.16749572753906,160.99913024902344,104.54047393798828,4387.15380859375,180.48516845703125,447.84869384765625,1262.5926513671875,1768.0941162109375,10735.6064453125,501.7193908691406,789.8963623046875,226.22564697265625,493.8483581542969,1437.55810546875,1716.201171875,2872.628662109375,2088.179443359375,290.6679992675781,6014.1630859375,3543.97314453125,152.7543182373047,1207.353515625,1775.3280029296875
2023-03-07,2157.419189453125,2548.130859375,5881.486328125,1015.8342895507812,262.7548522949219,622.9268188476562,258.7513122558594,1029.168212890625,51.258750915527344,2000.8492431640625,557.5532836914062,1965.7525634765625,622.4431762695312,2739.716552734375,2594.651123046875,264.9801940917969,593.3560791015625,168.7509002685547,160.1494140625,104.989990234375,4401.57421875,181.03497314453125,447.5494995117187,1269.088134765625,1761.0994873046875,10843.54296875,478.7550659179687,786.1007080078125,225.02658081054688,496.54205322265625,1439.955078125,1724.1904296875,2793.745361328125,2084.1865234375,287.7742919921875,6043.27685546875,3546.970458984375,153.15423583984375,1219.3421630859375,1806.290283203125
2023-03-08,2176.396728515625,2553.126953125,5947.34521484375,1025.8179931640625,263.2538146972656,629.3128662109375,260.1493835449219,1042.1451416015625,51.508304595947266,2004.841064453125,557.453369140625,1983.740966796875,620.9445190429688,2750.69921875,2584.16455078125,260.6934814453125,589.9575805664062,168.7109375,160.4492950439453,105.03994750976562,4405.31298828125,179.3855438232422,448.9458923339844,1274.0845947265625,1762.598388671875,10815.5595703125,486.09375,786.5003051757812,224.2271728515625,497.5397033691406,1420.57958984375,1728.6844482421875,2822.6533203125,1999.3416748046875,291.366455078125,6039.1181640625,3538.978515625,156.8336181640625,1207.8529052734375,1786.814208984375
2023-03-09,2172.4013671875,2573.1123046875,5679.685546875,1034.80322265625,262.0562744140625,619.7337646484375,262.4462890625,1041.646240234375,51.36855697631836,1990.37109375,556.0557250976562,1933.273193359375,601.5925903320312,2767.6728515625,2569.683349609375,262.38824462890625,589.1578979492188,163.25640869140625,160.2993621826172,106.08885192871094,4392.49462890625,179.13563537597656,461.2143249511719,1278.5814208984375,1749.109130859375,10859.5322265625,472.66461181640625,774.1144409179688,221.6291961669922,502.0292663574219,1410.3927001953125,1723.6910400390625,2756.5087890625,1978.8792724609375,292.6636657714844,6043.27685546875,3534.982421875,158.013427734375,1217.3441162109375,1786.814208984375
2023-03-10,2143.43603515625,2522.149658203125,5623.78662109375,1029.8114013671875,259.56146240234375,591.2964477539062,259.2506408691406,1048.134521484375,49.686553955078125,1974.9031982421875,548.2689819335938,1879.8070068359375,581.1064453125,2761.681640625,2541.22021484375,251.2227478027344,575.3634643554688,157.2624053955078,157.9500732421875,106.38853454589844,4346.56103515625,173.58763122558594,448.546875,1227.617919921875,1733.1219482421875,10691.6328125,472.26519775390625,738.95458984375,216.6330413818359,494.3471374511719,1396.81005859375,1729.1837158203125,2755.52880859375,1878.063720703125,285.3794860839844,5978.810546875,3497.020263671875,150.07476806640625,1196.86328125,1759.84716796875
2023-03-13,2106.480224609375,2503.16357421875,5537.94287109375,1042.7901611328125,253.7734832763672,566.850341796875,254.6567840576172,1062.109619140625,47.141082763671875,1916.5245361328125,521.6142578125,1801.356689453125,544.631103515625,2819.591552734375,2434.857177734375,240.5557556152344,569.56591796875,147.3323516845703,152.1019287109375,103.84119415283205,4332.67431640625,166.29025268554688,423.2120056152344,1158.16796875,1679.6644287109375,10679.640625,457.9874572753906,688.0128784179688,220.4301300048828,479.2823181152344,1374.8382568359375,1721.1944580078125,2673.215576171875,1908.508056640625,271.60943603515625,5989.2080078125,3461.05615234375,144.9756317138672,1181.378173828125,1721.8936767578125
2023-03-14,2125.457763671875,2535.140380859375,5631.77294921875,1041.791748046875,256.6675109863281,575.7308959960938,254.45703125,1057.11865234375,48.14928436279297,1907.542724609375,529.900146484375,1858.8203125,544.1315307617188,2807.610595703125,2466.31640625,243.24740600585935,584.9595336914062,151.9077911376953,155.5008544921875,107.38748168945312,4350.83447265625,168.639404296875,427.5010070800781,1182.1507568359375,1707.1424560546875,10679.640625,460.733154296875,696.0038452148438,225.82598876953125,483.9713745117187,1378.633544921875,1747.1595458984375,2714.372314453125,1916.493408203125,276.99774169921875,6047.4365234375,3480.037109375,155.17388916015625,1196.3638916015625,1739.3720703125
2023-03-15,2070.5234375,2510.158447265625,5324.3310546875,1051.775390625,252.5759735107422,547.1937255859375,251.56092834472656,1046.6370849609375,45.9332389831543,1880.099853515625,485.9747924804687,1727.9034423828125,528.142333984375,2805.61328125,2256.5869140625,229.2906036376953,577.3627319335938,138.10162353515625,145.3540802001953,102.84225463867188,4316.11767578125,161.84185791015625,405.9564208984375,1035.25634765625,1654.1846923828125,10637.6650390625,411.35992431640625,642.4650268554688,222.42860412597656,463.0202026367187,1379.6322021484375,1717.19970703125,2508.099609375,1893.036376953125,261.2320251464844,6026.640625,3446.0712890625,144.11575317382812,1177.8814697265625,1736.875244140625
2023-03-16,2129.45263671875,2541.135498046875,5271.427734375,1063.2564697265625,253.9730682373047,556.8724365234375,251.66082763671875,1056.120361328125,47.38065719604492,1858.6444091796875,481.6321411132813,1740.895263671875,533.6386108398438,2845.55078125,2206.15234375,233.6770477294922,589.3577880859375,142.23748779296875,146.55369567871094,103.59147644042967,4365.7890625,166.64012145996094,413.9358825683594,1048.74658203125,1691.1553955078125,10791.5732421875,422.5426025390625,649.6567993164062,229.22332763671875,468.906494140625,1385.22509765625,1732.6790771484375,2429.866943359375,1950.930419921875,261.1321716308594,6116.0634765625,3530.986572265625,146.27540588378906,1173.3858642578125,1739.3720703125
2023-03-17,2115.4697265625,2528.145263671875,5240.48291015625,1042.291015625,248.68402099609375,540.9075927734375,246.56765747070312,1037.154052734375,46.16781234741211,1880.5986328125,479.1364135742187,1711.4140625,519.1484375,2808.60888671875,2211.14599609375,225.9011077880859,586.7589111328125,139.4202880859375,141.55526733398438,101.09407043457033,4323.59521484375,162.24171447753906,401.168701171875,1007.2762451171876,1673.669189453125,10807.5634765625,431.9778747558594,633.2755126953125,228.22409057617188,456.9344177246094,1399.0074462890625,1695.7283935546875,2454.371337890625,1911.0035400390625,257.5386047363281,6041.197265625,3471.545654296875,140.2764129638672,1168.390380859375,1660.46875
2023-03-20,2143.43603515625,2552.1279296875,5350.2841796875,1054.7705078125,251.27865600585935,540.5083618164062,249.36392211914065,1052.1273193359375,46.0230712890625,1903.05224609375,486.1744689941406,1745.8919677734375,529.6412963867188,2844.552490234375,2233.117919921875,229.78907775878903,588.55810546875,136.22348022460938,144.0045166015625,99.69554901123048,4360.9814453125,164.29100036621094,410.5446166992187,1011.7731323242188,1677.1663818359375,10783.5771484375,448.65191650390625,614.2973022460938,228.82366943359375,464.915771484375,1412.1903076171875,1709.7099609375,2573.953369140625,1933.4622802734375,257.33892822265625,6070.31201171875,3517.000244140625,140.956298828125,1160.39794921875,1656.4735107421875
2023-03-21,2156.420654296875,2565.117919921875,5330.31982421875,1041.29248046875,261.8567199707031,552.7813720703125,256.454345703125,1040.1488037109375,48.07442092895508,1925.0067138671875,502.5466918945313,1807.35302734375,547.1294555664062,2803.61669921875,2307.521240234375,236.8671875,597.1546020507812,142.9967041015625,148.0032501220703,101.6934585571289,4411.72216796875,169.73904418945312,422.1148376464844,1064.2353515625,1708.6414794921875,10897.509765625,447.8531494140625,642.864501953125,227.8244171142578,471.5004577636719,1426.1724853515625,1728.6844482421875,2549.938720703125,1966.402099609375,271.9128723144531,6153.4951171875,3544.972900390625,149.9747772216797,1164.8939208984375,1697.4234619140625
2023-03-22,2191.378662109375,2603.09033203125,5309.357421875,1039.295654296875,263.65301513671875,563.3580322265625,258.6513977050781,1045.1397705078125,47.68012237548828,1915.5263671875,503.5449523925781,1810.850830078125,549.1281127929688,2791.635009765625,2314.512939453125,234.7736663818359,599.3536987304688,142.51719665527344,154.6011505126953,103.09198760986328,4489.16748046875,172.13815307617188,419.6212768554687,1073.228759765625,1711.638916015625,10969.4677734375,449.4506530761719,651.2549438476562,223.4278259277344,480.4794921875,1436.359375,1728.18505859375,2552.38916015625,1991.3564453125,268.7186279296875,6261.6328125,3600.417724609375,149.1949005126953,1176.3829345703125,1703.4161376953125
2023-03-23,2168.40625,2581.1064453125,5278.41455078125,1050.777099609375,262.0562744140625,546.994140625,253.45838928222656,1054.123779296875,46.76675033569336,1871.617431640625,497.8546142578125,1798.8583984375,556.623046875,2828.57763671875,2269.071044921875,228.19398498535156,607.3504028320312,139.64007568359375,156.7004852294922,104.64036560058594,4457.12255859375,170.9885711669922,414.9333190917969,1065.33837890625,1714.136962890625,10991.455078125,450.8984375,631.6773681640625,218.8313446044922,473.5955810546875,1435.9599609375,1734.676513671875,2535.23583984375,2006.3291015625,267.62054443359375,6222.12255859375,3559.458251953125,147.3152313232422,1150.9071044921875,1671.2449951171875
2023-03-24,2179.393310546875,2575.11083984375,5243.478515625,1038.2974853515625,258.5635681152344,532.825439453125,250.46243286132812,1056.6192626953125,45.63376998901367,1879.600830078125,485.4756164550781,1742.3941650390625,564.1180419921875,2811.604248046875,2197.663330078125,228.6924591064453,593.7560424804688,133.7659454345703,152.45184326171875,102.9421615600586,4483.29248046875,163.89109802246094,407.2530212402344,1023.3643798828124,1708.6414794921875,11073.40625,442.0122985839844,591.123779296875,218.6315155029297,463.8183898925781,1399.4068603515625,1703.7177734375,2487.697265625,1992.3546142578125,258.0377197265625,6346.89697265625,3595.422607421875,143.515869140625,1131.92529296875,1669.7467041015625
2023-03-27,2204.36328125,2584.104248046875,5222.51611328125,1033.8048095703125,260.75897216796875,539.9098510742188,251.06163024902344,1066.1025390625,46.23768997192383,1893.5718994140625,495.55853271484375,1757.3848876953125,568.6148681640625,2802.617919921875,2229.621826171875,228.6924591064453,593.5560913085938,136.86285400390625,155.05101013183594,103.24183654785156,4508.3955078125,166.09033203125,411.6417846679687,1025.863037109375,1683.6610107421875,11245.302734375,448.9015502929687,591.7230834960938,220.0303955078125,464.3171997070313,1421.778076171875,1725.18896484375,2488.677490234375,2020.3033447265625,259.235595703125,6380.17041015625,3579.438232421875,144.3157196044922,1138.9185791015625,1656.2608642578125
2023-03-28,2182.3896484375,2567.116943359375,5328.3232421875,1029.8114013671875,264.2516784667969,539.9098510742188,254.55691528320312,1068.5980224609375,46.31755447387695,1890.0792236328125,506.9391784667969,1771.3758544921875,559.6210327148438,2788.639892578125,2260.08349609375,228.891845703125,585.7592163085938,137.0426788330078,158.74984741210938,101.84329223632812,4500.3837890625,167.68975830078125,412.63922119140625,1043.851806640625,1665.675537109375,11127.373046875,458.1871337890625,593.52099609375,220.4301300048828,463.7185668945313,1419.1815185546875,1708.2117919921875,2516.61279296875,1990.8572998046875,260.6330871582031,6378.09130859375,3547.47021484375,145.31556701660156,1131.92529296875,1629.7886962890625
2023-03-29,2211.35498046875,2590.099365234375,5383.22412109375,1045.285888671875,267.2455139160156,552.7813720703125,262.146728515625,1071.5926513671875,47.041255950927734,1902.0543212890625,509.6346130371094,1810.3511962890625,570.6135864257812,2838.5615234375,2295.037841796875,236.06964111328125,593.3560791015625,141.87782287597656,159.64955139160156,103.89115142822266,4493.97509765625,168.1396026611328,419.0228271484375,1088.3240966796875,1679.6644287109375,11159.3544921875,464.8267822265625,602.7105712890625,219.83056640625,468.40765380859375,1418.7818603515625,1735.1756591796875,2581.794677734375,2014.314453125,263.7275390625,6400.966796875,3555.462158203125,147.97511291503906,1119.4368896484375,1643.274658203125
2023-03-30,2209.357177734375,2604.089599609375,5429.140625,1056.26806640625,275.1291809082031,554.0784912109375,264.54345703125,1083.0723876953125,47.68511199951172,1904.05029296875,512.3301391601562,1854.3231201171875,584.6041259765625,2863.522705078125,2315.011474609375,241.05421447753903,604.551513671875,144.675048828125,165.9475860595703,106.23869323730467,4478.486328125,175.33700561523438,404.6596374511719,1113.808349609375,1718.63330078125,11159.3544921875,465.8751831054687,614.0975341796875,226.02581787109375,477.5862731933594,1418.182861328125,1807.079345703125,2634.234375,2011.3199462890625,264.9253845214844,6409.28466796875,3577.4404296875,150.1747589111328,1101.6348876953125,1678.7373046875
2023-03-31,2210.356201171875,2616.080810546875,5468.0703125,1058.2646484375,278.1230163574219,548.4908447265625,265.34234619140625,1094.5517578125,47.59028244018555,1860.141357421875,509.93414306640625,1857.821044921875,597.0956420898438,2874.50537109375,2305.524169921875,238.16314697265625,615.9468994140625,145.65402221679688,166.94723510742188,105.9390106201172,4475.814453125,177.68617248535156,403.3623352050781,1101.316162109375,1715.135986328125,11225.314453125,463.8782653808594,613.4981079101562,228.4239501953125,480.9783630371094,1427.17138671875,1800.587890625,2624.92236328125,2034.27783203125,263.1285705566406,6403.0458984375,3610.4072265625,148.9949493408203,1121.1195068359375,1673.2430419921875
2023-04-03,2241.31884765625,2599.09326171875,5395.20263671875,1033.8048095703125,276.82562255859375,555.1761474609375,263.7445373535156,1090.0599365234375,48.14928436279297,1903.05224609375,531.7969970703125,1838.8330078125,587.1024169921875,2819.591552734375,2401.89990234375,237.26596069335935,612.7481689453125,148.111572265625,165.99754333496094,108.13670349121094,4521.2138671875,174.0874481201172,403.7615356445313,1112.808837890625,1696.1512451171875,11263.2919921875,451.7970886230469,622.2880859375,228.82366943359375,476.0897521972656,1437.55810546875,1782.11279296875,2624.92236328125,2047.2540283203125,263.7275390625,6457.115234375,3605.912109375,149.6248321533203,1125.6158447265625,1684.2315673828125
2023-04-04,2261.295166015625,2614.08203125,5302.37060546875,1039.7950439453125,274.0314636230469,549.9876098632812,264.2438659667969,1101.0404052734375,48.0195198059082,1875.609130859375,526.3063354492188,1841.8310546875,589.6007080078125,2839.560546875,2355.958984375,236.3687286376953,619.3453979492188,146.3533477783203,163.49835205078125,107.48739624023438,4511.60009765625,171.88824462890625,407.2542419433594,1109.8109130859375,1689.1568603515625,11237.3076171875,459.3352966308594,612.499267578125,228.22409057617188,480.2799682617187,1447.145751953125,1781.1141357421875,2581.794677734375,2074.204345703125,262.5296936035156,6509.10498046875,3608.40966796875,145.4755401611328,1120.619873046875,1673.742431640625
2023-04-05,2284.267578125,2623.07568359375,5273.42431640625,1074.7376708984375,272.1354675292969,552.98095703125,263.5447998046875,1126.9940185546875,48.34394073486328,1865.6298828125,532.7952880859375,1780.869873046875,592.5986938476562,2907.453857421875,2359.9541015625,234.07583618164065,594.355712890625,147.57212829589844,163.64830017089844,109.2854995727539,4581.03369140625,166.99000549316406,408.1523742675781,1102.3153076171875,1665.17578125,11587.0986328125,456.04046630859375,614.2973022460938,226.82518005371097,468.8067321777344,1485.296875,1811.073974609375,2558.760498046875,2128.106201171875,261.8309020996094,6588.12841796875,3665.352783203125,143.725830078125,1127.11474609375,1684.7308349609375
2023-04-06,2290.260498046875,2626.073486328125,5285.40185546875,1088.71484375,272.5345764160156,561.6618041992188,263.7445373535156,1137.974609375,48.932899475097656,1897.5635986328125,530.9983520507812,1791.363037109375,602.0922241210938,2954.38037109375,2413.884033203125,241.2535858154297,598.5540771484375,151.46820068359375,162.5486297607422,111.23346710205078,4601.330078125,165.99037170410156,416.235595703125,1126.300537109375,1644.3199462890625,11693.037109375,456.6394958496094,617.2937622070312,221.6649169921875,474.5932312011719,1521.051025390625,1842.531982421875,2548.958740234375,2223.93115234375,266.0234069824219,6479.0390625,3680.83740234375,147.9251251220703,1140.1044921875,1749.1632080078125
2023-04-11,2301.247314453125,2625.073974609375,5544.93017578125,1088.71484375,278.7217102050781,561.1629028320312,267.3396911621094,1139.9710693359375,49.34217071533203,1890.578125,536.0896606445312,1821.344482421875,592.5986938476562,2937.4072265625,2427.36669921875,247.73353576660156,604.9514770507812,152.38729858398438,165.24778747558594,112.78185272216795,4590.1142578125,168.639404296875,419.3291931152344,1139.7921142578125,1655.8116455078125,11623.078125,471.5163269042969,617.6934204101562,222.06466674804688,486.1662292480469,1504.4720458984375,1836.539794921875,2655.308349609375,2266.85205078125,267.8201904296875,6441.599609375,3655.36279296875,147.125244140625,1175.5767822265625,1770.640869140625
2023-04-12,2297.252197265625,2649.056640625,5509.99365234375,1100.6951904296875,279.3204345703125,560.3646850585938,267.0400695800781,1151.45068359375,49.7913703918457,1874.1124267578125,538.6852416992188,1848.3270263671875,589.6007080078125,2957.375732421875,2442.347412109375,246.1384735107422,602.3524780273438,152.90676879882812,165.7476348876953,113.3312530517578,4584.77294921875,167.48983764648438,421.823974609375,1150.28564453125,1673.798828125,11814.9638671875,482.8487243652344,616.2949829101562,220.66552734375,489.7578430175781,1510.6641845703125,1854.0166015625,2622.47216796875,2284.8193359375,270.1160888671875,6493.5986328125,3672.345703125,147.5751953125,1194.561767578125,1774.6365966796875
2023-04-13,2313.23291015625,2648.057373046875,5526.962890625,1088.71484375,277.6239929199219,566.0521850585938,268.637939453125,1141.96728515625,48.434349060058594,1852.65673828125,537.7868041992188,1852.3245849609375,596.0963134765625,2937.4072265625,2445.34375,248.33168029785156,614.7474365234375,152.7869110107422,165.7476348876953,113.63094329833984,4610.41015625,166.24026489257812,424.2190246582031,1158.28076171875,1664.80517578125,11908.9072265625,486.8924865722656,617.8931274414062,219.86599731445312,485.866943359375,1520.45166015625,1839.5357666015625,2652.857666015625,2277.83251953125,271.5135803222656,6485.27880859375,3680.338134765625,149.1249237060547,1192.0638427734375,1779.6314697265625
2023-04-14,2314.231689453125,2634.0673828125,5452.0986328125,1072.7410888671875,275.7279357910156,583.0146484375,267.8390197753906,1116.5126953125,48.86371994018555,1879.600830078125,540.0830078125,1890.300537109375,582.6054077148438,2899.466552734375,2458.826416015625,249.32861328125,619.7453002929688,157.72195434570312,167.19717407226562,113.48111724853516,4604.00048828125,166.49020385742188,420.8260803222656,1168.2742919921875,1664.80517578125,11884.921875,490.9361267089844,645.2617797851562,221.0652618408203,492.15228271484375,1513.061279296875,1820.561279296875,2623.45263671875,2217.94189453125,275.3067626953125,6537.27734375,3674.34375,149.72482299804688,1209.0504150390625,1782.628173828125
2023-04-17,2332.21044921875,2632.06884765625,5540.9375,1075.7362060546875,278.4223327636719,576.828369140625,271.7337951660156,1116.5126953125,48.379425048828125,1900.0584716796875,542.878173828125,1935.771484375,571.1132202148438,2908.45263671875,2451.835205078125,248.23199462890625,627.3421630859375,154.1255645751953,168.59674072265625,114.38018035888672,4654.2060546875,166.29025268554688,416.5349731445313,1144.289306640625,1675.2974853515625,11816.962890625,488.2403869628906,641.2664184570312,221.0652618408203,495.84368896484375,1509.8653564453125,1823.057861328125,2657.7587890625,2188.994873046875,270.8147888183594,6610.0751953125,3680.338134765625,150.974609375,1197.5594482421875,1791.119384765625
2023-04-18,2342.1982421875,2629.0712890625,5598.83203125,1072.7410888671875,279.7196044921875,573.3360595703125,273.0320129394531,1114.5162353515625,48.75387954711914,1914.5286865234375,543.5770263671875,1947.264404296875,581.1064453125,2900.465087890625,2464.818603515625,251.6215057373047,624.5433349609375,154.8048858642578,169.19651794433594,112.98162841796876,4630.171875,166.54017639160156,418.1316223144531,1170.273193359375,1669.3018798828125,12032.833984375,497.226318359375,649.8565063476562,219.46627807617188,489.2590637207031,1482.100830078125,1813.0712890625,2744.504638671875,2229.920166015625,272.91107177734375,6639.19482421875,3643.37451171875,155.8238067626953,1196.060546875,1796.114013671875
2023-04-19,2369.166015625,2641.0625,5519.9755859375,1069.2467041015625,281.61572265625,572.1387329101562,275.5286560058594,1121.5037841796875,49.183258056640625,1933.98779296875,534.4923706054688,1947.763916015625,578.1085205078125,2888.483642578125,2454.33203125,252.51873779296875,620.3450317382812,155.24441528320312,164.8978729248047,113.13147735595705,4637.650390625,163.54124450683594,422.3229675292969,1165.2762451171875,1648.816650390625,11984.8623046875,493.58203125,651.4547119140625,216.8678436279297,491.85302734375,1483.898681640625,1816.0675048828125,2706.767822265625,2267.8505859375,273.2105407714844,6620.47509765625,3671.346923828125,155.3238983154297,1222.0401611328125,1819.08984375
2023-04-20,2370.1650390625,2687.028564453125,5432.13525390625,1073.240234375,278.6219482421875,573.8350830078125,274.23040771484375,1128.4913330078125,48.933616638183594,1935.4849853515625,529.8003540039062,1921.4710693359375,592.5986938476562,2914.443115234375,2446.342529296875,253.0172119140625,622.544189453125,154.30535888671875,162.5486297607422,112.63199615478516,4659.54736328125,164.1909942626953,424.91754150390625,1152.284423828125,1657.8101806640625,12002.8515625,501.1203308105469,643.8633422851562,219.66612243652344,492.0525207519531,1468.91796875,1820.0621337890625,2660.208984375,2267.8505859375,273.0108947753906,6691.19384765625,3695.322998046875,154.97393798828125,1245.022216796875,1831.576904296875
2023-04-21,2402.126708984375,2720.0048828125,5121.69921875,1080.7281494140625,281.1167907714844,572.4380493164062,278.5245666503906,1143.46484375,48.78882598876953,1940.9736328125,529.1015014648438,1910.4766845703125,585.103759765625,2914.443115234375,2449.837890625,253.31626892089844,629.9411010742188,153.08660888671875,163.8482208251953,112.68193817138672,4691.59326171875,165.2406463623047,419.4289245605469,1150.785400390625,1662.8065185546875,12178.74609375,490.1374206542969,637.8702392578125,220.4656524658203,494.6464538574219,1469.3170166015625,1838.537109375,2501.91015625,2256.870849609375,272.0126647949219,6730.71240234375,3756.76171875,154.32406616210938,1276.49755859375,1828.579833984375
2023-04-24,2417.10888671875,2717.00634765625,5131.6806640625,1079.7296142578125,279.9192199707031,572.0388793945312,277.7257080078125,1136.976318359375,48.8387565612793,1945.963134765625,532.9949340820312,1919.9718017578125,582.6054077148438,2915.441650390625,2458.326904296875,254.01412963867188,633.9395141601562,154.04562377929688,164.59799194335938,113.73084259033205,4687.3212890625,167.5897674560547,420.726318359375,1143.789794921875,1670.3011474609375,12156.759765625,485.5944519042969,631.6773681640625,221.6649169921875,491.3541259765625,1472.1136474609375,1836.539794921875,2462.212646484375,2257.868896484375,273.70965576171875,6736.9521484375,3739.77880859375,153.57418823242188,1273.499755859375,1842.0657958984375
2023-04-25,2435.08740234375,2708.013427734375,4975.46484375,1089.7132568359375,279.9192199707031,565.0543212890625,277.9253845214844,1151.45068359375,48.15975189208984,1985.3814697265625,528.4026489257812,1918.9722900390625,584.6041259765625,2951.385498046875,2422.372802734375,250.6246032714844,631.9403076171875,151.30838012695312,164.44802856445312,110.6840362548828,4717.23046875,165.99037170410156,418.4310302734375,1129.298583984375,1674.29833984375,12286.6826171875,468.27142333984375,619.8908081054688,218.6667327880859,479.681396484375,1498.27978515625,1843.530517578125,2377.9169921875,2254.87451171875,267.1214294433594,6759.83154296875,3773.24560546875,152.87428283691406,1273.0001220703125,1818.59033203125
2023-04-26,2421.104248046875,2664.045654296875,5027.869140625,1080.7281494140625,283.3121337890625,570.4423828125,279.22369384765625,1139.9710693359375,48.529205322265625,1995.859619140625,532.1962890625,1891.9869384765625,582.1057739257812,2931.41650390625,2430.862548828125,252.2196502685547,630.940673828125,153.7059783935547,166.64735412597656,111.53314971923828,4669.6953125,162.49163818359375,417.73248291015625,1117.8057861328125,1667.30322265625,11836.9501953125,480.6521606445313,633.2755126953125,215.8684234619141,472.3983459472656,1440.354248046875,1840.5345458984375,2377.9169921875,2243.894287109375,271.9128723144531,6526.87744140625,3720.7978515625,151.92445373535156,1293.4840087890625,1765.6458740234375
2023-04-27,2415.111083984375,2623.458251953125,5034.85595703125,1078.232177734375,273.532470703125,574.13427734375,278.3249206542969,1140.96923828125,48.74888610839844,1974.404296875,522.71240234375,1866.5003662109375,579.607421875,2919.435546875,2397.904541015625,234.40423583984375,630.7407836914062,161.8777618408203,163.79824829101562,112.48214721679688,4733.78857421875,159.7926025390625,418.8302612304687,1162.2783203125,1664.3055419921875,11788.98046875,472.4648742675781,629.4798583984375,217.267578125,474.8925476074219,1435.1610107421875,1845.0284423828125,2378.8974609375,2268.848876953125,271.7132263183594,6564.31689453125,3711.306884765625,151.9744415283203,1287.48876953125,1768.1434326171875
2023-04-28,2421.104248046875,2644.4462890625,5039.84716796875,1080.228759765625,275.8277587890625,572.5379028320312,280.7216491699219,1142.466552734375,48.12978744506836,1963.427001953125,533.4940795898438,1839.01513671875,595.096923828125,2927.4228515625,2448.8388671875,233.50653076171875,635.3388671875,159.719970703125,164.298095703125,114.38018035888672,4739.12939453125,160.99217224121094,422.1233520507813,1210.7481689453125,1679.79443359375,11739.009765625,468.27142333984375,627.6820068359375,219.66612243652344,478.5838928222656,1439.1558837890625,1835.0419921875,2396.54052734375,2306.779296875,261.53143310546875,6687.03369140625,3618.3994140625,152.12442016601562,1313.4683837890625,1839.06884765625
2023-05-02,2430.09326171875,2509.525634765625,4906.09130859375,1072.7410888671875,282.813232421875,592.5936279296875,280.42205810546875,1139.4718017578125,47.61054229736328,1949.9549560546875,487.5221557617187,1815.0279541015625,590.100341796875,2897.4697265625,2339.480712890625,227.22250366210935,641.9361572265625,154.78489685058594,164.49801635742188,112.38226318359376,4746.60791015625,162.0417938232422,414.3395385742187,1194.2581787109375,1679.294677734375,11766.9931640625,459.78460693359375,609.9022216796875,216.0683135986328,482.474853515625,1453.337890625,1834.54248046875,2323.516845703125,2283.8212890625,257.2391662597656,6697.43408203125,3627.390625,150.47470092773438,1296.9813232421875,1830.078369140625
2023-05-03,2480.033447265625,2522.517822265625,4945.51904296875,1077.7327880859375,281.0169372558594,591.8951416015625,279.6231384277344,1141.46826171875,45.91302108764648,1943.9674072265625,486.2742919921875,1816.0274658203125,589.6007080078125,2930.418212890625,2322.501708984375,231.0128631591797,640.3367919921875,153.1065673828125,163.348388671875,113.38121032714844,4740.197265625,162.94146728515625,416.13580322265625,1191.7598876953125,1691.785888671875,11876.927734375,461.581787109375,610.7013549804688,214.46929931640625,481.5769653320313,1468.71826171875,1833.044677734375,2365.1748046875,2277.83251953125,254.6438140869141,6739.0322265625,3660.857177734375,151.87445068359375,1277.496826171875,1841.066650390625
2023-05-04,2515.990478515625,2448.561279296875,4861.171875,1088.215576171875,281.0169372558594,582.7154541015625,280.1224365234375,1153.447021484375,45.288936614990234,1892.573974609375,475.6922607421875,1794.538818359375,581.1064453125,2964.365234375,2342.476806640625,223.53189086914065,638.9375,148.09158325195312,161.7489013671875,114.0804672241211,4706.548828125,159.7926025390625,407.4538269042969,1158.28076171875,1664.80517578125,11842.947265625,433.4911804199219,597.7161865234375,211.0713653564453,482.6744079589844,1464.323486328125,1855.01513671875,2329.888427734375,2203.47119140625,251.94862365722656,6739.0322265625,3680.83740234375,149.17491149902344,1273.499755859375,1867.0394287109375
2023-05-05,2516.989501953125,2432.570556640625,4982.95068359375,1092.7083740234375,286.70513916015625,598.480712890625,282.6191101074219,1148.4559326171875,45.74327087402344,1896.0667724609375,491.4654541015625,1809.531005859375,581.1064453125,2970.355712890625,2387.4189453125,227.72122192382812,642.7359008789062,153.08660888671875,164.69796752929688,114.0804672241211,4699.07275390625,162.59156799316406,413.74078369140625,1187.7623291015625,1670.8009033203125,11914.904296875,443.579345703125,604.5084228515625,211.87088012695312,486.0665283203125,1460.528564453125,1859.009765625,2398.500732421875,2232.425048828125,258.83624267578125,6691.19384765625,3666.8515625,151.12457275390625,1265.0064697265625,1872.0343017578125
2023-05-09,2501.00830078125,2477.544189453125,5017.88720703125,1086.718017578125,289.0003967285156,597.981689453125,284.2169494628906,1150.9515380859375,46.06280517578125,1919.0189208984375,487.7217712402344,1785.5435791015625,590.100341796875,2953.382080078125,2374.934326171875,225.5268096923828,625.54296875,153.42625427246094,168.14688110351562,114.43010711669922,4666.49169921875,164.49090576171875,413.14202880859375,1173.771240234375,1665.3046875,11906.908203125,445.6769409179687,603.9090576171875,211.67100524902344,486.4655456542969,1444.34912109375,1856.51318359375,2398.500732421875,2218.447265625,261.33184814453125,6726.55224609375,3627.890625,151.62449645996094,1257.0125732421875,1857.0499267578125
2023-05-10,2519.98583984375,2461.5537109375,4975.46484375,1084.721435546875,284.6094970703125,599.7776489257812,277.5259704589844,1153.447021484375,46.102745056152344,1891.0771484375,486.2742919921875,1776.0489501953125,584.6041259765625,2942.3994140625,2395.407958984375,225.5268096923828,627.5421142578125,153.06661987304688,166.9972381591797,113.48111724853516,4585.30712890625,164.34097290039062,412.0443115234375,1177.2689208984375,1652.3140869140625,11812.9638671875,444.628173828125,613.0986328125,212.47052001953125,478.1848449707031,1434.56201171875,1873.98974609375,2395.560302734375,2171.522705078125,260.13397216796875,6659.994140625,3580.437255859375,156.27371215820312,1256.013427734375,1857.549560546875
2023-05-11,2542.95849609375,2494.534423828125,4873.64892578125,1074.7376708984375,286.70513916015625,592.37255859375,273.30108642578125,1152.44873046875,45.80817794799805,1877.604736328125,476.9422912597656,1786.5433349609375,586.1030883789062,2930.418212890625,2383.92236328125,229.11767578125,632.5399780273438,153.3263397216797,167.84695434570312,113.38121032714844,4635.5126953125,168.53945922851562,413.5411376953125,1180.7667236328125,1651.3148193359375,11916.9033203125,427.0987243652344,619.29150390625,218.26698303222656,487.56298828125,1442.9510498046875,1859.5091552734375,2300.97314453125,2230.42822265625,259.4351806640625,6711.99267578125,3615.902099609375,145.87545776367188,1275.498291015625,1854.052978515625
2023-05-12,2557.940185546875,2489.537353515625,4908.5859375,1075.237060546875,288.70098876953125,598.4600219726562,275.3987731933594,1159.9356689453125,45.49363327026367,1881.09765625,482.23382568359375,1783.045166015625,603.5911865234375,2928.421142578125,2405.894775390625,230.2149200439453,630.7407836914062,153.74594116210938,167.64703369140625,114.62989807128906,4650.46826171875,173.18775939941406,411.8447265625,1155.2825927734375,1660.308349609375,12002.8515625,431.7931518554687,615.495849609375,221.8647918701172,490.4562377929687,1468.3184814453125,1886.972412109375,2291.171142578125,2250.396240234375,260.83270263671875,6749.43212890625,3530.986572265625,148.2750701904297,1274.9986572265625,1850.5567626953125
2023-05-15,2556.94140625,2473.546875,4954.00390625,1074.238525390625,286.90472412109375,609.7366333007812,272.90155029296875,1158.438232421875,46.20260238647461,1869.122314453125,480.9358520507813,1786.5433349609375,614.0841064453125,2916.439697265625,2408.890869140625,232.1100616455078,634.7391967773438,154.8648223876953,166.39743041992188,117.42698669433594,4629.63720703125,174.53729248046875,411.9445190429687,1170.273193359375,1654.812255859375,11992.857421875,436.6875,618.2926025390625,220.4656524658203,494.2474060058594,1467.71923828125,1891.965576171875,2332.828857421875,2243.40771484375,264.4262390136719,6770.2314453125,3534.4833984375,145.0756072998047,1283.491943359375,1846.0615234375
2023-05-16,2561.935546875,2468.54931640625,4907.587890625,1077.2335205078125,284.9089050292969,604.447509765625,270.6040344238281,1159.436279296875,45.63343811035156,1835.1929931640625,475.1950073242187,1778.5474853515625,610.0868530273438,2923.42919921875,2381.426025390625,229.4169158935547,628.7415771484375,154.2454376220703,164.84791564941406,119.52477264404295,4639.2509765625,170.18887329101562,409.44964599609375,1142.290771484375,1679.294677734375,12062.81640625,431.5934143066406,619.0917358398438,217.8672332763672,490.2567138671875,1464.1240234375,1889.9683837890625,2318.6162109375,2189.49365234375,263.52789306640625,6832.62939453125,3549.968017578125,148.12509155273438,1297.9805908203125,1833.5745849609375
2023-05-17,2531.971435546875,2462.55322265625,4961.4892578125,1061.2598876953125,282.7134094238281,601.7530517578125,269.0057678222656,1138.4736328125,46.227569580078125,1815.7333984375,477.5912170410156,1782.045654296875,604.0908813476562,2874.50537109375,2393.410400390625,229.81588745117188,637.13818359375,155.8038787841797,163.79824829101562,119.62467193603516,4609.34228515625,162.94146728515625,409.5494689941406,1151.2850341796875,1679.294677734375,11916.9033203125,435.888427734375,623.8862915039062,215.0689239501953,488.1615295410156,1440.55419921875,1865.5010986328125,2323.02685546875,2186.49853515625,265.9235534667969,6734.8720703125,3496.52099609375,152.82431030273438,1300.4786376953125,1833.0750732421875
2023-05-18,2544.955810546875,2498.531982421875,4927.05224609375,1042.7901611328125,282.2144775390625,611.6326904296875,268.1067810058594,1106.031494140625,46.44225311279297,1782.302734375,479.7876892089844,1808.03173828125,606.0895385742188,2815.59765625,2390.144775390625,232.20982360839844,641.5363159179688,157.90174865722656,161.8988494873047,116.67776489257812,4556.3515625,172.58798217773438,412.0443115234375,1163.277587890625,1703.277587890625,11970.87109375,434.7896728515625,641.8656616210938,225.8623504638672,492.351806640625,1422.115966796875,1834.54248046875,2282.349609375,2223.439453125,267.4208984375,6768.15185546875,3531.486083984375,155.52383422851562,1295.98193359375,1828.0804443359375
2023-05-19,2534.968017578125,2499.53125,4939.52978515625,1039.295654296875,280.4181823730469,609.5369262695312,266.40863037109375,1101.0404052734375,46.651947021484375,1783.799560546875,480.6363525390625,1810.5303955078125,613.58447265625,2808.60888671875,2406.12548828125,234.6037445068359,638.737548828125,159.26040649414062,161.4989776611328,117.0773468017578,4562.7607421875,159.1928253173828,412.6430358886719,1177.2689208984375,1709.77294921875,12002.8515625,434.3901672363281,633.2755126953125,226.06222534179688,484.5700073242187,1422.115966796875,1865.5010986328125,2303.423095703125,2245.404052734375,267.9200134277344,6761.91162109375,3544.47314453125,155.97377014160156,1280.993896484375,1824.0845947265625
2023-05-22,2531.971435546875,2493.534912109375,4927.55224609375,1038.796630859375,277.8236083984375,615.9237060546875,267.4075622558594,1103.0367431640625,46.87162399291992,1785.7955322265625,480.885986328125,1802.0350341796875,618.5811157226562,2807.610595703125,2392.142333984375,236.00018310546875,637.5379638671875,159.9197540283203,162.69859313964844,117.6267547607422,4517.89208984375,160.3423614501953,417.6326599121094,1182.2659912109375,1684.2911376953125,12028.8369140625,434.0905151367187,652.4536743164062,222.06466674804688,488.85992431640625,1424.1136474609375,1867.9976806640625,2318.6162109375,2302.31298828125,271.1142883300781,6784.79150390625,3538.978515625,157.2735595703125,1279.4951171875,1839.06884765625
2023-05-23,2524.979736328125,2490.536376953125,4886.1259765625,1039.295654296875,277.42437744140625,616.5225219726562,267.80706787109375,1109.5252685546875,47.52067565917969,1815.7333984375,487.525390625,1763.5555419921875,618.5811157226562,2792.6337890625,2415.114501953125,236.8979034423828,622.544189453125,163.27639770507812,163.54833984375,115.87860107421876,4504.0048828125,155.8939971923828,422.9217224121094,1170.273193359375,1653.3134765625,12026.837890625,427.2984313964844,658.44677734375,214.8690490722656,464.6165161132813,1428.5084228515625,1866.9991455078125,2299.5029296875,2296.322509765625,273.5099792480469,6718.23193359375,3534.982421875,153.1742401123047,1268.0040283203125,1840.567138671875
2023-05-24,2497.01318359375,2462.55322265625,4765.3466796875,1013.33837890625,278.322509765625,598.9589233398438,265.40966796875,1096.5482177734375,46.696876525878906,1793.27978515625,485.7282409667969,1734.0712890625,603.0916137695312,2740.71435546875,2389.64501953125,229.01795959472656,614.947265625,158.5011749267578,184.691650390625,113.48111724853516,4456.9990234375,150.39598083496094,398.07330322265625,1100.8162841796875,1627.3319091796875,11786.98046875,418.7085876464844,639.8679809570312,208.87271118164065,464.1177062988281,1407.133544921875,1897.458251953125,2233.340576171875,2275.356201171875,267.62054443359375,6641.27490234375,3488.029296875,146.8253173828125,1229.03466796875,1845.56201171875
2023-05-25,2388.888671875,2448.561279296875,4749.37548828125,999.8605346679688,274.5304260253906,605.1461181640625,264.71044921875,1081.5748291015625,45.763240814208984,1718.6416015625,474.1965942382813,1706.086181640625,606.0895385742188,2719.747802734375,2337.707275390625,227.4219970703125,614.7474365234375,156.8228302001953,181.24273681640625,116.12833404541016,4452.19140625,148.59661865234375,399.2708435058594,1108.8115234375,1627.3319091796875,11635.0703125,415.9118347167969,643.0643310546875,208.87271118164065,459.1292724609375,1382.96240234375,1855.01513671875,2222.068603515625,2309.3017578125,267.8201904296875,6616.3154296875,3471.545654296875,148.77499389648438,1219.0426025390625,1830.078369140625
2023-05-26,2419.861328125,2485.5390625,4916.07177734375,1002.8555908203124,274.4306335449219,609.5369262695312,263.5117492675781,1087.564208984375,45.438720703125,1732.115478515625,476.1434631347656,1732.5721435546875,608.587890625,2721.744384765625,2349.692626953125,227.52175903320312,626.1426391601562,157.1625213623047,179.4433135986328,118.27609252929688,4453.79296875,150.94578552246094,400.4682922363281,1124.3017578125,1640.822509765625,11776.9853515625,422.1045837402344,648.657958984375,207.0737762451172,460.9251403808594,1390.552978515625,1831.0472412109375,2272.547607421875,2315.2919921875,267.0216369628906,6672.474609375,3494.522705078125,149.0249481201172,1224.5382080078125,1849.5577392578125
2023-05-30,2381.894775390625,2483.54052734375,4830.72802734375,1008.8457641601562,270.9378662109375,598.8589477539062,261.91357421875,1098.0455322265625,45.14913558959961,1695.187744140625,465.85980224609375,1725.0760498046875,612.08544921875,2752.696044921875,2279.27685546875,229.71617126464844,621.1448364257812,155.64405822753906,181.0428009033203,119.7745132446289,4321.32275390625,153.39486694335938,404.2604370117187,1124.3017578125,1627.8316650390625,11491.1552734375,416.3113403320313,642.4650268554688,205.87452697753903,470.8020629882813,1369.37841796875,1856.0137939453125,2220.1083984375,2332.26513671875,264.8255310058594,6541.4375,3399.117919921875,144.37571716308594,1214.04638671875,1796.114013671875
2023-05-31,2385.891357421875,2508.525634765625,4773.3310546875,1010.842529296875,270.03973388671875,589.279052734375,260.51507568359375,1104.03515625,44.10565948486328,1691.6944580078125,452.5809020996094,1693.5931396484375,605.0902709960938,2768.67138671875,2217.849853515625,227.52175903320312,629.7412109375,151.18850708007812,178.5435791015625,117.52687072753906,4304.22900390625,151.94540405273438,393.383056640625,1055.3446044921875,1604.8482666015625,11653.0615234375,410.9676513671875,632.8759155273438,202.6764984130859,508.6138916015625,1344.8076171875,1878.9830322265625,2179.430908203125,2321.282470703125,259.1357421875,6495.67822265625,3343.673095703125,143.27590942382812,1201.0565185546875,1789.6207275390625
2023-06-01,2366.908203125,2540.50732421875,4877.142578125,1030.3106689453125,272.235107421875,592.5720825195312,260.6149597167969,1053.9541015625,44.59994125366211,1713.15234375,460.7679443359375,1714.5819091796875,620.0800170898438,2703.39892578125,2245.317626953125,228.219970703125,608.349853515625,152.4672088623047,181.7425842285156,119.7745132446289,4292.478515625,152.2952880859375,397.7739562988281,1090.3228759765625,1609.8446044921875,11663.0546875,416.4112854003906,640.8668823242188,208.87271118164065,528.1683349609375,1346.0059814453125,1877.485107421875,2253.92431640625,2303.3115234375,262.928955078125,6531.03759765625,3341.17529296875,146.37538146972656,1200.55712890625,1790.1201171875
2023-06-02,2386.890380859375,2564.492919921875,5060.8095703125,1034.80322265625,277.92340087890625,601.4537963867188,262.1133117675781,1053.4547119140625,45.37880325317383,1727.6241455078125,473.5975341796875,1781.5458984375,620.0800170898438,2702.400390625,2287.267578125,235.4016876220703,616.7465209960938,156.60305786132812,185.99124145507812,120.3239288330078,4333.60791015625,156.84364318847656,408.252197265625,1152.284423828125,1617.8388671875,11741.0087890625,433.3913269042969,663.2412109375,208.47296142578125,538.5440063476562,1365.982421875,1865.5010986328125,2370.075927734375,2370.20458984375,264.5260925292969,6560.1572265625,3369.14794921875,149.9747772216797,1208.0511474609375,1801.1087646484375
2023-06-05,2379.896728515625,2579.484130859375,5045.83642578125,1050.27783203125,275.628173828125,604.8465576171875,262.81256103515625,1060.444580078125,44.66484451293945,1730.1192626953125,472.1997985839844,1768.5528564453125,614.0841064453125,2741.3486328125,2282.2734375,233.8057403564453,610.34912109375,155.6240692138672,187.8406524658203,120.37388610839844,4349.09912109375,154.9443359375,404.559814453125,1136.2945556640625,1624.8338623046875,11786.98046875,429.59576416015625,658.047119140625,208.07318115234375,532.3585205078125,1380.365478515625,1860.5079345703125,2366.64501953125,2360.22021484375,258.0377197265625,6549.7568359375,3328.687744140625,147.27523803710938,1222.0401611328125,1799.6102294921875
2023-06-06,2383.893310546875,2572.48828125,5092.751953125,1066.750732421875,278.6219482421875,609.5369262695312,262.81256103515625,1065.9365234375,45.10919570922851,1736.6068115234375,470.50244140625,1785.0440673828125,612.08544921875,2787.287109375,2270.787109375,239.6907958984375,616.9464721679688,158.0416259765625,187.54074096679688,119.1251983642578,4320.7880859375,154.79441833496094,406.8550720214844,1144.7891845703125,1620.8367919921875,11824.9560546875,430.7444152832031,670.8325805664062,206.47418212890625,538.5440063476562,1389.75439453125,1877.9844970703125,2405.85205078125,2388.175537109375,260.2337646484375,6549.7568359375,3347.668701171875,148.02511596679688,1218.5428466796875,1812.5966796875
2023-06-07,2368.90625,2567.491455078125,5093.74951171875,1060.261474609375,277.42437744140625,614.8259887695312,262.81256103515625,1053.4547119140625,45.44369888305664,1725.1290283203125,472.9985046386719,1809.531005859375,605.58984375,2776.302001953125,2291.761962890625,238.2943420410156,618.7457885742188,158.08160400390625,189.6900634765625,117.72665405273438,4299.9560546875,153.8447265625,405.75738525390625,1134.79541015625,1649.316162109375,11747.00390625,436.53759765625,673.2297973632812,202.87635803222656,533.1566772460938,1374.5721435546875,1845.0284423828125,2407.322509765625,2317.2890625,259.6348876953125,6474.87890625,3330.186767578125,150.124755859375,1206.552490234375,1811.5977783203125
2023-06-08,2364.909912109375,2553.499755859375,5117.7060546875,1053.77197265625,267.0345458984375,609.7366333007812,261.7137451171875,1048.462158203125,45.263973236083984,1719.1407470703125,471.9002380371094,1809.531005859375,594.5972900390625,2753.33251953125,2306.24462890625,237.39663696289065,609.7493896484375,157.44224548339844,190.1898956298828,117.04725646972656,4272.71484375,150.94578552246094,402.6637268066406,1123.8021240234375,1652.3140869140625,11743.0068359375,435.9383239746094,666.6373901367188,202.87635803222656,530.3631591796875,1373.5732421875,1841.533447265625,2410.75341796875,2289.333740234375,260.53326416015625,6358.40185546875,3322.69384765625,149.4248809814453,1196.060546875,1836.571533203125
2023-06-09,2335.935302734375,2529.51416015625,5115.7099609375,1053.77197265625,266.5353698730469,606.243896484375,261.6138610839844,1052.95556640625,45.199066162109375,1721.6358642578125,468.1561584472656,1793.53955078125,577.6088256835938,2745.34326171875,2291.761962890625,238.79307556152344,617.5462036132812,156.18348693847656,188.19053649902344,116.79747009277344,4241.19921875,148.59661865234375,400.0691833496094,1113.30859375,1658.309814453125,11705.029296875,434.4900207519531,660.044921875,203.07623291015625,531.95947265625,1376.3701171875,1840.5345458984375,2408.302978515625,2290.332275390625,260.53326416015625,6275.20361328125,3317.199462890625,149.2248992919922,1193.0628662109375,1888.51708984375
2023-06-12,2335.935302734375,2558.496826171875,5058.8134765625,1053.77197265625,269.3305358886719,604.04833984375,262.9124755859375,1045.9656982421875,44.90948486328125,1726.6260986328125,461.86614990234375,1811.5299072265625,574.1112060546875,2742.347412109375,2275.281494140625,239.79055786132812,636.7383422851562,155.0845947265625,187.74066162109375,117.79660034179688,4268.9755859375,148.89649963378906,397.3747863769531,1114.3079833984375,1677.2960205078125,11822.9599609375,436.4377746582031,655.64990234375,204.67526245117188,533.7552490234375,1372.175048828125,1847.02587890625,2368.60546875,2324.27783203125,260.43341064453125,6229.44482421875,3343.17333984375,150.124755859375,1184.0699462890625,1881.024658203125
2023-06-13,2343.92822265625,2576.486083984375,5193.568359375,1036.7998046875,271.0275573730469,608.3394165039062,262.0133972167969,1034.4825439453125,45.2290153503418,1740.598876953125,464.1126098632813,1851.5084228515625,567.6156005859375,2690.41650390625,2293.260009765625,235.1024475097656,637.7378540039062,156.60305786132812,189.0902404785156,117.54681396484376,4236.39208984375,148.29672241210938,399.2708435058594,1114.8076171875,1706.7750244140625,11733.0126953125,459.460693359375,660.24462890625,205.07501220703125,537.7459106445312,1364.9835205078125,1842.531982421875,2433.78759765625,2205.4677734375,263.82733154296875,6223.20556640625,3353.16357421875,150.8746337890625,1188.0667724609375,1884.021728515625
2023-06-14,2335.935302734375,2578.485107421875,5328.3232421875,1037.2991943359375,272.0258483886719,609.5369262695312,263.7115783691406,1029.989013671875,45.21903610229492,1739.101806640625,460.4184875488281,1852.5079345703125,572.112548828125,2700.403076171875,2301.75048828125,237.39663696289065,640.5367431640625,157.28240966796875,192.13929748535156,117.04725646972656,4238.5283203125,148.19676208496094,399.9693298339844,1135.294921875,1700.7794189453125,11503.1494140625,469.798583984375,669.234375,204.87513732910156,545.1288452148438,1361.7872314453125,1834.043212890625,2531.3154296875,2247.401123046875,264.9253845214844,6142.08740234375,3372.14453125,150.7246551513672,1248.0196533203125,1898.007080078125
2023-06-15,2316.9521484375,2617.462158203125,5333.3154296875,1035.3023681640625,271.9259948730469,608.1398315429688,264.2110900878906,1032.9847412109375,44.88951873779297,1759.062744140625,458.9707946777344,1822.0240478515625,575.1105346679688,2692.41357421875,2331.71435546875,231.4118499755859,637.3380126953125,153.64602661132812,191.28955078125,115.49861907958984,4295.68310546875,147.2471160888672,396.9755859375,1134.2955322265625,1691.785888671875,11679.044921875,474.443115234375,678.2241821289062,206.0743865966797,548.1217041015625,1373.173828125,1835.5413818359375,2528.86474609375,2207.464599609375,255.7418670654297,6264.80419921875,3355.6611328125,150.02476501464844,1250.018310546875,1922.980712890625
2023-06-16,2329.940673828125,2644.4462890625,5290.392578125,1038.2974853515625,269.4303283691406,610.5348510742188,262.6127624511719,1047.9627685546875,44.9793815612793,1756.068603515625,458.8709716796875,1811.5299072265625,571.6128540039062,2700.403076171875,2333.212646484375,229.81588745117188,642.5359497070312,153.78590393066406,190.33985900878903,118.74575805664062,4336.8134765625,149.04644775390625,395.1793212890625,1123.8021240234375,1690.2867431640625,11780.984375,466.4525146484375,674.4284057617188,207.8733062744141,552.1124877929688,1362.9857177734375,1861.50634765625,2494.55859375,2171.522705078125,254.6438140869141,6312.64208984375,3351.16552734375,151.17457580566406,1254.5146484375,1927.9755859375
2023-06-19,2318.950439453125,2609.466552734375,5204.54833984375,1039.7950439453125,265.2376403808594,613.728271484375,258.51727294921875,1045.9656982421875,44.974388122558594,1750.5792236328125,460.6680908203125,1763.5555419921875,574.61083984375,2702.400390625,2337.2080078125,228.219970703125,634.33935546875,153.30638122558594,188.44046020507812,118.5459442138672,4309.57080078125,148.34669494628906,394.08160400390625,1128.29931640625,1653.3134765625,11639.0703125,458.46185302734375,687.0139770507812,204.67526245117188,555.3049926757812,1350.201171875,1851.519775390625,2434.767333984375,2155.548095703125,252.24806213378903,6239.8447265625,3301.71435546875,153.77413940429688,1242.0244140625,1891.014404296875
2023-06-20,2334.936279296875,2612.46484375,5143.65966796875,1041.29248046875,263.04150390625,613.9278564453125,258.4173889160156,1049.9598388671875,44.749725341796875,1741.5970458984375,453.2299499511719,1739.568359375,590.100341796875,2702.400390625,2318.72998046875,228.6189727783203,625.1431274414062,154.16551208496094,186.9909210205078,119.89476013183594,4332.005859375,147.2471160888672,393.0836486816406,1099.81689453125,1653.81298828125,11629.07421875,450.271484375,685.8153686523438,205.67466735839844,565.0822143554688,1359.9896240234375,1857.012451171875,2337.23974609375,2154.549560546875,244.861328125,6298.0830078125,3303.213623046875,156.97360229492188,1243.023681640625,1866.0406494140625
2023-06-21,2317.951416015625,2598.473388671875,5095.74560546875,1034.80322265625,259.64739990234375,616.8218383789062,258.31744384765625,1045.4664306640625,43.681278228759766,1751.0782470703125,463.2639770507813,1734.0712890625,585.103759765625,2698.40576171875,2360.679931640625,224.92832946777344,609.349609375,151.30838012695312,187.5907287597656,120.29440307617188,4348.02978515625,146.347412109375,391.0877990722656,1094.820068359375,1650.3155517578125,11579.103515625,451.4701232910156,683.8177490234375,208.87271118164065,566.678466796875,1370.177490234375,1841.03369140625,2289.70068359375,2127.593017578125,235.17868041992188,6316.80322265625,3302.214111328125,157.5235137939453,1233.5311279296875,1849.058349609375
2023-06-22,2337.933837890625,2595.474609375,5070.79150390625,999.6538696289062,257.1517639160156,605.4454345703125,248.62808227539065,1034.4825439453125,42.84749221801758,1750.5792236328125,459.2702941894531,1723.576904296875,577.109130859375,2684.424072265625,2330.715576171875,222.43467712402344,588.9579467773438,146.81289672851562,187.9405975341797,118.59587860107422,4334.14208984375,149.69622802734375,385.0004577636719,1083.826904296875,1637.824462890625,11593.095703125,445.4771728515625,667.4365234375,206.67404174804688,574.2608032226562,1357.3927001953125,1833.044677734375,2284.7998046875,2091.650390625,231.08599853515625,6285.60400390625,3327.189208984375,156.02377319335938,1222.5396728515625,1854.552734375
2023-06-23,2338.932861328125,2602.470947265625,4962.48828125,997.0574951171876,256.75250244140625,600.9547729492188,248.52816772460935,1036.9788818359375,42.25835418701172,1769.043212890625,453.9288330078125,1733.5716552734375,569.6141967773438,2679.430908203125,2315.733154296875,222.43467712402344,591.3569946289062,145.07460021972656,185.04153442382812,118.4460220336914,4369.39697265625,143.7483673095703,385.3996887207031,1077.330810546875,1633.8272705078125,11415.2021484375,432.1427612304687,656.249267578125,210.27183532714844,568.6737670898438,1423.514404296875,1823.057861328125,2203.445068359375,2112.616943359375,228.79010009765625,6325.12158203125,3301.71435546875,154.62399291992188,1235.030029296875,1853.05419921875
2023-06-26,2317.951416015625,2587.479248046875,5003.91259765625,992.0641479492188,263.4407958984375,602.8507690429688,251.52490234375,1034.9818115234375,41.89888381958008,1761.5579833984375,458.2719421386719,1734.0712890625,571.6128540039062,2671.441650390625,2338.20654296875,224.3298492431641,593.7560424804688,144.77493286132812,188.0905609130859,118.69581604003906,4337.3466796875,146.54736328125,387.69488525390625,1075.831787109375,1627.8316650390625,11285.2802734375,436.8872375488281,657.2481079101562,209.4723358154297,575.6575317382812,1418.1209716796875,1822.5587158203125,2229.910400390625,2150.55615234375,231.1858367919922,6298.0830078125,3284.7314453125,154.7739715576172,1238.027587890625,1814.0950927734375
2023-06-27,2288.976806640625,2585.480712890625,5032.8603515625,1001.6511840820312,264.2393798828125,609.0380249023438,252.3240203857422,1041.4722900390625,42.43809509277344,1751.0782470703125,451.9818420410156,1731.0728759765625,578.608154296875,2680.4296875,2316.732421875,225.92579650878903,602.5523071289062,146.1735382080078,188.44046020507812,119.49510192871094,4349.6328125,142.54879760742188,388.7926025390625,1092.321533203125,1628.3314208984375,11183.33984375,439.7837829589844,670.2332153320312,206.87391662597656,580.04736328125,1400.54150390625,1845.52783203125,2234.810791015625,2134.581787109375,230.48703002929688,6256.484375,3293.22314453125,155.42385864257812,1241.52490234375,1781.129638671875
2023-06-28,2308.959228515625,2608.467529296875,4993.93115234375,1003.1492309570312,271.12738037109375,612.0318603515625,255.6204071044922,1045.9656982421875,42.5878791809082,1747.0859375,454.4779052734375,1736.570068359375,588.6013793945312,2683.42578125,2320.727294921875,227.12274169921875,607.750244140625,148.19151306152344,190.88967895507812,120.74401092529295,4370.99951171875,144.0982208251953,391.3871765136719,1103.314697265625,1641.8216552734375,11227.314453125,433.4911804199219,667.8360595703125,208.07318115234375,589.225830078125,1400.7415771484375,1851.0203857421875,2193.153076171875,2063.695068359375,233.58154296875,6156.64697265625,3324.69189453125,155.7738037109375,1261.009521484375,1820.5882568359375
2023-06-29,2309.95849609375,2602.470947265625,4988.93994140625,974.8873291015624,265.73681640625,617.5204467773438,246.63023376464844,1036.479736328125,42.70769882202149,1731.6163330078125,454.0785217285156,1734.0712890625,580.107177734375,2589.551025390625,2322.724609375,223.8311004638672,606.350830078125,151.1685333251953,190.33985900878903,119.9447021484375,4364.0556640625,143.84832763671875,387.4952697753906,1082.3277587890625,1621.8360595703125,11229.3134765625,437.8860473632813,676.82568359375,202.87635803222656,550.8052978515625,1392.351318359375,1819.5626220703125,2189.72265625,2052.712646484375,234.8791961669922,6071.3681640625,3327.189208984375,148.6750030517578,1245.022216796875,1834.5736083984375
2023-06-30,2342.929443359375,2619.460693359375,4976.462890625,960.306884765625,268.5318908691406,620.4144897460938,248.1286163330078,1038.9759521484375,43.52650451660156,1735.109375,457.6228637695313,1755.06005859375,588.6013793945312,2562.58642578125,2339.705078125,226.72377014160156,610.1492919921875,153.22647094726562,192.63912963867188,123.84129333496094,4377.40869140625,145.94757080078125,394.3810119628906,1107.8121337890625,1642.8209228515625,11269.2880859375,443.9788818359375,682.2196044921875,205.07501220703125,555.79443359375,1387.1573486328125,1838.537109375,2188.742431640625,2078.6708984375,240.3693695068359,6148.3271484375,3375.64111328125,151.0246124267578,1267.0047607421875,1888.51708984375
2023-07-03,2337.933837890625,2600.47216796875,5081.771484375,964.7010498046876,274.1221923828125,626.3021850585938,251.72467041015625,1044.9671630859375,44.16057968139648,1777.027587890625,470.0531921386719,1759.0579833984375,587.60205078125,2571.57470703125,2376.660400390625,228.7187042236328,606.9505615234375,155.46420288085938,195.6881866455078,124.59062957763672,4396.63916015625,145.94757080078125,396.576416015625,1106.8126220703125,1633.3277587890625,10367.826171875,458.4119873046875,690.0106201171875,202.47659301757812,546.0156860351562,1384.959716796875,1840.5345458984375,2283.32958984375,2087.656494140625,245.2606201171875,6160.80712890625,3386.6298828125,153.57418823242188,1194.0621337890625,1892.0133056640625
2023-07-04,2316.9521484375,2589.478515625,5040.84619140625,960.5066528320312,269.1308898925781,623.4081420898438,247.52928161621097,1046.9642333984375,43.81608200073242,1779.522705078125,469.5040283203125,1747.0645751953125,584.6041259765625,2535.62255859375,2377.6591796875,227.82095336914065,606.55078125,152.40725708007812,192.13929748535156,125.24005889892578,4362.453125,147.6469268798828,396.6761779785156,1105.3135986328125,1621.8360595703125,10573.7021484375,459.36083984375,691.0093994140625,202.87635803222656,541.82470703125,1377.36865234375,1838.537109375,2285.780029296875,2095.64404296875,241.46739196777344,6140.00732421875,3394.6220703125,152.22439575195312,1199.058349609375,1899.50537109375
2023-07-05,2313.955078125,2565.492431640625,5007.90576171875,931.5455932617188,269.53021240234375,620.6138916015625,248.52816772460935,1025.9951171875,43.76615905761719,1768.54443359375,459.0706481933594,1718.57958984375,574.1112060546875,2446.7412109375,2326.22119140625,223.03317260742188,605.1513671875,149.88980102539062,192.58914184570312,122.9420928955078,4356.04248046875,145.19784545898438,389.0919799804687,1062.3402099609375,1596.3541259765625,10613.6787109375,457.41314697265625,685.0162963867188,203.6758728027344,542.8226318359375,1364.9835205078125,1787.106201171875,2223.53857421875,2070.68408203125,237.97364807128903,6140.00732421875,3365.65087890625,150.974609375,1191.0643310546875,1901.5032958984375
2023-07-06,2255.007080078125,2535.510009765625,4887.12548828125,945.92626953125,268.33221435546875,609.1378784179688,249.02764892578125,1018.5059814453124,43.23692321777344,1751.0782470703125,449.2362365722656,1692.5936279296875,557.1226806640625,2447.73974609375,2261.79736328125,218.14556884765625,595.7551879882812,146.5531463623047,185.7913055419922,121.7930908203125,4314.91259765625,137.95680236816406,380.8091735839844,1035.8565673828125,1582.8638916015625,10321.8525390625,432.24267578125,667.2366943359375,200.6776885986328,533.0438232421875,1335.2188720703125,1758.644287109375,2125.520751953125,2031.746337890625,232.2838592529297,6042.25,3313.70263671875,145.1755828857422,1164.5853271484375,1849.5577392578125
2023-07-07,2369.905517578125,2461.5537109375,4906.09130859375,930.3472900390624,270.0292663574219,608.6387939453125,246.13079833984375,997.7364501953124,43.0322265625,1740.598876953125,452.8305358886719,1712.5828857421875,555.1240844726562,2390.8154296875,2279.776123046875,220.24026489257812,597.1546020507812,148.5711212158203,191.43951416015625,121.74313354492188,4263.099609375,140.95587158203125,381.00872802734375,1038.355224609375,1578.86669921875,10103.982421875,435.8384704589844,672.8302001953125,199.1786193847656,536.6359252929688,1314.4434814453125,1731.6802978515625,2157.376708984375,2025.7559814453125,232.18405151367188,5971.53125,3266.74951171875,148.47503662109375,1162.5869140625,1845.0626220703125
2023-07-10,2360.913330078125,2472.546875,4859.6748046875,939.7345581054688,267.4338073730469,605.6450805664062,246.13079833984375,987.3516235351562,42.982295989990234,1735.109375,453.8288879394531,1735.0709228515625,557.622314453125,2428.764892578125,2302.24951171875,221.9359436035156,596.9547119140625,148.5711212158203,192.63912963867188,121.1436538696289,4268.9755859375,141.00584411621094,381.4079284667969,1042.8525390625,1584.862548828125,10173.9423828125,432.5922546386719,667.63623046875,199.6782989501953,539.6295166015625,1315.042724609375,1730.182373046875,2150.515380859375,2063.695068359375,232.782958984375,6002.73095703125,3266.74951171875,147.8751220703125,1169.581298828125,1853.05419921875
2023-07-11,2355.91796875,2440.56591796875,4938.03271484375,933.9423828125,266.7350158691406,599.6574096679688,245.13186645507812,986.7525634765624,43.306827545166016,1726.1270751953125,459.5198974609375,1732.5721435546875,554.6243896484375,2417.779541015625,2317.231689453125,225.8260498046875,598.5540771484375,149.7099609375,193.58880615234375,121.19361114501952,4231.0498046875,144.4547576904297,385.4993896484375,1040.3538818359375,1591.857666015625,10075.9990234375,436.53759765625,663.2412109375,196.5802001953125,544.02001953125,1316.44091796875,1741.1678466796875,2184.82177734375,2040.73193359375,234.7793731689453,5965.291015625,3286.22998046875,145.62550354003906,1174.077880859375,1816.5924072265625
2023-07-12,2386.890380859375,2483.54052734375,5130.68359375,950.3202514648438,268.6317443847656,614.5266723632812,250.12640380859375,1007.0228271484376,44.46014404296875,1745.090087890625,466.0095825195313,1768.5528564453125,575.1105346679688,2458.724853515625,2349.19287109375,228.3197021484375,615.9468994140625,154.64501953125,198.08740234375,123.39168548583984,4255.62060546875,150.10299682617188,389.2915344238281,1058.842529296875,1610.3441162109375,10241.900390625,457.8126831054687,681.820068359375,201.27732849121097,550.8052978515625,1330.224853515625,1770.128662109375,2278.9189453125,2073.67919921875,243.16436767578125,5975.69091796875,3307.708984375,148.425048828125,1176.575927734375,1813.095947265625
2023-07-13,2417.863037109375,2516.52099609375,5218.5234375,952.7171020507812,272.8244323730469,612.929931640625,248.927734375,1014.5119018554688,44.65984725952149,1756.068603515625,464.9113464355469,1777.04833984375,575.1105346679688,2460.72216796875,2343.200439453125,226.92327880859375,625.3429565429688,155.54412841796875,196.7878265380859,123.74137115478516,4245.47216796875,151.10267639160156,390.3892517089844,1079.829345703125,1613.3421630859375,10323.8515625,469.0993957519531,686.01513671875,207.0737762451172,544.4190673828125,1328.427001953125,1783.6107177734375,2318.126220703125,2086.657958984375,245.0609588623047,5979.8515625,3329.686767578125,149.27488708496094,1168.0826416015625,1818.59033203125
2023-07-14,2429.852294921875,2541.50634765625,5202.5517578125,949.72119140625,273.5232238769531,611.8322143554688,249.7268524169922,1020.0038452148438,44.29538345336914,1753.573486328125,455.7259521484375,1769.0526123046875,568.6148681640625,2449.737060546875,2310.7392578125,223.2326507568359,634.33935546875,154.9447479248047,194.83840942382812,123.64146423339844,4265.23681640625,151.90245056152344,385.2000122070313,1070.8349609375,1613.841552734375,10317.85546875,466.2527465820313,684.4170532226562,207.0737762451172,546.4146728515625,1318.63818359375,1790.601318359375,2302.443359375,2062.69677734375,242.5654296875,6015.2099609375,3356.659912109375,145.87545776367188,1179.073974609375,1808.1014404296875
2023-07-17,2327.94287109375,2550.501220703125,5076.7802734375,950.3202514648438,270.5284118652344,616.622314453125,248.62808227539065,1016.0097045898438,44.774688720703125,1754.5714111328125,451.6823425292969,1779.04736328125,564.6176147460938,2447.73974609375,2305.24560546875,223.33238220214844,635.9386596679688,155.90374755859375,194.4385681152344,123.5915069580078,4294.080078125,152.55223083496094,386.2977600097656,1057.843017578125,1618.3385009765625,10193.9287109375,453.1181945800781,688.0128784179688,207.6734313964844,543.4212036132812,1317.0404052734375,1776.1207275390625,2245.1025390625,2051.71435546875,246.1589813232422,6000.64990234375,3344.17236328125,146.12542724609375,1181.072265625,1816.093017578125
2023-07-18,2333.937255859375,2548.5029296875,5100.73681640625,953.3162841796876,276.5179748535156,622.4103393554688,250.92556762695312,1012.0155029296876,45.623443603515625,1767.5462646484375,457.8226318359375,1819.5255126953125,556.623046875,2450.735595703125,2319.728759765625,226.0255584716797,639.1372680664062,159.22044372558594,202.03616333007812,123.24180603027344,4289.80712890625,153.65188598632812,388.7926025390625,1074.3328857421875,1627.8316650390625,10273.8818359375,453.4677429199219,696.4032592773438,206.87391662597656,552.6013793945312,1331.0238037109375,1767.1329345703125,2265.196533203125,2077.67236328125,250.2516632080078,6006.890625,3350.16650390625,146.37538146972656,1174.077880859375,1877.528564453125
2023-07-19,2346.92578125,2570.489501953125,5086.7626953125,988.668701171875,282.60736083984375,627.499755859375,256.8191223144531,1038.4765625,46.62697982788086,1803.97509765625,468.8050842285156,1798.536865234375,569.6141967773438,2535.62255859375,2365.673828125,236.19967651367188,660.32861328125,164.11553955078125,204.83526611328125,122.74224853515624,4364.0556640625,157.10079956054688,395.778076171875,1063.339599609375,1644.3199462890625,10495.7509765625,452.91845703125,705.1932983398438,211.271240234375,560.1848754882812,1358.7911376953125,1795.5947265625,2257.355224609375,2174.517822265625,260.0341491699219,6094.248046875,3443.5732421875,150.9246063232422,1193.5626220703125,1949.452880859375
2023-07-20,2362.91162109375,2577.485595703125,5164.62158203125,993.2625122070312,285.0032043457031,638.6766357421875,259.61602783203125,1042.9700927734375,46.26750564575195,1845.3941650390625,471.5008239746094,1776.0489501953125,573.11181640625,2548.605224609375,2392.641845703125,234.3044891357422,655.9304809570312,164.19546508789062,204.73532104492188,125.539794921875,4328.80078125,157.35073852539062,401.9652404785156,1074.8323974609375,1658.8094482421875,10689.6337890625,471.9460754394531,715.5813598632812,213.4698944091797,563.1784057617188,1385.5592041015625,1785.1087646484375,2332.828857421875,2202.472900390625,256.4405822753906,6125.447265625,3396.620361328125,154.37403869628906,1198.0589599609375,2060.836181640625
2023-07-21,2381.894775390625,2606.468505859375,5130.68359375,998.255859375,283.5057678222656,640.6724853515625,259.9157409667969,1052.4561767578125,45.78820037841797,1830.92236328125,475.0451965332031,1777.04833984375,575.1105346679688,2570.57568359375,2415.114501953125,231.11257934570312,649.333251953125,163.0965576171875,204.23545837402344,126.7886962890625,4360.84912109375,157.35073852539062,399.5702209472656,1042.8525390625,1675.7972412109375,10763.58984375,471.9960021972656,718.178466796875,213.8696746826172,562.1806640625,1386.5579833984375,1795.09521484375,2341.65087890625,2217.448974609375,250.95040893554688,6171.20556640625,3434.0830078125,155.7738037109375,1202.5552978515625,2037.860107421875
2023-07-24,2393.88427734375,2580.48388671875,5167.6162109375,1004.647216796875,282.0084228515625,641.3710327148438,261.11444091796875,1058.4473876953125,45.97792434692383,1831.4212646484375,482.9327392578125,1771.0516357421875,557.622314453125,2568.57861328125,2440.084716796875,233.2072906494141,649.73291015625,164.19546508789062,205.73500061035156,125.83952331542967,4293.01318359375,157.05084228515625,403.3623352050781,1052.8460693359375,1676.7965087890625,10773.5830078125,478.0888671875,718.5779418945312,211.67100524902344,555.79443359375,1394.1490478515625,1806.5799560546875,2343.120849609375,2223.439453125,252.0484313964844,6131.6875,3436.081298828125,156.67364501953125,1200.55712890625,2042.854736328125
2023-07-25,2372.90283203125,2560.495361328125,5384.22265625,998.6553344726562,280.2115783691406,642.9675903320312,259.7159423828125,1049.460693359375,46.02785873413086,1827.4288330078125,480.2369689941406,1787.5426025390625,558.1220703125,2563.5849609375,2407.124267578125,234.6037445068359,634.5391845703125,163.35630798339844,202.03616333007812,124.5406723022461,4479.43359375,155.25137329101562,402.6637268066406,1088.3240966796875,1672.2998046875,10713.619140625,481.48486328125,717.5791625976562,208.87271118164065,554.5970458984375,1391.3525390625,1804.5826416015625,2456.331298828125,2293.32763671875,250.7507781982422,6179.52685546875,3453.563720703125,152.62432861328125,1193.0628662109375,2046.8505859375
2023-07-26,2347.9248046875,2540.50732421875,5219.5205078125,1003.6485595703124,285.8017883300781,642.76806640625,263.0123291015625,1049.460693359375,45.263973236083984,1830.92236328125,477.8408508300781,1771.55126953125,562.1193237304688,2568.57861328125,2393.639892578125,236.00018310546875,640.9367065429688,163.895751953125,205.6350250244141,123.89122772216795,4469.8173828125,153.9018096923828,401.1669006347656,1087.824462890625,1673.798828125,10663.6494140625,468.8996887207031,710.5870971679688,208.67282104492188,554.7965698242188,1383.7613525390625,1804.5826416015625,2401.441650390625,2285.340087890625,241.36756896972656,6112.9677734375,3396.120849609375,184.96888732910156,1196.5601806640625,2077.818359375
2023-07-27,2374.90087890625,2659.43701171875,5203.55029296875,1006.64453125,284.90338134765625,640.9717407226562,260.41522216796875,1041.9716796875,44.984375,1849.8851318359375,478.9390563964844,1787.5426025390625,572.6122436523438,2566.581298828125,2361.178955078125,236.99766540527344,641.1365356445312,155.24441528320312,207.23451232910156,133.2330322265625,4466.07861328125,156.10113525390625,398.5722351074219,1094.3204345703125,1691.785888671875,10693.6318359375,468.6000061035156,708.5894165039062,210.47174072265625,556.5927124023438,1403.937255859375,1699.3612060546875,2378.8974609375,2270.3642578125,239.4709930419922,6119.20751953125,3427.08984375,189.5681304931641,1194.561767578125,2093.80126953125
2023-07-28,2352.920654296875,2631.453857421875,5115.7099609375,996.258544921875,282.1083068847656,645.4625244140625,261.11444091796875,1029.989013671875,45.05926513671875,1851.38232421875,474.6458740234375,1789.0418701171875,553.1253662109375,2545.609130859375,2338.70556640625,233.8057403564453,642.5359497070312,155.58409118652344,205.8349609375,134.08229064941406,4512.01611328125,158.05052185058594,389.8903503417969,1100.3167724609375,1696.2825927734375,11051.41796875,465.9530944824219,736.757080078125,208.87271118164065,553.399658203125,1381.3642578125,1671.3883056640625,2335.769287109375,2154.549560546875,245.0609588623047,6137.927734375,3430.087158203125,193.26751708984375,1187.5672607421875,2097.796875
2023-07-31,2289.97607421875,2618.461181640625,5140.6640625,997.6566162109376,276.9172668457031,644.9635620117188,257.7181091308594,1029.989013671875,44.86954498291016,1835.9127197265625,482.23382568359375,1834.017822265625,548.1287231445312,2550.602294921875,2363.177001953125,232.8082733154297,645.7345581054688,154.8048858642578,206.23486328125,137.92892456054688,4477.29541015625,157.650634765625,387.5950622558594,1081.828125,1697.781494140625,11179.3427734375,472.9948425292969,746.5459594726562,208.47296142578125,552.002685546875,1382.96240234375,1683.876220703125,2346.55126953125,2125.59619140625,243.86312866210935,6071.3681640625,3394.122802734375,184.8189239501953,1184.0699462890625,2086.80859375
2023-08-01,2283.9814453125,2601.47119140625,5085.7646484375,994.0614624023438,278.5144958496094,653.5458374023438,258.51727294921875,1016.0097045898438,44.27540969848633,1840.40380859375,480.98577880859375,1873.4964599609375,520.147705078125,2528.6318359375,2348.694091796875,229.81588745117188,651.1323852539062,151.26841735839844,207.13455200195312,139.82723999023438,4488.5126953125,153.20205688476562,385.4993896484375,1058.842529296875,1693.28466796875,11189.3369140625,470.39794921875,743.5494995117188,205.67466735839844,546.8139038085938,1369.9775390625,1676.8828125,2296.072021484375,2126.5947265625,237.7740173339844,6033.9296875,3404.612060546875,185.21885681152344,1175.5767822265625,2102.792236328125
2023-08-02,2277.986572265625,2608.467529296875,4955.001953125,974.4878540039062,275.12042236328125,635.5830688476562,254.7213897705078,994.3414306640624,43.19698715209961,1831.4212646484375,472.8487548828125,1837.515869140625,507.1565551757813,2492.6796875,2315.733154296875,224.13035583496097,634.9390258789062,146.3134002685547,206.33480834960935,138.92803955078125,4467.1474609375,148.45350646972656,378.11474609375,1011.8716430664062,1678.29541015625,11089.396484375,461.4583740234375,733.361083984375,218.6667327880859,534.4407958984375,1365.7825927734375,1638.419921875,2208.345703125,2054.70947265625,232.68313598632812,5988.1708984375,3381.135498046875,183.86907958984375,1150.5963134765625,2072.823486328125
2023-08-03,2284.98046875,2569.657470703125,4990.4375,962.7036743164062,270.7280578613281,637.8782348632812,251.12533569335935,971.1754150390624,42.87158966064453,1821.4405517578125,477.0919494628906,1829.520263671875,503.15924072265625,2459.7236328125,2336.208740234375,225.6265563964844,631.9403076171875,149.01065063476562,205.5350646972656,138.828125,4403.45849609375,150.65283203125,381.1085510253906,1017.8678588867188,1656.3114013671875,10893.513671875,461.6581726074219,739.553955078125,221.6649169921875,539.2302856445312,1343.80859375,1617.440185546875,2205.40576171875,2130.588134765625,236.3765106201172,5907.83935546875,3328.687744140625,192.16769409179688,1123.1180419921875,2057.83935546875
2023-08-04,2267.99560546875,2566.6591796875,5000.91845703125,974.2880859375,271.52667236328125,635.0841674804688,250.22634887695312,978.1651611328124,43.086326599121094,1816.4505615234375,485.6783447265625,1839.01513671875,502.6595764160156,2487.6865234375,2385.64990234375,227.72122192382812,627.3421630859375,150.58912658691406,206.23486328125,139.57748413085938,4370.33837890625,149.20327758789062,383.9027404785156,1030.3602294921875,1665.3046875,10903.5068359375,462.6570129394531,740.7525634765625,224.26332092285156,543.4212036132812,1345.4068603515625,1629.9281005859375,2198.05419921875,2121.6025390625,236.97543334960935,5847.5126953125,3328.1884765625,206.4652862548828,1125.6158447265625,2097.796875
2023-08-07,2256.006103515625,2570.656982421875,4957.4970703125,972.091064453125,269.9294738769531,642.76806640625,251.52490234375,963.9859619140624,43.11628723144531,1821.9400634765625,482.3336486816406,1829.520263671875,503.6589050292969,2472.706298828125,2373.664306640625,228.219970703125,621.3446655273438,150.6690216064453,203.03585815429688,138.92803955078125,4370.33837890625,146.75404357910156,383.7031555175781,1025.863037109375,1676.2969970703125,10879.5205078125,456.16461181640625,746.1464233398438,225.46258544921875,532.4450073242188,1350.6005859375,1625.432373046875,2156.88671875,2114.61376953125,239.6706085205078,5887.03662109375,3310.206298828125,209.46478271484375,1119.62060546875,2146.745849609375
2023-08-08,2258.00439453125,2579.65234375,4897.6064453125,973.4891967773438,268.2324523925781,633.2877807617188,251.72467041015625,974.3707275390624,42.631893157958984,1813.4564208984375,479.2386474609375,1798.536865234375,529.6412963867188,2471.70751953125,2369.169677734375,227.02301025390625,621.3446655273438,146.9327392578125,203.93557739257812,138.62831115722656,4367.1318359375,145.9542999267578,381.9068908691406,1009.8728637695312,1658.309814453125,11023.4345703125,444.0787963867187,740.9523315429688,227.06163024902344,536.0372924804688,1363.3856201171875,1630.4276123046875,2113.758544921875,2146.562255859375,236.576171875,5893.27783203125,3311.205322265625,207.8650360107422,1109.1290283203125,2191.69873046875
2023-08-09,2272.9912109375,2591.64599609375,4946.01806640625,955.5133056640624,267.4338073730469,634.684814453125,251.32513427734375,975.3692626953124,42.72677230834961,1824.4346923828125,491.8685302734375,1824.0230712890625,531.6400146484375,2387.819091796875,2425.60205078125,228.3197021484375,623.74365234375,148.75094604492188,204.23545837402344,138.828125,4392.7744140625,143.90492248535156,382.4058532714844,1014.8696899414062,1655.3118896484375,11175.3447265625,454.56646728515625,752.1394653320312,225.06285095214844,538.032958984375,1381.96337890625,1637.92041015625,2117.679443359375,2173.519287109375,237.97364807128903,5959.84423828125,3336.18017578125,209.0648498535156,1118.121826171875,2202.68701171875
2023-08-10,2277.986572265625,2625.62841796875,4785.64111328125,970.4931030273438,268.0328369140625,630.7723388671875,254.52162170410156,988.1505126953124,42.946495056152344,1836.4114990234375,490.17828369140625,1844.0125732421875,531.1402587890625,2440.748779296875,2429.858642578125,232.4093017578125,632.7399291992188,147.87864685058594,204.93524169921875,141.2760009765625,4423.75830078125,146.15423583984375,386.4973449707031,1037.85546875,1662.8065185546875,11156.072265625,454.3167724609375,756.7946166992188,228.06101989746097,541.4255981445312,1385.958740234375,1644.414306640625,2150.025390625,2205.4677734375,235.1331024169922,6028.49169921875,3403.11376953125,207.76507568359375,1123.1180419921875,2197.890380859375
2023-08-11,2284.98046875,2566.6591796875,4718.74462890625,956.312255859375,265.93646240234375,623.5861206054688,250.92556762695312,979.5630493164062,42.89656066894531,1804.4737548828125,485.6849365234375,1846.5111083984375,537.13623046875,2399.803466796875,2413.376708984375,229.51666259765625,622.3441772460938,146.4798126220703,202.2360992431641,141.2260284423828,4361.7900390625,143.25514221191406,384.7010498046875,1007.8740234375,1640.3226318359375,11024.142578125,444.1786804199219,754.1973266601562,223.2639312744141,536.6359252929688,1369.37841796875,1638.9193115234375,2108.367431640625,2203.47119140625,235.63232421875,6009.77001953125,3352.16455078125,207.66506958007812,1118.621337890625,2134.95068359375
2023-08-14,2323.946044921875,2584.649658203125,4639.86572265625,952.3175659179688,266.0362854003906,620.2926025390625,250.12640380859375,973.7716674804688,42.78669357299805,1806.4700927734375,481.041748046875,1836.0166015625,541.1334838867188,2393.811279296875,2390.900634765625,232.50906372070312,623.74365234375,145.76039123535156,204.6353454589844,141.9254150390625,4376.21484375,146.4041748046875,383.0045471191406,1000.8784790039062,1631.828857421875,11108.09765625,433.29144287109375,750.6011962890625,221.4650421142578,552.8009643554688,1384.3604736328125,1631.4267578125,2032.8936767578125,2230.42822265625,234.73373413085935,6022.25146484375,3375.64111328125,208.96484375,1105.1319580078125,2143.942138671875
2023-08-15,2314.9541015625,2548.668701171875,4579.9580078125,934.341796875,264.43902587890625,599.1338500976562,247.7290496826172,958.5938720703124,42.422149658203125,1774.0335693359375,473.2532348632813,1800.0360107421875,539.634521484375,2355.862060546875,2365.4287109375,225.5268096923828,616.3467407226562,143.42230224609375,221.530029296875,141.87545776367188,4325.99853515625,149.3532257080078,379.1127014160156,979.3917846679688,1611.343505859375,10870.2236328125,418.5587158203125,738.0145263671875,221.26513671875,563.9766845703125,1375.5711669921875,1593.9627685546875,1984.86474609375,2195.484130859375,233.23605346679688,5924.48095703125,3328.1884765625,205.46543884277344,1078.652587890625,2134.95068359375
2023-08-16,2314.9541015625,2513.68701171875,4552.0,924.95458984375,265.5371398925781,588.6541137695312,249.5270843505859,954.4000854492188,42.03763198852539,1773.5345458984375,472.2547607421875,1802.0350341796875,537.6359252929688,2336.88720703125,2354.43994140625,221.43719482421875,612.1485595703125,144.88113403320312,231.52685546875,143.17430114746094,4312.64306640625,153.60189819335938,382.4058532714844,979.5916748046876,1596.85400390625,10872.22265625,419.0082092285156,727.825439453125,221.4650421142578,573.555908203125,1368.978759765625,1596.9600830078125,1986.3350830078125,2354.229736328125,226.0472717285156,5905.7587890625,3305.211181640625,204.1656494140625,1072.157958984375,2125.95947265625
2023-08-17,2298.96826171875,2487.7001953125,4628.8828125,917.9639892578124,262.3426513671875,591.2492065429688,246.2306976318359,945.0137329101562,42.36223220825195,1748.29638671875,473.8024291992187,1802.5347900390625,535.1376342773438,2332.892822265625,2362.431640625,219.4422607421875,601.9525756835938,145.30076599121094,225.7286834716797,144.223388671875,4290.7412109375,153.3519744873047,380.3101806640625,977.5928955078124,1574.3699951171875,10786.26953125,423.0534362792969,731.4216918945312,218.0806884765625,569.5645141601562,1356.3328857421875,1575.9801025390625,1969.184814453125,2371.20263671875,227.2454071044922,5887.03662109375,3254.761474609375,202.3659515380859,1081.6505126953125,2106.97802734375
2023-08-18,2289.97607421875,2479.70458984375,4593.43701171875,912.1718139648438,261.5440979003906,582.7658081054688,249.4272003173828,950.0065307617188,42.19243621826172,1753.287353515625,472.7539367675781,1766.5538330078125,535.1376342773438,2311.920654296875,2357.437255859375,217.94607543945312,597.7543334960938,144.1217498779297,220.93020629882812,143.02442932128906,4252.2783203125,149.6531524658203,382.0066528320313,946.4122924804688,1557.3822021484375,10652.3408203125,415.5622253417969,720.6331176757812,218.28057861328125,564.7749633789062,1347.5421142578125,1583.97265625,1933.79150390625,2357.22509765625,226.34681701660156,5880.79638671875,3256.759521484375,201.1661834716797,1068.6605224609375,2085.998046875
2023-08-21,2264.998046875,2478.705078125,4610.41015625,899.5887451171875,260.0467529296875,582.1668701171875,251.72467041015625,944.6143188476562,42.03763198852539,1746.7991943359375,477.5968017578125,1748.06396484375,537.13623046875,2288.951171875,2366.92724609375,216.74913024902344,590.3573608398438,143.54220581054688,219.43064880371097,144.0235595703125,4240.52587890625,151.05270385742188,377.2166442871094,934.2197875976562,1547.8890380859375,10668.33203125,419.5075988769531,718.63525390625,220.2794647216797,569.9636840820312,1345.94384765625,1566.4893798828125,1931.4384765625,2358.223388671875,223.55116271972656,5864.15380859375,3263.2529296875,201.86605834960935,1068.6605224609375,2058.024658203125
2023-08-22,2244.016845703125,2471.708984375,4667.82275390625,903.183837890625,257.2515563964844,579.4720458984375,250.52598571777344,941.4191284179688,41.6730842590332,1743.8048095703125,477.1974182128906,1755.06005859375,528.6419677734375,2295.941650390625,2365.92822265625,218.2453155517578,590.7572021484375,142.5830078125,217.6312561035156,146.32156372070312,4232.5126953125,140.7059326171875,375.320556640625,941.615234375,1553.884521484375,10692.3193359375,429.2961120605469,714.2398681640625,221.87860107421875,567.5689086914062,1355.533203125,1574.9810791015625,1962.812255859375,2382.185302734375,221.5542755126953,5828.7900390625,3253.76220703125,201.06619262695312,1060.6669921875,2048.034423828125
2023-08-23,2256.006103515625,2498.69482421875,4752.6923828125,913.9692993164062,257.2515563964844,583.6640014648438,253.0232696533203,961.9888916015624,41.81790542602539,1756.7808837890625,470.4573669433594,1775.04931640625,534.1382446289062,2344.876708984375,2350.445068359375,219.4422607421875,598.5540771484375,142.92271423339844,215.23199462890625,144.37327575683594,4270.97607421875,133.10830688476562,379.8112487792969,963.001953125,1565.8760986328125,10764.2802734375,432.6421813964844,710.6436767578125,225.8764190673828,561.781494140625,1363.3250732421875,1590.9658203125,2012.3236083984375,2385.180419921875,223.65101623535156,5882.8759765625,3267.748291015625,201.7660675048828,1068.1612548828125,2084.9990234375
2023-08-24,2260.00244140625,2514.686279296875,4744.7041015625,919.9612426757812,258.14996337890625,587.95556640625,254.92120361328125,969.17822265625,42.07757568359375,1768.7591552734375,472.90380859375,1758.058349609375,539.634521484375,2370.842041015625,2363.93017578125,213.91195678710935,592.2120361328125,144.42147827148438,214.8321228027344,144.67300415039062,4293.94580078125,139.85618591308594,370.1394958496094,960.0037841796876,1569.8734130859375,10744.291015625,427.7978515625,712.8413696289062,229.67434692382812,568.3671264648438,1370.1175537109375,1607.4498291015625,1999.087890625,2372.201416015625,225.24853515625,5907.83935546875,3261.7451171875,201.66607666015625,1060.167236328125,2093.989990234375
2023-08-25,2270.992919921875,2526.679931640625,4738.21435546875,918.962646484375,261.4442138671875,586.6581420898438,259.81585693359375,976.3677978515624,41.74299621582031,1768.2598876953125,474.9008483886719,1765.554443359375,540.6338500976562,2364.849853515625,2375.91748046875,212.21583557128903,586.8137817382812,143.86195373535156,217.0314178466797,146.5713348388672,4312.64306640625,138.95648193359375,369.04150390625,946.21240234375,1587.8603515625,10654.33984375,425.650390625,710.6436767578125,230.07411193847656,565.972412109375,1372.51513671875,1614.9427490234375,1991.2445068359375,2386.1787109375,225.44822692871097,5916.15966796875,3264.74267578125,202.96588134765625,1058.1688232421875,2119.965087890625
2023-08-29,2299.967529296875,2554.6650390625,4816.59326171875,938.7360229492188,266.6352233886719,594.5428466796875,263.31201171875,985.3546142578124,42.85161590576172,1778.241943359375,484.9859313964844,1825.522216796875,547.629150390625,2404.796630859375,2403.38720703125,219.79855346679688,604.00830078125,149.83705139160156,221.9298858642578,148.81936645507812,4338.81982421875,145.0045928955078,376.4283142089844,984.1888427734376,1620.8367919921875,10798.2626953125,437.7861633300781,723.030517578125,233.67214965820312,564.17626953125,1396.28955078125,1649.409423828125,2052.03076171875,2428.111328125,233.53558349609375,6007.6904296875,3303.7099609375,212.86419677734375,1072.157958984375,2158.927978515625
2023-08-30,2306.961181640625,2581.651123046875,4844.55078125,938.7360229492188,267.2341613769531,589.552490234375,263.911376953125,991.745361328125,42.7717170715332,1783.2325439453125,488.4808349609375,1824.0230712890625,548.1287231445312,2410.7890625,2409.88037109375,219.00038146972656,605.8077392578125,148.9178009033203,224.12918090820312,149.86843872070312,4343.626953125,143.20513916015625,375.7295227050781,999.179443359375,1638.82373046875,10728.2998046875,438.1357116699219,719.234619140625,232.27291870117188,572.55810546875,1396.0894775390625,1628.92919921875,2045.657958984375,2463.0556640625,234.8335723876953,6001.44970703125,3317.697998046875,216.7635498046875,1073.1572265625,2183.90380859375
2023-08-31,2275.98828125,2576.65380859375,4865.01953125,945.7266235351562,269.6300048828125,581.9672241210938,265.40966796875,988.7496948242188,42.30229949951172,1786.2271728515625,486.78326416015625,1833.5181884765625,545.6304931640625,2396.80712890625,2408.88134765625,218.2021942138672,606.2075805664062,147.2391815185547,226.72836303710935,151.6168975830078,4318.51953125,145.2045440673828,374.53167724609375,965.6004028320312,1638.82373046875,10656.3388671875,421.1867980957031,710.8434448242188,232.27291870117188,576.349853515625,1387.2991943359375,1624.9329833984375,2059.3837890625,2486.018798828125,230.04103088378903,5930.72119140625,3240.76318359375,222.2626190185547,1069.160400390625,2186.9013671875
2023-09-01,2251.010498046875,2577.653564453125,4964.865234375,930.7467651367188,269.82958984375,587.1571655273438,264.41082763671875,984.1564331054688,42.06260299682617,1780.238037109375,500.063720703125,1840.514404296875,551.1267700195312,2376.833740234375,2441.845947265625,218.1024169921875,607.207275390625,148.93777465820312,228.1279296875,153.41534423828125,4304.6298828125,144.00491333007812,374.3320007324219,969.1980590820312,1633.8272705078125,10694.318359375,426.8832092285156,718.8350219726562,230.67381286621097,572.55810546875,1386.100341796875,1610.946533203125,2094.18896484375,2426.114501953125,232.9365234375,5939.0419921875,3197.2998046875,219.0631561279297,1063.66455078125,2170.91650390625
2023-09-04,2226.03271484375,2582.65087890625,4992.3232421875,930.7467651367188,268.1325988769531,584.6619873046875,263.5117492675781,976.7672119140624,41.92277145385742,1764.7662353515625,500.9624938964844,1863.00244140625,546.1301879882812,2377.83251953125,2441.845947265625,215.8076629638672,603.0086059570312,150.67636108398438,226.9283142089844,152.86581420898438,4301.42529296875,142.50538635253906,372.1359252929687,968.9982299804688,1639.3233642578125,10684.32421875,435.7276916503906,708.6458740234375,229.87423706054688,565.7727661132812,1372.1153564453125,1607.4498291015625,2093.208984375,2367.209228515625,232.63699340820312,5926.56103515625,3179.31494140625,219.8630218505859,1054.172119140625,2166.920166015625
2023-09-05,2208.048583984375,2603.6396484375,4967.36181640625,926.5523681640624,264.9382019042969,586.358642578125,256.01995849609375,967.5807495117188,41.70803451538086,1757.280029296875,510.74798583984375,1895.48486328125,550.12744140625,2359.856689453125,2466.319091796875,215.50833129882812,596.2108154296875,149.51731872558594,223.72930908203125,155.8631591796875,4267.7705078125,140.9058837890625,370.8382263183594,954.2073974609376,1634.3270263671875,10730.298828125,431.93011474609375,702.8519897460938,229.27456665039065,546.6143798828125,1379.9071044921875,1580.4759521484375,2060.3642578125,2390.17236328125,229.6416778564453,5924.48095703125,3144.843994140625,219.16314697265625,1035.6865234375,2116.968017578125
2023-09-06,2223.03515625,2635.623046875,4970.8564453125,925.7534790039062,265.0379943847656,584.1629638671875,256.7192077636719,971.7745971679688,41.4433708190918,1741.3092041015625,515.1415405273438,1909.4774169921875,540.6338500976562,2364.849853515625,2486.29736328125,213.41311645507812,595.4110107421875,149.09765625,223.4294281005859,155.91314697265625,4253.8818359375,139.25640869140625,369.2410888671875,932.6209106445312,1648.816650390625,10600.3671875,429.1817932128906,701.6532592773438,231.0735626220703,555.79443359375,1375.112060546875,1588.46826171875,2045.16796875,2400.156494140625,227.54493713378903,5905.7587890625,3172.820556640625,214.6638946533203,1042.6810302734375,2092.9912109375
2023-09-07,2222.0361328125,2693.5927734375,4839.55810546875,943.1300659179688,264.1395568847656,583.5641479492188,255.22085571289065,993.3428955078124,40.978946685791016,1741.3092041015625,514.043212890625,1896.484375,538.1355590820312,2406.794189453125,2499.283203125,213.11380004882812,599.2098388671875,147.85865783691406,220.43035888671875,159.16029357910156,4294.47998046875,134.20797729492188,368.9416198730469,902.8892211914062,1653.81298828125,10818.251953125,423.2355041503906,704.4503173828125,230.67381286621097,557.1914672851562,1386.69970703125,1615.9417724609375,1985.8521728515625,2359.722412109375,224.3499298095703,5974.40673828125,3172.32080078125,223.7623748779297,1060.6669921875,2086.996826171875
2023-09-08,2255.007080078125,2720.578857421875,4827.0771484375,950.9196166992188,266.435546875,583.2647705078125,258.31744384765625,994.9406127929688,41.2885627746582,1752.7884521484375,516.5394897460938,1904.9798583984375,548.6284790039062,2419.777099609375,2499.78271484375,216.1069793701172,602.0089111328125,148.1184539794922,221.8299102783203,161.7579803466797,4319.05419921875,137.70689392089844,368.5423583984375,896.0929565429688,1657.3104248046875,10840.2392578125,425.73394775390625,704.8499755859375,224.67706298828125,561.5818481445312,1442.63916015625,1624.9329833984375,1983.4012451171875,2354.7294921875,223.7508544921875,6038.892578125,3197.2998046875,220.36294555664065,1066.1627197265625,2084.0
2023-09-11,2268.99462890625,2710.583984375,4993.322265625,967.097900390625,268.6317443847656,588.8538818359375,259.416259765625,995.5397338867188,41.52827072143555,1763.76806640625,516.5394897460938,1907.97802734375,558.1220703125,2437.7529296875,2507.2744140625,219.4992218017578,603.408447265625,149.777099609375,220.43035888671875,162.30751037597656,4325.4638671875,139.4563446044922,374.232177734375,892.295166015625,1661.8074951171875,10496.4248046875,435.0780944824219,714.2398681640625,224.67706298828125,568.9659423828125,1467.2127685546875,1622.93505859375,2030.9517822265625,2352.732421875,225.6479034423828,6059.69482421875,3172.820556640625,223.5624084472656,1066.662353515625,2071.01220703125
2023-09-12,2277.986572265625,2716.580810546875,4994.3203125,954.1152954101562,272.32525634765625,596.1395874023438,262.21319580078125,998.1358032226562,42.427146911621094,1760.274658203125,522.0314331054688,1903.4805908203125,562.6189575195312,2419.777099609375,2527.253173828125,219.9980926513672,598.8099365234375,153.45407104492188,222.6296539306641,163.40655517578125,4312.109375,140.40602111816406,375.6296997070313,890.4962768554688,1657.8101806640625,10678.326171875,434.3785400390625,724.6288452148438,225.27674865722656,577.746826171875,1465.014892578125,1618.439208984375,2050.56005859375,2365.714111328125,229.6416778564453,6007.6904296875,3159.33203125,224.36227416992188,1063.66455078125,2087.99609375
2023-09-13,2245.015869140625,2742.567138671875,4977.34619140625,945.92626953125,273.1239013671875,609.8131103515625,263.4118957519531,1000.5324096679688,42.546993255615234,1752.7884521484375,507.4529113769531,1899.4827880859375,565.1172485351562,2394.81005859375,2518.26220703125,223.4901428222656,599.0098266601562,157.111083984375,221.0301818847656,166.05422973632812,4308.90380859375,136.95712280273438,392.7990417480469,906.2872314453124,1653.81298828125,10576.380859375,431.6302490234375,721.831787109375,225.4766387939453,566.1719360351562,1462.2178955078125,1615.9417724609375,2058.893798828125,2384.687744140625,230.9396514892578,5953.60302734375,3145.343505859375,225.2621154785156,1067.1617431640625,2081.002685546875
2023-09-14,2279.98486328125,2775.550048828125,5212.984375,981.0789184570312,275.7193908691406,625.6821899414062,266.6083984375,1024.9964599609375,43.17621612548828,1767.2618408203125,523.3295288085938,1928.46728515625,580.107177734375,2492.6796875,2578.69677734375,226.7826232910156,614.205078125,159.94876098632812,218.83084106445312,168.5520477294922,4341.4912109375,140.60597229003906,397.291015625,928.6746215820312,1663.8057861328125,10808.2578125,450.4684448242187,741.0113525390625,224.2772979736328,567.9680786132812,1485.5927734375,1666.3929443359375,2218.213134765625,2421.636474609375,236.6307678222656,5970.2451171875,3165.826416015625,225.7620391845703,1058.1688232421875,2092.9912109375
2023-09-15,2282.982177734375,2798.5380859375,5280.87939453125,984.274658203125,279.11346435546875,628.0775756835938,270.4042663574219,1021.0023193359376,43.14624786376953,1752.7884521484375,522.430908203125,1954.952880859375,589.6007080078125,2482.69287109375,2577.1982421875,228.778076171875,619.2034912109375,161.32762145996094,219.6305999755859,169.5511474609375,4384.2275390625,139.60629272460938,399.9862365722656,941.067626953125,1678.7950439453125,10934.1904296875,456.1149597167969,742.4098510742188,224.07742309570312,575.751220703125,1507.968505859375,1666.892578125,2257.43017578125,2432.621337890625,236.2313995361328,5993.12841796875,3159.33203125,227.36175537109375,1063.66455078125,2061.02197265625
2023-09-18,2272.9912109375,2786.544189453125,5229.9580078125,973.888671875,275.7193908691406,621.789794921875,271.2033996582031,1016.5089721679688,42.10254669189453,1755.2838134765625,518.4366455078125,1922.470458984375,571.6128540039062,2443.7451171875,2588.1865234375,224.38807678222656,600.4093627929688,158.66981506347656,222.42971801757812,169.85089111328125,4383.69287109375,136.00743103027344,395.6938781738281,913.68310546875,1673.299072265625,10722.3037109375,459.3629455566406,736.4163208007812,220.8791656494141,563.5775756835938,1503.773193359375,1653.4056396484375,2223.605224609375,2425.630859375,231.6385498046875,6063.85546875,3147.342041015625,224.36227416992188,1047.6771240234375,2097.986328125
2023-09-19,2277.986572265625,2780.547607421875,5220.97119140625,975.4865112304688,275.0205993652344,629.4749145507812,272.8016357421875,1014.5119018554688,42.846622467041016,1764.267333984375,524.0285034179688,1896.984130859375,575.1105346679688,2427.76611328125,2610.162353515625,225.8846740722656,603.408447265625,159.08944702148438,228.4278259277344,172.34869384765625,4357.517578125,133.35826110839844,396.4924621582031,917.4810180664062,1661.3076171875,10610.3642578125,463.36041259765625,742.2101440429688,214.88243103027344,555.5947875976562,1501.37548828125,1656.9022216796875,2217.72265625,2402.662841796875,231.73838806152344,6076.33740234375,3159.33203125,225.9619903564453,1039.683349609375,2104.979736328125
2023-09-20,2295.970703125,2826.523193359375,5275.88720703125,994.0614624023438,276.41815185546875,632.1696166992188,270.2044677734375,1032.9847412109375,44.50456237792969,1759.2764892578125,522.6305541992188,1926.968017578125,571.1132202148438,2475.702392578125,2591.6826171875,229.975341796875,626.6011352539062,159.4491729736328,231.0270233154297,169.4012908935547,4397.04833984375,132.9083709716797,400.68499755859375,923.2776489257812,1692.7850341796875,10944.1865234375,463.6102600097656,748.603271484375,216.0817718505859,577.746826171875,1532.7415771484375,1700.859619140625,2251.0576171875,2411.650390625,241.02391052246097,6144.984375,3196.800048828125,223.66238403320312,1050.6748046875,2124.960693359375
2023-09-21,2248.01318359375,2788.543212890625,5132.109375,986.4716186523438,274.1221923828125,634.8642578125,269.20556640625,1027.4927978515625,44.369720458984375,1752.7884521484375,519.6349487304688,1922.470458984375,567.1159057617188,2438.75146484375,2593.181396484375,228.5785217285156,618.8035888671875,156.57151794433594,236.02540588378903,172.29876708984375,4417.88134765625,144.8546142578125,399.4871520996094,909.085693359375,1670.3011474609375,10880.2197265625,451.7676696777344,752.5990600585938,222.8780517578125,583.3346557617188,1528.9456787109375,1696.8634033203125,2191.2509765625,2440.60986328125,239.32655334472656,6159.5458984375,3136.8505859375,220.36294555664065,1037.68505859375,2107.976806640625
2023-09-22,2243.017578125,2780.547607421875,5175.0419921875,979.2813720703124,272.42510986328125,641.8507690429688,270.6040344238281,1021.0023193359376,45.28358459472656,1734.8212890625,524.9271240234375,1913.475341796875,568.115234375,2421.774169921875,2604.668701171875,225.9844512939453,624.8016967773438,155.19265747070312,236.82518005371097,167.50296020507812,4397.58203125,146.95401000976562,397.4906921386719,900.6904907226562,1658.309814453125,11040.134765625,454.7658081054687,749.20263671875,221.2789306640625,572.158935546875,1526.14892578125,1672.3873291015625,2203.996826171875,2431.622314453125,237.6291961669922,6113.78125,3150.8388671875,220.5629119873047,1037.68505859375,2100.9833984375
2023-09-25,2219.03857421875,2771.552001953125,5077.193359375,968.6956787109376,268.9311828613281,637.3594970703125,268.5062561035156,1001.5308837890624,44.69432067871094,1636.5013427734375,526.5247802734375,1909.4774169921875,560.6203002929688,2344.876708984375,2602.17138671875,223.5899200439453,620.0032958984375,153.51402282714844,235.52560424804688,167.90261840820312,4360.18798828125,145.60440063476562,393.39801025390625,876.3042602539062,1665.3046875,11188.0556640625,452.717041015625,748.2037353515625,221.67872619628903,574.9528198242188,1534.1402587890625,1649.9088134765625,2175.07421875,2399.6669921875,235.532470703125,6045.1337890625,3099.8818359375,219.76304626464844,1039.683349609375,2095.988525390625
2023-09-26,2248.01318359375,2753.5615234375,5046.24072265625,967.896728515625,261.2445983886719,637.958251953125,269.80487060546875,1004.0272827148438,44.869102478027344,1670.9384765625,530.1195068359375,1872.4970703125,559.1212768554688,2357.85888671875,2596.67724609375,224.6874084472656,620.6029663085938,159.54905700683594,235.82546997070312,166.00425720214844,4342.02490234375,145.50445556640625,396.6920776367187,885.4991455078125,1598.8525390625,11158.0712890625,451.4678649902344,755.5958862304688,219.6798095703125,583.7338256835938,1530.5438232421875,1657.9012451171875,2161.34814453125,2414.646240234375,237.3296813964844,6003.52978515625,3065.910400390625,219.66305541992188,1040.18310546875,2078.00537109375
2023-09-27,2246.014892578125,2739.56884765625,5066.2099609375,944.1287841796876,252.16046142578125,638.6568603515625,265.0101623535156,981.3605346679688,44.51454162597656,1662.952880859375,537.708251953125,1872.4970703125,546.6297607421875,2306.927001953125,2626.64453125,222.4924163818359,620.2032470703125,157.9903564453125,236.82518005371097,157.6116485595703,4307.83544921875,144.30482482910156,392.0005187988281,889.4967651367188,1568.8739013671875,11112.095703125,453.2666931152344,749.4024658203125,217.4810028076172,578.545166015625,1516.9588623046875,1616.940673828125,2153.0146484375,2375.7001953125,236.83045959472656,5968.16552734375,3019.449951171875,218.76321411132812,1007.7085571289062,2090.993408203125
2023-09-28,2233.0263671875,2762.556884765625,5178.0380859375,909.7749633789062,249.8644561767578,643.6471557617188,264.3109130859375,964.9844970703124,44.20492935180664,1677.42626953125,540.3045043945312,1888.48876953125,553.6250610351562,2261.9873046875,2657.61083984375,221.2951507568359,611.4059448242188,158.94955444335938,235.2256774902344,154.5143585205078,4310.5068359375,142.8052978515625,389.50494384765625,881.5012817382812,1620.8367919921875,11000.15625,460.7120666503906,755.9954833984375,219.0801239013672,579.9420776367188,1492.3851318359375,1600.45654296875,2222.625,2368.7099609375,234.03480529785156,5982.72607421875,3035.4365234375,221.46275329589844,1014.7030639648438,2077.0068359375
2023-09-29,2247.013916015625,2773.551025390625,5166.056640625,946.9249267578124,252.3600921630859,643.6471557617188,263.911376953125,978.5646362304688,44.31479263305664,1663.951171875,530.6187744140625,1900.4822998046875,553.1253662109375,2361.854248046875,2603.170166015625,221.9935607910156,617.404052734375,158.80966186523438,236.5252685546875,154.3145294189453,4339.88818359375,149.6531524658203,389.1056213378906,888.2974853515625,1618.3385009765625,11096.1044921875,469.60650634765625,757.1942138671875,217.680908203125,585.130859375,1490.387451171875,1608.4488525390625,2221.154296875,2373.703125,235.3327789306641,6026.41162109375,3031.439453125,220.86285400390625,1022.1971435546876,2085.998046875
2023-10-02,2193.061767578125,2754.56103515625,5112.13916015625,949.32177734375,247.36878967285156,638.55712890625,261.5139465332031,948.4088134765624,43.21615982055664,1632.508544921875,518.3368530273438,1876.99462890625,532.1395874023438,2345.875244140625,2579.1962890625,215.20901489257812,612.205810546875,155.69223022460938,233.2263031005859,149.1690673828125,4299.822265625,149.05332946777344,381.0201110839844,859.7136840820312,1599.851806640625,10944.1865234375,463.6102600097656,752.9985961914062,213.2832946777344,574.1546020507812,1482.39599609375,1551.004150390625,2192.721923828125,2318.779296875,227.34524536132812,5991.04833984375,3005.4619140625,216.56358337402344,996.8170776367188,2060.02294921875
2023-10-03,2165.08642578125,2758.55908203125,5027.27001953125,911.7722778320312,247.96774291992188,643.9466552734375,259.31640625,930.6348876953124,42.76172637939453,1622.02783203125,515.0418090820312,1858.5047607421875,532.6392211914062,2268.977783203125,2574.700927734375,212.41539001464844,613.605224609375,154.15350341796875,228.32785034179688,149.86843872070312,4330.80615234375,145.554443359375,374.9309387207031,858.9140625,1616.839599609375,10902.20703125,452.9668884277344,749.0028686523438,213.48318481445312,564.7749633789062,1483.5948486328125,1519.0350341796875,2115.2685546875,2325.769775390625,224.7493133544922,5997.2890625,3012.955322265625,212.0643310546875,979.8304443359376,2051.031494140625
2023-10-04,2174.07861328125,2816.528564453125,4923.92919921875,918.7628173828124,253.6578369140625,639.2557983398438,270.4042663574219,935.827392578125,42.407169342041016,1577.1102294921875,498.7157287597656,1842.013427734375,526.1436767578125,2268.977783203125,2518.761962890625,209.12290954589844,612.205810546875,153.75384521484375,225.02891540527344,147.02093505859375,4287.001953125,144.25482177734375,387.0094299316406,856.3155517578125,1613.841552734375,10886.2158203125,443.0231018066406,742.8095092773438,214.2827606201172,549.208740234375,1485.193115234375,1506.547119140625,2099.58154296875,2319.777587890625,223.85069274902344,5974.40673828125,3030.9404296875,210.7645721435547,971.836669921875,2022.059326171875
2023-10-05,2181.072265625,2850.5107421875,4949.88916015625,931.9451293945312,255.9538116455078,643.2479248046875,280.0936279296875,946.2120971679688,42.117530822753906,1638.9970703125,498.3163757324219,1821.700439453125,532.6392211914062,2304.9296875,2529.75048828125,209.9210662841797,622.0026245117188,152.3949432373047,227.3281707763672,150.23171997070312,4306.23388671875,139.9561767578125,387.6083068847656,854.7164306640625,1611.84326171875,10896.2109375,439.5752868652344,748.603271484375,215.8818817138672,559.3865966796875,1481.397216796875,1513.0408935546875,2067.227783203125,2349.736328125,222.1533660888672,6053.45458984375,3052.92138671875,210.464599609375,964.5604248046876,2061.02197265625
2023-10-06,2126.120849609375,2861.5048828125,5000.3115234375,933.3432006835938,253.45816040039065,653.4281005859375,278.0958557128906,934.2296142578124,42.571964263916016,1665.947509765625,504.856689453125,1834.1949462890625,541.6331787109375,2307.926025390625,2578.69677734375,216.60585021972656,636.597900390625,154.6331024169922,230.3272399902344,150.6313934326172,4194.05078125,143.1051788330078,408.27142333984375,867.109375,1636.32568359375,10936.189453125,444.7220458984375,757.3939819335938,213.8829803466797,576.1502685546875,1497.7796630859375,1518.0361328125,2108.8955078125,2371.70556640625,223.3514709472656,5957.763671875,3041.431396484375,208.764892578125,962.3619995117188,2073.010498046875
2023-10-09,2100.143798828125,2856.507568359375,4936.908203125,936.9384155273438,250.1639404296875,643.7469482421875,274.1001892089844,947.4102783203124,42.0576057434082,1699.8851318359375,519.5350341796875,1785.716064453125,537.13623046875,2317.91259765625,2646.123291015625,213.8122100830078,627.200927734375,151.89537048339844,220.93020629882812,152.33004760742188,4176.9560546875,138.7065887451172,400.7847900390625,867.7091674804688,1628.8309326171875,10850.2353515625,450.4684448242187,737.415283203125,208.68582153320312,565.7727661132812,1506.5701904296875,1526.0284423828125,2106.444580078125,2368.7099609375,221.05506896972656,6011.85009765625,3047.92578125,205.16549682617188,963.5611572265624,2013.06787109375
2023-10-10,2147.1025390625,2903.483154296875,5055.2265625,958.9087524414062,256.75250244140625,656.5220947265625,280.0936279296875,963.5865478515624,43.316036224365234,1719.848876953125,524.327880859375,1834.6947021484375,537.13623046875,2387.819091796875,2660.108154296875,218.6013031005859,640.5966186523438,156.65145874023438,225.32879638671875,156.52676391601562,4223.9658203125,144.10487365722656,407.9720153808594,894.6939086914062,1642.3212890625,10972.1708984375,465.9587707519531,757.993408203125,214.482666015625,572.3584594726562,1519.755859375,1567.4884033203125,2225.076171875,2405.65869140625,228.14401245117188,6105.4609375,3091.888916015625,212.26429748535156,980.1500244140624,2062.020751953125
2023-10-11,2145.104248046875,2898.48583984375,5047.23876953125,972.8899536132812,257.65087890625,657.7197875976562,280.7928771972656,967.1813354492188,43.22115707397461,1751.7900390625,519.5350341796875,1843.19091796875,537.6359252929688,2418.778076171875,2643.126708984375,219.5990295410156,645.1953125,157.05113220214844,220.93020629882812,156.1770477294922,4199.392578125,138.55662536621094,408.8704223632813,907.2866821289062,1642.3212890625,10938.1884765625,461.0118713378906,757.3939819335938,206.0872344970703,570.761962890625,1517.5579833984375,1585.9705810546875,2226.056396484375,2397.669921875,228.84291076660156,6136.66357421875,3094.386474609375,213.06417846679688,943.5743408203124,2077.0068359375
2023-10-12,2138.110107421875,2920.474365234375,5070.2041015625,979.2813720703124,258.74896240234375,656.6220703125,278.93316650390625,963.1871337890624,43.36597442626953,1741.3092041015625,535.3118286132812,1844.1905517578125,526.1436767578125,2419.777099609375,2678.08837890625,220.39718627929688,644.7952880859375,152.1551513671875,219.9304962158203,156.87648010253906,4192.44677734375,137.406982421875,411.46575927734375,908.6859130859376,1626.83251953125,11114.095703125,461.911376953125,755.5958862304688,203.8884429931641,574.5537719726562,1518.1573486328125,1574.481689453125,2197.1337890625,2398.668212890625,229.0426025390625,6086.73828125,3087.392333984375,211.7643890380859,942.5750122070312,2117.96728515625
2023-10-13,2113.13232421875,2911.47900390625,5065.21142578125,998.4555053710938,255.9538116455078,651.3321533203125,275.33660888671875,977.9655151367188,43.17621612548828,1708.3697509765625,546.894775390625,1809.2059326171875,521.1470947265625,2443.7451171875,2719.0439453125,215.8076629638672,636.597900390625,152.95449829101562,215.3319549560547,156.82650756835938,4195.1181640625,130.80905151367188,409.4693298339844,883.5001220703125,1612.3428955078125,10968.171875,456.0149841308594,749.602294921875,202.0894317626953,573.3563232421875,1508.3680419921875,1578.977294921875,2198.114501953125,2411.650390625,225.54803466796875,6088.818359375,3044.428955078125,213.1641387939453,945.97265625,2076.007568359375
2023-10-16,2115.130615234375,2891.48974609375,5208.990234375,1017.6296997070312,255.05538940429688,650.0347290039062,274.0378112792969,972.1738891601562,43.45586013793945,1721.8448486328125,548.1929321289062,1813.703857421875,523.145751953125,2512.653076171875,2747.513671875,217.8031005859375,636.9978637695312,153.1343231201172,219.2307281494141,155.87725830078125,4207.4052734375,133.80812072753906,411.3659057617187,898.0918579101562,1610.3441162109375,10966.1728515625,462.46099853515625,747.2047729492188,201.88954162597656,571.9594116210938,1491.586181640625,1582.4737548828125,2237.3310546875,2409.653076171875,227.8444671630859,6045.1337890625,3081.39794921875,213.4640960693359,948.9708251953124,2067.01611328125
2023-10-17,2111.13427734375,2903.483154296875,5207.99169921875,1028.1156005859375,255.7541961669922,651.7315063476562,275.8361511230469,974.9698486328124,43.74549865722656,1727.335205078125,554.1842041015625,1803.7083740234375,532.1395874023438,2533.625,2768.490478515625,216.70559692382812,639.9968872070312,154.67308044433594,222.1298065185547,157.9256591796875,4247.47119140625,136.7071990966797,408.1716003417969,887.6978149414062,1602.849609375,11264.015625,462.5608825683594,744.0082397460938,200.8900909423828,579.54296875,1502.57421875,1588.46826171875,2223.11474609375,2430.6240234375,231.4388732910156,6107.5400390625,3100.881103515625,215.56375122070312,948.1713256835938,2059.02392578125
2023-10-18,2129.118408203125,2886.491943359375,5079.1904296875,1031.61083984375,253.45816040039065,649.0366821289062,275.0368957519531,969.5777587890624,42.79668426513672,1725.338623046875,557.1796875,1761.7265625,531.1402587890625,2535.62255859375,2769.48974609375,214.6103973388672,630.599853515625,151.5156707763672,221.43003845214844,160.2238311767578,4260.29052734375,133.45819091796875,405.77587890625,876.3042602539062,1584.862548828125,10606.3642578125,456.0149841308594,743.0093383789062,198.8911895751953,572.7576904296875,1493.783935546875,1580.9752197265625,2156.4462890625,2427.628173828125,226.84603881835935,6188.6689453125,3101.88037109375,207.76507568359375,933.5809936523438,2020.0611572265625
2023-10-19,2135.11279296875,2878.49609375,5044.24365234375,1014.6337890625,254.85574340820312,639.9544067382812,273.6382751464844,970.3765869140624,41.8278923034668,1717.3536376953125,552.0872192382812,1774.2213134765625,527.6426391601562,2510.65576171875,2755.00537109375,211.3179168701172,611.2059936523438,147.67881774902344,217.7311859130859,156.97640991210938,4261.35888671875,129.95932006835938,404.1787414550781,859.1139526367188,1541.1729736328125,10482.431640625,449.8688049316406,734.8179931640625,196.0927276611328,552.8009643554688,1449.6314697265625,1585.470947265625,2113.797607421875,2485.5478515625,222.05349731445312,6180.3486328125,3111.37255859375,205.56544494628903,920.1898803710938,1990.090087890625
2023-10-20,2117.129150390625,2830.52099609375,4922.9296875,1023.621826171875,251.26202392578125,614.7035522460938,272.43939208984375,962.5880126953124,41.53325271606445,1710.864990234375,544.5982666015625,1755.2296142578125,521.1470947265625,2494.677001953125,2724.538330078125,207.72607421875,597.010498046875,144.74122619628906,214.23231506347656,157.12628173828125,4262.962890625,126.2604751586914,396.1929931640625,829.7306518554688,1525.1815185546875,10424.4609375,435.1280822753906,721.4322509765625,202.88900756835935,537.03515625,1460.4197998046875,1573.4825439453125,2020.6571044921875,2431.622314453125,218.1595916748047,6180.3486328125,3089.890380859375,198.9165496826172,919.989990234375,1938.1397705078125
2023-10-23,2122.12451171875,2851.510009765625,4882.9921875,1010.6390991210938,254.65611267089844,611.3101806640625,271.74005126953125,955.7980346679688,41.363468170166016,1712.861572265625,531.4176025390625,1737.7373046875,518.1490478515625,2509.656982421875,2727.53564453125,207.72607421875,604.2083129882812,143.92190551757812,217.0314178466797,154.6282501220703,4260.8251953125,128.30984497070312,395.9933776855469,830.1303100585938,1548.6689453125,10094.63671875,428.4822082519531,716.6373291015625,202.0894317626953,543.8203125,1460.8194580078125,1564.99072265625,1991.734619140625,2431.622314453125,214.96456909179688,6199.07080078125,3082.396728515625,203.4657745361328,923.1878051757812,1958.1207275390625
2023-10-24,2141.107666015625,2827.52294921875,5052.23095703125,1036.604248046875,251.96078491210935,611.6094360351562,272.3394775390625,967.9801635742188,40.52451705932617,1720.846923828125,533.6143188476562,1733.2392578125,513.6521606445312,2568.57861328125,2713.5498046875,205.33155822753903,601.6090698242188,134.5296173095703,217.43130493164065,157.77577209472656,4257.6201171875,128.9096221923828,393.5976257324219,834.1281127929688,1550.1680908203125,10432.45703125,434.278564453125,708.446044921875,201.88954162597656,546.0156860351562,1468.4112548828125,1594.4622802734375,2028.5006103515625,2445.603271484375,207.4762725830078,6153.30517578125,3116.367919921875,204.3656311035156,916.392333984375,1956.12255859375
2023-10-25,2155.095458984375,2859.506103515625,5149.08251953125,1044.093994140625,251.8609619140625,613.9050903320312,272.0397644042969,974.9698486328124,41.408409118652344,1733.32421875,533.9139404296875,1740.7359619140625,514.6514282226562,2569.5771484375,2715.048828125,206.2294921875,608.2069702148438,133.11077880859375,215.0320587158203,157.27613830566406,4288.0693359375,126.1604995727539,394.5958251953125,832.1292114257812,1557.6640625,10540.400390625,439.5252685546875,713.2409057617188,203.2887725830078,552.4017944335938,1481.596923828125,1606.45068359375,2037.814697265625,2470.568359375,206.27813720703125,5905.7587890625,3140.847412109375,202.96588134765625,917.1918334960938,1961.1177978515625
2023-10-26,2127.1201171875,2844.51416015625,5137.1005859375,1052.582763671875,254.5562744140625,607.9168090820312,272.8389892578125,986.1535034179688,41.1187744140625,1744.8028564453125,533.0152587890625,1733.7391357421875,516.6500854492188,2602.533447265625,2685.580810546875,207.5265350341797,603.8084106445312,132.13157653808594,214.3322601318359,157.82571411132812,4166.80517578125,126.7103271484375,395.4942626953125,829.1309814453125,1567.6585693359375,10386.482421875,440.224853515625,624.5353393554688,201.28985595703125,524.8615112304688,1472.806640625,1611.9454345703125,2042.2265625,2454.590576171875,205.47938537597656,5818.38916015625,3106.8759765625,200.46627807617188,904.8001708984376,1910.666259765625
2023-10-27,2100.143798828125,2815.52880859375,5192.0166015625,1052.0833740234375,255.05538940429688,599.8323974609375,272.1396484375,979.7628173828124,39.705535888671875,1725.837646484375,529.7201538085938,1679.7628173828125,516.6500854492188,2601.534423828125,2697.5673828125,207.02767944335935,601.4091186523438,129.0940704345703,214.43226623535156,154.9779815673828,4082.40087890625,126.0605239868164,393.8971252441406,842.7232055664062,1569.157958984375,10118.623046875,444.9718933105469,609.9508666992188,201.28985595703125,520.8701782226562,1431.65087890625,1604.9522705078125,2047.6190185546875,2430.6240234375,181.71644592285156,5670.69384765625,3022.447265625,200.3663024902344,895.606201171875,1910.666259765625
2023-10-30,2140.108642578125,2854.5087890625,5230.95654296875,1055.079345703125,256.0537109375,586.1592407226562,269.7419738769531,974.9698486328124,39.98518753051758,1759.775390625,525.9255981445312,1674.7650146484375,517.1497802734375,2621.50830078125,2684.082763671875,209.02313232421875,613.605224609375,130.55288696289062,214.43226623535156,155.87725830078125,4126.740234375,127.76000213623048,395.8935241699219,861.312744140625,1599.141845703125,10212.572265625,450.7182922363281,619.740478515625,202.88900756835935,520.8701782226562,1450.8304443359375,1618.439208984375,2056.93310546875,2436.615966796875,177.87245178222656,5762.22314453125,3084.394775390625,201.9660186767578,906.9985961914062,1913.163818359375
2023-10-31,2130.117431640625,2866.50244140625,5246.931640625,1061.5706787109375,256.8522644042969,591.1494750976562,269.4422607421875,977.1666870117188,39.89030075073242,1747.797607421875,501.8611450195313,1706.2509765625,514.1517944335938,2652.466796875,2643.62646484375,210.91879272460935,621.0029296875,131.4921112060547,216.7315368652344,157.1762237548828,4155.05322265625,127.4600830078125,396.8917541503906,857.3150634765625,1612.634521484375,10244.556640625,434.8782348632813,629.3302612304688,204.0883331298828,527.655517578125,1455.824951171875,1631.4267578125,2055.46240234375,2439.611328125,177.92236328125,5722.69921875,3104.378173828125,215.36378479003903,920.1898803710938,1899.6767578125
2023-11-01,2120.1259765625,2860.505615234375,5253.9208984375,1086.536865234375,261.34442138671875,588.9536743164062,270.74102783203125,990.7467041015624,40.09505462646485,1765.7646484375,493.6731567382813,1698.254638671875,523.6453857421875,2698.40576171875,2654.11474609375,214.3110809326172,618.8035888671875,129.23394775390625,223.9292449951172,162.1723175048828,4152.3818359375,126.56036376953124,401.38372802734375,857.514892578125,1608.1370849609375,10330.51171875,431.38043212890625,610.9498291015625,205.48757934570312,531.4472045898438,1421.4620361328125,1651.4073486328125,2042.7169189453125,2489.542236328125,175.87554931640625,5764.3037109375,3134.352783203125,220.26296997070312,922.7882080078124,1918.1590576171875
2023-11-02,2102.14208984375,2887.49169921875,5345.7802734375,1080.0457763671875,271.3270263671875,600.1319580078125,273.7381286621094,998.5353393554688,41.72303009033203,1784.72998046875,497.8670654296875,1718.74560546875,528.142333984375,2665.449462890625,2764.993896484375,221.9935607910156,624.8016967773438,133.13076782226562,222.82958984375,157.4760284423828,4168.40771484375,126.41041564941406,405.4764099121094,871.107177734375,1623.62890625,10356.4970703125,439.9750061035156,620.1400146484375,209.48538208007812,531.4472045898438,1394.4913330078125,1681.8780517578125,2113.3076171875,2493.53662109375,181.5167694091797,5764.3037109375,3181.81298828125,223.5624084472656,961.362548828125,1833.7398681640625
2023-11-03,2113.13232421875,2833.519775390625,5321.81640625,1079.046875,274.0223083496094,601.0302124023438,275.5364074707031,995.3400268554688,42.3822021484375,1799.2034912109375,489.1298522949219,1749.73193359375,538.6351928710938,2689.41748046875,2649.619873046875,222.19308471679688,625.0015869140625,136.22821044921875,222.42971801757812,153.1793670654297,4118.19189453125,131.3088836669922,406.574462890625,898.8914794921875,1628.1263427734375,10264.5458984375,439.325439453125,618.5418090820312,211.48431396484375,536.8355712890625,1394.091552734375,1689.370849609375,2164.780029296875,2487.544677734375,186.6587371826172,5629.0888671875,3190.3056640625,220.86285400390625,980.9495239257812,1802.7698974609375
2023-11-06,2119.127197265625,2853.50927734375,5326.80859375,1065.5653076171875,270.0292663574219,608.116455078125,275.6363220214844,981.7598876953124,42.07757568359375,1791.717041015625,490.7774353027344,1744.734130859375,529.6412963867188,2648.47216796875,2670.59716796875,221.5944671630859,617.8038940429688,136.18824768066406,218.9308319091797,154.27853393554688,4118.19189453125,131.9586944580078,405.9755554199219,899.09130859375,1611.1353759765625,10270.54296875,441.7239074707031,631.328125,208.48594665527344,530.6489868164062,1403.4815673828125,1669.39013671875,2174.583984375,2476.560302734375,189.5043029785156,5708.13720703125,3174.81884765625,224.06231689453125,982.9481811523438,1799.2730712890625
2023-11-07,2116.1298828125,2891.48974609375,5222.96875,1067.0631103515625,271.0275573730469,607.1182861328125,276.73529052734375,988.7496948242188,41.9976806640625,1800.2015380859375,480.3427734375,1743.734619140625,567.1159057617188,2654.46435546875,2623.148681640625,221.2951507568359,628.20068359375,136.10830688476562,225.1288604736328,150.7313232421875,4156.12109375,134.1580047607422,405.0771179199219,901.489990234375,1620.6302490234375,10224.568359375,431.3304443359375,621.7383422851562,209.68527221679688,531.2476806640625,1423.260009765625,1659.8992919921875,2097.620849609375,2505.52001953125,194.89588928222656,5751.822265625,3185.309814453125,225.9619903564453,989.1441040039062,1762.3087158203125
2023-11-08,2116.1298828125,2911.47900390625,5195.01171875,1061.5706787109375,267.2341613769531,606.1202392578125,277.73431396484375,968.3795776367188,41.9377555847168,1797.7059326171875,476.4485473632813,1770.7227783203125,575.6101684570312,2631.494873046875,2593.680419921875,220.1976318359375,635.1984252929688,135.90847778320312,244.0229034423828,148.68292236328125,4171.0791015625,134.1580047607422,405.3766479492187,890.89599609375,1629.125732421875,10164.59765625,426.33355712890625,619.14111328125,212.08396911621097,536.6359252929688,1424.6585693359375,1625.931884765625,2054.48193359375,2534.479736328125,195.7944793701172,5714.37744140625,3217.782470703125,232.3609161376953,990.1434936523438,1758.3123779296875
2023-11-09,2133.11474609375,2954.456298828125,5253.9208984375,1067.0631103515625,267.2731018066406,602.00732421875,279.0330810546875,979.9625854492188,42.22739028930664,1783.2325439453125,474.7082824707031,1808.2064208984375,579.607421875,2648.47216796875,2612.160400390625,222.39263916015625,688.9813232421875,136.86769104003906,244.0229034423828,151.33082580566406,4257.0859375,134.5078887939453,406.8739318847656,901.68994140625,1648.6153564453125,10430.458984375,429.431640625,626.5332641601562,212.6836395263672,520.0719604492188,1413.8702392578125,1659.8992919921875,2035.3636474609375,2558.4462890625,200.48715209960935,5780.9453125,3242.26171875,232.7608642578125,996.7390747070312,1755.8148193359375
2023-11-10,2083.158935546875,2953.45703125,5250.92578125,1067.0631103515625,266.57421875,598.1144409179688,277.43463134765625,982.9581298828124,41.698055267333984,1751.291015625,477.2048645019531,1786.2159423828125,569.1146240234375,2631.494873046875,2626.64453125,219.9980926513672,681.7835693359375,135.46885681152344,246.32215881347656,151.98033142089844,4219.158203125,133.90806579589844,403.5797729492187,881.9010620117188,1632.124267578125,10084.6416015625,426.833251953125,621.1389770507812,208.08615112304688,522.6663208007812,1396.8885498046875,1678.381591796875,1978.9892578125,2546.463134765625,196.74301147460935,5712.2978515625,2847.594970703125,231.9609832763672,988.3446044921876,1750.819580078125
2023-11-13,2091.152099609375,2957.454833984375,5291.86279296875,1075.0523681640625,269.868896484375,606.798583984375,281.23101806640625,978.5646362304688,41.967716217041016,1784.72998046875,484.0455932617187,1784.216796875,567.6156005859375,2634.49072265625,2653.615234375,224.5876617431641,698.9781494140625,136.62789916992188,250.9207305908203,151.63059997558594,4218.0888671875,133.85809326171875,412.4639587402344,897.8921508789062,1638.1209716796875,10242.55859375,430.1811828613281,627.7319946289062,208.48594665527344,529.651123046875,1405.6790771484375,1674.884765625,1991.734619140625,2564.43798828125,196.0940093994141,5751.822265625,2886.0625,240.1596221923828,1014.8271484375,1765.80517578125
2023-11-14,2063.1767578125,2894.487548828125,5403.69091796875,1090.5316162109375,268.47119140625,603.803955078125,278.3337707519531,986.9522705078124,42.20242691040039,1798.2052001953125,480.30072021484375,1800.2098388671875,558.6217041015625,2683.42578125,2617.655029296875,226.2837829589844,704.7763671875,138.3464813232422,253.41993713378903,149.68214416503906,4181.2294921875,139.65626525878906,410.8668212890625,923.0778198242188,1646.1165771484375,10180.5908203125,449.7189331054687,626.7330932617188,219.2800140380859,556.5927124023438,1381.9049072265625,1709.85107421875,2101.542236328125,2547.46142578125,200.6868438720703,5716.4580078125,2896.05419921875,238.95980834960935,1031.316162109375,1748.3221435546875
2023-11-15,2088.154541015625,2922.473388671875,5423.65966796875,1081.54345703125,265.1764831542969,615.882080078125,273.2386169433594,987.7510986328124,43.041378021240234,1809.18505859375,481.44915771484375,1843.19091796875,554.1246948242188,2666.4482421875,2632.638427734375,228.5785217285156,705.3760375976562,139.7653045654297,255.01942443847656,147.48388671875,4158.7919921875,141.9055633544922,413.2625427246094,938.4691162109376,1648.6153564453125,10084.6416015625,464.4097900390625,636.9221801757812,225.27674865722656,549.208740234375,1391.294921875,1749.31298828125,2167.23095703125,2574.42431640625,204.3810882568359,5674.85400390625,2843.098876953125,243.55905151367188,1031.316162109375,1730.33935546875
2023-11-16,2094.149169921875,2950.45849609375,5389.7119140625,1076.55029296875,263.97833251953125,607.6968994140625,275.0368957519531,1008.5205688476562,42.721778869628906,1810.1832275390625,467.76763916015625,1809.705810546875,549.6278076171875,2673.43896484375,2552.979736328125,225.5853576660156,701.177490234375,138.92599487304688,255.12939453125,149.1825408935547,4098.30322265625,137.05709838867188,412.2643127441406,917.0811767578124,1634.123046875,10160.6025390625,457.3641662597656,629.530029296875,224.07742309570312,531.6961669921875,1380.6451416015625,1769.293701171875,2133.406005859375,2551.4560546875,200.5870056152344,5583.32373046875,2790.1435546875,244.4588928222656,1024.3206787109375,1720.3487548828125
2023-11-17,2115.130615234375,2982.442138671875,5437.638671875,1082.5423583984375,265.87530517578125,614.2849731445312,275.7362060546875,1014.5119018554688,43.32102966308594,1848.61279296875,477.05511474609375,1837.193603515625,557.622314453125,2693.412353515625,2605.927734375,229.0774078369141,706.5757446289062,142.6829071044922,255.2293701171875,151.63059997558594,4077.4677734375,138.7065887451172,421.4479675292969,944.4656372070312,1651.61376953125,10254.5517578125,467.3579406738281,659.2984008789062,226.67599487304688,536.28662109375,1409.21728515625,1793.2706298828125,2190.27099609375,2595.395263671875,207.4762725830078,5612.44677734375,2807.129150390625,243.958984375,1023.8211669921876,1758.8118896484375
2023-11-20,2087.1552734375,2982.442138671875,5505.53466796875,1075.5518798828125,263.37933349609375,615.08349609375,274.4375,1019.00537109375,42.99643325805664,1844.620361328125,479.8014526367187,1825.6986083984375,559.6210327148438,2657.460205078125,2638.3955078125,231.471923828125,706.9755859375,142.42311096191406,252.43014526367188,150.78126525878906,4034.7275390625,139.05648803710938,423.0451049804687,939.468505859375,1638.1209716796875,10100.6328125,465.2092590332031,663.8934326171875,223.07794189453125,533.4923095703125,1406.61962890625,1787.2764892578125,2209.38916015625,2618.36328125,207.7757873535156,5541.71923828125,2801.134521484375,245.45870971679688,1018.824462890625,1750.819580078125
2023-11-21,2174.07861328125,3004.430419921875,5523.5068359375,1075.0523681640625,265.07659912109375,612.188720703125,276.2357482910156,1035.980224609375,42.49705123901367,1863.585205078125,475.9065856933594,1819.2012939453125,558.1220703125,2647.4736328125,2610.4228515625,228.4787445068359,704.7763671875,141.60379028320312,252.23019409179688,147.9335479736328,4065.18017578125,144.55474853515625,422.24652099609375,918.8801879882812,1626.627197265625,10186.587890625,456.714599609375,661.2962646484375,224.67706298828125,531.4965209960938,1416.0106201171875,1787.7760009765625,2192.721923828125,2688.26611328125,206.677490234375,5622.84814453125,2796.138427734375,242.95913696289065,1021.32275390625,1755.8148193359375
2023-11-22,2186.06787109375,3038.412353515625,5500.5419921875,1088.034912109375,266.6741027832031,605.6007690429688,279.5325622558594,1031.9862060546875,42.24736785888672,1875.0643310546875,465.5206298828125,1818.201904296875,564.6176147460938,2670.44287109375,2553.97900390625,227.0819396972656,711.5741577148438,139.865234375,250.9305725097656,146.33477783203125,4083.878662109375,150.3029327392578,418.8525695800781,914.4826049804688,1637.12158203125,10080.6435546875,448.6696166992187,656.7011108398438,226.0762939453125,532.8936157226562,1409.81640625,1788.275390625,2194.192138671875,2686.268798828125,203.88186645507812,5658.21142578125,2832.607666015625,237.46006774902344,1031.316162109375,1754.3162841796875
2023-11-23,2188.06640625,3058.402099609375,5493.552734375,1097.5220947265625,269.4696044921875,610.5916137695312,279.7323913574219,1003.2169189453124,42.29231643676758,1830.6517333984375,472.8607482910156,1851.1875,564.6176147460938,2689.41748046875,2583.449951171875,227.0819396972656,704.176513671875,140.12503051757812,248.7311553955078,147.38394165039062,4046.48095703125,147.8537139892578,420.44970703125,917.4810180664062,1643.6180419921875,10168.5966796875,449.5190734863281,665.4918823242188,227.2756500244141,535.0890502929688,1419.6070556640625,1804.2601318359375,2187.820068359375,2692.260498046875,204.8802947998047,5602.04541015625,2822.6162109375,240.65951538085935,1031.316162109375,1751.319091796875
2023-11-24,2179.073974609375,3047.407958984375,5477.57763671875,1107.0093994140625,271.66607666015625,608.3956298828125,283.5287780761719,1008.2106323242188,42.422149658203125,1835.6439208984375,475.8567199707031,1869.6793212890625,562.1193237304688,2702.400390625,2592.440673828125,228.4787445068359,700.3776245117188,141.5238800048828,248.7311553955078,148.08338928222656,4060.3720703125,148.15362548828125,423.9435119628906,921.0789184570312,1645.1171875,10174.59375,447.8701171875,666.6904907226562,228.07521057128903,544.0704956054688,1421.20556640625,1818.24658203125,2173.113525390625,2660.304931640625,205.67904663085935,5622.84814453125,2821.61669921875,240.95948791503903,1023.8211669921876,1756.3143310546875
2023-11-27,2179.073974609375,3070.395751953125,5453.61376953125,1106.0108642578125,275.75958251953125,606.2994995117188,284.3280334472656,1013.2041625976562,41.9976806640625,1845.62841796875,474.40863037109375,1867.180419921875,562.1193237304688,2701.40185546875,2567.965087890625,227.5808258056641,709.5747680664062,140.08505249023438,249.5309600830078,148.88278198242188,4061.974609375,148.7034454345703,427.4372253417969,908.2861328125,1644.11767578125,9970.703125,445.22174072265625,666.6904907226562,227.2756500244141,549.6588134765625,1412.8134765625,1823.7412109375,2161.8388671875,2705.24267578125,203.58233642578125,5606.2060546875,2806.130126953125,243.15911865234375,1020.8230590820312,1739.830078125
2023-11-28,2203.05322265625,3063.399658203125,5423.65966796875,1115.9971923828125,280.8514099121094,606.0997924804688,283.5287780761719,1022.6920776367188,42.39718246459961,1838.63916015625,474.3587341308594,1872.677978515625,556.1233520507812,2724.370849609375,2577.955322265625,224.6874084472656,710.9743041992188,140.005126953125,252.0302734375,149.0326385498047,4045.412353515625,148.75343322753906,423.8436584472656,884.8994140625,1638.6207275390625,9894.7431640625,446.7707824707031,661.4959716796875,226.27618408203125,563.4302368164062,1410.416015625,1823.2418212890625,2160.857666015625,2705.24267578125,202.8834228515625,5631.1689453125,2772.158935546875,258.2565612792969,1020.3234252929688,1738.8311767578125
2023-11-29,2177.07568359375,3044.409423828125,5391.70947265625,1123.4871826171875,283.04791259765625,593.7222900390625,284.1282043457031,1024.1903076171875,43.395938873291016,1831.6500244140625,471.3128662109375,1872.677978515625,550.12744140625,2712.38720703125,2550.982177734375,227.9799041748047,717.9721069335938,140.18496704101562,253.5298309326172,147.28402709960938,4010.685791015625,157.25076293945312,414.8597106933594,853.7169799804688,1635.622314453125,10026.6728515625,443.6727600097656,639.71923828125,224.876953125,574.806640625,1399.6265869140625,1828.736328125,2096.640380859375,2699.2509765625,206.0784149169922,5606.2060546875,2737.68798828125,263.355712890625,1020.8230590820312,1720.848388671875
2023-11-30,2194.060791015625,3038.412353515625,5390.71044921875,1089.532958984375,285.444091796875,601.009033203125,285.5268249511719,1026.1876220703125,43.415916442871094,1843.6314697265625,478.4532470703125,1872.17822265625,535.63720703125,2597.987060546875,2557.475341796875,228.778076171875,724.5700073242188,140.9243621826172,251.430419921875,148.93272399902344,4027.78173828125,157.0008544921875,416.7563171386719,862.5121459960938,1647.1162109375,10120.623046875,441.5240478515625,652.505615234375,224.67706298828125,572.4115600585938,1418.008544921875,1830.734619140625,2100.0712890625,2697.253662109375,207.57611083984375,5614.52783203125,2761.168212890625,268.7547912597656,1022.82177734375,1721.8475341796875
2023-12-01,2216.041748046875,3046.408447265625,5590.40380859375,1090.5316162109375,284.14617919921875,603.0054321289062,279.33282470703125,1031.6805419921875,44.43464279174805,1855.6126708984375,477.754150390625,1898.66650390625,539.634521484375,2611.970703125,2565.467529296875,226.982177734375,721.1712036132812,142.2432861328125,254.32962036132812,152.4300079345703,4039.53564453125,160.2998046875,419.0522155761719,868.308837890625,1658.60986328125,10192.5849609375,457.4141540527344,651.9061889648438,225.4766387939453,587.7796630859375,1434.59228515625,1843.2225341796875,2265.763671875,2702.246826171875,210.8709716796875,5633.2490234375,2813.623779296875,276.65350341796875,1034.81396484375,1756.3143310546875
2023-12-04,2216.041748046875,3045.4091796875,5439.6357421875,1071.5570068359375,284.3458251953125,603.0054321289062,280.9312744140625,1034.6767578125,45.073848724365234,1870.090087890625,471.3128662109375,1870.17919921875,531.6400146484375,2585.002197265625,2533.998291015625,226.88238525390625,721.1712036132812,142.8627471923828,253.8297576904297,151.33082580566406,4078.53662109375,164.84837341308594,420.9488525390625,863.71142578125,1639.120361328125,10260.5478515625,443.3728942871094,652.505615234375,224.47718811035156,596.9605712890625,1453.97314453125,1848.2177734375,2180.95654296875,2714.230224609375,213.36705017089844,5668.61376953125,2801.633544921875,285.35198974609375,1032.815185546875,1767.80322265625
2023-12-05,2224.0341796875,3070.395751953125,5411.67822265625,1083.5411376953125,288.73883056640625,602.3067016601562,283.8285217285156,1033.677978515625,44.95399475097656,1860.604736328125,471.2628784179687,1863.681884765625,544.1315307617188,2619.961669921875,2523.5087890625,227.4810333251953,727.9689331054688,139.34564208984375,251.8303070068359,149.1825408935547,4062.5087890625,164.94834899902344,419.5513000488281,852.91748046875,1641.619140625,10138.6123046875,438.1261901855469,645.1134033203125,223.4777374267578,601.5510864257812,1438.1884765625,1870.6959228515625,2112.817138671875,2738.197021484375,214.46536254882812,5631.1689453125,2810.126708984375,284.6521301269531,1024.820556640625,1797.2750244140625
2023-12-06,2230.029052734375,3090.3857421875,5483.56787109375,1095.0255126953125,289.53753662109375,613.5863037109375,286.426025390625,1050.156982421875,45.74801254272461,1845.1292724609375,465.3209228515625,1893.1690673828125,545.6304931640625,2652.923583984375,2487.54443359375,235.1634826660156,736.76611328125,140.12503051757812,257.7286682128906,150.53146362304688,4063.5771484375,168.5972137451172,425.5406188964844,883.5001220703125,1640.6195068359375,10124.6201171875,446.22113037109375,662.69482421875,224.47718811035156,611.1312255859375,1438.588134765625,1868.1983642578125,2155.9560546875,2771.151123046875,219.05816650390625,5618.6875,2772.158935546875,288.551513671875,1027.8184814453125,1801.2711181640625
2023-12-07,2256.006103515625,3088.386474609375,5559.451171875,1104.013427734375,289.63739013671875,611.2904052734375,288.2242736816406,1064.6385498046875,45.65812301635742,1853.6158447265625,459.6286010742187,1896.6676025390625,541.6331787109375,2717.848388671875,2478.5537109375,239.1543884277344,741.3646240234375,140.0251007080078,256.92889404296875,149.28244018554688,4068.919921875,165.7510528564453,427.1377868652344,873.505859375,1645.616943359375,10092.6376953125,453.2666931152344,649.3090209960938,223.67762756347656,606.5407104492188,1431.195556640625,1868.1983642578125,2180.95654296875,2771.151123046875,218.05972290039065,5568.76318359375,2759.66943359375,286.1518859863281,1029.817138671875,1781.290283203125
2023-12-08,2270.992919921875,3105.3779296875,5574.42822265625,1108.0079345703125,294.32989501953125,618.0780639648438,287.6248474121094,1058.6461181640625,46.277347564697266,1817.172607421875,467.6178283691406,1910.16162109375,535.1376342773438,2710.856201171875,2518.014404296875,240.3516540527344,737.765869140625,143.16253662109375,260.1280212402344,149.33242797851562,4045.9462890625,166.90072631835938,428.3356323242187,889.0969848632812,1674.1015625,10116.625,457.11431884765625,659.2984008789062,227.0757598876953,607.7382202148438,1432.99365234375,1880.6864013671875,1767.315185546875,2797.11474609375,220.1564788818359,5610.36669921875,2826.61279296875,289.2513732910156,1047.8052978515625,1749.8204345703125
2023-12-11,2267.99560546875,3115.372802734375,5475.58056640625,1106.0108642578125,298.42333984375,615.283203125,290.22235107421875,1062.1417236328125,46.057621002197266,1814.17724609375,466.61920166015625,1911.1612548828125,537.6359252929688,2707.85986328125,2514.0185546875,239.7530212402344,742.3643188476562,142.38316345214844,264.92669677734375,143.63690185546875,4038.467041015625,172.54905700683594,428.3356323242187,896.0929565429688,1694.0908203125,10090.638671875,439.0256042480469,646.3121948242188,228.07521057128903,605.5429077148438,1445.9808349609375,1848.2177734375,1753.9814453125,2794.119140625,218.55894470214844,5597.8857421875,2807.129150390625,296.85009765625,1048.3048095703125,1744.325927734375
2023-12-12,2274.9892578125,3157.350341796875,5508.52978515625,1098.0213623046875,296.3266906738281,617.6788940429688,289.02349853515625,1066.635986328125,45.842891693115234,1789.7152099609375,460.3277587890625,1905.163818359375,541.6331787109375,2673.8994140625,2496.535888671875,244.1430206298828,745.1635131835938,141.56381225585938,262.9272766113281,144.28639221191406,4045.9462890625,172.69898986816406,430.4319152832031,880.7017822265625,1706.0843505859375,10166.59765625,436.0274963378906,638.7202758789062,231.47335815429688,599.1561279296875,1447.9791259765625,1843.721923828125,1662.802001953125,2756.171875,216.3623809814453,5624.92822265625,2807.62890625,304.6487731933594,1053.8013916015625,1744.8253173828125
2023-12-13,2271.9921875,3167.345458984375,5487.5615234375,1108.50732421875,296.5263977050781,616.081787109375,288.72381591796875,1072.1287841796875,46.12753677368164,1798.201904296875,459.2291870117187,1782.7174072265625,544.631103515625,2697.871337890625,2491.54052734375,241.34939575195312,731.16796875,140.96432495117188,264.52679443359375,146.1848907470703,4058.768798828125,170.09974670410156,430.2322692871094,864.111083984375,1698.0887451171875,10384.482421875,433.379150390625,636.9221801757812,236.4706268310547,561.6339111328125,1454.372802734375,1868.1983642578125,1637.5069580078125,2752.177490234375,214.96456909179688,5606.2060546875,2807.62890625,301.749267578125,1055.30029296875,1748.3221435546875
2023-12-14,2293.97265625,3061.400634765625,5644.32080078125,1110.5045166015625,299.8211364746094,615.1832885742188,287.82464599609375,1078.1212158203125,47.48085021972656,1794.2083740234375,465.2709655761719,1836.69384765625,540.6338500976562,2646.93017578125,2517.51513671875,245.3402862548828,730.3681640625,149.87701416015625,265.22662353515625,143.8367462158203,4020.836669921875,175.09828186035156,430.33209228515625,882.7005615234375,1728.0726318359375,10462.44140625,453.466552734375,654.3036499023438,242.06756591796875,563.6298217773438,1460.3668212890625,1894.17333984375,1760.2562255859375,2668.293701171875,222.35302734375,5631.1689453125,2866.5791015625,299.9495544433594,1081.2830810546875,1778.7928466796875
2023-12-15,2274.9892578125,3022.4208984375,5689.251953125,1090.5316162109375,293.0319519042969,607.8965454101562,282.4298400878906,1064.6385498046875,46.95650100708008,1805.1910400390625,457.23187255859375,1821.700439453125,531.6400146484375,2615.966552734375,2500.531494140625,245.9389190673828,696.9788208007812,146.519775390625,261.4276428222656,141.68844604492188,4012.822509765625,173.098876953125,429.3338623046875,875.5047607421875,1730.5712890625,10180.5908203125,460.5621643066406,641.9168090820312,240.8682098388672,559.8377685546875,1417.8084716796875,1871.1954345703125,1788.29638671875,2651.3173828125,220.85536193847656,5660.2919921875,2831.109130859375,290.05120849609375,1043.807861328125,1727.8416748046875
2023-12-18,2270.992919921875,3058.402099609375,5756.1494140625,1076.55029296875,293.5311584472656,611.6895141601562,283.22906494140625,1047.1607666015625,46.94152069091797,1816.673583984375,464.5719299316406,1837.193603515625,532.6392211914062,2596.988037109375,2534.498046875,244.34255981445312,701.177490234375,146.37986755371094,261.52764892578125,141.938232421875,4022.439208984375,171.44937133789062,428.4355163574219,863.511474609375,1724.5745849609375,10350.5009765625,462.3610229492187,645.1134033203125,241.068115234375,558.0414428710938,1441.1859130859375,1845.719970703125,1785.747314453125,2666.296630859375,219.15802001953125,5637.41015625,2845.09716796875,292.350830078125,1045.8065185546875,1749.8204345703125
2023-12-19,2281.9833984375,3068.39697265625,5777.1162109375,1090.5316162109375,294.4297180175781,611.9891357421875,285.82659912109375,1053.1531982421875,46.66686248779297,1802.19580078125,463.0240173339844,1855.685546875,525.64404296875,2637.940673828125,2539.992919921875,245.1407165527344,710.5745239257812,147.5389404296875,264.4268493652344,141.23880004882812,4020.302001953125,172.44906616210938,426.43902587890625,863.1116943359375,1731.57080078125,10340.505859375,467.5078125,657.300537109375,242.46734619140625,560.23681640625,1431.3956298828125,1838.7269287109375,1854.572998046875,2676.28271484375,218.65879821777344,5649.89111328125,2836.104736328125,294.95037841796875,1047.8052978515625,1763.3076171875
2023-12-20,2294.971923828125,3084.388671875,5774.1220703125,1099.02001953125,299.02239990234375,618.2777709960938,288.32421875,1064.6385498046875,47.40594100952149,1815.1756591796875,466.3695373535156,1860.6832275390625,538.6351928710938,2668.90478515625,2578.454833984375,250.6282196044922,717.3721923828125,151.5156707763672,271.32489013671875,142.08810424804688,4048.617919921875,174.24853515625,430.8312377929687,869.907958984375,1756.5574951171875,10478.4326171875,468.85699462890625,661.096435546875,244.86602783203125,573.8086547851562,1443.7830810546875,1849.7161865234375,1874.573974609375,2710.235595703125,217.66036987304688,5647.81103515625,2854.58935546875,298.8497619628906,1064.7939453125,1805.2674560546875
2023-12-21,2284.98046875,3075.393310546875,5803.07666015625,1066.724853515625,298.123779296875,621.3721313476562,287.0254211425781,1060.144287109375,47.13128280639648,1807.6875,465.62054443359375,1867.68017578125,532.6392211914062,2625.95458984375,2554.478515625,248.03414916992188,717.1724243164062,151.2958526611328,270.3251647949219,142.3878936767578,4037.9326171875,173.89862060546875,428.0361328125,873.305908203125,1759.5556640625,10474.4345703125,469.9063415527344,654.3036499023438,242.86712646484375,574.806640625,1448.578369140625,1848.2177734375,1886.3389892578125,2669.29248046875,216.76177978515625,5643.650390625,2846.595703125,299.74957275390625,1070.290283203125,1787.28466796875
2023-12-22,2286.97900390625,3073.394287109375,5830.03515625,1069.2216796875,299.1222229003906,626.66259765625,286.426025390625,1059.644775390625,47.9852180480957,1816.1739501953125,466.56927490234375,1863.681884765625,528.142333984375,2615.966552734375,2563.968994140625,249.53073120117188,721.9708862304688,151.6555633544922,271.92474365234375,141.78834533691406,4046.48095703125,164.95127868652344,430.33209228515625,861.5126342773438,1765.552490234375,10430.458984375,466.0587463378906,651.3068237304688,245.06591796875,568.4198608398438,1448.1788330078125,1850.2156982421875,1893.9862060546875,2681.275634765625,216.3623809814453,5660.2919921875,2839.1025390625,302.3491516113281,1073.288330078125,1771.2999267578125
2023-12-27,2285.979736328125,3086.387939453125,5816.05712890625,1061.730712890625,299.2220764160156,630.3557739257812,288.92364501953125,1059.644775390625,48.07011795043945,1799.200439453125,466.56927490234375,1890.6702880859375,529.6412963867188,2605.97802734375,2553.479736328125,250.7279815673828,720.17138671875,153.53402709960938,272.52459716796875,142.03814697265625,4047.015380859375,167.85043334960938,432.0290222167969,871.9067993164062,1764.55322265625,10522.4091796875,471.4553527832031,658.2994384765625,244.2663421630859,561.8336181640625,1448.1788330078125,1850.2156982421875,1937.125,2707.23974609375,219.05816650390625,5683.1748046875,2851.091796875,298.749755859375,1070.7901611328125,1775.795654296875
2023-12-28,2284.98046875,3091.385009765625,5851.00341796875,1057.7354736328125,298.92254638671875,630.4555053710938,288.72381591796875,1056.1494140625,47.91031646728515,1795.2066650390625,464.5719299316406,1890.6702880859375,523.6453857421875,2589.996337890625,2546.48681640625,250.7279815673828,717.7721557617188,153.37416076660156,272.3246765136719,141.23880004882812,4073.728271484375,167.40057373046875,432.62799072265625,877.7034301757812,1762.054443359375,10568.384765625,469.75640869140625,654.5034790039062,244.66615295410156,560.8355712890625,1459.7674560546875,1854.7115478515625,1945.9488525390625,2702.246826171875,217.76022338867188,5664.45263671875,2846.096435546875,298.0498962402344,1075.7867431640625,1765.80517578125
2023-12-29,2302.96435546875,3108.3759765625,5833.0302734375,1058.2347412109375,302.1174011230469,634.3486328125,290.22235107421875,1056.648681640625,47.650638580322266,1803.693603515625,465.5206298828125,1885.67236328125,521.6466674804688,2576.0126953125,2568.964111328125,250.5284423828125,721.1712036132812,153.65390014648438,272.3246765136719,140.53933715820312,4060.3720703125,165.9010009765625,433.9256896972656,886.6983642578125,1762.55419921875,10594.37109375,471.8051452636719,665.8912963867188,244.0664520263672,559.039306640625,1448.7781982421875,1854.211669921875,1932.02685546875,2680.277099609375,219.05816650390625,5637.41015625,2853.59033203125,299.6496276855469,1077.785400390625,1787.28466796875
2024-01-02,2312.955810546875,3065.3984375,5881.955078125,1042.7532958984375,298.323486328125,629.3576049804688,292.81988525390625,1056.1494140625,48.01018524169922,1814.17724609375,470.3641052246094,1897.6671142578125,525.64404296875,2545.048583984375,2572.96044921875,247.93435668945312,702.7769165039062,155.15267944335938,275.92364501953125,141.1888427734375,4086.550537109375,160.55259704589844,432.9274597167969,855.7158813476562,1737.5675048828125,10782.2724609375,468.40728759765625,658.099609375,241.6677703857422,559.4384765625,1478.3492431640625,1836.2293701171875,1929.6734619140625,2677.281005859375,219.85693359375,5674.85400390625,2817.120849609375,298.0498962402344,1066.792724609375,1784.7869873046875
2024-01-03,2308.959228515625,3060.4013671875,5769.12890625,1052.741455078125,302.81634521484375,624.266845703125,297.5154113769531,1061.142822265625,47.395957946777344,1831.6500244140625,471.3128662109375,1860.18359375,526.1436767578125,2552.04052734375,2590.443115234375,243.8436737060547,696.9788208007812,152.99444580078125,282.4218444824219,145.63531494140625,4117.00390625,155.4040985107422,429.0343933105469,830.5301513671875,1710.0823974609375,10734.2978515625,458.213623046875,646.5119018554688,238.8693084716797,555.247314453125,1518.909423828125,1828.23681640625,1832.41552734375,2680.277099609375,218.45913696289065,5710.2177734375,2784.64794921875,294.75042724609375,1048.8045654296875,1812.2606201171875
2024-01-04,2306.961181640625,3105.3779296875,5745.166015625,1062.2301025390625,307.7085266113281,631.35400390625,302.1109924316406,1077.12255859375,47.505821228027344,1857.1104736328125,472.8107604980469,1859.1839599609375,548.6284790039062,2578.010009765625,2591.94140625,245.6396026611328,695.2113647460938,155.4524383544922,283.92144775390625,147.2340545654297,4105.78369140625,119.66466522216795,432.2286987304687,835.12744140625,1719.0775146484375,10858.23046875,458.9631652832031,650.70751953125,242.46734619140625,551.854248046875,1538.290283203125,1844.2215576171875,1836.5333251953125,2696.2548828125,219.7570953369141,5739.34033203125,2806.130126953125,297.7499084472656,1050.3035888671875,1848.7255859375
2024-01-05,2301.96533203125,3098.38134765625,5691.2490234375,1056.2371826171875,308.5072326660156,633.1505737304688,300.6124267578125,1073.6270751953125,47.20119857788086,1851.6190185546875,473.2103576660156,1850.687744140625,543.6318359375,2570.01953125,2568.46484375,243.2450714111328,691.6122436523438,155.47242736816406,284.1213684082031,151.5806427001953,4091.358642578125,120.06453704833984,432.5281372070313,820.3359375,1700.0877685546875,10752.2880859375,462.7108459472656,650.9072265625,244.66615295410156,543.4716796875,1539.68896484375,1856.2099609375,1834.18017578125,2684.271728515625,220.4560089111328,5733.099609375,2762.66650390625,296.5501403808594,1041.3095703125,1857.2174072265625
2024-01-08,2318.950439453125,3137.36083984375,5676.271484375,1044.25146484375,309.905029296875,638.8403930664062,303.2099609375,1066.635986328125,47.505821228027344,1859.1072998046875,460.8270568847656,1861.6827392578125,551.6264038085938,2563.027587890625,2488.5439453125,250.0295867919922,704.8087158203125,154.69308471679688,290.4195861816406,155.37767028808594,4094.564453125,119.31475830078124,435.12353515625,841.1241455078125,1699.587890625,10766.2802734375,456.8144836425781,649.3090209960938,249.063720703125,560.6360473632812,1547.4813232421875,1858.2080078125,1810.650146484375,2717.22607421875,221.5542755126953,5737.2607421875,2768.162109375,305.1487121582031,1069.7906494140625,1860.214599609375
2024-01-09,2335.935302734375,3114.373291015625,5563.44482421875,1053.24072265625,305.4121398925781,633.3502807617188,300.2127990722656,1072.628173828125,47.540775299072266,1861.6033935546875,458.7298889160156,1847.189208984375,527.6426391601562,2613.968505859375,2478.5537109375,250.12933349609375,709.007568359375,154.15350341796875,286.2207946777344,157.02635192871094,4124.482421875,114.31623077392578,432.82763671875,845.32177734375,1689.5933837890625,10896.2109375,451.5177917480469,636.3228149414062,247.26470947265625,565.8252563476562,1574.6546630859375,1881.6854248046875,1788.100341796875,2718.224609375,220.55584716796875,5797.58740234375,2765.16455078125,308.7480773925781,1082.781982421875,1892.683349609375
2024-01-10,2315.952880859375,3160.348876953125,5496.54833984375,1052.741455078125,286.0430908203125,629.5573120117188,296.1167297363281,1067.13525390625,46.936527252197266,1866.096435546875,455.8337707519531,1854.685791015625,512.1531372070312,2616.965087890625,2445.08642578125,248.83230590820312,709.8073120117188,152.5148468017578,277.6231994628906,154.27853393554688,4094.564453125,113.2665557861328,426.6386413574219,838.32568359375,1690.5927734375,10894.212890625,447.6702270507813,625.7340698242188,247.6645050048828,562.232666015625,1569.260009765625,1861.205322265625,1787.5120849609375,2565.4365234375,214.7648773193359,5832.95068359375,2785.147705078125,309.1480407714844,1077.785400390625,1888.687255859375
2024-01-11,2329.940673828125,3158.35009765625,5443.62939453125,1031.766357421875,280.6517639160156,610.292236328125,292.1205749511719,1054.15185546875,45.183712005615234,1855.6126708984375,453.5868835449219,1830.696533203125,502.6595764160156,2540.05419921875,2442.08984375,247.1361846923828,697.810546875,145.46063232421875,263.22711181640625,152.23013305664062,4055.562744140625,110.2674331665039,421.84722900390625,823.5341186523438,1677.10009765625,10824.2490234375,444.9219665527344,612.7478637695312,243.46681213378903,553.6505126953125,1554.874267578125,1803.4544677734375,1803.7869873046875,2567.43359375,211.37017822265625,5822.5498046875,2813.1240234375,296.9500732421875,1066.29296875,1901.17529296875
2024-01-12,2361.912353515625,3226.314453125,5477.57763671875,1048.246826171875,286.3426208496094,608.9945068359375,296.61627197265625,1062.1417236328125,44.92403793334961,1887.0638427734375,453.5368957519531,1846.689453125,505.6575622558594,2598.98583984375,2458.5732421875,250.7279815673828,704.40869140625,145.42066955566406,261.9275207519531,149.88198852539062,4108.98876953125,114.4162139892578,427.2375793457031,822.7345581054688,1692.591796875,10856.232421875,447.8701171875,612.9476318359375,246.0653839111328,566.0248413085938,1571.4580078125,1793.962890625,1810.0618896484375,2578.41845703125,212.0690765380859,5864.15380859375,2803.13232421875,304.94873046875,1075.7867431640625,1927.6497802734375
2024-01-15,2381.894775390625,3200.327880859375,5431.64794921875,1049.7449951171875,287.3410339355469,595.3193969726562,300.3127136230469,1069.1328125,43.77047348022461,1898.0467529296875,452.388427734375,1837.193603515625,511.15380859375,2606.976318359375,2457.573974609375,251.92527770996097,707.407958984375,144.8611297607422,259.9280700683594,149.68214416503906,4078.53662109375,113.2665557861328,431.7295837402344,815.3387451171875,1683.5966796875,10846.2373046875,444.7220458984375,604.3568725585938,246.86492919921875,551.854248046875,1578.4510498046875,1787.9678955078125,1789.080810546875,2621.35888671875,211.8694000244141,5876.6357421875,2802.63330078125,299.9495544433594,1065.793212890625,1931.146728515625
2024-01-16,2372.90283203125,3222.316650390625,5456.609375,1056.2371826171875,287.3410339355469,592.4247436523438,302.0111083984375,1065.1378173828125,43.06135559082031,1893.5538330078125,451.6893615722656,1817.202392578125,505.6575622558594,2609.97314453125,2433.098388671875,246.93666076660156,705.408447265625,141.28407287597656,259.5281677246094,146.28480529785156,4075.3310546875,107.3183135986328,429.2340698242187,804.7447509765625,1676.600341796875,10640.3466796875,438.875732421875,588.5736694335938,243.0670166015625,552.8521728515625,1580.2493896484375,1764.987548828125,1757.118896484375,2616.365966796875,208.37484741210935,5884.95654296875,2795.13916015625,298.14990234375,1064.294189453125,1968.11083984375
2024-01-17,2337.933837890625,3219.318359375,5373.7373046875,1028.2705078125,284.94488525390625,586.6351318359375,299.31365966796875,1035.675537109375,42.217411041259766,1880.5738525390625,447.89447021484375,1799.210205078125,505.6575622558594,2535.06005859375,2376.15478515625,240.05235290527344,702.4092407226562,140.5646514892578,253.42987060546875,142.78756713867188,4018.69970703125,108.76789093017578,423.9435119628906,772.9627685546875,1657.6104736328125,10440.453125,419.2380065917969,574.3886108398438,246.86492919921875,541.8749389648438,1574.0555419921875,1738.51025390625,1715.744873046875,2557.44775390625,205.47938537597656,5839.19140625,2746.680419921875,296.5501403808594,1081.2830810546875,1963.115966796875
2024-01-18,2331.93896484375,3262.295654296875,5426.65576171875,1019.2813110351562,282.3489990234375,588.431884765625,295.8170471191406,1023.1914672851562,42.447120666503906,1880.5738525390625,443.6502380371094,1809.2059326171875,505.1578674316406,2506.093505859375,2371.658935546875,244.34255981445312,710.0072021484375,140.60464477539062,253.9297332763672,139.59010314941406,3962.60205078125,108.2180404663086,426.2394104003906,786.5550537109375,1671.103271484375,10426.4609375,419.5877685546875,576.1868286132812,245.4656982421875,523.9055786132812,1554.0750732421875,1734.513671875,1751.62841796875,2497.531005859375,207.37640380859375,5791.3466796875,2730.19384765625,306.448486328125,1096.772705078125,1924.1531982421875
2024-01-19,2331.93896484375,3278.28759765625,5370.7412109375,1015.7855224609376,280.95123291015625,587.333984375,295.71710205078125,1025.18896484375,42.611915588378906,1878.077880859375,445.1980895996094,1790.714111328125,513.6521606445312,2494.10791015625,2368.162109375,246.13845825195312,712.6065063476562,140.9243621826172,250.4307098388672,141.33871459960938,3965.2734375,111.21715545654295,430.2322692871094,787.554443359375,1645.1171875,10502.419921875,412.0425109863281,575.3876953125,244.86602783203125,517.31689453125,1562.067138671875,1755.4957275390625,1738.8829345703125,2524.49365234375,207.67593383789065,5803.8271484375,2713.208740234375,304.94873046875,1098.2718505859375,1933.1446533203125
2024-01-22,2329.940673828125,3270.29150390625,5279.88134765625,1035.2623291015625,281.8498229980469,596.1178588867188,298.1147766113281,1029.6832275390625,43.36597442626953,1885.06689453125,445.4477233886719,1794.712158203125,524.6447143554688,2530.06591796875,2359.1708984375,250.0295867919922,733.4008178710938,144.82115173339844,251.13050842285156,142.9874267578125,3947.1083984375,114.66613006591795,438.5174560546875,795.9496459960938,1659.609375,10584.376953125,397.6514892578125,579.9827270507812,,523.1069946289062,1554.27490234375,1744.005615234375,1716.92138671875,2555.450439453125,213.26722717285156,5758.0625,2698.220947265625,308.8480224609375,1117.2591552734375,1965.613525390625
2024-01-23,2325.9443359375,3240.30712890625,5401.69384765625,1033.76416015625,279.7532043457031,597.7150268554688,298.5144348144531,1028.18505859375,43.00642776489258,1893.0546875,450.59088134765625,1786.7158203125,525.64404296875,2530.06591796875,2373.1572265625,249.6304931640625,726.0029296875,146.65965270996094,249.23101806640625,141.0389404296875,3990.91796875,115.86578369140624,432.4283447265625,815.53857421875,1635.622314453125,10446.44921875,404.89697265625,605.1559448242188,243.8665771484375,520.1121215820312,1552.67626953125,1738.0107421875,1754.56982421875,2481.55322265625,213.56674194335935,5772.62451171875,2683.233642578125,301.749267578125,1107.265869140625,1952.12646484375
2024-01-24,2310.95751953125,3261.296142578125,5485.56494140625,1030.2681884765625,283.1477355957031,603.803955078125,298.5144348144531,1032.179931640625,42.10254669189453,1913.5228271484375,452.3384704589844,1813.2041015625,533.6386108398438,2510.089111328125,2376.654052734375,252.8231964111328,730.2017822265625,147.2191925048828,255.72921752929688,144.28639221191406,3979.1640625,116.81549835205078,435.2233581542969,833.1286010742188,1649.61474609375,10448.44921875,416.8395080566406,608.752197265625,239.468994140625,526.9005126953125,1553.2757568359375,1738.51025390625,1824.3760986328125,2498.52978515625,217.2610015869141,5735.18017578125,2697.222412109375,307.0483703613281,1079.7840576171875,1946.1322021484375
2024-01-25,2317.951416015625,3255.29931640625,5472.58447265625,1024.77490234375,280.95123291015625,603.803955078125,298.5144348144531,1024.689453125,41.473331451416016,1909.52880859375,455.0348205566406,1814.703369140625,531.1402587890625,2495.106201171875,2388.641845703125,252.1248016357422,729.8018798828125,145.26080322265625,260.32794189453125,144.13648986816406,3983.4384765625,116.46560668945312,433.2269287109375,833.7283935546875,1649.114990234375,10442.4521484375,415.8901062011719,591.969970703125,239.2690887451172,530.0950927734375,1519.7086181640625,1737.5111083984375,1789.472900390625,2506.518798828125,217.5605010986328,5749.7421875,2707.71337890625,306.448486328125,1087.2791748046875,1863.711181640625
2024-01-26,2339.93212890625,3274.28955078125,5540.48046875,1056.2371826171875,275.5599060058594,615.7822265625,293.2195129394531,1042.167236328125,42.047611236572266,1930.9954833984375,461.07672119140625,1816.2027587890625,544.631103515625,2555.037109375,2427.104248046875,254.91844177246097,741.5986938476562,149.11766052246094,255.8291931152344,137.54168701171875,4085.48193359375,117.76522064208984,436.8205261230469,857.7147827148438,1655.611572265625,10540.400390625,422.4360656738281,605.3557739257812,240.2685546875,537.2828979492188,1535.4932861328125,1696.546142578125,1851.2396240234375,2513.509033203125,223.65101623535156,5884.95654296875,2846.595703125,305.3486328125,1104.2677001953125,1898.1781005859375
2024-01-29,2335.935302734375,3264.29443359375,5569.43603515625,1048.7459716796875,273.46319580078125,615.882080078125,292.220458984375,1044.1646728515625,42.22739028930664,1917.5166015625,465.1711730957031,1825.19873046875,540.6338500976562,2544.0498046875,2449.581787109375,253.22232055664065,720.4043579101562,147.41903686523438,255.2293701171875,137.99134826660156,4088.153076171875,118.11511993408205,434.4247741699219,830.9298706054688,1638.1209716796875,10562.388671875,424.6846008300781,601.7596435546875,239.86875915527344,533.0899658203125,1532.0965576171875,1673.0662841796875,1857.906494140625,2486.546630859375,222.25320434570312,5897.43798828125,2839.1025390625,303.9488830566406,1093.774658203125,1894.18212890625
2024-01-30,2328.941650390625,3284.283935546875,5503.5380859375,1056.2371826171875,272.8641662597656,620.0745239257812,291.8208312988281,1045.163330078125,42.96147537231445,1904.53662109375,468.0672607421875,1834.1949462890625,538.6351928710938,2557.03466796875,2471.56005859375,255.7165985107422,737.7997436523438,150.1367950439453,254.62953186035156,137.69158935546875,4119.673828125,119.06482696533205,431.4301452636719,833.1286010742188,1641.119384765625,10580.3779296875,420.7870178222656,602.5587158203125,241.6677703857422,529.2965087890625,1536.2926025390625,1676.5633544921875,1854.769287109375,2496.532470703125,226.84603881835935,5916.15966796875,2857.586181640625,307.0483703613281,1098.2718505859375,1918.6585693359375
2024-01-31,2325.9443359375,3260.296630859375,5494.55126953125,1065.226318359375,269.7691650390625,617.0798950195312,286.32611083984375,1053.652587890625,42.482078552246094,1895.550537109375,461.8256530761719,1818.7017822265625,544.1315307617188,2594.99072265625,2444.58740234375,254.41957092285156,728.6021118164062,148.29832458496094,247.23159790039065,138.34107971191406,4110.59228515625,117.01544189453124,431.5299072265625,817.937255859375,1621.6298828125,10494.4248046875,420.18743896484375,598.1633911132812,240.8682098388672,517.7161865234375,1566.4627685546875,1683.5572509765625,1859.4752197265625,2511.51171875,224.84913635253903,5936.96240234375,2858.086181640625,301.14935302734375,1109.76416015625,1929.64794921875
2024-02-01,2327.94287109375,3287.28271484375,5478.5751953125,1061.231201171875,266.7738952636719,610.092529296875,282.6296081542969,1049.657470703125,42.2773323059082,1877.0794677734375,465.0213928222656,1812.2044677734375,553.1253662109375,2589.996337890625,2503.52880859375,250.3289031982422,731.0015869140625,145.92025756835938,241.6331329345703,136.69236755371094,4119.673828125,114.9160614013672,423.0451049804687,805.7442016601562,1629.62548828125,10424.4609375,425.8338623046875,596.565185546875,238.4695281982422,512.325439453125,1584.6448974609375,1669.0697021484375,1841.8277587890625,2495.533935546875,220.1564788818359,5918.240234375,2902.548828125,298.749755859375,1096.27294921875,1909.667236328125
2024-02-02,2331.93896484375,3306.272705078125,5400.6953125,1055.7376708984375,274.76116943359375,612.9873046875,290.5220642089844,1039.1710205078125,42.26234817504883,1868.0933837890625,458.0807495117187,1811.7047119140625,549.6278076171875,2566.024169921875,2469.0625,252.9229736328125,731.80126953125,150.596435546875,240.83335876464844,134.44415283203125,4129.8251953125,112.96663665771484,425.5406188964844,813.7396240234375,1624.628173828125,10354.4990234375,417.3391723632813,594.367431640625,235.6710662841797,507.33392333984375,1609.620361328125,1667.071533203125,1799.6693115234375,2470.568359375,220.55584716796875,5943.203125,2934.022216796875,310.14788818359375,1096.27294921875,1875.2003173828125
2024-02-05,2322.947021484375,3299.276123046875,5340.78759765625,1048.246826171875,272.0654296875,618.0780639648438,289.5230407714844,1045.6627197265625,41.83787536621094,1879.076416015625,453.5368957519531,1758.7281494140625,550.6270751953125,2551.041748046875,2468.56298828125,248.7325439453125,728.202392578125,145.56056213378906,240.83335876464844,133.74468994140625,4186.45703125,107.01840209960938,425.04150390625,817.3375854492188,1615.13330078125,10354.4990234375,409.1443176269531,593.3685302734375,236.4706268310547,504.93798828125,1660.9700927734375,1677.5623779296875,1774.5704345703125,2498.52978515625,216.86160278320312,5997.2890625,2981.481689453125,309.7478942871094,1114.2611083984375,1879.6959228515625
2024-02-06,2287.977783203125,3285.283447265625,5385.71875,1047.7474365234375,275.1604919433594,630.8549194335938,289.6229553222656,1035.1761474609375,41.8278923034668,1889.5601806640625,478.3033752441406,1831.696044921875,556.1233520507812,2533.062744140625,2486.545654296875,250.92755126953125,730.6016235351562,146.18006896972656,244.9322204589844,133.09519958496094,4230.26708984375,110.7173080444336,428.73492431640625,848.7199096679688,1629.62548828125,10528.40625,410.24359130859375,599.1622924804688,238.0697326660156,508.5318603515625,1651.3795166015625,1668.0706787109375,1786.923583984375,2484.54931640625,219.6572265625,6026.41162109375,2968.992431640625,317.7465515136719,1116.2598876953125,1918.6585693359375
2024-02-07,2237.022705078125,3267.293212890625,5369.7431640625,1043.252685546875,258.4871520996094,626.0636596679688,279.7323913574219,1034.1773681640625,41.52827072143555,1865.0980224609375,473.959228515625,1808.7060546875,555.6237182617188,2531.064697265625,2468.56298828125,243.54437255859375,726.602783203125,144.28160095214844,240.93331909179688,135.09364318847656,4168.82666015625,107.3183135986328,424.1431579589844,829.7306518554688,1627.1268310546875,10484.4287109375,402.148681640625,593.1687622070312,238.66943359375,499.1478576660156,1670.9599609375,1651.584716796875,1720.2547607421875,2485.5478515625,216.96145629882812,6026.41162109375,2937.519287109375,322.8456726074219,1112.2625732421875,1924.6527099609375
2024-02-08,2175.077880859375,3299.276123046875,5353.76806640625,1024.2752685546875,258.986328125,616.5807495117188,280.13201904296875,1011.7061767578124,41.46334457397461,1855.6126708984375,475.6070251464844,1801.7091064453125,560.6203002929688,2494.10791015625,2476.056396484375,240.7507476806641,720.2044677734375,143.04263305664062,236.93441772460935,133.24508666992188,4300.25390625,104.46914672851562,419.95062255859375,817.7374267578125,1616.632568359375,9817.783203125,396.5521545410156,578.7840576171875,234.4717254638672,499.0480346679687,1649.3814697265625,1574.151123046875,1705.5484619140625,2527.489501953125,215.1642608642578,5997.2890625,2923.531005859375,317.6466064453125,1100.7701416015625,1928.1495361328125
2024-02-09,2189.0654296875,3348.25048828125,5335.79541015625,1015.2860717773438,255.59176635742188,608.3956298828125,280.2319030761719,996.5255737304688,41.34849166870117,1879.5753173828125,477.8041076660156,1800.2098388671875,565.616943359375,2466.1396484375,2485.046875,233.267822265625,712.6065063476562,142.163330078125,237.73422241210935,133.2950439453125,4279.95263671875,103.96929168701172,416.1573791503906,797.548828125,1614.633544921875,9755.81640625,384.8094787597656,573.18994140625,238.8693084716797,492.1598205566406,1658.37255859375,1555.6668701171875,1669.2728271484375,2530.485107421875,210.37173461914065,5980.64697265625,2897.05322265625,318.0465087890625,1091.7760009765625,1956.6219482421875
2024-02-12,2211.0458984375,3333.258544921875,5346.7783203125,1030.767578125,255.6916046142578,607.2976684570312,279.33282470703125,1000.7201538085938,41.34849166870117,1893.0546875,478.8027038574219,1813.2041015625,578.1085205078125,2492.110107421875,2493.0390625,234.9639587402344,725.403076171875,142.76284790039062,239.2337951660156,134.34422302246094,4266.59521484375,105.61880493164062,420.7491760253906,811.9407348632812,1624.628173828125,9495.955078125,394.0037536621094,580.981689453125,238.26963806152344,497.0514526367187,1624.8056640625,1562.660888671875,1717.3134765625,2543.46728515625,207.37640380859375,5986.8876953125,2888.060791015625,309.04803466796875,1097.2724609375,1957.6212158203125
2024-02-13,2204.0517578125,3263.29541015625,5277.88427734375,1025.274169921875,249.40164184570312,609.393798828125,273.43841552734375,995.7266235351562,41.13375473022461,1880.5738525390625,479.102294921875,1791.7135009765625,576.6095581054688,2492.110107421875,2486.046142578125,230.2746734619141,704.2088623046875,140.3648223876953,234.2351837158203,135.44334411621094,4266.060546875,105.41886138916016,417.4550476074219,790.3529052734375,1591.6458740234375,9594.9013671875,392.4547729492187,576.9859619140625,234.4717254638672,491.66064453125,1640.1904296875,1545.6754150390625,1721.62744140625,2530.485107421875,204.08154296875,5941.1220703125,2858.086181640625,306.2485046386719,1095.7735595703125,1958.1207275390625
2024-02-14,2379.896728515625,3334.25830078125,5300.849609375,1021.7783813476562,250.40003967285156,619.5753784179688,276.9350891113281,1000.7201538085938,41.38843536376953,1889.0606689453125,475.8567199707031,1800.7095947265625,574.61083984375,2494.10791015625,2495.037109375,234.6646423339844,712.6065063476562,141.90354919433594,234.8350067138672,134.2942352294922,4259.11669921875,108.2180404663086,424.7420349121094,789.9530639648438,1598.1424560546875,9718.8359375,391.20556640625,575.3876953125,239.6688690185547,501.1444396972656,1666.3648681640625,1568.65576171875,1712.9996337890625,2544.466064453125,208.6743927001953,5920.3203125,2866.07958984375,312.14752197265625,1096.772705078125,1963.115966796875
2024-02-15,2437.845458984375,3312.26953125,5319.81982421875,1039.257568359375,250.59971618652344,625.4646606445312,275.93603515625,1007.7112426757812,41.52827072143555,1828.156982421875,468.1730651855469,1800.2098388671875,582.6054077148438,2540.05419921875,2461.83544921875,236.859619140625,712.0067138671875,143.30239868164062,231.6359100341797,136.09283447265625,4253.7744140625,109.81756591796876,429.2340698242187,807.143310546875,1604.13916015625,9820.7822265625,390.8057556152344,580.1825561523438,241.2679901123047,506.9345703125,1661.36962890625,1584.1427001953125,1732.412109375,2577.419921875,213.96612548828125,5930.72119140625,2895.554443359375,319.9461669921875,1108.26513671875,1985.0947265625
2024-02-16,2459.825927734375,3400.2236328125,5506.5322265625,1041.7545166015625,252.99591064453125,637.6426391601562,279.33282470703125,1014.7023315429688,43.14624786376953,1842.638427734375,471.4190673828125,1869.6793212890625,584.6041259765625,2551.041748046875,2494.80615234375,239.65325927734375,721.4041137695312,146.59970092773438,236.93441772460935,138.99057006835938,4305.59716796875,112.06690216064452,431.7295837402344,833.92822265625,1643.6180419921875,10088.6396484375,399.3004455566406,593.9678955078125,243.8665771484375,514.322021484375,1674.756591796875,1594.1339111328125,1766.9229736328125,2585.4091796875,229.1424560546875,5997.2890625,2925.02978515625,323.2456359863281,1116.2598876953125,1985.5943603515625
2024-02-19,2475.811767578125,3410.21875,5419.66650390625,1040.25634765625,253.59494018554688,637.043701171875,280.8313293457031,1020.1953125,42.8266487121582,1839.6424560546875,474.2156677246094,1859.1839599609375,569.6141967773438,2540.05419921875,2505.796630859375,238.1566619873047,726.2028198242188,148.87783813476562,238.43402099609375,130.6970977783203,4323.2275390625,113.0666046142578,429.5334777832031,820.7357177734375,1643.6180419921875,10412.4677734375,395.1530456542969,598.9624633789062,244.86602783203125,514.7212524414062,1667.5634765625,1596.6318359375,1743.197021484375,2563.439453125,224.64947509765625,6001.44970703125,2938.0185546875,334.1438293457031,1131.7493896484375,1985.5943603515625
2024-02-20,2478.809326171875,3434.2060546875,5221.97119140625,1052.741455078125,255.89129638671875,642.633544921875,284.22808837890625,1037.6729736328125,43.5956916809082,1821.6654052734375,465.9757995605469,1837.693359375,573.11181640625,2586.001220703125,2485.814453125,240.8505096435547,722.6038818359375,161.66734313964844,241.8330535888672,133.2950439453125,4330.70654296875,112.16687774658205,443.0094299316406,814.5391845703125,1638.6207275390625,10198.5810546875,390.1561584472656,600.1612548828125,242.06756591796875,516.5182495117188,1676.1551513671875,1608.1219482421875,1685.9400634765625,2579.417236328125,228.4435272216797,6049.294921875,2963.996826171875,330.4444274902344,1128.7515869140625,1983.0966796875
2024-02-21,2497.79248046875,3432.206787109375,5143.091796875,1050.74365234375,258.886474609375,588.7312622070312,285.2271423339844,1038.671630859375,43.23613739013672,1804.187744140625,469.821044921875,1853.6864013671875,581.6061401367188,2570.01953125,2505.796630859375,239.4537048339844,726.602783203125,162.62657165527344,242.83279418945312,129.19827270507812,4332.31005859375,112.4167938232422,444.8062438964844,821.3353271484375,1629.125732421875,10096.6357421875,385.8088684082031,600.3610229492188,245.06591796875,523.306640625,1659.3717041015625,1608.1219482421875,1684.1751708984375,2572.427001953125,228.6432342529297,6038.892578125,2986.4775390625,329.4446105957031,1130.25048828125,1995.5845947265625
2024-02-22,2492.796875,3473.185546875,5162.0625,1040.755615234375,253.69479370117188,589.43017578125,276.53546142578125,1027.1864013671875,45.897823333740234,1815.6729736328125,467.6237487792969,1865.1812744140625,633.5709228515625,2536.058837890625,2504.29833984375,240.451416015625,726.2028198242188,163.54580688476562,239.13381958007812,128.49884033203125,4274.47998046875,113.41649627685548,449.2982177734375,822.1348266601562,1625.627685546875,10032.2197265625,379.6627502441406,604.9561767578125,247.26470947265625,528.0984497070312,1667.324462890625,1576.6490478515625,1735.1572265625,2565.4365234375,227.74461364746097,6049.294921875,2982.481201171875,356.7399597167969,1136.7462158203125,2081.002685546875
2024-02-23,2492.796875,3498.172607421875,5189.021484375,1033.2646484375,253.59494018554688,596.1178588867188,279.4327087402344,1033.1787109375,45.43839263916016,1826.6590576171875,465.5263366699219,1861.6827392578125,643.064453125,2526.070556640625,2491.80908203125,241.44915771484375,734.4005737304688,163.60574340820312,240.93331909179688,127.549560546875,4276.61669921875,115.36592864990234,451.39453125,819.1365966796875,1633.6234130859375,10216.150390625,375.5653076171875,634.324951171875,248.26416015625,534.8868408203125,1670.921142578125,1585.1417236328125,1751.0401611328125,2529.486572265625,231.1393280029297,6055.53515625,2983.480224609375,353.0406188964844,1133.748291015625,2072.010986328125
2024-02-26,2488.80029296875,3502.17041015625,5059.220703125,1022.2777099609376,253.29544067382812,594.6207275390625,278.23382568359375,1022.1926879882812,45.857872009277344,1816.1722412109375,465.7260437011719,1856.68505859375,648.560791015625,2475.12939453125,2468.32958984375,240.7507476806641,736.2001342773438,165.70401000976562,238.8338928222656,124.60188293457033,4270.20556640625,114.46619415283205,453.1912841796875,814.1394653320312,1621.6298828125,10250.138671875,368.7196044921875,635.7234497070312,250.8627471923828,522.9072875976562,1673.1195068359375,1562.660888671875,1692.802978515625,2576.421142578125,230.83981323242188,6107.5400390625,2989.97509765625,361.1392517089844,1124.754150390625,1992.0880126953125
2024-02-27,2485.802734375,3452.196533203125,5104.1513671875,1030.767578125,254.49349975585935,601.30859375,277.334716796875,1028.6845703125,46.25238037109375,1728.284912109375,465.6761779785156,1862.1826171875,640.0665283203125,2498.10302734375,2471.326904296875,239.7530212402344,737.7997436523438,166.72320556640625,239.73367309570312,125.35128784179688,4184.18115234375,114.86608123779295,449.3980712890625,807.5431518554688,1627.62646484375,10324.109375,371.8175964355469,641.9168090820312,248.6639709472656,516.318603515625,1669.5223388671875,1592.63525390625,1727.902099609375,2573.425537109375,233.33592224121097,6072.1767578125,3024.44580078125,358.53973388671875,1113.2618408203125,1988.59130859375
2024-02-28,2473.8134765625,3437.204345703125,5034.2587890625,1025.7735595703125,253.1956024169922,608.3956298828125,277.03497314453125,1028.18505859375,46.51705551147461,1700.8201904296875,461.73095703125,1875.6766357421875,652.0584106445312,2493.10888671875,2457.3388671875,238.4559783935547,742.598388671875,168.76150512695312,240.63340759277344,126.1007080078125,4146.24462890625,117.66524505615234,447.6012573242187,790.3529052734375,1607.6373291015625,10176.166015625,373.2167663574219,648.5098266601562,246.4651336669922,521.7094116210938,1668.32373046875,1611.1195068359375,1676.5279541015625,2595.395263671875,236.1315460205078,5265.048828125,3001.465087890625,370.4377136230469,1047.8052978515625,1937.640380859375
2024-02-29,2462.8232421875,3459.192626953125,5071.2021484375,1023.776123046875,249.2019805908203,613.3865966796875,278.53350830078125,1036.1748046875,46.512054443359375,1702.3182373046875,460.1329650878906,1832.1959228515625,651.5587158203125,2497.104248046875,2454.841064453125,241.54893493652344,740.1990966796875,164.37673950195312,236.7344970703125,125.75098419189452,4131.8193359375,117.8651885986328,445.5050048828125,777.1603393554688,1607.1375732421875,9979.240234375,374.9156799316406,666.8902587890625,246.0653839111328,524.9039306640625,1663.128173828125,1624.1082763671875,1667.7039794921875,2662.302001953125,238.7274932861328,5198.482421875,2959.81640625,369.0379638671875,1039.810546875,1965.1138916015625
2024-03-01,2461.82421875,3409.218994140625,5119.12841796875,1016.284912109375,249.0022735595703,611.6895141601562,277.334716796875,1033.677978515625,47.311058044433594,1695.3270263671875,471.0694885253906,1851.1875,665.54931640625,2506.093505859375,2492.308349609375,242.54666137695312,747.1972045898438,169.43417358398438,234.33514404296875,126.35050964355467,4133.4228515625,119.86460876464844,446.9025268554687,781.9577026367188,1619.6309814453125,10076.2041015625,382.2111511230469,690.0655517578125,250.26307678222656,531.8920288085938,1660.3309326171875,1640.5943603515625,1726.3333740234375,2674.28564453125,246.41549682617188,5350.3388671875,2961.3154296875,374.7369995117187,1046.805908203125,1931.64599609375
2024-03-04,2468.818115234375,3408.21923828125,5082.185546875,1015.7855224609376,245.4080352783203,607.2976684570312,275.6363220214844,1038.1724853515625,47.33602142333984,1679.347412109375,469.1718444824219,1851.1875,651.5587158203125,2495.106201171875,2458.33837890625,242.3470916748047,736.6000366210938,170.0538787841797,230.1363220214844,125.25137329101562,4128.07958984375,118.215087890625,447.7010498046875,772.363037109375,1612.634521484375,10042.2158203125,379.9625854492187,681.674560546875,250.4629669189453,531.2930297851562,1666.3255615234375,1623.1092529296875,1669.07666015625,2646.32421875,247.9131622314453,5335.77734375,2927.840087890625,376.3367004394531,1041.3095703125,1949.1292724609375
2024-03-05,2481.806640625,3418.214111328125,5018.283203125,1021.7783813476562,247.30499267578125,608.9945068359375,276.0359191894531,1058.146728515625,47.74052810668945,1663.8675537109375,470.3204345703125,1879.1751708984375,656.0557250976562,2522.075439453125,2450.34521484375,244.84141540527344,731.80126953125,169.37423706054688,238.9338836669922,127.64949798583984,4136.09326171875,117.51529693603516,450.3962707519531,756.7718505859375,1612.135009765625,10108.19140625,385.1093444824219,687.0687866210938,252.26199340820312,538.4808349609375,1681.91162109375,1657.080078125,1670.4490966796875,2677.281005859375,249.4108123779297,5319.13525390625,2920.844970703125,374.8369445800781,1047.8052978515625,1896.6796875
2024-03-06,2457.82763671875,3412.21728515625,5067.2080078125,1031.766357421875,248.9024353027344,610.8911743164062,280.13201904296875,1055.1505126953125,48.33978271484375,1676.3515625,478.3105773925781,1927.1541748046875,652.5580444335938,2539.055419921875,2486.314208984375,242.74620056152344,730.8016357421875,170.83348083496094,240.73338317871097,130.3473663330078,4121.66748046875,116.9654541015625,454.0896911621094,758.7706909179688,1619.131103515625,10136.1806640625,388.9069519042969,676.879638671875,267.653564453125,547.2657470703125,1671.720703125,1667.071533203125,1732.80419921875,2660.304931640625,252.00677490234375,5215.1240234375,2873.879638671875,378.9362487792969,1076.286376953125,1839.234619140625
2024-03-07,2468.818115234375,3393.227294921875,4969.8564453125,1052.741455078125,251.59814453125,589.8689575195312,283.4288330078125,1052.6536865234375,48.54452133178711,1690.3336181640625,475.464111328125,1907.1629638671875,653.557373046875,2579.009033203125,2479.819091796875,244.2427978515625,733.600830078125,172.97238159179688,244.23243713378903,132.8454132080078,4098.1572265625,115.71582794189452,461.3766784667969,780.7583618164062,1620.6302490234375,10230.1455078125,398.8507385253906,663.8994750976562,275.44927978515625,551.059326171875,1709.6871337890625,1660.0775146484375,1821.0426025390625,2608.377197265625,250.00987243652344,5287.93212890625,2874.37939453125,389.9344177246094,1086.7794189453125,1852.22216796875
2024-03-08,2457.82763671875,3403.221923828125,4863.97705078125,1055.7376708984375,249.8010101318359,579.0842895507812,285.9264831542969,1051.6551513671875,48.49458312988281,1690.3336181640625,471.51898193359375,1917.158447265625,645.5628051757812,2597.987060546875,2468.8291015625,249.0318603515625,740.7989501953125,172.15281677246094,242.7328338623047,132.6455535888672,4098.69140625,115.66583251953124,469.661865234375,778.5595703125,1614.633544921875,10192.1611328125,400.4996948242187,655.305908203125,285.8435974121094,549.0626831054688,1671.5211181640625,1648.5872802734375,1814.375732421875,2569.430908203125,250.20957946777344,5371.140625,2871.881103515625,386.33502197265625,1077.2855224609375,1853.7208251953125
2024-03-11,2438.8447265625,3358.24560546875,4804.044921875,1053.24072265625,248.10372924804688,574.989990234375,281.9303283691406,1053.1531982421875,48.98896408081055,1738.272216796875,471.1194763183594,1892.6690673828125,645.5628051757812,2607.975341796875,2470.327880859375,246.13845825195312,747.7969970703125,173.71202087402344,246.23187255859375,130.09756469726562,4117.39306640625,114.1662826538086,463.8722534179687,787.75439453125,1610.6356201171875,10446.064453125,398.1511840820313,659.5028076171875,280.64642333984375,549.0626831054688,1673.51904296875,1611.618896484375,1814.5718994140625,2694.2578125,249.5106506347656,5377.380859375,2889.368408203125,383.1355895996094,1090.277099609375,1908.1685791015625
2024-03-12,2464.82177734375,3408.21923828125,4908.42578125,1039.7567138671875,250.7994079589844,591.766357421875,285.5268249511719,1034.6767578125,49.48834609985352,1750.75634765625,476.8624267578125,1931.6522216796875,669.0469360351562,2548.044921875,2494.80615234375,247.83457946777344,754.9949951171875,177.49009704589844,250.73062133789065,127.79936981201172,4152.12255859375,117.8651885986328,471.259033203125,811.9407348632812,1651.114013671875,10432.0693359375,399.7002258300781,669.2953491210938,279.44708251953125,557.2487182617188,1683.710205078125,1580.6456298828125,1814.9638671875,2729.20947265625,253.60427856445312,5412.74560546875,2905.856201171875,391.7341003417969,1093.774658203125,1916.1607666015625
2024-03-13,2472.814453125,3409.218994140625,4898.93701171875,1056.2371826171875,250.3002166748047,588.8704223632812,285.7266845703125,1044.1646728515625,49.193721771240234,1753.2530517578125,484.403076171875,1952.6429443359375,671.0455322265625,2571.018310546875,2525.280029296875,244.84141540527344,748.3967895507812,176.97036743164062,247.0316467285156,127.9992218017578,4172.96044921875,113.0666046142578,476.15032958984375,806.9434814453125,1627.1268310546875,10454.060546875,418.9382019042969,652.7079467773438,282.84527587890625,550.4603271484375,1693.7010498046875,1575.64990234375,1899.08447265625,2646.32421875,252.40614318847656,5477.2314453125,2908.85400390625,393.7337646484375,1089.2777099609375,1873.2021484375
2024-03-14,2464.82177734375,3389.2294921875,4836.5078125,1053.7401123046875,249.3018035888672,585.574951171875,285.82659912109375,1041.6678466796875,49.26862335205078,1737.7728271484375,489.39691162109375,1985.1287841796875,663.5505981445312,2574.014892578125,2535.770263671875,245.1407165527344,752.795654296875,174.3116912841797,244.53233337402344,129.6479034423828,4151.58837890625,111.81697845458984,479.743896484375,798.3483276367188,1615.633056640625,10398.08203125,416.9893798828125,645.5133056640625,287.4427490234375,546.0677490234375,1686.3077392578125,1582.6436767578125,1798.061767578125,2679.278564453125,239.7351531982422,5462.67138671875,2908.35400390625,389.33453369140625,1082.781982421875,1863.211669921875
2024-03-15,2477.810302734375,3373.23779296875,4856.48486328125,1057.2359619140625,250.8992462158203,597.1588134765625,287.32513427734375,1047.1607666015625,49.508323669433594,1693.329833984375,490.3957214355469,2009.1180419921875,656.5553588867188,2572.017333984375,2546.26123046875,243.34483337402344,754.7951049804688,176.83042907714844,245.8319549560547,132.19590759277344,4115.25537109375,111.81697845458984,481.5406799316406,795.5499267578125,1615.13330078125,10290.123046875,424.9344482421875,653.5072631835938,288.2423095703125,539.4790649414062,1648.1416015625,1581.64453125,1818.6549072265625,2730.208251953125,239.93492126464844,4665.9443359375,2904.856689453125,393.4338684082031,1062.295654296875,1845.2291259765625
2024-03-18,2478.809326171875,3387.230224609375,4880.4580078125,1025.274169921875,249.701171875,601.6522827148438,287.52496337890625,1043.1658935546875,49.32854080200195,1715.8009033203125,492.69287109375,1999.1226806640625,676.0421752929688,2510.089111328125,2558.25048828125,246.5375518798828,754.7951049804688,176.43063354492188,243.83251953125,129.54800415039062,4073.044921875,111.11717987060548,479.84375,787.75439453125,1627.62646484375,10286.125,422.3360595703125,649.7101440429688,287.842529296875,532.8903198242188,1659.331787109375,1607.6224365234375,1793.1588134765625,2759.16796875,239.83502197265625,4758.5146484375,2866.385498046875,389.9344177246094,1051.802490234375,1881.1944580078125
2024-03-19,2449.8349609375,3380.23388671875,4931.3994140625,1025.274169921875,249.8010101318359,602.052001953125,287.425048828125,1040.1697998046875,49.48335266113281,1724.2900390625,497.6867370605469,1995.6240234375,683.537109375,2521.076416015625,2591.720703125,245.73936462402344,747.1972045898438,174.9713592529297,243.13270568847656,128.14910888671875,4198.6083984375,110.5173568725586,479.6440734863281,780.1586303710938,1629.125732421875,10224.1474609375,418.3385925292969,658.3036499023438,285.6437072753906,531.0933227539062,1662.9283447265625,1596.6318359375,1786.0985107421875,2767.156494140625,239.7351531982422,4543.2109375,2825.415283203125,400.6326293945313,1057.298828125,1911.165771484375
2024-03-20,2440.8427734375,3377.235595703125,4934.896484375,1047.7474365234375,248.70277404785156,604.5484008789062,285.4269714355469,1055.64990234375,49.97773742675781,1706.3131103515625,493.04241943359375,1950.1439208984375,692.0313720703125,2558.033203125,2589.22314453125,247.6350555419922,741.798583984375,175.65103149414062,240.73338317871097,126.80016326904295,4137.69677734375,113.61644744873048,480.6422424316406,744.7786865234375,1631.124755859375,10160.171875,415.9400634765625,657.1045532226562,282.64532470703125,526.7008056640625,1645.343994140625,1616.115234375,1802.965087890625,2805.103515625,245.22906494140625,4506.8076171875,2824.416259765625,406.6316528320313,1032.3155517578125,1946.1322021484375
2024-03-21,2465.82080078125,3449.197998046875,5042.2744140625,1048.246826171875,254.0941619873047,620.226318359375,291.7209167480469,1056.648681640625,51.425933837890625,1721.793212890625,496.0387268066406,2014.115966796875,688.6749267578125,2550.042724609375,2619.19677734375,252.02503967285156,762.992919921875,181.74794006347656,249.6309051513672,125.10149383544922,4175.09814453125,117.06542205810548,488.8277282714844,758.5708618164062,1651.61376953125,10424.0712890625,427.732666015625,675.4906616210938,288.6420593261719,529.6957397460938,1672.3201904296875,1617.6138916015625,1886.513671875,2829.07080078125,253.120361328125,4472.48388671875,2868.383544921875,420.12933349609375,1032.3155517578125,1872.060546875
2024-03-22,2476.81103515625,3456.1943359375,4991.33203125,1051.7425537109375,256.3904724121094,624.02099609375,293.9188232421875,1065.1378173828125,52.11507415771485,1731.780517578125,498.2359924316406,2024.111572265625,688.6749267578125,2565.025390625,2629.68798828125,255.6168670654297,762.193115234375,180.70846557617188,250.4307098388672,126.8501205444336,4249.36669921875,109.71759033203124,493.6191711425781,777.9599609375,1679.0989990234375,10478.052734375,428.5821838378906,672.0932006835938,289.04180908203125,526.3015747070312,1685.3087158203125,1617.6138916015625,1892.0052490234375,2814.091064453125,260.8118896484375,4582.73583984375,2898.861328125,419.8294067382813,1038.3115234375,1914.0281982421875
2024-03-25,2486.802001953125,3426.2099609375,5007.3134765625,1050.74365234375,256.5901794433594,623.7213134765625,293.4193115234375,1068.134033203125,51.66563034057617,1731.2811279296875,505.27734375,2011.117431640625,681.67822265625,2547.046142578125,2648.17138671875,253.72117614746097,741.9985961914062,181.38812255859375,254.0296936035156,126.8501205444336,4229.0634765625,110.06749725341795,494.1182556152344,773.9622192382812,1653.1129150390625,10390.0849609375,423.33544921875,674.8911743164062,287.04296875,536.683837890625,1693.1016845703125,1621.1109619140625,1893.7701416015625,2826.07470703125,259.7130432128906,4468.32373046875,2885.371337890625,421.0292053222656,1017.8251342773438,1881.55322265625
2024-03-26,2507.78369140625,3408.21923828125,4912.92138671875,1040.25634765625,262.0814208984375,626.4175415039062,296.51629638671875,1056.1494140625,51.5457878112793,1738.771484375,499.1848449707031,2016.114990234375,669.1841430664062,2523.07421875,2644.67431640625,254.41957092285156,705.408447265625,180.68849182128903,263.82696533203125,126.70023345947266,4238.146484375,114.1662826538086,495.21630859375,760.7695922851562,1689.0936279296875,10436.0673828125,423.6852111816406,694.4764404296875,289.4416809082031,540.2776489257812,1696.299072265625,1611.618896484375,1880.433837890625,2826.07470703125,262.11041259765625,4526.56982421875,2924.84228515625,427.9280395507813,1031.815673828125,1863.0675048828125
2024-03-27,2515.776611328125,3425.2109375,4972.353515625,1044.25146484375,271.4664306640625,614.1348876953125,297.9150085449219,1060.144287109375,51.60570526123047,1753.7523193359375,492.1934814453125,2020.1134033203125,671.1831665039062,2537.057861328125,2610.704345703125,254.91844177246097,699.8099975585938,181.42811584472656,265.826416015625,128.8985137939453,4233.8720703125,116.2656707763672,495.3161010742187,755.3726196289062,1652.6131591796875,10737.9541015625,428.4822082519531,678.6883544921875,289.04180908203125,544.670166015625,1703.6923828125,1656.580322265625,1885.532958984375,2825.076416015625,262.5099792480469,4616.01904296875,2935.833984375,421.9290466308594,1042.8084716796875,1879.05517578125
2024-03-28,2500.789794921875,3422.2119140625,5011.30908203125,1027.771240234375,269.96875,618.129150390625,296.3165588378906,1064.6385498046875,51.69559860229492,1767.7344970703125,495.0898742675781,2021.11279296875,665.1859741210938,2467.138671875,2622.6943359375,253.82093811035156,700.010009765625,183.1072540283203,265.0266418457031,127.549560546875,4248.298828125,134.46029663085938,495.7154235839844,742.6913452148438,1640.6195068359375,10673.978515625,435.0281066894531,670.8942260742188,286.243408203125,544.8698120117188,1707.0894775390625,1648.5872802734375,1913.970947265625,2833.0654296875,265.20703125,4692.98779296875,2923.343505859375,426.6282958984375,991.1185302734376,1917.02587890625
2024-04-02,2445.83837890625,3354.247802734375,5111.19580078125,1039.7567138671875,267.3729248046875,620.5256958007812,294.6181640625,1071.6295166015625,51.89534759521485,1757.7471923828125,507.97406005859375,2003.1207275390625,672.6824951171875,2486.116943359375,2714.613037109375,250.42868041992188,692.2120971679688,184.02679443359375,261.9275207519531,126.80016326904295,4205.02001953125,133.01071166992188,491.6227111816406,739.6925659179688,1656.111328125,10600.0068359375,448.1199645996094,678.0886840820312,293.2395324707031,537.8817749023438,1661.52978515625,1631.6019287109375,2001.9324951171875,2774.146728515625,266.80523681640625,4446.48095703125,2952.8212890625,418.8295593261719,973.7269897460938,1878.5555419921875
2024-04-03,2433.848876953125,3322.264404296875,5072.23974609375,1033.76416015625,269.7691650390625,630.2122192382812,293.3193664550781,1068.63330078125,52.31482696533203,1762.2413330078125,510.9703369140625,2041.10400390625,664.1864624023438,2476.128173828125,2745.086181640625,250.3289031982422,701.0097045898438,188.44454956054688,266.626220703125,125.6010971069336,4145.17626953125,131.91104125976562,493.8188171386719,720.100830078125,1624.1282958984375,10558.0224609375,458.01373291015625,693.2772827148438,293.2395324707031,527.8988037109375,1652.537841796875,1612.1185302734375,2008.3065185546875,2690.263427734375,272.3990783691406,4389.275390625,2922.843505859375,423.9287109375,975.526123046875,1867.5640869140625
2024-04-04,2409.8701171875,3311.270263671875,5088.22216796875,1042.7532958984375,270.76751708984375,640.79736328125,292.0206298828125,1070.6307373046875,53.89285659790039,1752.7535400390625,508.273681640625,2073.08984375,662.6871337890625,2483.12060546875,2761.57177734375,254.22003173828125,700.6098022460938,193.06222534179688,265.826416015625,126.7501983642578,4137.69677734375,131.51116943359375,494.417724609375,727.6976318359375,1612.2694091796875,10731.9560546875,463.260498046875,701.4711303710938,289.04180908203125,528.8971557617188,1636.05224609375,1624.1082763671875,2069.59521484375,2633.34228515625,280.1904602050781,4504.7275390625,2907.854736328125,418.9295654296875,965.3310546875,1869.5625
2024-04-05,2389.8876953125,3316.267333984375,4968.85791015625,1022.2777099609376,264.9767761230469,640.4977416992188,289.3232421875,1031.6805419921875,53.253658294677734,1722.7919921875,505.47711181640625,2043.103271484375,657.6895141601562,2425.1875,2777.5576171875,250.5284423828125,697.2107543945312,189.6439514160156,261.1277770996094,123.95240020751952,4100.294921875,126.21272277832033,489.5264587402344,717.3019409179688,1595.2769775390625,10616.0,457.81390380859375,697.6740112304688,285.8435974121094,520.511474609375,1628.059326171875,1588.1390380859375,2047.5311279296875,2656.310302734375,278.0927429199219,4446.48095703125,2847.399169921875,421.0292053222656,974.3267822265624,1861.568603515625
2024-04-08,2381.894775390625,3297.27734375,5178.1201171875,1010.2921142578124,263.57904052734375,643.5933227539062,287.7247619628906,1036.1748046875,53.65315628051758,1730.2822265625,509.27239990234375,2029.1094970703125,675.1812744140625,2379.24072265625,2811.528076171875,252.1248016357422,693.0118408203125,193.0821990966797,256.4290466308594,126.1007080078125,4078.92236328125,124.41326141357422,492.121826171875,719.7008666992188,1596.276611328125,10606.00390625,466.5084533691406,698.4733276367188,287.24285888671875,521.31005859375,1618.56787109375,1605.6241455078125,2113.232666015625,2654.313232421875,277.99285888671875,4430.87890625,2820.4189453125,429.02783203125,966.930419921875,1837.5870361328125
2024-04-09,2379.896728515625,3318.266357421875,5245.0439453125,1010.79150390625,264.3777160644531,643.7930297851562,287.2252197265625,1031.1812744140625,52.79423141479492,1697.8238525390625,515.964111328125,2053.09912109375,654.191162109375,2379.24072265625,2826.01513671875,251.4263916015625,689.412841796875,188.8043670654297,254.72952270507812,126.35050964355467,4083.197021484375,124.61320495605467,490.2251892089844,720.100830078125,1599.275146484375,10703.966796875,472.7045593261719,672.2930908203125,289.6415100097656,509.929443359375,1614.571533203125,1605.12451171875,2149.025146484375,2651.3173828125,275.6954040527344,4410.07666015625,2806.928955078125,412.1307067871094,973.1273193359376,1815.6038818359375
2024-04-10,2387.889404296875,3307.272216796875,5229.06201171875,996.6085205078124,266.7738952636719,662.2670288085938,296.7161560058594,1019.6958618164062,53.05390548706055,1677.849609375,519.4598388671875,2069.091796875,658.6890869140625,2358.26513671875,2866.479736328125,249.6304931640625,689.212890625,189.3840789794922,255.6292724609375,125.90086364746094,4078.92236328125,124.06336212158205,489.0273132324219,711.7042236328125,1603.2733154296875,10727.9580078125,467.7076721191406,678.88818359375,285.6437072753906,510.72808837890625,1619.5667724609375,1586.1407470703125,2103.9169921875,2668.293701171875,278.0927429199219,4477.68408203125,2822.91748046875,408.4313049316406,970.728515625,1786.6263427734375
2024-04-11,2387.889404296875,3317.26708984375,5224.0673828125,993.2125244140624,259.3857116699219,645.7901000976562,281.73046875,1012.20556640625,50.614498138427734,1704.315673828125,519.3599853515625,2045.102294921875,659.6885986328125,2347.278076171875,2854.48974609375,247.7348175048828,691.6122436523438,183.54702758789065,258.62841796875,130.19749450683594,4074.64794921875,122.51382446289062,458.1912841796875,716.3023071289062,1646.25390625,10957.87109375,461.8613586425781,665.498291015625,284.6442565917969,504.7383117675781,1627.559814453125,1607.122802734375,2082.343017578125,2665.298095703125,272.19927978515625,4375.8916015625,2802.93212890625,406.83154296875,979.9240112304688,1815.6038818359375
2024-04-12,2405.873779296875,3337.256591796875,5368.9033203125,1013.2885131835938,261.182861328125,652.4807739257812,282.6296081542969,1036.1748046875,50.934207916259766,1712.8048095703125,538.4364624023438,2029.1094970703125,653.69140625,2393.224365234375,2934.419677734375,247.0364227294922,687.2134399414062,182.76742553710935,255.3293304443359,133.19512939453125,4055.41259765625,118.66495513916016,459.5894470214844,706.1066284179688,1648.2530517578125,11059.83203125,485.3966369628906,662.3006591796875,282.64532470703125,500.1461791992187,1642.046875,1665.5728759765625,2158.831787109375,2667.295166015625,274.1970520019531,4369.6494140625,2781.94775390625,404.6319274902344,960.7333374023438,1801.6146240234375
2024-04-15,2407.871826171875,3352.2490234375,5403.86328125,1005.298095703125,259.9847412109375,650.1840209960938,286.0263671875,1023.6907958984376,51.114051818847656,1727.7857666015625,526.6510620117188,2045.102294921875,673.1821899414062,2377.242919921875,2886.9619140625,249.0318603515625,693.0118408203125,183.0472717285156,254.12966918945312,130.39732360839844,4028.697021484375,119.56468963623048,461.8864135742187,709.30517578125,1638.257568359375,11019.8486328125,481.34918212890625,664.2991333007812,283.8447265625,509.7297973632813,1642.046875,1648.5872802734375,2126.96142578125,2707.23974609375,276.4945373535156,4350.921875,2767.95751953125,406.7315979003906,958.1345825195312,1805.6116943359375
2024-04-16,2375.900146484375,3303.274169921875,5248.0400390625,999.8046264648438,256.5901794433594,630.8113403320312,280.5316162109375,1005.2144775390624,49.65536117553711,1714.302734375,514.9654541015625,2007.1190185546875,647.1944580078125,2350.2744140625,2832.01025390625,242.74620056152344,676.0164794921875,178.3896484375,246.93165588378903,130.84698486328125,4000.9130859375,116.86548614501952,451.7998046875,687.114501953125,1596.276611328125,10873.90234375,466.3086242675781,634.721435546875,282.64532470703125,499.1478576660156,1609.076171875,1622.1099853515625,2054.3955078125,2688.26611328125,268.50335693359375,4307.22509765625,2743.9755859375,397.7330932617187,961.532958984375,1784.6278076171875
2024-04-17,2385.891357421875,3303.274169921875,5381.888671875,1001.3028564453124,259.18603515625,635.2051391601562,281.9303283691406,1011.7061767578124,50.37471008300781,1732.7791748046875,516.1639404296875,2009.1180419921875,651.192626953125,2365.257080078125,2843.499755859375,242.44688415527344,674.8168334960938,179.84890747070312,248.0313720703125,131.24667358398438,3994.501220703125,119.0148468017578,454.8956909179687,691.9125366210938,1579.2841796875,10857.9091796875,472.5546875,642.7154541015625,280.84637451171875,511.7264099121094,1588.5943603515625,1618.11328125,2126.470947265625,2685.27001953125,272.0993957519531,4276.01416015625,2796.936279296875,401.3324890136719,959.73388671875,1772.636962890625
2024-04-18,2407.871826171875,3327.261962890625,5364.908203125,1017.2837524414062,262.18121337890625,643.693115234375,282.4298400878906,1028.6845703125,50.95418930053711,1746.26171875,511.7694396972656,1992.331787109375,669.683837890625,2416.197998046875,2839.003662109375,244.44232177734375,676.4163208007812,183.8868408203125,250.1307678222656,130.64712524414062,4028.697021484375,120.26448059082033,456.5934143066406,722.499755859375,1589.2796630859375,10909.8896484375,474.7033081054687,661.1015014648438,283.4449157714844,519.1138305664062,1582.0999755859375,1646.0894775390625,2139.708984375,2706.2412109375,275.0960693359375,4306.185546875,2820.9189453125,402.4323120117187,966.33056640625,1787.62548828125
2024-04-19,2453.831298828125,3300.27587890625,5373.8974609375,1032.7652587890625,258.38726806640625,645.2909545898438,281.1310119628906,1038.671630859375,50.874263763427734,1771.7293701171875,514.2662963867188,1979.3360595703125,661.1878662109375,2451.1572265625,2848.49560546875,244.04324340820312,668.4185180664062,185.74591064453125,245.73199462890625,131.59637451171875,4072.5107421875,116.91547393798828,459.0901489257813,721.7000732421875,1585.281494140625,10941.876953125,474.0037536621094,666.2977294921875,282.4454650878906,509.5301208496094,1597.586181640625,1659.0784912109375,2136.767578125,2731.20654296875,276.3946228027344,4335.31591796875,2834.40869140625,395.4335021972656,961.3329467773438,1797.6177978515625
2024-04-22,2515.776611328125,3346.251953125,5379.890625,1045.2503662109375,268.571044921875,665.5623168945312,290.8218078613281,1044.6639404296875,51.09406661987305,1816.671630859375,521.8569946289062,1994.3311767578125,669.1841430664062,2483.12060546875,2904.4462890625,249.8300323486328,679.615478515625,189.084228515625,256.5290222167969,131.64634704589844,4151.58837890625,118.41503143310548,468.4776611328125,735.0945434570312,1608.271240234375,11245.763671875,474.6033935546875,670.8942260742188,282.2455749511719,523.9055786132812,1638.050537109375,1663.574462890625,2118.135986328125,2775.145263671875,279.391357421875,4438.31494140625,2854.893798828125,406.2316589355469,974.3267822265624,1816.6031494140625
2024-04-23,2533.7607421875,3362.243408203125,5310.96875,1041.2550048828125,268.571044921875,666.7606201171875,292.7200012207031,1058.146728515625,51.293888092041016,1803.18896484375,522.4562377929688,2011.325439453125,667.6847534179688,2472.133056640625,2892.456787109375,252.52391052246097,694.8113403320312,192.14268493652344,262.8272705078125,133.19512939453125,4125.94189453125,122.86370849609376,470.0755615234375,742.29150390625,1634.25927734375,11263.755859375,468.2073974609375,680.0872192382812,286.4432678222656,523.306640625,1649.54052734375,1665.5728759765625,2070.08544921875,2795.11767578125,285.484619140625,4421.66845703125,2816.921630859375,417.12982177734375,984.3218994140624,1817.6024169921875
2024-04-24,2535.759033203125,3303.274169921875,5443.81787109375,1036.2611083984375,267.5726318359375,662.6664428710938,291.1214904785156,1054.15185546875,51.733489990234375,1802.1903076171875,524.9530639648438,1989.3328857421875,665.1859741210938,2445.164306640625,2904.4462890625,248.03414916992188,693.0118408203125,191.04324340820312,257.7286682128906,131.54641723632812,4128.07958984375,119.11482238769533,464.7825012207031,734.8946533203125,1607.2716064453125,11347.7236328125,473.8039245605469,678.6883544921875,284.8441467285156,515.3203125,1634.5533447265625,1653.5831298828125,2162.263671875,2760.166259765625,285.5845031738281,4550.6767578125,2809.927001953125,416.9299011230469,982.9225463867188,1811.60693359375
2024-04-25,2551.74462890625,3279.28662109375,5372.89892578125,1028.77001953125,256.1908264160156,660.9688110351562,289.5230407714844,1045.6627197265625,51.15401077270508,1825.1607666015625,525.6522216796875,1966.3404541015625,658.1893310546875,2439.17138671875,2898.451171875,232.4068603515625,688.4130249023438,203.8967437744141,260.6278991699219,131.29661560058594,4362.1064453125,116.2656707763672,457.8916931152344,713.703369140625,1602.2740478515625,12021.470703125,468.3073425292969,682.2855834960938,275.4833068847656,517.31689453125,1639.049560546875,1649.0869140625,2510.383056640625,2688.26611328125,289.48016357421875,4531.95068359375,2756.96630859375,405.6318054199219,963.9318237304688,1852.575439453125
2024-04-26,2567.73046875,3327.261962890625,5446.81494140625,1037.259765625,260.983154296875,662.6664428710938,288.6238708496094,1047.1607666015625,52.253028869628906,1809.1812744140625,524.1541748046875,2009.3260498046875,637.698974609375,2455.152587890625,2900.948974609375,234.0041656494141,695.2113647460938,204.24656677246097,261.4276428222656,133.59478759765625,4416.6064453125,120.11454010009766,463.1846618652344,723.4993286132812,1624.2637939453125,11983.484375,469.2067565917969,680.8866577148438,257.6908264160156,526.9005126953125,1651.5386962890625,1653.5831298828125,2591.7744140625,2695.256103515625,307.0607604980469,4601.65576171875,2773.95361328125,421.0292053222656,980.523681640625,1911.5302734375
2024-04-29,2573.725341796875,3291.280517578125,5450.810546875,1043.752197265625,261.9815368652344,667.1600341796875,291.7209167480469,1052.6536865234375,51.833404541015625,1821.6654052734375,522.6558837890625,2041.315185546875,657.1897583007812,2477.126953125,2884.963134765625,237.0989227294922,696.4109497070312,203.54690551757812,259.6281433105469,130.9468994140625,4386.6845703125,116.5655746459961,467.27923583984375,741.092041015625,1616.2674560546875,12019.4716796875,473.1543273925781,683.2848510742188,253.09278869628903,516.118896484375,1668.5233154296875,1675.064453125,2696.700927734375,2729.20947265625,302.16619873046875,4637.02978515625,2767.45849609375,414.7302551269531,983.5222778320312,1928.5172119140625
2024-04-30,2587.712890625,3301.275390625,5465.79296875,1043.252685546875,262.97998046875,694.6215209960938,296.0168151855469,1046.6614990234375,51.85338592529297,1826.1593017578125,519.7595825195312,2049.3125,662.6871337890625,2464.14208984375,2860.485107421875,235.6014709472656,698.21044921875,202.5973968505859,255.72921752929688,127.84932708740234,4424.08642578125,115.56587982177734,465.0821838378906,700.7088623046875,1615.2679443359375,12057.45703125,467.4079284667969,689.2803344726562,249.89414978027344,518.1156005859375,1671.5211181640625,1665.072998046875,2582.948974609375,2725.21484375,303.1650695800781,4648.474609375,2773.45361328125,413.0305480957031,978.5247192382812,1922.521728515625
2024-05-01,2599.702392578125,3298.27685546875,5419.8447265625,1052.741455078125,263.97833251953125,696.518798828125,299.7132873535156,1053.652587890625,52.153114318847656,1832.1517333984375,508.7730407714844,2025.3206787109375,658.6890869140625,2495.106201171875,2816.5234375,234.90264892578125,702.0094604492188,203.3470001220703,254.4295959472656,127.34971618652344,4424.08642578125,112.11688995361328,464.5828247070313,704.7072143554688,1603.2733154296875,12165.4150390625,466.2086181640625,694.4764404296875,245.89584350585935,518.5148315429688,1703.492431640625,1671.068115234375,2583.439208984375,2697.253662109375,304.463623046875,4656.796875,2740.478271484375,407.4314880371094,976.1258544921876,1933.5133056640625
2024-05-02,2633.67236328125,3282.701171875,5435.8271484375,1047.7474365234375,263.7786865234375,704.0081787109375,299.51348876953125,1057.6474609375,52.013240814208984,1841.14013671875,515.1652221679688,2009.3260498046875,639.1982421875,2474.130859375,2870.47607421875,235.40179443359375,715.40576171875,200.89825439453125,254.5295562744141,126.90007019042967,4466.8310546875,113.81639099121094,467.778564453125,728.2973022460938,1613.268798828125,12151.421875,458.464599609375,755.430419921875,249.2943878173828,516.118896484375,1726.9718017578125,1694.5478515625,2609.915771484375,2687.267333984375,302.86541748046875,4649.51416015625,2726.488525390625,406.4316711425781,985.1214599609376,1923.52099609375
2024-05-03,2611.691650390625,3356.671875,5460.798828125,1071.7186279296875,264.9767761230469,704.5074462890625,298.014892578125,1072.628173828125,52.13312911987305,1823.66259765625,509.7718505859375,2013.32470703125,629.2030029296875,2514.08447265625,2855.988525390625,240.4931640625,722.8037719726562,202.24755859375,258.228515625,128.4488525390625,4475.380859375,115.66583251953124,471.3738098144531,755.8859252929688,1639.257080078125,12045.4619140625,454.7664489746094,754.43115234375,258.69036865234375,520.7110595703125,1731.967041015625,1708.036376953125,2641.295654296875,2698.251953125,304.6634216308594,4656.796875,2726.98828125,418.0296936035156,996.3159790039062,1958.494140625
2024-05-07,2673.63720703125,3409.65087890625,5584.658203125,1085.7020263671875,267.3729248046875,711.5974731445312,304.0091857910156,1094.100830078125,53.671749114990234,1845.1351318359375,503.080078125,2077.30322265625,642.1968383789062,2574.014892578125,2892.456787109375,246.1835479736328,735.6002807617188,210.24351501464844,261.02777099609375,131.0467987060547,4501.02783203125,118.81490325927734,481.9597473144531,759.0845947265625,1656.2493896484375,12113.435546875,467.7098388671875,750.0345458984375,260.6895751953125,528.6974487304688,1759.44287109375,1778.9757080078125,2628.057373046875,2737.197998046875,311.65570068359375,4733.787109375,2753.468505859375,418.32965087890625,997.3156127929688,1954.4971923828125
2024-05-08,2709.60498046875,3431.64208984375,5521.72998046875,1084.703125,270.76751708984375,719.7860107421875,307.50579833984375,1100.0931396484375,53.89155197143555,1869.60400390625,499.8840026855469,2095.297119140625,661.6876831054688,2571.018310546875,2888.9599609375,247.58120727539065,743.1982421875,211.54283142089844,266.0263977050781,133.9445343017578,4519.193359375,116.76551055908205,484.1568298339844,776.67724609375,1686.2357177734375,12259.380859375,460.4635314941406,750.8339233398438,261.0893859863281,536.4841918945312,1771.93212890625,1788.4674072265625,2602.5615234375,2769.15380859375,316.65020751953125,4730.6650390625,2805.9296875,428.6279296875,1007.0108032226562,1971.4842529296875
2024-05-09,2727.58935546875,3449.635009765625,5577.666015625,1100.683837890625,273.76275634765625,690.1611938476562,309.9035339355469,1111.0789794921875,53.89155197143555,1864.11083984375,503.4795837402344,2113.291259765625,666.1854858398438,2602.981201171875,2905.94482421875,248.4796600341797,747.9968872070312,213.1420440673828,270.525146484375,135.94296264648438,4558.73291015625,120.16449737548828,487.9518127441406,787.4727783203125,1701.2291259765625,12327.35546875,463.31207275390625,754.2313232421875,261.6891174316406,534.0882568359375,1778.92578125,1797.9593505859375,2682.971923828125,2744.703125,317.44927978515625,4781.64453125,2834.908447265625,433.8270263671875,1001.0137939453124,1979.47802734375
2024-05-10,2713.601806640625,3457.6318359375,5598.642578125,1093.193115234375,275.5599060058594,695.255615234375,311.4021301269531,1115.5732421875,54.251224517822266,1865.60888671875,505.5769958496094,2111.2919921875,672.1826782226562,2584.00341796875,2943.412109375,248.18017578125,747.9968872070312,213.84169006347656,272.52459716796875,137.3917999267578,4582.2421875,121.864013671875,489.6495056152344,801.4669189453125,1726.2176513671875,12365.3408203125,475.7556762695313,774.4161376953125,261.8890380859375,547.2657470703125,1797.908935546875,1810.44873046875,2719.7451171875,2746.70068359375,318.9476318359375,4782.68505859375,2847.89892578125,423.5287780761719,1004.0123291015624,1992.4678955078125
2024-05-13,2721.5947265625,3409.65087890625,5557.68896484375,1089.1976318359375,278.5550842285156,698.4521484375,312.30126953125,1112.5770263671875,54.251224517822266,1861.6142578125,504.37841796875,2087.2998046875,670.1836547851562,2580.008056640625,2934.419677734375,245.8840789794922,745.1976928710938,214.44139099121097,274.5240478515625,137.3418731689453,4610.02685546875,123.06365966796876,487.55230712890625,790.0716552734375,1731.2154541015625,12313.361328125,475.1559753417969,775.4154052734375,259.8899230957031,551.059326171875,1808.3997802734375,1798.458984375,2654.5341796875,2693.764404296875,319.6468811035156,4784.765625,2829.412353515625,420.6292724609375,1006.0113525390624,2010.4542236328125
2024-05-14,2719.596435546875,3442.6376953125,5548.69873046875,1105.677978515625,278.1557312011719,705.6446533203125,313.6000061035156,1118.0701904296875,54.49101257324219,1876.0953369140625,501.6817626953125,2093.2978515625,671.6829223632812,2624.955810546875,2898.451171875,244.78591918945312,755.5949096679688,217.0900421142578,273.82421875,139.29031372070312,4583.31103515625,123.11363983154295,487.8518981933594,791.8709106445312,1723.218994140625,12241.38671875,492.2471923828125,777.8135986328125,262.0889587402344,547.6651000976562,1808.3997802734375,1832.4298095703125,2568.72998046875,2692.765380859375,323.242919921875,4785.80615234375,2836.906982421875,419.5294494628906,1017.5057373046876,2000.461669921875
2024-05-15,2777.545166015625,3460.630615234375,5515.73681640625,1110.6719970703125,276.7579650878906,700.9496459960938,310.403076171875,1135.0484619140625,54.4510498046875,1983.957275390625,496.3384094238281,2109.29248046875,676.1808471679688,2649.9267578125,2866.479736328125,251.37478637695312,755.5949096679688,212.9921417236328,275.72369384765625,144.0365753173828,4595.0654296875,126.8125457763672,492.1461791992187,803.466064453125,1732.215087890625,12167.4150390625,487.6495666503906,773.6167602539062,266.0872802734375,534.2879028320312,1810.897705078125,1860.4058837890625,2574.12353515625,2670.7919921875,326.039794921875,4781.64453125,2800.93359375,426.42828369140625,1019.5046997070312,2026.4417724609375
2024-05-16,2795.529296875,3453.63330078125,5642.59228515625,1095.6900634765625,281.75,695.755126953125,306.48828125,1141.040771484375,54.9705810546875,1991.44775390625,488.7536315917969,2119.2890625,679.1793823242188,2620.96044921875,2826.7802734375,254.2698974609375,754.7951049804688,214.7912139892578,278.322998046875,146.28480529785156,4574.103515625,125.41295623779295,496.3406066894531,827.0563354492188,1730.2159423828125,12161.41796875,492.7469482421875,785.2080078125,255.29183959960935,543.6719360351562,1782.0706787109375,1861.904541015625,2578.04541015625,2667.795654296875,326.039794921875,4804.533203125,2814.923095703125,420.3293151855469,1024.5023193359375,1981.476318359375
2024-05-17,2781.54150390625,3456.632080078125,5778.4375,1106.6768798828125,283.1477355957031,696.254638671875,310.68536376953125,1134.549072265625,55.47013473510742,1962.9840087890625,490.7513732910156,2119.2890625,675.6810302734375,2641.93603515625,2802.299560546875,252.3730926513672,729.8018798828125,216.64027404785156,276.6234436035156,144.43626403808594,4612.57763671875,121.46412658691406,493.0450134277344,818.8598022460938,1724.218505859375,12105.4384765625,496.744873046875,781.0111083984375,254.49220275878903,542.673583984375,1773.5775146484375,1829.93212890625,2625.60595703125,2665.7978515625,320.645751953125,4778.52294921875,2798.435302734375,418.0296936035156,1023.0031127929688,1976.480224609375
2024-05-20,2795.529296875,3464.62890625,5788.4267578125,1092.1942138671875,284.14617919921875,694.8561401367188,310.1856994628906,1037.731201171875,56.1495246887207,1937.0174560546875,490.7014770507813,2199.262451171875,665.1859741210938,2629.949951171875,2801.799560546875,252.4729156494141,727.4025268554688,216.64027404785156,276.7234191894531,146.08497619628906,4579.4482421875,123.76345825195312,494.043701171875,804.8655395507812,1743.2099609375,12091.4443359375,501.2425842285156,784.0089111328125,254.29226684570312,545.8681030273438,1773.5775146484375,1814.4451904296875,2628.057373046875,2694.76318359375,316.65020751953125,4719.220703125,2791.940185546875,436.7265319824219,1022.5032958984376,1971.4842529296875
2024-05-21,2801.52392578125,3463.62939453125,5818.392578125,1084.703125,282.9480285644531,696.9539184570312,311.6846618652344,1034.9774169921875,56.12954330444336,1942.0111083984375,490.2519836425781,2167.27294921875,665.1859741210938,2609.97314453125,2801.2998046875,251.97377014160156,726.4027709960938,217.43988037109375,273.7242431640625,147.9834747314453,4571.9677734375,120.56439208984376,493.6441650390625,797.2686767578125,1739.2117919921875,12359.34375,499.6434020996094,778.2132568359375,251.69337463378903,540.2776489257812,1754.5927734375,1797.459716796875,2634.921875,2729.720947265625,314.75225830078125,4721.3017578125,2749.471435546875,432.9272155761719,1019.0050048828124,1930.515625
2024-05-22,2773.548828125,3480.622802734375,5683.5458984375,1075.7139892578125,282.9480285644531,692.0591430664062,311.7845764160156,1034.9774169921875,56.32936096191406,1957.9906005859375,481.162109375,2159.276123046875,666.685302734375,2635.94287109375,2758.333984375,248.18017578125,741.1987915039062,211.34295654296875,287.9203186035156,147.18411254882812,4568.76025390625,120.8643035888672,495.5416870117187,782.27490234375,1736.2132568359375,12355.3447265625,482.7521057128906,772.0179443359375,253.8924560546875,553.8544921875,1787.0665283203125,1814.9447021484375,2646.19873046875,2752.693359375,313.1540222167969,4644.3125,2743.475830078125,427.9280395507813,1014.5071411132812,1937.51025390625
2024-05-23,2765.5556640625,3488.619384765625,5673.55810546875,1022.7771606445312,276.9576110839844,690.6605834960938,312.0843811035156,922.5298461914062,55.72989654541016,1937.7386474609375,482.01116943359375,2133.2841796875,666.1854858398438,2500.1005859375,2770.324462890625,244.78591918945312,749.396484375,214.89114379882812,292.5190734863281,143.78677368164062,4608.3037109375,121.46412658691406,482.2593688964844,768.4806518554688,1732.215087890625,12399.328125,483.201904296875,774.8158569335938,251.49346923828125,549.6616821289062,1776.5748291015625,1767.985107421875,2594.22607421875,2701.754638671875,306.8609924316406,4620.38330078125,2707.50244140625,440.325927734375,982.1229248046876,1957.4947509765625
2024-05-24,2779.54345703125,3518.607666015625,5648.58544921875,1006.296875,276.7579650878906,692.658447265625,314.78253173828125,888.2640380859375,54.75077819824219,1933.7432861328125,482.4607543945313,2153.27783203125,672.1826782226562,2446.162841796875,2769.824951171875,247.4813537597656,747.5970458984375,216.04055786132812,299.11724853515625,141.0389404296875,4591.2041015625,121.41414642333984,487.4524536132813,765.4818725585938,1741.2109375,12291.3681640625,483.7016296386719,777.2140502929688,250.8937225341797,547.6651000976562,1773.077880859375,1739.009765625,2564.317138671875,2721.730712890625,307.16064453125,4590.21240234375,2691.014404296875,444.7252197265625,978.3247680664062,1956.49560546875
2024-05-28,2753.56640625,3424.644775390625,5582.66015625,980.6276245117188,278.9544372558594,687.26416015625,310.88525390625,875.4803466796875,55.53007888793945,1916.76318359375,486.4562072753906,2153.27783203125,661.1878662109375,2382.2373046875,2778.318115234375,252.3730926513672,732.0012817382812,218.9890899658203,301.91644287109375,140.53933715820312,4548.45556640625,128.01217651367188,480.9610900878906,764.6822509765625,1714.2230224609375,12023.46875,488.7490234375,773.6167602539062,251.49346923828125,537.6820068359375,1738.6053466796875,1746.50341796875,2508.421630859375,2688.7705078125,309.05853271484375,4555.87939453125,2627.06201171875,450.9241943359375,979.524169921875,1903.536376953125
2024-05-29,2731.5859375,3413.649169921875,5471.78662109375,989.6167602539062,274.9607849121094,684.3672485351562,308.8866271972656,837.3292236328125,54.69083404541016,1903.27880859375,488.5538940429687,2139.2822265625,669.683837890625,2380.23974609375,2799.301513671875,248.3798370361328,730.4016723632812,214.0415802001953,302.71624755859375,140.3394775390625,4514.255859375,126.66259002685548,479.0635986328125,748.2890625,1704.2275390625,11925.505859375,483.0019836425781,769.819580078125,248.49473571777344,542.2742309570312,1745.1002197265625,1702.5411376953125,2431.93359375,2705.75,309.7577819824219,4463.2841796875,2588.090576171875,446.92486572265625,979.7240600585938,1905.5347900390625
2024-05-30,2638.56640625,3399.654541015625,5481.775390625,1002.3016967773438,278.5550842285156,692.0591430664062,311.28497314453125,841.9232788085938,55.490116119384766,1922.2567138671875,484.7082214355469,2147.280029296875,681.67822265625,2333.980712890625,2794.805419921875,250.7757873535156,824.7760620117188,218.4393615722656,303.83599853515625,139.06695556640625,4551.66162109375,133.760498046875,478.4643859863281,749.6884765625,1718.2213134765625,12023.46875,481.6526184082031,780.811279296875,249.69422912597656,544.0712280273438,1728.613525390625,1714.53076171875,2461.35205078125,2708.746337890625,315.85107421875,4544.43505859375,2600.081787109375,450.9241943359375,986.920654296875,1911.5302734375
2024-05-31,2646.56201171875,3414.64892578125,5469.78857421875,1014.7868041992188,276.7579650878906,695.6553344726562,310.7853088378906,881.27294921875,55.47013473510742,1938.737548828125,487.60491943359375,2123.2880859375,689.6744384765625,2383.9375,2809.293701171875,249.57781982421875,815.978515625,219.88861083984375,301.9364013671875,141.46554565429688,4573.03662109375,127.46234893798828,479.2633056640625,746.689697265625,1721.219970703125,12185.4091796875,480.5032348632813,776.8143310546875,248.49473571777344,543.6719360351562,1765.0841064453125,1753.497314453125,2464.784423828125,2710.74365234375,314.65240478515625,4631.828125,2628.560791015625,453.32373046875,989.9191284179688,1928.5172119140625
2024-06-03,2686.540283203125,3420.646484375,5427.83642578125,1004.7987060546876,278.9544372558594,692.5586547851562,311.88458251953125,884.8683471679688,55.35024642944336,1935.24169921875,480.6627197265625,2105.2939453125,683.177490234375,2354.96240234375,2780.31640625,251.474609375,827.1754760742188,219.08901977539065,306.0355529785156,141.11573791503906,4602.9599609375,133.9104461669922,479.2633056640625,754.8863525390625,1732.215087890625,12341.3505859375,481.25286865234375,775.8151245117188,247.4951629638672,550.659912109375,1596.71923828125,1775.9781494140625,2454.488037109375,2732.717529296875,319.34722900390625,4668.24169921875,2637.054443359375,460.822509765625,983.72216796875,1957.4947509765625
2024-06-04,2688.539306640625,3485.620849609375,5345.92919921875,1020.7796020507812,278.1557312011719,689.4619750976562,311.7845764160156,910.6353759765624,55.59002685546875,1950.7237548828125,462.3831481933594,2081.3017578125,673.1821899414062,2403.920166015625,2720.86328125,250.37648010253903,825.5758666992188,214.89114379882812,311.53436279296875,142.1651153564453,4667.08251953125,132.31092834472656,474.569580078125,749.488525390625,1731.2154541015625,12399.328125,468.1595458984375,734.6461181640625,247.89498901367188,545.4688110351562,1613.7054443359375,1791.9644775390625,2356.91650390625,2695.761962890625,313.1540222167969,4689.0498046875,2637.553955078125,447.9246826171875,994.7168579101562,1982.4757080078125
2024-06-05,2692.537109375,3519.607421875,5304.97607421875,1014.7868041992188,273.56304931640625,684.766845703125,309.7859802246094,900.448486328125,54.69083404541016,1981.1878662109375,459.8858947753906,2083.30126953125,672.1826782226562,2403.920166015625,2715.36767578125,249.07867431640625,821.976806640625,212.54234313964844,309.034912109375,135.31918334960938,4680.97607421875,126.2627182006836,475.5682373046875,750.4880981445312,1731.2154541015625,12511.2861328125,469.8087158203125,740.2418823242188,247.29522705078125,505.7366333007813,1649.177001953125,1787.4683837890625,2328.478759765625,2741.70654296875,312.05523681640625,4679.685546875,2654.54150390625,453.2237854003906,1027.5009765625,1974.48193359375
2024-06-06,2714.525146484375,3538.599853515625,5402.865234375,1009.792724609375,267.2630310058594,691.4597778320312,309.38629150390625,863.2710571289062,55.59002685546875,1981.6873779296875,462.6328430175781,2083.30126953125,681.178466796875,2401.921875,2734.352783203125,253.07191467285156,829.3748168945312,216.04055786132812,310.0346984863281,134.81948852539062,4690.5947265625,128.11216735839844,480.162109375,761.8833618164062,1737.212646484375,12585.2587890625,476.9551086425781,743.8392944335938,250.2939453125,494.7554016113281,1638.685546875,1782.9720458984375,2365.25146484375,2763.680419921875,318.4481506347656,4708.8173828125,2710.5,458.1229553222656,1033.997802734375,1971.4842529296875
2024-06-07,2702.53173828125,3529.603515625,5345.92919921875,1009.2932739257812,263.4678039550781,693.8571166992188,307.3876647949219,868.4666748046875,54.75077819824219,1984.6839599609375,462.1833801269531,2097.296630859375,682.177978515625,2407.91650390625,2730.35595703125,248.67935180664065,818.7777099609375,217.1400146484375,309.2348327636719,133.37034606933594,4698.0751953125,125.46294403076172,477.2659606933594,731.2960815429688,1731.2154541015625,12551.271484375,469.5088806152344,745.43798828125,251.69337463378903,492.0599670410156,1627.6944580078125,1785.47021484375,2336.323486328125,2726.724853515625,316.5502624511719,4688.0087890625,2668.031494140625,456.82318115234375,1037.49609375,1947.5025634765625
2024-06-10,2698.53369140625,3501.614501953125,5350.92333984375,1009.2932739257812,262.8685607910156,692.858154296875,305.5888977050781,871.6640014648438,54.17130279541016,,470.3243103027344,2091.298583984375,676.6805419921875,2403.920166015625,2755.33642578125,245.5845642089844,823.37646484375,214.6412811279297,309.5347900390625,133.72015380859375,4669.220703125,124.36327362060548,469.3764343261719,720.5005493164062,1714.2230224609375,12595.25390625,475.5557861328125,752.632568359375,245.29608154296875,487.66748046875,1619.7008056640625,1787.9678955078125,2327.007568359375,2653.812255859375,310.5569152832031,4598.53515625,2605.077880859375,464.9218444824219,1026.5013427734375,1928.5172119140625
2024-06-11,2706.529541015625,3489.619384765625,5245.0439453125,996.40869140625,256.67633056640625,676.8753662109375,302.0912780761719,862.072021484375,53.332054138183594,1975.6943359375,467.8270568847656,2065.307373046875,664.1864624023438,2379.940673828125,2748.342041015625,242.68946838378903,813.9790649414062,208.9441680908203,296.53753662109375,132.27102661132812,4656.3955078125,123.56350708007812,467.8784484863281,709.1053466796875,1704.2275390625,12371.3388671875,465.31103515625,720.6566772460938,248.49473571777344,484.1734313964844,1613.7054443359375,1768.484619140625,2313.27880859375,2559.92529296875,303.4647216796875,4565.24267578125,2592.587158203125,464.9218444824219,1008.0103759765624,1971.4842529296875
2024-06-12,2704.530517578125,3570.587158203125,5243.04638671875,1018.2825927734376,256.07708740234375,681.0708618164062,301.8914489746094,876.8594970703125,54.93062210083008,1987.6805419921875,464.3809509277344,2089.29931640625,672.6824951171875,2416.90869140625,2742.346435546875,229.41192626953125,826.9754638671875,208.5943298339844,302.236328125,132.02117919921875,4694.86962890625,124.36327362060548,476.0675659179687,725.0986938476562,1723.218994140625,12461.3046875,462.6623840332031,741.2410888671875,253.69253540039065,472.4933776855469,1603.7137451171875,1769.483642578125,2328.478759765625,2572.909423828125,309.7577819824219,4567.3232421875,2609.074951171875,469.3210754394531,1015.0070190429688,2008.45556640625
2024-06-13,2704.530517578125,3574.58544921875,5230.06103515625,1049.2454833984375,257.8748474121094,672.4801025390625,302.2911682128906,872.0635986328125,54.01144790649414,1977.692138671875,459.4863586425781,2059.3095703125,666.685302734375,2517.821533203125,2721.862060546875,223.3222198486328,825.1760864257812,205.0461273193359,296.83746337890625,130.0723114013672,4718.38134765625,122.01985168457033,470.7745666503906,707.3060302734375,1707.226318359375,12387.3330078125,459.913818359375,731.0487670898438,252.89285278320312,464.2075500488281,1608.7095947265625,1777.476806640625,2342.697509765625,2553.932373046875,307.95977783203125,4637.02978515625,2572.601806640625,467.7213439941406,1010.5091552734376,1992.4678955078125
2024-06-14,2690.5380859375,3556.5927734375,5213.080078125,1035.2623291015625,258.47406005859375,676.076171875,309.98590087890625,881.2559204101562,54.1313362121582,1997.1693115234375,459.4863586425781,2013.32470703125,654.191162109375,2471.861328125,2708.87255859375,224.3205413818359,818.7777099609375,201.89773559570312,295.3377380371094,131.9212188720703,4755.787109375,120.7201690673828,475.3684692382813,699.709228515625,1680.238525390625,12505.287109375,454.3166809082031,723.6544189453125,253.69253540039065,462.2109680175781,1603.2139892578125,1765.487060546875,2342.207275390625,2547.939453125,306.8609924316406,4570.44482421875,2577.0986328125,457.7229919433594,999.1146240234376,1956.49560546875
2024-06-17,2686.540283203125,3566.588623046875,5175.123046875,1010.2921142578124,258.47406005859375,682.2695922851562,306.7880554199219,875.0611572265625,54.49101257324219,1991.17626953125,460.1356201171875,2025.3206787109375,673.1821899414062,2382.938232421875,2723.86083984375,227.2156524658203,810.7798461914062,204.7962646484375,295.837646484375,131.3215789794922,4738.6865234375,120.47023010253906,469.8757629394531,696.910400390625,1683.2371826171875,12423.3193359375,448.119873046875,719.4575805664062,244.0965881347656,473.6913146972656,1598.7176513671875,1737.5111083984375,2325.046142578125,2581.898681640625,307.6601257324219,4585.01025390625,2573.601318359375,461.52239990234375,986.7206420898438,1963.4903564453125
2024-06-18,2686.540283203125,3589.57958984375,5202.0927734375,1013.2885131835938,260.4715576171875,685.7659301757812,309.0864562988281,893.445556640625,54.9705810546875,2004.66064453125,466.3287353515625,2031.3187255859375,680.6786499023438,2388.932861328125,2731.35498046875,226.41697692871097,814.578857421875,205.8957061767578,300.83660888671875,132.7207489013672,4742.9619140625,117.82089233398438,473.5709228515625,699.709228515625,1692.233154296875,12411.3232421875,453.2173156738281,721.4560546875,244.89627075195312,472.5932312011719,1610.7080078125,1798.458984375,2342.697509765625,2585.893798828125,309.8576965332031,4553.79833984375,2556.1142578125,467.82135009765625,987.3204345703124,1997.464111328125
2024-06-19,2684.541259765625,3585.581298828125,5230.06103515625,1008.7939453125,259.2731018066406,692.2588500976562,308.6867370605469,900.2398681640625,55.170406341552734,2012.6513671875,465.8292846679687,2039.3160400390625,696.17138671875,2404.919189453125,2745.843994140625,227.1158142089844,813.3790893554688,206.59535217285156,302.5362548828125,134.26983642578125,4737.6181640625,119.7704086303711,477.5655822753906,700.3088989257812,1697.23095703125,12335.3505859375,455.9158630371094,721.4560546875,242.8970947265625,470.1972961425781,1615.2044677734375,1803.9542236328125,2381.431884765625,2573.908203125,312.1551208496094,4574.6064453125,2567.10595703125,472.4205627441406,990.3189697265624,1975.4810791015625
2024-06-20,2708.5283203125,3606.57275390625,5265.02099609375,992.5398559570312,264.666259765625,696.254638671875,308.6867370605469,904.2364501953124,56.02962875366211,2040.61865234375,469.97467041015625,2059.3095703125,698.17041015625,2438.889892578125,2765.328369140625,230.90939331054688,819.7774047851562,207.94467163085935,303.236083984375,135.8688507080078,4737.6181640625,125.868896484375,482.9584045410156,712.1041259765625,1716.22216796875,12393.330078125,463.7119140625,734.8460083007812,243.2969207763672,476.2868957519531,1616.703125,1838.4246826171875,2419.676025390625,2588.890380859375,320.14630126953125,4621.423828125,2588.590087890625,485.4183654785156,998.5150146484376,1998.46337890625
2024-06-21,2698.53369140625,3598.576171875,5228.06298828125,1008.6259155273438,262.0695495605469,682.9688720703125,308.386962890625,898.0416259765625,55.510101318359375,2033.626708984375,470.47412109375,2037.3167724609375,694.6720581054688,2461.8701171875,2774.821044921875,230.7097320556641,811.7796020507812,204.7462921142578,297.937255859375,136.5684356689453,4738.6865234375,126.06884765625,479.1634521484375,706.9063110351562,1706.2266845703125,12467.3017578125,454.4666137695313,722.4552612304688,237.0995635986328,468.2007141113281,1597.7183837890625,1822.438232421875,2424.578857421875,2560.924072265625,314.4526062011719,4606.85888671875,2576.099609375,473.1204528808594,1004.5120239257812,1969.4857177734375
2024-06-24,2728.517578125,3610.5712890625,5222.0703125,1013.6216430664062,259.872314453125,689.9613647460938,308.1871032714844,888.0501098632812,55.62998580932617,2061.594482421875,473.6205749511719,2047.313232421875,699.6697387695312,2471.861328125,2792.30712890625,230.0109100341797,804.381591796875,207.4449157714844,295.9376525878906,137.11810302734375,4741.89306640625,129.9178924560547,483.6575012207031,758.6847534179688,1724.218505859375,12473.30078125,459.2641296386719,731.2486572265625,241.2977752685547,464.4071960449219,1607.210693359375,1824.4366455078125,2451.54638671875,2565.91796875,315.3515930175781,4623.5048828125,2576.099609375,471.22076416015625,995.7163696289062,1977.4794921875
2024-06-25,2728.517578125,3613.570068359375,5233.0576171875,1005.1289672851562,259.47283935546875,686.2653198242188,307.3876647949219,894.244873046875,55.490116119384766,2052.6044921875,473.3708190917969,1990.3323974609375,697.1708984375,2455.875244140625,2805.296875,228.81295776367188,796.3837890625,206.0456390380859,287.639404296875,135.8688507080078,4732.2744140625,127.01860809326172,479.4630126953125,743.6909790039062,1698.2303466796875,12545.2724609375,454.2666931152344,727.8512573242188,231.302001953125,455.8218688964844,1593.7216796875,1826.434814453125,2471.158447265625,2623.848388671875,309.65789794921875,4554.8388671875,2570.603515625,465.921630859375,978.7245483398438,1939.5087890625
2024-06-26,2740.510986328125,3602.574462890625,5261.025390625,995.1376953125,259.872314453125,687.3641357421875,307.3876647949219,886.8511352539062,55.7498779296875,2020.6417236328125,470.0245971679687,1988.3331298828125,698.670166015625,2439.88916015625,2788.809814453125,227.1158142089844,802.5821533203125,205.7458038330078,291.8385009765625,137.6678009033203,4723.724609375,125.66893768310548,476.96636962890625,746.289794921875,1700.2294921875,12551.271484375,453.9668884277344,725.4530639648438,235.30030822753903,451.9285583496094,1598.218017578125,1806.95166015625,2478.512939453125,2593.88427734375,310.65679931640625,4572.525390625,2551.11767578125,461.6223754882813,978.3247680664062,1915.5272216796875
2024-06-27,2716.52392578125,3652.554931640625,5170.12939453125,982.548583984375,256.67633056640625,688.5628662109375,306.2884216308594,878.6581420898438,56.02962875366211,2004.66064453125,472.2720642089844,1995.330810546875,699.1699829101562,2399.92333984375,2811.292236328125,225.9178466796875,811.3797607421875,209.64382934570312,293.83807373046875,136.31858825683594,4677.76904296875,126.31878662109376,475.8678283691406,721.7000732421875,1724.218505859375,12323.3564453125,452.517578125,721.2562255859375,237.0995635986328,444.33587646484375,1524.7769775390625,1783.4716796875,2441.73974609375,2639.829345703125,312.9542541503906,4527.78857421875,2498.156982421875,454.62359619140625,976.1258544921876,1873.5594482421875
2024-06-28,2696.53466796875,3637.560546875,5195.1005859375,981.7492065429688,254.67886352539065,683.1686401367188,305.78875732421875,881.8553466796875,54.69083404541016,2021.640625,474.66943359375,1983.3348388671875,707.6659545898438,2377.9423828125,2831.776123046875,226.6166534423828,800.9826049804688,208.79425048828125,286.43963623046875,134.81948852539062,4643.5712890625,119.47047424316406,475.9677429199219,718.1016235351562,1704.2275390625,12351.345703125,450.8684692382813,715.4605102539062,234.7005920410156,436.5475158691406,1528.274169921875,1787.9678955078125,2453.507080078125,2611.862548828125,311.4559020996094,4454.9609375,2487.664794921875,456.7231750488281,980.1239013671876,1889.547119140625
2024-07-01,2690.5380859375,3575.5849609375,5228.06298828125,985.9456176757812,257.4753112792969,690.1611938476562,307.0878601074219,884.6530151367188,55.570045471191406,2025.635986328125,477.9657287597656,1985.3341064453125,686.1760864257812,2391.930419921875,2855.2578125,228.5134429931641,796.5836791992188,213.0920562744141,288.3392333984375,136.66839599609375,4643.5712890625,119.3205108642578,475.3684692382813,713.9033813476562,1702.2286376953125,12299.3662109375,461.4630432128906,731.6484375,236.2998809814453,441.3403015136719,1524.7769775390625,1797.459716796875,2385.35400390625,2570.911865234375,314.65240478515625,4462.244140625,2478.171875,452.7238464355469,975.1262817382812,1865.5654296875
2024-07-02,2682.54248046875,3573.5859375,5164.13525390625,957.9697875976562,250.0846710205078,688.163330078125,304.1898498535156,892.2466430664062,54.89065170288086,2011.652587890625,484.1588134765625,1957.3433837890625,650.1930541992188,2348.967529296875,2867.248291015625,226.41697692871097,802.5821533203125,210.643310546875,285.03997802734375,136.01878356933594,4604.0283203125,117.57095336914062,468.27789306640625,704.9070434570312,1690.2340087890625,12081.447265625,466.0106506347656,712.0631103515625,235.10040283203125,438.9439392089844,1502.2950439453125,1783.97119140625,2349.561767578125,2539.94921875,316.75006103515625,4429.9921875,2461.683837890625,446.125,972.527587890625,1843.582275390625
2024-07-03,2680.54345703125,3568.587890625,5322.955078125,983.9473266601562,254.2793884277344,684.567138671875,303.9900207519531,911.430419921875,55.829811096191406,2042.6162109375,482.111083984375,1963.3414306640625,654.191162109375,2405.918212890625,2848.762939453125,230.4102478027344,802.1821899414062,218.03955078125,288.7391662597656,138.3673858642578,4597.61669921875,112.87210845947266,474.07025146484375,720.100830078125,1722.219482421875,12015.4736328125,476.7551574707031,722.0556030273438,237.4993896484375,435.2494201660156,1502.2950439453125,1812.946533203125,2378.48974609375,2569.913330078125,321.14520263671875,4401.90087890625,2506.650634765625,455.7233581542969,985.7212524414062,1821.599365234375
2024-07-04,2692.537109375,3581.582763671875,5352.9208984375,989.942138671875,255.6776123046875,690.560546875,307.48760986328125,921.8215942382812,57.228546142578125,2052.6044921875,489.7525634765625,1961.3421630859375,655.6904907226562,2426.89990234375,2897.724609375,233.00584411621097,800.1828002929688,224.2364196777344,288.2392578125,140.3661651611328,4633.9521484375,112.2722625732422,480.3618469238281,718.3014526367188,1737.212646484375,12101.4404296875,480.5531921386719,738.64306640625,240.4981231689453,433.8515319824219,1509.2894287109375,1834.9276123046875,2386.334716796875,2565.91796875,325.4404602050781,4428.951171875,2533.131103515625,461.82232666015625,1053.4881591796875,1829.59326171875
2024-07-05,2676.5458984375,3583.58203125,5253.03515625,1024.112548828125,260.87103271484375,672.8795776367188,310.7853088378906,927.217041015625,58.22765350341797,2036.623291015625,481.6615905761719,1972.33837890625,660.6881103515625,2501.83544921875,2859.754150390625,231.90771484375,810.5798950195312,220.4383544921875,295.437744140625,141.8153076171875,4626.47216796875,113.57192993164062,470.7745666503906,706.7063598632812,1699.22998046875,12051.4580078125,482.8020324707031,722.4552612304688,239.09869384765625,442.838134765625,1509.788818359375,1853.4117431640625,2396.631591796875,2579.901123046875,324.4415588378906,4446.63818359375,2521.139892578125,454.1236267089844,1056.48681640625,1816.6031494140625
2024-07-08,2726.5185546875,3591.57861328125,5200.09521484375,1030.1072998046875,258.673828125,672.1803588867188,309.1864013671875,927.8165893554688,58.96699142456055,2043.6148681640625,474.1199951171875,1964.3411865234375,684.177001953125,2498.837890625,2832.775634765625,231.0092315673828,805.38134765625,221.9375915527344,297.0374450683594,139.01698303222656,4646.7763671875,113.6219253540039,474.869140625,716.902099609375,1694.2320556640625,12039.462890625,479.1039733886719,716.8594970703125,243.69677734375,455.8186950683594,1508.290283203125,1827.4339599609375,2367.212646484375,2605.869873046875,329.0364990234375,4459.12255859375,2504.15234375,461.2224426269531,1061.484375,1807.610107421875
2024-07-09,2700.53271484375,3593.578125,5212.08154296875,1041.0977783203125,254.07960510253903,668.7839965820312,308.1871032714844,929.0155639648438,57.78805160522461,2049.608642578125,453.7427673339844,1930.3526611328125,683.177490234375,2561.783447265625,2831.776123046875,228.4136199951172,807.180908203125,216.64027404785156,290.23883056640625,136.11871337890625,4670.2890625,111.4724578857422,474.7692565917969,714.9029541015625,1698.2303466796875,11939.5009765625,475.8056640625,708.6657104492188,242.0974578857422,440.34185791015625,1508.789794921875,1823.4376220703125,2333.38134765625,2589.88916015625,322.2440185546875,4418.54736328125,2476.173095703125,447.624755859375,1077.4765625,1808.609375
2024-07-10,2698.53369140625,3593.578125,5218.07470703125,1065.0771484375,260.4715576171875,669.7828979492188,310.38555908203125,940.8055419921876,58.047813415527344,2063.591796875,454.1423645019531,1957.3433837890625,680.6786499023438,2614.73779296875,2830.77685546875,231.6082305908203,811.57958984375,219.43885803222656,296.83746337890625,139.6166229248047,4710.89990234375,111.4224624633789,482.45904541015625,734.8946533203125,1730.2159423828125,12073.451171875,478.7541198730469,720.8565673828125,241.69760131835935,440.1421203613281,1503.7939453125,1840.9224853515625,2360.838623046875,2620.85205078125,322.3439025878906,4495.53564453125,2500.655029296875,454.1236267089844,1091.4698486328125,1815.6038818359375
2024-07-11,2696.53466796875,3541.5986328125,5244.044921875,1093.0528564453125,267.6625061035156,668.68408203125,313.7832336425781,957.5914306640624,59.086883544921875,2070.58349609375,451.2955017089844,1975.33740234375,679.6791381835938,2712.65283203125,2812.791015625,232.80618286132812,813.9790649414062,222.4873046875,303.4360656738281,140.1663055419922,4708.76318359375,114.17179107666016,490.748046875,739.4927368164062,1757.20361328125,12095.443359375,478.5542297363281,718.8580322265625,245.4960021972656,444.6353759765625,1503.7939453125,1874.8934326171875,2347.600341796875,2594.883056640625,326.4393310546875,4497.61669921875,2544.123046875,453.1238403320313,1090.4703369140625,1834.5894775390625
2024-07-12,2720.52197265625,3574.58544921875,5254.03369140625,1056.0848388671875,264.8659973144531,670.38232421875,318.0802307128906,949.9978637695312,59.04691696166992,2082.569580078125,452.99365234375,2003.3280029296875,674.1817626953125,2656.701416015625,2810.29296875,232.0075225830078,821.976806640625,222.33737182617188,309.5347900390625,137.6678009033203,4738.6865234375,115.72140502929688,488.950439453125,731.6959228515625,1779.193603515625,12255.3818359375,478.1044616699219,722.8550415039062,245.29608154296875,447.63092041015625,1515.7841796875,1867.3997802734375,2349.561767578125,2605.869873046875,323.242919921875,4539.23291015625,2537.627685546875,449.92431640625,1099.4658203125,1835.5885009765625
2024-07-15,2680.54345703125,3538.599853515625,5186.11083984375,1034.1038818359375,260.87103271484375,663.0900268554688,315.4820556640625,928.6159057617188,58.7471923828125,2055.60107421875,448.8982543945313,1966.3404541015625,666.685302734375,2595.75390625,2805.296875,232.0075225830078,825.3758544921875,225.63571166992188,299.8367919921875,136.31858825683594,4708.76318359375,114.6216812133789,485.3551940917969,714.7030029296875,1751.2064208984375,12099.4404296875,471.0580749511719,726.8519897460938,242.49728393554688,445.9334411621094,1496.79931640625,1819.9403076171875,2318.672119140625,2576.904541015625,322.4437561035156,4451.83984375,2486.165771484375,449.4244384765625,1069.9803466796875,1835.5885009765625
2024-07-16,2688.539306640625,3546.596435546875,5065.248046875,996.13671875,265.8647766113281,663.2899169921875,318.6798400878906,923.6201171875,58.44745635986328,2042.6162109375,446.1013488769531,1983.3348388671875,673.1821899414062,2470.8623046875,2780.31640625,230.0109100341797,822.3767700195312,227.2349090576172,309.2348327636719,137.71775817871094,4711.96826171875,118.6706771850586,482.6587829589844,709.30517578125,1750.2069091796875,12095.443359375,458.3146057128906,725.6528930664062,245.69590759277344,465.3045043945313,1499.796875,1823.4376220703125,2264.73828125,2584.89501953125,326.3394775390625,4450.79931640625,2478.171875,458.82281494140625,1061.984130859375,1848.57861328125
2024-07-17,2730.516357421875,3490.618896484375,5065.248046875,1012.6224365234376,265.8647766113281,665.9869995117188,321.37799072265625,932.8123168945312,58.72719955444336,2076.576416015625,452.1945495605469,1945.3475341796875,683.177490234375,2517.821533203125,2796.303955078125,226.6166534423828,813.9790649414062,230.5832061767578,308.1351013183594,137.86766052246094,4767.54248046875,116.62118530273438,481.3605346679687,716.5022583007812,1735.213623046875,12239.3876953125,458.2646484375,735.84521484375,248.89454650878903,459.3135070800781,1527.2750244140625,1834.4281005859375,2230.906982421875,2595.8818359375,328.0375671386719,4535.0712890625,2506.650634765625,447.1248168945313,1088.4713134765625,1850.5771484375
2024-07-18,2768.49560546875,3471.626220703125,4998.32421875,1027.609375,270.6587219238281,662.7904663085938,324.67572021484375,940.2061157226562,59.146827697753906,2091.55908203125,458.4875183105469,1955.3441162109375,673.6819458007812,2562.782470703125,2832.27587890625,228.11410522460935,801.3823852539062,228.4842834472656,310.4346008300781,138.7671356201172,4825.2529296875,120.87013244628906,486.3539123535156,716.902099609375,1728.216796875,12121.43359375,450.6685791015625,729.8497314453125,251.69337463378903,462.8082580566406,1528.7738037109375,1862.404052734375,2241.693603515625,2595.8818359375,335.9288330078125,4560.041015625,2523.138427734375,434.52691650390625,1101.4649658203125,1857.5716552734375
2024-07-19,2754.50341796875,3468.627197265625,4910.423828125,1013.1220703125,272.4564208984375,659.3941040039062,325.7749328613281,933.8114624023438,59.086883544921875,2090.56005859375,456.7893981933594,1914.35791015625,651.192626953125,2524.815673828125,2791.307861328125,226.5168304443359,801.9822998046875,228.53424072265625,319.7326354980469,138.56723022460938,4803.87890625,117.12106323242188,480.8611450195313,701.108642578125,1715.22265625,12101.4404296875,441.7231750488281,724.4537963867188,249.094482421875,457.4163513183594,1521.27978515625,1837.9251708984375,2202.468994140625,2562.92138671875,335.1297302246094,4568.3642578125,2488.663818359375,446.0249938964844,1090.969970703125,1865.5654296875
2024-07-22,2792.482666015625,3510.61083984375,4938.8916015625,1016.119384765625,273.0556945800781,666.8860473632812,325.9748229980469,946.2010498046876,58.92702102661133,2113.53369140625,457.2888488769531,1927.353515625,649.693359375,2512.825927734375,2790.808349609375,229.0126037597656,802.9819946289062,230.73312377929688,319.9325866699219,139.6166229248047,4794.259765625,117.8708724975586,489.5496520996094,700.7088623046875,1730.2159423828125,12255.3818359375,443.1224670410156,729.8497314453125,250.493896484375,462.3089904785156,1523.2781982421875,1839.9234619140625,2190.70166015625,2625.845947265625,338.2263488769531,4605.81787109375,2503.1533203125,443.2254638671875,1095.4678955078125,1878.5555419921875
2024-07-23,2784.487060546875,3510.61083984375,4866.4736328125,1006.1281127929688,272.4564208984375,665.3876342773438,325.6750183105469,948.1993408203124,59.4665412902832,2111.535400390625,450.1468200683594,1910.359130859375,661.6876831054688,2497.838623046875,2744.84423828125,229.5117645263672,803.3818969726562,230.38331604003903,325.53143310546875,141.6154327392578,4750.44189453125,119.82039642333984,487.252685546875,687.114501953125,1733.2144775390625,12185.4091796875,433.1775512695313,724.0540771484375,250.8937225341797,463.3075256347656,1508.290283203125,1852.41259765625,2142.160888671875,2623.848388671875,339.62481689453125,4586.0498046875,2494.159912109375,459.9226379394531,1101.9647216796875,1853.5748291015625
2024-07-24,2792.482666015625,3480.622802734375,4931.8994140625,1005.1289672851562,273.25543212890625,662.2909545898438,326.9741516113281,954.7937622070312,59.606414794921875,2083.568359375,452.5441284179687,1912.3585205078125,652.69189453125,2484.85009765625,2761.8310546875,226.8163146972656,806.3810424804688,228.28436279296875,325.63140869140625,142.96463012695312,4699.14404296875,121.37001037597656,483.3578796386719,684.3156127929688,1734.214111328125,12209.3994140625,433.1275634765625,720.8565673828125,247.29522705078125,454.42083740234375,1508.789794921875,1846.9173583984375,2178.934326171875,2624.846923828125,337.1275329589844,4674.4833984375,2494.65966796875,443.8253479003906,1110.960205078125,1858.5709228515625
2024-07-25,2814.470703125,3581.582763671875,4969.8564453125,1008.1263427734376,269.6600036621094,660.2930908203125,325.375244140625,962.3873291015624,60.58553695678711,2149.4912109375,452.99365234375,1899.363037109375,652.192138671875,2490.844970703125,2759.83251953125,227.71481323242188,793.784423828125,227.7846221923828,323.2319030761719,128.7731170654297,4991.97265625,119.2705307006836,487.7520751953125,679.91748046875,1725.2181396484375,12055.4580078125,432.0780944824219,721.2562255859375,245.29608154296875,455.3194580078125,1522.279052734375,1801.3465576171875,2221.100830078125,2629.84130859375,337.7268981933594,4555.87939453125,2529.633544921875,430.9275512695313,1124.4537353515625,1860.5693359375
2024-07-26,2844.45458984375,3606.57275390625,5031.287109375,1011.123779296875,274.2541809082031,664.4885864257812,326.8741760253906,973.3780517578124,60.60551834106445,2142.499755859375,453.9925231933594,1914.35791015625,668.1845703125,2504.832763671875,2777.31884765625,229.1124267578125,793.9844360351562,231.28285217285156,325.63140869140625,130.87184143066406,5066.78271484375,123.1695556640625,492.0463562011719,684.7154541015625,1743.2099609375,12175.4130859375,433.37744140625,722.4552612304688,249.49432373046875,465.2046813964844,1551.7552490234375,1831.8270263671875,2333.871826171875,2651.814697265625,361.5006103515625,4667.20068359375,2563.6083984375,441.7257080078125,1121.455322265625,1894.5433349609375
2024-07-29,2834.459716796875,3659.5517578125,4983.8408203125,1022.6138305664062,273.6549377441406,669.283447265625,330.67156982421875,978.1741333007812,61.04511642456055,2158.481201171875,452.49420166015625,1929.352783203125,658.6890869140625,2535.80615234375,2769.3251953125,231.0092315673828,800.1828002929688,232.63217163085935,325.3314208984375,130.87184143066406,5060.36962890625,128.268310546875,492.4458312988281,695.7109375,1749.207275390625,12359.34375,427.2306518554687,726.25244140625,251.69337463378903,465.2046813964844,1555.7518310546875,1857.3106689453125,2294.15673828125,2667.795654296875,370.9901428222656,4258.32763671875,2545.621826171875,439.7260437011719,1127.452392578125,1917.5255126953125
2024-07-30,2850.451171875,3686.541015625,4929.9013671875,1023.1133422851562,277.2503967285156,676.1762084960938,331.4710388183594,979.1731567382812,59.64638137817383,2158.481201171875,451.1457214355469,1999.3294677734375,673.6819458007812,2537.80419921875,2764.3291015625,230.80955505371097,810.9798583984375,233.9315185546875,331.2301940917969,132.02117919921875,5059.30224609375,129.46798706054688,497.8386535644531,681.9166870117188,1765.2000732421875,12197.404296875,416.38616943359375,769.419921875,237.0995635986328,466.5027465820313,1541.263671875,1865.80517578125,2232.8681640625,2733.71630859375,366.2953186035156,4319.7099609375,2416.217041015625,444.625244140625,1117.457275390625,1918.52490234375
2024-07-31,2838.457763671875,3671.547119140625,5020.29931640625,1032.1055908203125,275.05316162109375,703.2471313476562,331.3711242675781,985.1681518554688,59.5264892578125,2141.500732421875,458.337646484375,2031.3187255859375,683.177490234375,2568.77734375,2837.771484375,231.3087158203125,815.378662109375,233.681640625,328.2308654785156,132.47088623046875,5104.1875,131.5675048828125,499.536376953125,698.9095458984375,1785.19091796875,12363.3408203125,429.5793762207031,766.6220092773438,234.100830078125,467.4013977050781,1510.788330078125,1879.296630859375,2304.453125,2750.69580078125,367.69378662109375,4346.7607421875,2417.216796875,449.5244445800781,1122.454833984375,1902.537109375
2024-08-01,2842.45556640625,3588.757568359375,4998.32421875,1032.1055908203125,275.45269775390625,657.7957153320312,329.87213134765625,979.1731567382812,56.11954116821289,2155.484619140625,453.3932189941406,1979.3360595703125,663.6867065429688,2586.761962890625,2822.782958984375,225.5185089111328,810.5798950195312,222.78713989257812,331.1302490234375,130.3721466064453,5110.60009765625,132.4172821044922,489.5496520996094,666.9227905273438,1749.207275390625,12507.287109375,414.9869079589844,720.8565673828125,231.7018585205078,458.414794921875,1524.7769775390625,1875.798828125,2276.01513671875,2724.727294921875,338.02655029296875,4264.35009765625,2398.23046875,481.0191345214844,1198.417724609375,1898.5401611328125
2024-08-02,2832.461181640625,3565.765869140625,4943.8857421875,1058.0831298828125,273.4551696777344,635.6195678710938,326.4744873046875,996.1588745117188,55.30013656616211,2139.50341796875,444.3033752441406,1908.35986328125,642.1968383789062,2650.70654296875,2774.821044921875,219.62847900390625,791.3851318359375,208.994140625,317.033203125,127.17405700683594,5178.99755859375,123.71942901611328,477.16607666015625,645.1319580078125,1710.2249755859375,12605.2509765625,404.8420715332031,688.4808959960938,231.9017639160156,453.7218017578125,1561.2474365234375,1906.7789306640625,2200.017333984375,2693.764404296875,325.2406921386719,4318.46044921875,2378.24560546875,463.8219909667969,1185.9239501953125,1885.5501708984375
2024-08-05,2692.537109375,3465.800537109375,4930.9013671875,1002.131591796875,265.2655334472656,625.1307373046875,320.8783264160156,962.7869262695312,54.520694732666016,2102.54638671875,430.5187683105469,1879.3695068359375,636.1996459960938,2496.83984375,2691.386474609375,214.63693237304688,789.3856811523438,206.0956115722656,310.7345275878906,121.17764282226562,5079.6064453125,119.97035217285156,462.485595703125,637.3350830078125,1686.2357177734375,12453.3076171875,391.49896240234375,686.2825317382812,228.70310974121097,453.6219787597656,1545.7601318359375,1854.3125,2151.476806640625,2614.859130859375,322.044189453125,4313.2578125,2357.260986328125,443.725341796875,1166.433349609375,1854.573974609375
2024-08-06,2738.511962890625,3448.80615234375,4907.427734375,1010.6242065429688,265.8647766113281,627.3284301757812,319.9789733886719,965.9843139648438,55.120262145996094,2097.552001953125,430.2190856933594,1867.3736572265625,627.7036743164062,2472.860595703125,2706.37451171875,216.3340606689453,787.986083984375,208.0946044921875,313.0340576171875,123.27638244628906,5121.28662109375,123.36951446533205,465.1820068359375,628.5386962890625,1699.22998046875,12403.3251953125,392.94818115234375,686.482421875,225.90431213378903,454.5206604003906,1520.2806396484375,1844.818603515625,2150.49609375,2623.848388671875,322.6435546875,4304.9326171875,2366.25439453125,468.4212341308594,1164.93408203125,1819.600830078125
2024-08-07,2696.53466796875,3510.78466796875,4917.41552734375,1011.123779296875,271.0581970214844,639.9149169921875,329.07269287109375,975.1765747070312,56.95893478393555,2123.521728515625,436.7618103027344,1906.360595703125,636.699462890625,2527.812744140625,2768.32568359375,219.1293487548828,789.185791015625,214.6412811279297,320.4324645996094,125.12528228759766,5177.9287109375,125.91887664794922,477.6654052734375,643.5325317382812,1720.220458984375,12685.220703125,403.9925537109375,705.66796875,229.90261840820312,459.5132141113281,1533.769775390625,1872.80078125,2158.34130859375,2670.7919921875,334.23077392578125,4394.423828125,2404.226318359375,479.619384765625,1178.9273681640625,1838.5863037109375
2024-08-08,2668.550048828125,3495.789794921875,4924.90771484375,966.9620361328124,267.86224365234375,638.916015625,328.77288818359375,977.5745239257812,57.03887939453125,2126.518310546875,430.828125,1903.3614501953125,705.1671142578125,2515.8232421875,2772.822265625,219.927978515625,794.1844482421875,213.89166259765625,316.7332763671875,124.92540740966795,5109.9404296875,122.56970977783205,477.2659606933594,633.9365234375,1725.2181396484375,12624.015625,402.99310302734375,700.5610961914062,230.10252380371097,452.7232666015625,1558.7498779296875,1863.3067626953125,2178.934326171875,2658.806640625,328.09637451171875,4376.734375,2402.2275390625,476.7198486328125,1176.92822265625,1990.4696044921875
2024-08-09,2682.54248046875,3509.78515625,4908.92578125,989.142822265625,267.4627380371094,641.81298828125,330.2718200683594,977.9741821289062,56.918968200683594,2123.521728515625,433.32568359375,1888.3665771484375,722.6588745117188,2527.812744140625,2773.821533203125,224.02102661132812,791.1852416992188,218.13949584960935,318.73284912109375,123.17644500732422,5055.43212890625,125.41900634765624,481.8598937988281,632.5371704101562,1733.2144775390625,12695.9931640625,404.89208984375,714.9521484375,231.9017639160156,454.02142333984375,1564.2454833984375,1860.8084716796875,2182.8564453125,2671.79052734375,332.6921691894531,4349.67822265625,2424.711181640625,484.91845703125,1165.433837890625,2036.4342041015625
2024-08-12,2706.529541015625,3529.7783203125,4936.39453125,987.9439086914062,269.260498046875,643.21142578125,333.2698059082031,977.5745239257812,56.75907897949219,2131.5126953125,439.1698913574219,1903.3614501953125,731.6546630859375,2511.82666015625,2796.803466796875,225.21902465820312,797.58349609375,219.98858642578125,323.1319274902344,127.22402954101562,5038.33203125,120.32027435302734,483.5575866699219,635.1361083984375,1742.21044921875,12775.9677734375,410.0393981933594,721.5479736328125,231.50193786621097,443.93646240234375,1570.7401123046875,1876.7982177734375,2189.230712890625,2694.76318359375,334.29071044921875,4349.67822265625,2449.692626953125,486.6181640625,1155.438720703125,2000.461669921875
2024-08-13,2714.525146484375,3527.77880859375,4923.4091796875,1004.1298217773438,273.8547058105469,644.8096923828125,334.76873779296875,985.5678100585938,56.8590087890625,2145.496337890625,436.5724487304687,1896.3638916015625,733.6536254882812,2553.79052734375,2778.817626953125,227.51513671875,797.9833374023438,219.13900756835935,317.43310546875,127.02413940429688,5051.1572265625,121.61994171142578,487.9518127441406,639.7341918945312,1739.2117919921875,12915.9228515625,405.1919250488281,731.3418579101562,232.7014312744141,445.5340576171875,1591.2236328125,1893.2877197265625,2188.249755859375,2753.6923828125,336.8882751464844,4375.69287109375,2465.18115234375,491.9172668457031,1146.443115234375,1987.4718017578125
2024-08-14,2732.515380859375,3548.771484375,4847.4951171875,1013.6216430664062,278.6486511230469,649.1050415039062,340.3648986816406,987.9657592773438,57.27870559692383,2164.474365234375,436.5724487304687,1898.36328125,727.656494140625,2584.763427734375,2804.79736328125,227.6149749755859,810.3800048828125,221.48782348632812,326.9311218261719,126.87423706054688,5073.60205078125,122.91962432861328,491.14752197265625,643.5325317382812,1751.2064208984375,12897.9287109375,402.99310302734375,733.1406860351562,231.7018585205078,445.4342346191406,1596.2196044921875,1900.7828369140625,2155.399169921875,2806.62890625,339.98541259765625,4402.748046875,2468.178955078125,499.0160827636719,1156.438232421875,2086.395751953125
2024-08-15,2750.50537109375,3553.77001953125,4746.923828125,1001.6319580078124,280.84588623046875,655.1751098632812,340.9644775390625,981.371337890625,58.437870025634766,2163.475341796875,443.01617431640625,1934.3511962890625,742.6494140625,2572.77392578125,2803.55908203125,230.1107482910156,812.7793579101562,227.66452026367188,331.0302734375,127.8736343383789,5098.18505859375,126.46875,501.3340148925781,654.5279541015625,1778.1942138671875,13161.8466796875,408.2903137207031,760.3236694335938,236.69973754882812,447.3313903808594,1594.8707275390625,1902.2818603515625,2143.50244140625,2989.408935546875,345.5802307128906,4449.5751953125,2518.641845703125,502.9154357910156,1169.9317626953125,2072.647216796875
2024-08-16,2734.514404296875,3530.77783203125,4737.93115234375,996.93603515625,280.2466125488281,655.9744262695312,340.9644775390625,981.9708862304688,58.85757064819336,2159.479736328125,440.81829833984375,1919.356201171875,748.1467895507812,2547.795654296875,2788.070068359375,228.81295776367188,825.5758666992188,228.21429443359375,329.0306701660156,127.57381439208984,5053.294921875,126.81866455078124,499.7361450195313,657.1270141601562,1777.1944580078125,13041.8837890625,403.6427001953125,761.9227294921875,237.4993896484375,447.43121337890625,1589.8741455078125,1886.7918701171875,2143.50244140625,2956.44873046875,348.3776550292969,4445.41259765625,2481.669189453125,500.915771484375,1167.9326171875,2068.64990234375
2024-08-19,2724.51953125,3538.775146484375,4820.36083984375,1002.631103515625,283.84210205078125,662.9677124023438,341.164306640625,986.7667846679688,59.17734146118164,2170.467041015625,441.6174926757813,1932.351806640625,755.1434936523438,2562.782470703125,2811.054443359375,232.20721435546875,828.5750122070312,228.91403198242188,330.9302673339844,129.7225341796875,5060.77587890625,128.8181915283203,505.9279174804687,659.1260986328125,1780.193359375,13045.8828125,414.9869079589844,761.5230102539062,237.0995635986328,448.62945556640625,1597.868408203125,1896.7852783203125,2192.051025390625,2929.481201171875,351.67462158203125,4436.0478515625,2480.170166015625,499.9159240722656,1175.9288330078125,2036.6708984375
2024-08-20,2692.537109375,3522.780517578125,4772.90185546875,983.3478393554688,279.04815673828125,650.4796142578125,338.5660705566406,988.16552734375,58.33794403076172,2139.50341796875,429.4294738769531,1913.3582763671875,750.6456298828125,2529.81103515625,2731.109619140625,229.21226501464844,820.9771728515625,225.9151611328125,324.5316162109375,127.7237319946289,5046.88232421875,123.1695556640625,501.93316650390625,652.1290283203125,1764.200439453125,13097.865234375,409.989501953125,749.5304565429688,234.100830078125,439.0437927246094,1590.8734130859375,1876.2984619140625,2200.87841796875,2896.52099609375,346.9789123535156,4392.3427734375,2439.69970703125,492.9171142578125,1173.9296875,2030.6748046875
2024-08-21,2722.520751953125,3533.77685546875,4831.3515625,972.3573608398438,279.4476013183594,652.8773193359375,339.5654296875,984.9683227539062,58.257999420166016,2146.4951171875,429.9789123535156,1921.3555908203125,756.642822265625,2467.86474609375,2716.619873046875,230.6099090576172,831.1743774414062,224.76559448242188,328.1308898925781,126.3245620727539,5058.638671875,128.11834716796875,501.1342468261719,662.524658203125,1749.207275390625,12995.8974609375,413.0878601074219,744.1338500976562,236.8996429443359,437.8455505371094,1594.8707275390625,1861.8077392578125,2233.734619140625,2899.517333984375,346.1796569824219,4448.5341796875,2488.663818359375,492.4171752929687,1169.9317626953125,2038.669677734375
2024-08-22,2712.526123046875,3518.781982421875,4779.8955078125,981.5494384765624,282.8433532714844,653.4766235351562,346.3607482910156,987.1664428710938,58.257999420166016,2129.737548828125,425.7830200195313,1926.353759765625,759.1416015625,2473.859619140625,2706.126953125,224.1791076660156,839.77197265625,225.31536865234375,332.5299377441406,127.52384948730467,5120.62890625,141.81497192382812,493.74407958984375,664.5238647460938,1756.2041015625,13013.892578125,405.0919494628906,755.5266723632812,235.7143096923828,438.3448181152344,1595.8699951171875,1865.3055419921875,2193.5224609375,2947.45947265625,344.5811767578125,4462.06201171875,2500.15576171875,497.516357421875,1169.431884765625,2018.6826171875
2024-08-23,2722.520751953125,3497.789306640625,4757.4150390625,996.7362670898438,287.2378234863281,654.0762329101562,348.8589782714844,994.1604614257812,59.35721206665039,2140.72607421875,428.87994384765625,1937.3502197265625,759.6414184570312,2505.83203125,2718.118896484375,225.77682495117188,843.7708740234375,230.3634796142578,336.72906494140625,127.62378692626952,5142.0048828125,149.213134765625,495.3419494628906,675.3192749023438,1762.201416015625,13071.8740234375,410.8890075683594,765.1206665039062,235.31443786621097,451.8246765136719,1601.3660888671875,1874.2999267578125,2206.76318359375,2938.470458984375,345.3804626464844,4489.11767578125,2529.134033203125,498.8161315917969,1170.4315185546875,2012.6865234375
2024-08-27,2740.510986328125,3490.79150390625,4809.8701171875,996.7362670898438,287.6373291015625,660.270263671875,351.45721435546875,992.3621215820312,59.157352447509766,2149.716064453125,431.7272033691406,1926.353759765625,749.6461791992188,2508.829345703125,2723.115478515625,224.3788299560547,842.9711303710938,230.1135711669922,337.9288330078125,127.47388458251952,5174.0693359375,143.06463623046875,497.33929443359375,662.1248779296875,1762.201416015625,13153.84765625,410.2892761230469,771.1170043945312,233.51510620117188,444.2359924316406,1616.85498046875,1873.8001708984375,2235.205810546875,2931.478759765625,349.0769958496094,4524.49755859375,2528.134765625,494.1169128417969,1172.9302978515625,1995.69775390625
2024-08-28,2824.46533203125,3520.78125,4753.41845703125,1014.6207275390624,288.4363098144531,659.0714111328125,348.0595397949219,1003.6524658203124,58.13808822631836,2156.70849609375,431.1277465820313,1948.3465576171875,749.6461791992188,2528.81201171875,2694.135498046875,223.9794006347656,845.3704223632812,223.81594848632812,338.6286926269531,126.22462463378906,5201.85791015625,137.26609802246094,504.5297546386719,657.3267822265625,1775.1954345703125,13195.8349609375,404.34234619140625,767.3192749023438,232.3155517578125,437.4461669921875,1650.331298828125,1880.795654296875,2192.051025390625,2924.4873046875,337.6875305175781,4580.68994140625,2517.642578125,500.1159057617187,1172.430419921875,1988.7021484375
2024-08-29,2794.481689453125,3576.761962890625,4790.88623046875,1012.6224365234376,289.83453369140625,660.1703491210938,352.25665283203125,990.7633056640624,58.2979736328125,2162.702392578125,434.3246765136719,1997.330078125,747.1472778320312,2529.81103515625,2709.125,223.5799560546875,848.8338623046875,225.9651336669922,340.3282775878906,128.07351684570312,5249.95458984375,138.01589965820312,505.32867431640625,653.3284912109375,1802.183349609375,13269.8115234375,399.9435119628906,776.11376953125,238.3133544921875,443.73675537109375,1650.331298828125,1872.80078125,2195.974365234375,2918.494384765625,342.68292236328125,4515.13232421875,2487.63134765625,500.1159057617187,1167.9326171875,1991.7003173828125
2024-08-30,2818.46875,3537.775390625,4765.90771484375,1018.6172485351562,292.0317077636719,666.0647583007812,353.45587158203125,997.7574462890624,58.457855224609375,2177.686767578125,428.9798889160156,2005.327392578125,749.6461791992188,2568.77734375,2679.14599609375,223.48011779785156,850.8334350585938,228.3142547607422,342.1279296875,128.67315673828125,5243.54150390625,137.91592407226562,503.9305419921875,651.7291870117188,1801.1837158203125,13269.8115234375,400.6432189941406,778.9120483398438,238.9131317138672,444.33587646484375,1655.827392578125,1885.79248046875,2166.551025390625,2914.49951171875,344.8808898925781,4543.22802734375,2471.140380859375,496.3164978027344,1169.9317626953125,1981.7066650390625
2024-09-02,2818.46875,3551.7705078125,4697.46630859375,1022.6138305664062,295.6272277832031,665.2655029296875,355.8541259765625,995.15966796875,58.078128814697266,2181.682373046875,429.8291015625,1981.3353271484375,764.6390380859375,2560.7841796875,2682.64306640625,223.9794006347656,876.8283081054688,227.06472778320312,339.82843017578125,128.27342224121094,5254.2294921875,134.81668090820312,505.5284118652344,651.1294555664062,1803.1827392578125,13271.8115234375,399.5436401367187,770.9171142578125,238.11343383789065,436.8470458984375,1649.3319091796875,1891.7886962890625,2172.435546875,2902.513671875,342.5829772949219,4557.796875,2472.639404296875,464.2219543457031,1163.4346923828125,1972.7125244140625
2024-09-03,2818.46875,3551.7705078125,4592.556640625,1024.112548828125,298.0242004394531,657.772705078125,361.4503173828125,996.3587036132812,57.21875,2190.672607421875,415.9426574707031,1960.3424072265625,765.1387939453125,2596.753173828125,2610.193359375,222.68125915527344,868.8299560546875,222.9662628173828,341.8279724121094,125.87482452392578,5299.1181640625,133.51699829101562,502.9319152832031,645.331787109375,1798.1851806640625,13185.8388671875,384.5994567871094,753.5279541015625,237.51364135742188,446.4327697753906,1653.828857421875,1906.279296875,2067.982177734375,2913.50048828125,333.39154052734375,4623.35400390625,2463.14501953125,472.2205810546875,1173.4300537109375,1959.7210693359375
2024-09-04,2828.463134765625,3552.770263671875,4577.06982421875,1028.109130859375,296.0267028808594,658.0723876953125,362.64947509765625,1002.1537475585938,57.01889419555664,2226.63427734375,413.4451293945313,1955.3441162109375,768.1373901367188,2598.75146484375,2580.713623046875,223.87954711914065,862.631103515625,223.6160125732422,344.6274108886719,123.37632751464844,5303.39453125,133.16708374023438,498.0383911132813,633.3367919921875,1776.195068359375,13041.8837890625,380.6510314941406,749.5304565429688,229.9164123535156,444.4357299804687,1662.822509765625,1912.2755126953125,2057.193603515625,2927.4833984375,335.2897644042969,4661.85546875,2448.65283203125,480.6191711425781,1163.9345703125,1975.710693359375
2024-09-05,2852.4501953125,3484.793701171875,4587.06103515625,1055.085693359375,296.82574462890625,660.270263671875,365.94720458984375,1019.6390380859376,57.53852081298828,2218.642822265625,411.2972412109375,1962.341796875,779.6319580078125,2667.69189453125,2572.719482421875,226.57568359375,865.8305053710938,228.46420288085935,345.8271789550781,123.2264175415039,5326.90771484375,134.21682739257812,490.2658386230469,633.1890258789062,1773.1962890625,12536.04296875,379.2016296386719,763.1219482421875,231.115966796875,439.4431457519531,1637.8399658203125,1968.7392578125,2061.607177734375,2811.30517578125,338.8864440917969,4682.66845703125,2429.16357421875,477.8196411132813,1181.4261474609375,1990.700927734375
2024-09-06,2814.470703125,3517.7822265625,4512.12548828125,1067.0753173828125,296.0267028808594,648.1817626953125,366.346923828125,1018.639892578125,56.37935256958008,2226.63427734375,405.3030700683594,1937.3502197265625,760.1411743164062,2707.6572265625,2514.259765625,224.77825927734375,857.0322265625,220.76710510253903,347.6268005371094,120.5780029296875,5327.97705078125,133.56700134277344,487.8684387207031,619.79345703125,1765.2000732421875,12646.0087890625,366.9563903808594,749.7303466796875,232.51547241210935,424.6652221679687,1650.331298828125,1972.237060546875,1985.1058349609375,2789.326171875,328.09637451171875,4722.21044921875,2398.68017578125,462.6222229003906,1197.9180908203125,1954.724365234375
2024-09-09,2874.438232421875,3582.759765625,4573.0732421875,1073.569580078125,299.4224548339844,660.4700317382812,368.4454650878906,1034.6263427734375,57.21875,2254.604736328125,406.2521362304687,1960.3424072265625,768.6371459960938,2715.650390625,2544.2392578125,225.2775421142578,859.6317138671875,223.91590881347656,352.7256774902344,122.42688751220705,5380.3486328125,135.81643676757812,493.9617919921875,613.3955688476562,1791.188232421875,12707.9892578125,369.90521240234375,762.5223388671875,233.51510620117188,423.96630859375,1662.3228759765625,1994.2230224609375,1990.500244140625,2835.281982421875,333.49139404296875,4668.09912109375,2437.658935546875,475.52001953125,1207.9132080078125,1942.732177734375
2024-09-10,2844.45458984375,3599.753662109375,4557.0869140625,1067.574951171875,298.8232116699219,648.3815307617188,367.3462219238281,1042.1199951171875,56.43931198120117,2254.604736328125,397.0611572265625,1965.3408203125,768.6371459960938,2691.671142578125,2506.76513671875,224.07923889160156,859.6317138671875,216.61865234375,356.5249328613281,119.4286880493164,5344.00830078125,140.4652862548828,492.26361083984375,601.19970703125,1785.19091796875,12402.0859375,363.3078308105469,749.3306274414062,232.1156005859375,415.279296875,1669.8173828125,1978.7327880859375,1970.3941650390625,2842.275146484375,325.4988098144531,4702.43896484375,2415.6708984375,474.72015380859375,1207.9132080078125,1915.7498779296875
2024-09-11,2800.478515625,3583.759521484375,4626.52685546875,1058.58251953125,298.62347412109375,648.4815063476562,366.44683837890625,1041.1209716796875,57.39861679077149,2237.62255859375,397.86041259765625,1982.335205078125,761.6405029296875,2687.6748046875,2508.263916015625,223.67984008789065,855.0325927734375,215.06922912597656,351.6259460449219,117.32994079589844,5309.806640625,139.76547241210938,490.1659240722656,612.9957885742188,1798.1851806640625,12304.1171875,362.6580810546875,755.5266723632812,230.1163330078125,419.2733459472656,1653.3291015625,1986.2279052734375,1964.0191650390625,2849.268798828125,330.29437255859375,4755.50927734375,2432.661865234375,479.0194396972656,1201.4163818359375,1930.739990234375
2024-09-12,2814.470703125,3640.739990234375,4716.4501953125,1052.587890625,295.4274597167969,654.975341796875,368.7452697753906,1036.624755859375,57.85829162597656,2244.615478515625,402.605712890625,2035.3172607421875,768.6371459960938,2655.702392578125,2535.24560546875,224.87811279296875,861.4313354492188,218.5179443359375,351.72589111328125,117.27996063232422,5264.91748046875,144.8641815185547,492.3635559082031,615.7947998046875,1805.181884765625,12046.1982421875,372.5042114257813,758.5248413085938,229.9164123535156,421.1705017089844,1637.340576171875,1969.7386474609375,2022.375732421875,2872.246337890625,331.79296875,4748.2255859375,2504.621826171875,493.7169799804687,1195.9190673828125,1928.7413330078125
2024-09-13,2806.47509765625,3630.743408203125,4752.91845703125,1057.083984375,289.43499755859375,658.0723876953125,364.2483825683594,1042.6197509765625,57.99818801879883,2241.61865234375,403.8045959472656,2065.307373046875,773.135009765625,2682.6787109375,2552.733154296875,225.47726440429688,871.8292846679688,221.0669708251953,351.12603759765625,117.82964324951172,5278.81103515625,148.8632049560547,492.5633239746094,623.7921752929688,1807.180908203125,11924.2373046875,377.202392578125,762.922119140625,234.7146759033203,425.8634643554687,1632.3438720703125,1985.2286376953125,2064.05908203125,2894.2255859375,335.68939208984375,4784.646484375,2468.6416015625,501.1157531738281,1195.4193115234375,1934.7374267578125
2024-09-16,2800.478515625,3638.740478515625,4769.904296875,1055.085693359375,294.2290344238281,654.0762329101562,370.3441467285156,1046.11669921875,58.11810302734375,2238.621826171875,405.7525939941406,2055.310791015625,764.6390380859375,2686.675537109375,2536.743896484375,226.276123046875,877.42822265625,220.9170379638672,361.3238830566406,117.08008575439452,5290.568359375,154.26190185546875,490.86517333984375,614.7951049804688,1815.1773681640625,12012.2080078125,377.5522766113281,758.9246215820312,234.11488342285156,423.0676574707031,1630.8450927734375,1992.2242431640625,2059.155029296875,2887.232177734375,336.2888488769531,4771.1181640625,2464.64404296875,495.7166137695313,1189.4222412109375,1951.726318359375
2024-09-17,2796.48046875,3646.737548828125,4785.39111328125,1070.07275390625,298.62347412109375,661.16943359375,368.9450988769531,1055.109130859375,58.537803649902344,2207.654541015625,410.0484619140625,2087.2998046875,767.6376342773438,2721.64501953125,2559.228515625,228.0735321044922,883.626953125,224.91552734375,370.2219848632813,116.88019561767578,5276.6748046875,159.66053771972656,493.86187744140625,629.9901123046875,1807.180908203125,11964.2236328125,379.151611328125,769.1182250976562,231.91567993164065,425.1645202636719,1608.361083984375,2011.711669921875,2095.9345703125,2876.242919921875,340.88458251953125,4797.13330078125,2524.111572265625,494.9167785644531,1175.428955078125,1913.7510986328125
2024-09-18,2770.49462890625,3589.757568359375,4761.4111328125,1057.083984375,296.82574462890625,657.6727294921875,368.1456604003906,1049.6136474609375,57.83830261230469,2181.682373046875,409.9485473632813,2085.300537109375,758.1421508789062,2679.681640625,2552.233642578125,221.58282470703125,869.4298095703125,223.4160919189453,367.3225708007813,118.0794906616211,5213.6142578125,150.1628875732422,489.2669067382813,631.7894897460938,1785.19091796875,11852.259765625,379.701416015625,774.7147216796875,226.5176544189453,421.5699157714844,1602.86474609375,1995.222412109375,2082.69384765625,2868.250244140625,334.6903076171875,4856.447265625,2482.634033203125,495.9166259765625,1161.935546875,1912.751708984375
2024-09-19,2762.4990234375,3621.74658203125,4907.28662109375,1054.5860595703125,292.83074951171875,668.6621704101562,365.2476501464844,1022.1369018554688,58.457855224609375,2167.697265625,417.0415954589844,2163.2744140625,771.6357421875,2646.710205078125,2593.205322265625,224.4786834716797,884.8268432617188,227.5645294189453,369.1222229003906,118.27937316894533,5186.89453125,156.4613494873047,496.3591613769531,650.3832397460938,1823.173828125,11894.24609375,,779.1119384765625,226.7175750732422,429.2583923339844,1573.385986328125,1940.7572021484375,2158.704833984375,2890.2294921875,341.0843811035156,4761.7529296875,2550.5966796875,524.9116821289062,1165.93359375,1962.7191162109375
2024-09-20,2730.516357421875,3618.747314453125,4798.37939453125,1048.5914306640625,292.23150634765625,659.87060546875,363.1491088867187,1035.1259765625,58.1580696105957,2167.697265625,409.1493225097656,2103.294677734375,766.6381225585938,2632.72216796875,2560.22802734375,223.3802490234375,874.6287841796875,226.6648712158203,369.4222106933594,117.7796630859375,5186.89453125,152.012451171875,491.1648864746094,626.7911376953125,1795.1864013671875,11776.283203125,378.5518798828125,758.9246215820312,220.51983642578125,420.2718200683594,1534.9129638671875,1930.2640380859375,2088.088134765625,2822.29443359375,337.3878479003906,4697.236328125,2493.12841796875,526.1115112304688,1149.441650390625,1900.759521484375
2024-09-23,2726.5185546875,3662.732177734375,4825.3564453125,1053.5870361328125,294.2290344238281,670.0609741210938,365.64739990234375,1043.1192626953125,58.05814743041992,2199.663330078125,411.34716796875,2111.2919921875,762.1402587890625,2637.718017578125,2575.2177734375,223.9794006347656,885.0266723632812,223.1162109375,375.9207763671875,118.77906036376952,5207.20166015625,154.0619354248047,493.0627746582031,638.3872680664062,1819.1756591796875,11580.345703125,384.699462890625,756.9258422851562,220.51983642578125,409.4879150390625,1526.4189453125,1951.25048828125,2081.713134765625,2818.29833984375,335.789306640625,4722.21044921875,2525.110595703125,530.11083984375,1150.9407958984375,1871.7784423828125
2024-09-24,2686.540283203125,3626.74462890625,5044.66845703125,1047.092529296875,292.4312438964844,671.5594482421875,364.0484924316406,1043.61865234375,59.2372932434082,2187.67578125,409.7487487792969,2133.2841796875,762.6399536132812,2641.71435546875,2570.22119140625,225.5771026611328,883.8269653320312,226.31500244140625,375.3209533691406,119.5286102294922,5191.17041015625,153.212158203125,492.0638427734375,664.5785522460938,1724.218505859375,11518.3642578125,399.693603515625,779.7115478515625,220.51983642578125,410.3865966796875,1529.416748046875,1948.2523193359375,2220.003662109375,2781.333984375,340.9844970703125,4712.84521484375,2547.5986328125,526.5114135742188,1145.9432373046875,1859.7862548828125
2024-09-25,2690.5380859375,3629.74365234375,5072.64404296875,1046.093505859375,295.6272277832031,665.1655883789062,365.64739990234375,1039.12255859375,58.13808822631836,2196.666259765625,399.8583984375,2127.286376953125,770.136474609375,2643.712646484375,2530.2490234375,225.2775421142578,888.026123046875,223.1162109375,376.3207092285156,117.47984313964844,5238.197265625,153.86196899414062,490.4656066894531,641.9860229492188,1763.200927734375,11562.3505859375,403.1922302246094,762.7222290039062,221.51947021484375,415.47900390625,1525.91943359375,1953.7489013671875,2253.8408203125,2783.331787109375,337.6875305175781,4774.23974609375,2496.12646484375,531.7105712890625,1136.447998046875,1865.7823486328125
2024-09-26,2692.537109375,3590.757080078125,5252.48974609375,1046.593017578125,293.2302551269531,679.1522827148438,358.25250244140625,1036.624755859375,58.9375114440918,2174.689453125,383.4744567871094,2197.26318359375,786.628662109375,2635.719482421875,2413.329833984375,227.27468872070312,876.8283081054688,226.9647674560547,373.9212646484375,116.98015594482422,5201.85791015625,154.0619354248047,489.2669067382813,681.3729248046875,1755.20458984375,11716.3017578125,422.8844909667969,803.096923828125,226.3177032470703,424.6652221679687,1520.9228515625,1943.7552490234375,2392.62158203125,2797.318359375,345.9798583984375,4801.2958984375,2613.062255859375,526.71142578125,1130.9505615234375,1875.7760009765625
2024-09-27,2708.5283203125,3566.765380859375,5304.4453125,1052.0882568359375,299.4224548339844,680.2512817382812,360.4510192871094,1034.126708984375,59.35721206665039,2179.684814453125,387.7702331542969,2197.26318359375,768.1373901367188,2658.699951171875,2422.32373046875,229.1719665527344,873.4290161132812,229.16392517089844,375.9207763671875,117.13004302978516,5230.7158203125,155.51158142089844,489.0671081542969,699.766845703125,1760.202392578125,11650.322265625,426.8829040527344,806.89453125,230.1163330078125,426.5624084472656,1535.912353515625,1910.7764892578125,2391.150634765625,2805.310791015625,346.0798034667969,4883.501953125,2651.541259765625,524.9116821289062,1164.4344482421875,1894.7635498046875
2024-09-30,2662.553466796875,3507.785888671875,5294.45361328125,1044.5947265625,295.0279846191406,668.5624389648438,358.4523620605469,1029.131103515625,58.75764083862305,2170.69384765625,391.3168029785156,2165.273681640625,760.6409301757812,2639.716064453125,2423.32275390625,225.97654724121097,867.630126953125,224.46571350097656,372.5215148925781,116.58038330078124,5171.93212890625,154.01193237304688,483.07366943359375,694.36865234375,1676.240234375,11584.34375,427.53271484375,792.5035400390625,226.91751098632812,414.5803527832031,1515.4266357421875,1881.794921875,2382.323486328125,2781.333984375,343.5820617675781,4762.7939453125,2601.568603515625,527.1113891601562,1157.4378662109375,1909.7537841796875
2024-10-01,2636.567626953125,3544.77294921875,5293.45458984375,1063.0787353515625,294.02923583984375,664.066650390625,359.2518005371094,1046.6162109375,58.1580696105957,2156.70849609375,400.6077270507813,2141.281982421875,754.1439819335938,2687.6748046875,2476.2861328125,225.1776885986328,867.43017578125,219.61752319335935,377.02056884765625,116.53041076660156,5198.65234375,149.4630584716797,479.1779174804687,691.36962890625,1672.2423095703125,11796.27734375,428.9321594238281,778.712158203125,225.9178771972656,409.9872131347656,1520.4234619140625,1910.2767333984375,2396.05419921875,2779.335693359375,340.0853271484375,4734.6982421875,2614.061767578125,524.7117309570312,1162.435302734375,1909.7537841796875
2024-10-02,2724.51953125,3562.766845703125,5366.39208984375,1036.1021728515625,288.8357849121094,675.3558349609375,354.655029296875,1028.1318359375,57.61846160888672,2139.72705078125,406.20220947265625,2155.277099609375,761.1406860351562,2606.744384765625,2519.25634765625,223.9794006347656,859.2318115234375,220.11734008789065,368.3223876953125,115.7808609008789,5176.20751953125,140.31532287597656,474.6828308105469,720.1600952148438,1679.239013671875,11942.23046875,433.2304382324219,794.9021606445312,225.9178771972656,407.39105224609375,1494.441650390625,1872.80078125,2430.381591796875,2795.3203125,333.7911682128906,4776.32177734375,2614.5615234375,518.7127685546875,1150.441162109375,1910.7530517578125
2024-10-03,2680.54345703125,3549.771240234375,5320.431640625,1033.104736328125,292.4312438964844,684.3472900390625,363.7487182617187,1012.1453857421876,57.39861679077149,2142.723388671875,408.599853515625,2127.463134765625,754.1439819335938,2595.75390625,2562.2265625,222.88096618652344,847.43408203125,219.2676696777344,370.2219848632813,115.94577026367188,5131.31689453125,142.41482543945312,469.6882629394531,702.9657592773438,1662.246826171875,11960.2255859375,429.1320495605469,796.90087890625,223.7186584472656,409.7875061035156,1459.4664306640625,1889.2901611328125,2376.438720703125,2800.3154296875,329.395263671875,4760.71240234375,2615.061279296875,533.310302734375,1139.556396484375,1903.7576904296875
2024-10-04,2706.529541015625,3499.788330078125,5293.45458984375,1020.615478515625,290.633544921875,691.1407470703125,361.949951171875,996.1588745117188,58.75764083862305,2148.717529296875,416.4421997070313,2153.45654296875,764.1392822265625,2552.791259765625,2575.71728515625,225.07781982421875,846.234375,226.16506958007812,369.62213134765625,118.14474487304688,5113.1474609375,138.61573791503906,473.38421630859375,708.7637939453125,1652.2513427734375,11734.296875,432.9305725097656,827.481689453125,221.3195343017578,413.9812316894531,1458.4669189453125,1836.82373046875,2383.30419921875,2801.314697265625,342.1833801269531,4741.98193359375,2598.070556640625,530.11083984375,1136.5576171875,1902.75830078125
2024-10-07,2734.514404296875,3510.78466796875,5295.453125,1009.12548828125,291.8320007324219,694.53759765625,359.55157470703125,990.9632568359376,59.11738204956055,2145.720703125,421.68701171875,2155.4560546875,743.6489868164062,2522.817138671875,2636.175537109375,224.6783905029297,852.6331176757812,229.5637664794922,367.7225341796875,117.0452651977539,5098.18505859375,134.26683044433594,476.3809509277344,719.160400390625,1652.2513427734375,11806.2734375,437.328857421875,840.07373046875,225.9178771972656,414.9797058105469,1478.9527587890625,1821.3336181640625,2398.015625,2764.349853515625,353.97247314453125,4737.81982421875,2586.0771484375,526.5114135742188,1100.5716552734375,1877.774658203125
2024-10-08,2710.527099609375,3535.776123046875,5039.67236328125,1005.1289672851562,291.4325256347656,665.3653564453125,360.15118408203125,991.7625122070312,58.2180290222168,2233.626953125,406.0523376464844,2121.464599609375,738.6513061523438,2510.82763671875,2574.218505859375,222.2818298339844,856.63232421875,228.36422729492188,371.8216552734375,116.24564361572266,5109.9404296875,131.76744079589844,472.0856323242187,686.7711791992188,1624.2637939453125,11674.3154296875,417.3367004394531,821.2855834960938,224.1185302734375,406.093017578125,1451.9718017578125,1817.336181640625,2237.65771484375,2733.379638671875,348.27777099609375,4786.72705078125,2541.10205078125,527.51123046875,1079.0799560546875,1898.7608642578125
2024-10-09,2728.517578125,3552.770263671875,5043.66943359375,1019.6163940429688,292.4312438964844,668.7621459960938,364.0484924316406,989.3646240234376,59.19732666015625,2250.60888671875,406.00238037109375,2135.461181640625,753.6442260742188,2521.818115234375,2584.211669921875,224.2789764404297,859.8316650390625,230.56341552734375,382.8193664550781,120.0938491821289,5137.72998046875,132.3173065185547,476.8804016113281,694.7684936523438,1635.2589111328125,11752.291015625,420.7353210449219,830.479736328125,225.11814880371097,409.9872131347656,1456.96826171875,1833.8255615234375,2265.11962890625,2743.3701171875,349.47662353515625,4858.5283203125,2552.095947265625,530.9107055664062,1085.577392578125,1904.7569580078125
2024-10-10,2740.510986328125,3547.77197265625,5064.6513671875,1023.6129760742188,287.6373291015625,671.5594482421875,359.19378662109375,994.5602416992188,59.397178649902344,2259.599365234375,410.4480590820313,2123.464111328125,779.6319580078125,2509.828369140625,2591.206787109375,223.1805419921875,860.2316284179688,231.0632171630859,379.8200073242187,120.14381408691406,5114.216796875,130.4677734375,479.1779174804687,687.9707641601562,1602.2740478515625,11766.2861328125,421.83489990234375,833.877685546875,222.7190399169922,409.8873291015625,1503.9351806640625,1825.830810546875,2254.8212890625,2733.379638671875,351.5746765136719,4865.8125,2541.6015625,529.9109497070312,1092.57470703125,1893.76416015625
2024-10-11,2754.50341796875,3570.76416015625,5093.62646484375,1029.6077880859375,270.6587219238281,672.55859375,356.99505615234375,995.9590454101562,59.896820068359375,2263.59521484375,409.0494384765625,2137.460693359375,784.629638671875,2533.8076171875,2590.20703125,222.68125915527344,869.4298095703125,235.7614593505859,380.01995849609375,122.692626953125,5136.66064453125,131.06764221191406,480.7761535644531,676.1746826171875,1619.26611328125,11760.2880859375,424.08404541015625,841.0731201171875,224.5183868408203,405.3940734863281,1478.9527587890625,1828.8289794921875,2250.8984375,2736.376708984375,352.6736755371094,4813.78271484375,2550.096923828125,537.1096801757812,1086.5770263671875,1897.761474609375
2024-10-14,2792.482666015625,3602.7529296875,5129.59521484375,1050.0899658203125,274.2541809082031,675.1561279296875,356.2954406738281,1007.6491088867188,59.5970344543457,2268.590087890625,408.00042724609375,2123.464111328125,789.12744140625,2590.75830078125,2587.708740234375,224.1791076660156,876.8283081054688,232.8125762939453,382.5194396972656,124.34185028076172,5153.76123046875,129.8179168701172,479.4775695800781,682.3726196289062,1642.255859375,11932.234375,420.3854675292969,838.8745727539062,226.7175750732422,407.6906433105469,1493.4425048828125,1872.80078125,2259.235107421875,2744.368896484375,352.6736755371094,4848.12255859375,2558.592041015625,538.5093994140625,1088.5762939453125,1922.7452392578125
2024-10-15,2802.477294921875,3670.7294921875,5036.67529296875,1071.07177734375,276.85089111328125,668.5624389648438,356.3954162597656,1016.6415405273438,60.036720275878906,2269.588623046875,392.1159973144531,2107.46826171875,801.62158203125,2619.7333984375,2500.769287109375,222.98081970214844,877.628173828125,233.9621429443359,386.6185607910156,122.5926742553711,5201.85791015625,132.86715698242188,480.3766174316406,661.5795288085938,1639.257080078125,11846.2607421875,403.3921203613281,821.4854736328125,230.9160614013672,409.4879150390625,1492.94287109375,1897.2850341796875,2181.262451171875,2773.341064453125,354.6718444824219,4881.42138671875,2578.081787109375,540.5090942382812,1084.0780029296875,1959.7210693359375
2024-10-16,2804.476318359375,3681.725830078125,5034.6767578125,1105.04248046875,274.2541809082031,672.1588745117188,354.8962707519531,1030.629638671875,61.15591049194336,2292.564697265625,395.0631103515625,2137.460693359375,791.1265258789062,2737.63134765625,2530.748779296875,228.7725524902344,882.627197265625,236.96099853515625,393.317138671875,124.64170837402344,5184.7578125,136.31631469726562,478.9781188964844,663.5789184570312,1654.250244140625,12020.20703125,406.4909057617187,823.6840209960938,231.51583862304688,406.7919616699219,1494.94140625,1930.7635498046875,2217.06103515625,2711.400634765625,354.7717590332031,4898.07080078125,2575.5830078125,559.9058227539062,1108.0687255859375,2000.6942138671875
2024-10-17,2814.470703125,3723.7109375,4941.7568359375,1084.56005859375,278.4488830566406,677.35400390625,361.8922424316406,1023.1360473632812,61.81543731689453,2321.533203125,399.6086120605469,2147.4580078125,797.6234741210938,2711.653564453125,2552.733154296875,230.96939086914065,890.4256591796875,245.00799560546875,390.7176513671875,125.54129028320312,5191.17041015625,138.0658721923828,484.8717041015625,654.5818481445312,1625.56005859375,12020.20703125,403.0422973632813,836.4760131835938,230.9160614013672,409.3880920410156,1495.4410400390625,1930.7635498046875,2292.581298828125,2753.3603515625,362.4646301269531,4966.75,2644.04541015625,568.904296875,1120.0640869140625,2016.683837890625
2024-10-18,2828.463134765625,3677.726806640625,4991.21435546875,1086.058837890625,279.2478942871094,679.951416015625,361.5923767089844,1027.1328125,62.13520431518555,2305.550537109375,399.20904541015625,2159.455078125,798.6229858398438,2711.653564453125,2534.74560546875,229.7711181640625,885.2266845703125,242.15904235839844,385.8187255859375,126.99061584472656,5163.3818359375,136.56626892089844,487.4688720703125,673.1757202148438,1632.5582275390625,11942.23046875,408.5401306152344,837.8751220703125,232.1156005859375,404.9946594238281,1474.955322265625,1903.7808837890625,2333.7744140625,2743.3701171875,360.3665771484375,4969.87158203125,2650.041748046875,567.3046264648438,1127.0611572265625,1996.6968994140625
2024-10-21,2800.478515625,3645.738037109375,4958.7421875,1078.065673828125,277.45013427734375,674.7564697265625,356.99505615234375,1018.1403198242188,61.75547790527344,2306.549560546875,404.4538879394531,2123.464111328125,792.6257934570312,2677.683349609375,2549.23583984375,227.77398681640625,878.028076171875,239.66000366210935,383.019287109375,127.09056854248048,5119.560546875,133.91690063476562,485.7707214355469,657.1810913085938,1611.5638427734375,11926.2353515625,406.7408142089844,836.0762329101562,228.11705017089844,405.0945434570313,1462.9638671875,1896.7852783203125,2317.101318359375,2695.416015625,356.3702697753906,5019.81982421875,2621.5576171875,566.9046630859375,1125.5618896484375,1995.69775390625
2024-10-22,2776.491455078125,3591.756591796875,4996.70947265625,1071.07177734375,276.0519104003906,680.8505859375,355.8956604003906,1004.6517333984376,61.95533752441406,2293.563232421875,406.0523376464844,2137.460693359375,789.12744140625,2669.6904296875,2562.2265625,226.17625427246097,876.228515625,242.1090850830078,380.2198791503906,125.49131774902344,5086.427734375,134.06686401367188,480.6763000488281,659.7801513671875,1612.5635986328125,11860.255859375,407.7404174804687,846.669677734375,226.91751098632812,407.39105224609375,1452.471435546875,1878.297119140625,2333.7744140625,2642.467041015625,358.3684387207031,4956.34375,2605.56640625,561.1056518554688,1128.560546875,2000.6942138671875
2024-10-23,2772.49365234375,3587.758056640625,4943.2548828125,1070.07275390625,275.2529296875,679.252197265625,353.3970947265625,1007.1495361328124,61.57560729980469,2295.56103515625,402.3059997558594,2099.47021484375,784.629638671875,2681.6796875,2537.743896484375,224.1791076660156,871.62939453125,238.0605926513672,379.5200500488281,123.24237060546876,4973.134765625,134.46678161621094,473.5840148925781,656.181396484375,1576.5732421875,11824.2685546875,400.1434020996094,841.6727905273438,223.31881713867188,406.6921081542969,1446.9754638671875,1891.288818359375,2278.8505859375,2623.485107421875,355.9706115722656,5154.056640625,2573.583984375,561.3056640625,1122.5631103515625,1971.71337890625
2024-10-24,2780.4892578125,3622.745849609375,4930.2666015625,1050.0899658203125,273.4551696777344,679.252197265625,356.3954162597656,1006.150390625,62.15519332885742,2295.56103515625,401.4068908691406,2097.470703125,780.1317138671875,2631.722900390625,2540.241943359375,223.7796936035156,881.4274291992188,247.95687866210935,378.1203308105469,122.19286346435548,5119.560546875,133.16708374023438,473.2843322753906,654.3818969726562,1585.57080078125,11692.3095703125,397.94427490234375,858.4622192382812,220.919677734375,400.50140380859375,1454.469970703125,1845.8179931640625,2344.563232421875,2607.500244140625,361.4655151367187,5058.32177734375,2567.587158203125,554.7067260742188,1121.5634765625,1947.72900390625
2024-10-25,2774.49267578125,3642.739013671875,5017.69140625,1049.0908203125,272.4564208984375,681.4501342773438,352.5975646972656,997.7574462890624,57.61846160888672,2286.57080078125,404.5038757324219,2105.46875,779.1322021484375,2630.723876953125,2548.73583984375,220.184814453125,880.2277221679688,241.3093719482422,378.2203063964844,123.19239044189452,5089.6337890625,131.9174041748047,462.0964965820313,646.9844360351562,1587.5703125,11602.3369140625,404.0418701171875,852.4660034179688,218.92041015625,401.4998779296875,1447.4749755859375,1827.8294677734375,2387.717529296875,2569.53662109375,363.5635681152344,5045.83447265625,2564.089111328125,556.1065063476562,1087.5767822265625,1940.7333984375
2024-10-28,2754.50341796875,3683.724853515625,5072.64404296875,1050.0899658203125,272.05694580078125,691.4405517578125,353.3970947265625,1002.1537475585938,56.07957077026367,2313.5419921875,398.7095642089844,2125.463623046875,786.12890625,2626.7275390625,2514.259765625,221.7825469970703,892.625244140625,241.7092437744141,382.9193115234375,122.8925323486328,5139.86767578125,132.96714782714844,465.1931762695313,651.7828369140625,1596.56787109375,11624.3310546875,404.89154052734375,865.2579345703125,223.9185791015625,399.10345458984375,1450.9725341796875,1842.8199462890625,2415.669677734375,2590.5166015625,369.8577880859375,5045.83447265625,2553.594970703125,560.3057861328125,1102.57080078125,1931.739501953125
2024-10-29,2692.537109375,3658.733642578125,5126.59814453125,1047.092529296875,267.4627380371094,713.0199584960938,348.0002136230469,991.1630249023438,54.50071334838867,2240.61962890625,378.87896728515625,2119.465087890625,772.6353149414062,2602.747802734375,2480.283203125,219.68553161621097,874.4288330078125,238.7103576660156,376.3207092285156,121.34326171875,5108.87255859375,128.068359375,458.8001098632813,648.7838134765625,1568.575439453125,11530.361328125,404.4417114257813,875.8514404296875,222.11924743652344,395.10943603515625,1450.472900390625,1807.342529296875,2435.285400390625,2568.53759765625,364.16302490234375,5021.9013671875,2515.1162109375,554.5067138671875,1092.57470703125,1918.7479248046875
2024-10-30,2666.551025390625,3590.757080078125,5048.66455078125,1041.5972900390625,264.0669860839844,705.527099609375,347.20068359375,986.7667846679688,53.621341705322266,2301.554443359375,373.6840515136719,2101.4697265625,770.63623046875,2612.739501953125,2488.77783203125,220.48440551757812,865.6304931640625,242.0091094970703,378.72021484375,119.39417266845705,5071.46435546875,127.01860809326172,460.2984619140625,641.3862915039062,1555.5789794921875,11202.4638671875,409.4397583007813,912.0286865234376,217.9207763671875,400.7010498046875,1406.0042724609375,1811.83984375,2339.6591796875,2593.513916015625,367.360107421875,4952.18212890625,2448.65283203125,555.1066284179688,1097.5728759765625,1900.759521484375
2024-10-31,2708.5283203125,3558.76806640625,5011.69677734375,1021.61474609375,265.8647766113281,711.0218505859375,342.003662109375,975.3764038085938,53.361534118652344,2334.52001953125,376.281494140625,2089.472900390625,755.1434936523438,2565.780029296875,2576.716796875,216.78970336914065,839.0357666015625,237.4108428955078,375.7208557128906,117.24517822265624,5055.43212890625,123.96936798095705,452.60687255859375,644.38525390625,1528.5863037109375,11038.5166015625,406.14105224609375,899.8363647460938,213.3224334716797,387.02154541015625,1391.5146484375,1759.873046875,2353.88037109375,2561.54443359375,367.360107421875,4874.13671875,2397.6806640625,535.3099975585938,960.6260375976562,1853.790283203125
2024-11-01,2752.50439453125,3620.74658203125,5021.68798828125,1033.104736328125,264.46649169921875,708.9238891601562,347.80035400390625,986.3671875,54.38079452514648,2358.494384765625,377.8300476074219,2099.47021484375,773.135009765625,2585.7626953125,2577.216552734375,220.28468322753903,844.0347900390625,240.5096893310547,380.71978759765625,117.94483947753906,5080.01416015625,123.56946563720705,457.5015563964844,643.7855224609375,1541.582763671875,11018.5224609375,407.4905090332031,913.2279663085938,215.32171630859375,391.5148010253906,1418.495361328125,1776.362548828125,2349.95751953125,2560.54541015625,374.95306396484375,5196.720703125,2394.1826171875,548.7077026367188,966.4237670898438,1871.7784423828125
2024-11-04,2744.5087890625,3615.748291015625,5018.6904296875,1026.1107177734375,265.46527099609375,717.01611328125,351.5981750488281,982.3705444335938,54.7805061340332,2356.49658203125,381.6262512207031,2055.4814453125,760.6409301757812,2567.7783203125,2592.205810546875,219.68553161621097,844.4346923828125,243.4085998535156,382.1195068359375,115.64591979980467,5058.638671875,124.61921691894533,454.9043273925781,649.7835083007812,1534.5845947265625,11038.5166015625,406.7408142089844,919.2241821289062,215.32171630859375,392.6131591796875,1412.999267578125,1764.8699951171875,2344.563232421875,2550.554931640625,384.7439880371094,5145.7314453125,2378.69140625,549.507568359375,962.6253051757812,1854.78955078125
2024-11-05,2770.49462890625,3652.73583984375,5020.689453125,1058.58251953125,265.6650085449219,721.711669921875,353.6969299316406,990.5635986328124,54.82048034667969,2381.469970703125,384.7232666015625,2095.47119140625,769.6366577148438,2645.7109375,2606.696044921875,220.184814453125,840.2355346679688,244.8080596923828,383.4192199707031,115.59593963623048,5051.1572265625,123.06959533691406,458.9999084472656,647.7841186523438,1535.5843505859375,10110.80859375,407.2406005859375,931.616455078125,214.32208251953125,389.7174682617187,1390.515380859375,1749.3797607421875,2381.342529296875,2540.564453125,386.342529296875,5160.30029296875,2363.699462890625,559.9058227539062,965.8240356445312,1818.8131103515625
2024-11-06,2804.476318359375,3671.72900390625,5038.67333984375,1037.1011962890625,267.4627380371094,723.5099487304688,357.094970703125,982.3705444335938,54.720550537109375,2398.451904296875,386.1218566894531,2131.462158203125,777.6329345703125,2599.75048828125,2590.70703125,218.6869659423828,843.2349853515625,258.0531005859375,398.11614990234375,115.19612884521484,4919.69482421875,122.91962432861328,457.3017272949219,663.5789184570312,1528.5863037109375,9918.869140625,401.093017578125,942.2097778320312,216.5212860107422,382.5282287597656,1369.5301513671875,1718.8992919921875,2346.0341796875,2521.582763671875,389.9391784667969,5092.6611328125,2304.73193359375,573.9035034179688,927.43896484375,1770.8443603515625
2024-11-07,2800.478515625,3637.74072265625,5196.5380859375,1039.59912109375,256.4765625,714.9954223632812,348.3000183105469,981.1715087890624,54.50071334838867,2377.47412109375,381.1888427734375,2197.445556640625,766.1383056640625,2603.7470703125,2597.701904296875,217.68841552734375,782.8467407226562,253.7547149658203,393.1171875,115.59593963623048,4862.3857421875,123.97269439697266,456.2029418945313,671.3762817382812,1532.5853271484375,9721.931640625,415.2374877929687,937.8126220703124,214.92185974121097,389.4179382324219,1379.0233154296875,1710.904296875,2431.362548828125,2518.58544921875,382.14642333984375,4974.03369140625,2339.213134765625,552.70703125,933.8364868164062,1799.825439453125
2024-11-08,2804.476318359375,3691.721923828125,4941.7568359375,1045.09423828125,248.8861541748047,689.4171142578125,345.001953125,974.9767456054688,53.04176712036133,2364.48828125,372.99554443359375,2165.45361328125,759.6414184570312,2622.73095703125,2562.7265625,216.58998107910156,777.4478149414062,251.4055938720703,374.4211120605469,114.8462905883789,4849.5595703125,120.72340393066406,455.7034912109375,642.3859252929688,1533.5848388671875,9899.875,394.64556884765625,923.4215698242188,213.3224334716797,382.6281127929687,1380.022705078125,1717.9000244140625,2326.41845703125,2512.59130859375,380.4479675292969,4959.4658203125,2318.724365234375,553.1069946289062,917.242919921875,1829.805908203125
2024-11-11,2836.458740234375,3702.71826171875,4845.8388671875,1068.5738525390625,243.0934600830078,698.6093139648438,343.7026672363281,987.9657592773438,54.50071334838867,2348.5048828125,372.6957702636719,2199.445068359375,761.6405029296875,2664.6943359375,2548.236083984375,219.0863800048828,789.2455444335938,260.5521240234375,367.822509765625,116.64545440673828,4841.0078125,119.62364959716795,458.9999084472656,641.1863403320312,1545.5816650390625,9981.8505859375,388.3480529785156,940.4109497070312,216.5212860107422,382.6281127929687,1396.011474609375,1730.391845703125,2281.79296875,2525.5791015625,394.6348571777344,4983.39892578125,2344.210205078125,571.90380859375,937.43505859375,1835.8018798828125
2024-11-12,2816.4697265625,3632.742431640625,4740.92919921875,1045.5938720703125,241.4954833984375,693.3138427734375,341.6038818359375,974.9767456054688,53.82120132446289,2346.507080078125,367.0003967285156,2155.4560546875,744.6484375,2611.740234375,2516.258544921875,214.39312744140625,792.8447875976562,257.4033508300781,365.1230773925781,117.8948745727539,4823.90625,117.22417449951172,453.8055419921875,607.7974853515625,1521.588134765625,9986.84765625,376.302734375,922.8219604492188,264.30389404296875,380.0319519042969,1368.5308837890625,1699.911376953125,2177.33935546875,2469.632568359375,387.24169921875,4955.30322265625,2343.2109375,557.9061889648438,955.8279418945312,1824.80908203125
2024-11-13,2798.4794921875,3605.751953125,4744.42626953125,1047.5921630859375,242.8937225341797,700.2078857421875,340.0047912597656,959.78955078125,54.560665130615234,2344.50927734375,369.7481994628906,2161.45458984375,738.6513061523438,2581.76611328125,2523.25341796875,215.29185485839844,787.44580078125,258.7528381347656,364.1233215332031,118.44461059570312,4826.0439453125,116.27439880371094,454.20513916015625,609.197021484375,1680.545166015625,10140.798828125,376.3527221679687,944.4083862304688,256.3067932128906,379.2331848144531,1361.0360107421875,1690.4176025390625,2189.10888671875,2507.595947265625,388.8402404785156,4942.81591796875,2331.217529296875,557.5062255859375,951.0298461914062,1807.8201904296875
2024-11-14,2766.496826171875,3637.74072265625,4731.43701171875,1083.0614013671875,239.33663940429688,705.6033935546875,341.7038269042969,972.3789672851562,55.00035095214844,2349.50390625,378.9407043457031,2135.461181640625,741.64990234375,2676.684326171875,2530.02001953125,215.5914001464844,794.8444213867188,256.503662109375,367.4225769042969,121.6930923461914,4838.87060546875,116.97422790527344,474.882568359375,630.1900634765625,1693.5416259765625,10288.7529296875,374.5534362792969,938.0123901367188,247.31007385253903,398.2048034667969,1352.691162109375,1708.90576171875,2200.87841796875,2521.582763671875,390.438720703125,4922.00439453125,2364.19921875,545.1083374023438,960.6260375976562,1792.8299560546875
2024-11-15,2752.50439453125,3529.7783203125,4800.37841796875,1084.060546875,244.3311309814453,716.1944580078125,345.5016784667969,973.9775390625,56.43931198120117,2368.48388671875,382.3878784179687,2137.460693359375,736.6522827148438,2687.6748046875,2559.50244140625,218.6869659423828,794.8444213867188,259.2526550292969,368.1224670410156,121.19332885742188,4854.9033203125,118.3739242553711,484.3722534179687,641.3862915039062,1696.540771484375,9974.8525390625,379.2016296386719,942.8094482421876,248.70957946777344,377.8352355957031,1300.222412109375,1714.4022216796875,2236.677001953125,2519.584716796875,392.7366027832031,4958.42529296875,2343.2109375,538.7094116210938,963.6248779296876,1814.815673828125
2024-11-18,2766.496826171875,3565.765869140625,4861.82470703125,1091.0545654296875,244.73068237304688,727.1851196289062,347.7003479003906,974.7769165039062,56.19948959350586,2398.451904296875,386.7842712402344,2165.45361328125,736.6522827148438,2699.664306640625,2587.486328125,219.5856781005859,801.2431640625,260.7520751953125,367.4225769042969,121.6930923461914,4868.79931640625,115.97445678710938,487.0693054199219,639.786865234375,1690.54248046875,9911.8720703125,383.3000183105469,946.806884765625,239.512939453125,347.3807373046875,1309.2171630859375,1712.4034423828125,2273.456298828125,2530.573974609375,395.334228515625,4977.15625,2359.201904296875,539.109375,980.2184448242188,1817.813720703125
2024-11-19,2752.50439453125,3566.765380859375,4889.30126953125,1095.5506591796875,248.126953125,723.6880493164062,347.7003479003906,986.966552734375,55.280147552490234,2472.37353515625,382.4877624511719,2123.464111328125,745.1482543945312,2686.675537109375,2570.99609375,217.38882446289065,802.0430297851562,255.7539520263672,371.9216613769531,120.94345092773438,4870.93701171875,116.77427673339844,485.37115478515625,624.5918579101562,1691.542236328125,10020.837890625,379.3015441894531,946.4071655273438,242.91168212890625,345.48358154296875,1302.72119140625,1711.9036865234375,2260.2158203125,2501.601806640625,391.63763427734375,4942.81591796875,2362.200439453125,527.51123046875,987.8154907226562,1836.80126953125
2024-11-20,2738.511962890625,3543.7734375,4917.27783203125,1102.044921875,245.72959899902344,721.8896484375,348.4000244140625,981.77099609375,55.38007354736328,2511.331787109375,381.2388000488281,2101.4697265625,748.6466064453125,2724.642578125,2549.5087890625,217.1891326904297,801.64306640625,258.8528137207031,362.9235229492187,120.34371948242188,4851.69677734375,112.92511749267578,478.9781188964844,632.9890747070312,1695.5411376953125,9965.8544921875,380.5510864257813,946.4071655273438,232.91531372070312,329.6073303222656,1299.22314453125,1689.418212890625,2295.033447265625,2400.698486328125,396.6329956054687,4954.2626953125,2356.20361328125,526.1115112304688,974.4207153320312,1843.796630859375
2024-11-21,2754.50341796875,3611.749755859375,4920.27490234375,1110.53759765625,246.5287170410156,726.285888671875,350.69866943359375,963.3419799804688,54.98036575317383,2506.33740234375,388.2830810546875,2123.464111328125,775.6338500976562,2734.634033203125,2595.4814453125,218.58709716796875,809.0416259765625,262.5514221191406,371.8216552734375,122.94251251220705,4854.9033203125,95.41898345947266,483.2734375,635.1884155273438,1723.533447265625,10058.8251953125,381.2507629394531,958.3995971679688,230.5161895751953,338.5484313964844,1308.717529296875,1708.90576171875,2304.84130859375,2428.671875,400.1297607421875,4933.4501953125,2348.70751953125,540.7090454101562,975.6202392578124,1870.7791748046875
2024-11-22,2796.48046875,3721.7119140625,4940.75732421875,1130.520263671875,253.5210418701172,723.7880249023438,353.1972351074219,993.1216430664062,54.38079452514648,2529.312744140625,392.3797607421875,2175.451171875,780.6314697265625,2772.600830078125,2601.478271484375,221.28326416015625,829.8375244140625,257.1034240722656,378.9201965332031,122.99248504638672,5015.2373046875,93.43942260742188,485.17138671875,634.7885131835938,1743.528076171875,10470.6953125,380.6510314941406,945.0079956054688,235.7143096923828,345.83868408203125,1341.1981201171875,1745.8822021484375,2313.66845703125,2447.6533203125,390.3388366699219,5043.75390625,2397.18115234375,545.5081787109375,986.416015625,1948.728271484375
2024-11-25,2814.470703125,3700.718994140625,5011.69677734375,1132.5184326171875,252.9216766357422,733.0802001953125,351.9979248046875,987.7254028320312,54.62062072753906,2561.27880859375,387.5336608886719,2217.4404296875,783.6300659179688,2747.62255859375,2572.4951171875,222.78111267089844,832.636962890625,263.551025390625,379.1201477050781,125.84114837646484,5006.6865234375,102.77735900878906,485.37115478515625,656.5811767578125,1746.5272216796875,10470.6953125,389.6474914550781,965.1953735351562,237.313720703125,349.8333435058594,1345.6953125,1743.88330078125,2345.053466796875,2464.63720703125,394.2351989746094,5062.484375,2401.1787109375,542.5087280273438,982.8174438476562,1978.708740234375
2024-11-26,2814.470703125,3720.712158203125,4920.27490234375,1120.52880859375,252.12255859375,731.9810791015625,350.19891357421875,984.5275268554688,53.38151550292969,2602.235595703125,383.1372985839844,2171.451904296875,755.643310546875,2727.64013671875,2553.006591796875,219.48582458496097,831.4371948242188,260.85205078125,375.82080078125,126.44087982177734,5015.2373046875,101.12772369384766,481.275634765625,642.7858276367188,1763.522705078125,10488.689453125,378.6018371582031,959.1990966796876,236.9138641357422,344.2408447265625,1337.200439453125,1733.8897705078125,2326.908935546875,2446.654541015625,391.1380920410156,5100.986328125,2363.19970703125,541.9088745117188,985.2164916992188,1963.7186279296875
2024-11-27,2848.4521484375,3717.713134765625,4911.28271484375,1134.017333984375,253.12147521972656,731.2816772460938,357.69464111328125,988.7246704101562,53.14168548583984,2632.20361328125,383.836669921875,2175.451171875,766.6381225585938,2749.62109375,2536.51611328125,219.3859710693359,835.8363647460938,258.8528137207031,384.2190551757813,126.0410614013672,5059.06201171875,101.62761688232422,488.7674560546875,646.3845825195312,1773.5198974609375,10528.6767578125,375.7529296875,972.7906494140624,238.3133544921875,344.0411071777344,1343.1968994140625,1750.379150390625,2339.168701171875,2461.64013671875,392.1371765136719,5139.48779296875,2353.705078125,539.50927734375,995.2125854492188,1955.7237548828125
2024-11-28,2820.467529296875,3697.719970703125,4895.7958984375,1128.69384765625,260.9128723144531,731.2816772460938,365.9898986816406,993.9210815429688,53.22162628173828,2570.798583984375,385.1356506347656,2201.4443359375,768.6371459960938,2724.12548828125,2530.02001953125,221.7825469970703,845.4344482421875,265.0004577636719,383.6292114257813,128.43994140625,5055.85498046875,103.37722778320312,478.9781188964844,650.5831909179688,1776.5191650390625,10590.6572265625,373.6037902832031,978.786865234375,236.51402282714844,342.04376220703125,1339.698974609375,1783.857666015625,2345.053466796875,2536.568115234375,398.53125,5055.19970703125,2366.697998046875,545.5081787109375,984.816650390625,1933.738037109375
2024-11-29,2802.477294921875,3703.718017578125,4932.26513671875,1118.700927734375,260.9128723144531,732.0809936523438,366.1897583007813,991.9224243164062,53.02177810668945,2566.802001953125,384.3362731933594,2223.43896484375,776.1336669921875,2695.145263671875,2530.02001953125,220.9836883544922,838.8357543945312,263.7009582519531,382.6293640136719,127.34046173095705,5024.857421875,101.77758026123048,483.1735534667969,641.586181640625,1770.5208740234375,10608.6513671875,379.8013916015625,971.791259765625,235.5143890380859,346.4378967285156,1334.2021484375,1770.3662109375,2472.06494140625,2560.54541015625,402.3277282714844,5057.28125,2351.20654296875,558.5060424804688,996.612060546875,1922.7452392578125
2024-12-02,2822.46630859375,3746.702880859375,4965.736328125,1115.703125,259.3146667480469,737.2765502929688,366.4895935058594,995.7199096679688,52.78194808959961,2574.795166015625,380.2895812988281,2231.43701171875,792.6257934570312,2708.136474609375,2512.5302734375,223.1805419921875,833.2368774414062,262.7513427734375,386.42864990234375,126.1410140991211,5068.6826171875,102.72737121582033,482.6741027832031,649.3836059570312,1765.522216796875,10550.669921875,376.9024658203125,977.1879272460938,236.7139434814453,337.3500061035156,1340.6983642578125,1774.36376953125,2513.258056640625,2605.502197265625,406.2241516113281,5056.24072265625,2366.1982421875,572.9036865234375,1000.1106567382812,1932.7386474609375
2024-12-03,2816.4697265625,3746.702880859375,5015.69287109375,1113.2049560546875,261.51220703125,743.0717163085938,370.8870849609375,989.3242797851562,52.901859283447266,2549.81689453125,387.2839050292969,2251.431884765625,787.628173828125,2725.124755859375,2554.505615234375,222.58140563964844,839.0357666015625,264.50067138671875,400.1261596679687,129.93922424316406,5017.3759765625,102.87733459472656,477.57965087890625,642.18603515625,1786.5164794921875,10786.5947265625,381.8505554199219,965.1953735351562,234.31480407714844,344.2408447265625,1367.1826171875,1746.8814697265625,2521.5947265625,2617.49072265625,407.3231201171875,5016.6982421875,2348.70751953125,591.300537109375,994.8128051757812,1960.7203369140625
2024-12-04,2852.4501953125,3770.69482421875,5002.7041015625,1119.7003173828125,263.3102722167969,743.5712280273438,372.7859802246094,974.3345336914062,52.961822509765625,2552.814208984375,384.0365295410156,2261.42919921875,805.6196899414062,2712.1337890625,2529.020263671875,235.96224975585935,843.8347778320312,262.0016174316406,397.7265319824219,128.3899383544922,4989.58447265625,102.67738342285156,479.8771667480469,649.1837158203125,1761.5233154296875,10476.693359375,378.0520629882813,967.194091796875,235.1145172119141,347.53643798828125,1354.1903076171875,1723.89599609375,2459.31494140625,2621.487060546875,406.2241516113281,4988.6025390625,2340.21240234375,594.7000122070312,984.0169677734376,1953.7249755859375
2024-12-05,2832.461181640625,3782.6904296875,4961.73974609375,1128.1942138671875,267.3058776855469,750.665283203125,374.28515625,972.5357666015624,53.621341705322266,2588.783203125,378.8907470703125,2253.43115234375,817.1143188476562,2740.114501953125,2492.5419921875,239.0578155517578,838.2359008789062,267.4495544433594,397.2266540527344,130.48899841308594,4988.51513671875,102.37745666503906,488.8673400878906,656.181396484375,1766.5218505859375,10614.650390625,377.1523742675781,969.7925415039062,231.31588745117188,351.6310119628906,1340.6983642578125,1718.3995361328125,2444.11279296875,2712.39990234375,412.11865234375,4968.8310546875,2427.164794921875,588.5009765625,978.4191284179688,1938.7347412109375
2024-12-06,2810.472900390625,3744.703857421875,4919.77587890625,1089.7216796875,266.7065124511719,742.9718017578125,366.6894836425781,957.5460205078124,53.04176712036133,2570.798583984375,377.44189453125,2259.429931640625,820.1128540039062,2654.173583984375,2476.55126953125,237.1605224609375,844.8345947265625,264.7005615234375,391.627685546875,130.03919982910156,4944.69091796875,104.626953125,483.07366943359375,661.9794311523438,1760.5235595703125,10650.6376953125,377.85211181640625,972.990478515625,234.7146759033203,361.0184631347656,1343.1968994140625,1698.912109375,2417.14111328125,2717.39501953125,413.5173950195313,4900.15234375,2421.16796875,586.3014526367188,979.61865234375,1929.7406005859375
2024-12-09,2760.500244140625,3675.7275390625,5108.61376953125,1093.7188720703125,269.3036804199219,749.4663696289062,364.5906677246094,964.1414184570312,53.2016487121582,2566.802001953125,393.5287780761719,2295.420654296875,816.11474609375,2638.184326171875,2535.01708984375,235.6626739501953,826.63818359375,267.4495544433594,390.6278991699219,131.3385772705078,4923.31298828125,104.42699432373048,482.7739562988281,681.1730346679688,1751.5260009765625,10698.623046875,394.695556640625,988.5807495117188,236.11415100097656,362.6163330078125,1382.173583984375,1697.9127197265625,2482.36328125,2689.421875,414.8161926269531,4930.32861328125,2431.662109375,582.3021240234375,991.214111328125,1956.7230224609375
2024-12-10,2754.50341796875,3690.72265625,5098.62158203125,1077.230712890625,272.5001220703125,749.3663940429688,368.3884887695313,950.950439453125,52.901859283447266,2581.78955078125,395.1774291992187,2281.42431640625,808.6182861328125,2596.21337890625,2521.025146484375,231.7682647705078,824.2386474609375,264.1008605957031,390.6278991699219,130.9387664794922,4917.96875,102.57740783691406,475.0823974609375,671.3762817382812,1753.525390625,10508.6826171875,385.7490539550781,987.1815795898438,235.5143890380859,366.91058349609375,1372.67919921875,1674.9273681640625,2456.86279296875,2661.44873046875,409.6209716796875,4893.90869140625,2444.1552734375,565.7048950195312,992.0137939453124,1954.724365234375
2024-12-11,2768.49560546875,3711.715087890625,5078.63916015625,1069.7359619140625,274.29815673828125,755.2615356445312,369.9876098632813,938.9586791992188,54.18094253540039,2590.78173828125,393.7286071777344,2293.42138671875,815.614990234375,2547.2470703125,2491.042724609375,232.86668395996097,823.8387451171875,266.54986572265625,386.2286987304687,130.0891571044922,4939.34619140625,102.52742004394533,473.4841003417969,669.77685546875,1764.5223388671875,10534.6748046875,383.10009765625,988.3807983398438,234.5147399902344,370.2062072753906,1339.698974609375,1658.937744140625,2500.998046875,2656.453369140625,408.9216003417969,5031.2666015625,2488.131103515625,576.9030151367188,,1962.7191162109375
2024-12-12,2778.490234375,3738.705810546875,4995.7099609375,1081.227783203125,277.6944274902344,760.45703125,370.3873291015625,939.5582275390624,54.96037673950195,2591.78076171875,396.7261657714844,2271.4267578125,815.115234375,2593.215576171875,2503.53564453125,231.6684112548828,818.439697265625,270.598388671875,390.1279602050781,131.5384979248047,4961.79345703125,101.97753143310548,470.48736572265625,662.5792236328125,1764.5223388671875,10564.666015625,377.7521667480469,990.9791870117188,235.31443786621097,370.2062072753906,1333.2027587890625,1671.4296875,2474.02685546875,2625.48291015625,408.8217468261719,5033.34716796875,2557.093017578125,575.3032836914062,993.21337890625,1952.7257080078125
2024-12-13,2800.478515625,3725.71044921875,4895.7958984375,1081.227783203125,279.6922302246094,765.552734375,371.7865905761719,943.7554321289062,55.34010314941406,2613.761962890625,395.6270751953125,2253.43115234375,839.1038818359375,2606.20654296875,2497.039306640625,231.8681182861328,817.239990234375,269.2988586425781,397.6266174316406,131.08868408203125,4984.23974609375,100.02796936035156,475.68170166015625,649.3836059570312,1754.5250244140625,10464.697265625,370.9048156738281,996.1759643554688,234.7146759033203,368.80804443359375,1328.70556640625,1667.4322509765625,2413.218017578125,2644.46484375,405.1251525878906,5054.16015625,2617.060302734375,572.5037231445312,997.8115844726562,1932.7386474609375
2024-12-16,2770.49462890625,3707.716552734375,4836.8466796875,1079.229248046875,276.09619140625,760.856689453125,372.8859252929687,935.1613159179688,55.34010314941406,2594.778076171875,384.7859191894531,2237.435302734375,839.6036376953125,2590.217529296875,2457.06298828125,228.4729766845703,814.8404541015625,270.1985168457031,397.526611328125,126.29093933105467,5000.2734375,98.9582061767578,469.4884948730469,638.5872192382812,1747.5269775390625,10520.6787109375,367.6061401367187,990.7794189453124,227.5172882080078,362.8160400390625,1318.71142578125,1631.455322265625,2389.67919921875,2629.479248046875,405.8245239257813,5053.119140625,2598.5703125,583.7018432617188,994.6128540039062,1936.736083984375
2024-12-17,2700.53271484375,3705.71728515625,4815.86474609375,1069.236328125,274.6977233886719,757.0598754882812,373.785400390625,935.960693359375,54.18094253540039,2544.8212890625,379.7900085449219,2229.437255859375,831.107666015625,2572.22998046875,2412.0888671875,226.276123046875,807.0419921875,264.45068359375,388.8282165527344,126.44087982177734,4972.4814453125,96.21880340576172,467.0910949707031,635.9880981445312,1743.528076171875,10502.685546875,362.55810546875,989.3802490234376,227.31735229492188,355.3260192871094,1332.7032470703125,1615.9652099609375,2383.30419921875,2604.503173828125,398.9308471679687,5039.5908203125,,580.9022827148438,979.818603515625,1913.7510986328125
2024-12-18,2700.53271484375,3728.70947265625,4752.91845703125,1062.7410888671875,274.89752197265625,767.2512817382812,372.68603515625,925.56787109375,54.7805061340332,2555.8115234375,383.0873107910156,2239.434814453125,818.11376953125,2548.24658203125,2417.5859375,225.47726440429688,801.64306640625,266.9497375488281,391.4277648925781,126.19098663330078,4925.451171875,97.35855865478516,463.39508056640625,634.3886108398438,1746.5272216796875,10348.734375,362.15826416015625,999.8736572265624,228.7168426513672,356.32470703125,1333.2027587890625,1611.468017578125,2368.592529296875,2606.501220703125,403.2269287109375,5018.77978515625,2517.114990234375,586.7013549804688,980.2184448242188,1926.74267578125
2024-12-19,2690.5380859375,3652.73583984375,4688.9736328125,1063.2406005859375,271.1016540527344,764.45361328125,368.28857421875,920.970947265625,54.26088333129883,2569.7998046875,378.7408447265625,2203.44384765625,811.6168823242188,2572.22998046875,2404.093505859375,223.28041076660156,792.44482421875,260.1523132324219,378.1301879882813,125.84114837646484,4896.5908203125,97.07862091064452,458.1008911132813,629.5901489257812,1730.53173828125,10240.7685546875,353.96148681640625,982.9841918945312,222.11924743652344,354.527099609375,1321.2100830078125,1596.9774169921875,2293.07177734375,2611.49658203125,399.6302185058594,5015.658203125,2524.111572265625,579.5025024414062,976.8197631835938,1933.738037109375
2024-12-20,2692.537109375,3627.744140625,4663.99560546875,1044.7537841796875,269.9030456542969,760.1572875976562,366.1897583007813,927.9661865234376,54.16095733642578,2570.798583984375,378.7408447265625,2203.44384765625,807.6187744140625,2514.269775390625,2393.099853515625,223.5799560546875,786.64599609375,260.1523132324219,379.3299865722656,124.8916015625,4873.0751953125,94.97908020019533,456.702392578125,628.190673828125,1729.5318603515625,10252.763671875,352.761962890625,971.3914794921876,220.919677734375,362.21685791015625,1319.211181640625,1604.9722900390625,2288.658447265625,2594.512939453125,395.1343994140625,5003.1708984375,2503.122802734375,575.3032836914062,972.4214477539062,1951.726318359375
2024-12-23,2706.529541015625,3606.75146484375,4687.974609375,1043.2548828125,268.7043151855469,764.45361328125,365.7900085449219,938.9586791992188,53.92112731933594,2562.805419921875,380.3895263671875,2181.449462890625,818.11376953125,2504.2763671875,2407.591552734375,223.7796936035156,784.0465087890625,261.5018310546875,378.6300964355469,127.44039916992188,4868.79931640625,94.0592803955078,461.896728515625,632.7891235351562,1724.533203125,10418.7119140625,353.96148681640625,980.1859741210938,219.72010803222656,358.62164306640625,1333.2027587890625,1603.4732666015625,2288.168212890625,2616.49169921875,396.6329956054687,5012.5361328125,2492.12890625,575.5032348632812,976.419921875,1986.7034912109375
2024-12-24,2724.51953125,3615.748291015625,4695.96728515625,1042.7552490234375,271.7010192871094,771.3478393554688,368.28857421875,943.5555419921876,54.18094253540039,2557.809814453125,380.9390563964844,2197.445556640625,814.615478515625,2535.25537109375,2427.580078125,225.07781982421875,793.6445922851562,263.4510192871094,381.7295227050781,128.93971252441406,4877.35009765625,94.89910125732422,462.595947265625,632.9890747070312,1726.53271484375,10432.70703125,355.21099853515625,990.1797485351562,221.11959838867188,366.4112548828125,1338.699462890625,1604.4725341796875,2335.736083984375,2621.487060546875,399.4303894042969,5011.49560546875,2496.12646484375,575.5032348632812,985.6163330078124,1987.702880859375
2024-12-27,2744.5087890625,3629.74365234375,4689.47314453125,1050.2498779296875,270.9018859863281,776.4434204101562,366.6894836425781,944.5548706054688,54.320838928222656,2561.806640625,385.1356506347656,2187.447998046875,817.614013671875,2516.2685546875,2439.07275390625,226.475830078125,791.2451171875,264.8005676269531,378.2301635742187,131.7883758544922,4892.31494140625,93.95931243896484,465.4928283691406,636.787841796875,1718.534912109375,10456.7001953125,354.4612731933594,981.98486328125,220.71975708007812,359.52044677734375,1341.69775390625,1605.9715576171875,2296.9951171875,2615.49267578125,400.02984619140625,5023.982421875,2533.60595703125,577.9027709960938,982.4175415039062,1980.7073974609375
2024-12-30,2736.512939453125,3602.7529296875,4665.494140625,1044.7537841796875,271.90081787109375,781.0396118164062,365.3902587890625,942.9559326171876,54.38079452514648,2548.817626953125,386.4346008300781,2183.448974609375,813.1161499023438,2500.279296875,2440.572509765625,226.77540588378903,788.2456665039062,264.6506042480469,377.330322265625,132.43807983398438,4847.421875,92.799560546875,464.9933471679687,632.9890747070312,1708.53759765625,10404.7158203125,352.16217041015625,984.1834716796876,219.3202667236328,360.019775390625,1333.2027587890625,1610.4686279296875,2291.1103515625,2617.49072265625,399.6302185058594,5002.1298828125,2512.617431640625,570.3040771484375,981.8178100585938,1982.7061767578125
2024-12-31,2730.516357421875,3627.744140625,4718.94775390625,1050.74951171875,273.29925537109375,784.6365966796875,368.0886840820313,949.3516235351562,54.740535736083984,2550.81591796875,392.6794738769531,2183.448974609375,816.11474609375,2506.275146484375,2474.552490234375,229.47154235839844,792.8447875976562,268.0493469238281,375.4306640625,133.5375518798828,4861.31689453125,95.8788833618164,468.2897644042969,636.787841796875,1718.534912109375,10464.697265625,353.2617492675781,987.9810791015624,221.11959838867188,366.5111389160156,1345.6953125,1602.9735107421875,2318.572265625,2641.4677734375,401.7283020019531,5029.185546875,2536.104736328125,568.50439453125,991.0142822265624,1991.7003173828125
2025-01-02,2772.49365234375,3678.7265625,4759.91259765625,1052.7481689453125,275.4968566894531,782.7381591796875,372.4861755371094,959.3447265625,55.00035095214844,2583.78759765625,402.8211975097656,2209.442626953125,818.11376953125,2509.273193359375,2525.52294921875,229.67124938964844,794.679443359375,266.7998046875,389.2281188964844,137.1358642578125,4906.2099609375,95.11904907226562,472.9846496582031,640.3865966796875,1730.53173828125,10626.646484375,362.5081176757813,984.3833618164062,220.3199005126953,356.32470703125,1360.6865234375,1627.6729736328125,2335.736083984375,2672.43798828125,401.7283020019531,5056.24072265625,2546.09912109375,588.3010864257812,992.8135375976562,2012.6865234375
2025-01-03,2752.50439453125,3648.737060546875,4693.96923828125,1040.2569580078125,276.09619140625,781.6390380859375,372.08636474609375,951.1503295898438,54.320838928222656,2601.772216796875,407.6173095703125,2195.44580078125,813.615966796875,2463.3046875,2564.99951171875,228.6726837158203,793.2797241210938,266.3500061035156,390.4279174804687,137.9355010986328,4875.21337890625,94.13926696777344,473.9835815429687,624.7918090820312,1737.5296630859375,10590.6572265625,361.45855712890625,988.3807983398438,219.12033081054688,359.42059326171875,1339.1993408203125,1626.1737060546875,2301.40869140625,2666.443603515625,402.62744140625,5066.64697265625,2447.153564453125,584.9016723632812,980.4183349609376,1991.7003173828125
2025-01-06,2744.5087890625,3664.7314453125,4709.4560546875,1034.2613525390625,276.8952941894531,783.8372192382812,372.7859802246094,941.556884765625,55.71983337402344,2615.760498046875,413.7122802734375,2209.442626953125,812.6163940429688,2447.31591796875,2575.992919921875,230.17054748535156,787.2806396484375,272.6975402832031,382.7293395996094,136.73605346679688,4754.42822265625,97.9184341430664,485.2713012695313,636.787841796875,1749.5264892578125,10708.6201171875,366.5565490722656,1003.3714599609376,220.919677734375,364.0144348144531,1348.693603515625,1615.1793212890625,2346.5244140625,2647.462158203125,409.3212585449219,5004.21044921875,2502.12353515625,569.9041748046875,989.6148071289062,2018.6826171875
2025-01-07,2772.49365234375,3697.719970703125,4661.49755859375,1023.768798828125,272.1005859375,775.3444213867188,370.3873291015625,939.1585083007812,55.30013656616211,2604.769775390625,421.65582275390625,2201.4443359375,818.11376953125,2452.312255859375,2615.47021484375,229.87095642089844,796.0792846679688,265.60028076171875,380.7297058105469,138.08541870117188,4806.8037109375,101.47765350341795,483.5731201171875,633.9887084960938,1743.528076171875,10664.6337890625,361.0587158203125,986.382080078125,221.91932678222656,359.3206787109375,1356.6888427734375,1611.6810302734375,2323.966552734375,2638.470703125,394.8346862792969,5041.6728515625,2505.121826171875,576.5029907226562,986.0162353515624,2010.6878662109375
2025-01-08,2768.49560546875,3773.693603515625,4717.44873046875,973.5046997070312,271.7010192871094,790.5315551757812,369.7877197265625,931.3638305664062,53.82120132446289,2621.75537109375,420.0570983886719,2197.445556640625,814.1156616210938,2381.361083984375,2577.99169921875,221.0835418701172,787.8805541992188,264.9005126953125,376.73040771484375,136.1863250732422,4838.87060546875,97.51852416992188,471.586181640625,614.7951049804688,1750.5262451171875,10750.607421875,363.8076477050781,1006.8692626953124,224.71829223632812,348.1356506347656,1359.1873779296875,1571.20166015625,2316.120361328125,2607.500244140625,392.237060546875,5108.27001953125,2524.61083984375,577.9027709960938,987.2156982421876,2012.6865234375
2025-01-09,2796.48046875,3804.68310546875,4801.87646484375,972.105712890625,262.91070556640625,801.822021484375,367.7888488769531,934.1619262695312,53.86116790771485,2630.747314453125,422.3552856445313,2233.4365234375,814.615478515625,2390.355224609375,2611.97216796875,223.1805419921875,781.08154296875,265.75018310546875,345.2362365722656,132.58799743652344,4897.66015625,99.6380615234375,478.9781188964844,620.5932006835938,1769.5211181640625,10984.5322265625,365.5569458007813,1013.3651733398438,226.91751098632812,318.47515869140625,1348.693603515625,1570.2021484375,2392.62158203125,2569.53662109375,384.6440734863281,5122.8388671875,2553.594970703125,581.3023071289062,1003.6093139648438,2060.6552734375
2025-01-10,2742.509765625,3809.681396484375,4813.86669921875,955.7174072265624,251.72300720214844,798.4248657226562,359.4936218261719,917.773193359375,52.8419075012207,2606.767578125,424.7532958984375,2205.443359375,780.1317138671875,2359.37646484375,2623.46533203125,218.98654174804688,774.0825805664062,257.953125,334.93817138671875,133.68748474121094,4846.3525390625,96.61872100830078,471.2864990234375,602.3992309570312,1735.5302734375,10978.53515625,358.5597229003906,1024.3582763671875,224.5183868408203,315.5790710449219,1348.693603515625,1540.2174072265625,2376.438720703125,2525.5791015625,374.0538940429687,5150.93408203125,2445.15478515625,579.9025268554688,987.6155395507812,2020.6812744140625
2025-01-13,2732.515380859375,3763.697265625,4880.80859375,949.5217895507812,252.52212524414065,797.6255493164062,359.99334716796875,915.1749267578124,53.14168548583984,2576.79345703125,430.8483276367187,2191.44677734375,776.1336669921875,2361.375,2661.443115234375,220.9836883544922,764.0841674804688,260.6021423339844,332.5386047363281,135.78651428222656,4843.14599609375,96.2787857055664,468.2897644042969,595.0017700195312,1731.5313720703125,10818.5859375,363.8076477050781,1014.3645629882812,226.7175750732422,320.3726501464844,1330.2047119140625,1545.21484375,2405.371826171875,2521.582763671875,381.34716796875,5090.58056640625,2390.18505859375,567.3046264648438,983.4171752929688,2006.6905517578125
2025-01-14,2706.529541015625,3761.697998046875,4913.7802734375,936.9307861328124,251.52322387695312,798.5248413085938,356.3954162597656,910.1782836914062,53.58137512207031,2592.780029296875,419.9072570800781,2167.452880859375,786.628662109375,2336.392333984375,2671.437255859375,223.48011779785156,768.8834228515625,263.7009582519531,327.5395202636719,132.73793029785156,4788.6328125,90.1601333618164,468.1899108886719,602.9990844726562,1717.5350341796875,10626.646484375,367.4562072753906,1021.8599243164062,229.31661987304688,313.3819580078125,1292.7269287109375,1543.2159423828125,2424.496826171875,2521.582763671875,385.5432434082031,5060.4033203125,2335.715087890625,566.3047485351562,977.6194458007812,2000.6942138671875
2025-01-15,2708.5283203125,3827.675048828125,4929.7666015625,979.3005981445312,256.7174987792969,803.7203979492188,360.39312744140625,934.96142578125,57.07884979248047,2577.792724609375,422.655029296875,2219.43994140625,797.6234741210938,2457.308837890625,2679.932373046875,232.26754760742188,780.6815795898438,280.84454345703125,337.1377868652344,133.3876190185547,4771.5302734375,92.85955047607422,485.2713012695313,612.3958740234375,1739.5291748046875,10644.640625,368.6057434082031,1055.838623046875,238.9131317138672,321.5710754394531,1326.706787109375,1581.6964111328125,2400.9580078125,2597.510009765625,404.825439453125,5016.6982421875,2359.201904296875,563.3052978515625,1010.1068115234376,2026.6773681640625
2025-01-16,2760.500244140625,3900.64990234375,4927.26904296875,989.2933959960938,258.91510009765625,817.1090698242188,360.7928466796875,948.3522338867188,57.21875,2594.778076171875,428.4502868652344,2277.425048828125,819.6130981445312,2494.283447265625,2687.427734375,232.16769409179688,795.8792724609375,282.5939025878906,335.93798828125,134.6370391845703,4826.0439453125,87.34075927734375,491.1648864746094,624.5918579101562,1764.5223388671875,10840.5791015625,369.90521240234375,1066.33203125,240.51255798339844,311.23004150390625,1347.694091796875,1586.6937255859375,2412.727783203125,2627.481201171875,406.9234619140625,5087.45849609375,2376.692626953125,578.70263671875,1021.1025390625,2070.648681640625
2025-01-17,2798.4794921875,3949.6328125,5036.67529296875,997.487548828125,262.31134033203125,822.0050048828125,364.3908386230469,962.5425415039062,58.49782943725586,2599.77392578125,433.9457702636719,2313.416015625,845.600830078125,2500.279296875,2718.90966796875,233.26609802246097,793.4796752929688,289.24139404296875,334.4382629394531,135.88644409179688,4903.00439453125,85.02127838134766,494.960693359375,655.381591796875,1861.4962158203125,10934.5498046875,380.0013122558594,1075.8260498046875,241.7121124267578,313.2283020019531,1358.1878662109375,1594.6898193359375,2499.036376953125,2641.4677734375,413.9170227050781,5217.533203125,2433.1611328125,587.901123046875,1025.100830078125,2084.6396484375
2025-01-20,2802.477294921875,3963.628173828125,5086.63232421875,991.2919921875,264.5089111328125,824.6027221679688,366.4895935058594,965.3406372070312,58.61774444580078,2597.77587890625,429.34954833984375,2333.4111328125,833.1067504882812,2483.291015625,2720.908203125,231.8681182861328,784.2810668945312,291.74041748046875,338.1376037597656,137.63563537597656,4917.96875,84.06148529052734,493.6621398925781,661.379638671875,1848.499755859375,10790.5947265625,387.0485229492187,1077.8248291015625,241.51219177246097,317.6244812011719,1353.19091796875,1586.1939697265625,2570.14306640625,2612.49560546875,414.4165344238281,5240.42626953125,2436.6591796875,595.2998657226562,1027.5999755859375,2082.640869140625
2025-01-21,2818.46875,3994.6171875,5018.6904296875,998.8865356445312,260.3135681152344,824.8026123046875,367.2891540527344,976.13330078125,60.956058502197266,2602.771484375,426.5018615722656,2331.411865234375,836.6051025390625,2523.263671875,2693.92431640625,232.46725463867188,790.8800659179688,295.8388977050781,341.73687744140625,138.3852996826172,4932.9326171875,83.62158203125,493.4623718261719,654.7818603515625,1850.499267578125,11048.513671875,380.45111083984375,1078.82421875,240.51255798339844,319.72265625,1357.688232421875,1600.1868896484375,2531.40234375,2658.451416015625,416.8143310546875,5271.6435546875,2428.1640625,593.900146484375,1036.0966796875,2108.6240234375
2025-01-22,2772.49365234375,3990.61865234375,4996.70947265625,972.3056030273438,257.1170959472656,822.3046875,369.9876098632813,962.742431640625,61.65555191040039,2599.77392578125,425.9023742675781,2349.4072265625,843.1019897460938,2470.300048828125,2694.423828125,233.765380859375,776.0823364257812,293.63970947265625,339.2373352050781,134.83694458007812,4884.8330078125,82.96173095703125,510.6436462402344,651.9827270507812,1893.487548828125,11036.517578125,377.0524597167969,1064.3333740234375,240.91241455078125,318.3238830566406,1354.6900634765625,1579.697265625,2507.373291015625,2662.44775390625,417.3138427734375,5244.587890625,2397.6806640625,603.298583984375,1027.1002197265625,2128.61083984375
2025-01-23,2760.500244140625,3978.62255859375,4943.2548828125,981.898681640625,252.9216766357422,828.5994262695312,366.3896789550781,969.1380615234376,62.49494552612305,2624.752685546875,423.4043884277344,2393.39599609375,847.10009765625,2482.291748046875,2681.431396484375,234.9636688232422,778.8818969726562,298.53790283203125,332.7385559082031,137.5356903076172,4911.5546875,81.6820068359375,511.4427795410156,651.7828369140625,1914.4818115234375,11042.5146484375,373.3538818359375,1082.8216552734375,241.51219177246097,316.92510986328125,1362.6851806640625,1583.195556640625,2499.036376953125,2675.43505859375,429.202880859375,5277.88720703125,2400.1796875,611.4971313476562,1008.607421875,2144.600341796875
2025-01-24,2794.481689453125,3926.640869140625,4982.72119140625,967.9086303710938,252.52212524414065,817.3089599609375,359.79345703125,954.34814453125,61.77546310424805,2626.750732421875,419.507568359375,2415.390380859375,834.1062622070312,2435.323974609375,2618.46826171875,234.7639617919922,769.8832397460938,292.9399719238281,321.440673828125,134.6370391845703,4857.04150390625,83.98150634765625,506.64801025390625,657.5808715820312,1909.483154296875,11046.513671875,375.2531433105469,1075.8260498046875,239.31298828125,315.72613525390625,1355.689453125,1559.7073974609375,2486.776611328125,2637.471435546875,421.0104370117187,5277.88720703125,2502.12353515625,605.4981689453125,1002.10986328125,2128.61083984375
2025-01-27,2792.482666015625,3924.641357421875,4895.29638671875,974.5039672851562,254.1203460693359,823.803466796875,363.4913635253906,960.5439453125,61.25584030151367,2662.719970703125,416.6099548339844,2379.399658203125,832.107177734375,2457.308837890625,2581.98974609375,234.4644012451172,773.8826293945312,288.29168701171875,319.2410583496094,132.13819885253906,4962.8623046875,81.36207580566406,506.44818115234375,659.7801513671875,1882.490478515625,11176.47265625,361.3585815429687,1065.3326416015625,248.30972290039065,317.7243957519531,1401.162353515625,1563.2056884765625,2332.30322265625,2644.46484375,421.8097229003906,5373.62109375,2492.12890625,589.7008056640625,1011.1064453125,2170.58349609375
2025-01-28,2816.4697265625,3958.629638671875,4808.8701171875,979.5004272460938,256.9173278808594,823.503662109375,370.3873291015625,969.7376098632812,61.535640716552734,2667.7158203125,418.0087890625,2363.40380859375,811.6168823242188,2477.295166015625,2579.4912109375,235.26324462890625,781.4814453125,289.24139404296875,326.93963623046875,136.33624267578125,4964.99951171875,82.46183776855469,506.2483825683594,656.3812866210938,1844.500732421875,11166.474609375,354.8111572265625,1059.3363037109375,250.10906982421875,321.720947265625,1386.6708984375,1583.195556640625,2311.216552734375,2654.455078125,424.8069458007813,5433.9765625,2493.628173828125,582.7020263671875,1024.6011962890625,2210.557373046875
2025-01-29,2792.482666015625,3968.62646484375,4840.84326171875,998.6867065429688,255.91839599609375,835.0939331054688,368.5884094238281,967.9389038085938,62.47496032714844,2659.72265625,416.0603637695313,2381.39892578125,839.6036376953125,2469.30078125,2593.48291015625,237.65980529785156,782.8812866210938,296.1887512207031,330.0390930175781,139.28488159179688,4940.41552734375,86.28099822998047,510.8433837890625,670.5765380859375,1847.4998779296875,11228.4560546875,345.3648376464844,1081.3226318359375,246.71031188964844,319.9225158691406,1399.6632080078125,1581.6964111328125,2317.101318359375,2751.362548828125,434.69775390625,5456.86865234375,2425.165771484375,584.101806640625,1022.1021118164062,2246.53369140625
2025-01-30,2786.486083984375,4022.607421875,4856.82958984375,1024.2684326171875,257.91619873046875,839.490234375,373.485595703125,975.3338012695312,62.29508972167969,2693.693603515625,421.1562194824219,2425.38818359375,836.6051025390625,2516.2685546875,2661.443115234375,240.8552398681641,794.8794555664062,295.6889343261719,340.13720703125,139.38479614257812,4983.1708984375,87.16080474853516,513.0409545898438,688.570556640625,1864.495361328125,11310.4296875,352.81195068359375,1085.320068359375,249.30935668945312,320.62188720703125,1401.162353515625,1607.1834716796875,2344.563232421875,2704.407470703125,433.299072265625,5548.44140625,2426.664794921875,595.8997802734375,1032.0982666015625,2278.512939453125
2025-01-31,2808.473876953125,4023.607421875,4886.8037109375,1022.2698364257812,254.1203460693359,844.9855346679688,371.9864501953125,979.1312255859376,62.29508972167969,2718.67236328125,422.1554260253906,2425.38818359375,837.6046142578125,2525.26220703125,2676.93408203125,241.95367431640625,790.2801513671875,296.88848876953125,335.73797607421875,142.4333953857422,4951.10498046875,89.10037994384766,513.4406127929688,677.97412109375,2065.44091796875,11340.4208984375,350.3628845214844,1091.31640625,246.9102325439453,323.8191223144531,1404.1605224609375,1630.67138671875,2334.755126953125,2700.411376953125,432.6996154785156,5546.36083984375,2417.669921875,605.8980712890625,1031.5985107421875,2290.50537109375
2025-02-03,2864.443603515625,4015.610107421875,4831.3515625,1008.2798461914062,252.7219085693359,820.9059448242188,372.1863098144531,985.5269165039062,61.2358512878418,2738.65478515625,419.6574401855469,2353.406005859375,820.1128540039062,2505.27587890625,2625.46435546875,236.46153259277344,787.2806396484375,290.44091796875,335.13812255859375,141.63377380371094,4956.44921875,84.9412841796875,506.64801025390625,664.7785034179688,2033.4495849609375,11272.4423828125,341.9661865234375,1062.3345947265625,242.71176147460935,318.7235107421875,1397.664306640625,1624.174560546875,2303.3701171875,2724.38818359375,425.8060302734375,5519.3046875,2363.699462890625,595.2998657226562,1028.0997314453125,2280.51171875
2025-02-04,2892.428466796875,3999.61572265625,4874.314453125,1002.7837524414062,256.9173278808594,828.49951171875,377.1834716796875,983.5281982421876,61.535640716552734,2739.654296875,421.8556823730469,2353.406005859375,817.1143188476562,2477.295166015625,2650.449462890625,235.36309814453125,788.4804077148438,294.1395263671875,344.93634033203125,140.83413696289062,4920.10595703125,84.6213607788086,505.04974365234375,667.7775268554688,2033.4495849609375,11026.51953125,348.463623046875,1067.8310546875,238.71322631835935,316.2257080078125,1379.17529296875,1614.1798095703125,2297.4853515625,2707.404541015625,427.9040832519531,5448.5439453125,2326.22021484375,593.5001831054688,1033.097900390625,2270.51806640625
2025-02-05,2892.428466796875,4029.60498046875,4895.7958984375,1012.776611328125,263.3102722167969,825.8016967773438,387.3775939941406,991.123046875,61.93534851074219,2767.630126953125,423.6042175292969,2357.405029296875,836.1052856445312,2498.28076171875,2643.45361328125,235.36309814453125,797.0791625976562,295.1891174316406,357.5339660644531,141.8336639404297,4952.1728515625,84.30142974853516,507.2472839355469,654.7818603515625,2033.4495849609375,11122.490234375,348.06378173828125,1073.32763671875,237.11380004882812,317.224853515625,1484.11279296875,1620.676513671875,2287.187255859375,2743.3701171875,433.89849853515625,5469.3564453125,2233.77099609375,601.6987915039062,1040.594970703125,2280.51171875
2025-02-06,2988.376220703125,4041.60107421875,5021.68798828125,995.888671875,263.90960693359375,847.2836303710938,386.7779846191406,976.5330200195312,63.29437255859375,2822.5830078125,428.6501159667969,2357.405029296875,866.0911254882812,2466.302734375,2644.952880859375,238.55853271484375,783.68115234375,307.3845520019531,353.2347717285156,137.7855682373047,4987.4462890625,84.7213363647461,513.6403198242188,677.1743774414062,2051.444580078125,11782.2822265625,354.31134033203125,1109.30517578125,236.51402282714844,318.5237121582031,1478.615966796875,1567.703369140625,2402.919921875,2776.33837890625,447.4859619140625,5473.51806640625,2251.261474609375,605.8980712890625,1024.6011962890625,2292.50390625
2025-02-07,3034.351318359375,4037.6025390625,5010.697265625,995.6889038085938,262.5111083984375,853.278564453125,387.0777893066406,981.7294921875,62.51493453979492,2825.580810546875,432.8966674804687,2327.412841796875,857.0953979492188,2459.3076171875,2643.45361328125,241.3545379638672,775.682373046875,304.58563232421875,347.83575439453125,136.4362030029297,5021.6513671875,82.28187561035156,511.8423156738281,663.5789184570312,2027.4512939453125,11596.33984375,358.459716796875,1109.30517578125,236.31407165527344,313.7278747558594,1442.1376953125,1559.207763671875,2421.5546875,2768.34619140625,443.8892822265625,5467.27490234375,2220.7783203125,602.6986083984375,1001.1103515625,2282.510498046875
2025-02-10,2982.379638671875,4074.58935546875,5011.69677734375,1003.7830810546876,262.5111083984375,865.4682006835938,389.5763244628906,976.5330200195312,62.7547607421875,2854.555908203125,464.7705993652344,2319.414794921875,855.0963134765625,2475.29638671875,2637.956787109375,246.24752807617188,780.881591796875,302.6363525390625,351.3351135253906,139.53475952148438,5032.33984375,83.7215576171875,506.64801025390625,680.97314453125,2041.447509765625,11714.302734375,359.3094177246094,1103.308837890625,237.91351318359375,316.5254211425781,1464.624267578125,1541.2169189453125,2454.410888671875,2792.322998046875,440.991943359375,5456.86865234375,2194.79248046875,613.296875,1003.6093139648438,2306.494873046875
2025-02-11,2938.403564453125,4118.57421875,4949.74951171875,999.2862548828124,264.1093444824219,874.8602905273438,394.2736206054687,967.5391845703124,62.7547607421875,2874.53857421875,461.8730163574219,2311.416748046875,856.5956420898438,2473.2978515625,2697.921630859375,238.3588104248047,777.4821166992188,306.3349609375,353.73468017578125,139.9345703125,5048.37353515625,85.68112182617188,500.4547424316406,682.3726196289062,2063.441650390625,11620.3330078125,349.51318359375,1124.2957763671875,236.9138641357422,316.7252502441406,1442.637451171875,1518.728271484375,2394.092529296875,2795.3203125,448.3850708007813,5423.56982421875,2169.306396484375,619.895751953125,1009.107177734375,2336.47509765625
2025-02-12,2968.38720703125,4123.572265625,4994.71142578125,982.498291015625,260.71307373046875,880.9552001953125,392.674560546875,953.7485961914062,63.85396957397461,2881.53271484375,468.36767578125,2331.411865234375,849.0991821289062,2450.313720703125,2699.9208984375,238.9579620361328,774.2825927734375,307.63446044921875,349.5354919433594,136.9859619140625,5078.30224609375,87.08081817626953,502.65234375,721.7594604492188,2081.4365234375,11798.27734375,340.8666076660156,1125.295166015625,238.71322631835935,316.7252502441406,1444.136474609375,1497.2391357421875,2391.150634765625,2794.321044921875,449.5840148925781,5379.86474609375,2132.82666015625,620.695556640625,1019.103271484375,2336.47509765625
2025-02-13,3188.267578125,4133.5693359375,5034.6767578125,989.2933959960938,263.90960693359375,875.1600341796875,395.1731262207031,961.3433837890624,64.17373657226562,2811.5927734375,463.5216674804687,2361.404052734375,830.60791015625,2475.29638671875,2650.22265625,241.85382080078125,787.0806274414062,293.139892578125,355.43438720703125,135.28675842285156,4791.83935546875,87.48072814941406,509.8445129394531,726.5579223632812,2089.434326171875,11960.2255859375,345.31488037109375,1115.30126953125,244.31117248535156,320.82171630859375,1443.636962890625,1506.234619140625,2417.63134765625,2828.288818359375,436.5960388183594,5367.3779296875,2183.798583984375,624.2950439453125,1026.1005859375,2338.47412109375
2025-02-14,3188.267578125,4071.590576171875,5049.6640625,993.89013671875,261.91180419921875,868.9652709960938,396.3724670410156,956.5466918945312,64.11378479003906,2789.61181640625,467.4184875488281,2337.41015625,836.6051025390625,2473.2978515625,2672.711669921875,241.4543914794922,781.2815551757812,294.4894104003906,355.7342834472656,136.03639221191406,4702.05224609375,86.06104278564453,508.8455810546875,726.5579223632812,2081.4365234375,11704.3056640625,353.0618591308594,1122.2969970703125,243.11160278320312,315.0267333984375,1434.142578125,1506.734375,2415.669677734375,2810.30615234375,427.7042541503906,5427.732421875,2144.320068359375,624.4949340820312,1025.100830078125,2290.50537109375
2025-02-17,3260.228515625,4046.599365234375,5080.63720703125,989.6931762695312,261.1126708984375,880.555419921875,396.772216796875,954.7478637695312,62.87467193603515,2777.621826171875,462.3725891113281,2343.40869140625,840.1034545898438,2471.29931640625,2685.705322265625,241.4543914794922,785.2808837890625,304.28570556640625,358.4338073730469,136.2862548828125,4681.74365234375,85.82109069824219,510.2440490722656,729.956787109375,2103.430908203125,11710.3037109375,350.2629089355469,1124.2957763671875,243.71141052246097,305.93463134765625,1418.6517333984375,1496.23974609375,2425.96826171875,2856.26171875,438.59417724609375,5540.1171875,2150.317138671875,635.293212890625,1031.0985107421875,2316.488525390625
2025-02-18,3284.215576171875,4027.60595703125,5076.640625,977.7017211914062,250.72409057617188,897.3412475585938,382.08062744140625,942.9559326171876,63.21442794799805,2771.626708984375,462.0228576660156,2351.40673828125,836.6051025390625,2435.323974609375,2678.70849609375,242.05352783203125,779.2818603515625,308.0843200683594,346.93597412109375,135.8364715576172,4638.98779296875,83.96150970458984,505.4493103027344,726.5579223632812,2115.427490234375,11784.28125,353.41168212890625,1137.787353515625,245.3108062744141,299.4402770996094,1442.1376953125,1462.7568359375,2405.862060546875,2859.259033203125,444.7884521484375,5554.6845703125,2144.820068359375,644.2916259765625,1032.0982666015625,2316.488525390625
2025-02-19,3248.235107421875,3994.6171875,5031.67919921875,974.104248046875,248.7263031005859,894.6435546875,380.6814575195313,952.3494873046876,62.79473114013672,2775.62353515625,462.9221496582031,2299.419677734375,816.614501953125,2441.320068359375,2684.7060546875,238.65838623046875,769.2833251953125,305.83514404296875,345.13629150390625,135.8364715576172,4704.18994140625,81.10213470458984,495.56005859375,704.7651977539062,2087.43505859375,11700.306640625,327.6717529296875,1139.286376953125,244.5111083984375,290.34814453125,1436.64111328125,1479.748046875,2324.456787109375,2816.30029296875,439.2935485839844,5542.19775390625,2112.337890625,642.491943359375,1021.1025390625,2292.50390625
2025-02-20,3284.215576171875,3982.621337890625,5057.65673828125,964.5111694335938,248.3267517089844,879.0567016601562,374.5849304199219,952.1495971679688,65.85252380371094,2739.189697265625,451.6915893554687,2305.418212890625,809.6177978515625,2423.332275390625,2682.706787109375,237.85952758789065,765.683837890625,298.2879943847656,343.5365905761719,143.48289489746094,4681.74365234375,81.34208679199219,495.4601440429687,713.5621948242188,2069.439697265625,11588.0068359375,325.42266845703125,1139.286376953125,241.1123504638672,289.4489440917969,1446.296142578125,1474.7506103515625,2382.323486328125,2771.34326171875,435.69683837890625,5500.57373046875,2122.332275390625,618.2960815429688,1017.1040649414062,2278.512939453125
2025-02-21,3306.20361328125,3904.6484375,5077.64013671875,960.7138671875,252.3223571777344,885.0516357421875,373.8853454589844,957.5460205078124,67.1515884399414,2682.227783203125,447.1946411132813,2303.4189453125,818.11376953125,2432.326171875,2636.2294921875,237.7596740722656,772.2828979492188,303.6859436035156,346.0361328125,145.0321807861328,4699.91455078125,81.42207336425781,498.0573425292969,715.1617431640625,2051.444580078125,11705.986328125,323.72332763671875,1182.2593994140625,247.31007385253903,290.6478576660156,1428.3050537109375,1493.740966796875,2393.11181640625,2797.318359375,451.3822937011719,5475.599609375,2188.795654296875,611.2972412109375,1033.097900390625,2308.49365234375
2025-02-24,3334.1884765625,3896.651123046875,5002.7041015625,980.4996948242188,255.71861267089844,876.95849609375,375.88421630859375,976.3331298828124,67.27149963378906,2741.1884765625,446.1953430175781,2273.426513671875,819.1133422851562,2468.30126953125,2632.23095703125,237.0606689453125,782.4812622070312,298.6378479003906,349.33551025390625,150.97940063476562,4791.83935546875,81.86196899414062,502.2527465820313,709.5635375976562,2037.448486328125,11769.9755859375,317.82562255859375,1175.763427734375,246.5103759765625,284.55316162109375,1451.7935791015625,1525.2249755859375,2352.409423828125,2802.3134765625,443.2898254394531,5517.2236328125,2197.79052734375,606.0980834960938,1043.093994140625,2302.497314453125
2025-02-25,3366.1708984375,3903.64892578125,4835.84765625,973.10498046875,255.1192626953125,898.7400512695312,375.2845458984375,979.3310546875,68.57056427001953,2762.1748046875,436.6018676757813,2259.429931640625,827.1095581054688,2494.283447265625,2628.233154296875,238.2589569091797,785.4808349609375,296.7385559082031,350.835205078125,149.13026428222656,4730.91259765625,79.98238372802734,507.64691162109375,707.564208984375,2031.4501953125,11929.947265625,315.4765625,1200.2481689453125,246.9102325439453,283.054443359375,1482.778564453125,1506.734375,2289.14892578125,2826.290771484375,452.8809509277344,5515.142578125,2173.30419921875,614.8965454101562,1107.0689697265625,2294.50244140625
2025-02-26,3400.152587890625,3803.683349609375,4880.30908203125,971.3062744140624,257.5166015625,910.9298095703124,377.883056640625,977.132568359375,71.70830535888672,2785.159423828125,430.60595703125,2289.422119140625,858.094970703125,2485.28955078125,2645.724609375,244.05067443847656,788.680419921875,308.83404541015625,352.8348693847656,147.53102111816406,4730.91259765625,79.88240814208984,524.2288208007812,730.5565795898438,2043.4468994140625,11879.9560546875,321.7740783691406,1247.7183837890625,258.9058532714844,285.35247802734375,1466.2864990234375,1520.727294921875,2369.572998046875,2880.239013671875,466.5682678222656,5479.76171875,2181.799560546875,630.8939208984375,1147.5533447265625,2152.59521484375
2025-02-27,3408.148193359375,3781.691162109375,4814.36572265625,962.5125122070312,257.5166015625,911.529296875,379.1823120117187,965.7404174804688,71.6683349609375,2784.160400390625,,2285.42333984375,857.5951538085938,2454.31103515625,2650.72216796875,243.35166931152344,776.0823364257812,300.99053955078125,355.6343688964844,147.18118286132812,4751.6474609375,79.32252502441406,546.204833984375,726.957763671875,2031.4501953125,12015.9326171875,316.7260437011719,1263.7083740234375,259.70556640625,280.5566101074219,1460.2894287109375,1489.2432861328125,2317.59130859375,2875.24365234375,470.4646606445313,5473.51806640625,2132.134521484375,731.4769287109375,1146.0538330078125,2180.576904296875
2025-02-28,3358.17529296875,3816.678955078125,4789.88720703125,979.5004272460938,258.31573486328125,932.811279296875,379.98187255859375,974.3345336914062,72.92743682861328,2793.154296875,437.0515747070313,2429.38671875,876.0864868164062,2501.27880859375,2634.72998046875,244.35023498535156,775.4823608398438,311.2385559082031,354.7345275878906,149.43011474609375,4796.544921875,78.04280853271484,543.8075561523438,727.15771484375,2013.455078125,11965.94140625,319.025146484375,1268.2056884765625,259.3056945800781,277.4593200683594,1465.786865234375,1527.2239990234375,2291.1103515625,2872.246337890625,478.3573913574219,5452.70703125,2162.122314453125,743.8749389648438,1150.0523681640625,2158.591064453125
2025-03-03,3348.180908203125,3830.674072265625,4872.8154296875,962.9121704101562,253.12147521972656,941.7037963867188,377.7830810546875,956.5466918945312,72.28788757324219,2819.137451171875,432.4546813964844,2463.37841796875,893.0784301757812,2433.325439453125,2655.219970703125,245.64837646484375,788.4804077148438,311.03857421875,364.6326904296875,147.5809783935547,4852.13232421875,79.08257293701172,541.8097534179688,739.3535766601562,2029.45068359375,11901.9521484375,323.3234558105469,1267.705810546875,265.1036376953125,267.4679870605469,1478.780517578125,1506.734375,2315.139404296875,2905.21484375,479.8559875488281,5483.92431640625,2164.621337890625,776.66943359375,1172.0438232421875,2174.580810546875
2025-03-04,3436.133056640625,3823.67626953125,4845.8388671875,975.5032348632812,249.72520446777344,915.5258178710938,388.47698974609375,971.3366088867188,71.36854553222656,2822.135498046875,407.7215881347656,2343.40869140625,887.5809936523438,2510.2724609375,2566.7626953125,241.2546844482422,780.28173828125,292.34228515625,375.9305725097656,147.18118286132812,4935.51416015625,76.66311645507812,533.2190551757812,714.9617919921875,1994.460205078125,12061.9248046875,312.7276306152344,1240.7227783203125,254.50747680664065,255.67820739746097,1508.2662353515625,1504.7352294921875,2256.782958984375,2888.2314453125,462.4720764160156,5500.57373046875,2142.130615234375,786.267822265625,1176.5421142578125,2156.5927734375
2025-03-05,3382.162353515625,3745.70361328125,4899.79248046875,943.7259521484376,249.1258544921875,927.61572265625,378.7825622558594,932.9627685546876,73.02735137939453,2766.17236328125,407.9215087890625,2439.38427734375,890.57958984375,2397.350341796875,2527.281494140625,245.74826049804688,771.8829956054688,303.3901062011719,376.530517578125,146.7813720703125,4851.06298828125,75.44337463378906,541.2103271484375,746.1514282226562,2009.4561767578125,12059.9248046875,320.77447509765625,1241.72216796875,269.30206298828125,260.3741455078125,1482.27880859375,1468.7537841796875,2361.726806640625,2898.2216796875,470.8642883300781,5396.51513671875,2200.10693359375,805.0646362304688,1168.5450439453125,2146.59912109375
2025-03-06,3360.17431640625,3664.7314453125,4788.60791015625,948.3226928710938,250.5243225097656,880.5147705078125,375.684326171875,919.1721801757812,72.68759155273438,2749.18310546875,408.82086181640625,2479.374267578125,894.0780029296875,2368.370361328125,2531.779052734375,244.35023498535156,775.282470703125,308.339111328125,364.0328063964844,148.3306427001953,4851.06298828125,75.62333679199219,535.2168579101562,751.1497802734375,2003.457763671875,12025.9306640625,327.3719177246094,1229.2301025390625,267.1029052734375,265.2698669433594,1499.770263671875,1462.7568359375,2415.17919921875,3043.0830078125,463.8707580566406,5508.89892578125,2214.101318359375,804.6647338867188,1155.0504150390625,2162.5888671875
2025-03-07,3464.11767578125,3685.724365234375,4800.10205078125,957.5161743164062,254.32015991210935,875.9174194335938,379.8819274902344,929.1653442382812,70.86890411376953,2778.16455078125,413.16790771484375,2475.375244140625,886.5814819335938,2391.354248046875,2553.269287109375,246.24752807617188,782.2814331054688,298.6910095214844,367.7321166992187,146.43153381347656,4924.82421875,77.80286407470703,534.8173217773438,751.7494506835938,1999.4588623046875,12069.9228515625,319.025146484375,1214.2393798828125,265.1036376953125,268.66693115234375,1533.2540283203125,1469.753173828125,2335.736083984375,2989.134521484375,454.6792907714844,5637.93212890625,2175.616943359375,801.2652587890625,1153.05126953125,2122.61474609375
2025-03-10,3468.11572265625,3683.724853515625,4826.08935546875,980.8994140625,259.3146667480469,854.3292236328125,377.883056640625,954.94775390625,69.13016510009766,2761.17529296875,418.1645202636719,2409.391845703125,896.0769653320312,2459.3076171875,2571.76025390625,244.6498260498047,777.4821166992188,284.49383544921875,362.3330993652344,143.9326934814453,5033.86083984375,77.66288757324219,534.4176635742188,745.1517333984375,1962.4688720703125,11839.962890625,315.1766357421875,1169.7672119140625,264.7037353515625,273.9623718261719,1557.7420654296875,1477.2493896484375,2214.118896484375,3028.097412109375,437.5950927734375,5581.740234375,2182.1142578125,732.6767578125,1161.0479736328125,2116.61865234375
2025-03-11,3458.12109375,3654.73486328125,4757.62353515625,990.4925537109376,257.91619873046875,841.1365356445312,369.7877197265625,956.1469116210938,67.17157745361328,2771.1689453125,411.4190673828125,2365.403076171875,890.079833984375,2485.28955078125,2551.77001953125,244.54994201660156,756.8851928710938,283.4939880371094,355.5343933105469,144.832275390625,4902.375,75.24342346191406,526.626220703125,734.7551879882812,1949.472412109375,11478.025390625,313.52728271484375,1129.792236328125,263.904052734375,271.0648498535156,1515.2626953125,1492.24169921875,2201.85888671875,2993.130615234375,432.6996154785156,5477.6806640625,2123.13818359375,747.2743530273438,1140.5560302734375,2102.627685546875
2025-03-12,3474.112548828125,3697.719970703125,4688.158203125,979.1007080078124,254.9194793701172,847.2332153320312,374.7848205566406,952.3494873046876,68.15087127685547,2735.19287109375,416.6654968261719,2377.400146484375,896.5767822265625,2443.318603515625,2567.26220703125,238.9579620361328,758.2850341796875,292.0423278808594,351.2351379394531,143.6828155517578,4899.16748046875,72.86393737792969,538.0137939453125,748.950439453125,1961.46923828125,11647.99609375,312.37774658203125,1161.772216796875,260.10546875,269.5661315917969,1489.2752685546875,1506.234619140625,2212.1572265625,2997.126953125,445.6875915527344,5354.890625,2086.1533203125,780.8687133789062,1095.573486328125,2070.648681640625
2025-03-13,3386.16015625,3708.71630859375,4727.638671875,980.2998046875,254.5199279785156,852.6301879882812,371.2868347167969,955.7471923828124,68.27078247070312,2786.1591796875,417.5649108886719,2333.4111328125,871.5885620117188,2444.31787109375,2601.745849609375,239.95652770996097,751.885986328125,288.79296875,352.73486328125,143.7327880859375,4837.1669921875,71.2643051147461,543.407958984375,742.1527099609375,1960.4693603515625,11879.9560546875,312.427734375,1157.2750244140625,257.30645751953125,267.26812744140625,1498.2708740234375,1498.7384033203125,2211.855224609375,2986.137451171875,433.3497314453125,5431.89501953125,2081.655029296875,771.2703247070312,1091.5751953125,2014.685302734375
2025-03-14,3404.150390625,3781.691162109375,4815.5947265625,991.4918823242188,234.74169921875,869.5208740234375,339.0054016113281,965.54052734375,69.5098876953125,2783.160888671875,428.7072448730469,2373.401123046875,887.0812377929688,2460.306884765625,2632.23095703125,241.85382080078125,762.88427734375,294.6918029785156,334.3382568359375,144.43246459960938,4853.2021484375,72.58401489257812,547.0040283203125,757.9474487304688,1975.4652099609375,11991.9365234375,320.6245422363281,1175.763427734375,254.3075256347656,264.4706115722656,1510.26513671875,1523.2259521484375,2268.74560546875,3019.105712890625,440.6455078125,5342.404296875,2064.661865234375,796.26611328125,1093.57421875,2010.6878662109375
2025-03-17,3446.127685546875,3812.680419921875,4888.05859375,987.8944702148438,232.14453125,877.2166748046875,324.0140075683594,975.9334106445312,69.76970672607422,2780.1630859375,431.5553588867187,2363.40380859375,898.0760498046875,2450.313720703125,2674.710693359375,245.1490936279297,762.284423828125,294.79180908203125,320.6408386230469,144.33250427246094,4913.064453125,74.5235824584961,556.393798828125,771.14306640625,1992.4608154296875,11901.9521484375,318.72528076171875,1162.771484375,257.90625,274.96148681640625,1535.2529296875,1516.2294921875,2299.15234375,3031.09423828125,448.4410400390625,5377.7841796875,2079.65576171875,801.4652099609375,1105.0699462890625,2028.676025390625
2025-03-18,3460.1201171875,3764.69677734375,4904.55029296875,979.5004272460938,236.14015197753903,893.8074951171875,325.91290283203125,969.1380615234376,70.10945892333984,2743.187255859375,437.5012817382813,2393.39599609375,901.5744018554688,2446.31640625,2694.701171875,248.14480590820312,753.0858154296875,303.5900573730469,332.138671875,144.28253173828125,4841.4423828125,77.92283630371094,559.7901000976562,775.3416137695312,2009.4561767578125,11843.9619140625,318.97515869140625,1205.2449951171875,259.70556640625,275.26123046875,1530.7550048828125,1524.725341796875,2326.126220703125,3007.117431640625,464.6316528320313,5323.6728515625,2079.156005859375,811.0635986328125,1104.570068359375,2056.65771484375
2025-03-19,3456.122314453125,3795.68603515625,4904.05029296875,973.3048095703124,234.142333984375,895.4066772460938,321.1156311035156,973.1353149414062,70.5291519165039,2732.194580078125,442.0481872558594,2399.39453125,897.5762939453125,2431.326904296875,2739.67919921875,246.84666442871097,753.0858154296875,304.8398132324219,328.83929443359375,144.03265380859375,4838.23583984375,79.50247955322266,560.98876953125,773.942138671875,2009.4561767578125,11781.9736328125,314.9267272949219,1193.752197265625,257.1065368652344,269.16650390625,1504.2681884765625,1520.727294921875,2321.712646484375,2970.152587890625,466.7304382324219,5321.591796875,2034.674072265625,812.663330078125,1088.076416015625,2078.643310546875
2025-03-20,3460.1201171875,3847.66796875,4840.58203125,990.6924438476562,236.7394866943359,875.6175537109375,323.8140869140625,993.1216430664062,71.48846435546875,2719.203369140625,448.1939392089844,2403.3935546875,865.33251953125,2470.300048828125,2748.17529296875,243.95082092285156,754.0856323242188,301.9903869628906,333.7384033203125,144.8822479248047,4878.857421875,79.80242156982422,558.1918334960938,796.5345458984375,1998.4591064453125,11805.96875,309.87872314453125,1168.2681884765625,258.9058532714844,273.36285400390625,1510.26513671875,1567.703369140625,2281.9873046875,2937.184326171875,459.4346923828125,5411.0830078125,2075.657470703125,796.466064453125,1097.0728759765625,2021.042724609375
2025-03-21,3478.110107421875,3872.65966796875,4754.625,978.5010986328124,237.33883666992188,881.1144409179688,325.4132080078125,981.1298217773438,70.5291519165039,2732.194580078125,449.6929626464844,2361.404052734375,861.833251953125,2456.3095703125,2725.68603515625,241.0549468994141,739.6878051757812,297.39129638671875,333.8383483886719,144.43246459960938,4870.3056640625,75.74331665039062,554.3959350585938,797.9342041015625,1978.464599609375,11606.0029296875,299.08294677734375,1157.7747802734375,256.9066162109375,263.97100830078125,1508.2662353515625,1555.7093505859375,2211.855224609375,2932.18896484375,457.5357360839844,5404.83935546875,2063.662353515625,800.46533203125,1084.577880859375,2019.043701171875
2025-03-24,3458.12109375,3858.664306640625,4825.09033203125,971.3062744140624,235.7406005859375,886.1116943359375,325.613037109375,966.5398559570312,72.30786895751953,2727.197998046875,440.4991760253906,2385.39794921875,868.3319702148438,2428.328857421875,2723.687255859375,242.95225524902344,745.8869018554688,303.5400695800781,333.4384460449219,147.5809783935547,4809.373046875,73.72376251220703,556.9931030273438,818.9271850585938,1996.459716796875,11450.029296875,302.7815246582031,1177.2625732421875,256.5067138671875,262.3724060058594,1484.2779541015625,1536.718994140625,2261.38916015625,2922.198486328125,462.4329528808594,5338.24169921875,2050.667724609375,789.8671875,1079.5797119140625,1985.0599365234375
2025-03-25,3430.136474609375,3882.656005859375,4853.57568359375,974.5039672851562,235.94036865234375,888.9102783203125,329.61077880859375,964.5411987304688,73.32713317871094,2737.191162109375,441.5984497070313,2447.382568359375,885.3286743164062,2428.328857421875,2763.66796875,242.5528106689453,756.2853393554688,307.939208984375,332.4386291503906,146.8813018798828,4799.751953125,73.70376586914062,557.7922973632812,826.7245483398438,2019.4534912109375,11314.0537109375,304.3808898925781,1197.25,260.10546875,262.4723205566406,1485.27734375,1526.7242431640625,2347.705322265625,2889.230224609375,462.8327331542969,5356.9716796875,2025.177978515625,801.6652221679688,1093.0745849609375,2005.05029296875
2025-03-26,3454.123291015625,3868.6611328125,4877.06396484375,987.6945190429688,236.3399353027344,895.2067260742188,332.5091247558594,978.9313354492188,73.30715942382812,2748.184326171875,446.6949768066406,2429.38671875,898.326171875,2455.310302734375,2829.635986328125,243.95082092285156,743.4872436523438,309.1889343261719,336.6378479003906,148.23069763183594,4799.751953125,72.92394256591797,559.7901000976562,837.9208374023438,1973.4658203125,11230.068359375,303.8810729980469,1186.2568359375,258.30609130859375,260.27423095703125,1474.782470703125,1546.21435546875,2333.97314453125,2815.301025390625,463.6322326660156,5379.86474609375,2034.674072265625,801.4652099609375,1099.5718994140625,2009.048583984375
2025-03-27,3462.118896484375,3858.664306640625,4811.0966796875,976.302734375,236.7394866943359,892.9080810546875,329.1110534667969,980.7301635742188,73.94669342041016,2774.1669921875,445.6956481933594,2391.396484375,911.8235473632812,2436.323486328125,2821.14013671875,243.5513916015625,741.887451171875,303.4400939941406,348.2356872558594,148.68048095703125,4829.68359375,72.76397705078125,558.3916015625,834.8438720703125,1956.470458984375,11194.07421875,297.5335693359375,1161.0467529296875,258.1061706542969,260.8736877441406,1476.7813720703125,1545.714599609375,2277.573486328125,2815.301025390625,466.3306884765625,5367.3779296875,2021.1795654296875,796.865966796875,1066.7542724609375,1995.05517578125
2025-03-28,3514.0908203125,3885.655029296875,4713.6455078125,1003.7830810546876,239.33663940429688,884.9124145507812,332.1093444824219,1008.8109741210938,73.34712982177734,2824.13427734375,435.2028198242187,2369.402099609375,917.8223876953124,2494.283447265625,2795.15283203125,243.5513916015625,743.8871459960938,293.44207763671875,354.5345458984375,149.58004760742188,4903.44384765625,71.94415283203125,559.9898681640625,831.2445678710938,1945.473388671875,11414.0361328125,292.435546875,1145.052978515625,258.30609130859375,269.66607666015625,1487.7760009765625,1605.184326171875,2210.384033203125,2832.284912109375,458.8349914550781,5444.38232421875,2045.669677734375,771.0703125,1070.75341796875,1962.0706787109375
2025-03-31,3502.09716796875,3871.659912109375,4584.2099609375,1007.7802124023438,234.94146728515625,873.418701171875,332.1093444824219,1008.8109741210938,72.02808380126953,2863.1083984375,435.8024291992187,2319.414794921875,926.8206176757812,2529.259521484375,2823.638916015625,242.45297241210935,744.087158203125,287.7431640625,355.43438720703125,149.2801971435547,4928.0302734375,67.88504791259766,554.5957641601562,826.0455322265625,1930.4775390625,11252.0634765625,280.1903381347656,1139.055419921875,257.1065368652344,260.1742858886719,1461.2890625,1593.1904296875,2103.9599609375,2847.2705078125,451.5391845703125,5442.30078125,2013.6826171875,748.8740234375,1084.750244140625,1948.077392578125
2025-04-01,3510.0927734375,3911.64599609375,4652.17626953125,1017.2734375,230.34652709960935,876.7169189453125,329.8106384277344,1011.8089599609376,72.54769134521484,2871.102783203125,432.70452880859375,2297.42041015625,930.8198852539062,2548.24658203125,2805.14794921875,244.15052795410156,757.085205078125,293.84197998046875,356.4342041015625,151.8789825439453,4938.72021484375,69.38471221923828,557.9920043945312,833.6441040039062,1950.4720458984375,11364.044921875,284.0388488769531,1146.0526123046875,259.3056945800781,273.4627685546875,1468.285400390625,1579.697265625,2101.507568359375,2897.22265625,458.53515625,5431.89501953125,2022.17919921875,779.2689819335938,1086.2498779296875,1947.077880859375
2025-04-02,3542.075439453125,3909.646728515625,4599.20263671875,1023.2691040039062,232.743896484375,882.5137329101562,330.9100341796875,1007.3119506835938,72.40779876708984,2820.13671875,432.8045043945313,2285.42333984375,915.3228759765624,2543.25,2778.66064453125,244.15052795410156,753.2857666015625,296.6914367675781,365.0326232910156,150.57957458496094,4964.3759765625,70.92438507080078,558.7911987304688,836.4435424804688,1938.475341796875,11226.068359375,282.8393249511719,1152.05029296875,257.90625,280.8563537597656,1432.8028564453125,1573.20068359375,2108.8642578125,2925.19580078125,463.2324523925781,5442.30078125,2046.16943359375,755.6729125976562,1074.7525634765625,1936.0831298828125
2025-04-03,3616.03515625,3924.641357421875,4490.7568359375,1070.2357177734375,239.13685607910156,804.2568969726562,345.4017028808594,1052.2813720703125,69.64978790283203,2898.0849609375,400.1767578125,2211.442138671875,926.8206176757812,2691.14794921875,2666.21484375,236.9608154296875,769.2833251953125,270.84649658203125,370.9314880371094,151.62908935546875,5114.03466796875,65.32560729980469,554.1961669921875,797.2509155273438,1890.6270751953125,11390.041015625,260.6979675292969,998.6101684570312,258.1061706542969,283.55401611328125,1464.787353515625,1652.1605224609375,1965.6575927734375,2957.1650390625,452.2388000488281,5486.00537109375,2034.1741943359375,745.87451171875,1077.251953125,1954.074462890625
2025-04-04,3516.08935546875,3814.679443359375,4236.8837890625,1052.7481689453125,236.93927001953125,759.5814208984375,339.804931640625,1033.2943115234375,64.95317840576172,2823.134521484375,370.447021484375,2051.482177734375,864.332763671875,2613.201904296875,2480.30419921875,222.18197631835935,745.0870361328125,250.00064086914065,363.0329895019531,147.43106079101562,5017.826171875,67.24518585205078,524.8281860351562,746.6603393554688,1778.649169921875,10806.140625,236.8073272705078,958.4258422851562,250.30897521972656,276.3602600097656,1416.8104248046875,1600.1868896484375,1797.3406982421875,2903.216796875,413.161376953125,5288.29345703125,2011.18359375,658.8892211914062,1030.2626953125,1876.1114501953125
2025-04-07,3320.196044921875,3515.782958984375,4231.38671875,1006.2813110351562,232.94366455078125,737.3936767578125,326.91229248046875,971.1366577148438,63.973876953125,2745.185791015625,348.7118835449219,1983.49951171875,821.341064453125,2487.288330078125,2369.35791015625,214.8924102783203,706.892822265625,241.80226135253903,358.2338562011719,138.13540649414062,4783.7177734375,63.46601867675781,492.5633239746094,714.46630859375,1694.6656494140625,10054.2705078125,229.9600067138672,936.8342895507812,236.31407165527344,270.6651916503906,1330.8524169921875,1504.7352294921875,1778.1158447265625,2841.276123046875,414.7604370117187,4938.65380859375,1975.6981201171875,635.6930541992188,979.1744995117188,1793.1507568359375
2025-04-08,3456.122314453125,3627.744140625,4213.3955078125,1026.7666015625,236.3399353027344,734.7951049804688,337.2064208984375,990.5234375,66.27222442626953,2840.12353515625,354.0082702636719,2047.4832763671875,866.3323364257812,2527.260986328125,2392.846435546875,223.87954711914065,729.8892822265625,253.99986267089844,367.6321411132813,141.73373413085938,4900.236328125,63.146087646484375,515.2385864257812,724.8644409179688,1748.655029296875,10372.2158203125,238.5066680908203,922.4398803710938,237.313720703125,277.3594055175781,1339.84814453125,1541.2169189453125,1821.2740478515625,2935.186279296875,423.0556640625,5150.93408203125,2042.171142578125,679.0858154296875,991.3716430664062,1840.1285400390625
2025-04-09,3364.172119140625,3580.760498046875,4114.94482421875,1012.2770385742188,235.5408172607422,712.8071899414062,335.0076904296875,972.5357666015624,64.35360717773438,2802.14892578125,332.7227783203125,2005.493896484375,835.8382568359375,2485.28955078125,2290.395751953125,217.5885467529297,725.889892578125,241.6022796630859,365.7324523925781,138.58517456054688,4813.6494140625,69.16476440429688,499.6556091308594,702.4686279296875,1686.667236328125,9665.3369140625,238.1068115234375,878.4570922851562,231.115966796875,284.653076171875,1263.3853759765625,1495.739990234375,1731.0341796875,2947.1748046875,410.9626770019531,4991.7236328125,2014.1824951171875,663.4883422851562,937.5840454101562,1773.16015625
2025-04-10,3504.095947265625,3731.708251953125,4205.8994140625,1044.254150390625,228.54852294921875,733.2959594726562,314.41949462890625,995.52001953125,66.31393432617188,2834.127685546875,341.366943359375,2101.4697265625,873.8308715820312,2555.241455078125,2324.879638671875,227.37454223632812,752.285888671875,260.1986083984375,368.23199462890625,141.43385314941406,4885.271484375,73.4038314819336,495.995849609375,727.2640380859375,1774.64990234375,10016.2763671875,244.90415954589844,918.4414672851562,238.11343383789065,283.6539306640625,1274.3800048828125,1532.72119140625,1855.0159912109375,3017.107666015625,430.3514709472656,4954.4794921875,2059.164306640625,693.4833984375,957.3795166015624,1838.12939453125
2025-04-11,3552.070068359375,3735.706787109375,4301.3515625,1066.2384033203125,232.94366455078125,743.090576171875,327.511962890625,1011.3092651367188,66.73377227783203,2894.087646484375,331.47369384765625,2115.466064453125,882.3292846679688,2584.2216796875,2306.887939453125,230.27040100097656,757.885009765625,257.8990783691406,377.6302795410156,142.53335571289062,4993.23876953125,72.1041259765625,497.4949340820313,731.6631469726562,1775.649658203125,10006.2783203125,253.55076599121097,942.6320190429688,247.5100250244141,285.7521057128906,1293.3707275390625,1552.7110595703125,1915.437255859375,3077.05029296875,430.3514709472656,4960.724609375,2052.1669921875,693.683349609375,974.5755615234376,1829.1336669921875
2025-04-14,3626.030029296875,3780.69140625,4340.83154296875,1075.23193359375,242.33334350585935,770.4755249023438,336.20697021484375,1035.7926025390625,68.7129898071289,2919.071044921875,340.9671936035156,2155.4560546875,903.8250732421876,2620.19677734375,2353.365478515625,238.05923461914065,772.6828002929688,270.34661865234375,393.2274169921875,144.38247680664062,5015.6875,73.54379272460938,511.486328125,757.0584106445312,1807.6434326171875,10318.224609375,259.9482421875,989.013916015625,258.30609130859375,298.9407043457031,1321.8568115234375,1568.203125,1948.786865234375,3127.002197265625,445.8424987792969,5036.70654296875,2108.144287109375,709.4806518554688,992.7714233398438,1868.115234375
2025-04-15,3668.007080078125,3894.65185546875,4350.3271484375,1101.2135009765625,246.5287170410156,783.0685424804688,345.3017883300781,1053.7802734375,70.77218627929688,2951.0498046875,346.51336669921875,2197.445556640625,925.3209228515624,2697.143798828125,2370.357421875,242.65267944335935,793.0797119140625,279.1448974609375,404.025390625,147.6809539794922,5010.34228515625,75.04347229003906,522.2797241210938,762.8573608398438,1835.6378173828125,10278.232421875,255.8498687744141,1024.60009765625,258.9058532714844,313.0284729003906,1345.345458984375,1604.6845703125,1992.14111328125,3176.954345703125,456.6362609863281,5117.89404296875,2035.173828125,731.6769409179688,992.9713134765624,1906.09716796875
2025-04-16,3737.96923828125,3913.645263671875,4350.8271484375,1107.2091064453125,247.72738647460935,787.2662353515625,345.4017028808594,1075.76513671875,70.75218963623047,2970.03759765625,354.0082702636719,2173.45166015625,922.321533203125,2738.11572265625,2433.327392578125,245.94796752929688,790.6801147460938,277.9450988769531,402.9256286621094,149.72998046875,5076.61962890625,73.02391815185547,523.6788330078125,775.2550659179688,1808.6431884765625,10252.236328125,257.04937744140625,1018.1026000976562,256.9066162109375,313.8277893066406,1344.8455810546875,1632.67041015625,1995.0836181640625,3254.879638671875,459.2347717285156,5112.68896484375,2077.156982421875,724.0782470703125,985.1731567382812,1890.1048583984375
2025-04-17,3763.955078125,3937.636962890625,4395.80419921875,1111.206298828125,256.5177001953125,788.5654907226562,354.39654541015625,1078.263427734375,70.29237365722656,2969.0380859375,359.15478515625,2147.676513671875,908.8241577148438,2737.116455078125,2437.824951171875,247.24610900878903,798.2789916992188,277.2452392578125,411.22406005859375,150.22975158691406,5137.5517578125,74.98348236083984,526.2772216796875,787.2528076171875,1793.6461181640625,10122.2587890625,255.6499481201172,1016.1033325195312,253.34378051757812,322.5202331542969,1335.8499755859375,1639.6668701171875,1985.765380859375,3198.933349609375,458.4352722167969,5110.607421875,2070.15966796875,714.339111328125,983.3734741210938,1884.107666015625
2025-04-22,3801.934326171875,3932.638916015625,4464.76953125,1115.20361328125,262.31134033203125,799.8593139648438,359.6934814453125,1092.25390625,71.25199890136719,2993.0224609375,358.705078125,2147.676513671875,911.8235473632812,2759.101318359375,2430.82861328125,249.4429473876953,802.0784301757812,279.9447326660156,409.4244079589844,152.57864379882812,5217.7265625,76.5831298828125,537.8701782226562,781.453857421875,1775.649658203125,10138.255859375,256.1997375488281,1022.1010131835938,254.7434844970703,325.8173828125,1361.3375244140625,1634.169677734375,1995.0836181640625,3226.906494140625,459.4346923828125,5152.24169921875,2099.14794921875,715.93896484375,979.7743530273438,1880.109619140625
2025-04-23,3783.944091796875,3942.635009765625,4583.2109375,1097.21630859375,258.1159362792969,844.734619140625,357.4947814941406,1067.27099609375,73.5111083984375,3011.01025390625,357.50592041015625,2201.668212890625,907.8243408203124,2680.155517578125,2430.32861328125,250.7410888671875,806.0777587890625,293.6920166015625,399.826171875,153.42825317382812,5148.24169921875,77.18299102783203,539.0694580078125,800.2503662109375,1799.64501953125,10360.2177734375,266.3457946777344,1087.07568359375,255.34332275390625,331.5124206542969,1378.329345703125,1597.1884765625,2058.83984375,3202.9296875,476.2249450683594,4858.72021484375,2089.15185546875,727.7379150390625,1002.7691040039062,1903.0986328125
2025-04-24,3799.935302734375,3965.627197265625,4609.197265625,1104.7110595703125,260.9128723144531,834.7400512695312,360.09326171875,1075.2655029296875,72.63146209716797,3018.006103515625,361.9528198242187,2301.653076171875,905.3248291015624,2718.129638671875,2432.827392578125,237.0059356689453,814.8764038085938,289.5428466796875,394.42718505859375,153.52821350097656,5121.5166015625,78.14279174804688,538.669677734375,807.31005859375,1817.6414794921875,10442.203125,267.645263671875,1082.84521484375,258.1427307128906,325.8173828125,1393.322021484375,1610.989501953125,2113.7685546875,3204.927734375,468.4294738769531,4871.21044921875,2099.7216796875,735.1373291015625,1004.2687377929688,1921.0902099609375
2025-04-25,3795.9375,4001.61474609375,4547.728515625,1103.7117919921875,259.7142333984375,833.5407104492188,357.69464111328125,1071.268310546875,72.97132110595703,3001.01708984375,364.2013854980469,2311.65185546875,893.8270263671875,2701.141357421875,2462.81298828125,237.40562438964844,813.4765625,292.79217529296875,385.9287414550781,157.27647399902344,5008.20458984375,77.5229263305664,543.4667358398438,801.2501831054688,1837.637451171875,10398.2109375,268.3450012207031,1090.5743408203125,256.7430114746094,327.6158142089844,1388.324462890625,1615.1793212890625,2106.902587890625,3204.927734375,474.3260498046875,4822.28955078125,2064.162109375,755.3355712890625,991.1717529296876,1898.1009521484375
2025-04-28,3787.94189453125,3958.629638671875,4522.7412109375,1107.7088623046875,258.7153015136719,833.2409057617188,357.094970703125,1071.268310546875,72.8713607788086,2989.02490234375,361.7529602050781,2263.658935546875,884.8287963867188,2719.12890625,2456.81591796875,236.4064483642578,810.4771118164062,295.041748046875,383.6292114257813,158.62582397460938,5023.1708984375,78.90261840820312,548.2637939453125,803.44970703125,1828.6392822265625,10524.189453125,265.3961181640625,1069.58251953125,255.94320678710935,330.6131896972656,1408.314697265625,1620.676513671875,2070.6103515625,3226.906494140625,476.82464599609375,4875.37353515625,2069.159912109375,754.335693359375,997.770263671875,1936.0831298828125
2025-04-29,3751.96142578125,4000.615234375,4544.22998046875,1114.703857421875,261.3124694824219,855.1287841796875,364.6906127929687,1079.2628173828125,73.15125274658203,3024.002197265625,352.9590148925781,2239.66259765625,872.3311767578125,2756.103515625,2441.82275390625,235.50717163085935,822.4752807617188,297.941162109375,386.6286315917969,159.42544555664062,5010.34228515625,80.72222137451172,555.859130859375,803.8496704101562,1819.64111328125,10616.173828125,263.7967529296875,1095.5723876953125,258.1427307128906,334.70965576171875,1431.3035888671875,1643.1650390625,2086.794677734375,3256.877685546875,484.4202575683594,4948.234375,2057.1650390625,752.7357788085938,995.7706298828124,1960.07177734375
2025-04-30,3897.882080078125,4065.592529296875,4444.77978515625,1126.6953125,266.5067443847656,831.5418090820312,370.4873352050781,1082.2608642578125,73.25121307373047,3071.97021484375,350.0609130859375,2247.661376953125,884.328857421875,2788.081298828125,2439.32373046875,234.3081512451172,839.07275390625,296.74139404296875,388.9281921386719,160.07513427734375,5087.31005859375,78.56269073486328,559.6567993164062,791.6519775390625,1863.63232421875,10726.1552734375,244.30438232421875,1075.5802001953125,259.7423400878906,336.1084289550781,1482.778564453125,1691.1407470703125,1990.1793212890625,3254.879638671875,477.9239807128906,5035.666015625,2091.151123046875,754.1356811523438,1053.75732421875,1984.060302734375
2025-05-01,3827.920166015625,4073.58984375,4427.78857421875,1131.1920166015625,267.7054138183594,824.245849609375,372.2862548828125,1070.7686767578125,71.31196594238281,3071.97021484375,349.7611999511719,2285.65576171875,893.3271484375,2778.088134765625,2435.326171875,235.60708618164065,849.671142578125,294.7417907714844,380.6297607421875,157.505859375,5052.03271484375,79.742431640625,560.456298828125,812.0481567382812,1887.627685546875,10606.1748046875,244.4419403076172,1096.5718994140625,261.5419616699219,342.9025573730469,1462.28857421875,1706.133056640625,2056.87841796875,3250.883544921875,475.5253601074219,5043.99267578125,2097.14892578125,766.9345703125,1077.751708984375,1998.0537109375
2025-05-02,3859.90283203125,4119.57421875,4499.75244140625,1114.2042236328125,263.1105041503906,844.9343872070312,370.7871398925781,1065.7720947265625,70.55227661132812,3071.97021484375,350.0609130859375,2311.65185546875,886.3284912109375,2739.114990234375,2485.3017578125,237.60545349121097,862.4691772460938,300.99053955078125,377.730224609375,157.85577392578125,5094.79248046875,79.96238708496094,567.4520263671875,819.0468139648438,1905.6240234375,10752.150390625,246.8413543701172,1096.0721435546875,261.9418640136719,341.7035827636719,1447.7955322265625,1690.6409912109375,2095.132080078125,3254.879638671875,481.7218017578125,5179.30419921875,2119.1396484375,783.9331665039062,1080.251220703125,2005.05029296875
2025-05-06,3877.89306640625,4108.57763671875,4476.26416015625,1135.6888427734375,272.1005859375,846.0338745117188,376.5838012695313,1071.268310546875,71.59186553955078,3118.939208984375,354.90765380859375,2323.64990234375,905.3248291015624,2768.094970703125,2432.827392578125,239.50389099121097,861.4692993164062,298.0411682128906,360.1335144042969,159.10540771484375,5109.7587890625,81.14212799072266,577.2460327148438,814.8475952148438,1926.6199951171875,10698.1591796875,247.691162109375,1055.587890625,258.9425354003906,339.00592041015625,1449.2947998046875,1711.1304931640625,2030.3948974609375,3324.812744140625,477.7240905761719,5191.79443359375,2155.125,781.1334228515625,1067.2542724609375,2009.048583984375
2025-05-07,3889.886474609375,4080.58740234375,4537.23388671875,1131.1920166015625,274.098388671875,842.7356567382812,378.982421875,1075.2655029296875,72.21161651611328,3152.9169921875,350.610595703125,2309.652099609375,891.3275146484375,2757.1025390625,2427.829833984375,239.7037353515625,864.8688354492188,296.0915222167969,363.5328979492187,159.05543518066406,5129.0,82.94172668457031,581.2435302734375,828.445068359375,1936.617919921875,10502.193359375,251.9401397705078,1045.5919189453125,256.5430603027344,333.11102294921875,1378.329345703125,1708.6318359375,2027.9427490234375,3378.760986328125,475.6253051757813,5170.9775390625,2163.1220703125,765.9346923828125,1057.75634765625,2003.0513916015625
2025-05-08,3829.919189453125,4022.04931640625,4442.78076171875,1104.7110595703125,272.89971923828125,843.2090454101562,376.9835815429687,1054.2799072265625,72.61145782470703,3078.9658203125,355.2574157714844,2403.637939453125,879.8297119140625,2670.162353515625,2434.826171875,239.1042327880859,864.4688720703125,304.98974609375,361.7332153320313,147.00881958007812,5025.30810546875,84.48138427734375,579.0449829101562,830.4446411132812,1978.6097412109375,10132.2568359375,252.73995971679688,1066.0838623046875,256.1431579589844,336.7079162597656,1363.3365478515625,1689.1417236328125,2005.873046875,3326.810791015625,485.719482421875,5092.9130859375,2178.115966796875,793.9323120117188,1067.7540283203125,2023.0418701171875
2025-05-09,3805.93212890625,4029.047607421875,4494.2548828125,1110.2071533203125,276.09619140625,848.8065185546875,377.4833068847656,1053.280517578125,72.9913101196289,3016.007568359375,372.0459289550781,2397.638916015625,887.8281860351562,2681.15478515625,2456.81591796875,240.40316772460935,860.069580078125,306.93939208984375,357.93389892578125,147.6586151123047,5044.55029296875,86.5609359741211,583.04248046875,835.4437255859375,1992.60693359375,10238.23828125,252.24008178710935,1067.08349609375,257.3428955078125,335.0093688964844,1376.8299560546875,1696.13818359375,2009.3062744140625,3346.79150390625,491.1163635253906,5075.2177734375,2178.115966796875,791.532470703125,1068.75390625,2003.0513916015625
2025-05-12,3749.962646484375,3912.0751953125,4659.67236328125,1082.22705078125,269.5034484863281,881.4913940429688,368.4884338378906,1023.8007202148438,73.01130676269531,2938.05859375,380.3403015136719,2405.637451171875,872.3311767578125,2632.188720703125,2490.79931640625,239.50389099121097,850.2710571289062,313.2381286621094,346.0361328125,148.008544921875,4964.3759765625,88.720458984375,576.0467529296875,871.037109375,2009.6036376953125,10270.232421875,267.58642578125,1169.54345703125,261.9418640136719,326.5167541503906,1398.8193359375,1692.14013671875,2120.634521484375,3286.848876953125,485.2197570800781,5029.42041015625,2176.11669921875,784.9330444335938,1080.251220703125,1954.074462890625
2025-05-13,3769.95166015625,3948.066650390625,4697.15380859375,1059.7430419921875,274.098388671875,875.694091796875,366.2897338867187,1005.8130493164062,73.37116241455078,2888.091796875,382.4888610839844,2443.6318359375,874.330810546875,2574.228515625,2521.284423828125,238.9043884277344,851.6708374023438,316.7874755859375,345.33624267578125,145.80914306640625,4882.0634765625,89.72023010253906,573.8480834960938,873.6365966796875,2033.5987548828125,10178.2490234375,269.6859436035156,1155.049072265625,263.1416320800781,336.0085144042969,1357.3394775390625,1680.64599609375,2194.68994140625,3314.822265625,489.3174133300781,4973.21435546875,2117.140625,800.9317016601562,1065.754638671875,1946.0782470703125
2025-05-14,3801.934326171875,3997.05517578125,4681.66162109375,1069.7359619140625,277.29486083984375,870.6962890625,367.8888244628906,1014.8068237304688,74.91056060791016,2678.230224609375,380.7400207519531,2417.6357421875,892.8272094726562,2590.217529296875,2513.288330078125,240.10340881347656,864.4688720703125,320.23675537109375,355.13446044921875,146.50894165039062,4875.65087890625,90.00016784667969,571.6494140625,867.8377075195312,2021.601318359375,10020.2763671875,273.6849670410156,1144.0533447265625,265.34112548828125,339.60540771484375,1359.338623046875,1690.1412353515625,2158.398193359375,3332.80517578125,492.7154541015625,4947.1923828125,2121.138916015625,796.9320068359375,1056.2567138671875,1940.0811767578125
2025-05-15,3871.896240234375,4061.0400390625,4689.65771484375,1096.2171630859375,276.6955261230469,879.0924682617188,363.5846557617187,1045.2860107421875,74.75061798095703,2665.239013671875,368.05572509765625,2423.634765625,908.8241577148438,2636.185791015625,2472.068115234375,241.60218811035156,872.4676513671875,322.2363586425781,356.9341125488281,149.20819091796875,4916.71240234375,91.23991394042967,585.2410888671875,873.2367553710938,2039.59765625,10140.2548828125,270.5357360839844,1148.5516357421875,271.53973388671875,335.6088562011719,1361.99755859375,1715.628173828125,2101.998046875,3264.055908203125,497.8125,5029.42041015625,2157.124267578125,815.930419921875,1081.2509765625,2083.013671875
2025-05-16,3911.87451171875,4098.03125,4673.66552734375,1113.2049560546875,278.6933288574219,882.3909301757812,362.784912109375,1060.7755126953125,74.97053527832031,2702.214599609375,372.6033020019531,2403.637939453125,910.82373046875,2672.1611328125,2489.5615234375,242.20167541503903,878.4667358398438,325.43572998046875,354.8344421386719,149.30816650390625,4944.5087890625,92.71957397460938,588.6390380859375,870.0372924804688,2043.5968017578125,10328.22265625,265.9367980957031,1150.55078125,272.5395202636719,344.0015563964844,1393.9857177734375,1744.11376953125,2026.471435546875,3304.0322265625,505.508056640625,5048.15673828125,2151.126953125,809.5308837890625,1085.75,2069.02001953125
2025-05-19,3947.85498046875,4105.029296875,4643.6806640625,1121.1990966796875,280.4913330078125,880.8916625976562,370.9822998046875,1069.269775390625,75.8102035522461,2754.180419921875,365.3071594238281,2403.637939453125,914.822998046875,2698.143310546875,2472.068115234375,240.60299682617188,881.266357421875,325.6357116699219,361.0333557128906,151.95742797851562,4973.37353515625,91.21990966796876,591.4373168945312,866.238037109375,2053.594970703125,10370.2158203125,263.63739013671875,1155.5489501953125,275.7388000488281,341.10406494140625,1395.9849853515625,1752.109619140625,2029.4140625,3298.03564453125,509.3058471679687,5050.23779296875,2131.135009765625,819.130126953125,1086.7496337890625,2067.021240234375
2025-05-20,3963.84619140625,4098.03125,4671.1669921875,1131.1920166015625,288.8821105957031,888.7880249023438,377.7801208496094,1086.7576904296875,77.98934936523438,2817.138671875,365.5070495605469,2401.63818359375,917.8223876953124,2711.134521484375,2485.562744140625,242.50144958496097,891.264892578125,329.5349426269531,367.53216552734375,156.85604858398438,5042.8642578125,92.95952606201172,607.0277709960938,863.0386352539062,2143.5771484375,10416.2080078125,270.8856506347656,1174.54150390625,274.9389953613281,344.201416015625,1414.9781494140625,1797.586669921875,2057.859375,3316.02490234375,515.5022583007812,5085.626953125,2136.1328125,817.5302734375,1103.2459716796875,2073.018310546875
2025-05-21,3991.8310546875,4128.0244140625,4649.177734375,1144.682373046875,287.6834411621094,884.1900634765625,380.4793090820313,1093.7529296875,77.9493637084961,2809.143798828125,362.0588684082031,2401.63818359375,918.8222045898438,2773.091796875,2476.56640625,241.60218811035156,891.264892578125,327.9352722167969,374.630859375,158.75550842285156,5063.17626953125,83.10169982910156,607.8273315429688,854.6401977539062,2159.573974609375,10490.1953125,267.0865478515625,1162.04638671875,275.13897705078125,337.6071472167969,1429.47265625,1755.108154296875,2100.036376953125,3318.023681640625,519.1002197265625,5098.1171875,2132.134521484375,824.3297119140625,1079.7513427734375,2077.016357421875
2025-05-22,4007.822265625,4096.03173828125,4584.7099609375,1143.68310546875,286.4847412109375,880.1920166015625,381.3790283203125,1087.7569580078125,78.44916534423828,2763.568359375,356.61175537109375,2367.643310546875,949.3162841796876,2740.114501953125,2439.08056640625,240.40316772460935,897.4638671875,326.58551025390625,383.9291076660156,158.95545959472656,5037.5185546875,85.14124298095703,610.0260009765625,850.6409301757812,2139.577880859375,10372.2158203125,266.83660888671875,1165.544921875,279.5379638671875,337.4073181152344,1427.97314453125,1742.1148681640625,2079.43798828125,3340.0107421875,523.697509765625,5110.607421875,2060.16357421875,838.9284057617188,1060.7557373046875,2077.016357421875
2025-05-23,4005.823486328125,4112.0283203125,4560.22216796875,1147.1806640625,287.28387451171875,868.3973999023438,381.5789489746094,1090.25537109375,77.7894287109375,2814.541748046875,356.0120849609375,2335.648193359375,924.3211059570312,2737.116455078125,2419.088134765625,239.1042327880859,908.2622680664062,323.23614501953125,375.1307373046875,158.5555877685547,5019.34375,82.56181335449219,610.4256591796875,826.2454833984375,2133.5791015625,10434.205078125,269.0860595703125,1150.55078125,285.336669921875,335.7087707519531,1424.9744873046875,1751.1102294921875,2149.5703125,3338.011962890625,522.8980102539062,5130.3837890625,2020.179931640625,835.7286987304688,1062.7552490234375,2075.01708984375
2025-05-27,3987.833251953125,4122.02587890625,4496.25390625,1155.1749267578125,292.6779479980469,866.9981689453125,386.67730712890625,1084.759033203125,78.44916534423828,2818.539794921875,359.86004638671875,2375.64208984375,922.321533203125,2735.117919921875,2445.578125,243.30079650878903,901.2633056640624,328.03521728515625,383.6292114257813,156.1062469482422,5036.44921875,83.56159210205078,619.6200561523438,838.0432739257812,2159.573974609375,10482.1962890625,274.3348083496094,1158.0479736328125,284.536865234375,342.0032958984375,1447.466064453125,1754.108642578125,2192.728515625,3338.011962890625,523.697509765625,5131.4248046875,2030.1759033203125,851.52734375,1072.2530517578125,2111.000244140625
2025-05-28,3933.862548828125,4067.03857421875,4448.77783203125,1149.6788330078125,283.68780517578125,864.9990844726562,385.27777099609375,1070.7686767578125,76.58989715576172,2785.556884765625,358.06103515625,2379.6416015625,923.3213500976562,2720.128173828125,2444.07861328125,242.40151977539065,899.863525390625,323.8860778808594,381.0296936035156,155.9063262939453,5004.37646484375,83.24166870117188,609.6261596679688,833.0442504882812,2161.57373046875,10384.212890625,271.9853515625,1139.55517578125,281.7374572753906,338.3065490722656,1445.966552734375,1741.6151123046875,2142.7041015625,3334.014404296875,519.4999389648438,5123.09765625,2005.18603515625,857.7268676757812,1064.2548828125,2146.9833984375
2025-05-29,3840.918701171875,3989.05712890625,4458.77294921875,1148.6795654296875,282.2893981933594,870.9962768554688,382.3786926269531,1030.59326171875,77.18966674804688,2786.556640625,357.8111572265625,2407.637451171875,930.8198852539062,2658.884033203125,2440.580078125,246.5980987548828,798.4788818359375,325.9856262207031,373.5565490722656,156.5061492919922,5001.17041015625,82.84175109863281,614.2233276367188,845.841796875,2165.572998046875,10396.2109375,277.833984375,1159.0474853515625,290.3355712890625,338.00677490234375,1455.463134765625,1742.1148681640625,2162.81201171875,3350.004638671875,522.6981201171875,5148.07861328125,2015.1820068359375,850.9274291992188,1068.75390625,2128.99169921875
2025-05-30,3860.9130859375,3993.05615234375,4399.80224609375,1170.164306640625,285.0863037109375,872.7953491210938,387.876953125,1046.087158203125,77.16966247558594,2808.544921875,359.5601806640625,2425.634765625,943.3174438476562,2701.8662109375,2448.5771484375,248.4965362548828,793.8795776367188,327.43536376953125,374.3564147949219,158.30564880371094,5032.17333984375,84.10147857666016,610.2257690429688,844.6420288085938,2153.5751953125,10718.1552734375,283.3326721191406,1157.548095703125,289.7356872558594,341.6036682128906,1506.4442138671875,1760.1055908203125,2162.81201171875,3348.005859375,524.2971801757812,5237.591796875,2016.181640625,866.1261596679688,1074.2525634765625,2138.98681640625
2025-06-02,3888.905029296875,4003.0537109375,4376.31396484375,1180.1572265625,286.28497314453125,875.4942016601562,390.47613525390625,1043.08837890625,77.76943969726562,2845.52587890625,362.908447265625,2407.637451171875,947.8165893554688,2720.858154296875,2467.56982421875,253.8921356201172,795.2794189453125,326.98541259765625,380.2557373046875,157.10597229003906,4972.3046875,82.54181671142578,617.8211669921875,845.0419921875,2165.572998046875,10572.181640625,284.7323303222656,1140.5548095703125,290.7354736328125,338.40643310546875,1516.440673828125,1763.6038818359375,2219.867431640625,3371.99169921875,527.2954711914062,5185.54931640625,1987.193359375,868.7258911132812,1076.2520751953125,2146.9833984375
2025-06-03,3892.904052734375,3989.05712890625,4335.33447265625,1156.673828125,286.8843078613281,875.3941650390625,389.8763122558594,1040.089599609375,77.00973510742188,2827.53515625,365.2072143554687,2405.637451171875,946.8167724609376,2653.88623046875,2509.05419921875,253.4924468994141,800.0786743164062,329.18499755859375,374.5564270019531,163.9540557861328,4951.99267578125,80.8621826171875,615.8223876953125,855.6400146484375,2189.56787109375,10636.169921875,282.63287353515625,1145.052978515625,290.5355529785156,331.71221923828125,1484.4525146484375,1749.6109619140625,2179.869873046875,3332.015625,532.492431640625,5218.8564453125,1989.6923828125,894.1237182617188,1081.7508544921875,2128.99169921875
2025-06-04,3916.897216796875,4010.05224609375,4338.83251953125,1151.6773681640625,283.88763427734375,872.1956787109375,388.4767761230469,1040.089599609375,76.54991912841797,2841.52783203125,358.3608093261719,2425.634765625,958.3145751953124,2651.886962890625,2479.0654296875,254.3917236328125,795.8792724609375,325.8856506347656,366.6573486328125,161.6547088623047,4962.68359375,80.72222137451172,609.6261596679688,856.8397827148438,2225.56103515625,10764.1484375,288.4314880371094,1144.55322265625,292.53509521484375,283.054443359375,1493.4490966796875,1741.115234375,2233.366455078125,3322.021484375,529.494140625,5239.673828125,2038.1727294921875,891.1240234375,1082.250732421875,2099.006103515625
2025-06-05,3902.901123046875,3978.059814453125,4388.8076171875,1151.6773681640625,273.99212646484375,872.9953002929688,387.1771545410156,1035.59130859375,76.6498794555664,2899.498046875,357.7111511230469,2445.631591796875,962.3137817382812,2658.884033203125,2478.065673828125,257.68902587890625,789.6802368164062,326.98541259765625,363.0577697753906,160.9549102783203,4960.54443359375,80.60224914550781,615.2227172851562,868.2376708984375,2235.55908203125,10698.1591796875,292.78045654296875,1152.05029296875,294.9345397949219,281.9554443359375,1511.4425048828125,1735.118408203125,2293.36279296875,3354.00244140625,521.6986694335938,5318.77880859375,1952.707275390625,876.3252563476562,1116.7427978515625,2103.00390625
2025-06-06,3894.903564453125,3974.060546875,4353.3251953125,1143.18359375,278.3887939453125,881.29150390625,390.47613525390625,1037.0906982421875,76.88977813720703,2874.510986328125,361.25933837890625,2433.63330078125,972.811767578125,2662.88232421875,2506.55517578125,255.89048767089844,789.8801879882812,333.1342468261719,366.6573486328125,160.6549835205078,4962.68359375,80.5422592163086,626.4158935546875,876.8359985351562,2217.5625,10780.1455078125,288.03155517578125,1185.5372314453125,295.33447265625,288.24993896484375,1512.442138671875,1755.60791015625,2216.867431640625,3332.015625,527.8951416015625,5316.697265625,1932.2156982421875,884.9244995117188,1124.2410888671875,2126.99267578125
2025-06-09,3876.908447265625,3920.0732421875,4359.822265625,1144.1827392578125,278.98834228515625,885.7894287109375,384.47802734375,1036.091064453125,76.94976043701172,2857.519775390625,362.0088806152344,2455.630126953125,963.8134765625,2659.883544921875,2504.05615234375,257.0894775390625,792.2799072265625,332.3843994140625,359.75811767578125,160.6549835205078,4939.1630859375,82.5818099975586,614.6231079101562,879.83544921875,2223.5615234375,10770.1474609375,291.0308532714844,1181.538818359375,292.93499755859375,276.7599182128906,1508.4437255859375,1754.6085205078125,2195.86865234375,3298.03564453125,526.2960205078125,5322.9423828125,1972.69921875,888.124267578125,1107.2449951171875,2112.999267578125
2025-06-10,3894.903564453125,3909.075927734375,4374.31494140625,1161.1707763671875,282.3857727050781,874.7945556640625,385.3777465820313,1040.58935546875,75.6502685546875,2867.514404296875,373.602783203125,2487.62548828125,945.8169555664062,2704.864990234375,2594.52197265625,257.3892517089844,807.87744140625,323.2861633300781,373.3565368652344,163.3042449951172,4977.64990234375,81.92195892333984,613.0241088867188,875.63623046875,2227.560546875,10870.1298828125,289.9311218261719,1147.5521240234375,293.1349792480469,265.4697265625,1507.9437255859375,1774.0985107421875,2195.36865234375,3290.04052734375,513.50341796875,5345.84130859375,1996.189697265625,879.9249877929688,1117.7425537109375,2095.0078125
2025-06-11,3924.89501953125,3913.074951171875,4348.828125,1167.166259765625,282.1859130859375,873.5950317382812,385.17779541015625,1046.087158203125,76.03011322021484,2873.51123046875,373.4029235839844,2523.619873046875,940.8179321289062,2719.858642578125,2580.52734375,255.4907989501953,810.8770141601562,322.9362487792969,367.3572387695313,163.70413208007812,4957.33837890625,80.30231475830078,614.0234985351562,898.6318969726562,2235.55908203125,10904.1240234375,288.9313659667969,1161.0467529296875,292.93499755859375,262.2724914550781,1522.4384765625,1796.5870361328125,2142.871826171875,3322.021484375,514.1031494140625,5360.41357421875,1967.201416015625,893.3238525390625,1120.241943359375,2089.0107421875
2025-06-12,3956.885986328125,3914.074951171875,4300.35205078125,1170.6639404296875,283.5848083496094,875.09423828125,391.4757995605469,1059.581787109375,76.7898178100586,2890.50244140625,380.4991760253906,2501.623291015625,920.3218994140624,2726.855712890625,2613.5146484375,253.0927734375,818.475830078125,323.8860778808594,370.7568359375,165.20372009277344,4974.443359375,77.28942108154297,607.6273803710938,892.8330688476562,2245.55712890625,11028.1025390625,287.5816650390625,1156.0487060546875,290.1356201171875,261.17340087890625,1548.9287109375,1815.577392578125,2133.372314453125,3298.03564453125,516.9014892578125,5372.90380859375,1969.700439453125,887.3243408203125,1109.2445068359375,2144.984130859375
2025-06-13,3944.889404296875,3894.07958984375,4286.35888671875,1164.6680908203125,286.5825500488281,866.0985717773438,398.07373046875,1062.5806884765625,76.46994018554688,2907.493408203125,386.1461486816406,2515.620849609375,920.3218994140624,2703.865234375,2630.00830078125,252.6930999755859,815.67626953125,319.2369689941406,374.2564392089844,165.9534912109375,4955.19921875,76.06958770751953,605.4287109375,887.4340209960938,2233.559326171875,10984.1103515625,291.6307067871094,1145.052978515625,287.33624267578125,260.4740295410156,1510.942626953125,1814.0782470703125,2113.37353515625,3298.03564453125,513.1036987304688,5304.20703125,1949.208740234375,869.92578125,1093.748046875,2126.99267578125
2025-06-16,3916.897216796875,3946.0673828125,4300.8515625,1159.1719970703125,285.38348388671875,875.1942138671875,393.9750061035156,1052.5845947265625,77.12969207763672,2935.479248046875,382.49810791015625,2535.6181640625,929.3201904296876,2692.86962890625,2624.510498046875,256.1902160644531,812.0768432617188,325.5357360839844,374.5564270019531,168.05291748046875,4951.99267578125,75.48966979980469,605.628662109375,904.0309448242188,2255.554931640625,10816.138671875,291.5807189941406,1179.53955078125,287.9361267089844,,1484.9521484375,1824.0731201171875,2128.872802734375,3334.014404296875,523.097900390625,5293.7978515625,1905.2265625,885.3245239257812,1082.250732421875,2097.0068359375
2025-06-17,3856.9140625,3905.076904296875,4250.376953125,1156.17431640625,285.78314208984375,862.9999389648438,396.0743713378906,1048.0863037109375,75.71024322509766,2925.484375,388.8447265625,2529.618896484375,927.320556640625,2683.87353515625,2661.99658203125,253.0927734375,801.87841796875,321.6864929199219,371.3567810058594,166.95321655273438,4937.025390625,74.54979705810547,604.2294311523438,897.8320922851562,2249.55615234375,10660.166015625,286.48193359375,1155.5489501953125,285.9365539550781,264.17083740234375,1479.4542236328125,1817.576416015625,2116.37353515625,3326.01904296875,517.7009887695312,5325.02392578125,1912.2237548828125,890.5239868164062,1077.251953125,2079.015380859375
2025-06-18,3906.900146484375,3900.078125,4238.3828125,1170.164306640625,286.78240966796875,874.294677734375,400.6728820800781,1044.587646484375,76.56990051269531,2965.463623046875,386.2961120605469,2509.621826171875,929.820068359375,2693.869384765625,2665.9951171875,253.29261779785156,808.2774658203125,325.0857849121094,366.4573669433594,166.30340576171875,4937.025390625,75.12972259521484,615.422607421875,890.2335205078125,2239.558349609375,10546.185546875,289.1813049316406,1162.5462646484375,281.7374572753906,269.86590576171875,1448.965576171875,1815.577392578125,2089.875,3369.992919921875,521.2989501953125,5370.822265625,1898.2294921875,890.9240112304688,1066.7542724609375,2065.02197265625
2025-06-19,3854.914794921875,3907.076416015625,4135.43408203125,1143.0213623046875,286.78240966796875,863.9994506835938,402.0724487304687,1045.5872802734375,75.45034790039062,2968.462158203125,392.7427062988281,2465.628662109375,924.821044921875,2705.864501953125,2696.9833984375,252.8929443359375,807.277587890625,319.6868896484375,366.1574096679687,166.75328063964844,4893.1923828125,73.6499252319336,614.822998046875,882.0350341796875,2217.5625,10550.1845703125,283.53265380859375,1152.05029296875,279.5379638671875,272.76336669921875,1434.470947265625,1823.07373046875,2018.8792724609375,3397.97607421875,511.7044677734375,5316.697265625,1894.2310791015625,882.7247314453125,1073.752685546875,2055.026611328125
2025-06-20,3876.908447265625,3898.07861328125,4146.4287109375,1123.529541015625,286.182861328125,866.498291015625,401.8725280761719,1048.586181640625,75.53031158447266,2951.470703125,384.4970397949219,2443.6318359375,934.3192138671876,2686.872314453125,2681.989013671875,254.29177856445312,806.8776245117188,323.93603515625,361.85791015625,166.4033660888672,4878.22509765625,72.91001892089844,622.6182250976562,894.0328369140625,2205.56494140625,10390.212890625,286.2820129394531,1178.0401611328125,282.9372253417969,263.6712646484375,1401.98291015625,1806.58203125,2011.8797607421875,3427.958251953125,506.3075866699219,5318.77880859375,1880.23681640625,887.7242431640625,1079.2513427734375,2069.02001953125
2025-06-23,3848.91650390625,3927.07177734375,4182.91064453125,1141.0220947265625,287.1820983886719,859.9014282226562,400.9728088378906,1076.5750732421875,74.85057830810547,2932.480712890625,386.1961364746094,2439.63232421875,923.3213500976562,2736.8515625,2682.988525390625,251.8937530517578,812.0768432617188,318.58709716796875,353.9588317871094,168.05291748046875,4894.26123046875,71.81017303466797,617.42138671875,895.0326538085938,2197.56640625,10418.2080078125,285.3822021484375,1162.04638671875,289.7356872558594,267.7677307128906,1402.482666015625,1833.0684814453125,2016.87939453125,3361.99755859375,494.0146789550781,5256.32763671875,1847.75,886.5243530273438,1079.2513427734375,2047.030517578125
2025-06-24,3848.91650390625,3906.07666015625,4191.40673828125,1146.02001953125,289.7801208496094,885.9893188476562,402.3723449707031,1067.078857421875,76.6298828125,2887.504150390625,367.7558898925781,2453.63037109375,922.321533203125,2739.85009765625,2583.52587890625,253.3925323486328,807.4775390625,333.4341735839844,355.2586364746094,165.8035430908203,4885.70947265625,76.66950988769531,618.4207763671875,909.6298828125,2215.56298828125,10330.22265625,275.03466796875,1190.035400390625,288.9359130859375,276.2603454589844,1409.4801025390625,1878.0457763671875,2054.877197265625,3314.0263671875,509.5057373046875,5258.4091796875,1858.2457275390625,909.1224975585938,1092.24853515625,2061.02392578125
2025-06-25,3764.93994140625,3903.077392578125,4121.94140625,1141.0220947265625,286.9822692871094,889.5875854492188,401.9724731445313,1064.080078125,75.99012756347656,2828.53466796875,364.207763671875,2467.628173828125,932.319580078125,2712.861572265625,2562.533935546875,252.5931854248047,807.277587890625,331.78448486328125,352.6589660644531,165.00376892089844,4813.01123046875,78.40926361083984,620.8192749023438,918.0283203125,2209.56396484375,10246.2373046875,273.2350769042969,1188.5361328125,290.1356201171875,276.6600036621094,1393.9857177734375,1846.5616455078125,2005.3800048828125,3316.02490234375,504.3087463378906,5235.5107421875,1827.25830078125,916.7218017578124,1096.24755859375,2035.0361328125
2025-06-26,3784.934326171875,3874.084228515625,4265.369140625,1151.517822265625,287.1820983886719,875.09423828125,402.7722473144531,1070.5775146484375,75.73023986816406,2842.52734375,368.9552307128906,2477.626708984375,944.817138671875,2746.84716796875,2575.529052734375,252.7930145263672,810.8770141601562,331.1346435546875,355.9585876464844,163.15428161621094,4691.1357421875,81.6888198852539,619.6200561523438,927.0266723632812,2217.5625,10142.2548828125,288.1315612792969,1185.5372314453125,288.7359313964844,267.2618408203125,1394.485595703125,1830.070068359375,2143.371826171875,3288.04150390625,499.9113159179687,5164.73193359375,1828.7576904296875,933.7203369140624,1100.74658203125,1998.0537109375
2025-06-27,3766.939453125,3938.069091796875,4279.36279296875,1141.0220947265625,286.78240966796875,883.8901977539062,400.7728576660156,1063.0804443359375,76.58989715576172,2822.537841796875,370.2046203613281,2515.620849609375,946.31689453125,2743.848388671875,2586.025146484375,254.29177856445312,821.0755004882812,338.483154296875,357.0584716796875,163.45419311523438,4738.17578125,87.86796569824219,620.8192749023438,920.6278076171876,2247.556640625,10222.2421875,286.63189697265625,1218.5242919921875,289.1358337402344,271.0599060058594,1404.981689453125,1829.0706787109375,2150.871337890625,3256.060546875,509.9055480957031,5144.95556640625,1833.755615234375,954.1185913085938,1108.74462890625,2025.041015625
2025-06-30,3802.929443359375,3936.069580078125,4242.880859375,1141.0220947265625,289.58026123046875,881.391357421875,401.1727294921875,1061.0811767578125,76.66986083984375,2875.51025390625,365.5070495605469,2489.625,934.819091796875,2732.85302734375,2552.537841796875,254.3917236328125,824.2750244140625,337.2334289550781,354.3587646484375,161.50474548339844,4730.69189453125,88.72785949707031,618.820556640625,912.4293823242188,2245.55712890625,10118.2587890625,283.53265380859375,1206.5289306640625,288.3360290527344,271.2597961425781,1389.4874267578125,1830.070068359375,2149.871337890625,3268.053466796875,511.1048278808594,5157.44580078125,1827.25830078125,967.5174560546876,1112.74365234375,1987.0589599609375
2025-07-01,3868.910888671875,3922.072998046875,4261.87109375,1160.01416015625,286.3827209472656,870.1965942382812,405.8712463378906,1072.57666015625,76.32999420166016,2860.51806640625,368.05572509765625,2467.628173828125,922.321533203125,2772.836181640625,2573.030029296875,254.89129638671875,821.2754516601562,329.6349182128906,356.258544921875,160.6549835205078,4789.4912109375,91.28750610351562,613.6237182617188,905.03076171875,2221.561767578125,10400.2109375,291.1808166503906,1181.538818359375,271.9396667480469,287.3514709472656,1411.979248046875,1840.564697265625,2172.8701171875,3260.058349609375,501.110595703125,5204.28466796875,1895.73046875,939.5198364257812,1118.7423095703125,1991.0570068359375
2025-07-02,3812.926513671875,3854.089111328125,4378.8125,1119.5311279296875,276.5901184082031,884.8897094726562,395.6744689941406,1031.093017578125,73.5111083984375,2811.54345703125,379.1998291015625,2475.626953125,900.3257446289062,2676.87646484375,2614.514404296875,247.49734497070312,810.677001953125,325.6856994628906,338.2606201171875,158.30564880371094,4795.90576171875,89.98768615722656,605.628662109375,906.2305908203124,2229.56005859375,10388.212890625,305.92730712890625,1193.0343017578125,257.3428955078125,273.0588684082031,1408.9803466796875,1814.5780029296875,2263.364501953125,3306.03076171875,473.5264892578125,5191.79443359375,1919.2210693359375,943.319580078125,1104.74560546875,1980.062255859375
2025-07-03,3962.88427734375,3899.078369140625,4293.85546875,1120.5306396484375,280.98681640625,884.3900756835938,404.8715515136719,1041.0892333984375,75.85018157958984,2847.52490234375,378.5501403808594,2523.619873046875,915.82275390625,2694.868896484375,2619.512451171875,250.5948181152344,819.4757080078125,332.2843933105469,345.15985107421875,158.2556610107422,4798.04443359375,91.2475128173828,615.8223876953125,913.4291381835938,2251.5556640625,10202.2451171875,306.1272888183594,1215.0257568359375,265.34112548828125,278.1562194824219,1393.486083984375,1864.552490234375,2243.86572265625,3334.014404296875,488.7177429199219,5285.47119140625,1911.22412109375,954.318603515625,1106.7451171875,1985.0599365234375
2025-07-04,4030.865234375,3898.07861328125,4264.3701171875,1117.0322265625,283.5848083496094,885.4895629882812,405.3713989257813,1046.5869140625,75.33039855957031,2847.52490234375,379.0499267578125,2499.62353515625,909.8239135742188,2688.871337890625,2627.009521484375,249.29588317871097,810.2771606445312,330.43475341796875,343.7599792480469,159.65525817871094,4816.21826171875,90.02767944335938,613.0241088867188,902.0313110351562,2231.559814453125,10334.22265625,302.778076171875,1206.5289306640625,264.1413879394531,273.85845947265625,1404.48193359375,1867.5511474609375,2201.8681640625,3346.007080078125,482.9211120605469,5266.736328125,1907.7255859375,962.5178833007812,1111.2440185546875,1978.0631103515625
2025-07-07,4004.87255859375,3933.070068359375,4253.87548828125,1104.03759765625,284.783935546875,893.285888671875,403.9718322753906,1035.0914306640625,75.6502685546875,2848.524169921875,371.5538940429687,2523.619873046875,895.82666015625,2669.87939453125,2552.037841796875,249.79547119140625,819.2757568359375,334.2340087890625,339.1605224609375,157.8057861328125,4806.59716796875,87.86796569824219,616.4219970703125,900.4315795898438,2245.55712890625,10216.2421875,297.8292541503906,1219.024169921875,263.3415832519531,270.460205078125,1394.9854736328125,1862.0538330078125,2197.86865234375,3348.005859375,487.6183776855469,5239.673828125,1899.7288818359375,969.71728515625,1108.74462890625,1980.062255859375
2025-07-08,3910.89892578125,3948.066650390625,4309.34716796875,1092.0426025390625,282.1859130859375,898.9832763671875,399.9731140136719,1030.59326171875,75.63027954101562,2844.5263671875,383.4975891113281,2531.61865234375,893.3271484375,2649.8876953125,2603.018798828125,249.19595336914065,813.0767211914062,334.5839538574219,335.86090087890625,156.35617065429688,4794.8369140625,88.40789794921875,613.423828125,924.0272216796876,2253.555419921875,10338.220703125,306.32720947265625,1249.5123291015625,261.7419128417969,269.36077880859375,1413.4786376953125,1869.550048828125,2224.866943359375,3306.03076171875,490.61663818359375,5270.89990234375,1938.7130126953125,966.3175659179688,1099.7467041015625,1975.0645751953125
2025-07-09,3922.8955078125,3934.070068359375,4274.36474609375,1098.0401611328125,282.7854309082031,905.6801147460938,402.5722961425781,1033.09228515625,75.53031158447266,2866.51513671875,384.297119140625,2543.61669921875,889.327880859375,2659.883544921875,2626.01025390625,250.6947326660156,812.0768432617188,339.58294677734375,329.8616027832031,157.10597229003906,4752.07373046875,88.98782348632812,614.6231079101562,912.2294311523438,2263.553466796875,10360.2177734375,298.1291809082031,1257.5091552734375,263.1416320800781,263.1639709472656,1424.4744873046875,1885.0421142578125,2169.870361328125,3278.047607421875,497.3127746582031,5235.5107421875,1914.2230224609375,984.3161010742188,1114.7432861328125,1972.0660400390625
2025-07-10,3910.89892578125,3991.056640625,4445.27978515625,1093.5419921875,283.5848083496094,919.57373046875,400.9728088378906,1025.59521484375,76.01012420654297,2894.50048828125,388.5448913574219,2623.604736328125,885.3286743164062,2624.8984375,2656.998291015625,251.29425048828125,820.0756225585938,343.5821838378906,331.3614196777344,154.60667419433594,4840.8076171875,90.60759735107422,616.0222778320312,923.8272705078124,2299.54638671875,10624.171875,309.87640380859375,1286.4979248046875,263.9414367675781,264.36334228515625,1453.963623046875,1852.5587158203125,2251.865234375,3236.07275390625,499.7113952636719,5308.3701171875,1947.2095947265625,975.3168334960938,1155.23388671875,1996.0546875
2025-07-11,3918.896728515625,3984.05810546875,4454.77490234375,1091.54296875,280.1874084472656,910.0780639648438,400.9728088378906,1027.594482421875,75.6502685546875,2913.490478515625,401.8378601074219,2597.608642578125,890.82763671875,2614.902587890625,2670.9931640625,252.5931854248047,824.4749755859375,339.932861328125,327.7618408203125,154.80662536621094,4791.62939453125,87.64800262451172,626.61572265625,918.42822265625,2303.545654296875,10448.203125,312.42578125,1281.499755859375,260.7421569824219,259.7657165527344,1407.9805908203125,1833.0684814453125,2257.864990234375,3268.053466796875,491.21630859375,5220.9384765625,1899.7288818359375,987.9157104492188,1122.2415771484375,1961.0712890625
2025-07-14,3952.88720703125,4011.0517578125,4423.79052734375,1109.535400390625,283.3849792480469,922.5723266601562,409.6700134277344,1048.586181640625,76.46994018554688,2963.464599609375,396.990478515625,2585.6103515625,898.326171875,2654.8857421875,2635.50634765625,254.6914520263672,829.8741455078125,343.9320983886719,331.1614990234375,156.0562744140625,4855.7744140625,86.10821533203125,634.8107299804688,933.2255249023438,2313.543701171875,10660.166015625,310.1263427734375,1304.49072265625,258.9425354003906,257.5668640136719,1423.9747314453125,1842.0640869140625,2234.866455078125,3282.045166015625,495.4139099121094,5250.08203125,1889.233154296875,998.3148193359376,1118.7423095703125,1974.0650634765625
2025-07-15,3938.89111328125,3982.058837890625,4343.830078125,1107.5361328125,281.78619384765625,919.173828125,407.670654296875,1044.587646484375,76.21004486083984,2901.4970703125,397.5901489257813,2593.609375,898.8260498046875,2647.888671875,2620.51220703125,252.9928436279297,829.6741333007812,343.2822265625,330.4615478515625,155.00657653808594,4776.66259765625,83.86851501464844,630.813232421875,925.0270385742188,2305.54541015625,10494.1943359375,309.37652587890625,1314.4869384765625,244.3457794189453,234.1789703369141,1401.98291015625,1828.071044921875,2221.8671875,3254.06201171875,491.5161437988281,5204.28466796875,1887.23388671875,990.3155517578124,1099.246826171875,1990.0574951171875
2025-07-16,3924.89501953125,3988.05712890625,4396.30419921875,1108.035888671875,284.3842468261719,917.9744873046876,407.4707336425781,1044.587646484375,76.36998748779297,2924.485107421875,395.7911071777344,2615.606201171875,911.8235473632812,2663.8818359375,2607.017333984375,252.29342651367188,822.6752319335938,342.5323791503906,330.4615478515625,153.15708923339844,4762.7646484375,82.80867004394531,633.0118408203125,914.8289184570312,2319.54248046875,10434.205078125,306.6771545410156,1303.4912109375,241.346435546875,228.18206787109375,1420.9759521484375,1843.0634765625,2224.866943359375,3278.047607421875,488.7177429199219,5210.52978515625,1897.729736328125,988.3157348632812,1096.24755859375,1973.0654296875
2025-07-17,3950.8876953125,3989.05712890625,4427.28857421875,1098.0401611328125,288.5810546875,932.267822265625,411.96929931640625,1049.5858154296875,78.16927337646484,2911.491455078125,397.0404052734375,2673.597412109375,912.3234252929688,2637.892822265625,2608.016845703125,254.6914520263672,827.0745849609375,351.13067626953125,335.56097412109375,154.0568389892578,4738.17578125,84.48843383789062,634.8107299804688,919.2280883789062,2355.535400390625,10310.2255859375,303.2279357910156,1332.4798583984375,241.54640197753903,232.37989807128903,1412.4788818359375,1848.0609130859375,2196.86865234375,3312.02734375,496.21343994140625,5185.54931640625,1912.7236328125,1009.913818359375,1119.2421875,1994.0555419921875
2025-07-18,4006.871826171875,3955.065185546875,4485.259765625,1117.531982421875,289.38043212890625,932.5676879882812,416.0680236816406,1059.08203125,77.76943969726562,2926.484130859375,399.6890563964844,2663.598876953125,914.822998046875,2679.875244140625,2619.012451171875,256.6898193359375,827.8744506835938,349.5809631347656,341.960205078125,153.25704956054688,4746.728515625,85.38831329345703,637.0093994140625,920.0279541015624,2355.535400390625,10292.2294921875,303.4778747558594,1338.977294921875,237.94720458984375,236.5777282714844,1347.5030517578125,1882.54345703125,2232.866455078125,3324.020263671875,495.9136047363281,5216.77490234375,1928.2174072265625,1004.914306640625,1124.740966796875,2009.048583984375
2025-07-21,4010.870849609375,3920.0732421875,4607.6982421875,1139.0230712890625,297.3743896484375,942.063232421875,424.3653869628906,1072.57666015625,78.78903198242188,2929.482177734375,400.7384948730469,2669.597900390625,917.8223876953124,2720.858154296875,2612.015380859375,259.9871520996094,827.2745971679688,352.7303466796875,352.3589782714844,156.6061248779297,4727.48486328125,86.1482162475586,638.4085083007812,922.427490234375,2361.5341796875,10230.240234375,312.67572021484375,1342.9757080078125,240.34666442871097,240.1758575439453,1343.50439453125,1928.020263671875,2306.862060546875,3344.008544921875,502.9095764160156,5262.57275390625,1896.230224609375,999.9146728515624,1128.240234375,1997.0540771484375
2025-07-22,4032.864501953125,3879.0830078125,4711.14697265625,1166.511474609375,301.1714782714844,943.462646484375,425.9648742675781,1084.072265625,77.86939239501953,2924.485107421875,402.487548828125,2653.600341796875,908.8241577148438,2781.83251953125,2618.01318359375,254.3917236328125,827.8744506835938,348.68115234375,350.2592468261719,164.05404663085938,4755.28076171875,85.78826141357422,630.813232421875,917.828369140625,2335.539306640625,10350.2197265625,,1329.9808349609375,240.946533203125,240.67559814453125,1347.003173828125,1968.99951171875,2339.860107421875,3320.022705078125,500.1111755371094,5248.0009765625,1932.2156982421875,983.1161499023438,1137.2381591796875,1984.060302734375
2025-07-23,3976.88037109375,3894.07958984375,4729.1376953125,1138.0234375,300.1722412109375,947.7606811523438,427.8642578125,1062.080810546875,77.6094970703125,2898.49853515625,404.3365173339844,2653.600341796875,909.8239135742188,2715.8603515625,2652.5,255.9904022216797,824.0750122070312,351.7805480957031,351.4591064453125,158.70553588867188,4752.07373046875,89.76771545410156,635.4103393554688,920.4278564453124,2319.54248046875,10672.1640625,326.3724670410156,1326.482177734375,242.5461883544922,235.77813720703125,1370.994140625,1911.029052734375,2346.859619140625,3324.020263671875,499.2117004394531,5245.9189453125,1934.21484375,983.316162109375,1158.2332763671875,1994.0555419921875
2025-07-24,3988.876953125,3971.061279296875,4717.14404296875,1123.529541015625,304.7687683105469,960.454833984375,427.8642578125,1060.0816650390625,78.00933837890625,2903.49609375,397.5401611328125,2665.598388671875,889.327880859375,2678.87548828125,2661.496826171875,257.48919677734375,836.8731079101562,358.3292541503906,354.3587646484375,160.50503540039062,4806.59716796875,92.98727416992188,637.4091186523438,935.425048828125,2307.544677734375,10904.1240234375,322.67333984375,1344.9749755859375,243.1460418701172,233.1794891357422,1389.9873046875,1850.9759521484375,2325.86083984375,3314.0263671875,501.31048583984375,5768.4287109375,1953.7069091796875,985.5159301757812,1171.230224609375,2027.0399169921875
2025-07-25,3974.880859375,3936.069580078125,4677.66357421875,1119.5311279296875,305.76800537109375,957.9559326171876,428.3641357421875,1061.5810546875,79.00894927978516,2895.5,397.5901489257813,2653.600341796875,900.82568359375,2668.8798828125,2666.494873046875,256.0903015136719,835.6732788085938,360.4288330078125,354.95867919921875,162.70440673828125,4774.5244140625,92.30736541748048,636.8095092773438,934.225341796875,2313.543701171875,10800.142578125,318.1744079589844,1345.4747314453125,239.54685974121097,231.48036193847656,1391.986572265625,1852.4755859375,2294.86279296875,3340.0107421875,518.9003295898438,5812.14501953125,1975.1982421875,977.11669921875,1173.2298583984375,2003.0513916015625
2025-07-28,3910.89892578125,3891.080322265625,4636.68359375,1109.535400390625,302.3705749511719,959.3552856445312,423.3656921386719,1054.083984375,78.20925903320312,2862.51708984375,406.385498046875,2627.604248046875,898.8260498046875,2641.89111328125,2685.987548828125,255.19105529785156,832.4736938476562,361.1286926269531,345.35980224609375,160.60499572753906,4733.89892578125,90.84756469726562,635.8101196289062,937.4246826171876,2313.543701171875,10788.1435546875,316.6247863769531,1333.9793701171875,238.74703979492188,226.8827362060547,1397.4844970703125,1838.4794921875,2262.86474609375,3302.033447265625,514.3029174804688,5853.77978515625,1944.7105712890625,981.3163452148438,1170.73046875,1991.0570068359375
2025-07-29,3932.892822265625,3901.07763671875,4646.17919921875,1108.5357666015625,302.3705749511719,969.5504760742188,424.865234375,1043.5882568359375,79.18887329101562,2910.4921875,405.4360046386719,2639.6025390625,900.82568359375,2628.896728515625,2695.9833984375,255.0911407470703,824.8748779296875,371.1267395019531,344.15997314453125,163.2042694091797,4738.17578125,89.04780578613281,642.00634765625,941.6239013671876,2317.542724609375,11156.080078125,305.82733154296875,1364.9671630859375,244.3457794189453,226.78277587890625,1396.4849853515625,1849.476318359375,2226.866943359375,3310.028564453125,524.697021484375,5882.923828125,1931.7159423828125,1005.9141845703124,1179.728271484375,1975.0645751953125
2025-07-30,3962.88427734375,3906.07666015625,4585.70947265625,1119.0313720703125,301.97088623046875,925.5709228515624,423.4656677246094,1055.0836181640625,78.66908264160156,2911.491455078125,405.0861511230469,2633.603271484375,885.8285522460938,2627.89697265625,2677.990478515625,254.6914520263672,826.4746704101562,374.9259643554687,343.16009521484375,161.50474548339844,4765.97119140625,85.88824462890625,638.6083984375,938.0245971679688,2325.541259765625,11496.0224609375,311.6259765625,1369.4654541015625,230.94876098632812,226.78277587890625,1461.960693359375,1852.4755859375,2230.86669921875,3334.014404296875,529.694091796875,5903.74072265625,1938.7130126953125,987.9157104492188,1169.7305908203125,1994.0555419921875
2025-07-31,3944.889404296875,3935.06982421875,4501.25146484375,1127.0279541015625,303.16998291015625,922.3724365234376,425.26507568359375,1059.581787109375,77.781494140625,2952.470458984375,404.5364990234375,2665.598388671875,894.3269653320312,2647.888671875,2709.978515625,256.58990478515625,837.2730712890625,371.2266845703125,347.9595031738281,164.55389404296875,4712.517578125,85.44830322265625,648.2025146484375,963.6197509765624,2351.5361328125,11322.0517578125,304.6776123046875,1359.96923828125,233.3482208251953,224.28407287597656,1417.4771728515625,1847.976806640625,2147.87158203125,3415.96533203125,526.6958618164062,5903.74072265625,1852.2481689453125,1071.9085693359375,1162.2322998046875,1963.0703125
2025-08-01,3930.893310546875,3888.080810546875,4489.75732421875,1139.522705078125,299.57269287109375,917.4747314453124,423.8655090332031,1079.07421875,75.72197723388672,2948.472412109375,398.4896545410156,2501.623291015625,880.8295288085938,2653.88623046875,2705.979736328125,253.7921905517578,826.8745727539062,356.5796203613281,342.2601623535156,165.45364379882812,4844.0146484375,84.408447265625,634.0112915039062,936.4248657226562,2307.544677734375,11102.08984375,300.2786560058594,1354.4713134765625,230.94876098632812,219.1867218017578,1395.9849853515625,1846.4771728515625,2067.87646484375,3421.9619140625,511.3046875,5797.5732421875,1821.2607421875,1064.9091796875,1156.2337646484375,1938.08203125
2025-08-04,3916.897216796875,3903.077392578125,4487.2587890625,1149.5185546875,298.37359619140625,923.7717895507812,425.1651306152344,1087.0709228515625,82.54035949707031,2979.45654296875,405.8357849121094,2485.62548828125,887.8281860351562,2674.877197265625,2680.989501953125,258.7881164550781,833.2736206054688,362.37847900390625,343.7599792480469,165.9534912109375,4806.59716796875,84.28846740722656,644.005126953125,950.2222900390624,2333.53955078125,11134.0849609375,298.9289855957031,1367.966064453125,228.94918823242188,216.4881134033203,1397.9844970703125,1851.475830078125,2069.876220703125,3457.9404296875,527.4953002929688,5799.65478515625,1814.263671875,1089.9071044921875,1153.7342529296875,1929.08642578125
2025-08-05,3920.896240234375,3813.0986328125,4485.75927734375,1155.51611328125,296.1752624511719,924.5713500976562,421.6662292480469,1083.5723876953125,80.74079132080078,2978.456787109375,417.229736328125,2477.626708984375,901.3255615234376,2684.873046875,2690.485595703125,261.28607177734375,828.874267578125,360.7787780761719,345.35980224609375,164.55389404296875,4818.35693359375,85.3683090209961,645.6041259765625,958.4207153320312,2331.5400390625,11218.0703125,300.9784851074219,1377.9620361328125,229.549072265625,218.6869659423828,1396.4849853515625,1854.4749755859375,2089.875,3433.95458984375,522.4982299804688,5768.4287109375,1903.2274169921875,1072.908447265625,1330.693603515625,1915.093017578125
2025-08-06,3650.97216796875,3645.138427734375,4500.751953125,1158.0150146484375,295.176025390625,933.7671508789062,420.8664855957031,1082.072998046875,80.94074249267578,3010.440185546875,430.1229553222656,2491.62451171875,926.8206176757812,2695.868408203125,2725.472412109375,255.9904022216797,832.2738037109375,364.8279418945313,334.9610290527344,168.3028564453125,4826.9091796875,85.68827056884766,653.5992431640625,970.4185180664062,2337.538818359375,11052.0986328125,284.6823425292969,1370.9647216796875,225.54995727539065,222.78485107421875,1372.49365234375,1852.4755859375,2124.873046875,3431.9560546875,525.296630859375,5755.9384765625,1982.6951904296875,1087.9071044921875,1337.1920166015625,1883.108154296875
2025-08-07,3802.929443359375,3665.32958984375,4496.75390625,1140.0225830078125,293.5772399902344,933.7671508789062,410.7696838378906,1067.078857421875,80.46086120605469,3000.445556640625,425.5253601074219,2483.6259765625,922.8214111328124,2644.889892578125,2650.0009765625,254.6914520263672,836.673095703125,361.9582824707031,328.6617431640625,166.8032684326172,4836.53125,86.1482162475586,650.2012329101562,970.2185668945312,2313.543701171875,10948.8759765625,280.3833923339844,1373.0872802734375,230.74880981445312,222.2851104736328,1382.4901123046875,1820.9844970703125,2144.871826171875,3409.968994140625,514.9957275390625,5690.19287109375,2025.177978515625,1076.95263671875,1344.1904296875,1749.1715087890625
2025-08-08,3784.934326171875,3576.345947265625,4570.71728515625,1134.5247802734375,294.7763671875,938.86474609375,406.77093505859375,1051.5849609375,80.92074584960938,3009.44091796875,422.9767456054687,2491.62451171875,905.82470703125,2605.90625,2652.0,255.79055786132812,818.8758544921875,367.9076232910156,331.9613952636719,165.35366821289062,4811.9423828125,87.68799591064453,649.6016235351562,962.2200927734376,2315.543212890625,10920.87890625,288.1815490722656,1387.0830078125,228.94918823242188,224.9837188720703,1394.9854736328125,1804.4891357421875,2171.8701171875,3348.005859375,522.5926513671875,5656.8798828125,2020.179931640625,1071.452880859375,1340.1912841796875,1739.17626953125
2025-08-11,3870.91015625,3582.3447265625,4584.7099609375,1136.024169921875,296.9747009277344,949.06005859375,411.3694763183594,1056.083251953125,82.42039489746094,3027.431640625,423.2765808105469,2461.629150390625,914.3230590820312,2607.905517578125,2643.50341796875,259.3876037597656,816.6761474609375,370.9572448730469,341.76019287109375,163.55416870117188,4817.28759765625,85.80825805664062,655.7979125976562,968.6188354492188,2305.54541015625,11034.8671875,293.0303955078125,1394.580810546875,227.34954833984375,222.88479614257812,1403.4822998046875,1775.9971923828125,2158.87109375,3367.993896484375,532.7886352539062,5671.45458984375,2058.16455078125,1081.9525146484375,1342.6907958984375,1781.1563720703125
2025-08-12,3858.91357421875,3533.353759765625,4650.67724609375,1112.0343017578125,298.1737365722656,954.2576293945312,412.6690673828125,1033.592041015625,83.02024841308594,3045.422119140625,423.8262634277344,2497.623779296875,911.8235473632812,2572.920166015625,2674.991455078125,259.78729248046875,812.6767578125,373.9569091796875,344.9598693847656,162.60443115234375,4800.18212890625,87.92796325683594,655.5979614257812,975.8175048828124,2327.540771484375,11084.8623046875,295.1299133300781,1424.57177734375,226.94964599609375,222.98475646972656,1403.982177734375,1749.0047607421875,2174.869873046875,3354.00244140625,536.38720703125,5671.45458984375,2061.163330078125,1090.4521484375,1345.690185546875,1784.155029296875
2025-08-13,3848.91650390625,3498.360107421875,4666.1689453125,1119.5311279296875,298.1737365722656,954.9573974609376,414.468505859375,1032.5924072265625,83.42015075683594,3029.4306640625,418.1292724609375,2469.6279296875,799.84521484375,2580.916748046875,2668.494140625,259.0878601074219,811.6768798828125,373.45697021484375,346.4596862792969,162.05459594726562,4885.70947265625,88.96782684326172,658.59619140625,984.2159423828124,2321.5419921875,11442.8251953125,296.07965087890625,1405.5775146484375,231.5486297607422,227.6823272705078,1434.470947265625,1765.0003662109375,2158.87109375,3365.9951171875,541.7850952148438,5698.52099609375,2034.1741943359375,1081.4525146484375,1352.6884765625,1810.1427001953125
2025-08-14,3882.90673828125,3528.354736328125,4479.8046875,1137.0238037109375,296.1752624511719,953.5314331054688,413.96868896484375,1051.085205078125,83.56011962890625,3046.421630859375,413.892822265625,2455.630126953125,776.3497924804688,2611.90380859375,2627.271484375,262.7848205566406,812.4767456054688,374.8568115234375,351.95904541015625,168.05291748046875,4827.34423828125,88.08793640136719,675.3858032226562,993.2142944335938,2319.54248046875,11584.810546875,294.4300537109375,1406.5771484375,228.54930114746097,225.48345947265625,1414.635986328125,1781.49560546875,2122.873046875,3589.862060546875,553.1806030273438,5690.19287109375,2025.177978515625,1101.45166015625,1352.6884765625,1788.5086669921875
2025-08-15,3880.907470703125,3524.35546875,4512.7958984375,1135.5244140625,296.1752624511719,938.5372314453124,413.0689697265625,1043.5882568359375,82.76030731201172,3048.420654296875,421.2400512695313,2435.63330078125,778.349365234375,2600.908447265625,2638.2685546875,262.2852478027344,803.8781127929688,371.1072387695313,349.05938720703125,166.75328063964844,4794.2001953125,87.50801849365234,669.5894165039062,987.6152954101562,2321.5419921875,11590.810546875,299.6788024902344,1305.107666015625,227.9494171142578,223.98423767089844,1424.6334228515625,1782.9951171875,2169.870361328125,3563.877197265625,543.7843017578125,5681.8642578125,2031.175537109375,1073.952880859375,1345.190185546875,1791.5078125
2025-08-18,3890.904541015625,3539.3525390625,4447.3134765625,1131.526123046875,299.37286376953125,939.536865234375,415.46820068359375,1039.5897216796875,82.96026611328125,3073.407958984375,419.2908020019531,2415.635986328125,788.8473510742188,2592.911865234375,2632.270263671875,258.48834228515625,811.6768798828125,371.1572570800781,346.5596923828125,162.8043975830078,4827.34423828125,87.7879867553711,659.1957397460938,980.0167236328124,2315.543212890625,11736.794921875,288.1815490722656,1339.5972900390625,230.54884338378903,223.2845916748047,1438.6298828125,1770.9986572265625,2130.87255859375,3573.871337890625,546.7830810546875,5675.6181640625,2034.1741943359375,1081.9525146484375,1347.6895751953125,1801.505126953125
2025-08-19,3928.893798828125,3538.352783203125,4485.80322265625,1120.031005859375,301.97088623046875,944.3349609375,421.86614990234375,1040.58935546875,82.86028289794922,3054.41748046875,420.34039306640625,2457.629638671875,783.8483276367188,2565.923095703125,2652.2646484375,258.388427734375,818.2759399414062,372.05712890625,358.55828857421875,162.6544189453125,4858.35107421875,93.88715362548828,662.393798828125,988.4151000976562,2339.53857421875,11780.791015625,292.0306396484375,1343.09619140625,231.1486968994141,233.5792694091797,1451.1265869140625,1768.499267578125,2170.8701171875,3587.863037109375,546.7830810546875,5696.43896484375,2093.150390625,1059.4534912109375,1367.1851806640625,1814.50146484375
2025-08-20,3994.875244140625,3624.337158203125,4489.80224609375,1159.0145263671875,304.9686279296875,963.7274780273438,427.06451416015625,1060.0816650390625,83.44014739990234,3139.37353515625,418.7409973144531,2469.6279296875,796.8458251953125,2629.896240234375,2665.260986328125,260.3868103027344,826.6746215820312,372.6570739746094,356.0585632324219,164.60386657714844,5016.58935546875,93.30723571777344,671.588134765625,991.8145141601562,2359.53466796875,11974.7705078125,291.6307067871094,1358.0916748046875,244.14581298828125,234.87860107421875,1482.11865234375,1784.99462890625,2150.871337890625,3659.8203125,553.5803833007812,5825.5244140625,2118.14013671875,1025.9549560546875,1390.6798095703125,1810.5025634765625
2025-08-21,3942.889892578125,3599.341796875,4529.79150390625,1170.010009765625,306.5673828125,966.92626953125,431.3631591796875,1059.08203125,83.68008422851562,3119.781982421875,419.34075927734375,2481.6259765625,795.3460693359375,2638.892333984375,2676.758056640625,254.25157165527344,823.275146484375,373.9069213867187,355.7585754394531,165.45364379882812,5018.7275390625,91.92742156982422,673.1871337890625,1006.8117065429688,2361.5341796875,12046.763671875,292.28057861328125,1359.59130859375,242.76004028320312,236.6776885986328,1492.115966796875,1793.4921875,2180.922119140625,3675.810791015625,562.5767822265625,5863.0009765625,2115.1416015625,1040.454345703125,1384.68115234375,1820.4998779296875
2025-08-22,3890.904541015625,3583.3447265625,4599.77294921875,1166.01171875,303.9693908691406,966.92626953125,426.164794921875,1048.586181640625,84.07999420166016,3121.78125,423.2892761230469,2511.621826171875,792.3466796875,2618.90087890625,2691.25390625,256.350341796875,824.0750122070312,376.4066467285156,358.3583068847656,165.0537567138672,4984.513671875,93.24723815917967,672.1878051757812,998.6132202148438,2371.5322265625,11966.771484375,294.2301025390625,1416.5740966796875,242.76004028320312,240.3757476806641,1479.1195068359375,1793.4921875,2200.92138671875,3653.82373046875,562.177001953125,5825.5244140625,2120.139404296875,1042.9542236328125,1382.6815185546875,1835.4957275390625
2025-08-26,3812.926513671875,3537.35302734375,4575.779296875,1167.0113525390625,305.5681457519531,960.328857421875,431.8629760742187,1046.5869140625,83.02024841308594,3121.78125,424.1889343261719,2469.6279296875,780.3489990234375,2588.91357421875,2706.24951171875,254.85122680664065,821.4754028320312,373.7569274902344,357.158447265625,164.75384521484375,4911.81005859375,94.0071258544922,678.1841430664062,974.4177856445312,2377.531005859375,11870.78125,293.0803527832031,1392.5814208984375,232.9616546630859,242.17483520507812,1469.1219482421875,1784.99462890625,2209.9208984375,3631.8369140625,558.3784790039062,5767.22802734375,2059.164306640625,1057.4534912109375,1379.6822509765625,1819.5001220703125
2025-08-27,3792.93212890625,3564.34814453125,4568.78125,1163.012939453125,299.37286376953125,953.8313598632812,426.9645385742187,1057.5826416015625,82.60034942626953,3121.78125,428.8871154785156,2453.63037109375,790.8469848632812,2612.9033203125,2714.747314453125,254.05169677734375,817.4760131835938,371.3572082519531,351.8590393066406,163.75411987304688,4942.81591796875,97.3466796875,676.7849731445312,957.8208618164062,2363.533935546875,11874.78125,293.3302917480469,1381.0848388671875,233.3615875244141,242.9744110107422,1476.6202392578125,1780.495849609375,2200.92138671875,3643.829833984375,544.1841430664062,5796.37646484375,2053.16650390625,1056.45361328125,1381.6817626953125,1842.4937744140625
2025-08-28,3744.945556640625,3494.36083984375,4635.76318359375,1151.517822265625,296.3751525878906,955.4306640625,422.3660278320313,1047.5865478515625,82.28042602539062,3097.79052734375,428.9371337890625,2495.6240234375,786.8477172851562,2588.91357421875,2714.747314453125,252.0528564453125,804.7478637695312,368.6075134277344,350.3592224121094,161.25482177734375,4928.91650390625,100.0863037109375,655.9247436523438,966.2193603515624,2369.532470703125,11808.7880859375,294.6174011230469,1374.5867919921875,233.3615875244141,243.2742462158203,1459.12451171875,1754.00341796875,2264.9189453125,3609.85009765625,536.38720703125,5729.7509765625,2062.162841796875,1058.4534912109375,1376.682861328125,1814.50146484375
2025-08-29,3734.948486328125,3445.369873046875,4640.76171875,1149.5185546875,299.1730041503906,946.334228515625,422.5659484863281,1040.58935546875,79.50108337402344,3120.78173828125,431.9360046386719,2463.62890625,783.348388671875,2584.915283203125,2723.2451171875,247.35560607910156,803.14794921875,360.35845947265625,345.35980224609375,160.9049072265625,4973.82177734375,96.0068588256836,651.32666015625,988.4151000976562,2355.535400390625,11788.7900390625,292.1676940917969,1385.58349609375,236.56106567382812,240.57565307617188,1452.1263427734375,1729.5103759765625,2277.91845703125,3623.841552734375,510.39752197265625,5756.8173828125,2048.168701171875,1069.9530029296875,1382.6815185546875,1784.509765625
2025-09-01,3722.951904296875,3426.373291015625,4601.2724609375,1121.030517578125,300.9716796875,953.2315063476562,430.8633117675781,1019.0978393554688,80.04095458984375,3095.79150390625,430.8863830566406,2465.628662109375,777.3495483398438,2536.935302734375,2716.2470703125,245.3567657470703,799.9481811523438,367.2576599121094,344.25994873046875,159.5552978515625,4986.65185546875,96.686767578125,646.9285278320312,991.6145629882812,2355.535400390625,11848.7841796875,288.9680480957031,1376.586181640625,238.5607452392578,238.27682495117188,1447.127685546875,1676.0255126953125,2263.9189453125,3601.854736328125,516.7949829101562,5746.4072265625,2039.1722412109375,1099.95166015625,1386.6805419921875,1776.511962890625
2025-09-02,3724.951416015625,3393.37939453125,4580.27783203125,1091.0430908203125,294.7763671875,946.1343383789062,424.7652282714844,1010.1013793945312,78.4813232421875,3078.798095703125,434.03521728515625,2463.62890625,771.8506469726562,2484.95703125,2729.743408203125,234.3631896972656,770.7500610351562,359.6585693359375,330.6615295410156,155.30648803710938,5055.080078125,95.12698364257812,629.9356689453125,975.0176391601562,2305.54541015625,11902.7783203125,284.2685546875,1369.08837890625,235.5612335205078,227.28253173828125,1442.12890625,1614.04296875,2235.919921875,3563.877197265625,506.5990295410156,5719.3408203125,2040.171875,1068.9530029296875,1376.682861328125,1737.522705078125
2025-09-03,3742.9462890625,3411.3759765625,4612.26953125,1099.53955078125,298.1737365722656,954.4310302734376,430.9632873535156,1017.5984497070312,78.78125762939453,3082.79638671875,427.1878051757813,2459.629638671875,769.8510131835938,2498.951171875,2693.253173828125,234.463134765625,775.94970703125,362.208251953125,335.7608947753906,154.85659790039062,5091.431640625,94.36708068847656,629.7357177734375,972.0182495117188,2331.5400390625,12208.7470703125,286.91827392578125,1359.59130859375,235.9611663818359,230.5808258056641,1467.12255859375,1611.543701171875,2287.918212890625,3521.902587890625,510.1976013183594,5835.93505859375,2037.173095703125,1081.9525146484375,1388.68017578125,1740.5218505859375
2025-09-04,3754.94287109375,3494.36083984375,4602.77197265625,1108.5357666015625,304.7687683105469,961.028564453125,438.6608276367187,1020.0974731445312,80.46086120605469,3116.783203125,426.7379455566406,2503.622802734375,786.3478393554688,2515.944091796875,2687.255126953125,235.06277465820312,794.5485229492188,370.2073364257813,339.56048583984375,154.95657348632812,5133.1298828125,95.66690826416016,645.529052734375,978.0748901367188,2341.5380859375,12186.7490234375,285.41845703125,1363.590087890625,238.96066284179688,233.47933959960935,1468.6220703125,1621.541015625,2259.919189453125,3443.073486328125,517.7946166992188,5910.8876953125,2029.17626953125,1069.4530029296875,1409.6754150390625,1722.5267333984375
2025-09-05,3778.93603515625,3481.36328125,4679.75146484375,1123.529541015625,312.3630065917969,962.6279296875,440.8601684570313,1033.592041015625,79.34112548828125,3142.773193359375,415.4922180175781,2531.61865234375,785.3480224609375,2552.9287109375,2626.77197265625,234.7629547119141,803.7479248046875,361.0083923339844,342.1601867675781,154.45672607421875,5098.916015625,94.44707489013672,656.1246948242188,975.4751586914062,2355.535400390625,12088.7587890625,286.8682861328125,1365.5894775390625,238.96066284179688,239.87600708007812,1475.6202392578125,1651.032470703125,2276.91845703125,3341.10107421875,505.7993469238281,5944.2001953125,2033.1748046875,1075.4527587890625,1415.674072265625,1719.527587890625
2025-09-08,3736.947998046875,3483.36279296875,4695.2470703125,1122.030029296875,311.96331787109375,969.4252319335938,439.8604431152344,1031.5928955078125,80.10094451904297,3102.78857421875,417.3915100097656,2575.612060546875,794.3462524414062,2545.931640625,2638.2685546875,233.46371459960935,804.5478515625,366.50775146484375,352.0590515136719,154.15679931640625,5020.86572265625,95.46693420410156,654.7252197265625,982.2743530273438,2381.5302734375,11968.771484375,286.46832275390625,1390.5819091796875,238.96066284179688,246.87240600585935,1464.123291015625,1649.0330810546875,2282.91845703125,3307.110107421875,511.7969665527344,6044.1376953125,1958.7049560546875,1092.4520263671875,1412.1748046875,1698.5333251953125
2025-09-09,3746.945068359375,3482.363037109375,4605.271484375,1119.5311279296875,305.9678649902344,978.6217041015624,438.76080322265625,1031.093017578125,81.56059265136719,3099.789794921875,422.7394714355469,2575.612060546875,792.3466796875,2539.93408203125,2663.76171875,233.56365966796875,813.3473510742188,373.5069580078125,352.6589660644531,154.1068115234375,4946.0234375,93.38721466064452,660.3228759765625,993.472900390625,2361.5341796875,11974.7705078125,301.61663818359375,1401.078857421875,240.3604278564453,242.5746154785156,1490.6163330078125,1632.537841796875,2489.910888671875,3289.114990234375,521.992919921875,6025.3994140625,1945.21044921875,1086.9522705078125,1434.669677734375,1690.5355224609375
2025-09-10,3704.95703125,3336.389892578125,4583.27734375,1125.528564453125,302.7702941894531,996.4148559570312,435.0619812011719,1036.091064453125,81.6005859375,3122.781005859375,423.5891723632813,2557.61474609375,791.8467407226562,2550.929443359375,2655.263916015625,234.66302490234375,788.14892578125,375.00677490234375,342.0602111816406,156.65609741210938,4936.40087890625,92.26737213134766,664.7210083007812,1026.86865234375,2365.533447265625,11912.77734375,296.56719970703125,1419.5732421875,235.9611663818359,237.9770050048828,1487.6171875,1639.0360107421875,2530.909423828125,3301.11181640625,521.992919921875,6002.49755859375,1919.2210693359375,1099.45166015625,1412.6746826171875,1663.54296875
2025-09-11,3712.95458984375,3395.37890625,4590.275390625,1129.0272216796875,306.3675537109375,1011.4090576171876,437.5611877441406,1037.590576171875,82.16045379638672,3184.756591796875,424.7886962890625,2579.611328125,791.8467407226562,2554.927734375,2644.266845703125,236.46197509765625,783.3492431640625,379.5062561035156,342.860107421875,156.95602416992188,4954.57666015625,92.50733184814452,667.3199462890625,1029.8682861328125,2379.530517578125,11954.7724609375,298.5669860839844,1423.0721435546875,235.16128540039065,242.0748748779297,1517.109619140625,1641.5352783203125,2535.909423828125,3303.111328125,525.9913330078125,5990.00537109375,1905.2265625,1123.45068359375,1423.1722412109375,1659.5440673828125
2025-09-12,3714.9541015625,3439.370849609375,4600.7724609375,1147.0196533203125,306.9671325683594,1006.61083984375,438.76080322265625,1048.0863037109375,82.58035278320312,3188.755126953125,420.390380859375,2605.607421875,814.3424072265625,2575.9189453125,2636.269287109375,239.160400390625,787.948974609375,380.05621337890625,338.1606750488281,160.30508422851562,4950.30029296875,90.50760650634766,669.9188842773438,1024.368896484375,2373.53173828125,11792.7890625,303.4664306640625,1434.06884765625,235.9611663818359,241.9749298095703,1503.1131591796875,1669.0274658203125,2554.90869140625,3307.110107421875,528.9901733398438,6006.66162109375,1868.2415771484375,1129.9503173828125,1404.676513671875,1631.5517578125
2025-09-15,3688.96142578125,3452.36865234375,4630.2646484375,1153.516845703125,317.5590515136719,1012.8085327148438,439.5605773925781,1048.0863037109375,84.43991088867188,3164.7646484375,418.8908996582031,2615.606201171875,829.8394165039062,2585.914794921875,2625.772216796875,243.25799560546875,788.14892578125,384.6056823730469,347.15960693359375,166.85324096679688,4904.3251953125,92.16738891601562,675.3165893554688,1029.8682861328125,2365.533447265625,11412.828125,306.8160705566406,1445.5654296875,232.1617889404297,243.97390747070312,1478.6195068359375,1672.026611328125,2559.908447265625,3321.1064453125,537.5867309570312,5956.6923828125,1845.750732421875,1145.44970703125,1384.68115234375,1606.55859375
2025-09-16,3596.9873046875,3424.373779296875,4648.259765625,1135.5244140625,322.5552673339844,1001.2129516601562,438.4609069824219,1038.09033203125,82.92027282714844,3107.786865234375,421.6398620605469,2611.606689453125,820.3412475585938,2543.932373046875,2636.269287109375,237.96109008789065,778.9495239257812,374.8068237304687,343.36004638671875,163.3042449951172,4856.2119140625,91.84742736816406,658.9234619140625,1002.3717651367188,2351.5361328125,11344.8359375,310.5156555175781,1412.0755615234375,231.9618225097656,246.67250061035156,1462.623779296875,1659.5301513671875,2575.907958984375,3299.1123046875,524.1920776367188,5927.5439453125,1840.2530517578125,1130.4503173828125,1377.182861328125,1615.55615234375
2025-09-17,3592.988525390625,3449.369140625,4608.7705078125,1149.018798828125,323.55450439453125,1014.4078369140624,439.5605773925781,1038.590087890625,83.10022735595703,3099.789794921875,418.8908996582031,2579.611328125,828.839599609375,2556.927001953125,2605.27783203125,239.160400390625,774.9497680664062,378.35638427734375,357.75836181640625,169.15260314941406,4874.38818359375,92.28736877441406,670.5186157226562,1019.8695068359376,2347.536865234375,11394.830078125,306.1661682128906,1415.0745849609375,235.16128540039065,251.76986694335935,1473.1209716796875,1666.5281982421875,2517.909912109375,3353.097900390625,524.9917602539062,5944.2001953125,1835.7548828125,1115.950927734375,1370.684326171875,1626.5531005859375
2025-09-18,3568.9951171875,3539.3525390625,4570.7802734375,1137.0238037109375,319.55755615234375,1018.4063720703124,433.16259765625,1031.093017578125,83.78006744384766,3065.80322265625,425.4384460449219,2621.605224609375,837.837890625,2533.9365234375,2621.77294921875,237.86114501953125,782.9492797851562,384.5056762695313,359.8581237792969,166.8712921142578,4864.76611328125,91.94741821289062,671.5181884765625,1038.8670654296875,2361.5341796875,11246.845703125,307.3160095214844,1427.57080078125,235.76119995117188,253.3690490722656,1472.62109375,1665.028564453125,2525.90966796875,3315.10791015625,525.5914916992188,5917.1337890625,1814.7633056640625,1129.450439453125,1366.6851806640625,1635.5506591796875
2025-09-19,3642.974365234375,3480.363525390625,4597.7734375,1134.5247802734375,323.7543640136719,1027.4029541015625,434.6620788574219,1034.5916748046875,82.1204605102539,3081.796875,420.390380859375,2643.6015625,836.8380737304688,2536.935302734375,2611.77587890625,238.16098022460935,770.1500854492188,381.60601806640625,354.2587585449219,167.77114868164062,4869.04248046875,88.40789794921875,674.7168579101562,1026.86865234375,2355.535400390625,11302.83984375,312.9154052734375,1431.5697021484375,231.76185607910156,249.870849609375,1496.114990234375,1666.5281982421875,2541.9091796875,3311.109130859375,512.396728515625,5933.7900390625,1814.7633056640625,1149.949462890625,1370.684326171875,1614.556396484375
2025-09-22,3594.98779296875,3467.36572265625,4692.248046875,1131.526123046875,321.15631103515625,1031.201416015625,431.9629821777344,1038.09033203125,81.96050262451172,3086.794921875,424.3388671875,2663.598876953125,841.8370971679688,2532.93701171875,2613.775146484375,240.0598602294922,772.7499389648438,383.3058471679687,352.25897216796875,167.82113647460938,4790.9921875,87.14807891845703,678.3153076171875,1029.8682861328125,2377.531005859375,11498.8193359375,319.0647277832031,1442.5662841796875,231.9618225097656,246.272705078125,1510.6112060546875,1697.5194091796875,2549.90869140625,3289.114990234375,512.396728515625,5890.06787109375,1779.2777099609375,1148.9495849609375,1349.189208984375,1632.551513671875
2025-09-23,3580.991943359375,3434.371826171875,4689.74853515625,1123.0296630859375,324.9534606933594,1036.3995361328125,434.6620788574219,1038.590087890625,82.06047821044922,3079.797607421875,431.6360778808594,2695.59375,841.8370971679688,2525.93994140625,2644.266845703125,237.2614898681641,768.7501831054688,389.255126953125,360.258056640625,167.57118225097656,4762.12451171875,88.5878677368164,666.520263671875,1027.3685302734375,2297.546875,11256.8447265625,320.7645263671875,1454.0628662109375,238.76071166992188,257.9666748046875,1493.6156005859375,1704.517333984375,2550.90869140625,3229.131103515625,514.7957763671875,5817.1962890625,1778.2781982421875,1163.9488525390625,1347.6895751953125,1624.5537109375
2025-09-24,3594.98779296875,3453.368408203125,4746.7333984375,1125.528564453125,325.3531494140625,1036.7991943359375,433.0626220703125,1049.0859375,82.34040832519531,3124.780029296875,438.18365478515625,2663.598876953125,848.3358154296875,2526.939453125,2672.25927734375,237.0616149902344,766.150390625,385.005615234375,360.45806884765625,166.97128295898438,4764.2626953125,87.92796325683594,669.5189819335938,1034.8675537109375,2263.553466796875,11208.849609375,330.2134704589844,1452.0634765625,234.3614196777344,263.96356201171875,1484.6180419921875,1727.0111083984375,2670.904541015625,3191.141357421875,515.595458984375,5821.3603515625,1771.281005859375,1173.448486328125,1334.192626953125,1612.5570068359375
2025-09-25,3604.985107421875,3460.3671875,4914.68896484375,1117.0322265625,324.5537414550781,1024.8038330078125,434.4621887207031,1049.5858154296875,81.36064147949219,3157.767333984375,439.9829406738281,2637.6025390625,860.33349609375,2521.941650390625,2698.251708984375,234.66302490234375,760.95068359375,376.306640625,354.2587585449219,165.9214630126953,4756.7783203125,88.56787872314453,668.5194091796875,1029.8682861328125,2289.54833984375,10954.875,332.3132629394531,1425.0716552734375,221.16358947753903,261.3648986816406,1470.1217041015625,1709.01611328125,2678.904296875,3181.14404296875,504.9996643066406,5783.88427734375,1765.283447265625,1170.4486083984375,1318.6962890625,1591.562744140625
2025-09-26,3616.981689453125,3489.36181640625,4830.21142578125,1123.529541015625,330.1495056152344,1038.3988037109375,441.260009765625,1055.58349609375,82.98025512695312,3173.760986328125,445.3309020996094,2705.59228515625,872.8311157226562,2534.936279296875,2732.742431640625,238.06103515625,766.150390625,382.5559387207031,356.85845947265625,167.02127075195312,4717.21875,88.98782348632812,681.7139282226562,1034.8675537109375,2319.54248046875,10998.87109375,335.712890625,1448.5645751953125,225.16293334960935,263.1639709472656,1485.6177978515625,1717.513671875,2694.903564453125,3197.1396484375,520.1936645507812,5754.73583984375,1748.290283203125,1182.447998046875,1322.195556640625,1643.5484619140625
2025-09-29,3479.0205078125,3518.3564453125,4913.68896484375,1126.5281982421875,329.74981689453125,1039.59814453125,440.5602722167969,1056.083251953125,82.78030395507812,3149.7705078125,434.43505859375,2679.596435546875,887.3283081054688,2540.93359375,2695.2529296875,238.6606903076172,776.9496459960938,380.756103515625,358.65826416015625,165.77149963378906,4690.48974609375,93.00727081298828,681.913818359375,1048.3658447265625,2325.541259765625,11086.8623046875,341.4122619628906,1441.0667724609375,230.5620574951172,258.9661560058594,1517.6094970703125,1717.513671875,2754.9013671875,3313.108642578125,518.794189453125,5731.8330078125,1767.2825927734375,1163.4488525390625,1323.6951904296875,1658.5443115234375
2025-09-30,3503.013671875,3556.349609375,4886.1962890625,1146.02001953125,333.74676513671875,1044.59619140625,445.3587341308594,1067.078857421875,83.80006408691406,3156.767578125,425.58837890625,2731.588623046875,906.8245239257812,2586.914306640625,2645.7666015625,237.86114501953125,788.14892578125,379.5562744140625,364.4576110839844,166.57135009765625,4704.388671875,95.2869644165039,685.5122680664062,1040.8668212890625,2351.5361328125,11180.8525390625,341.5622253417969,1435.068603515625,231.3619079589844,261.5648193359375,1574.094970703125,1741.007080078125,2784.900390625,3351.098388671875,521.3931274414062,5952.5283203125,1774.7796630859375,1189.94775390625,1337.1920166015625,1697.53369140625
2025-10-01,3393.044677734375,3497.3603515625,4890.1953125,1149.5185546875,329.9496765136719,1050.39404296875,429.563720703125,1074.575927734375,83.40015411376953,3089.793701171875,427.587646484375,2771.58251953125,893.8270263671875,2598.9091796875,2679.757080078125,235.7623748779297,773.9498291015625,380.1562194824219,366.1574096679687,170.7706298828125,4674.45166015625,101.78607177734376,690.5101928710938,1041.86669921875,2357.534912109375,12434.7236328125,339.91241455078125,1466.55908203125,234.1614532470703,262.8641357421875,1671.070068359375,1766.0,2772.90087890625,3375.091796875,526.591064453125,5917.1337890625,1789.273681640625,1176.9482421875,1344.1904296875,1794.5069580078125
2025-10-02,3361.0537109375,3466.365966796875,4871.7001953125,1143.5211181640625,333.5469055175781,1043.19677734375,452.2565307617187,1069.5780029296875,83.74007415771484,3057.806396484375,422.3396301269531,2815.77490234375,885.3286743164062,2587.913818359375,2669.760009765625,236.36203002929688,776.3497314453125,380.2561645507813,368.0571594238281,168.9209442138672,4687.2822265625,102.88591766357422,681.913818359375,1019.8695068359376,2395.52734375,12452.7216796875,341.0622863769531,1442.0665283203125,236.7610321044922,258.9661560058594,1646.5762939453125,1732.0096435546875,2764.901123046875,3331.103759765625,527.5906982421875,5923.3798828125,1794.271728515625,1167.44873046875,1345.8028564453125,1832.49658203125
2025-10-03,3305.069580078125,3454.3681640625,4929.6845703125,1148.51904296875,334.74603271484375,1061.3897705078125,448.5577392578125,1077.074951171875,84.33993530273438,3038.8134765625,423.5891723632813,2847.7724609375,895.82666015625,2598.9091796875,2701.7509765625,236.76177978515625,781.7493286132812,385.30560302734375,370.4569091796875,169.5708465576172,4695.83544921875,103.2858657836914,677.515625,1010.3707275390624,2395.52734375,12648.701171875,347.66156005859375,1466.55908203125,238.76071166992188,259.06610107421875,1628.0811767578125,1748.005126953125,2812.8994140625,3267.120849609375,547.78271484375,5896.31396484375,1792.772216796875,1168.4486083984375,1352.8017578125,1844.4932861328125
2025-10-06,3327.063232421875,3462.36669921875,4989.6689453125,1148.019287109375,334.3463439941406,1056.591552734375,449.3574523925781,1081.0733642578125,84.31993103027344,3002.82763671875,432.6357116699219,2839.77294921875,900.3257446289062,2599.908935546875,2736.241455078125,236.46197509765625,781.7493286132812,381.05609130859375,374.9563903808594,170.5206756591797,4637.0302734375,104.53569793701172,680.9142456054688,1038.8670654296875,2401.5263671875,12724.693359375,353.6609191894531,1448.064697265625,238.3607635498047,256.0676574707031,1615.5843505859375,1773.4979248046875,2819.899169921875,3329.104248046875,545.7835083007812,5865.0830078125,1759.285888671875,1154.4493408203125,1341.8033447265625,1836.4954833984375
2025-10-07,3345.058349609375,3395.37890625,4954.17822265625,1158.0150146484375,332.34783935546875,1049.5943603515625,448.2578125,1092.0689697265625,83.28018951416016,3103.788330078125,431.4361877441406,2779.77783203125,925.3209228515624,2613.903076171875,2778.229736328125,235.36260986328125,787.7489624023438,378.7063598632813,378.75592041015625,170.02076721191406,4657.3447265625,101.9860382080078,681.3140258789062,1041.3668212890625,2413.52392578125,12778.6884765625,356.5605773925781,1443.066162109375,238.96066284179688,236.07798767089844,1614.084716796875,1770.9986572265625,2808.899658203125,3313.108642578125,538.3864135742188,5873.41162109375,1777.7783203125,1153.4493408203125,1336.8040771484375,1823.4990234375
2025-10-08,3355.055419921875,3423.373779296875,5045.65380859375,1153.0172119140625,333.3470764160156,1065.5880126953125,447.3580932617187,1090.569580078125,86.35945129394531,3119.781982421875,432.0859069824219,2801.776123046875,933.8192749023438,2607.905517578125,2763.23388671875,236.36203002929688,778.9495239257812,382.7558898925781,387.1549682617187,169.7707977294922,4675.52099609375,101.0861587524414,686.3119506835938,1046.3660888671875,2427.52099609375,12804.685546875,355.7106628417969,1479.055419921875,239.96051025390625,234.87860107421875,1620.0831298828125,1783.9949951171875,2899.896240234375,3311.109130859375,549.9818115234375,5898.39599609375,1792.2724609375,1152.4493408203125,1343.30322265625,1836.4954833984375
2025-10-09,3345.058349609375,3379.3818359375,5047.6533203125,1165.5118408203125,335.5453796386719,1008.2103271484376,445.406494140625,1098.066650390625,83.48013305664062,3092.79248046875,432.4358215332031,2859.771484375,933.8192749023438,2632.89501953125,2775.73046875,236.06219482421875,775.94970703125,374.5068359375,386.7549743652344,169.72080993652344,4726.841796875,97.84661102294922,680.9142456054688,1024.868896484375,2437.519287109375,12938.671875,357.1105041503906,1454.562744140625,241.96017456054688,230.5808258056641,1639.578125,1816.4857177734375,2962.89404296875,3329.104248046875,542.78466796875,5973.34912109375,1790.773193359375,1154.94921875,1357.3011474609375,1850.4915771484375
2025-10-10,3371.051025390625,3377.38232421875,4982.1708984375,1171.5093994140625,332.34783935546875,993.5159912109376,446.4062805175781,1105.0638427734375,82.88027954101562,3141.7734375,420.34039306640625,2833.7734375,932.8194580078124,2656.884765625,2695.2529296875,235.1627197265625,767.5502319335938,372.45709228515625,387.4548950195313,168.87095642089844,4795.2685546875,95.02699279785156,672.1179809570312,1010.8706665039062,2407.52490234375,12780.6884765625,345.811767578125,1455.5623779296875,237.96083068847656,228.18206787109375,1624.5819091796875,1820.484619140625,2879.89697265625,3387.088623046875,541.3851928710938,6002.49755859375,1799.76953125,1138.449951171875,1324.305908203125,1813.501708984375
2025-10-13,3381.048095703125,3399.378173828125,5080.64453125,1174.5081787109375,334.3463439941406,991.7166137695312,445.7064208984375,1095.06787109375,83.66009521484375,3115.78369140625,421.8398132324219,2847.7724609375,936.8187255859376,2658.884033203125,2696.25244140625,238.56072998046875,765.5503540039062,374.6568298339844,396.5538635253906,169.82080078125,4785.646484375,95.6069107055664,675.9163208007812,1012.3704833984376,2377.531005859375,12722.6943359375,357.21051025390625,1449.564208984375,240.3604278564453,229.281494140625,1627.081298828125,1817.4853515625,2998.892822265625,3349.098876953125,543.7843017578125,5954.61083984375,1796.7706298828125,1128.450439453125,1323.8060302734375,1799.505615234375
2025-10-14,3409.040283203125,3414.37548828125,5080.64453125,1185.5035400390625,334.3463439941406,995.8151245117188,448.4058837890625,1101.0654296875,84.15997314453125,3091.79296875,416.19195556640625,2793.776611328125,928.8202514648438,2676.87646484375,2685.25537109375,241.2591552734375,769.150146484375,380.95611572265625,398.7535705566406,172.97024536132812,4873.3193359375,94.66704559326172,681.7139282226562,1025.8687744140625,2371.5322265625,12736.6923828125,353.3609313964844,1441.0667724609375,240.96034240722656,222.5849609375,1637.0787353515625,1806.9884033203125,2914.895751953125,3369.093505859375,546.9830322265625,5942.11865234375,1769.7816162109375,1123.95068359375,1310.8079833984375,1796.5064697265625
2025-10-15,3397.043701171875,3372.38330078125,5139.62890625,1195.4993896484375,336.9443664550781,988.3179931640624,444.8066101074219,1108.5625,84.83981323242188,3017.822021484375,415.74212646484375,2823.774169921875,905.3248291015624,2712.861572265625,2690.75390625,240.3596954345703,774.9497680664062,379.206298828125,397.7536926269531,170.0707550048828,4818.79150390625,95.00699615478516,674.916748046875,1023.8690185546876,2365.533447265625,12642.7021484375,353.2109375,1436.0682373046875,238.3607635498047,221.3855743408203,1627.5811767578125,1837.9796142578125,2944.894775390625,3327.104736328125,545.9833984375,5973.34912109375,1774.7796630859375,1112.451171875,1321.306396484375,1785.509521484375
2025-10-16,3493.0166015625,3355.38623046875,5136.62939453125,1193.5001220703125,337.34405517578125,988.7178344726562,443.0070190429687,1122.0572509765625,84.45990753173828,2986.833740234375,412.8931884765625,2841.77294921875,897.3263549804688,2724.8564453125,2675.75830078125,238.46080017089844,776.1497192382812,379.206298828125,397.7536926269531,175.119873046875,4907.53271484375,96.2268295288086,664.121337890625,1007.3711547851562,2365.85107421875,12552.7119140625,351.46112060546875,1427.57080078125,242.56008911132812,218.7869110107422,1633.5797119140625,1863.9722900390625,2934.89501953125,3247.126220703125,547.9826049804688,6042.05615234375,1801.7550048828125,1139.949951171875,1340.3035888671875,1772.5130615234375
2025-10-17,3554.999267578125,3355.38623046875,5048.65283203125,1194.9996337890625,337.7437438964844,963.9273681640624,442.0072326660156,1129.55419921875,82.42039489746094,3004.826904296875,410.8939514160156,2785.77734375,878.3300170898438,2731.853515625,2690.25439453125,235.06277465820312,773.9498291015625,357.7587585449219,401.9532470703125,174.22003173828125,4987.7216796875,95.42694091796876,653.7256469726562,991.273193359375,2405.8486328125,12556.7109375,345.7617492675781,1377.0860595703125,241.3602600097656,216.98785400390625,1624.5819091796875,1877.9683837890625,2833.898681640625,3255.124267578125,532.1889038085938,6152.4033203125,1826.251708984375,1102.9515380859375,1346.302734375,1774.512451171875
2025-10-20,3537.004150390625,3404.37744140625,5128.6318359375,1182.0048828125,336.5446472167969,969.4252319335938,443.2069396972656,1131.553466796875,82.98025512695312,2983.835205078125,410.2942199707031,2849.772216796875,875.3306274414062,2719.858642578125,2710.248779296875,234.1633148193359,781.9493408203125,361.75830078125,397.7536926269531,171.8704376220703,4981.30615234375,95.46693420410156,655.324951171875,1006.3712768554688,2429.84716796875,12562.7099609375,349.3613586425781,1389.582275390625,242.360107421875,167.6133575439453,1633.079833984375,1870.97021484375,2894.896484375,3243.12744140625,535.1876831054688,6131.5830078125,1833.7506103515625,1126.950439453125,1355.8013916015625,1786.5091552734375
2025-10-21,3505.01318359375,3464.366455078125,5095.640625,1194.9996337890625,337.7437438964844,984.6194458007812,442.7070617675781,1138.55078125,83.3201675415039,2951.84765625,413.6429138183594,2873.770263671875,890.82763671875,2754.84375,2716.2470703125,236.16213989257812,796.9483642578125,364.2080383300781,398.253662109375,173.62013244628906,4956.71533203125,98.3265380859375,657.5240478515625,1014.3702392578124,2437.846435546875,12472.7197265625,344.3619079589844,1387.5828857421875,242.56008911132812,171.91114807128906,1645.07666015625,1892.964111328125,2825.89892578125,3253.124755859375,537.3867797851562,6117.00927734375,1835.25048828125,1134.4501953125,1367.2996826171875,1782.51025390625
2025-10-22,3473.022216796875,3507.3583984375,5203.61181640625,1221.98828125,342.54010009765625,990.717041015625,448.10595703125,1144.54833984375,84.45990753173828,2991.83203125,421.2400512695313,2855.771728515625,893.3271484375,2831.8115234375,2760.23486328125,242.05870056152344,809.947509765625,381.95599365234375,405.8527526855469,174.7699432373047,4974.89111328125,100.13629150390624,664.121337890625,1017.8698120117188,2455.845458984375,12538.712890625,340.1623840332031,1396.080322265625,247.75921630859375,179.50723266601562,1652.0748291015625,1903.461181640625,2814.8994140625,3295.11328125,544.5839233398438,6117.00927734375,1850.748291015625,1102.4515380859375,1395.2955322265625,1780.5108642578125
2025-10-23,3475.021728515625,3447.369384765625,5299.5859375,1213.4918212890625,340.5416259765625,992.4163208007812,445.5065002441406,1146.5474853515625,85.43966674804688,3019.8212890625,436.7841796875,2925.76611328125,905.82470703125,2804.82275390625,2839.712646484375,238.2609100341797,815.9471435546875,386.6554565429687,404.3529357910156,178.5692901611328,5009.10546875,100.2362823486328,665.5206909179688,1020.3694458007812,2479.843994140625,12494.7177734375,344.96185302734375,1401.57861328125,246.3594512939453,180.10690307617188,1646.076416015625,1907.9598388671875,2864.8974609375,3303.111328125,545.3836059570312,6141.99365234375,1825.751708984375,1108.4512939453125,1376.7982177734375,1769.513916015625
2025-10-24,3459.026123046875,3505.35888671875,5323.57958984375,1221.98828125,343.73919677734375,1003.612060546875,455.3044128417969,1150.5460205078125,85.8395767211914,3004.826904296875,434.784912109375,2957.763671875,911.3236694335938,2831.8115234375,2850.209716796875,240.5595703125,814.1472778320312,388.2552490234375,407.7525329589844,179.2691650390625,5013.3818359375,100.68621826171876,667.919677734375,1037.3673095703125,2503.84228515625,12530.7138671875,346.01171875,1424.57177734375,249.1589813232422,182.1058807373047,1619.5833740234375,1902.4613037109375,2862.897705078125,3323.10595703125,572.1730346679688,6129.5009765625,1810.7537841796875,1120.9508056640625,1379.2978515625,1752.5185546875
2025-10-27,3477.02099609375,3509.358154296875,,1215.99072265625,346.3372497558594,1003.612060546875,458.7037048339844,1148.5467529296875,87.81909942626953,3003.827392578125,435.8345031738281,2953.763916015625,911.3236694335938,2817.8173828125,2831.215087890625,243.5578155517578,809.947509765625,,408.2524719238281,176.7196044921875,4990.9287109375,99.36640167236328,673.9171752929688,1045.3662109375,2501.842529296875,12544.7119140625,347.5115661621094,1470.05810546875,246.3594512939453,185.154296875,1639.578125,1882.9669189453125,2831.898681640625,3299.1123046875,582.96875,6131.5830078125,1784.75732421875,,1376.29833984375,1766.5146484375
2025-10-28,3495.01611328125,3497.3603515625,5406.5576171875,1213.9915771484375,345.7376708984375,1049.794189453125,458.9036560058594,1151.0457763671875,87.83910369873047,3017.822021484375,433.535400390625,2981.76171875,905.3248291015624,2808.821044921875,2832.21484375,241.4590606689453,809.3475952148438,404.4034118652344,402.953125,176.06971740722656,4951.36962890625,99.08643341064452,672.7176513671875,1055.8648681640625,2515.841552734375,12404.7265625,351.4111633300781,1499.5491943359375,244.3597717285156,189.20220947265625,1643.5770263671875,1888.9652099609375,2890.896728515625,3291.114501953125,581.9691162109375,6125.3369140625,1777.25830078125,1145.94970703125,1377.798095703125,1775.51220703125
2025-10-29,3469.0234375,3395.37890625,5544.5205078125,1205.4951171875,344.1388854980469,1072.9852294921875,457.0040893554687,1146.0477294921875,88.55892944335938,3042.81201171875,441.3824157714844,2989.760986328125,933.3193969726562,2795.82666015625,2874.703125,240.5595703125,793.548583984375,405.0033264160156,406.2527160644531,176.4696502685547,4928.91650390625,98.30654907226562,670.3186645507812,1058.864501953125,2517.841552734375,12558.7109375,371.2089538574219,1515.54443359375,241.7602081298828,186.70350646972656,1751.5494384765625,1899.4622802734375,2953.894287109375,3267.120849609375,585.1679077148438,6100.3525390625,1755.2613525390625,1159.4490966796875,1367.799560546875,1822.499267578125
2025-10-30,3465.0244140625,3373.383056640625,5481.53759765625,1204.995361328125,347.73614501953125,1069.38671875,462.8028564453125,1153.0450439453125,88.79887390136719,3030.816650390625,447.6799926757813,2979.76171875,946.8167724609376,2778.833740234375,2882.201171875,239.76004028320312,808.74755859375,405.8032531738281,401.7532348632813,179.7690887451172,4924.64013671875,94.9901885986328,675.3165893554688,1062.3641357421875,2523.841064453125,12544.7119140625,365.3096008300781,1570.52783203125,242.56008911132812,181.90597534179688,1782.54150390625,1923.9552001953125,2909.89599609375,3297.11279296875,588.1666870117188,6067.04052734375,1732.764404296875,1167.94873046875,1366.7996826171875,1822.499267578125
2025-10-31,3453.02783203125,3356.38623046875,5484.53662109375,1199.9974365234375,341.34100341796875,1062.9892578125,459.3035888671875,1139.55029296875,89.0588150024414,3023.819580078125,442.1321105957031,2959.763427734375,930.3199462890624,2779.833251953125,2846.7109375,237.66127014160156,780.3494873046875,406.9530944824219,397.7536926269531,179.2691650390625,4906.4638671875,93.17037200927734,668.3195190429688,1054.8651123046875,2517.841552734375,12468.7197265625,364.40972900390625,1559.0313720703125,244.15980529785156,179.55718994140625,1780.0418701171875,1915.4576416015625,2874.897216796875,3275.11865234375,583.7684326171875,6054.54833984375,1749.7620849609375,1166.94873046875,1404.794189453125,1838.494873046875
2025-11-03,3459.026123046875,3350.38720703125,5358.5703125,1188.00244140625,335.3455505371094,1068.5870361328125,453.90472412109375,1134.052490234375,89.37873840332031,3056.806640625,447.2301635742187,2919.7666015625,910.82373046875,2745.84765625,2840.712646484375,241.2591552734375,778.74951171875,406.55316162109375,388.4548034667969,180.01904296875,4915.01708984375,90.07069396972656,666.1204833984375,1070.863037109375,2533.840576171875,12362.7314453125,356.7105407714844,1580.52490234375,238.76071166992188,171.41140747070312,1756.5479736328125,1899.9620361328125,2798.89990234375,3255.124267578125,584.7680053710938,6048.30224609375,1776.2584228515625,1164.9488525390625,1395.7955322265625,1820.4998779296875
2025-11-04,3461.025634765625,3376.382568359375,5270.59375,1199.9974365234375,332.7475280761719,1074.5845947265625,460.4033508300781,1144.0484619140625,88.87885284423828,3075.799072265625,452.97796630859375,2879.769775390625,896.3265380859375,2768.837890625,2837.21337890625,239.76004028320312,769.5501098632812,406.253173828125,384.4552612304687,177.86940002441406,4952.43896484375,85.7911376953125,664.5211181640625,1068.86328125,2529.8408203125,12526.7138671875,350.5612487792969,1593.52099609375,244.95968627929688,171.41140747070312,1789.0396728515625,1887.465576171875,2750.901611328125,3201.138671875,585.967529296875,6117.00927734375,1786.757080078125,1147.4495849609375,1417.2923583984375,1762.5157470703125
2025-11-05,3519.00927734375,3416.375244140625,5276.59228515625,1217.989990234375,336.9443664550781,1085.3804931640625,466.2021179199219,1151.0457763671875,89.5386962890625,3138.774658203125,461.1249084472656,2893.768798828125,903.8250732421876,2816.81787109375,2862.706298828125,241.5589904785156,773.9498291015625,405.7032470703125,384.9552001953125,176.61961364746094,4971.68359375,84.59126281738281,676.9159545898438,1082.361572265625,2549.839599609375,12448.7216796875,355.91064453125,1583.52392578125,242.56008911132812,168.31298828125,1787.5400390625,1886.4659423828125,2794.900146484375,3241.1279296875,588.1666870117188,6129.5009765625,1797.255615234375,1156.94921875,1393.2958984375,1770.5135498046875
2025-11-06,3513.010986328125,3315.3935546875,5257.59716796875,1220.4888916015625,355.5302429199219,1088.45458984375,474.3004455566406,1160.042236328125,91.11831665039062,3171.761962890625,458.5259094238281,2903.767822265625,896.8264770507812,2825.81396484375,2849.210205078125,241.35910034179688,798.5482177734375,409.7527770996094,389.0547180175781,177.51947021484375,4911.17724609375,83.75135040283203,676.316162109375,1079.3619384765625,2509.842041015625,12832.6826171875,359.7102355957031,1608.5164794921875,233.5615692138672,164.81480407714844,1778.04248046875,1901.461669921875,2813.8994140625,3215.135009765625,600.561767578125,6081.6142578125,1679.7716064453125,1131.4503173828125,1241.8179931640625,1521.58203125
2025-11-07,3556.99853515625,3193.416015625,5224.60595703125,1213.9915771484375,348.9352722167969,1070.4603271484375,474.200439453125,1170.0382080078125,90.57844543457033,3169.7626953125,458.5259094238281,2887.76904296875,894.3269653320312,2817.8173828125,2848.21044921875,241.0592803955078,751.1513671875,404.65338134765625,382.3554992675781,174.37001037597656,4937.9091796875,84.4512710571289,675.3165893554688,1068.36328125,2473.84423828125,12898.67578125,357.5604553222656,1599.5191650390625,235.76119995117188,163.6154327392578,1768.0450439453125,1867.97119140625,2764.901123046875,3243.12744140625,598.5625610351562,6100.3525390625,1726.2652587890625,1138.449951171875,1266.314453125,1581.5654296875
2025-11-10,3588.989501953125,3179.41845703125,5299.5859375,1209.9931640625,350.73388671875,1088.654541015625,475.5001831054687,1164.5404052734375,92.89789581298828,3177.759521484375,463.9737854003906,2903.767822265625,898.8260498046875,2793.827392578125,2868.704833984375,243.6577606201172,750.9513549804688,417.2019348144531,389.9546203613281,174.4199981689453,4906.89990234375,84.7512435913086,682.9133911132812,1076.8621826171875,2499.842529296875,13124.65234375,362.7598876953125,1633.5089111328125,234.76136779785156,163.41554260253906,1771.544189453125,1942.4500732421875,2799.89990234375,3253.124755859375,608.9584350585938,6110.76318359375,1816.2530517578125,1160.948974609375,1270.8138427734375,1554.5728759765625
2025-11-11,3664.96826171875,3226.409912109375,5322.580078125,1207.994140625,343.73919677734375,1099.05126953125,461.8030700683594,1162.541259765625,94.59749603271484,3222.74169921875,475.9692687988281,2899.768310546875,904.8248901367188,2785.830810546875,2930.687744140625,245.95643615722656,729.352783203125,422.8013000488281,372.1567077636719,172.92025756835938,4928.28515625,86.31108093261719,679.114990234375,1089.360595703125,2513.841796875,13464.6181640625,367.7593078613281,1630.5098876953125,236.56106567382812,164.4650115966797,1824.03076171875,1973.941162109375,2861.897705078125,3249.125732421875,617.5549926757812,6141.99365234375,1850.748291015625,1152.4493408203125,1266.314453125,1596.5614013671875
2025-11-12,3688.96142578125,3135.426513671875,5408.55712890625,1200.4971923828125,340.5416259765625,1117.0455322265625,452.6050109863281,1176.5357666015625,95.13736724853516,3228.739501953125,467.67242431640625,2905.767822265625,904.8248901367188,2769.837646484375,2908.19384765625,243.5578155517578,702.554443359375,429.00054931640625,364.8575439453125,173.12022399902344,4927.21630859375,85.2511978149414,692.3094482421875,1094.8599853515625,2545.83984375,13516.6123046875,371.60888671875,1641.506591796875,236.56106567382812,163.915283203125,1823.0308837890625,2306.346923828125,2891.896484375,3217.13427734375,624.1524047851562,6133.6650390625,1854.747802734375,1152.4493408203125,1281.8121337890625,1586.5640869140625
2025-11-13,3656.970458984375,3139.42578125,5409.556640625,1200.4971923828125,326.4970703125,1119.6446533203125,451.2052612304687,1181.53369140625,94.0976104736328,3198.751220703125,459.9366760253906,2817.774658203125,909.3240356445312,2762.840576171875,2858.971435546875,240.9593505859375,691.9551391601562,427.2007751464844,362.5578308105469,170.5206756591797,4880.16845703125,84.09130859375,649.7273559570312,1086.8609619140625,2505.84228515625,13492.615234375,373.0587463378906,1646.005126953125,248.55909729003903,165.01470947265625,1810.193115234375,2262.359619140625,2861.897705078125,3149.152587890625,622.952880859375,6075.3681640625,1817.7528076171875,1120.4508056640625,1263.8148193359375,1594.5618896484375
2025-11-14,3614.982177734375,3125.428466796875,5392.56103515625,1186.5030517578125,321.89849853515625,1104.0496826171875,438.3079833984375,1169.03857421875,91.47823333740234,3149.7705078125,460.6865234375,2813.775146484375,899.8258666992188,2741.849365234375,2857.4716796875,237.5613250732422,690.9552001953125,413.4523620605469,353.65887451171875,168.27105712890625,4779.65625,82.39148712158203,643.5299072265625,1081.861572265625,2483.84375,13530.611328125,365.7595520019531,1612.5152587890625,245.75955200195312,163.915283203125,1783.6976318359375,2226.36962890625,2849.898193359375,3153.151611328125,600.561767578125,6089.94287109375,1793.256103515625,1105.951416015625,1248.317138671875,1576.56689453125
2025-11-17,3626.97900390625,3085.435791015625,5396.56005859375,1185.5035400390625,318.0997314453125,1093.0531005859375,437.4081726074219,1177.5352783203125,90.81838989257812,3151.76953125,463.48583984375,2795.776611328125,892.8272094726562,2742.848876953125,2857.4716796875,237.2614898681641,676.55615234375,410.7526550292969,343.16009521484375,166.22140502929688,4775.37890625,78.49188995361328,642.93017578125,1067.3634033203125,2463.844970703125,13590.6044921875,363.8097839355469,1597.519775390625,239.16062927246097,158.86788940429688,1799.1949462890625,2250.36279296875,2793.900146484375,3175.145751953125,597.9627685546875,6133.6650390625,1777.25830078125,1094.451904296875,1244.817626953125,1576.56689453125
2025-11-18,3574.993408203125,3056.44091796875,5286.58935546875,1177.5068359375,318.2996520996094,1055.6650390625,441.0074462890625,1171.53759765625,89.0588150024414,3227.739990234375,458.43707275390625,2737.78125,889.327880859375,2713.861083984375,2816.979248046875,234.66302490234375,672.556396484375,399.7539367675781,342.2601623535156,167.07127380371094,4780.7255859375,76.9920425415039,640.1314086914062,1044.8663330078125,2443.84619140625,13564.607421875,355.61065673828125,1562.0303955078125,230.5620574951172,156.46913146972656,1786.6971435546875,2225.369873046875,2721.902587890625,3167.147705078125,584.1682739257812,6058.7119140625,1731.2646484375,1073.452880859375,1238.318603515625,1557.572021484375
2025-11-19,3558.998046875,3015.448486328125,5305.58447265625,1159.514404296875,318.6994934082031,1047.2677001953125,439.40777587890625,1155.5439453125,87.59915924072266,3237.736083984375,455.48779296875,2721.782470703125,866.832275390625,2683.87353515625,2793.4833984375,233.8634796142578,660.7572021484375,399.553955078125,337.8606872558594,165.47154235839844,4788.21044921875,80.39169311523438,631.73486328125,1035.3675537109375,2419.84765625,13594.6044921875,352.8609619140625,1559.5311279296875,236.56106567382812,165.7643280029297,1772.199462890625,2192.379150390625,2756.9013671875,3159.14990234375,581.1694946289062,6014.9892578125,1701.7685546875,1066.453125,1237.3187255859375,1576.56689453125
2025-11-20,3576.992919921875,3027.4462890625,5335.57666015625,1170.509765625,319.6991882324219,1044.068603515625,446.10638427734375,1139.211669921875,87.39920043945312,3258.727783203125,458.13714599609375,2719.782470703125,859.3336791992188,2716.85986328125,2812.97998046875,235.6624298095703,657.557373046875,397.70416259765625,333.3612060546875,164.42172241210938,4792.4873046875,77.27201843261719,637.1326293945312,1049.36572265625,2431.846923828125,13648.5986328125,349.0113830566406,1574.526611328125,234.5614013671875,164.94956970214844,1760.2015380859375,2185.38134765625,2735.902099609375,3159.14990234375,576.7711791992188,6062.8759765625,1703.768310546875,1078.95263671875,1230.8197021484375,1563.5704345703125
2025-11-21,3664.96826171875,3104.43212890625,5306.583984375,1188.502197265625,322.4983215332031,1041.0697021484375,452.405029296875,1138.2119140625,87.09928131103516,3222.74169921875,453.23834228515625,2711.783203125,861.833251953125,2770.837158203125,2784.4853515625,237.16156005859375,659.3572998046875,392.1548156738281,333.0612487792969,163.52188110351562,4902.62255859375,72.87246704101562,636.9326782226562,1046.8660888671875,2397.84912109375,13818.5810546875,334.96295166015625,1559.5311279296875,236.7610321044922,168.09860229492188,1787.6968994140625,2175.384033203125,2709.903076171875,3151.152099609375,578.9703369140625,6150.3212890625,1767.7596435546875,1037.954345703125,1250.8167724609375,1594.5618896484375
2025-11-24,3688.96142578125,3070.4384765625,5353.57177734375,1201.99658203125,324.8975524902344,1047.6676025390625,448.2059020996094,1115.717529296875,87.35921478271484,3156.767578125,453.7382507324219,2729.78173828125,859.8336181640625,2798.825439453125,2771.487548828125,238.7606201171875,652.9577026367188,400.5538635253906,324.4622497558594,162.67201232910156,4835.25830078125,73.55239868164062,638.1322021484375,1046.8660888671875,2417.847900390625,13932.5703125,343.41204833984375,1606.0172119140625,235.9611663818359,164.04986572265625,1793.6959228515625,2127.397705078125,2734.902099609375,3143.154296875,582.768798828125,6087.8603515625,1728.764892578125,1028.954833984375,1255.8160400390625,1608.55810546875
2025-11-25,3800.929931640625,3058.440673828125,5398.5595703125,1209.4935302734375,321.89849853515625,1050.2666015625,445.006591796875,1123.2156982421875,90.65843200683594,3216.744140625,449.3893127441406,2749.7802734375,780.848876953125,2806.822021484375,2765.48876953125,240.85940551757812,645.3582153320312,409.9527587890625,329.3616943359375,164.27174377441406,4867.33642578125,73.83236694335938,642.5303344726562,1059.8643798828125,2419.84765625,14098.552734375,346.51165771484375,1600.518798828125,237.7608642578125,166.9989471435547,1794.69580078125,2150.391357421875,2777.900634765625,3129.157958984375,604.5601806640625,6110.76318359375,1733.2642822265625,1044.9541015625,1261.8150634765625,1599.560546875
2025-11-26,3782.93505859375,3027.4462890625,5459.54345703125,1224.9869384765625,327.0968933105469,1064.0623779296875,453.3048400878906,1134.212890625,93.7776870727539,3275.72119140625,452.5885314941406,2753.77978515625,797.8455810546875,2850.803466796875,2765.98876953125,245.3567657470703,642.3583984375,422.9012756347656,344.15997314453125,165.97145080566406,4834.189453125,76.73207092285156,650.127197265625,1080.8616943359375,2433.8466796875,14146.5478515625,350.01129150390625,1644.505615234375,235.3612518310547,169.19827270507812,1813.6925048828125,2191.37939453125,2846.898193359375,3185.14306640625,618.15478515625,6133.6650390625,1716.2666015625,1057.9534912109375,1262.81494140625,1559.571533203125
2025-11-27,3782.93505859375,3034.445068359375,5353.57177734375,1235.982421875,329.09625244140625,1064.662109375,455.1044921875,1143.71044921875,96.57701873779295,3199.142333984375,446.8899230957031,2747.7802734375,802.8446655273438,2826.3134765625,2752.490966796875,246.3561859130859,642.7583618164062,429.9004821777344,349.97149658203125,170.67063903808594,4833.1201171875,77.15203094482422,652.72607421875,1090.8604736328125,2437.846435546875,14010.5615234375,356.66058349609375,1665.499267578125,235.16128540039065,170.8977508544922,1801.694580078125,2201.376953125,2825.89892578125,3181.14404296875,632.1492309570312,6114.92724609375,1741.76318359375,1058.4534912109375,1258.8155517578125,1569.56884765625
2025-11-28,3786.933837890625,3030.44580078125,5420.5537109375,1236.482177734375,322.09844970703125,1069.8603515625,450.2054748535156,1146.2098388671875,96.11712646484376,3207.140380859375,454.088134765625,2771.7783203125,797.345703125,2817.315673828125,2782.985595703125,246.7559509277344,638.9586181640625,430.200439453125,347.67169189453125,171.4705047607422,4858.78271484375,77.25202178955078,651.5265502929688,1093.360107421875,2443.84619140625,13972.5654296875,360.7601013183594,1672.9970703125,235.5612335205078,168.84837341308594,1790.6964111328125,2197.3779296875,2850.89794921875,3171.146728515625,631.9493408203125,6092.02490234375,1735.2640380859375,1067.953125,1254.316162109375,1553.5732421875
2025-12-01,3808.927734375,2997.45166015625,5463.54248046875,1232.983642578125,323.4980163574219,1079.2574462890625,452.9049377441406,1143.71044921875,95.47727966308594,3234.13330078125,457.4373168945313,2775.778076171875,787.34765625,2816.31591796875,2799.982421875,244.2574157714844,634.3589477539062,429.5505065917969,347.4716796875,168.77098083496094,4874.8212890625,77.71197509765625,639.7315063476562,1090.3604736328125,2433.8466796875,13834.580078125,364.6596984863281,1680.494873046875,235.5612335205078,165.19949340820312,1799.69482421875,2205.37548828125,2891.896484375,3165.1484375,631.5494384765625,6239.8486328125,1747.262451171875,1036.9544677734375,1243.8177490234375,1574.5673828125
2025-12-02,3762.940673828125,2996.451904296875,5415.55517578125,1230.484619140625,325.8972473144531,1087.454833984375,456.7041320800781,1150.2088623046875,97.33683776855467,3259.12646484375,457.8372192382813,2791.77685546875,783.348388671875,2808.31787109375,2787.984619140625,247.85531616210935,620.759765625,436.3497009277344,340.0722961425781,169.52084350585938,4793.55712890625,77.81195831298828,644.32958984375,1097.8594970703125,2429.84716796875,13798.583984375,360.3101501464844,1699.989013671875,231.9618225097656,161.70057678222656,1818.691650390625,2226.36962890625,2855.89794921875,3147.1533203125,639.9461669921875,6225.2744140625,1724.2655029296875,1045.9541015625,1233.8192138671875,1577.566650390625
2025-12-03,3698.958740234375,3012.448974609375,5502.53173828125,1224.4871826171875,312.301513671875,1069.8603515625,450.8053588867187,1143.2105712890625,95.93717193603516,3270.12353515625,463.8857421875,2851.77197265625,768.8511962890625,2809.317626953125,2798.482666015625,249.85414123535156,622.1597290039062,433.3000793457031,332.472900390625,169.97076416015625,4761.478515625,78.41189575195312,638.1322021484375,1100.3592529296875,2453.845458984375,13692.5947265625,383.0576477050781,1660.0009765625,227.76251220703125,163.0501708984375,1832.6893310546875,2226.36962890625,2926.895263671875,3123.15966796875,621.7533569335938,6166.97802734375,1749.7620849609375,1062.9532470703125,1233.3193359375,1579.5660400390625
2025-12-04,3682.963134765625,3034.445068359375,5492.53466796875,1221.98828125,310.9019775390625,1074.0592041015625,451.9051513671875,1142.2108154296875,96.93693542480467,3299.11572265625,464.8854675292969,2881.76953125,779.8490600585938,2815.316162109375,2798.982421875,250.35385131835935,608.360595703125,439.1494140625,338.2724304199219,170.67063903808594,4734.74658203125,80.49168395996094,640.7310791015625,1095.35986328125,2457.84521484375,13512.61328125,382.857666015625,1661.50048828125,227.16261291503903,166.14920043945312,1825.6904296875,2188.5908203125,2949.89453125,3121.16015625,625.5518188476562,6148.23974609375,1681.7713623046875,1090.9520263671875,1231.319580078125,1589.563232421875
2025-12-05,3684.962646484375,3034.445068359375,5498.533203125,1207.4942626953125,311.90167236328125,1061.6630859375,452.9049377441406,1134.212890625,95.73722076416016,3249.129150390625,452.7384643554687,2879.769775390625,781.8486938476562,2768.32763671875,2759.489990234375,248.45497131347656,607.9606323242188,434.3499450683594,334.6727294921875,168.9209442138672,4764.68603515625,82.71145629882812,644.32958984375,1077.862060546875,2371.8505859375,13590.6044921875,379.8080139160156,1634.0087890625,229.1622772216797,166.69903564453125,1804.6939697265625,2162.595458984375,2979.893310546875,3115.161865234375,617.3550415039062,6212.78271484375,1670.2728271484375,1084.452392578125,1264.814697265625,1593.562255859375
2025-12-08,3652.9716796875,2971.45654296875,5474.53955078125,1198.498046875,308.30279541015625,1064.26220703125,449.7055969238281,1135.212646484375,95.67723083496094,3261.1259765625,450.2890625,2869.7705078125,779.3491821289062,2751.331787109375,2749.491943359375,249.3544464111328,596.3613891601562,436.94964599609375,325.7734375,168.12107849121094,4679.20166015625,79.5917739868164,644.5294799804688,1097.359619140625,2357.8515625,13576.6064453125,378.8580932617187,1655.5023193359375,226.36273193359375,160.75086975097656,1820.19140625,2146.5986328125,2929.895263671875,3071.173583984375,620.7537231445312,6144.0751953125,1644.2763671875,1106.951416015625,1264.814697265625,1561.571044921875
2025-12-09,3640.974853515625,2975.455810546875,5526.525390625,1194.9996337890625,311.90167236328125,1067.6611328125,439.90765380859375,1128.7142333984375,94.2975616455078,3311.112548828125,446.0901184082031,2855.771728515625,779.3491821289062,2747.332763671875,2733.99462890625,246.15631103515625,596.161376953125,439.9493103027344,320.9738464355469,167.02127075195312,4845.673828125,79.17182159423828,648.7277221679688,1094.8599853515625,2351.85205078125,13590.6044921875,380.4579162597656,1668.4984130859375,225.36289978027344,158.951416015625,1782.69775390625,2139.599853515625,2915.895751953125,3069.174072265625,618.7545166015625,6160.73193359375,1602.2821044921875,1110.951171875,1251.316650390625,1549.57421875
2025-12-10,3648.97265625,3004.450439453125,5605.50439453125,1174.5081787109375,316.90008544921875,1101.850341796875,447.0061645507813,1116.71728515625,94.81743621826172,3282.1201171875,443.1408386230469,2895.7685546875,782.8485107421875,2710.341796875,2708.49951171875,241.9587554931641,599.1611938476562,442.1990356445313,321.173828125,167.47119140625,4819.17822265625,78.9118423461914,648.327880859375,1084.361328125,2343.8525390625,13512.61328125,380.3579406738281,1702.988037109375,225.9628143310547,156.2522430419922,1803.1943359375,2091.60888671875,2879.89697265625,3067.1748046875,619.1544189453125,6198.20849609375,1601.7822265625,1105.951416015625,1248.8170166015625,1529.579833984375
2025-12-11,3674.96533203125,3003.45068359375,5683.4833984375,1174.00830078125,323.4980163574219,1112.2469482421875,445.9064025878906,1115.717529296875,94.99739074707033,3264.125244140625,441.9411315917969,2935.765380859375,802.3447265625,2693.345703125,2706.49951171875,246.85589599609375,594.761474609375,446.8485107421875,319.6739501953125,165.27157592773438,4852.67236328125,81.71156311035156,653.5256958007812,1086.8609619140625,2349.85205078125,13594.6044921875,382.9576416015625,1716.4840087890625,229.1622772216797,155.2025604248047,1820.69140625,2087.609619140625,2896.896484375,3065.17529296875,620.1539916992188,6275.2431640625,1645.2762451171875,1099.95166015625,1214.322021484375,1527.580322265625
2025-12-12,3694.959716796875,3015.448486328125,5587.50927734375,1176.007568359375,321.69854736328125,1111.4473876953125,440.7074890136719,1118.2169189453125,93.6977081298828,3178.148193359375,439.1418151855469,2855.771728515625,813.3425903320312,2698.344482421875,2686.00341796875,245.75653076171875,601.9609985351562,444.2987976074219,318.3740539550781,166.07144165039062,4834.67578125,80.85164642333984,649.1276245117188,1072.36279296875,2329.853271484375,13442.6201171875,375.45849609375,1726.48095703125,229.76219177246097,156.8020782470703,1824.190673828125,2107.60595703125,2816.899169921875,3099.166015625,611.75732421875,6246.0947265625,1663.7738037109375,1096.4517822265625,1215.3218994140625,1515.5836181640625
2025-12-15,3738.947265625,3076.437255859375,5630.49755859375,1174.00830078125,322.4983215332031,1124.4432373046875,438.9078674316406,1125.715087890625,95.11737060546876,3214.138427734375,437.34228515625,2855.771728515625,827.8397827148438,2700.34423828125,2698.001220703125,249.1545562744141,620.9597778320312,454.1976623535156,324.7735290527344,167.77114868164062,4844.173828125,81.03163146972656,666.1204833984375,1106.3585205078125,2345.852294921875,13610.6025390625,380.75787353515625,1759.970947265625,229.9621429443359,163.6499786376953,1833.189208984375,2135.6005859375,2851.89794921875,3139.1552734375,629.9501342773438,6221.11083984375,1662.27392578125,1113.9510498046875,1205.3233642578125,1502.587158203125
2025-12-16,3734.948486328125,3039.444091796875,5661.48974609375,1172.5089111328125,321.4986267089844,1111.4473876953125,440.4075622558594,1121.2161865234375,94.99739074707033,3190.14501953125,422.39593505859375,2857.771484375,827.8397827148438,2701.343994140625,2626.0146484375,252.5525665283203,609.3605346679688,450.3981018066406,329.07318115234375,165.12159729003906,4792.6826171875,83.1714096069336,665.1209106445312,1104.858642578125,2325.853515625,13504.61328125,373.25872802734375,1753.472900390625,234.76136779785156,169.5481719970703,1819.191650390625,2125.6025390625,2837.8984375,3141.15478515625,633.3486938476562,6200.2900390625,1682.271240234375,1097.9517822265625,1205.8233642578125,1506.5860595703125
2025-12-17,3778.93603515625,3042.443603515625,5751.46533203125,1202.496337890625,323.69793701171875,1141.4378662109375,438.8078918457031,1144.2103271484375,95.91718292236328,3180.147705078125,425.4451904296875,2813.775146484375,828.839599609375,2768.32763671875,2657.009033203125,253.1522216796875,613.1602783203125,458.0971984863281,327.7732849121094,166.12142944335938,4880.66748046875,84.63125610351562,667.7197875976562,1119.856689453125,2331.853271484375,13552.6083984375,378.9081115722656,1762.47021484375,242.16014099121097,171.49757385253906,1833.189208984375,2155.596923828125,2889.896728515625,3125.1591796875,637.5470581054688,6246.0947265625,1679.2716064453125,1101.9515380859375,1222.82080078125,1513.584228515625
2025-12-18,3828.922119140625,3055.441162109375,5789.45556640625,1184.6800537109375,324.2977600097656,1150.0350341796875,440.4075622558594,1141.7109375,96.31707763671876,3196.143310546875,420.3464660644531,2849.772216796875,834.3385620117188,2764.32861328125,2661.508056640625,254.85122680664065,609.96044921875,463.2466125488281,332.07293701171875,167.37120056152344,4889.166015625,86.6710433959961,673.71728515625,1132.3551025390625,2393.849365234375,13546.609375,386.7572326660156,1772.967041015625,242.76004028320312,167.64874267578125,1812.1927490234375,2150.597900390625,2906.89599609375,3145.15380859375,640.5458984375,6271.07958984375,1676.77197265625,1143.94970703125,1230.3197021484375,1509.585205078125
2025-12-19,3862.912353515625,3047.442626953125,5836.44287109375,1187.67919921875,322.09844970703125,1166.6297607421875,442.0072326660156,1141.2110595703125,97.39682006835938,3175.14892578125,424.7453918457031,2865.77099609375,834.3385620117188,2756.33056640625,2702.50048828125,255.05111694335935,600.9610595703125,468.89599609375,326.5733947753906,169.37086486816406,4889.166015625,84.43128204345703,677.3157348632812,1144.853515625,2411.84814453125,13670.5966796875,389.5069274902344,1787.9625244140625,242.16014099121097,162.8002471923828,1821.691162109375,2167.5947265625,2921.8955078125,3185.14306640625,644.5443115234375,6329.3759765625,1678.2718505859375,1169.9486083984375,1233.3193359375,1511.584716796875
2025-12-22,3836.919677734375,3045.44287109375,5929.41796875,1176.6822509765625,322.09844970703125,1166.82958984375,438.9078674316406,1127.7144775390625,97.0569076538086,3144.1572265625,427.544677734375,2857.771484375,838.837646484375,2742.333984375,2704.5,256.2503967285156,595.9613647460938,467.8960876464844,322.57373046875,168.42103576660156,4839.6748046875,83.5313720703125,680.1146240234375,1148.3531494140625,2397.84912109375,13630.6005859375,389.9068908691406,1793.960693359375,241.7602081298828,160.50094604492188,1809.6932373046875,2146.5986328125,2904.89599609375,3189.141845703125,645.7438354492188,6254.42333984375,1616.7801513671875,1154.94921875,1228.8199462890625,1522.5816650390625
2025-12-23,3834.92041015625,3028.446044921875,5995.400390625,1178.1817626953125,322.898193359375,1174.8271484375,438.2080078125,1137.7120361328125,97.49679565429688,3134.159912109375,427.3947143554687,2839.77294921875,836.8380737304688,2742.333984375,2701.50048828125,258.9488525390625,590.5617065429688,471.5456848144531,321.9737548828125,169.02093505859375,4856.67138671875,82.89144134521484,682.9133911132812,1151.8526611328125,2379.85009765625,13734.58984375,393.8564453125,1805.9571533203125,238.5607452392578,162.20042419433594,1814.1923828125,2158.59619140625,2992.89306640625,3179.14453125,648.3427734375,6231.5205078125,1587.7840576171875,1159.9490966796875,1219.8212890625,1525.580810546875
2025-12-24,3820.92431640625,3024.44677734375,5980.404296875,1178.1817626953125,323.09814453125,1175.0272216796875,437.9080810546875,1137.212158203125,96.9769287109375,3125.162353515625,425.7451477050781,2851.77197265625,838.3377685546875,2742.333984375,2697.50146484375,257.64959716796875,586.5619506835938,469.6958923339844,320.9738464355469,168.37103271484375,4837.1748046875,83.07141876220703,682.9133911132812,1149.8529052734375,2379.85009765625,13672.5966796875,394.2563781738281,1804.9573974609375,237.96083068847656,160.8008575439453,1805.1939697265625,2154.59716796875,3011.892333984375,3153.151611328125,646.5435180664062,6223.1923828125,1589.283935546875,1149.449462890625,1220.3211669921875,1532.5789794921875
2025-12-29,3820.92431640625,3048.4423828125,5948.4130859375,1187.67919921875,324.8975524902344,1165.630126953125,440.20758056640625,1140.711181640625,97.2368621826172,3107.167236328125,426.9447937011719,2837.773193359375,837.3379516601562,2773.326416015625,2705.5,258.8489074707031,584.7620849609375,469.1959228515625,321.57379150390625,168.87095642089844,4859.17138671875,83.7313461303711,679.7147216796875,1144.853515625,2365.85107421875,13746.5888671875,396.4561462402344,1804.45751953125,242.9600067138672,166.94895935058594,1822.69091796875,2170.593994140625,2984.893310546875,3175.145751953125,645.7438354492188,6244.0126953125,1589.283935546875,1136.9500732421875,1227.820068359375,1535.578125
2025-12-30,3852.915283203125,3046.44287109375,6024.392578125,1202.6751708984375,326.4970703125,1175.2269287109375,443.50689697265625,1147.2095947265625,98.3166046142578,3129.161376953125,430.8438720703125,2843.772705078125,843.8367309570312,2806.318359375,2730.9951171875,261.8471374511719,587.1619873046875,476.74505615234375,327.47332763671875,169.72080993652344,4855.171875,85.27118682861328,685.7122192382812,1152.3525390625,2373.8505859375,13748.5888671875,406.4550476074219,1825.4512939453125,242.16014099121097,169.6981201171875,1830.1898193359375,2194.589599609375,3055.890625,3193.140869140625,652.9409790039062,6258.5869140625,1602.2821044921875,1152.9493408203125,1233.8192138671875,1549.57421875
2025-12-31,3840.918701171875,3019.44775390625,5992.4013671875,1193.6776123046875,324.8975524902344,1173.4276123046875,441.707275390625,1141.2110595703125,98.21662902832033,3118.1640625,432.6933898925781,2845.7724609375,831.8390502929688,2788.32275390625,2739.493408203125,261.7471923828125,586.362060546875,475.8951721191406,329.9731140136719,169.52084350585938,4858.67138671875,84.4512710571289,684.1129150390625,1144.3536376953125,2351.85205078125,13788.5849609375,406.5050354003906,1821.452392578125,243.15997314453125,168.7484130859375,1824.190673828125,2178.592529296875,3084.8896484375,3175.145751953125,651.54150390625,6248.17724609375,1603.281982421875,1149.949462890625,1238.318603515625,1549.57421875
