Date,Cluster 1,Cluster 2,Cluster 3,Cluster 4,Cluster 5
2021-01-04,1.0,1.0,1.0,1.0,1.0
2021-01-05,1.0002789926955413,1.0440891972970838,1.0094882079537326,0.9997946940032435,1.0099612832229372
2021-01-06,1.0220813004654135,1.0760659509406585,1.0469022598309317,1.024579988987151,1.0554662739297846
2021-01-07,1.0218314167654021,1.0765504102376482,1.0414547106240444,1.0235077080402268,1.058701073494903
2021-01-08,1.0232855467247357,1.0397286939208048,1.03457728746529,1.024725746550626,1.0566596729050175
2021-01-11,1.0122785649517776,1.0247093466040085,1.0142521843902172,1.0106291285363738,1.042648139725525
2021-01-12,1.0015511159610289,1.0440891972970838,1.011390082681106,0.9988907640735988,1.0455564200491267
2021-01-13,1.0048350955917156,1.0232558208316906,1.0065256853985296,0.997798757726695,1.0392835358874577
2021-01-14,1.0062551043973567,1.0334302794158925,1.0273713702851235,1.0050796721769688,1.05172661845349
2021-01-15,0.9980388238988729,1.0261627984356518,0.9759844363244007,0.9928674110628934,1.043375137475237
2021-01-18,0.9962364021787335,1.0101744585842016,0.9609587942396025,0.9947233687114432,1.040970712753056
2021-01-19,0.99289537369717,1.014050428722817,0.9538252425871617,0.9862217198673248,1.0346163670868485
2021-01-20,0.9999905148725735,1.0406977603961325,0.9752562780000937,0.9970787803305281,1.0456189660781294
2021-01-21,0.9987892492653662,1.000968992534654,0.9671738475234644,0.9965507289025699,1.0450953175081192
2021-01-22,0.9904580520748003,0.9975774816930284,0.9588418055016369,0.9942484099823834,1.0375803121987077
2021-01-25,0.9845723017152936,0.949612462138678,0.9466879724871274,0.9858625363906454,1.015024979620797
2021-01-26,0.9835658010836587,0.9333333136158204,0.9592905057108064,0.9868529527450164,1.0253343782625324
2021-01-27,0.9705092244457694,0.9220930741545106,0.9498776999917732,0.9707709621021536,1.0186859483919097
2021-01-28,0.9701965415575119,0.9393410673306736,0.9700901480416049,0.9718475308043584,1.0136700948607207
2021-01-29,0.9540136539038276,0.8885658585148156,0.9639302418063341,0.9556941679458058,0.9982500370312093
2021-02-01,0.9681656279639178,0.9118216793465064,0.9768078283289293,0.9746420594405101,1.0039075513554183
2021-02-02,0.9826483299015528,0.9182170300752212,0.9863139880138071,0.9826174958773117,1.0138610743803596
2021-02-03,0.979106943574503,0.8903100450771927,0.9783551651001593,0.9820608058037915,1.01672456823229
2021-02-04,0.9763490840659328,0.9098836942771988,0.9846011429841226,0.9862036698687754,1.024024631036511
2021-02-05,0.9758373091658141,0.9098836942771988,0.9875591228580218,0.9876627276660833,1.0334061192383628
2021-02-08,0.9778087863291799,0.9011628354059892,0.9852269853801461,0.9886750876618349,1.0400927561179643
2021-02-09,0.9762870517127963,0.8874032153545796,0.9913349119030824,0.9902199336240729,1.0380694805328579
2021-02-10,0.9722954002208075,0.8992248503366814,0.9914812009029526,0.9876541020482635,1.0356877220704452
2021-02-11,0.9789969935857319,0.8972867913266996,0.9895119828399135,0.9923665463387461,1.0328733467324733
2021-02-12,0.9848037650197542,0.8998062458574737,0.9872690943214526,0.9978921916159564,1.0411032116864427
2021-02-15,0.9967844112931642,0.9310078054733254,1.000854312192945,1.0210621207104529,1.0757495701636495
2021-02-16,0.9921998277648789,0.9684109173109612,0.9928882114883599,1.0183073792811348,1.0825123385015798
2021-02-17,0.9826945324725905,0.991279067188116,0.9790831816661166,1.008725603117102,1.0725371762584814
2021-02-18,0.9719340634370056,0.9044573360831376,0.9681419089239263,0.9995774744174855,1.0546753873502046
2021-02-19,0.973917761833818,0.9560078128673928,0.9612534158653225,1.0036420411179827,1.0650565582155385
2021-02-22,0.9663715528568143,1.0218022950593728,0.9681555797321731,0.9953203429305044,1.0755106570710427
2021-02-23,0.9664104980634695,1.0334302794158925,0.9882042058601559,0.9956374076267956,1.0804487647885868
2021-02-24,0.9696863560017983,1.0843023505148786,1.001174088502997,1.000139908742991,1.0908665248230986
2021-02-25,0.9629427368145504,1.0857558762871962,0.9951134212183286,0.9951600690562387,1.0875206128720958
2021-02-26,0.9397547611257908,1.0436045901187458,0.9717901712526054,0.9678005805122207,1.0671731273472396
2021-03-01,0.9553335562953481,1.0794573878416094,0.9867955794184622,0.9878642946237625,1.0840322156490243
2021-03-02,0.956093834640847,1.0673450181287745,0.9847932531403817,0.9905371550774317,1.0866843482755455
2021-03-03,0.9579838284933291,1.1090116231782128,0.9886726905623971,1.0005630163980788,1.1078481992829867
2021-03-04,0.9543596980578234,1.108042630643559,0.9858506337119527,0.9886311004910926,1.101780111037182
2021-03-05,0.9464482680206359,1.051841137574314,0.981214794746071,0.9752853628551928,1.1006902381106587
2021-03-08,0.9527836078830502,1.1288759331682785,0.9911284094652604,0.9884422696274976,1.1253552223493295
2021-03-09,0.9641487029345247,1.1031976679702902,0.9914092186875377,0.9973412903920283,1.1259129781770394
2021-03-10,0.9658664936848917,1.094961194455396,0.982788179894053,0.9984216653756994,1.1224078781664302
2021-03-11,0.969122785187192,1.1027132086733002,0.9904270148010518,1.0036569315919934,1.1218504270175227
2021-03-12,0.9679655274857941,1.112887593316828,1.0013928540978934,1.0050581553310396,1.1275110512746196
2021-03-15,0.9681053184970895,1.143410895128759,1.0174597800014673,1.0039419167777843,1.1245932238989378
2021-03-16,0.9823223819749575,1.19040699608913,1.0371287587682045,1.0203335530049398,1.129392810041722
2021-03-17,0.9713100623350923,1.232558134376232,1.0300110456236997,1.009841442261802,1.1263218740725107
2021-03-18,0.9740497124818324,1.206879943118918,1.0160948793953104,1.0138754844762767,1.1301101799243631
2021-03-19,0.9656276323876488,1.133720969782221,0.997945381532783,1.006277666809396,1.1186088016321705
2021-03-22,0.9688938416385523,1.0843023505148786,0.9855260856643838,1.0094310470859291,1.1120560488025173
2021-03-23,0.9670430841857772,1.0203489171684037,0.980668964536414,1.0069765236201975,1.1013685429635094
2021-03-24,0.9666379195541659,1.0465116416633813,0.9820920074615198,1.0095109176640182,1.1115868557959219
2021-03-25,0.9645364579012397,1.0276162502672956,0.9799234793611038,1.0066467381458266,1.1032563766805623
2021-03-26,0.9726323548205393,1.0290697760396132,0.9867246184171243,1.0137675892757407,1.117007606738779
2021-03-29,0.9721999682418627,1.0276162502672956,0.9824164483352671,1.0063688204273291,1.1119847232596647
2021-03-30,0.9774236361375078,1.051841137574314,0.9875138449663403,1.014909212874382,1.1274466715687057
2021-03-31,0.975962554595551,1.0203489171684037,0.9874340378076191,1.0077467598060261,1.118178178204399
2021-04-01,0.9852842722140785,1.0554263729821962,1.0100083226250351,1.0212675186290778,1.1232336758950363
2021-04-06,0.9953533635113883,1.0829457609663633,1.0163101652468918,1.0328330656973208,1.1375458900303217
2021-04-07,1.0046693889743181,1.0841084780672736,1.029015832378569,1.041871269344731,1.1481982168095501
2021-04-08,1.0132251708734668,1.076744208744579,1.0350985211792998,1.0525099896118175,1.1520436943164862
2021-04-09,1.0143203206353542,1.0841084780672736,1.0250699593622374,1.0548256881429023,1.1471677058297232
2021-04-12,1.011066888210803,1.0486434252396195,1.0369627627062217,1.0474522382333467,1.147531661299956
2021-04-13,1.014530465509667,1.0436045901187458,1.0864895172372881,1.0537104048519366,1.1440792444679408
2021-04-14,1.0169642806529384,1.0439922610732817,1.0851461511233795,1.0539800043469543,1.1495038703045737
2021-04-15,1.0279916191735547,1.0368217163168436,1.0853601247556717,1.0611408998700969,1.1453190538436369
2021-04-16,1.0339835683265954,1.0131782984712916,1.0833814349457647,1.0668067458434571,1.153581875536476
2021-04-19,1.029992287715383,1.0191860521861449,1.0867927675492015,1.0646606162128476,1.1534859990268602
2021-04-20,1.012170831419494,0.962015492641572,1.0651221952242285,1.0491878736626155,1.1184854280322014
2021-04-21,1.011339256976315,0.9677326595070403,1.0657569307991457,1.0523005757898873,1.1258390608055844
2021-04-22,1.0203834618617853,0.9963178283683156,1.0609452274709958,1.0619177257222696,1.1344905140952932
2021-04-23,1.0185078414361903,0.9860465075009855,1.0565748425684727,1.062130068529381,1.1353117435848152
2021-04-26,1.0236956694697406,1.0447673811603302,1.0583483003193617,1.0663201761314927,1.155432791222435
2021-04-27,1.016272064108349,0.9974806194099002,1.0567986801977476,1.0636787823901752,1.1531515705417008
2021-04-28,1.0137582976431458,0.9957364328475236,1.0596622561532043,1.061403623807242,1.161463972972565
2021-04-29,1.0158114340675193,0.9885658880910856,1.060419729311339,1.05875594888388,1.159429814901616
2021-04-30,1.0205879934872242,1.0137597679327577,1.0529263935591202,1.0565431779715235,1.1587701673392288
2021-05-04,1.009337400760843,0.9808139478138552,1.0413857489924974,1.0495950347384078,1.1476919747720968
2021-05-05,1.0193830107997826,0.9860465075009855,1.052583605622606,1.0622852666321323,1.1659972915395949
2021-05-06,1.0242292342308603,1.0019379850693078,1.0550116110818386,1.066450981156892,1.1711307760467762
2021-05-07,1.0330685817235254,1.0343022617860695,1.0746941739396694,1.0737537384674685,1.1857695588586834
2021-05-10,1.0262642555464625,1.0627906423048905,1.074232343170611,1.0713926041680955,1.1852136478816002
2021-05-11,0.9991745812318127,1.0110464409543791,1.0477460966907943,1.0417890956055291,1.1505698590173954
2021-05-12,1.0012659054012782,1.0160852760752528,1.0524174871124388,1.042062895191734,1.1605670988949324
2021-05-13,1.0037544840100576,1.0106589178811918,1.0462762338900329,1.035507269222415,1.154222830756012
2021-05-14,1.0162052098938759,1.0430231945979536,1.0602097579816285,1.05107650642368,1.1736507247435306
2021-05-17,1.0092063504886837,0.997868290364436,1.0504688746592483,1.0493405016173563,1.170752274077062
2021-05-18,1.0106550440387272,0.9974806194099002,1.0528894569261722,1.0502687324965592,1.1774166178362924
2021-05-19,1.002608812755208,1.0015504619961202,1.0619728660355188,1.0390750109467266,1.1612648534681222
2021-05-20,1.013565796498343,1.0005813955207925,1.0603380410765113,1.0536407913446657,1.1712881441729919
2021-05-21,1.014320018441285,1.0193798506930756,1.066516023102325,1.0488851427503092,1.1739653853960876
2021-05-24,1.0188464279463159,1.0244186118732752,1.084675799756981,1.0544396368630573,1.1809320299481245
2021-05-25,1.0196282773274152,1.0215115603286395,1.0800382806103197,1.051791028691927,1.1787860734746574
2021-05-26,1.0235086376387057,0.998449611944554,1.0949474662750334,1.0543387288079527,1.1838866984798984
2021-05-27,1.0229271657150374,1.0374031118376357,1.103063446215692,1.051690923960666,1.1889532575740442
2021-05-28,1.0249269941509476,1.0370155148237743,1.101449824949695,1.0568609195821694,1.182366588051995
2021-06-01,1.0351383071238853,1.055620171489127,1.1062405635731474,1.0659238176993344,1.1912166037425944
2021-06-02,1.0348119950641748,1.0881783206534934,1.103243410912635,1.0692217546604854,1.1967998547981682
2021-06-03,1.0278950885209595,1.0627906423048905,1.0987318221042,1.061603120100769,1.1887696491493114
2021-06-04,1.0285524926657958,1.0399224924277355,1.0962507467218137,1.0638075296458103,1.1869638531022857
2021-06-07,1.032456937401502,1.0670542833980412,1.1031728005629327,1.0671160309625745,1.1921348728302734
2021-06-08,1.0377186405220473,1.0794573878416094,1.0961677026179066,1.0710310751126628,1.1926102878069047
2021-06-09,1.0346152668159616,1.0906977012435932,1.0844395026483447,1.061989078073214,1.1909095065643498
2021-06-10,1.034692583445572,1.075969014716856,1.0840034174025255,1.0594169374794966,1.185409421367637
2021-06-11,1.0411481221026668,1.084689873588066,1.0928190593756686,1.0683178388703312,1.1927610772911525
2021-06-14,1.041888620250869,1.040310089441597,1.0989609096275241,1.0608169996145447,1.190986080944666
2021-06-15,1.0435173239698816,1.0465116416633813,1.093683253913366,1.0610093957816489,1.1935340899325835
2021-06-16,1.048307511304415,1.0658915662971309,1.101118490878072,1.0633268145345045,1.1946231695753575
2021-06-17,1.046735049687565,1.084496149021809,1.0926801706238456,1.0589177415858997,1.1943343552593424
2021-06-18,1.0311785006420202,1.041860403556369,1.0771683308716782,1.0380873277132938,1.1709773447321232
2021-06-21,1.0401738843618131,1.058721021540693,1.088267690093268,1.0470777369267037,1.1809564247544186
2021-06-22,1.045645973488114,1.0484495527920146,1.0877015885815118,1.0539009882480033,1.1874389488818575
2021-06-23,1.0401256234771499,1.0604652081030697,1.0835118562703785,1.050614816588569,1.1835107484060565
2021-06-24,1.04004124904679,1.0443798580871428,1.0803786233664703,1.0534355815464418,1.182681436194674
2021-06-25,1.0426595995170822,1.0319768275842487,1.0825282983681404,1.0578049902688078,1.1854236145457615
2021-06-28,1.0390997712653682,0.973837201564348,1.0781722061457355,1.046700391907305,1.1679155740117053
2021-06-29,1.0404823082192047,0.9552326188396696,1.0806365890821437,1.0474835555327515,1.1659689140880662
2021-06-30,1.0317731148005487,0.9585271195168186,1.0725982988305813,1.0388798728032187,1.1610638832574522
2021-07-01,1.0431073461361864,0.9773255746891016,1.0879813185995297,1.0518973941441838,1.1818684150200915
2021-07-02,1.0460765646975072,0.9939922462851464,1.1000098008329484,1.0555707586469285,1.1787484078792454
2021-07-05,1.051583259096856,1.0172481410575112,1.114582776064278,1.064278279319691,1.1916508147656564
2021-07-06,1.0499951593205994,1.0044573656594076,1.1023192734712837,1.0577283526611214,1.1777425990726085
2021-07-07,1.0577383886571436,0.9775193731960324,1.1060914274538312,1.067076708236818,1.1825276255323218
2021-07-08,1.0407888261270284,0.9759689851405864,1.1020983061465202,1.045189618864366,1.1623299984247542
2021-07-09,1.0527283951176507,0.9786820902969428,1.1168110454027356,1.0627424967488144,1.1804726210072483
2021-07-12,1.05405675150934,0.9277131569148284,1.117357966453175,1.0652047345172027,1.179890628788672
2021-07-13,1.0601611546878702,0.90707365289704,1.1091015060831242,1.0676939531997423,1.1749465707047384
2021-07-14,1.0528604292857853,0.8988372533228199,1.1074783899794993,1.062411106152476,1.170736717030676
2021-07-15,1.0417267042695597,0.8831395003207546,1.096079546510403,1.052693398102444,1.1549236763124013
2021-07-16,1.0449194198136544,0.9017441569861072,1.098773693636438,1.052587468667742,1.1486913814381974
2021-07-19,1.0221455530505017,0.8430232093860883,1.063040680150526,1.0296630791676278,1.112124896439217
2021-07-20,1.026154294475351,0.8722867839326324,1.0767284208676868,1.036780342875857,1.1207961181733346
2021-07-21,1.045701039714135,0.939922462851466,1.1037908023271084,1.0580559759903245,1.147587484520924
2021-07-22,1.0516826553509762,0.9232557173147468,1.0964605418766056,1.0618090370986146,1.1471849129912903
2021-07-23,1.0631114625939484,0.9266473020970464,1.110722593181308,1.069325746164312,1.1582919486690841
2021-07-26,1.0615741153890637,0.9401161874177224,1.1106510039869266,1.0675043067719598,1.1670944060433748
2021-07-27,1.0549516151892524,0.9522286310712318,1.1137573780092391,1.0625478898655125,1.162406359736552
2021-07-28,1.0579656686313965,0.9854651119801934,1.1185042538343541,1.070805693436805,1.1666435610169752
2021-07-29,1.056974531883882,0.9901162761465316,1.1278070256705175,1.0779080972664836,1.1773971160401409
2021-07-30,1.0486282783182481,0.966182123570246,1.0866900371485755,1.0721706748773008,1.1707043421417709
2021-08-02,1.056302980174005,1.0027131790970305,1.0983414522998227,1.0834308571717277,1.1741349710187057
2021-08-03,1.0552538762655699,0.9994186044792076,1.1059761565606485,1.0821099891086592,1.1791736498396532
2021-08-04,1.059401061659412,1.012984499964361,1.1123122738770044,1.0933433966793098,1.1807496399816102
2021-08-05,1.0617751177809776,1.0724806415921024,1.129345601136124,1.0980381256272032,1.1867445108596562
2021-08-06,1.0600754645982085,1.0893411116950782,1.152244662227856,1.0923291911855908,1.19106634438446
2021-08-09,1.060963637174382,1.0569768349783162,1.1407624338801488,1.0903755024295174,1.1920276790025806
2021-08-10,1.0633785569656973,1.0660852908633875,1.1627562508895986,1.0948061180399415,1.1969300202794857
2021-08-11,1.0724464725292489,1.0813952989702431,1.1683003036566177,1.1051204217043502,1.205823374693484
2021-08-12,1.0709653684874108,1.061627851263306,1.1692206611847193,1.1002365424008316,1.204041145777461
2021-08-13,1.0750430005736507,1.0773256042653714,1.1786285230078284,1.1052590784695948,1.2027356900573722
2021-08-16,1.0693655563227318,1.0629844408118212,1.1799952923455996,1.0960068933078275,1.1927586481460617
2021-08-17,1.069936097373738,1.080038783362402,1.1843154817202999,1.093695474669797,1.1883905798194565
2021-08-18,1.069622975410457,1.094961194455396,1.181575928262146,1.0941533904096419,1.1881156078978632
2021-08-19,1.0585478541683195,1.077713201279233,1.1694445359008028,1.0787085142112647,1.1675903183705585
2021-08-20,1.0645708120048596,1.067441954352577,1.186617484844953,1.084759256725089,1.1781040104637166
2021-08-23,1.06909337093592,1.1021317392118335,1.185607737963746,1.0868870009966602,1.1832729767803467
2021-08-24,1.0682568539450161,1.1461240742257894,1.2149204601914936,1.0912095920485785,1.1900567247319276
2021-08-25,1.0696518706788287,1.1286822086020214,1.2160819621193744,1.0941986164222657,1.1988660506732647
2021-08-26,1.065384276889283,1.1246124399564756,1.2193812651239837,1.0896756857292165,1.1955412506698302
2021-08-27,1.0661851751524642,1.1312015152514472,1.2183734454567703,1.0942632511575645,1.1992103871935034
2021-08-31,1.0634976587435048,1.1129845295406302,1.230307342660526,1.0951614616928973,1.1928131432946816
2021-09-01,1.0740516312976252,1.1137597235683532,1.2266970266625548,1.1066570732997505,1.1966808687812132
2021-09-02,1.0705143440970624,1.1069767018851029,1.2173080266897316,1.1046980040415022,1.2018680401443163
2021-09-03,1.0666593938988733,1.0823642915048963,1.2125328078295419,1.1041159481179024,1.1969838608358807
2021-09-06,1.0726902766628266,1.0856589400633936,1.2061992271252888,1.1112094727890767,1.2037543932810086
2021-09-07,1.067156078705531,1.07441862666141,1.195125327902821,1.1051493757345063,1.1987045255070417
2021-09-08,1.062577074796729,1.0781007982930944,1.1788514322334138,1.091981817549373,1.1883066904807007
2021-09-09,1.054966807589552,1.0757751422692512,1.1857006692073422,1.08799521790176,1.1828978525270697
2021-09-10,1.056000157477916,1.0579456796316216,1.1797309503222968,1.0898667460324214,1.1819780091796677
2021-09-13,1.0560562335934471,1.0842247867477015,1.186857393803926,1.0914184647221112,1.1919061134247908
2021-09-14,1.05439393799331,1.0577519550653651,1.1801289068356455,1.0910927295466237,1.1845399018217113
2021-09-15,1.0454550172959474,1.0222868282970368,1.1685172415852343,1.082840893357366,1.1806597765924853
2021-09-16,1.0532977866940922,1.0567829625307112,1.1878443299173012,1.0890191366310997,1.187962499730625
2021-09-17,1.0437086818617252,1.0755814177029943,1.192102268730069,1.0782830724664754,1.189551620881622
2021-09-20,1.0368681652620397,1.1211240668317222,1.186996140339981,1.0585306840707285,1.172887703879582
2021-09-21,1.047148936569532,1.1587209032356145,1.1990419410671147,1.0744691631765801,1.18496709173917
2021-09-22,1.0587459621554318,1.1839147830772867,1.2232651736169895,1.0867102405695324,1.205703889306118
2021-09-23,1.0555196800638131,1.2300388277268064,1.2290973369214062,1.0842736965020938,1.2077248994675147
2021-09-24,1.0441160308550104,1.2839148865942305,1.2240842541175603,1.0692438832385889,1.207495684290471
2021-09-27,1.0356794684673838,1.4290695985819952,1.2276930108504982,1.0642731003838644,1.2179575178329842
2021-09-28,1.0201209706435848,1.3823642323523575,1.2151081419909877,1.0459006841911083,1.2063296521638218
2021-09-29,1.02686739280372,1.401162909346663,1.2299835205907752,1.050875714308448,1.2177024749572862
2021-09-30,1.0181327991461446,1.3579457683604306,1.2273160886441203,1.0466274925605328,1.213099177688227
2021-10-01,1.0124439806011862,1.3844962377506185,1.2308220719232912,1.039328979780871,1.2120341064849456
2021-10-04,1.0061527994119055,1.377325619053506,1.228536389324813,1.0302837853412647,1.207514293206185
2021-10-05,1.0117393996949013,1.3957364032712538,1.2282152333447378,1.037221567426222,1.2260136114139597
2021-10-06,0.9968852310860259,1.3614341414851845,1.2098754175347597,1.0222637114020532,1.2103248924323606
2021-10-07,1.007931695400788,1.3684107398533432,1.2327263621248548,1.0342401996654464,1.215769935248006
2021-10-08,1.006036525190891,1.3924417547127568,1.2343378632845432,1.0317288506105973,1.2239912128635417
2021-10-11,1.0052937342774482,1.4096898957702682,1.2398730602772041,1.0331299583959783,1.2333097596272204
2021-10-12,1.006260556882749,1.3943798876634126,1.2451276569109648,1.0317311031190548,1.2297781336930007
2021-10-13,1.0136962193015617,1.388759804903095,1.2289533066370244,1.0441059126101737,1.227183406068893
2021-10-14,1.0232766385666447,1.389922448063331,1.2439074781251502,1.0534012739379144,1.2454949130851372
2021-10-15,1.023050303307255,1.4007751644514534,1.229530668379556,1.0572999915102426,1.2526451378492172
2021-10-18,1.020209088389866,1.3821705077861008,1.218536679878726,1.0528848864945635,1.2388396871071108
2021-10-19,1.025598994666522,1.3511628945585283,1.2248536322626797,1.058378015533178,1.2369633615061946
2021-10-20,1.0262924823706958,1.3399224332751962,1.236929717088652,1.0564086711333454,1.2378788705565515
2021-10-21,1.0245291749702266,1.337209402059514,1.221567173072897,1.0542032995887707,1.2313927972792884
2021-10-22,1.0244370352004781,1.3091085446138804,1.2160757556149242,1.0596923963732974,1.2247259790098073
2021-10-25,1.024671620589316,1.2843021878453953,1.2150645821922237,1.0612604973582127,1.2345928152053873
2021-10-26,1.0366452384417555,1.3077518811246909,1.2133235409896677,1.0706248306523296,1.240897365226656
2021-10-27,1.0363596158654695,1.2976743587642916,1.2118573202363931,1.0688953483065091,1.235830337926364
2021-10-28,1.0379836802183824,1.279263574546544,1.2131459841792123,1.0679403926061397,1.2391460611062428
2021-10-29,1.0347189522980387,1.277519314043493,1.2061591521025434,1.0650764620263558,1.239642723804707
2021-11-01,1.0431613936253845,1.292829470031697,1.2193288217684475,1.0697339004849185,1.2521807603222077
2021-11-02,1.0447201197829392,1.287790560970149,1.221967001893391,1.0688574006084939,1.2409835714084587
2021-11-03,1.0404521023632038,1.28488380518821,1.2254294771147083,1.069878023893627,1.239593064748016
2021-11-04,1.0556352029625136,1.3089148200476235,1.2287494032002821,1.0841463287980992,1.242351325244665
2021-11-05,1.060639312645837,1.3850775593307365,1.245511105860552,1.0849127205720974,1.2670132025227134
2021-11-08,1.0570621492771353,1.3736433734811475,1.2428646446119398,1.084417660763237,1.2645633264445133
2021-11-09,1.0502058324941037,1.4230620666891642,1.2353968808325317,1.0803776319708134,1.2599432751803985
2021-11-10,1.063004346495133,1.426356567366313,1.2440214525186832,1.0902246840000362,1.2837775444480202
2021-11-11,1.0711872149077908,1.4089147017425452,1.2729628106467887,1.098952324706507,1.2910073904101735
2021-11-12,1.0758192021859823,1.388372207889233,1.2664537260223903,1.1036472953355776,1.284546670610633
2021-11-15,1.075117934465164,1.3953488062573922,1.2609766479430282,1.1002872091401494,1.2884458577562534
2021-11-16,1.0699547615480665,1.3945737601110175,1.2602045680159177,1.103267524842133,1.285042788500171
2021-11-17,1.0605910280705353,1.3608526720237175,1.2612192148526609,1.09438641777492,1.285498693430077
2021-11-18,1.062937052269848,1.3709303422654653,1.2782365150600772,1.0980310193103804,1.2807745292138362
2021-11-19,1.05897109891319,1.31782940348509,1.2721992471275425,1.0984851417218118,1.2674493727903933
2021-11-22,1.0591267228945187,1.3160854387447358,1.2717689727828727,1.0980504668941233,1.279876841359931
2021-11-23,1.05157551653366,1.316472887877249,1.2723637649243158,1.0880516231873851,1.2786540047726667
2021-11-24,1.05479307768102,1.3083333505861574,1.2694835941527398,1.092120927997054,1.2764956148312923
2021-11-25,1.0597002232457164,1.332751814578084,1.2809986451746025,1.0954354612943222,1.2814913444553386
2021-11-26,1.031057407041219,1.177906955421759,1.2214699027989222,1.064725859664838,1.2135177347604218
2021-11-29,1.0398477258664973,1.1870155591881788,1.2283584584826097,1.0751223058268335,1.2314536852050468
2021-11-30,1.025993645271367,1.1870155591881788,1.21414942759901,1.0635204269290244,1.2211247613113723
2021-12-01,1.0421837567915904,1.222286813508902,1.239550730572528,1.0796645683808512,1.243328685244758
2021-12-02,1.0312257394080926,1.2155039397069998,1.2347350963590042,1.067726070724737,1.2382845682354138
2021-12-03,1.0328420720064906,1.2102713800198694,1.238958693176582,1.0659867789555233,1.2395020569508604
2021-12-06,1.0492406904176228,1.2567829477425765,1.2468974670538782,1.0794905858551227,1.2599883155073497
2021-12-07,1.0664728000412387,1.27713186491098,1.25755641560781,1.0963717448902581,1.278281562201244
2021-12-08,1.0665455275638915,1.2465117008159206,1.2473324971771191,1.0964972638344723,1.2711551189503194
2021-12-09,1.0669235961317038,1.2044573508712726,1.2484309225924455,1.094362100153293,1.2642993375069909
2021-12-10,1.0623657770285706,1.18992253679214,1.2518601706171182,1.085737006132336,1.257006733700586
2021-12-13,1.0555156817518299,1.1331395742614288,1.2385866003160242,1.0782286639077026,1.2397892844640865
2021-12-14,1.0463375380627693,1.1350775593307365,1.236145153597667,1.0674055440071712,1.2396002277564
2021-12-15,1.0401829111336058,1.0951549929623263,1.2268467650192867,1.064871682921756,1.2300884140305692
2021-12-16,1.0471294083697753,1.0986433660870802,1.2385108376053262,1.0685345101508865,1.251123637162757
2021-12-17,1.0509735750562967,1.1075581713465692,1.2306479289582029,1.0729873192413129,1.2480729135202315
2021-12-20,1.040379468766661,1.070542656522795,1.2216453417554072,1.0625094495917107,1.2362196455832792
2021-12-21,1.0516631712462121,1.1100774779959948,1.2459073521308797,1.0768953240387487,1.2581959957436089
2021-12-22,1.0623188677753685,1.1467053958059077,1.2563257409571715,1.0856403522085385,1.2704908949826537
2021-12-23,1.0667047232960343,1.170930209172252,1.2579094618016717,1.090635775589104,1.2814754838651796
2021-12-24,1.0663539334788616,1.1784884248832257,1.2588342427768244,1.0919864245555808,1.282343083732367
2021-12-29,1.077222000595856,1.1810077315326513,1.2879474337336683,1.1030857828047522,1.2934850827708435
2021-12-30,1.0749850673773786,1.1926356419484965,1.286429308234758,1.1032703461237612,1.2935499987580403
2021-12-31,1.0708159039506382,1.190697656879189,1.2920690527244376,1.1021042913313472,1.2905458734657458
2022-01-04,1.0860195750359143,1.2313953433346474,1.3172519713203656,1.10742535992922,1.3287661087551552
2022-01-05,1.0861191559927466,1.2455426343405926,1.3074931149405855,1.1052554733382987,1.3376788272079894
2022-01-06,1.0679658909611711,1.2236434030574173,1.3084547526133365,1.0882613169198774,1.3339008694146972
2022-01-07,1.06715917255146,1.2319767388554397,1.3134797209291906,1.0873121494611702,1.3444007167866074
2022-01-10,1.0575676577197048,1.2370155739763131,1.3140583201836065,1.069229647484001,1.3345997672393577
2022-01-11,1.062258523033753,1.230620223247599,1.3106934248213409,1.07410984115109,1.3401846391293226
2022-01-12,1.0665938241359425,1.2294572843246658,1.3018086764096737,1.0751292511386554,1.3501767005214464
2022-01-13,1.061509755393632,1.237403097049501,1.3086267006935004,1.067043280536519,1.3501622894825724
2022-01-14,1.0500427769530767,1.213565880697018,1.3163684512982359,1.0537905970944386,1.350618845459602
2022-01-17,1.0595624954523903,1.2199612314257329,1.3217389111285451,1.0646708517075418,1.3654039160727305
2022-01-18,1.0504296074763335,1.2176356493425635,1.314214076118549,1.0561884439423868,1.3603499004562232
2022-01-19,1.0524970621921275,1.1932170374692888,1.3047339559113253,1.0651117742028844,1.3612797073559806
2022-01-20,1.0547065521044836,1.1988372681109547,1.2995687193848346,1.070594059452497,1.356278465975085
2022-01-21,1.0398601344027378,1.1600775667248036,1.2704474143428848,1.0529260262333815,1.3373377391898134
2022-01-24,1.0135389306213223,1.094961194455396,1.2321257870454954,1.0169119847733765,1.289084730017993
2022-01-25,1.0214160873104117,1.1224805824395632,1.2552363869965149,1.0188878734583053,1.3122704033592059
2022-01-26,1.029699599716156,1.1403100450771926,1.2748539884425703,1.0258485013724707,1.3345862639229977
2022-01-27,1.0341387555269907,1.1191860817624142,1.2754633206354693,1.0297015408925279,1.3420217534930423
2022-01-28,1.029583721076965,1.0951549929623263,1.2487565247570582,1.021279458145838,1.3246505555269454
2022-01-31,1.0370128307232525,1.1094961564158767,1.2477946753103102,1.0298570088655112,1.3337753294234098
2022-02-01,1.0445526938922023,1.1358527533584593,1.264049373181226,1.0356066011697476,1.351327643812397
2022-02-02,1.05095572946778,1.116279030217779,1.272423974561379,1.0451194980956866,1.3618940167177325
2022-02-03,1.0333701848207322,1.130426395164398,1.2711363365234036,1.0318047836310082,1.3547684871340404
2022-02-04,1.023433900919506,1.1007751496633185,1.2567579837172511,1.0197871964823408,1.3448133179602442
2022-02-07,1.0232002640821787,1.1199612757901374,1.2673798480977736,1.0241620203927442,1.355804673039476
2022-02-08,1.024532000919135,1.1358527533584593,1.2745899077499998,1.024689286771655,1.3497346219044182
2022-02-09,1.0388044299153631,1.161434082332645,1.2963490580163102,1.0404552496064017,1.3655342020790826
2022-02-10,1.0422595800077787,1.1891472688237428,1.303125609477274,1.04165177964696,1.370636411749826
2022-02-11,1.0370150363822157,1.1715116786337183,1.3082003387317118,1.0303020909387544,1.367798597658346
2022-02-14,1.0211094882106713,1.1405038435841233,1.2877871323164518,1.0167278843953025,1.3373801324914998
2022-02-15,1.0341549826917813,1.1658914479920524,1.3058489473691866,1.0241632192963095,1.3569265428091553
2022-02-16,1.0300545876828469,1.179457343477205,1.3035524836900767,1.0242050111498595,1.3531669959349781
2022-02-17,1.0202956640619232,1.1436045457543411,1.287092808754355,1.0170723578918874,1.3350663769614362
2022-02-18,1.0153972975537644,1.134302291362339,1.2786008650719292,1.0147283727799359,1.3305310702241322
2022-02-21,1.0036670046002225,1.111627866051441,1.2531691771230864,1.0072785128854245,1.3241403125574072
2022-02-22,1.0039908221700475,1.1436045457543411,1.265450523194484,1.0088331569179096,1.3292016426551172
2022-02-23,1.0045603431972214,1.1405038435841233,1.26799375407727,1.0045694960157883,1.3236405343191726
2022-02-24,0.9739872158654139,0.9920542612158392,1.2240007626390381,0.9714287929523534,1.2611758042417727
2022-02-25,1.0096428063541043,1.027906984998029,1.2728113481768326,1.0049497612996812,1.3143937674448463
2022-02-28,1.016764433432046,1.0029069776039614,1.3183260542790856,1.0114711992642293,1.2932703265920649
2022-03-01,0.9930253090259109,0.8914728361187771,1.2941733421743398,0.9863616609766231,1.2605179900077454
2022-03-02,1.0025801966174823,0.9518410340573704,1.286591546598507,0.9945082923097388,1.2873542241019327
2022-03-03,0.9756253206602966,0.9205426121583904,1.2507285041046328,0.9656969141844826,1.246688067571105
2022-03-04,0.9452436194736402,0.8743217052257424,1.1991681045982099,0.9343185463975885,1.189921821219712
2022-03-07,0.9365326001096633,0.8547480560257361,1.2052831377095143,0.9226209770854593,1.1760120412269632
2022-03-08,0.9317992418515618,0.8854651563445979,1.2463338804776494,0.9150830630081389,1.183136671388153
2022-03-09,0.9747414959635438,0.9145348584435368,1.2569269648192025,0.952411662805372,1.236216804889178
2022-03-10,0.9675587054951872,0.8888566671862231,1.2604954657617242,0.9364573583207932,1.229688392825324
2022-03-11,0.9743283028019206,0.9061047343030604,1.2724397887692407,0.9451793845744573,1.249329514606993
2022-03-14,0.9866797450482998,0.9087209771762886,1.2882831358965725,0.958490422739844,1.264716875160326
2022-03-15,0.9893699555170222,0.8940891529326794,1.293929034107451,0.9488230375381302,1.2574966943374086
2022-03-16,1.0094086284994777,0.9145348584435368,1.2815990757425995,0.9799793701239712,1.2878665307507497
2022-03-17,1.0191532198540554,0.9125968733742296,1.3122374184399255,0.9902098316458438,1.2903971169850186
2022-03-18,1.0248585544339983,0.9029069480276916,1.3055484340868706,0.9994620872233424,1.2932519598259316
2022-03-21,1.0226175592140248,0.9021317539999684,1.3176614336420982,0.9946647917661791,1.3019155675488217
2022-03-22,1.0243882475024448,0.9185077648059544,1.3262777405029555,0.9971803595876273,1.3092284050980907
2022-03-23,1.0143385801976326,0.8920542316395694,1.327840636352516,0.9829181934303413,1.3075813225612438
2022-03-24,1.0170936573701401,0.8943799616040867,1.3351374726284537,0.9807516053872174,1.303052939999038
2022-03-25,1.017795858890342,1.067248081904972,1.354311912868635,0.9810119950812172,1.2944601653321357
2022-03-28,1.0226606944183585,0.9532946337703624,1.340698560457347,0.9852149400629409,1.2935265668343485
2022-03-29,1.0392153613927722,0.9920542612158392,1.339315507523008,1.0091755131526412,1.3103718161161828
2022-03-30,1.0352061714780987,0.9986434104514847,1.3311147375504055,1.0033959876156093,1.299349545835686
2022-03-31,1.026163258713786,0.9796511567722708,1.3123067778887842,0.9920741861104294,1.2903733911124435
2022-04-01,1.0278399193166852,0.9628876228930976,1.3053559070911287,0.9947255601121897,1.2920258102202682
2022-04-04,1.033205284081056,0.9724806120158328,1.3186032090424409,1.0001368087956326,1.293722674768993
2022-04-05,1.0378111680286626,0.9560078128673928,1.3206144987859845,1.00478997097844,1.2948485163693608
2022-04-06,1.028276115310165,0.9346899771050098,1.3151788759655882,0.9958536071181582,1.2863795185971794
2022-04-07,1.0272359196327305,0.9181200938514188,1.314433360243307,0.9873127816424904,1.2797798966068783
2022-04-08,1.0349284516547692,0.9135658659088832,1.3304427240182077,0.9949554455566018,1.2971107099611483
2022-04-11,1.0274223529894697,0.9205426121583904,1.3358242607707456,0.9875404539413107,1.2950458191886474
2022-04-12,1.0220577927449268,0.8700581380732657,1.3316710763538382,0.984326781906299,1.2962624021424243
2022-04-13,1.018917270295626,0.8723837201564348,1.3225888508473163,0.9818409406918759,1.301422226241318
2022-04-14,1.0224103918428853,0.905329392393989,1.3234735415183543,0.9881848145436353,1.3102544599101953
2022-04-19,1.0179670140359407,0.9253875748316592,1.3206036208677512,0.9799272738527138,1.3112607004848627
2022-04-20,1.0250404454133533,0.9052326040515348,1.334037195393711,0.9843830675478568,1.321256915550924
2022-04-21,1.0272650083489503,0.9360464927128508,1.3326524181617387,0.9869701026289265,1.3301171141966166
2022-04-22,1.0150072548388729,0.887306279130777,1.319395339529502,0.9727278685332239,1.3084135547569693
2022-04-25,1.0080938137042414,0.8413759590475139,1.303385490753544,0.9582778628689074,1.2809387901166083
2022-04-26,1.003775892751611,0.8150194360456054,1.2923789612967571,0.952220593531094,1.2743295541610247
2022-04-27,1.006435763702249,0.7982557542850839,1.2919869175251009,0.9516241375362928,1.2799248893997248
2022-04-28,1.0119164893959933,0.8072673478870269,1.3034844330190136,0.9583504127858424,1.3043423230234188
2022-04-29,1.0134713063863843,0.8070736233207704,1.3008930143139685,0.9636205374089063,1.3113685237013848
2022-05-03,1.0095197335937711,0.8158914923564567,1.315020431537441,0.9519617051259488,1.3199292617620793
2022-05-04,0.9970136051845162,0.8063953655168498,1.307640961668534,0.9347437066551748,1.3105738168164611
2022-05-05,0.9931062859217406,0.7920542020632997,1.300267609108115,0.9370960630534769,1.3047032625144928
2022-05-06,0.9744736151327106,0.778197719728762,1.273812169305857,0.9122179423769275,1.2875397631834085
2022-05-09,0.9559092362940241,0.7606589178811916,1.2425084600163285,0.8855185882197665,1.2542906424468954
2022-05-10,0.9600238997001308,0.7582363995742201,1.2557551910698732,0.8886804621697011,1.2536709800818493
2022-05-11,0.968895143385992,0.780038768574267,1.2993049961821892,0.9019203287253996,1.2745456403538113
2022-05-12,0.9633651026513801,0.7885658289385461,1.2804372278337246,0.8929119871875432,1.2553852490236863
2022-05-13,0.9865410639633524,0.8124999075741574,1.3015930149631987,0.9148437423880801,1.288257623527842
2022-05-16,0.9902652546846739,0.7817829551366439,1.334042571666128,0.9170811311227148,1.2950668558643255
2022-05-17,0.9952623931820678,0.7869185785999718,1.3590928876885142,0.9238741765853173,1.309844352914659
2022-05-18,0.9833435225905831,0.8215115751167745,1.3741673779810257,0.9097301843000428,1.3031001294578455
2022-05-19,0.96316792043066,0.8045542427306706,1.3344341386855165,0.8937021972452079,1.2835102382652885
2022-05-20,0.9723549149636833,0.8072673478870269,1.3576163552665128,0.9071924497898846,1.2961651582708615
2022-05-23,0.9853212470792226,0.8056200975484525,1.3859058119454408,0.9201309202658038,1.3217784516643774
2022-05-24,0.9745967079654141,0.7759689999287211,1.35524509581082,0.9113716199545624,1.3232614653712886
2022-05-25,0.9788654057198672,0.8093022691801369,1.3725769823240603,0.9142384243021335,1.332926684835241
2022-05-26,0.9832082629010059,0.8375968511920272,1.3622807819398455,0.9287346185101241,1.3500521288048641
2022-05-27,0.9865506859231931,0.8421512270159112,1.3672339406202094,0.9350310947059011,1.3580600958012987
2022-05-30,0.9945847409876523,0.8623062717367097,1.3784785473372452,0.9442137893616032,1.3566497259374
2022-05-31,0.9878918942546749,0.8400194434396728,1.3819198455187143,0.9359620510230229,1.351284023494451
2022-06-01,0.9777060447408668,0.8597868172059357,1.4034659249833603,0.92510933767102,1.343071281370147
2022-06-06,0.9889621418089583,0.900387567437592,1.4335290868341524,0.9393915231208977,1.3593979917182586
2022-06-07,0.9805758064015146,0.8901163205109361,1.4382379444167106,0.9321160981277554,1.3548846024453784
2022-06-08,0.9814848101157381,0.8952519439742638,1.4244956038170664,0.9268216518099385,1.3453548388838361
2022-06-09,0.9693985342839274,0.8884689962316875,1.403281521523112,0.9107088047302886,1.331262591908116
2022-06-10,0.9531841591853879,0.8526162724494978,1.3876215469401831,0.8890467766409783,1.2967432011472233
2022-06-13,0.936974541332413,0.8349806083187991,1.360024995423726,0.8711266823370775,1.2679466928918617
2022-06-14,0.9260171343750595,0.851937940704903,1.3430599338836386,0.860188894999539,1.273855234538649
2022-06-15,0.9451938425807396,0.8787790708851497,1.3521110207031568,0.8784988548405607,1.2891479326604003
2022-06-16,0.9171627377219623,0.8438953396376138,1.3051266982624525,0.8521223895002158,1.2402565209299612
2022-06-17,0.9257090929438236,0.8499031672931413,1.3108479617775695,0.856945439809357,1.2446450149800317
2022-06-20,0.9323745926635522,0.8866278734455084,1.3326780838683074,0.8579424691261641,1.26979689665116
2022-06-21,0.9313168462901085,0.8801357343743391,1.3277744177434219,0.8601882934437504,1.2754492953063126
2022-06-22,0.927074770935886,0.8343992127980068,1.337171136126819,0.8577426958155335,1.26117977771908
2022-06-23,0.9177250770042674,0.7931201308217559,1.3207332541846255,0.8460684357539575,1.2418401560025565
2022-06-24,0.9422022056062137,0.7843023357267437,1.3315295324518879,0.8702291479976841,1.272260095408885
2022-06-27,0.951684738026768,0.7927325338078944,1.3348636206096303,0.8766758604761671,1.2825547136178386
2022-06-28,0.9551345821242492,0.8443798728752777,1.364920887121985,0.8815849343477506,1.2942678044992821
2022-06-29,0.9500026522097995,0.8158914923564567,1.3483692914026073,0.8662762114479892,1.2843770300544837
2022-06-30,0.9344349184463502,0.8037789747622733,1.3175412715665247,0.8481238696637902,1.2607942847127085
2022-07-01,0.9394230025011858,0.8341084780672736,1.337978346509919,0.845696057209177,1.258624101539808
2022-07-04,0.9443391980811041,0.8385659176673551,1.3378127125293102,0.8468637116760058,1.2724361189776823
2022-07-05,0.931081907072015,0.766666671596045,1.2855282515457163,0.83218812544822,1.2274560507621297
2022-07-06,0.9482805673281045,0.7957364476356582,1.2996383762822965,0.8485895053216943,1.2385192586459266
2022-07-07,0.9537243966121836,0.8261628132237868,1.3234883938838393,0.8574519189889022,1.2688352573600186
2022-07-08,0.9570793155048979,0.8442829366514754,1.335356026902483,0.8617490657182565,1.2733958162657588
2022-07-11,0.956734465826329,0.8405039027366626,1.3462648293254023,0.8561342351166201,1.2708728548716526
2022-07-12,0.9626822564670524,0.8602713504435997,1.3653642225015021,0.8608035181201952,1.2727759081476162
2022-07-13,0.9543089274426206,0.8583333653742922,1.3604083494917434,0.856526648269521,1.2621530925320144
2022-07-14,0.9452024493631628,0.826744208744579,1.3469722813056078,0.8400763999434564,1.2380036800961656
2022-07-15,0.9551828829382167,0.8700581380732657,1.3725388515917536,0.8528739669886448,1.2681974021318072
2022-07-18,0.9647466604682916,0.8933139589049565,1.38561489762555,0.8606453906700733,1.2817689210976915
2022-07-19,0.9767936616983147,0.9093992349802092,1.4001490048297482,0.8710851402689945,1.302445881711429
2022-07-20,0.9787124490049586,0.8917635708495103,1.3904658618856194,0.8721930146149671,1.303448406535814
2022-07-21,0.9893131947740192,0.8948642730197284,1.389958528012476,0.8829043315147018,1.3066586979125323
2022-07-22,0.9928484371943626,0.8972867913266996,1.3891420970063866,0.8870060131106338,1.3103469049251577
2022-07-25,0.9894300398792079,0.8909884507624615,1.397151193330888,0.8821017428115824,1.3227711574755452
2022-07-26,0.9817692405007378,0.8497093687862106,1.3996543310703715,0.8688133933141057,1.3178506945665622
2022-07-27,0.9871612660209772,0.8466085187346444,1.4106100367911711,0.8728060000781299,1.3349739479781908
2022-07-28,0.9900647764722247,0.8375968511920272,1.4085713146894736,0.888188775403499,1.3238750232413656
2022-07-29,1.002963882201372,0.8650193768930661,1.4119781158071478,0.9038961997184072,1.3387190091693064
2022-08-01,0.9995782931881714,0.8627906570930254,1.4347682022817105,0.9004385925147438,1.3449616304071281
2022-08-02,0.9963135086650035,0.8507752236039927,1.4546398935943352,0.8888321944044746,1.344980762779404
2022-08-03,1.0006730353826847,0.8797480634198036,1.4390557166456217,0.895852898727991,1.3522308626821518
2022-08-04,1.007959682160032,0.8008721450396603,1.4356419199792172,0.9022867429439299,1.3523580602823808
2022-08-05,1.000551709149461,0.8042635819406114,1.4237357046652686,0.8903887789765169,1.3547926519993776
2022-08-08,1.007880469507536,0.8401163057228012,1.4247990733001106,0.9020449653633394,1.3597761109296933
2022-08-09,1.0009717017559463,0.8203489319565382,1.4351561691217918,0.889209297467462,1.3647788977978037
2022-08-10,1.0117165135146153,0.8289728546039457,1.425350782810556,0.911870210766039,1.3805723860568593
2022-08-11,1.0073738959135243,0.821317924491192,1.4117207253554613,0.908266405707239,1.3740366723718977
2022-08-12,1.0071741994087327,0.8237403688574894,1.4173026839469596,0.9115935677833162,1.380112939437209
2022-08-15,1.0125463859240595,0.8309108396732532,1.4288922373048967,0.913514045238234,1.3807426441575752
2022-08-16,1.0148403056185489,0.8323642915048968,1.4638299617042971,0.9098414022980011,1.3849974681625548
2022-08-17,1.0072954896678536,0.8091084706732061,1.4678458137342119,0.8952179613201593,1.3794564034544836
2022-08-18,1.0117635812046797,0.8100775371485341,1.4798891551965319,0.8970094811290661,1.3845450849212084
2022-08-19,1.005932186455039,0.7874031118376358,1.4913181582049424,0.8863693985895286,1.3753481521734952
2022-08-22,0.9954645805530925,0.7790697760396132,1.4951430759109716,0.8714011557280842,1.3690134429766687
2022-08-23,0.9801377219273576,0.7764535331663851,1.4892837019873355,0.8633611668678274,1.3621271479474593
2022-08-24,0.9808854316988064,0.778197719728762,1.4808206148172467,0.8594152193603459,1.3580637029522178
2022-08-25,0.9773383622310059,0.7803294293643261,1.4660367419050293,0.8556495876272114,1.3590327078471771
2022-08-26,0.9658349485035773,0.7604651933149349,1.4623974740661623,0.8453337131259847,1.3419142262343318
2022-08-30,0.9572326855615865,0.7577519402772303,1.4335254886489817,0.8416881937831562,1.327882007004319
2022-08-31,0.9490821326552269,0.7461241038020591,1.4247171733008384,0.8348302816964575,1.3218585639417757
2022-09-01,0.9278444952890972,0.690988317669248,1.3992077461278059,0.805994936248049,1.295520003927331
2022-09-02,0.9450786127993834,0.7274225109129041,1.4287454023890993,0.8282149948886232,1.3222012278194908
2022-09-05,0.9414851808969256,0.7182170448633561,1.4365245456977995,0.8221751519426471,1.3236461415778222
2022-09-06,0.9485714712273347,0.7433139145405518,1.4574150774251513,0.8340407070986426,1.3337239838589943
2022-09-07,0.9460445526382211,0.7437015854950876,1.4603936717770756,0.8299648834162517,1.3210035843480363
2022-09-08,0.9448211310661951,0.7585271343049532,1.4578893729072138,0.8283463003904377,1.3310829982999415
2022-09-09,0.9589918844992702,0.7600775223603993,1.48169848323599,0.8433091243574639,1.353911136970326
2022-09-12,0.975082392941277,0.7816860928535155,1.5064085324333436,0.8620808987672953,1.3802554695769882
2022-09-13,0.9589259715446067,0.7584301980811508,1.485838606574554,0.8425992609279527,1.3686499001111145
2022-09-14,0.9402302682536565,0.7282946411644295,1.4467044128247069,0.8270866576886902,1.3516348288469506
2022-09-15,0.9376831700961104,0.7447673663721954,1.4470132114500924,0.8287267681358323,1.3565478063521277
2022-09-16,0.9339958539977511,0.7342053847148063,1.4354603301485223,0.8228668352283319,1.3426357514475218
2022-09-20,0.9207116268961897,0.7346899179524703,1.424412961787234,0.8074051332480295,1.3352817718033607
2022-09-21,0.927648946616192,0.7201550299326637,1.457388796185062,0.8172458681999701,1.3385645046789427
2022-09-22,0.9110655471050323,0.709980571348462,1.4532718221508467,0.7976926393460964,1.3236230006000729
2022-09-23,0.9007900162563405,0.6965115381464374,1.4140677772169936,0.7769377256920181,1.2895730653187314
2022-09-26,0.8995172949633052,0.7041666900812135,1.4089763600515215,0.7698670921858436,1.2821881663209176
2022-09-27,0.8832031298278262,0.6708333468891235,1.3915063151486007,0.7563865602775267,1.2813460199769071
2022-09-28,0.8853605481893801,0.646317798792046,1.3935322186447165,0.7675194323390642,1.2702483999205791
2022-09-29,0.8555473720649512,0.661434156273319,1.3598824571495973,0.7454252472351479,1.2426906736068022
2022-09-30,0.865614992608218,0.674321646073203,1.3481694623888831,0.7609315169535147,1.252267158066626
2022-10-03,0.8693894421043972,0.6760658326355798,1.357797772691984,0.7656307960331539,1.2611011001861732
2022-10-04,0.8924013254012991,0.7216084817643073,1.380916062331657,0.7873475375395937,1.3017480529065575
2022-10-05,0.8832356000195948,0.7162789858533745,1.3780653788909913,0.7719079914941147,1.296195311424931
2022-10-06,0.8805606903174154,0.6907946670436655,1.3556053225517917,0.7689141632721359,1.2899500405388074
2022-10-07,0.8697630723337298,0.6841084337028691,1.3732337190241501,0.755968887586072,1.2849536962887915
2022-10-10,0.8705634766285629,0.6675387722713008,1.3689716889979833,0.7551971948714044,1.2812274158765822
2022-10-11,0.8609258877689524,0.6733526535385492,1.358987166764127,0.7455392240887857,1.2659145857643974
2022-10-12,0.8479117597602451,0.6418605070733128,1.341665980599292,0.7328878776000293,1.2488224270300983
2022-10-13,0.854231675974849,0.678391488659423,1.3595739863635807,0.7406267432872856,1.271056723376844
2022-10-14,0.8622197865567646,0.6787790856732846,1.3439672796166289,0.745349067089025,1.274000191701586
2022-10-17,0.8761711785719728,0.6935077722000219,1.368532126778946,0.7612504627285199,1.2896339443630105
2022-10-18,0.8840768416651211,0.719767358978128,1.3586738855136404,0.763895642743131,1.291812401418949
2022-10-19,0.8774361916957727,0.7170542538217716,1.3594273694943402,0.7535222138234293,1.2842759240496608
2022-10-20,0.8785758452478134,0.7088178542475516,1.3557069547731904,0.7604697171833346,1.288012392918188
2022-10-21,0.8749404069555564,0.7129844851762258,1.344252870600285,0.7556329825683048,1.2894221872237837
2022-10-24,0.8872195252772497,0.7122093650891769,1.3660758633173864,0.7629535222248819,1.309501961432725
2022-10-25,0.899948703653543,0.7140504878753562,1.375142104153388,0.7805363459954283,1.3159997078812302
2022-10-26,0.9063862667801826,0.7216084817643073,1.3975003493695235,0.7879733385663701,1.3234532743705103
2022-10-27,0.9048491653004983,0.7397286051919958,1.3888434804859164,0.7858619784227532,1.3183348669193353
2022-10-28,0.9008926604248652,0.7460271675782566,1.4015684506211539,0.7757732552623934,1.3067369422878654
2022-10-31,0.9048626231191603,0.7572674070395663,1.4149361014569837,0.7768574327433566,1.3148743165300114
2022-11-01,0.9124234472114807,0.7897286939208048,1.4518461775807046,0.7874481065626756,1.3322752233626047
2022-11-02,0.9091513269418116,0.8048449774614037,1.4570253020508308,0.7819317190241717,1.327740004173863
2022-11-03,0.9068574807353287,0.7767441939564442,1.472575938215675,0.774496718153284,1.3370875768295676
2022-11-04,0.9196048317741308,0.8247093613921432,1.476721914380124,0.7984300963697929,1.3580258168442576
2022-11-07,0.9210916441205045,0.8367247948811759,1.471054026376936,0.801211780526936,1.3565757662447322
2022-11-08,0.9309432258791953,0.8569768497664509,1.4735835975773157,0.8072777441203841,1.359298623698897
2022-11-09,0.9331346408565777,0.8587210363288278,1.4856269418840848,0.8085099992719426,1.3553622748648788
2022-11-10,0.9596011699753959,0.8329457609663632,1.5219638184237367,0.844109363334435,1.368603115039636
2022-11-11,0.95574143031591,0.8654069739069277,1.477108307073407,0.852154293810883,1.355816575041592
2022-11-14,0.9630465229701618,0.887596865980162,1.4871571905479617,0.850692862368087,1.368816485097175
2022-11-15,0.9576969429242228,0.8828488395306955,1.4931132452003972,0.8460727591124003,1.3686137269452734
2022-11-16,0.951526228246429,0.8451550669030008,1.5029677114838615,0.8338121710953369,1.3614590058432312
2022-11-17,0.947082704786911,0.8391473131881474,1.5465574117984593,0.8314332233372569,1.368868902144852
2022-11-18,0.9591490551521474,0.8283915330238275,1.5709021856956835,0.8428701196549708,1.377898659589971
2022-11-21,0.9638116719733576,0.8218023098475077,1.5738102313437465,0.8404094647065992,1.377219689373305
2022-11-22,0.967210023026861,0.82645354795452,1.6003854276796723,0.8409704752344138,1.389500595723945
2022-11-23,0.9737603823648309,0.8566861150357178,1.6040337068914994,0.8467596436770716,1.3950970655361077
2022-11-24,0.9766117132827392,0.8822674440099033,1.616851172104378,0.8517471812411844,1.3979310164465315
2022-11-25,0.976180068338559,0.8803293849999216,1.6069463296338924,0.8508842973855487,1.402210625978421
2022-11-28,0.9689699656847363,0.8587210363288278,1.594375697254247,0.8425942339429332,1.3963222647541047
2022-11-29,0.9631174899501898,0.8635659250614225,1.5962269628806847,0.841667600796717,1.4025136972141434
2022-11-30,0.9656018722140807,0.8810077167445162,1.6023825897380959,0.8421369189807534,1.4122688817397318
2022-12-01,0.9737058285572419,0.8423449515821677,1.6009508946972009,0.8505099747707794,1.406746732855768
2022-12-02,0.9731353304624563,0.8745155037326731,1.6076093435761016,0.8549734315196801,1.4029546502671573
2022-12-05,0.971941696955111,0.8778100044098218,1.6011358989778972,0.8527933881496416,1.4015185955633758
2022-12-06,0.9625776976744802,0.9059108618554554,1.6197435558013413,0.8461692539523648,1.3938597995024182
2022-12-07,0.9595812893972121,0.8772286828297038,1.6069278635106141,0.8412937767246017,1.3838232989201362
2022-12-08,0.9529443896326003,0.8855620925684005,1.6064271290417476,0.8366153712848591,1.3814694699163224
2022-12-09,0.9583702879403883,0.9113372200495164,1.613889455437975,0.8393006471562844,1.3908914805788166
2022-12-12,0.9523753070410625,0.8996123734098687,1.6082501239262925,0.8310952223289015,1.384097308326476
2022-12-13,0.9635533060277097,0.8780038768574268,1.5968172792611586,0.8454438005551983,1.3942390788364651
2022-12-14,0.9642446188489724,0.8749031746872086,1.6022733352869243,0.8443755260717678,1.390391927064304
2022-12-15,0.9535621486419685,0.8636627873445508,1.6047465427064445,0.8325557432811657,1.3763709287595933
2022-12-16,0.9418548020894635,0.846220995661457,1.5794436495532833,0.8129108114291194,1.3642411897818953
2022-12-19,0.9423910811997798,0.8608525980830437,1.5796723023591637,0.8108496983197538,1.3737593866602993
2022-12-20,0.9400900904319565,0.8568799135426486,1.6080463651797419,0.8054818665067373,1.376166311815978
2022-12-21,0.954328262271346,0.8829457757544981,1.625623844048258,0.8234359487664088,1.3991315153862856
2022-12-22,0.9471257140302404,0.8827519033068931,1.622334854229066,0.8158420846644656,1.393802181186862
2022-12-23,0.9467506154142754,0.888372060007885,1.6286952889281285,0.8195985010980288,1.3952834331438724
2022-12-28,0.9504298871907803,0.8976744622812354,1.6427617182129244,0.824124483776948,1.3975713762958033
2022-12-29,0.9548660934936263,0.8958333394950563,1.6416212521156655,0.8289118267877459,1.4009873166583606
2022-12-30,0.9470812984593034,0.9031007465346224,1.6321430802994552,0.8216975440423725,1.3875340116212893
2023-01-03,0.9568828469848476,0.95843025723369,1.6226769944734865,0.8355154688274818,1.4069349070604729
2023-01-04,0.9721843863453961,0.982558134376232,1.6179649704810237,0.854056036114003,1.415178947542352
2023-01-05,0.9769010619241688,0.9947674403128696,1.6372929420908064,0.8553090264602654,1.428840903578031
2023-01-06,0.9841274224402201,0.9970930963367128,1.6516510846660435,0.8632751790065643,1.4379259927366297
2023-01-09,0.9879637583764087,1.0054263581940612,1.6278816173860988,0.8691912939675215,1.440099131961574
2023-01-10,0.9854932298051206,0.9788758888038736,1.626408152027102,0.867374093073705,1.4342652860988958
2023-01-11,0.9929313131999086,0.9939922462851464,1.6315799824121118,0.8770926791056467,1.4394577222826441
2023-01-12,1.0023667286131588,1.00775194027723,1.6505549273240336,0.8954973740123879,1.4540126455038063
2023-01-13,1.0041536960704085,1.0538759849267498,1.6616126935654054,0.8976897845606686,1.4693141638904577
2023-01-16,1.0089086537716416,1.0383721043722896,1.6532010989433736,0.9054622134991035,1.4681394412421687
2023-01-17,1.0112344649633926,1.0517442013505116,1.6602986858913458,0.9017657713971354,1.4656842693944496
2023-01-18,1.0067690800294282,1.049031022253481,1.6672080508608318,0.8995586779756248,1.471175718754407
2023-01-19,0.9977003031493326,1.0182170596514912,1.6685724515045952,0.8866719924114467,1.4530192814153167
2023-01-20,1.0032422946932897,1.0329456722375543,1.6904026131742362,0.89177273160973,1.4596200934385712
2023-01-23,1.0076914161947592,1.0484495527920146,1.6776461961532072,0.8935898849377018,1.46244380502942
2023-01-24,1.0082289075095052,1.0794573878416094,1.6875200741333891,0.8971971779464832,1.4627094860798902
2023-01-25,1.0037688723611196,1.082558163952502,1.6856107768421804,0.8946001471248195,1.4598460792246304
2023-01-26,1.0092116506548017,1.0996125065030824,1.7143286199953323,0.9015529041072494,1.4687774970742495
2023-01-27,1.0144133696550308,1.06782940348509,1.7171290631819347,0.9037654435981791,1.473304136224664
2023-01-30,1.017311531477886,1.0573643580515035,1.7210349013775228,0.9015354153725299,1.4745952765731267
2023-01-31,1.0129366040315573,1.024612410380206,1.7187585558641836,0.8982706544825183,1.4682929610235542
2023-02-01,1.013334506820688,1.0191860521861449,1.7250413808572074,0.8986430141276506,1.4675848368246207
2023-02-02,1.0412515402635545,1.0536821864198191,1.7068847988364015,0.9327194801615669,1.4778307374299031
2023-02-03,1.0456280041448405,1.0569768349783162,1.7155767130884232,0.931696427550405,1.4911403748571603
2023-02-06,1.0349756498712028,1.047286835691104,1.7088925698903583,0.917390611871939,1.4801369243879643
2023-02-07,1.029830499165122,1.0461240446495197,1.706166110073503,0.9106432053801707,1.4890144425593779
2023-02-08,1.030913559755431,1.0583333505861574,1.7145390089111743,0.9108582418295222,1.4959067313569674
2023-02-09,1.0287259218086593,1.0534883879128882,1.7210430066795213,0.9057061417244501,1.504787173514081
2023-02-10,1.0173378812234588,1.0414728804831817,1.717514807128812,0.8904212324799522,1.489418358922084
2023-02-13,1.027265598307112,1.0606589326693263,1.7323520754065231,0.8976899334494898,1.498158961522226
2023-02-14,1.026534991384126,1.0500000147881348,1.7211481911115212,0.8951080207546459,1.5023448038176626
2023-02-15,1.036994649691556,1.0852713430495322,1.7456845300120147,0.90425815180674,1.5040292959895791
2023-02-16,1.035960704835047,1.1027132086733002,1.7815986171819262,0.9077420265286541,1.5102587629667623
2023-02-17,1.035322020639661,1.089728634768265,1.8100750310747966,0.9071308619694354,1.5019810134113463
2023-02-20,1.0341386369458467,1.083333357980225,1.787270413288048,0.9094148560184316,1.5018408705565007
2023-02-21,1.0272279954998373,1.0656977677902002,1.7863286485409566,0.8967474431473491,1.4911406896708113
2023-02-22,1.0229849179214627,1.042829470031697,1.7709962494683544,0.8909224692365834,1.4834148460406242
2023-02-23,1.0207778907597784,1.2897286939208048,1.7862644032943062,0.8871637631603715,1.4866120034671844
2023-02-24,1.019619609330624,1.3182168526176037,1.8004461650757868,0.8795189108296663,1.485396141387827
2023-02-27,1.0296070405431654,1.4050388794852782,1.8158129203584188,0.8889550367321097,1.4996219417495438
2023-02-28,1.0211758335845984,1.404457410023812,1.8001924218890437,0.889009846561951,1.4932349296880723
2023-03-01,1.0223782290792602,1.4381783502297631,1.8118523043716395,0.8886337524036612,1.497719107844073
2023-03-02,1.0240164547516168,1.4356588956989893,1.8222396009145811,0.8885037006056364,1.4946705858206726
2023-03-03,1.0273089681979277,1.4499999852118652,1.8216063330319838,0.8931414057276719,1.4953827932269943
2023-03-06,1.030621101143372,1.4804262768593195,1.841531609561681,0.8938371062641641,1.4907091786856324
2023-03-07,1.0278029639684954,1.4843022469979348,1.8204326673048883,0.8864987683844386,1.4849218353776161
2023-03-08,1.0305030215496016,1.5199611722731936,1.8013532750899823,0.8824423866503199,1.4874641863948708
2023-03-09,1.0280155812080096,1.5313953581227824,1.8084815972532016,0.8705743360426752,1.479689739992111
2023-03-10,1.011768810021432,1.4544574248119466,1.800103951521607,0.8544606528623218,1.4470396180398817
2023-03-13,0.9915253912920315,1.4050388794852782,1.7212067452231565,0.836357875729517,1.3936752921666666
2023-03-14,1.004059190184986,1.5038758222572668,1.7790718032265402,0.8481546662792123,1.4116948823048685
2023-03-15,0.9788903327949925,1.3967053218652334,1.7110641777824707,0.8229174885453231,1.342924349677275
2023-03-16,0.9913213564473551,1.4176357084951032,1.710726840146648,0.8329020067292366,1.3588671516331983
2023-03-17,0.9761624182980886,1.3594961564158767,1.6771248214907306,0.8195236313532117,1.3436108410191985
2023-03-20,0.9854373460324264,1.3660853056515223,1.698773599234195,0.83026969732156,1.3541368565556273
2023-03-21,1.0009224921718043,1.4534883583366187,1.750035858378596,0.839228734702819,1.3835570464499545
2023-03-22,1.0018928561129616,1.4459302905069935,1.7567644402528302,0.8367161523903786,1.3871528587073523
2023-03-23,0.9987827229016062,1.4277132308555025,1.7652022512702576,0.8335224521111319,1.3764841476467622
2023-03-24,0.9877141015324743,1.390891514538659,1.7431410973131087,0.8225142682981993,1.3536186600987492
2023-03-27,0.9921617800074517,1.398643306934541,1.7695611699524911,0.8269542170528622,1.3677381474178905
2023-03-28,0.990360263050921,1.408333380162427,1.7711304227752236,0.8257487617763916,1.3712923837496027
2023-03-29,1.0001491502778113,1.4341085076435431,1.8013228964402273,0.839246521631766,1.3863424737887662
2023-03-30,1.0150460259831513,1.4554263434059262,1.8166850150012324,0.8546292447039847,1.4006140817846822
2023-03-31,1.0205111311992556,1.443992305437686,1.819481080471223,0.8579927482617771,1.404377590656336
2023-04-03,1.0146603769687355,1.4500966996136453,1.8338688061223998,0.8566929255260861,1.4077468524631422
2023-04-04,1.0130491908441301,1.409883768217873,1.834654796754112,0.8541190912014435,1.400561157436408
2023-04-05,1.010070786754584,1.3929263618910948,1.836392425342949,0.8448383489987671,1.4011426808848944
2023-04-06,1.014745247968425,1.4336240483465534,1.8589699673957036,0.8564050948786228,1.4127493011275372
2023-04-11,1.0218493956658166,1.425871960187975,1.8668154634278202,0.8666029494308454,1.4195612691037116
2023-04-12,1.0271584164481953,1.4302326853862763,1.8769836448067232,0.8700625914333029,1.425614750406308
2023-04-13,1.0301381297382923,1.4452519587623986,1.8781347081030781,0.8747804006810245,1.4282158785452286
2023-04-14,1.032137013303386,1.4510659139703217,1.8741691814280679,0.8786887749911829,1.4399894637335842
2023-04-17,1.034623240035381,1.4631782836831566,1.8885542183439625,0.8786041178636459,1.4406236955615968
2023-04-18,1.0359866460663159,1.510174532524876,1.8819118808114144,0.884096578952023,1.4469365130794674
2023-04-19,1.0339454701917412,1.5053296437922812,1.8765684691158353,0.8797217267900843,1.4430933358143145
2023-04-20,1.0399166368806787,1.5019379850693075,1.8680579745328516,0.8804951384765035,1.4450253151508716
2023-04-21,1.0459137878776157,1.4956397184457433,1.8864896331477294,0.8798825309034761,1.4462457165317562
2023-04-24,1.046459177627762,1.488372237465503,1.8926757641161742,0.880637085548746,1.4470382296242206
2023-04-25,1.0477451909967341,1.4815892157822523,1.8921118530060883,0.8763836038331703,1.4407569634057213
2023-04-26,1.0432212488288988,1.4723837497327044,1.9067425424834177,0.874606573690985,1.4461183702725762
2023-04-27,1.042821256478936,1.4728682090296945,1.929020864038605,0.8727271837421136,1.4436835966634123
2023-04-28,1.0486292119909844,1.474321734802012,1.9311600917510048,0.8829491884375614,1.4521152705932108
2023-05-02,1.0436314287678807,1.4583333949505617,1.921004462126182,0.8757368382576843,1.4242151514084056
2023-05-03,1.0485224386951577,1.4718991425543664,1.9379246408976107,0.87808867477491,1.4282131600865868
2023-05-04,1.0400295439430312,1.4457364180593886,1.9184940791633367,0.868481523751176,1.4067937458471946
2023-05-05,1.0479739841918285,1.464631661574126,1.9294745173070311,0.8772260695869686,1.4236324162690825
2023-05-09,1.0448684847441034,1.469476698188069,1.9417384171352872,0.8679534273832583,1.4279048640474967
2023-05-10,1.044091661573958,1.5145348140791326,1.9463873592734497,0.8661294319551346,1.4215142111248553
2023-05-11,1.0473836974433202,1.4137597383564882,1.9654738948846373,0.8662358241020339,1.4180439870752397
2023-05-12,1.0496882447998679,1.4370155591881788,1.9880186661824815,0.862679308364538,1.4287096946747766
2023-05-15,1.0504991893509756,1.4060077980792578,2.008633408691069,0.8665235160117752,1.436164144755822
2023-05-16,1.0475844901822002,1.4355618855345127,2.0290873362447095,0.8627376750214185,1.4327817281703947
2023-05-17,1.0430567692533395,1.4811047564852626,2.01023467000882,0.8543707587005684,1.4378545311174131
2023-05-18,1.0459679573791605,1.5072673330988922,2.019495852778225,0.855849966283302,1.4487264548690235
2023-05-19,1.046844354607009,1.5116279104158452,2.011108610315725,0.8534045168958544,1.4488483191496655
2023-05-22,1.0474339044690448,1.5242248873070183,2.013164974837183,0.8572243566218972,1.453953877159154
2023-05-23,1.0410321591849445,1.4844961194455395,1.9749274213669694,0.8541756465368907,1.4538810899453827
2023-05-24,1.0256327864862482,1.422965204406036,1.9593315597952028,0.8331898085817874,1.435523343714193
2023-05-25,1.022321089544644,1.4418605958021218,1.9678805559095842,0.8252387053082566,1.4280451047253444
2023-05-26,1.0295290983119223,1.444283040168419,1.9806803943880933,0.8298801336389738,1.435506396120951
2023-05-30,1.0281282302688588,1.3992247763960073,1.970941855650959,0.8272643384154931,1.4269395742896565
2023-05-31,1.023339357777878,1.38856593245549,1.944217948967653,0.818979483087588,1.4115484974013752
2023-06-01,1.0254313984535588,1.4186046270890829,1.9622410676712536,0.8252616902498126,1.4267354940014538
2023-06-02,1.0367958255793013,1.4534883583366187,1.9710395239188176,0.844008631149282,1.449231947937692
2023-06-05,1.0365988671490314,1.427325633841641,1.9638862048012045,0.8397494193881467,1.4457505205387402
2023-06-06,1.0426880676534076,1.4345931148218811,1.9738954776762803,0.8463247102470263,1.4497159082280195
2023-06-07,1.0415500860922227,1.4549418841089363,1.9597328252974648,0.8412071479434619,1.4529954565529486
2023-06-08,1.0365597180410469,1.4481590103070343,1.9665546323856087,0.836011276438917,1.4500183769261086
2023-06-09,1.0346286440519852,1.4462208773563785,1.959629498209048,0.8287441592860315,1.4416055821273968
2023-06-12,1.0400758122819542,1.4549418841089363,1.9548093095213759,0.8277049892637942,1.4462520369786847
2023-06-13,1.0409101325738603,1.462209365089177,1.9552961922505268,0.8249368811725601,1.4600534251362227
2023-06-14,1.0414332714086003,1.4607558393168592,1.9473805986578452,0.8270912167849657,1.4646081494812389
2023-06-15,1.0387339465529395,1.4539728176336086,1.9347874978862172,0.8241242372927645,1.46236899089837
2023-06-16,1.0398842008921192,1.465116268752464,1.968007818501059,0.824597281231202,1.4566910636487904
2023-06-19,1.0312424390487858,1.4903100746534623,1.9701417261593015,0.8143189417999864,1.4492123222683246
2023-06-20,1.0273992930054063,1.521317835762383,1.9763387123525191,0.8101041647426556,1.4451079193080545
2023-06-21,1.0208204831026564,1.526647331673316,1.979720540019978,0.7991212551790517,1.4383287037152857
2023-06-22,1.0126984105166004,1.5121125175941834,1.9377299261377448,0.7917705255553313,1.4223330436117247
2023-06-23,1.0091791445750307,1.4985464742276822,1.9128794086561427,0.7840598493389075,1.4097829425535504
2023-06-26,1.0101609321463616,1.5,1.9143732769789712,0.7848889549745312,1.4077029151429088
2023-06-27,1.0119328502082214,1.5062984145049123,1.9283585530023184,0.7868751367816705,1.4139201830875638
2023-06-28,1.0234763614767335,1.5096899253465377,1.9593773359738678,0.7938552030812978,1.425089904262366
2023-06-29,1.013660277992371,1.440891529326794,1.9128234880015675,0.7854648158955996,1.4236551589341082
2023-06-30,1.0204657713694387,1.4636628908614946,1.9359430700228804,0.7949010824163218,1.435302909897071
2023-07-03,1.0219449493771258,1.488372237465503,1.9355016927364908,0.7998559069905331,1.4404570928258538
2023-07-04,1.0193244339457084,1.4752906533959915,1.8999251599264504,0.8021816113313134,1.4345573435764123
2023-07-05,1.0082704561162656,1.4631782836831566,1.8805588563670461,0.792889810041236,1.4230747132044628
2023-07-06,0.9905884066732992,1.4069767166732374,1.8463236156101268,0.7716351745340514,1.3903106684013862
2023-07-07,0.990213615982081,1.438953396376138,1.8574750811103784,0.7738994858091598,1.3909996939881157
2023-07-10,0.9925915243859561,1.4331394411682152,1.8698689742200627,0.7757629323805902,1.3949315705712713
2023-07-11,0.9926686608941653,1.4113371461088424,1.8764452475827365,0.7826770130506684,1.3958512871714286
2023-07-12,1.011026521151716,1.4384690849604964,1.9278796077679465,0.8003905293647188,1.4226447587748836
2023-07-13,1.0148074882025921,1.4467053366533682,1.9509989225943332,0.8040113788334585,1.4286928484503343
2023-07-14,1.0174956926255103,1.4137597383564882,1.9624386080199803,0.8054925980993316,1.4227935114827501
2023-07-17,1.0132297582510794,1.4161820348414371,1.9663486385253452,0.8003837756655465,1.4197117442763185
2023-07-18,1.019239302289754,1.4186046270890829,1.9760708177590378,0.8092896181092982,1.4285674734008387
2023-07-19,1.0412497024832266,1.4626936765048184,1.9983727070641024,0.8374338199439045,1.4534199462931994
2023-07-20,1.0470147012443372,1.4961238819800369,2.0520966627793067,0.8382613108562161,1.463250099694357
2023-07-21,1.0480026683790515,1.5096899253465377,2.063442070939897,0.8359971210025167,1.46608868772306
2023-07-24,1.0476116116580945,1.5184107842177477,2.0657246456105005,0.8344429502419225,1.4667074304473184
2023-07-25,1.0464052734046452,1.4791666235346068,2.0631472767687566,0.8416869255656027,1.4599278002892102
2023-07-26,1.0479866517643814,1.7926357454654405,2.073097178972697,0.8422131049856276,1.4547661870925304
2023-07-27,1.0533144744116398,1.8372094020595144,2.1158704656412426,0.840244406567968,1.4629715074161067
2023-07-28,1.0480598601496565,1.8730620519010297,2.1025185626717517,0.8332252815271693,1.466079555880291
2023-07-31,1.045979671261966,1.7911822196931226,2.1268284963276356,0.8322917369871776,1.4700828476482088
2023-08-01,1.0404847945974427,1.7950581898317377,2.1318987388108654,0.8248670930151777,1.4614956062755324
2023-08-02,1.0278711653454038,1.781976901524923,2.128425625936795,0.8097029797760996,1.4446017107936366
2023-08-03,1.020812523615497,1.862403060079164,2.1164059988622355,0.8071761024194156,1.4408379154819857
2023-08-04,1.0257428010881902,2.000969066475328,2.142260784405445,0.8115595683303025,1.4459564740910418
2023-08-07,1.0241237676064878,2.030038842514941,2.138675698655634,0.8080888580302178,1.4471975063760123
2023-08-08,1.0208768975210434,2.0145346661977843,2.1290555333343413,0.800840829405205,1.4451579810446291
2023-08-09,1.0210494187334398,2.0261628723763256,2.150612834370139,0.802775298793984,1.4578779887830198
2023-08-10,1.0300524947282785,2.013566043366501,2.1733291329764004,0.8098997395187014,1.46229717937831
2023-08-11,1.0185755421071796,2.012596829009825,2.165952969930447,0.796096625239566,1.4485416977722754
2023-08-14,1.0190515810510632,2.0251936580196497,2.1699357715555196,0.7924373706038382,1.449002116346427
2023-08-15,1.0061790023512813,1.991278993247442,2.1720650097527026,0.7824696623602685,1.437391833203506
2023-08-16,1.002102633680218,1.9786820163562688,2.176773792602501,0.7806015634332695,1.4344608506738905
2023-08-17,0.9905482757709002,1.9612401507325004,2.220531534393287,0.7702841887905805,1.4236089147268702
2023-08-18,0.982455761116402,1.949612536079352,2.1708029360753676,0.7620671629503654,1.4123090319504528
2023-08-21,0.9797001698434024,1.956395409881254,2.171344411033705,0.7560372344563103,1.410068956622314
2023-08-22,0.9800890598893188,1.948643469604024,2.1984747949208545,0.7584130658527535,1.4086695055724927
2023-08-23,0.9899782469537395,1.9554263434059265,2.2013982892877366,0.7670518197006881,1.4158786411971747
2023-08-24,0.9918414137581827,1.9544572769305983,2.2135728676744946,0.7653797333336548,1.4178827269709893
2023-08-25,0.9932959923481041,1.96705440170312,2.2200425335094205,0.7634242346139061,1.4182687461152295
2023-08-29,1.0133360006359304,2.0629844408118214,2.2564702979278537,0.782423280084507,1.4439736512399939
2023-08-30,1.0143016794966406,2.1007752236039927,2.2641025284010876,0.7857790250955888,1.4453930473305114
2023-08-31,1.0147823293082427,2.154069739069276,2.2662899983808815,0.7828871772093146,1.4362337875903592
2023-09-01,1.0145932330805985,2.1230619779603552,2.2735729573010324,0.7791875736798257,1.4427785948420044
2023-09-04,1.0126925074619306,2.130813918237586,2.2687157762311054,0.7757066036452411,1.4437014531887449
2023-09-05,1.0091461958280181,2.124031044435683,2.281727103196216,0.7701045155972868,1.4427588449838737
2023-09-06,1.0109813251707547,2.0804263064355895,2.2717331027168526,0.7669406737669947,1.4410063645466662
2023-09-07,1.0136143048138702,2.168604701029757,2.2930158210014917,0.7621034537518714,1.4418282236209679
2023-09-08,1.0173263509350474,2.1356588069701803,2.301343438437172,0.7654655742653026,1.4486730143958224
2023-09-11,1.020486956562476,2.16666671596045,2.3124768604463712,0.7691652958874872,1.4521103669794173
2023-09-12,1.0211102937551555,2.1744186562376795,2.330970619736622,0.7694298492184682,1.4647714651489583
2023-09-13,1.0211884282841381,2.183139515108889,2.347985492313026,0.7718290438526623,1.4667157439712821
2023-09-14,1.036203055009871,2.1879845517228325,2.393058163182157,0.7845605899297194,1.4944238959437386
2023-09-15,1.0417539028604383,2.2034882843959447,2.4156380064210166,0.7887354022015979,1.5013865506335966
2023-09-18,1.0297864991635226,2.1744186562376795,2.3981052976550195,0.77554744831865,1.486408838708176
2023-09-19,1.0248399369544012,2.1899223889107917,2.4299188121802713,0.7699488238194068,1.4924129321198294
2023-09-20,1.0362088044491582,2.167635634554429,2.3969830690997687,0.7839961077466142,1.5065259796558228
2023-09-21,1.029007076582688,2.1356588069701803,2.4091281552721067,0.7803573568025598,1.4978188364356468
2023-09-22,1.0269878161203012,2.137596939920836,2.3701561921437695,0.7798542840959655,1.499598112857476
2023-09-25,1.017743418163211,2.129844999643606,2.363747485712135,0.7679912406982269,1.4897659431014176
2023-09-26,1.0153747945148197,2.128875933168278,2.360067112317753,0.7688587609425428,1.4907487200904206
2023-09-27,1.0063315013456364,2.120155074297068,2.3176496969714355,0.7592536746906683,1.4898404672522632
2023-09-28,1.0026364735023718,2.146317798792046,2.3418803028043906,0.7566259066419546,1.4952668722466174
2023-09-29,1.0091020549446297,2.1405038435841233,2.341622151301679,0.7662176643063834,1.494715391341609
2023-10-02,0.9952897642272601,2.098837238534685,2.3044023170582557,0.7540381995952385,1.4731548335773468
2023-10-03,0.9846094931368742,2.0552325005345913,2.297600220564152,0.7453193214615891,1.4614433853421793
2023-10-04,0.9798222596837973,2.0426356715247658,2.246193054746022,0.7414829641885352,1.4539927312124126
2023-10-05,0.9872988734119295,2.0397286199801306,2.24661488925004,0.745769417474889,1.460429613269452
2023-10-06,0.9922122597909506,2.0232558208316904,2.260815702176046,0.7519121534083747,1.4741182617702469
2023-10-09,0.9841339216045218,1.9883720895841548,2.28551139463503,0.7451057673447673,1.4633014213831748
2023-10-10,1.005468637812538,2.057170633485247,2.3334734049550674,0.7630958807878669,1.4888887516578773
2023-10-11,1.0040689793490767,2.0649225737624772,2.335199549542534,0.7617070994366439,1.487077941848446
2023-10-12,1.0039194345919336,2.0523255968713037,2.3452671012887896,0.7592462401503797,1.4914345495349879
2023-10-13,0.9926209161789783,2.0658913444751086,2.331023585592397,0.7444364712524069,1.4813935153005786
2023-10-16,0.9979653712217103,2.068798396019744,2.3284837065364714,0.7500414659278569,1.4870477891862028
2023-10-17,1.0002393914026322,2.0891473131881475,2.343068253428185,0.7527692021832003,1.4966245790352661
2023-10-18,0.9924845805528061,2.013566043366501,2.3241392148003546,0.7393513572412543,1.4832320693460492
2023-10-19,0.9845089475531582,1.992248207604118,2.2800957414234513,0.7199615172756468,1.4672747091151777
2023-10-20,0.9742668621551362,1.9278100931386308,2.2799300957663307,0.7116019247875423,1.440071518468593
2023-10-23,0.9767516003739658,1.9718991425543664,2.2927547616223674,0.7121807672651765,1.433816040002938
2023-10-24,0.9760232432851979,1.980620149306924,2.2880505353008114,0.7132137173597215,1.432147127630751
2023-10-25,0.978919519946133,1.96705440170312,2.281652021742192,0.7083435796683611,1.4364308013860319
2023-10-26,0.9765257060636676,1.9428295143961016,2.2761002278401845,0.7047854232188902,1.4248281672987266
2023-10-27,0.9726053516342938,1.9418604479207735,2.25873847535448,0.7065069492679921,1.4105744951380799
2023-10-30,0.9792660710780806,1.9573641805938855,2.2967873553370155,0.7117143624854296,1.419934713416022
2023-10-31,0.9844119966703898,2.0872091802374917,2.297341783742712,0.7172307653694283,1.4120592267128929
2023-11-01,0.9907600362426268,2.134690036257549,2.337841038361713,0.7200959385299922,1.4179357071931338
2023-11-02,1.0045304657977054,2.16666671596045,2.34240822930587,0.7366789008545429,1.4364363128397228
2023-11-03,1.008778439504238,2.1405038435841233,2.3105142081866696,0.7492387969810373,1.433634923527485
2023-11-06,1.0035876904736771,2.1715117525743923,2.3046281477994794,0.7405007551946342,1.4313943574147872
2023-11-07,1.008469199974252,2.1899223889107917,2.293263293717179,0.7447860713203386,1.4372838102131689
2023-11-08,1.009697668753665,2.2519379111286333,2.3094586067488843,0.7453845569336455,1.4461156141350868
2023-11-09,1.0221157643644136,2.255814029148597,2.3293126404937494,0.7539190751070202,1.4551824464875545
2023-11-10,1.0134414139867747,2.248061940990018,2.3453633249231554,0.7412383300547644,1.4450362421154452
2023-11-13,1.020390981556277,2.327519328831628,2.344734651935966,0.7460210882881846,1.4559609405996738
2023-11-14,1.030518669694283,2.315891418415782,2.3095183692607284,0.7688172263032977,1.4575489900501
2023-11-15,1.0384377825305318,2.3604652228912046,2.313336147579054,0.7737573805345208,1.469975812942879
2023-11-16,1.0314835459248717,2.369185933881066,2.285314639434209,0.7601391844948613,1.4559615622220883
2023-11-17,1.041766835154154,2.3643411930298197,2.320985868766943,0.771127747403644,1.4774254139530811
2023-11-20,1.0415979099649828,2.378876007108952,2.3305385936057426,0.7734323930135107,1.482652535370449
2023-11-21,1.041525125183397,2.3546511198019338,2.3076649064067736,0.7677887848315443,1.4771491909872285
2023-11-22,1.0488459719891814,2.3013566043366502,2.296938735532536,0.7707057573465487,1.4837175302582237
2023-11-23,1.0498254015312307,2.332364365445571,2.3210188697093863,0.7671375715010207,1.4856481003166773
2023-11-24,1.0518249401929385,2.335271416990206,2.3215514975518623,0.7675250004394186,1.4843875366241248
2023-11-27,1.053213447433021,2.3565892527525896,2.310282852885064,0.7688966308388299,1.4814502098700915
2023-11-28,1.053427613082132,2.502906903663287,2.3084115311095443,0.7648113556763372,1.4765811250233667
2023-11-29,1.0534613622063065,2.5523255968713037,2.30906244785266,0.7686297542999492,1.4722301878920345
2023-11-30,1.0518481174289558,2.6046510458612593,2.3135600918107437,0.7675967358937368,1.4721712949291967
2023-12-01,1.060432576939441,2.6812018258022783,2.343312006488157,0.7795290918711834,1.486571349592505
2023-12-04,1.0577549066996366,2.765503658732438,2.32607293318049,0.776712100683478,1.483643016288614
2023-12-05,1.062936896473824,2.758720932811884,2.312376485274835,0.7787754197618304,1.484244329997835
2023-12-06,1.0709080257259742,2.796512011366752,2.3162291187926307,0.7912394791928351,1.4978581761813954
2023-12-07,1.0704526789573794,2.773255894772365,2.3061352073716415,0.7908423083838165,1.499444904143382
2023-12-08,1.07912668241415,2.803294737287306,2.324852414698065,0.7882603000003732,1.514597249913083
2023-12-11,1.0848113273907452,2.876938169920993,2.308436715106681,0.7911485453740025,1.5120795175751274
2023-12-12,1.0867418584913373,2.9525194397426393,2.30881058000188,0.7869229476517977,1.5117691979268688
2023-12-13,1.088431337931616,2.924418730178354,2.3232849259849786,0.7862930170827906,1.512204073617075
2023-12-14,1.1031125940544564,2.9069767166732374,2.3181469017227885,0.8136700917202362,1.5294751962861954
2023-12-15,1.0908230200837363,2.8110463818018396,2.317069833301742,0.8093013245038378,1.5176945069742929
2023-12-18,1.092517449809035,2.83333328403955,2.3407275398175913,0.8056605172082261,1.523874185284694
2023-12-19,1.0983303487147908,2.8585269420592003,2.351753713144331,0.810263847543074,1.5293169242179894
2023-12-20,1.1094436631828202,2.8963180206140686,2.397632741335653,0.8203155974652585,1.5470353034434834
2023-12-21,1.1048363934578187,2.9050385837225816,2.407023959439404,0.8161426256637125,1.5423021151594853
2023-12-22,1.1065573467723933,2.9302325375049283,2.4114840065828993,0.8134908281619189,1.5447939319248334
2023-12-27,1.1082834304291238,2.895348806257392,2.427747118714261,0.819619218656793,1.5491571185162818
2023-12-28,1.107204616903011,2.888566080336838,2.4177867898824936,0.8176348415653517,1.5471825903770005
2023-12-29,1.1069484294474035,2.9040699608912988,2.4205944000961503,0.8141359052927786,1.5491791969339348
2024-01-02,1.0987578656106771,2.888566080336838,2.436280246912177,0.8054337364078392,1.5491679757748051
2024-01-03,1.0892084328576925,2.856589104871241,2.455257264517466,0.7925960263016799,1.538632829599234
2024-01-04,1.0961694889548834,2.8856587330295063,2.4782661771669976,0.7882261658971266,1.5493798608456877
2024-01-05,1.0930510155458173,2.8740311183763576,2.4779803957026036,0.7824387816478443,1.5413122875463423
2024-01-08,1.1020043584290093,2.957364328475234,2.510147906663668,0.7886943474714058,1.546843342820123
2024-01-09,1.1019982126618548,2.9922477639600733,2.508559299482971,0.7832672352082709,1.5386507102883693
2024-01-10,1.0991271102106412,2.9961243256240815,2.525848165383669,0.7812105444144118,1.529844128933118
2024-01-11,1.0902118066545823,2.877906792752276,2.4923054764701975,0.7722124557497079,1.509057337727331
2024-01-12,1.1018563041281542,2.9554264912872745,2.5004586020914013,0.7776235894580326,1.5178737615425104
2024-01-15,1.1010031323114715,2.9069767166732374,2.493798775947495,0.7740129905996673,1.5120779123676158
2024-01-16,1.098289255986322,2.889534998930818,2.4795783575312997,0.7688311929126331,1.5028781614581188
2024-01-17,1.0859335632882552,2.8740311183763576,2.4537025209022807,0.7520836348309758,1.4854009335285698
2024-01-18,1.0870391225035791,2.9699614532477554,2.437530560926244,0.7563947003012192,1.489760846947506
2024-01-19,1.0857059041131585,2.9554264912872745,2.4288533249857607,0.755943874055361,1.4881122805096514
2024-01-22,1.0962601265897447,2.9932166825540527,2.452521361478252,0.7642125421399905,1.4969232743496246
2024-01-23,1.0902987183062132,2.924418730178354,2.4295504878442697,0.7628016308958064,1.495370823919189
2024-01-24,1.0969178422449446,2.9757752605743297,2.456832541350206,0.7707903537216485,1.5066392963671753
2024-01-25,1.0958744351872727,2.9699614532477554,2.4615839164154023,0.7693351511214513,1.5085374244669614
2024-01-26,1.1042229203031217,2.959302165663193,2.4413824083447553,0.7839989478756295,1.5254479115658237
2024-01-29,1.0996508495337485,2.945736418059389,2.448549128034322,0.779274159503664,1.5206748289467595
2024-01-30,1.1067336930132479,2.9757752605743297,2.4646913055816304,0.7786113841540041,1.524381325370308
2024-01-31,1.1034523037904327,2.918604627089082,2.4619539003459847,0.7786949086804642,1.5131413502187363
2024-02-01,1.0974690151339253,2.895348806257392,2.4296349777698536,0.7730308826419972,1.5100604633079362
2024-02-02,1.1008163530063189,3.005814103089271,2.4186503350458244,0.7695528564293687,1.5070187652999623
2024-02-05,1.0984635645676086,3.0019378371879593,2.4182718537189345,0.7646000698854057,1.4971154696351747
2024-02-06,1.1035427495673895,3.079457239960261,2.4338474397684378,0.7710709716306102,1.5102576446536842
2024-02-07,1.096907088250943,3.1288756374055815,2.4014083019297905,0.7638063507296445,1.4993292146154855
2024-02-08,1.0930811120993684,3.0784886171289783,2.4192846232873273,0.7601296283926976,1.4941818016443251
2024-02-09,1.0934332619542981,3.0823642915048968,2.4427499832435,0.7547513487356702,1.491751503686831
2024-02-12,1.0998621987906343,2.995155111267405,2.47206050821734,0.7605988501888042,1.4958436131867683
2024-02-13,1.083910492544307,2.968023024534403,2.454792655678298,0.7445574672774985,1.4782295072719367
2024-02-14,1.0953731598089895,3.0251939537823467,2.472593279077338,0.7502759301497128,1.488789894798317
2024-02-15,1.1023879356700512,3.100774927841296,2.512786924914974,0.7601438087574325,1.490353122702252
2024-02-16,1.1136908520399849,3.132751903306893,2.5340719304044867,0.7689715089872625,1.5136451122136694
2024-02-19,1.1153072102723418,3.2383723114061773,2.546562253452115,0.7664886784248824,1.5160240911916563
2024-02-20,1.115729471602089,3.202519365801965,2.5678153619589605,0.7648646699150728,1.5237261626277134
2024-02-21,1.1161188885912008,3.192829292574079,2.569790205179607,0.7624744088503677,1.5201054431604917
2024-02-22,1.1187123811504305,3.457363884831189,2.5981640132478843,0.7643305766616878,1.5342901122549246
2024-02-23,1.1202366077749968,3.42151153075237,2.593492455609098,0.7648191971688432,1.542132799531527
2024-02-26,1.1167012811310668,3.4999998521186515,2.5945072695617037,0.7611060821480907,1.5434227109105862
2024-02-27,1.1151490269600104,3.474806194099002,2.567777131110142,0.7586964753444789,1.5421182855517719
2024-02-28,1.11101106708295,3.5901163796634754,2.585990862720609,0.7449801158935447,1.5400764616223594
2024-02-29,1.1141068973868968,3.5765506320596705,2.6105610070500855,0.7489491049664566,1.538934678803563
2024-03-01,1.1183928972800399,3.631782836831565,2.684691564364014,0.7561288728573121,1.5546299600752929
2024-03-04,1.1156240245167464,3.6472867173860255,2.675389264263143,0.7481601754196147,1.5482463274332567
2024-03-05,1.118038962310381,3.6327517554255446,2.7051022513772827,0.7485971232264351,1.5519238721933555
2024-03-06,1.1251672908560326,3.672480375405675,2.7476965208225064,0.751057584999945,1.560158790101945
2024-03-07,1.129666150284229,3.779069702098939,2.7500630097793475,0.7572999252040004,1.5593176679342522
2024-03-08,1.1295228723312427,3.744185970851403,2.744935698906511,0.7553427522158117,1.5567685569757583
2024-03-11,1.1265630232529713,3.713178505505179,2.723985703427987,0.7565012595439699,1.5574119518486182
2024-03-12,1.1356464032684281,3.7965114198413583,2.745440810095835,0.759008419339896,1.5809629418740012
2024-03-13,1.1363567702101935,3.815891270534434,2.7403170034577484,0.7550954355163197,1.5805230596435227
2024-03-14,1.137440728467859,3.773255599009668,2.7551750734978007,0.7489654659449722,1.5704957528557455
2024-03-15,1.1370197129466162,3.812984810515192,2.712866970427428,0.7486208518471622,1.5734707651774378
2024-03-18,1.1351438985711662,3.779069702098939,2.7069043645834063,0.7462204337587772,1.5754569220333365
2024-03-19,1.133795744308446,3.882751977247568,2.696125069582167,0.7427630913783104,1.5751277900750424
2024-03-20,1.1373031664041633,3.940891825089491,2.694599797039961,0.7462681780515361,1.5773608835313664
2024-03-21,1.1587843109051068,4.071705595445728,2.749225812562794,0.7622794399467359,1.6130379758081745
2024-03-22,1.1663880427906388,4.068798543901093,2.7482431198952866,0.7628532842379485,1.6197813132381302
2024-03-25,1.1616354202736743,4.080426454316938,2.746465306573554,0.7589657311750164,1.6186754287526524
2024-03-26,1.161686681586254,4.1472868652673744,2.7912926491042085,0.7642413833524594,1.6296499253631063
2024-03-27,1.162091099188801,4.089147313188147,2.8157615636838056,0.7658425446596936,1.6365534120702585
2024-03-28,1.1610798344032305,4.134690332020246,2.7988156884669317,0.7714032333896047,1.6403031342996355
2024-04-02,1.1519968541772372,4.059108470673206,2.7778979547072824,0.7612718758743825,1.6369616075987525
2024-04-03,1.150836623448562,4.108527163881223,2.7762643193865815,0.7601866568616258,1.6444112166092968
2024-04-04,1.151263110817954,4.060077685029882,2.788854259340545,0.7644034574040622,1.6507446250008342
2024-04-05,1.13944910820332,4.080426454316938,2.7816817071663293,0.7516693396713656,1.6373074602224278
2024-04-08,1.1399765830204325,4.157945561326543,2.7934020654289227,0.7575719865829397,1.6465102407481131
2024-04-09,1.1380782166556977,3.9941861926734257,2.733383812441491,0.7582680681271872,1.6344823211849842
2024-04-10,1.1400255274083808,3.9583332470692136,2.74309588587497,0.7549973311071336,1.642323952426868
2024-04-11,1.1362603980391357,3.942829366514753,2.7569081500389503,0.7544495224927532,1.625665861319434
2024-04-12,1.1387926350781272,3.9215116786337183,2.7884986061762675,0.7545938811914673,1.6323899895624336
2024-04-15,1.1381296832764907,3.9418604479207735,2.7922593484534857,0.7537416705128043,1.631627007244524
2024-04-16,1.1172963636508746,3.854650971920585,2.752346229379701,0.740709128852908,1.5957075908583416
2024-04-17,1.1167342629412673,3.8895347031681218,2.7611271933443504,0.7436677653343484,1.6018507367579082
2024-04-18,1.1201393507545039,3.9001936949899862,2.7568749010302045,0.7465726446153811,1.6178037524438234
2024-04-19,1.117343081376205,3.832364365445571,2.750169589164259,0.7488933169101571,1.6189245508586259
2024-04-22,1.131973831819068,3.937015263425482,2.7766853148211124,0.7582661927179086,1.6443154424518411
2024-04-23,1.1404055229576933,4.042635671524766,2.8403046255442206,0.7639453670187834,1.6530723505282245
2024-04-24,1.1341626731365797,4.0406978343368065,2.8538050688725893,0.757142923170422,1.6530710954079508
2024-04-25,1.1253798817939877,3.931201751861604,2.8456551984341445,0.7520976198007482,1.6565636288920538
2024-04-26,1.1364028273211386,4.080426454316938,2.8767786549935463,0.7601574250405028,1.6665423598843407
2024-04-29,1.138931477744592,4.019379850693076,2.876698212628166,0.7653975933433662,1.6653579545707051
2024-04-30,1.1383972961059154,4.002907051544636,2.8496940790964027,0.7580137126890474,1.6655001964072165
2024-05-01,1.1343252736546756,3.948643469604024,2.8515960810779206,0.7560065532822258,1.6620298571608156
2024-05-02,1.1361668522770438,3.938953396376138,2.792638426213826,0.7610820447409,1.6718015429960693
2024-05-03,1.146418291446019,4.051356530395976,2.7607143988903644,0.7729599238270672,1.6754626842977343
2024-05-07,1.1636869006497648,4.054263581940612,2.790217239517811,0.7851242739140183,1.696248980666684
2024-05-08,1.171225936016629,4.154069886950625,2.8189029381955732,0.7881157808741529,1.7115103376476204
2024-05-09,1.1761454633748507,4.204457202989924,2.819426745750451,0.7914106269011852,1.7139978837603298
2024-05-10,1.1816517000097342,4.104651193742607,2.8495800481083586,0.7931261541155299,1.7271923408935475
2024-05-13,1.1803317483646454,4.076550484178322,2.834445181252074,0.7880739449665027,1.7297863926964647
2024-05-14,1.1857118249686838,4.065891492356457,2.8200078908211514,0.791520042838078,1.7360289242828189
2024-05-15,1.1942275362361765,4.132751903306893,2.751560143375548,0.8007992256120593,1.7350628368836916
2024-05-16,1.198826671222037,4.073643432633687,2.7804469620957226,0.8033179062825678,1.7266107508421578
2024-05-17,1.1969540004507286,4.051356530395976,2.758943673106167,0.7978614963527051,1.7236892753362303
2024-05-20,1.1949819202903715,4.23255791255421,2.791781109622561,0.798249653543944,1.7236364148830983
2024-05-21,1.1874352214251405,4.195736639881411,2.809674219092136,0.7941299321667967,1.7185818006807485
2024-05-22,1.1843061452382997,4.1472868652673744,2.7616845853859466,0.787985862241905,1.7168840767404527
2024-05-23,1.175190308030787,4.267441643801746,2.7580352197910156,0.7827836581924089,1.7140816030626014
2024-05-24,1.1736344286389764,4.310077315326511,2.752368537977566,0.7848358980487546,1.7161274942594578
2024-05-28,1.1666485940423126,4.370155296119091,2.7247721575001447,0.7826141178468715,1.708797931157454
2024-05-29,1.155820296010342,4.33139559473294,2.6932468991124487,0.7721895711416543,1.6985538401279752
2024-05-30,1.163851124902659,4.370155296119091,2.6717228416842715,0.7836504057603815,1.707995346223662
2024-05-31,1.1656669357798894,4.393410821188085,2.699615555202492,0.7804586478952081,1.7135584337628447
2024-06-03,1.1668612100382707,4.466085335227792,2.7164850597419417,0.7881401519420551,1.716729617246283
2024-06-04,1.1685556230049576,4.341085372198129,2.710793674408312,0.7843444678216563,1.7032998815220937
2024-06-05,1.170704533202193,4.392441606831408,2.6617662819510537,0.7842146654279031,1.7069491442135374
2024-06-06,1.172521297506274,4.439922462851466,2.6883150199020145,0.7884105321544705,1.7184267638181938
2024-06-07,1.164128281396745,4.427325633841641,2.666160693220942,0.774597976229915,1.7167636189403033
2024-06-10,1.1604344492816543,4.505814250970619,2.6660742364368395,0.7685222737232604,1.7089621820457987
2024-06-11,1.1523928960619232,4.505814250970619,2.6405054253928055,0.7594001193161396,1.6853572747600312
2024-06-12,1.1688215109050328,4.548449626732689,2.6762413763003066,0.7715897935358436,1.7072540124051718
2024-06-13,1.1673675543357807,4.532945746178228,2.67190320813497,0.7596347426778752,1.6898392865079368
2024-06-14,1.162406359637448,4.436046492712851,2.647548954291188,0.7528038244488209,1.6882197297147694
2024-06-17,1.1576348251313213,4.472868356911043,2.6600233713612598,0.7519965072791006,1.6909108201327658
2024-06-18,1.168716789954403,4.533914664772208,2.678794253849618,0.7574061977332475,1.7026218052905815
2024-06-19,1.170817518830192,4.57848846924763,2.6876237915315073,0.750611544559318,1.7093828594228955
2024-06-20,1.1823093538617218,4.704457350871272,2.7342766117986983,0.7610593647068734,1.72356475085482
2024-06-21,1.1746096987648298,4.5852714909308805,2.7166267913705644,0.7567619520387876,1.7124747835135157
2024-06-24,1.1816984452092565,4.5668605588317845,2.7592706003361847,0.7623219514386522,1.7215745171235854
2024-06-25,1.1704669186624723,4.515503732673112,2.716902781389829,0.7545924675859994,1.7109464210958816
2024-06-26,1.1683653898010342,4.473837275505023,2.707888795222003,0.7522727564063413,1.709509803373871
2024-06-27,1.1650616636403297,4.4060079459606065,2.695457970173971,0.7507918537813214,1.7128114930684273
2024-06-28,1.16125554348158,4.426356419484965,2.6970486455305123,0.747856581976681,1.7065067485830812
2024-07-01,1.1590839729186635,4.387596718098814,2.676888783815477,0.7473454722714231,1.7076384862147487
2024-07-02,1.1498112569734353,4.32364365445571,2.673272986282747,0.7435498479422484,1.6959918152665743
2024-07-03,1.1628831234257764,4.416666642019775,2.6984438724324042,0.7548015071798908,1.7114300031771499
2024-07-04,1.1696521480581064,4.475775112692982,2.6952350794512654,0.7580530886461321,1.728148516279285
2024-07-05,1.1746828401651874,4.401162761465315,2.7173018967907625,0.7618923154805991,1.7195685167107488
2024-07-08,1.1780992126832015,4.469961305366407,2.747280178084012,0.7594763583699848,1.7239391490448819
2024-07-09,1.1737117304584355,4.33817861641619,2.6963895459467246,0.752470882000896,1.7072611921294965
2024-07-10,1.1834903490058124,4.401162761465315,2.754462120849076,0.7633378493438329,1.7172386750360928
2024-07-11,1.1937576014999312,4.391473279762822,2.7544619742106407,0.7721553920103315,1.7279440810522835
2024-07-12,1.1976759659272322,4.360464927128508,2.7457941870228875,0.7752539986492378,1.7339212166439062
2024-07-15,1.185784105857521,4.35562033415861,2.772559604718655,0.7658803835532529,1.7199433960426902
2024-07-16,1.183841644523146,4.44670518877202,2.7895276299177696,0.7657536372074945,1.725080169488691
2024-07-17,1.1764629469742431,4.3333334319209,2.763489405593435,0.7643490820253149,1.7280687725195996
2024-07-18,1.1765360443745294,4.211240224673175,2.7604834502959963,0.7684489460065015,1.725991356981052
2024-07-19,1.171819279068686,4.322674440099033,2.7282740663399934,0.7585502653613772,1.7191120963362465
2024-07-22,1.1763568919370346,4.295542649128728,2.7441745454748063,0.7640025914975891,1.727018609372392
2024-07-23,1.1754941448986005,4.457364476356583,2.750693475748551,0.7593245670107202,1.7282213115887257
2024-07-24,1.1708857995222082,4.301356456455302,2.741946745760859,0.7584277047986434,1.7191825835496701
2024-07-25,1.1653561767864196,4.176356789188336,2.6694207336467484,0.7581449252182444,1.720366394394369
2024-07-26,1.1818331738959977,4.2810076871682465,2.7533805970341154,0.7676070757241771,1.743946768839899
2024-07-29,1.1833717104317232,4.261627836475171,2.7408573598790444,0.7654761372712581,1.7505432863459607
2024-07-30,1.1871050918765274,4.309108692495228,2.7689306859778826,0.7687689328237594,1.75508868778959
2024-07-31,1.1964905435875213,4.356589252752589,2.7814771993522998,0.7751171220855115,1.7680612473935942
2024-08-01,1.1859581222003464,4.661821679346507,2.726245933774461,0.7706066748976257,1.7285366321125517
2024-08-02,1.161067597082882,4.495154963386057,2.633911791588167,0.7561618413839508,1.6853825966859601
2024-08-05,1.1315002112493342,4.300387537861322,2.5765701116258795,0.7386564312311914,1.6556121248832363
2024-08-06,1.1342337085598968,4.539728767861479,2.5889243476605324,0.7369031453447482,1.6584904229073627
2024-08-07,1.1507422813225225,4.6482559317427015,2.6201083997647543,0.7457683517536403,1.6858397995917156
2024-08-08,1.1455848495486813,4.620155222178417,2.6164063305137173,0.7418581092025276,1.686153458867507
2024-08-09,1.1496975098216045,4.699612462138678,2.6112689778431224,0.7446595078306789,1.6953812116841889
2024-08-12,1.157367575131417,4.716085261287118,2.6622924620818544,0.7446559986360268,1.7051171117867523
2024-08-13,1.1617805259154173,4.767441791683094,2.656448660209237,0.748461890087584,1.709461389992654
2024-08-14,1.171440831555903,4.836240631346882,2.6978056979927425,0.7555993287334122,1.719091297476561
2024-08-15,1.1822102050251369,4.874030822613661,2.754511439738315,0.7622371554442133,1.7435247057166339
2024-08-16,1.1796736851197447,4.854651267683282,2.7523877297542363,0.7587857596844072,1.7392776218856358
2024-08-19,1.183205306686238,4.844961194455396,2.7753509886365593,0.7653418238148367,1.7505750123616177
2024-08-20,1.1729054353663237,4.77713186491098,2.7416635244071097,0.7583174400106953,1.7330634369310152
2024-08-21,1.1756643277388608,4.7722869761783855,2.7312633792587855,0.7631714079828151,1.7369971715344554
2024-08-22,1.1787972238724045,4.821705669386402,2.7411721652592558,0.7649507446462892,1.7382603720318317
2024-08-23,1.1833801341028476,4.834302498396227,2.747411788601804,0.7723166169631893,1.7472067944910428
2024-08-27,1.1852519989550903,4.788759775326825,2.7656850923097154,0.765927649902286,1.7505643713844745
2024-08-28,1.1872984275057146,4.846899327406051,2.776319050797445,0.7615952285178866,1.747520105389302
2024-08-29,1.1962310728059427,4.846899327406051,2.801034473619293,0.7598790707242904,1.7581653130571018
2024-08-30,1.1974310637455674,4.810077167445163,2.793682609414571,0.7627224332217223,1.7588736961717877
2024-09-02,1.198749488276227,4.499031229287369,2.7662999877468115,0.7688062418572016,1.7579866554973809
2024-09-03,1.193325008219135,4.576550336296974,2.7226008749598085,0.7609116317304963,1.743842295768152
2024-09-04,1.1888658265220753,4.657946004970588,2.694904270411842,0.7558587282467242,1.7359745935244362
2024-09-05,1.1890267043953087,4.630813918237586,2.6741205044402183,0.7554157887268619,1.7381332286388056
2024-09-06,1.1824801090028692,4.483527348732908,2.589120955591798,0.7493362217890588,1.721711786833713
2024-09-09,1.1974432226451501,4.608527015999875,2.6246687837455203,0.7524528007337082,1.7436742793054107
2024-09-10,1.1966200539862113,4.600775371485341,2.6060643146270364,0.7542776640921016,1.730541838592695
2024-09-11,1.1959094054037311,4.642441828653431,2.590748155034609,0.7497824414817952,1.7249331906836811
2024-09-12,1.2037917234305215,4.784883509425513,2.615638369303506,0.7568036774958589,1.7430944724990336
2024-09-13,1.2115745243264637,4.856589400633938,2.624482047099892,0.76661873273213,1.7522175459413172
2024-09-16,1.213056848907946,4.80426336011859,2.6112960363237128,0.7675304539370109,1.7558843113962763
2024-09-17,1.219381781444569,4.796511419841359,2.574261417753866,0.7756382599464329,1.769187409607692
2024-09-18,1.2085315352970853,4.806201493069245,2.573161382005407,0.7685174823336202,1.7552009006932923
2024-09-19,1.2157162058603144,5.087208884474795,2.6386204143593495,0.780129349570445,1.7728062587755926
2024-09-20,1.1992935153807394,5.098837090653337,2.595715498962826,0.764435287035726,1.7557234608623995
2024-09-23,1.2039648717268676,5.137596792039488,2.60238541211109,0.7693056917153269,1.7603347256052622
2024-09-24,1.2026349172058786,5.102712765029255,2.5974299608402798,0.7714821681317576,1.7678632110709362
2024-09-25,1.2041959437529,5.153100672593948,2.56518021659656,0.7718941620684727,1.7609116866813077
2024-09-26,1.2064208040872926,5.104651193742607,2.5658829068447373,0.7821681090427485,1.7702740774616392
2024-09-27,1.2103365399717236,5.087208884474795,2.570318541289318,0.7882869269540947,1.775328445815997
2024-09-30,1.1941691669064167,5.10852745964392,2.5298007660720314,0.7758221600575739,1.7523977337992878
2024-10-01,1.1937979200341557,5.085271047286835,2.5099678311255373,0.7752479147889614,1.747846614942948
2024-10-02,1.1877626677473925,5.027131790970306,2.5370784100130477,0.7705249675288356,1.7495764237551936
2024-10-03,1.1838728997960892,5.168605144673802,2.539469565730368,0.7680787035439456,1.742915522410026
2024-10-04,1.1835228705100165,5.137596792039488,2.5769148293097386,0.7695717171803397,1.75785420422322
2024-10-07,1.1804744971350787,5.102712765029255,2.5592827724726424,0.7642944229082462,1.7671178892441886
2024-10-08,1.1721278721615473,5.112402542494445,2.539970029427235,0.7532528374232139,1.752186751574161
2024-10-09,1.1799380798025758,5.145348732316718,2.5857465282956626,0.7607770160973187,1.7720531207121124
2024-10-10,1.1771411630394675,5.135659546376922,2.5766131235028955,0.7567397487857968,1.7740556660243727
2024-10-11,1.1799179944200615,5.2054264173466,2.6105531754643456,0.7595586168406046,1.7814891026394835
2024-10-14,1.1880996456605624,5.218991869187708,2.6449391921336245,0.759279034799562,1.7883040324626627
2024-10-15,1.18791287896362,5.23837201564348,2.638943273072776,0.7590385220445405,1.78414352372268
2024-10-16,1.200405863399089,5.426357011010358,2.6674747382444095,0.7698470078464923,1.7951430538574276
2024-10-17,1.208157046558897,5.513565599722456,2.704015955900565,0.7752661095594774,1.8108893471346175
2024-10-18,1.20466302488998,5.498062902218782,2.715142199854808,0.7740328058516032,1.8098280724274873
2024-10-21,1.1944475995750203,5.494186044792078,2.70551811198653,0.7654837272084529,1.7861781175420828
2024-10-22,1.191971734319293,5.437984625663507,2.71170849958574,0.7637814623885301,1.7864878721906374
2024-10-23,1.1838225302510816,5.439923054376859,2.661166054512947,0.7603942360574659,1.7781613638361164
2024-10-24,1.1832114476216646,5.375969103445665,2.645550947855127,0.7573801318935816,1.7809830021754545
2024-10-25,1.1823984959748395,5.389535146812166,2.632243162145451,0.7548188474292281,1.7709485857854828
2024-10-28,1.191285508414272,5.430232685386277,2.602962102892003,0.7583651002205043,1.781331387324867
2024-10-29,1.1765502926264486,5.374030674732313,2.6016662752331166,0.7511055503062783,1.760543678191422
2024-10-30,1.1725488693849666,5.379844777821583,2.6162553592035716,0.7491423964696807,1.7634886765740057
2024-10-31,1.1556220151961223,5.187984699604181,2.5942927695008806,0.7300458329951304,1.7553058005056652
2024-11-01,1.167873108939456,5.317829255603742,2.6248684978110637,0.7359673175418845,1.7735593271847976
2024-11-04,1.164639614122615,5.3255811958809725,2.6020280645336435,0.7352020743653525,1.7755463596502234
2024-11-05,1.1717698583174307,5.426357011010358,2.6610608896236156,0.7329428418920081,1.784961703404698
2024-11-06,1.1746736275812837,5.56201567009919,2.7647411412316374,0.7218146217215011,1.8047737372652215
2024-11-07,1.172682860854842,5.356588956989893,2.798660127730586,0.7262677616120778,1.7956747571084832
2024-11-08,1.1675474697080492,5.360465222891205,2.7525329878420464,0.7197912848803635,1.7869067761553457
2024-11-11,1.1778128753179842,5.542635523643418,2.8328427601525523,0.7210864822829571,1.8053214318524278
2024-11-12,1.172488545667725,5.4069768645545855,2.8185217360357777,0.7114545331377067,1.7824147766866454
2024-11-13,1.169113892169131,5.403100598653274,2.8066135492203523,0.7063349646083783,1.7888906575972694
2024-11-14,1.1708056845969423,5.2829464116442955,2.841231749096832,0.7155961642570362,1.7994998675178153
2024-11-15,1.166454772691445,5.220930297901061,2.8221158760757588,0.717163976447134,1.800994542995552
2024-11-18,1.1722184817158667,5.224806563802373,2.841813273585807,0.7181379400440284,1.8110846489202888
2024-11-19,1.1727038652826236,5.112402542494445,2.8428357614963424,0.7187350231491832,1.8015935549751483
2024-11-20,1.1665802206224052,5.098837090653337,2.8310668507672454,0.7116963556229712,1.8111348531094351
2024-11-21,1.1786742265991907,5.240310444356833,2.880629859715524,0.7106019481236677,1.8339326892173262
2024-11-22,1.2020970331045462,5.286820902969428,2.881964293089299,0.7221272455670045,1.849630187740543
2024-11-25,1.2058483048759245,5.257750979048466,2.908470641730432,0.7264268150939875,1.8625544139612542
2024-11-26,1.203019499092869,5.251938059009982,2.9109420796570644,0.7220859632107602,1.853310537234441
2024-11-27,1.2077010931532015,5.228682238178291,2.9010118221901533,0.7255375695958701,1.8621240110210846
2024-11-28,1.211737646174648,5.286820902969428,2.9158017316826395,0.7270606538752116,1.8660524493666946
2024-11-29,1.2141740972584334,5.412790376118464,2.8379186086404196,0.727437486142391,1.8696780217502424
2024-12-02,1.2212676880823894,5.552325892634,2.843543297436619,0.7291996309515834,1.874169602401653
2024-12-03,1.2232721431175473,5.730619927484902,2.8748827286818255,0.7307662809464154,1.8860224268189558
2024-12-04,1.2270556665345884,5.7635661173071755,2.862034817670115,0.7335061119638893,1.890077973623143
2024-12-05,1.227682507665035,5.7034878407519,2.8597718614233463,0.731751941569308,1.901021992535388
2024-12-06,1.2204874318303713,5.682171040158955,2.8487053602313965,0.7308690492180947,1.8955250286442593
2024-12-09,1.2193718723252909,5.643410747247411,2.812351752796407,0.7356137155379916,1.9009003281553234
2024-12-10,1.2124961652619102,5.482558430138929,2.777588823663055,0.7317508461651491,1.889888126548967
2024-12-11,1.2132091865391534,5.591085594020152,2.795831783817106,0.7332437919785534,1.8990225123721316
2024-12-12,1.2111076966118697,5.575581713465691,2.817386999602479,0.7299944865996991,1.9019417052795948
2024-12-13,1.211637648093995,5.548449626732689,2.807904961994719,0.7279424517371993,1.9077580389954207
2024-12-16,1.2066944008791005,5.6569767906139115,2.8048037708791425,0.71966703516839,1.900601259515275
2024-12-17,1.1935367236573573,5.629844703880909,2.7671699796983313,0.7136769786358508,1.8851755278472668
2024-12-18,1.1949987467847152,5.68604612300948,2.7986078892864734,0.7134454316643088,1.893078916587514
2024-12-19,1.1785745193565063,5.616278660514408,2.7722227663857977,0.7016915452629763,1.866713046788844
2024-12-20,1.1753407642886884,5.575581713465691,2.7567293988204233,0.7025110462788425,1.8650933894118733
2024-12-23,1.175499153755503,5.57751955065365,2.75772927457053,0.7019170865120751,1.8689768845616597
2024-12-24,1.1821416660003283,5.57751955065365,2.7869809166428103,0.7047267681387519,1.879401721412148
2024-12-27,1.1777346932173915,5.600774779959948,2.7837149073318974,0.7033271128968679,1.8826570775865448
2024-12-30,1.1730625249642488,5.527131643088957,2.7959080197907356,0.7000986154063505,1.8802498851223437
2024-12-31,1.1795170025782769,5.509689925346538,2.802303023782559,0.7084611914378373,1.886714029181008
2025-01-02,1.1918202397442001,5.7015505950893335,2.8246539526786654,0.7100887731279489,1.9067009562889927
2025-01-03,1.1842057574983036,5.668604996792453,2.818162170064796,0.7037105909726673,1.9004572281079526
2025-01-06,1.189887656684787,5.5232559687130385,2.8219448879963074,0.7065883330760685,1.9110853562045305
2025-01-07,1.1870846842116416,5.587208736593447,2.8306125306516887,0.7034571485902792,1.9071026162472982
2025-01-08,1.180134214174949,5.600774779959948,2.82016848804329,0.6928202640369416,1.9039949742433613
2025-01-09,1.1861134761165653,5.633721561307614,2.8057182565806054,0.6971064894438488,1.906731662209955
2025-01-10,1.1703992401829506,5.620155517941113,2.7817596218408944,0.6869172186178242,1.886785919547908
2025-01-13,1.166476416991712,5.498062902218782,2.7719459086827447,0.6848904820643557,1.8807675280260965
2025-01-14,1.1620971423358857,5.488371941702806,2.7666566455650057,0.6840767141577581,1.8870672797254808
2025-01-15,1.1849205143431536,5.459302609307238,2.8105212604725804,0.7006713124363373,1.9258547014902532
2025-01-16,1.1984741383497266,5.608526720237178,2.8501471949701553,0.707132801122149,1.9408179477347662
2025-01-17,1.2133598306962439,5.697674920713415,2.8503304524226607,0.7180636533813398,1.9662676991390229
2025-01-20,1.2157063017910292,5.769380220396446,2.8605162534004016,0.7203457468926242,1.9700807144358006
2025-01-21,1.218624277646484,5.755813585504552,2.888321742988376,0.7228046504062938,1.981111877142541
2025-01-22,1.2233839796361308,5.846899623168748,2.8863185549079686,0.7209406188960193,1.9880777858931027
2025-01-23,1.222904595483245,5.926356863129009,2.9087560737490827,0.7204997051161949,1.9937371745557357
2025-01-24,1.2154504944139504,5.868217015287087,2.889663354517581,0.7223183605890342,1.96984138532767
2025-01-27,1.214600767825969,5.715116046930442,2.855430021944352,0.720084866947983,1.9627059874130681
2025-01-28,1.225164659214447,5.6472870131487225,2.8851265893319606,0.7278002598430298,1.9710968937765472
2025-01-29,1.2292057562849998,5.660853056515223,2.928345132666943,0.7290869347051792,1.989936700982156
2025-01-30,1.2410555219510526,5.775193731960324,2.9318936636532724,0.7408907618237915,2.0155873767956196
2025-01-31,1.2484847513683208,5.872092689663005,2.9650845858736283,0.7439346894296602,2.021198148998025
2025-02-03,1.2350389699718642,5.769380220396446,2.9610208554268747,0.7348426710820435,1.999503503291028
2025-02-04,1.2349492134282316,5.751937911128634,2.9397615467289,0.7342497798911877,2.007539674464964
2025-02-05,1.2433142457127513,5.831395151088895,2.9476570276104814,0.7388352513740839,2.0197069295227155
2025-02-06,1.2498813908987123,5.872092689663005,2.9862512086972735,0.745422982754381,2.047954328710588
2025-02-07,1.2432719176138276,5.841085520079478,2.9974362969138864,0.7385910802566518,2.041465062777737
2025-02-10,1.2526424896382697,5.943798580871429,3.0201495779704843,0.7464856387422274,2.049809782703941
2025-02-11,1.252429110214997,6.00775194027723,3.0560167723572604,0.7411960499259566,2.0576497011109622
2025-02-12,1.2515056910859232,6.015503289029067,3.0766930015298035,0.7464460285141529,2.0626678924590043
2025-02-13,1.2553356990467812,6.050387907564693,3.0894268868082726,0.7537765383353168,2.052699051173264
2025-02-14,1.2534718218755256,6.052325153227259,3.101915405635146,0.7542620596396454,2.047396022892817
2025-02-17,1.2562141030728864,6.1569772342579565,3.175866625587963,0.7547996811924356,2.0562568626963174
2025-02-18,1.2493865677682015,6.244185822970055,3.1909857529984222,0.7521334940335521,2.0497411429102517
2025-02-19,1.242018570577274,6.226744696753029,3.172398399405009,0.741049670444597,2.030617766234919
2025-02-20,1.237134955342404,5.992248651248163,3.1769722608577387,0.7408277110761458,2.01996371664207
2025-02-21,1.235978541672297,5.9244190259410505,3.194631738829096,0.7402509721065859,2.027550054688998
2025-02-24,1.2328625580649788,5.874031118376357,3.2357135407720086,0.7375532697238163,2.019675760037155
2025-02-25,1.225781041265797,5.9593018699004965,3.2715725577520978,0.7341467689965094,2.025039735459122
2025-02-26,1.2398608835614218,6.114341266970494,3.2978764709765236,0.7418847166607755,2.052314903298259
2025-02-27,1.2342651805303329,7.089146721662754,3.268558322548185,0.7329514016652101,2.0586387743488515
2025-02-28,1.2376711198433634,7.209302683247913,3.2663222437819264,0.7336321766018472,2.080744987459342
2025-03-03,1.2356117385167327,7.527132234614351,3.387846061454874,0.7388066847695209,2.091160826518474
2025-03-04,1.2151372101594555,7.620155517941113,3.298743429816695,0.7295100481699509,2.05037021193701
2025-03-05,1.216626665162913,7.802325227167933,3.3815922295113245,0.7329410300830786,2.052742652481491
2025-03-06,1.2017192405114887,7.798450144317408,3.420923715225841,0.7360925027513178,2.027630799550128
2025-03-07,1.2000601485270679,7.765503954495134,3.3562673292030363,0.7357539846268202,2.01217782288979
2025-03-10,1.1931714354289702,7.100774927841296,3.284005976647338,0.7326113731088508,1.9881542966596109
2025-03-11,1.1820954467542715,7.242248873070185,3.280309903920686,0.7252561881913464,1.9542198583636616
2025-03-12,1.1877941459035894,7.5678297731884605,3.320254481905401,0.7221734984424116,1.967686323578434
2025-03-13,1.1776317716511493,7.474806489861699,3.320274624401314,0.7176290704764954,1.961465987421249
2025-03-14,1.1848530934211794,7.717054475643794,3.4264204661547795,0.7245302053018441,1.981443266369494
2025-03-17,1.1872795110115009,7.767441791683094,3.398058024417478,0.7310612992749383,1.985865240600863
2025-03-18,1.1880117088975313,7.860465075009857,3.458380127441932,0.7327921740483325,2.0061687054619797
2025-03-19,1.192197588127236,7.875968955564317,3.4633875525727356,0.7308893751874409,2.0038074330369073
2025-03-20,1.198577267167783,7.7189923128317535,3.4135071992950836,0.7328311275524043,1.9903618704411998
2025-03-21,1.189448145454001,7.757751422692511,3.3805865272092612,0.7253462707637398,1.9750049663199918
2025-03-24,1.1932996031514438,7.655038953425953,3.3998275108882217,0.7262176795659677,1.9853084942799253
2025-03-25,1.1984199529160433,7.769380220396446,3.405539321891388,0.7241905065911616,2.0016209013626365
2025-03-26,1.196763322094055,7.767441791683094,3.420812537067138,0.7232819850114769,2.0113546575674475
2025-03-27,1.1903842556817978,7.722867987207672,3.4061944998527984,0.7184957116543766,2.013581288163997
2025-03-28,1.1918996649511526,7.472868061148346,3.383774052607923,0.7202420469390728,2.001447913371656
2025-03-31,1.1788678660574852,7.257751570573859,3.3377900040230357,0.7101547179229594,1.9847206958505095
2025-04-01,1.1854222677166535,7.552325892634,3.380335385765954,0.7147561755820636,1.997265631732189
2025-04-02,1.1858295302237885,7.323643358693013,3.370004848101155,0.711816271396435,2.0016675054587894
2025-04-03,1.1795366716410367,7.228681646652898,3.3749875667954825,0.7022795517293474,1.9403332239345676
2025-04-04,1.1310423452313028,6.385658585148158,3.169579153588864,0.6683184599244258,1.8432824351046155
2025-04-07,1.080631021859453,6.160852317108482,3.0526597187998985,0.6442304110161325,1.7706385431239384
2025-04-08,1.1120692843408406,6.581395520792266,3.19348394857811,0.6614464436710626,1.8190345315170318
2025-04-09,1.0871449915523814,6.430231798098187,3.1592489791078733,0.6453862068497137,1.7719720870873243
2025-04-10,1.1252745774044957,6.720930445782409,3.310415973629655,0.6706688939119907,1.8300378535072646
2025-04-11,1.1330424592106554,6.722868282970368,3.314622001308132,0.6784518703029795,1.8359454150637031
2025-04-14,1.156533840807232,6.87596865980162,3.4012309610389826,0.6938375112216117,1.8836202813463203
2025-04-15,1.1766517132066263,7.091085150376107,3.503823981692123,0.7056183404947542,1.9179695686891063
2025-04-16,1.1652131218497142,7.017442013505116,3.50828906732949,0.7104964808044649,1.9173810465283052
2025-04-17,1.1672266946880274,6.92305467262175,3.489827285633433,0.7130202398966518,1.917070081469362
2025-04-22,1.1735307479076456,6.938559736226996,3.535716351966447,0.715190994041771,1.9210667518447155
2025-04-23,1.1807714575127286,7.052909876078388,3.5766195701505454,0.7168150901198657,1.9520180133983107
2025-04-24,1.1856123201603,7.124621682540743,3.5909005627221213,0.7170523938602799,1.9465790192909935
2025-04-25,1.1902683667470981,7.320373997845073,3.6335448069882075,0.7182236790982286,1.94946021760701
2025-04-28,1.1905449062720284,7.31068362885449,3.6420041458534,0.7216856205373192,1.9445098588704526
2025-04-29,1.1973231269396696,7.295177973723851,3.6898653076878376,0.7239798413137672,1.9548050664155368
2025-04-30,1.210320084372552,7.308745200141138,3.7101526629873094,0.7251935284262133,1.9634812558191062
2025-05-01,1.2187619324174783,7.432786300508504,3.739662352014799,0.7339866579906807,1.9627144486989336
2025-05-02,1.2266974211152488,7.597529080127734,3.7624772948110454,0.7407783991204036,1.9839856504883553
2025-05-06,1.2314198219183845,7.570395218818552,3.8313917013099164,0.7443167427621473,1.97805218014452
2025-05-07,1.229966604939435,7.423095931517922,3.804449664687465,0.7415695548998095,1.9767446111966833
2025-05-08,1.2336915978222072,7.694436319185919,3.743612881716454,0.7423818392708235,1.9771552970313169
2025-05-09,1.2342355860804883,7.671178132252656,3.7423625045699525,0.7472489388265856,1.9866633374571554
2025-05-12,1.2392048455032958,7.6072194491183165,3.731588154706119,0.7501450822265352,2.0076479326694643
2025-05-13,1.2417388732172807,7.762270676696177,3.740602117213508,0.7523930809274922,2.017547306444114
2025-05-14,1.243039055914629,7.72350801768306,3.7690236225554004,0.7542669603737071,2.0167718968406603
2025-05-15,1.252064975509605,7.907632126808847,3.6890786079264366,0.7587744238739288,2.024534026222241
2025-05-16,1.2596509683587847,7.845610689337074,3.7239103338625723,0.7603707226223549,2.0357800090959914
2025-05-19,1.2629220911288785,7.938642254019341,3.763156403102703,0.7603323742209126,2.0431726135855386
2025-05-20,1.2736469116942963,7.923137190414095,3.8067585725943345,0.7672555133870987,2.0755633786715966
2025-05-21,1.2733932966058223,7.989034302261787,3.854295329804592,0.7638207573821235,2.075638462267129
2025-05-22,1.270179517679001,8.13051830342236,3.8926673921483315,0.7539685445874795,2.072864265145816
2025-05-23,1.2661472665754305,8.099508176211865,3.9149796929493506,0.7524134099028378,2.0571930929632307
2025-05-27,1.2761356848330416,8.252621566601766,3.9479146188172813,0.7588926814672131,2.0746331004108662
2025-05-28,1.272015989839999,8.312704575360188,3.918517139977957,0.7568626130298413,2.055102334891715
2025-05-29,1.2639437179900024,8.246807463512496,3.912887774143629,0.7605840393478143,2.0576400423098984
2025-05-30,1.2704170738989693,8.394106750813126,3.9540491648016856,0.7612340669093905,2.060899627452726
2025-06-02,1.2722728142593285,8.419302183408956,4.011014634138396,0.7652068945252845,2.0645367951908655
2025-06-03,1.2710682447221981,8.66544654695573,4.076590632277649,0.7613732038306263,2.0654637427902642
2025-06-04,1.277611786051562,8.636374848458589,4.13069397174414,0.7651100122307426,2.062905733467745
2025-06-05,1.2796139168148593,8.49295182705927,4.169547023568417,0.7678654689719255,2.0629164692356814
2025-06-06,1.2813388311691338,8.576291839700168,4.1348632079405965,0.7662334455722278,2.0744119227079456
2025-06-09,1.2826514992663756,8.607302558436054,4.144138130164206,0.7690365681579943,2.0701099337474544
2025-06-10,1.287579528134961,8.527838811696467,4.079985344281155,0.7749779220602372,2.0668552893432035
2025-06-11,1.2918640354657867,8.657694606678499,4.083517114708881,0.7750526168921786,2.068663616311937
2025-06-12,1.2914787693400973,8.59955002663343,4.082593553288393,0.7754649519599981,2.066181857641634
2025-06-13,1.2857314983607226,8.43093098111289,4.08625418811494,0.7691091886103326,2.0557129065049176
2025-06-16,1.290893042600683,8.580168697126872,4.085743472645925,0.7726696874468044,2.07583136292854
2025-06-17,1.2842851339041768,8.630559562318531,4.080270348234007,0.7698302155415988,2.05781457131851
2025-06-18,1.2873910282077756,8.634436419745237,4.100552337998389,0.7708954205241784,2.0679243923224955
2025-06-19,1.2785933015343767,8.55497267300565,4.06653022849231,0.7637048680881464,2.049300327742191
2025-06-20,1.27785226816506,8.60342570100935,4.061460145527114,0.7634075904131846,2.05184579956219
2025-06-23,1.279348830048072,8.591796903305415,4.0435001361512315,0.7613558728175599,2.0388283121169595
2025-06-24,1.2858894829964846,8.8108079970684,4.026579202700981,0.7666097963388946,2.054667429876106
2025-06-25,1.2836323758444685,8.88445704919332,4.107861770343144,0.7648443024522372,2.047594378731841
2025-06-26,1.288104223997364,9.049199237287157,4.1886998165667535,0.7755968154570522,2.0494228157065293
2025-06-27,1.2962433418303763,9.24688998130484,4.179150887227794,0.7801165067142917,2.070551485965384
2025-06-30,1.2902358352624657,9.376745776286873,4.195958736498918,0.7764021582728104,2.064207175967918
2025-07-01,1.2930940102785604,9.105405388618871,4.131314114982223,0.782599535088051,2.0605828818907215
2025-07-02,1.2802830620337684,9.142230801969424,4.066686038601486,0.7736296908926897,2.041918140188401
2025-07-03,1.2971043948467464,9.248828410018191,4.113445292487585,0.7793892886202313,2.067500555070974
2025-07-04,1.293060057986725,9.328292156757778,4.099782867033293,0.7757557705082267,2.060489590298457
2025-07-07,1.2942977708563892,9.39806553450678,4.133031185728992,0.7738896967677337,2.0618550800071036
2025-07-08,1.292698401067645,9.365116978582936,4.147644391807437,0.773018924881225,2.0746000421719386
2025-07-09,1.297114872314075,9.53955071871814,4.130864983299609,0.7723723747286675,2.0797497522324315
2025-07-10,1.3055815937629796,9.452333848650538,4.12151718535037,0.7789744123537002,2.1010725255357587
2025-07-11,1.30050261662516,9.574436520304554,4.135904955346246,0.7754023893497523,2.095798803374294
2025-07-14,1.3070771309134803,9.67522002526405,4.1752408454948355,0.778587161975139,2.112872587879066
2025-07-15,1.3022402485432136,9.597694707237816,4.126912535010421,0.7701436645342219,2.1032152828428674
2025-07-16,1.302962896590008,9.578313377731256,4.15723302993227,0.7673125682524119,2.101254229305362
2025-07-17,1.313302718180875,9.787632919452877,4.16951644790007,0.7720396701853555,2.1256826617500293
2025-07-18,1.3187278265610398,9.739179299923782,4.192664710445687,0.7783080627766426,2.128323550806317
2025-07-21,1.3247330076349109,9.690725088869296,4.209540801811366,0.785356755535126,2.135876193859694
2025-07-22,1.3239581685048012,9.527921329488812,4.183405183947425,0.7851311837756152,2.1320325009051255
2025-07-23,1.3231351029497238,9.529859758202164,4.172970280791165,0.7868801024242003,2.1386983465747393
2025-07-24,1.3360040417868693,9.551178924896682,4.181014681356016,0.792458249089075,2.1575510699154523
2025-07-25,1.3344129630353745,9.469777340969138,4.155115681952902,0.7898576312664757,2.163533469623466
2025-07-28,1.3212351636649264,9.510478428695606,4.11938075813178,0.7863564337470096,2.1540850216989242
2025-07-29,1.3234499311672527,9.748869668914365,4.156596272837932,0.781976280977875,2.170577112015746
2025-07-30,1.3267634182008692,9.574436520304554,4.167398992191151,0.780863265759542,2.1709713521048957
2025-07-31,1.3276677583325107,10.388457683308545,4.1867572068293875,0.7832690429513958,2.177828375903202
2025-08-01,1.3187448913988007,10.320622734272892,4.1633879065228045,0.7738835203182882,2.151931359893702
2025-08-04,1.3237730378260248,10.562891423443748,4.208113417780029,0.7791151869582617,2.1745433546938004
2025-08-05,1.3246902698058873,10.398148052299126,4.17405460453618,0.7877522873202089,2.1754797706439986
2025-08-06,1.3266967459572343,10.54350831936101,4.1998868092654735,0.7953117776936335,2.168049792115707
2025-08-07,1.321626992984728,10.437342524849242,4.1234009716020825,0.7935648004906946,2.163604079928728
2025-08-08,1.3213044382703163,10.384041354723283,4.132590466996792,0.7921173224373913,2.1593501708993146
2025-08-11,1.32124696849446,10.4857991020053,4.143232687949732,0.7918277995383415,2.1739807509087425
2025-08-12,1.3211192532385367,10.568173745204575,4.150930721014638,0.7931463743335403,2.186684402604613
2025-08-13,1.3243881189431659,10.480953325984617,4.131029866499505,0.792584280208146,2.1731045221004366
2025-08-14,1.3277392738478,10.674776085456491,4.190589725510997,0.791529886323785,2.1723696142551963
2025-08-15,1.324884393016675,10.408270234826707,4.1332721973124205,0.7900681857491841,2.1572083574790937
2025-08-18,1.326843941689489,10.4857991020053,4.172124792947822,0.7873180105466009,2.161922459333696
2025-08-19,1.3331286138204692,10.26774864548079,4.076812586124701,0.7935116259062754,2.1742715846990914
2025-08-20,1.3457474585973903,9.943095848704369,4.104638507622566,0.8005777059425304,2.1890212070405606
2025-08-21,1.3460743303866574,10.083617438050284,4.1086138221995485,0.7980817490758587,2.189805905684058
2025-08-22,1.349569411837554,10.10784513510292,4.124739889600855,0.8048059834655543,2.2046253569970533
2025-08-26,1.3429335378581573,10.248365541398051,4.134075317239227,0.796831404044848,2.188596465174187
2025-08-27,1.341553404902439,10.23867517240747,4.106114273066724,0.7962350926799786,2.184393825213517
2025-08-28,1.3353878492350466,10.25805709343942,4.083643907242802,0.7940041291530812,2.1728302667119217
2025-08-29,1.3307208333757148,10.36950520971202,4.065429196590086,0.7905755069359675,2.1536778769348843
2025-09-01,1.3262871317963754,10.660238757394437,4.07275136778189,0.789778399715546,2.1593910897344135
2025-09-02,1.306765117452434,10.35981365767065,3.9839417282290137,0.7768657389841537,2.1315433866326985
2025-09-03,1.314662923367223,10.4857991020053,4.017295340482809,0.7862086735303031,2.13494110181186
2025-09-04,1.3270218845862842,10.364659433691337,4.047575079721627,0.7882384926046454,2.1547902640889878
2025-09-05,1.334995377848174,10.422806379837976,4.056070023226519,0.792994192030763,2.1504985448596785
2025-09-08,1.339608783138682,10.587555666236527,4.102563491249162,0.795918551777291,2.1625110089640502
2025-09-09,1.3348034156468938,10.534254496110572,4.136161815249446,0.7948015981513453,2.181981199763031
2025-09-10,1.3297383628810917,10.655392981373751,4.156211162797862,0.7899818224418658,2.170927300674789
2025-09-11,1.3378051339550738,10.887980765960316,4.2267934497578254,0.7915726969555235,2.18833709748783
2025-09-12,1.3394652455999232,10.950972305076856,4.269332006964395,0.7881873894469459,2.189508576104181
2025-09-15,1.3407544979408053,11.10118544646414,4.345807396209018,0.7922655137392237,2.1933514466650577
2025-09-16,1.330754934920265,10.95581808109754,4.282224307108037,0.7894697466701229,2.17029334062912
2025-09-17,1.334166261199553,10.815296491751624,4.320714715239734,0.7925053487296007,2.1832006594237754
2025-09-18,1.3399005561466593,10.946127712106955,4.356693797391008,0.7937281024519467,2.19420251176369
2025-09-19,1.338647357448396,11.14479506454873,4.2909298463958425,0.7954827134554185,2.1835497585048396
2025-09-22,1.3377821769287501,11.135104695558146,4.317234414951847,0.7984538412680019,2.18725884806706
2025-09-23,1.3394871371642318,11.280470877873965,4.304445200976395,0.804109866272818,2.1910623361156807
2025-09-24,1.3384786515465033,11.372537073114607,4.3721716932366155,0.8045096446306744,2.1961799301650844
2025-09-25,1.3300219296166602,11.343463600041288,4.354685445196926,0.7999994899959393,2.186783500610418
2025-09-26,1.337263067450185,11.459756309283785,4.407191134612882,0.8047203716323768,2.2116083044630637
2025-09-29,1.343844316183064,11.27562510185328,4.447886145352672,0.8129763689138771,2.213756746156772
2025-09-30,1.3529775031623563,11.53244058349248,4.514184037806617,0.8190748039200403,2.229369870704774
2025-10-01,1.352652581111899,11.406455139157828,4.497093714158921,0.8245007683170122,2.23655823391631
2025-10-02,1.3552155314913654,11.314390126967968,4.513383291456762,0.8238150993726734,2.2311706551058954
2025-10-03,1.3605966962552116,11.324080495958553,4.550754733364831,0.8296242170997412,2.2481765602722446
2025-10-06,1.3591256414926909,11.188405865684103,4.519906749712484,0.8279815558246129,2.2502935315462613
2025-10-07,1.359364722675897,11.178714313642734,4.500589566455058,0.824021128841926,2.251154229711066
2025-10-08,1.3645972074201946,11.169022761601363,4.554068241192977,0.8272528966466164,2.277407004585842
2025-10-09,1.3660416853450315,11.193250458654,4.53663593454327,0.826980544785299,2.261612478208189
2025-10-10,1.3555732088748549,11.033346948276131,4.479790138326036,0.819343655087553,2.246270311696297
2025-10-13,1.3585074730026527,10.936436160065588,4.481927093674615,0.8349444603681627,2.2553915818928107
2025-10-14,1.3570372076926256,10.892826541981,4.465220904333674,0.8343864932884444,2.252986873131911
2025-10-15,1.3609461981079458,10.781378425708404,4.372466797945895,0.8377287163077449,2.242547257285625
2025-10-16,1.359446283573665,11.047884276338186,4.408803896818231,0.8400451878951566,2.236203136951984
2025-10-17,1.3510338316679853,10.689312230467758,4.3004613571481425,0.8265454457172884,2.2078746255035218
2025-10-20,1.358877662075358,10.921898832003537,4.344364504950971,0.8301033249601872,2.2176234289287438
2025-10-21,1.36461580027048,10.994583106212229,4.367852753833533,0.8248491384512402,2.2288142256837675
2025-10-22,1.3766921133012513,10.684466454447072,4.413854985263649,0.8380903555133505,2.2582355012819813
2025-10-23,1.3846942929436392,10.742613400593712,4.461504227415144,0.8448960713698553,2.270046296308061
2025-10-24,1.3964261529525037,10.86375306890768,4.48727346068193,0.850727283257135,2.2922733183174087
2025-10-27,1.3998623954581633,11.04546168409054,4.480105913787709,0.8459829958076825,2.305090197800667
2025-10-28,1.4009142936603793,11.106031222484829,4.502939707461824,0.8457103823404241,2.335386233360999
2025-10-29,1.4073188010564515,11.236861259789377,4.4851923814300765,0.8462370233403967,2.341446382135104
2025-10-30,1.4082230127454474,11.319235902988652,4.495443242640423,0.842064128446676,2.3540131874822485
2025-10-31,1.4001162996640282,11.309544350947284,4.515809298069371,0.8368655656016271,2.3426305559078155
2025-11-03,1.398212804417318,11.290162429915332,4.5083701908265805,0.8316125208305939,2.350498656807022
2025-11-04,1.3947650483043994,11.120567367496092,4.475211416508653,0.8275867166019397,2.3485694586434716
2025-11-05,1.4060256668243758,11.21263356273674,4.450784140989801,0.8304690464084653,2.367340134495214
2025-11-06,1.396094487876704,10.96550963313891,4.383348006272843,0.8245915555445603,2.3621170902214077
2025-11-07,1.3821682854326287,11.033346948276131,4.34631007018631,0.8183595520116564,2.3385341644221005
2025-11-10,1.3927044330954406,11.251397404800642,4.42667634080985,0.8294219221265119,2.370476420096029
2025-11-11,1.4008299460408047,11.169022761601363,4.3898829904187595,0.8367205922964656,2.3934187827522355
2025-11-12,1.4032270549083556,11.169022761601363,4.372541021326555,0.8376365370903052,2.405693301608498
2025-11-13,1.390570122040423,10.858907292886997,4.268642603888866,0.8364630729460559,2.385318110185313
2025-11-14,1.3753932144468508,10.718385703541076,4.219377019681703,0.824137812668856,2.3478031758363485
2025-11-17,1.3701894061355397,10.60693758726848,4.1982576530597795,0.8148938938321565,2.3347869461598307
2025-11-18,1.3566075566092264,10.403424458806024,4.16422841148798,0.8052155771012104,2.3051357873254417
2025-11-19,1.35369485106733,10.335585960618014,4.1010959568381224,0.8067101811827141,2.29024596139637
2025-11-20,1.3667804949119091,10.45672562893198,4.179012987447588,0.801836307936512,2.2989244560871582
2025-11-21,1.3648938516175086,10.059388557946862,4.197062112555182,0.801977118853563,2.295430888806769
2025-11-24,1.367961918314704,9.972169321777688,4.189011237518545,0.8091856489145169,2.3011209774011374
2025-11-25,1.3816540594542788,10.127227056134872,4.184964224985702,0.8169840165010969,2.320118045564933
2025-11-26,1.3976737235823389,10.253211317418735,4.225527219952345,0.8304740109813795,2.349297235827255
2025-11-27,1.3963700267123202,10.25805709343942,4.272536145389943,0.8329733670508587,2.3576669015214535
2025-11-28,1.3965510231297307,10.350123288680066,4.277080468751235,0.8339870909812379,2.360732483609952
2025-12-01,1.39254653841159,10.04969818895628,4.208240861335723,0.8381369667333276,2.3597612634483482
2025-12-02,1.390760294682792,10.13691860817624,4.250743861812504,0.8337106479005509,2.367239126470332
2025-12-03,1.3897805453808394,10.301666711524009,4.257925345889604,0.8355631194570278,2.354682803138848
2025-12-04,1.3950845839894594,10.573018338174476,4.3415414887522745,0.8364953299252339,2.360455834554599
2025-12-05,1.3923165030596327,10.510026799057936,4.332066787526047,0.8375306355871077,2.342111873081294
2025-12-08,1.3858063407446268,10.728077255582448,4.390076504221973,0.8288568892870786,2.3397825111530337
2025-12-09,1.38150467759881,10.766841097646353,4.398180635089419,0.8287554585248245,2.343043617634539
2025-12-10,1.3776815078669427,10.718385703541076,4.397840582160969,0.8276096044409325,2.3447487476333193
2025-12-11,1.3789085371309302,10.660238757394437,4.392347396781543,0.8345558389090312,2.360136870323994
2025-12-12,1.3727128993445652,10.626319508300432,4.387130933586494,0.8312384796522796,2.3491242538025854
2025-12-15,1.3867533623395194,10.79591457071967,4.4283802902243234,0.8353223645925788,2.391152885478969
2025-12-16,1.3852326365764032,10.640856836362486,4.366627102241956,0.8409712333061548,2.3806361125336046
2025-12-17,1.3914175302559861,10.679620678426389,4.387869493456189,0.8469693142362343,2.394618679287811
2025-12-18,1.4012566575416483,11.086648118402088,4.421908147981638,0.8568702967535734,2.409556579463478
2025-12-19,1.4030617672803343,11.338617824020604,4.454077203688177,0.8604502866003003,2.423149704004966
2025-12-22,1.398349781229945,11.193250458654,4.432946768076034,0.8608202250876134,2.4251912457251215
2025-12-23,1.3997141202138565,11.24170703581006,4.431369727977065,0.8615789446547033,2.428529986334344
2025-12-24,1.3992189916383877,11.139949288528046,4.421344704865423,0.8614420711301652,2.422313271482189
2025-12-29,1.3982610942753357,11.018810803264865,4.40237405813099,0.8619728022262609,2.4243886676931226
2025-12-30,1.4077855351754733,11.17386853762205,4.449226089444207,0.8739866072535796,2.4506749585520415
2025-12-31,1.4044826027426969,11.14479506454873,4.451546465355159,0.8702173530294107,2.446712022601939
