Date,Cluster 1,Cluster 2,Cluster 3,Cluster 4,Cluster 5,Cluster 6,Cluster 7
2021-01-04,1.0,1.0,1.0,1.0,1.0,1.0,1.0
2021-01-05,1.000404621497898,1.0121810961128157,1.0440891972970838,1.0028078876017958,0.9999229888010196,1.0032787201129156,1.012835825320888
2021-01-06,1.0210248517370148,1.0520179298132188,1.0760659509406585,1.06241307759965,1.024398151556857,1.036065620165845,1.0506374607738642
2021-01-07,1.021278159306239,1.0454517826816478,1.0765504102376482,1.0633536983970242,1.0230119146299386,1.0557378404845963,1.0541565982619585
2021-01-08,1.023399804665665,1.0333232121092686,1.0397286939208048,1.0503810988055644,1.0239225817534128,1.0557378404845963,1.0604896694472772
2021-01-11,1.0134336571518023,1.017026906118111,1.0247093466040085,1.034550145125997,1.009862547181429,1.0081965995648043,1.0468584849331146
2021-01-12,1.0014970336217632,1.0183275352479584,1.0440891972970838,1.0425999225347349,0.9987920843600785,0.9885245799635376,1.0466704312266326
2021-01-13,1.0058927136171376,1.010676502167022,1.0232558208316906,1.0229606255928332,0.9976334906727973,0.9918031997177108,1.0483253503602683
2021-01-14,1.0056312439260127,1.0310118322989708,1.0334302794158925,1.0369776324354854,1.0057150614318588,1.032787100770414,1.0578828830492932
2021-01-15,0.9969580569744776,0.9923998754382003,1.0261627984356518,1.0266717305437412,0.9941992822666158,0.9803279803987334,1.0491274000541717
2021-01-18,0.9956907585624607,0.9714845684905727,1.0101744585842016,1.0279043165316266,0.9955102966896616,0.9983605395848,1.0448042299799774
2021-01-19,0.9929629956788458,0.9613423069714081,1.014050428722817,1.0174971369502335,0.987243013036742,0.985245859850622,1.041587827237859
2021-01-20,0.9992905903773712,0.987468310939717,1.0406977603961325,1.022672117934158,0.997782377208897,0.9868851195483376,1.0570514594965277
2021-01-21,0.9983666973341004,0.9887877812694204,1.000968992534654,1.0197179168645993,0.9975425700957361,0.9786885199835332,1.0537600098503637
2021-01-22,0.990536499960353,0.9818198737531503,0.9975774816930284,1.011380920345256,0.9949788404160631,0.9737703394554174,1.0447626958936673
2021-01-25,0.9857426800819477,0.9724531118622852,0.949612462138678,0.9790382414709463,0.9868031956798189,0.9491805407610044,1.0262235592644233
2021-01-26,0.985176568560258,0.9827017483760102,0.9333333136158204,0.9906310104953572,0.9865900893886934,0.9754097998706176,1.0365235173252656
2021-01-27,0.9721053385860342,0.9938326141069197,0.9220930741545106,0.9741951811316311,0.9706957208938399,0.9065573800105858,1.0327841691239519
2021-01-28,0.9719264305226546,1.0071014126857478,0.9393410673306736,0.9804810666191012,0.9711720087299527,0.9344264006116264,1.022061584306409
2021-01-29,0.9560990479403455,0.9911825433638949,0.8885658585148156,0.9660196526617093,0.9546814767867429,0.9409836401199728,1.007985986673414
2021-02-01,0.9704436620536316,0.9977664702887961,0.9118216793465064,0.9791809853361058,0.9733813927135684,0.9606558604387244,1.010216722859861
2021-02-02,0.9830350464457934,1.0043338659981202,0.9182170300752212,0.9983486546112849,0.9825455862586776,0.9639343798341552,1.0180725350327864
2021-02-03,0.9791994922720275,0.9990797724566216,0.8903100450771927,0.9995091140797542,0.9820582443145375,0.9557377802693507,1.0214390864405916
2021-02-04,0.9767492915675687,1.005852738929875,0.9098836942771988,1.0208388335152259,0.985475798631887,0.9508198004587196,1.0199359962635457
2021-02-05,0.9752023444022156,1.0063342466534686,0.9098836942771988,1.0385274880693376,0.9877617370275158,0.959016400023524,1.0240648831658128
2021-02-08,0.9789144908499019,0.9983412297890399,0.9011628354059892,1.0454881386016797,0.98786045529443,0.9557377802693507,1.0316694201499792
2021-02-09,0.9774115866118281,1.0044783666526829,0.8874032153545796,1.042833977809818,0.9892825532597356,0.959016400023524,1.0295430255497562
2021-02-10,0.9737684481634136,1.0009133696673738,0.8992248503366814,1.0428132178857166,0.9866394251901509,0.9524589597976928,1.02638109979459
2021-02-11,0.9805169429615661,1.000970193214207,0.8972867913266996,1.03548661126532,0.9914313651070203,0.9278688600270528,1.0279491946116561
2021-02-12,0.9868962795692408,0.9981299644433665,0.8998062458574737,1.043629988138733,0.9966694129703757,0.9377050203657996,1.0356925982317116
2021-02-15,0.9962477197171097,1.0240731402064467,0.9310078054733254,1.079079894593595,1.0207620157703976,0.9409836401199728,1.0678152568808872
2021-02-16,0.9917493240937036,1.0163530314797684,0.9684109173109612,1.0933738667857726,1.0182417912672341,0.9344264006116264,1.068717541353488
2021-02-17,0.982591030310406,0.9990123665772954,0.991279067188116,1.0806346269112899,1.0084562315049723,0.9262294999705948,1.0614696925055038
2021-02-18,0.9713683765087151,0.9860632096644248,0.9044573360831376,1.0553084687008583,0.9997270127779748,0.9229507798576791,1.0482750731501256
2021-02-19,0.9730468083538882,0.9888283942012146,0.9560078128673928,1.0761308485206087,1.0036587575951772,0.91311451916019,1.0500702887799551
2021-02-22,0.9624343206301182,1.0038626372455088,1.0218022950593728,1.0855610500752881,0.9963652418886608,0.8819672802399458,1.0641471431739276
2021-02-23,0.961084053357479,1.0319724795446228,1.0334302794158925,1.095530845628385,0.9969030546729692,0.8770492000705723,1.0657786382216585
2021-02-24,0.9648195683132472,1.0509607793230475,1.0843023505148786,1.1098369819910534,1.0012624826474552,0.8606558002234789,1.0721373152205262
2021-02-25,0.9584011311435913,1.047956219238366,1.0857558762871962,1.1028273672058226,0.9955227723043004,0.8491804805457589,1.0714293677508915
2021-02-26,0.9345721379825496,1.0241653491417892,1.0436045901187458,1.0950768281049685,0.9685089590363855,0.8180328401905452,1.0448211557717608
2021-03-01,0.9510526118037682,1.0453294350145312,1.0794573878416094,1.1125536114870291,0.9883455365527706,0.8131147600211717,1.0585107018604984
2021-03-02,0.951767731041954,1.0499722925474935,1.0673450181287745,1.115182363135248,0.9905937194679622,0.7795081799400135,1.0622084920020338
2021-03-03,0.9508903160896814,1.0531486049706142,1.1090116231782128,1.1466148127911413,1.0017701837286508,0.8073770500029405,1.077091270879295
2021-03-04,0.9477086855121218,1.0470653403598669,1.108042630643559,1.131711759792446,0.9902183101333516,0.8278688499911785,1.075347561274063
2021-03-05,0.9403279396676487,1.029157237871182,1.051841137574314,1.1362222661636903,0.9767076987833415,0.8672133408080525,1.0720590966136394
2021-03-08,0.9438388712573381,1.0438945998113283,1.1288759331682785,1.162615879609913,0.9904548339299101,0.8704918602034833,1.097828044729536
2021-03-09,0.9566877660728165,1.0490866636856526,1.1031976679702902,1.157237202441404,0.9984811946352768,0.8836067406551459,1.0996961302989872
2021-03-10,0.9595394204228448,1.043995635735231,1.094961194455396,1.1496228287405754,0.9991320808947595,0.8868852600505768,1.096175946223411
2021-03-11,0.9636401332334653,1.0499893828293243,1.1027132086733002,1.1436308746393056,1.0040105822660383,0.8901640805222348,1.0984884040706522
2021-03-12,0.9619860426204663,1.0643272640346908,1.112887593316828,1.1549921904536875,1.0056584978882561,0.8885246201070346,1.0993971016746782
2021-03-15,0.9624525152285421,1.075581466065458,1.143410895128759,1.1553422082166662,1.0047598646006228,0.916393339631848,1.092997675684958
2021-03-16,0.9770153860446114,1.088570037144764,1.19040699608913,1.161412270109797,1.0207288145745401,0.9524589597976928,1.0978465059979614
2021-03-17,0.965156192385371,1.0823540166967132,1.232558134376232,1.1663928346194374,1.0104406542372735,0.9426231005351732,1.090455433144512
2021-03-18,0.9670766833916878,1.0644804626648798,1.206879943118918,1.1788866418198771,1.0139861020554326,0.9426231005351732,1.0931766117755075
2021-03-19,0.9599029041125074,1.047209284754906,1.133720969782221,1.1636998093288153,1.005489869011663,0.9344264006116264,1.0832072068177148
2021-03-22,0.9628449673264037,1.033584355838975,1.0843023505148786,1.1491047229415328,1.0090491730447573,0.9229507798576791,1.082969168514088
2021-03-23,0.9624007135067251,1.0230429593482644,1.0203489171684037,1.1418903616995766,1.0063080714517465,0.9213113194424792,1.0697931689973594
2021-03-24,0.9611381445910171,1.0270242910812768,1.0465116416633813,1.1540096656971601,1.00950088935403,0.918032800047048,1.0778194620391124
2021-03-25,0.9584138564491796,1.0221160722792701,1.0276162502672956,1.1392411203835826,1.0071829363190743,0.918032800047048,1.0745005732556123
2021-03-26,0.9669057877362873,1.0386000622884328,1.0290697760396132,1.1528372127541866,1.0143234223783886,0.9114754601799592,1.0851505000994088
2021-03-29,0.9669246437397826,1.0350414535652974,1.0276162502672956,1.1436265530908192,1.00740104286056,0.9016394001999548,1.0819607374436198
2021-03-30,0.9718899267297488,1.0454488937601898,1.051841137574314,1.1738634062728495,1.0155303175221002,0.8868852600505768,1.0886399205673907
2021-03-31,0.9710800286001163,1.0367104573205577,1.0203489171684037,1.1607790867837846,1.008530601428803,0.9016394001999548,1.0827010807052002
2021-04-01,0.9801382166203673,1.0590209953322558,1.0554263729821962,1.1708127748041093,1.0216876346167265,0.9147539795753902,1.085324531463106
2021-04-06,0.9906774062994887,1.0614410435112922,1.0829457609663633,1.1809616193417092,1.0331205030398556,0.9360655599505994,1.1019924568845736
2021-04-07,0.9995727663757774,1.082963265554383,1.0841084780672736,1.1929693932424483,1.0419786392957118,0.9262294999705948,1.1114397158707086
2021-04-08,1.0089035497075372,1.0876760857720313,1.076744208744579,1.1969235324387926,1.051916825828877,0.9262294999705948,1.1161534788503704
2021-04-09,1.0107249980972635,1.0825712948978317,1.0841084780672736,1.1883107903086776,1.053877376569907,0.9065573800105858,1.1125605840084916
2021-04-12,1.0078268904108667,1.084130741803086,1.0486434252396195,1.192910586205016,1.0467506493502596,0.9426231005351732,1.1102332033337368
2021-04-13,1.0114135053738436,1.1411688266408742,1.0436045901187458,1.1845674902371695,1.0527483698957358,0.9229507798576791,1.1089113948691132
2021-04-14,1.0127241168634815,1.1394214763822335,1.0439922610732817,1.1768063462033473,1.0537121575938762,0.9245900395553948,1.123975248280526
2021-04-15,1.024417750060466,1.1359824748704013,1.0368217163168436,1.1667367005372962,1.0607319132276916,0.9245900395553948,1.1251158321067256
2021-04-16,1.0306755166146204,1.1399460932231764,1.0131782984712916,1.180457514688167,1.065974943352867,0.9081966397083012,1.129922077326145
2021-04-19,1.0269224932477756,1.1505695355464363,1.0191860521861449,1.181276683890731,1.0636613731561035,0.9147539795753902,1.1255600896682474
2021-04-20,1.0105950192390505,1.1191170225727671,0.962015492641572,1.1369780744841251,1.0474873110905911,0.9016394001999548,1.097904026938054
2021-04-21,1.0095591637063923,1.1214963741419663,0.9677326595070403,1.1394881374635395,1.0507253263913803,0.8967214203893237,1.1075978759081921
2021-04-22,1.0198433605563122,1.1218362932066035,0.9963178283683156,1.1523836260301346,1.0600965497135326,0.8983606800870392,1.1100324834349444
2021-04-23,1.0181569490359101,1.1167574945888188,0.9860465075009855,1.1544211868262713,1.0601166949095828,0.9000001405022393,1.109864421142955
2021-04-26,1.0227318725559686,1.1194968600103457,1.0447673811603302,1.1760019564611288,1.0639853358460478,0.9016394001999548,1.1313048458818282
2021-04-27,1.016766139527303,1.1191357234893395,0.9974806194099002,1.1789478883197744,1.0602628315193428,0.8983606800870392,1.1238886930581484
2021-04-28,1.0134331877758145,1.1238377296146782,0.9957364328475236,1.1875222036041477,1.0584233318168226,0.8868852600505768,1.1326446981015328
2021-04-29,1.0151564790756609,1.1256023045514856,0.9885658880910856,1.1927368877666933,1.0563815822281724,0.8803279201834879,1.1260064665640217
2021-04-30,1.0205570675392195,1.1258724811127099,1.0137597679327577,1.1861508582870544,1.0541228986466251,0.837704909971183,1.1295076743148325
2021-05-04,1.0094346596633024,1.1071541625075536,0.9808139478138552,1.171353391055423,1.0470702667369414,0.8606558002234789,1.120318611096027
2021-05-05,1.018956568676644,1.113843711084714,0.9860465075009855,1.192280389009354,1.059368638359639,0.8885246201070346,1.139093036281682
2021-05-06,1.0239705615011179,1.1167460555123068,1.0019379850693078,1.1966125525296691,1.0639911903502186,0.8819672802399458,1.1439051591974487
2021-05-07,1.0326571359254584,1.1352688696414552,1.0343022617860695,1.2088600537356244,1.071084464171924,0.9098359997647592,1.1602475806261634
2021-05-10,1.0266716257825894,1.138647129915982,1.0627906423048905,1.207131909971701,1.0679529362687668,0.918032800047048,1.1575904836440019
2021-05-11,0.9998816463466066,1.1041527860336677,1.0110464409543791,1.167716858970922,1.0383713166197823,0.9032786598976702,1.1276305197462968
2021-05-12,1.002211941790086,1.1016585099706517,1.0160852760752528,1.1695834517430566,1.0388294658492037,0.9147539795753902,1.1439867713193164
2021-05-13,1.0045611070396352,1.0975490725791401,1.0106589178811918,1.1624478107254306,1.0328668553222022,0.8950818596153811,1.1390419765553423
2021-05-14,1.0160537633043,1.1176642413496019,1.0430231945979536,1.1806223606526172,1.0487572834051486,0.9098359997647592,1.157730408529986
2021-05-17,1.010013059228684,1.1077361787519768,0.997868290364436,1.1748634048553688,1.0463643414776427,0.9016394001999548,1.155685981562231
2021-05-18,1.0121385750657128,1.1069541667900966,0.9974806194099002,1.1867998875606034,1.0470425775805101,0.918032800047048,1.1582737721430678
2021-05-19,1.0040697821622306,1.10144194036863,1.0015504619961202,1.1742750471151142,1.0360302524074363,0.9754097998706176,1.14035024749306
2021-05-20,1.0155626665218558,1.1028340122689029,1.0005813955207925,1.1821235302982425,1.050278078014174,0.9606558604387244,1.1516652182999254
2021-05-21,1.0169142822852868,1.1022908711285702,1.0193798506930756,1.1872745778944311,1.0457897376451093,0.9836068008703912,1.1523249429721492
2021-05-24,1.02095289995227,1.1167789964270933,1.0244186118732752,1.1900821157598547,1.051529932767122,1.032787100770414,1.1605294994517898
2021-05-25,1.021240777926428,1.113470713832332,1.0215115603286395,1.1943691611200706,1.0491620390405405,1.019672119960009,1.1556079162069086
2021-05-26,1.0248395845984906,1.1433014016447456,0.998449611944554,1.193872291525646,1.0519926585959272,1.0459016801458494,1.15744755583602
2021-05-27,1.0251342279716193,1.1507027414126272,1.0374031118376357,1.2069818820962015,1.0489166169679314,1.0639345404081428,1.1557562176389506
2021-05-28,1.027097245503401,1.1384461325833333,1.0370155148237743,1.204630208566133,1.0538402745761684,1.073770500029405,1.149968059034826
2021-06-01,1.037246143947692,1.134713270281258,1.055620171489127,1.207869842418438,1.0631936029241176,1.073770500029405,1.1657329687044125
2021-06-02,1.037033407330656,1.1409720269387909,1.0881783206534934,1.2137924033145702,1.0662216359009138,1.0491805006175074,1.169469609963803
2021-06-03,1.030269993661077,1.1371167178369652,1.0627906423048905,1.2051272209395536,1.0586850822456206,1.02459009977064,1.1624190521572793
2021-06-04,1.0303949077666688,1.1286875632314137,1.0399224924277355,1.1945595695858393,1.061149885557682,1.036065620165845,1.167867369586116
2021-06-07,1.034020507303032,1.1382377883958255,1.0670542833980412,1.2056676096919465,1.0642102739668022,1.0491805006175074,1.1689835171615928
2021-06-08,1.0385122667352849,1.1323972593024028,1.0794573878416094,1.1950672828717095,1.0689654230648789,1.0688524198600318,1.1748108110663829
2021-06-09,1.0345322649360207,1.1137905324695474,1.0906977012435932,1.1891448108497824,1.0603255162999727,1.0655739004646008,1.1800199137107812
2021-06-10,1.0355256329793372,1.1144730219161245,1.075969014716856,1.1824519203602695,1.0574808770907878,1.0459016801458494,1.1753680914080433
2021-06-11,1.0431743545813488,1.1251151630774736,1.084689873588066,1.1889414747064346,1.066153759134915,1.0459016801458494,1.1806939813301656
2021-06-14,1.045259407367611,1.1202210512187794,1.040310089441597,1.1812307185421846,1.058651328944044,1.0885244394612985,1.1818889659387948
2021-06-15,1.0462950612176802,1.1133452232351206,1.0465116416633813,1.1804591079278888,1.0591625175076969,1.0885244394612985,1.1879339737735108
2021-06-16,1.050690649134798,1.1187783301784198,1.0658915662971309,1.1823932166827378,1.061654031377611,1.0901637995177562,1.1901868259268935
2021-06-17,1.0483876527529563,1.1113704580539403,1.084496149021809,1.1880965296130648,1.058077766094379,1.081967199952952,1.185972916528135
2021-06-18,1.034481466464074,1.087610262998894,1.041860403556369,1.1656902667468472,1.0367483803372264,1.0786884798400362,1.162491310469386
2021-06-21,1.0435459599971435,1.103059010401332,1.058721021540693,1.1755616984802424,1.0454346886934491,1.0885244394612985,1.1715775757996467
2021-06-22,1.049202760928819,1.0988863167653686,1.0484495527920146,1.181522177152352,1.0523079271237001,1.1065574000823344,1.1780524274154016
2021-06-23,1.0444682161970273,1.0972784192221852,1.0604652081030697,1.177994036671596,1.048752852728481,1.1016393199129608,1.1715534481703072
2021-06-24,1.0450778982114057,1.0948420716632428,1.0443798580871428,1.171652838724617,1.0513423619200664,1.0901637995177562,1.1734915735053302
2021-06-25,1.0485701322137966,1.0964939546656585,1.0319768275842487,1.1755217709062256,1.055055625688584,1.0983607001587876,1.1748376434738483
2021-06-28,1.0454596712519457,1.0869920111109497,0.973837201564348,1.1548214176877034,1.0438162047803408,1.1016393199129608,1.1611702608882957
2021-06-29,1.046927579261784,1.0886661869067826,0.9552326188396696,1.1522712857746753,1.0446875287681927,1.0983607001587876,1.1598902974523069
2021-06-30,1.0377464498320441,1.0751776094313095,0.9585271195168186,1.147210414339433,1.0363180977786346,1.1016393199129608,1.1565865429770255
2021-07-01,1.0485742300818732,1.092679024756968,0.9773255746891016,1.1692944924431123,1.0494257518411703,1.1344263203246323,1.1749223482412627
2021-07-02,1.0506488765565862,1.0962881909933724,0.9939922462851464,1.1574596410252311,1.0530715076810235,1.1803280004704817,1.1792982468306181
2021-07-05,1.056666679962359,1.1156672483864574,1.0172481410575112,1.18172995843133,1.061606374743467,1.1901637593742591,1.1817343309917037
2021-07-06,1.054190953125499,1.1022157408221747,1.0044573656594076,1.165473082625548,1.0554159400992245,1.1721312001881927,1.1726590662553769
2021-07-07,1.0638315749162148,1.1064799622080677,0.9775193731960324,1.1710575812822077,1.0644561152263492,1.1590164200952726,1.1746280699065008
2021-07-08,1.0477374902319352,1.0953331317905985,0.9759689851405864,1.151383032445982,1.0423404944863546,1.1590164200952726,1.154853455630464
2021-07-09,1.0597438425087649,1.104501314250271,0.9786820902969428,1.1747864806827475,1.059407071024828,1.1901637593742591,1.1705577805663092
2021-07-12,1.0625990584220917,1.1035026091328586,0.9277131569148284,1.177144685357449,1.0609343442317616,1.1918035208656863,1.1675435193869956
2021-07-13,1.069831735839407,1.098677110053814,0.90707365289704,1.164071335298726,1.0629785317697225,1.1754099203011084,1.16740137880308
2021-07-14,1.0626099253257733,1.09062582160939,0.8988372533228199,1.161162964783311,1.05736314106118,1.1885247003940285,1.1636082397716427
2021-07-15,1.051708036675646,1.0673314620578094,0.8831395003207546,1.1491439196283464,1.047503376521668,1.1901637593742591,1.1483520537087617
2021-07-16,1.0540508351744358,1.0712432830534104,0.9017441569861072,1.1375471264703119,1.0482842083965034,1.1901637593742591,1.1453711431674074
2021-07-19,1.030966260450865,1.0375253079009696,0.8430232093860883,1.0967819419222957,1.0257471448255706,1.1344263203246323,1.1128245588418277
2021-07-20,1.0352027378274604,1.043186275003624,0.8722867839326324,1.107804285630216,1.0323491441114203,1.168852480075277,1.121091800328779
2021-07-21,1.053924050908946,1.0770447876806761,0.939922462851466,1.1347656376956623,1.053911906743467,1.1885247003940285,1.1461596542724835
2021-07-22,1.062056254508186,1.0732158401842686,0.9232557173147468,1.1367728743247623,1.0560753090606565,1.1672129193013343,1.1446645696017013
2021-07-23,1.0737958083195365,1.0850769292517568,0.9266473020970464,1.1510571701219263,1.063797061033086,1.1967214003175752,1.1526240525312235
2021-07-26,1.0723438062287727,1.0884300347473692,0.9401161874177224,1.1658025451749578,1.0618729283167063,1.1967214003175752,1.1563961569814207
2021-07-27,1.0662737964049054,1.0876900711968323,0.9522286310712318,1.1618706134884023,1.0568340138865633,1.204918100241122,1.1502938604099
2021-07-28,1.0693774060380246,1.0934263404373825,0.9854651119801934,1.1669219720117372,1.0649646741396475,1.204918100241122,1.1532582211027478
2021-07-29,1.0656717304381682,1.092103267836095,0.9901162761465316,1.1769772788454043,1.0724883247682748,1.229508200011762,1.170169612631748
2021-07-30,1.0580136114312029,1.0470289147429965,0.966182123570246,1.1678507964662044,1.0666470537275998,1.229508200011762,1.164236589594179
2021-08-02,1.0661359271997548,1.0624798353712206,1.0027131790970305,1.1773935478493052,1.0775208432998127,1.2245900194836463,1.1627983463990728
2021-08-03,1.0650655684313108,1.0735453277069102,0.9994186044792076,1.1845802788874247,1.076353991401744,1.2081968203540376,1.1660057049169394
2021-08-04,1.0692938953784428,1.0835521486023758,1.012984499964361,1.193215516643239,1.0869087509225188,1.2016393801282064,1.1630988396688393
2021-08-05,1.0694060145499944,1.0875525557302117,1.0724806415921024,1.1969773077693457,1.0924931400993327,1.272131260403438,1.172644122375308
2021-08-06,1.0682707236553384,1.0941107831482477,1.0893411116950782,1.209432439187073,1.0867219397236973,1.35573792077159,1.1709677662519897
2021-08-09,1.0693852000387145,1.096603989786813,1.0569768349783162,1.2140162075328274,1.085026034515735,1.2885245598917892,1.1686971557513246
2021-08-10,1.07067591440222,1.11613277956872,1.0660852908633875,1.217926839257507,1.0891558871132834,1.3065575205128253,1.1769980462695384
2021-08-11,1.0800431729831868,1.1248851511604523,1.0813952989702431,1.2255530559524432,1.0988675437760478,1.2950820001176204,1.187779372871109
2021-08-12,1.0786416252809605,1.1305880512113435,1.061627851263306,1.2205335945780968,1.0938410998843877,1.3065575205128253,1.1861314260144096
2021-08-13,1.082734229643873,1.1482745099025944,1.0773256042653714,1.2172816637375068,1.098660433394912,1.2704916996294957,1.1863569196390593
2021-08-16,1.0772528700239485,1.154055732974217,1.0629844408118212,1.2081311310772944,1.0895535180853633,1.249180520689256,1.1750812174769596
2021-08-17,1.078710996981386,1.1576852539798508,1.080038783362402,1.1998660249634754,1.0868894582074864,1.24426234016114,1.173235426697668
2021-08-18,1.0780117339829114,1.1562984027466463,1.094961194455396,1.199080592880418,1.0870812157472227,1.229508200011762,1.1752852975334527
2021-08-19,1.0675998983813615,1.146643928451025,1.077713201279233,1.1808696156983105,1.0721165552890086,1.2000000200717484,1.1515906744297713
2021-08-20,1.0735899590848474,1.1924432918312164,1.067441954352577,1.1850479819362107,1.0783561410354447,1.2098361804104951,1.1552507736785267
2021-08-23,1.0788873265191472,1.1967143581013735,1.1021317392118335,1.1860298942614458,1.0803461795257046,1.1918035208656863,1.1618269055857777
2021-08-24,1.075815290501384,1.2186722893900563,1.1461240742257894,1.1847708228620322,1.0854709504606814,1.2803278599682424,1.1721178457398322
2021-08-25,1.0775701205160966,1.2308568049729258,1.1286822086020214,1.196819082935208,1.088219950746962,1.2918033803634472,1.1737980777614212
2021-08-26,1.073392838988138,1.2313517036006925,1.1246124399564756,1.1952837927929836,1.0837196504089859,1.3016396410609363,1.1690937241298724
2021-08-27,1.0740003188985943,1.2296589264096507,1.1312015152514472,1.1969650873788744,1.0883561697043291,1.3016396410609363,1.1741005467140937
2021-08-31,1.0712005120586017,1.229748490602012,1.1129845295406302,1.183891640123394,1.0892118929489814,1.368852399788283,1.1710810741980733
2021-09-01,1.0810513328442966,1.2393222349919975,1.1137597235683532,1.187718004631335,1.1002620512820434,1.3409836802634698,1.1756110023126376
2021-09-02,1.0773831457722103,1.2316080751778902,1.1069767018851029,1.1895687206931955,1.0981118481003347,1.3196719995295183,1.1841840098008567
2021-09-03,1.074072403740095,1.2300588063791955,1.0823642915048963,1.1833569113874727,1.0972523429836771,1.3016396410609363,1.1790745238055773
2021-09-06,1.080450337707545,1.2211143041573156,1.0856589400633936,1.1934213105776303,1.1039108631532812,1.3032785996824248,1.185203129569317
2021-09-07,1.0739723348402064,1.2238391113270408,1.07441862666141,1.1827889854252251,1.0987801529606152,1.2803278599682424,1.1797666591323004
2021-09-08,1.0695434591489343,1.207530254328192,1.0781007982930944,1.1709833915394405,1.0864467765948784,1.272131260403438,1.1692345840009417
2021-09-09,1.0615404728861069,1.2065987498090176,1.0757751422692512,1.1684557606646424,1.0826973912891058,1.2999999799282516,1.1619431661888806
2021-09-10,1.0632631131264334,1.2022912914160881,1.0579456796316216,1.1656065964012037,1.084123898043481,1.3114755003234562,1.1604541691846264
2021-09-13,1.0625556234534814,1.2205006357839592,1.0842247867477015,1.1780072518671547,1.086146114130829,1.2655739205363492,1.1683509192201271
2021-09-14,1.0612078943882635,1.220434844979334,1.0577519550653651,1.1693384757932628,1.0858193224826387,1.236065539878851,1.1605468569409483
2021-09-15,1.0531509590790595,1.2125063393836029,1.0222868282970368,1.158479748407194,1.0769294660986628,1.1967214003175752,1.1616444367944039
2021-09-16,1.0602604905007094,1.2130343490277218,1.0567829625307112,1.1720459228749627,1.0834045124648248,1.260655840366976,1.168705043926981
2021-09-17,1.0496597265080303,1.217268828488518,1.0755814177029943,1.185191704458346,1.0730790967218686,1.2622952004234336,1.1633898971502659
2021-09-20,1.041870407983292,1.2223209244050266,1.1211240668317222,1.160672252244051,1.0545947435159375,1.2065574602975797,1.1522349244445873
2021-09-21,1.0519686750523165,1.240730180637169,1.1587209032356145,1.1699951613644706,1.070378404254753,1.2032788405434065,1.1647872349874089
2021-09-22,1.0633210603912322,1.2520899840395168,1.1839147830772867,1.1956547337830095,1.0822837708546464,1.2885245598917892,1.1830297841041004
2021-09-23,1.0599084996190862,1.262008812514026,1.2300388277268064,1.2025757036898974,1.0797435164612192,1.2688524399317802,1.1821897456525021
2021-09-24,1.0473206112703382,1.2541856113275607,1.2839148865942305,1.2009682569193856,1.0658335055543477,1.2737704197424111,1.1828651091531117
2021-09-27,1.0372794001736685,1.2656622883392277,1.4290695985819952,1.2205400297950826,1.061561998446938,1.277048939137842,1.1850337434876628
2021-09-28,1.0214336122345136,1.250753560457002,1.3823642323523575,1.2026386484869556,1.0436914411020997,1.2639345604798915,1.177806011364172
2021-09-29,1.0274340142748721,1.2615772151443898,1.401162909346663,1.213691867172396,1.0490200625663109,1.2918033803634472,1.190293061784437
2021-09-30,1.019490570847687,1.2518618857811759,1.3579457683604306,1.2106318532236964,1.0440200791135854,1.2737704197424111,1.1874729849639203
2021-10-01,1.011840967982023,1.2501808130298762,1.3844962377506185,1.2091570802716243,1.0377281306629833,1.2852460404963584,1.189209269391254
2021-10-04,1.0051644550288077,1.2509919700213097,1.377325619053506,1.1983428148435518,1.0284950300005782,1.2868851998353317,1.1888066969905078
2021-10-05,1.0106422992229893,1.2485685768503891,1.3957364032712538,1.2207244327231337,1.0349924036286524,1.3114755003234562,1.2054153706809114
2021-10-06,0.9975179263571156,1.2237428135425836,1.3614341414851845,1.2117304158248798,1.0192185236485984,1.2967211594565935,1.1860733791394762
2021-10-07,1.0091487491503002,1.2270049245406491,1.3684107398533432,1.2165674530278352,1.0306039923631078,1.3360656000940965,1.197019193721691
2021-10-08,1.0066566046610064,1.2363560628540156,1.3924417547127568,1.229723387771148,1.0285948837240166,1.3163933797753449,1.2006563724199852
2021-10-11,1.0055315866093253,1.2437942737797034,1.4096898957702682,1.2430960406830172,1.029830570592619,1.2950820001176204,1.2091355178660916
2021-10-12,1.0072948049970254,1.2557167850423667,1.3943798876634126,1.237947340892332,1.0280583485464625,1.2918033803634472,1.2041265484243608
2021-10-13,1.0159138790902684,1.2540964302757884,1.388759804903095,1.2268971757802396,1.0400550571682339,1.2639345604798915,1.2019646149624916
2021-10-14,1.025293277846656,1.2672413354701646,1.389922448063331,1.2422050395490472,1.0496433061015435,1.278688600270527,1.2221954370079011
2021-10-15,1.0254133015098503,1.25743696530417,1.4007751644514534,1.2635888322425337,1.0536721859835998,1.2622952004234336,1.2180170558863785
2021-10-18,1.0242599715261216,1.242058171896018,1.3821705077861008,1.257456150993441,1.0486704948659207,1.2655739205363492,1.198445619222579
2021-10-19,1.0302734185453692,1.2444579067896,1.3511628945585283,1.250900282963527,1.0535814648034372,1.2999999799282516,1.1990456860783743
2021-10-20,1.0324857824276117,1.250585958856981,1.3399224332751962,1.2458322974759872,1.0510617500771633,1.3114755003234562,1.203633608465103
2021-10-21,1.030755827785778,1.244267958120615,1.337209402059514,1.2367078045832902,1.048994513654729,1.2609255043076983,1.1987224596170223
2021-10-22,1.0311238643152933,1.238678270748237,1.3091085446138804,1.2381822970236096,1.0539537472075828,1.2412493699979947,1.187839966269682
2021-10-25,1.0311750045590506,1.2394686549450271,1.2843021878453953,1.243885105637891,1.055659753482907,1.2642050272905527,1.197968563950314
2021-10-26,1.0422795802811549,1.2421235994792874,1.3077518811246909,1.260448385337989,1.0659870518346786,1.270763872538777,1.1962470743169022
2021-10-27,1.0421587272876816,1.2443588551495663,1.2976743587642916,1.2533968080271547,1.0643697014813147,1.2461683533960497,1.192415364394792
2021-10-28,1.0435250269019065,1.2433464432353767,1.279263574546544,1.2732218359513812,1.0636341557142828,1.2527269979267892,1.1859466329947048
2021-10-29,1.0406350054862752,1.236705535913499,1.277519314043493,1.2738678291842227,1.0604962550062758,1.2445286922633647,1.186413251234369
2021-11-01,1.0490183565016298,1.2522385092396018,1.292829470031697,1.2871568208455946,1.0653662073829706,1.270763872538777,1.1964634975300468
2021-11-02,1.050110670547822,1.259361240081939,1.287790560970149,1.268687803762543,1.064554666543318,1.26584478878198,1.1900111124027801
2021-11-03,1.0463116653491238,1.2567755258180084,1.28488380518821,1.2723825192660376,1.0653606147519898,1.2789623789196862,1.1850430813109465
2021-11-04,1.0627213791092331,1.272338538692128,1.3089148200476235,1.2519464485232832,1.07927084067153,1.2478080145287345,1.2000102359539917
2021-11-05,1.065751286327531,1.2845201502211407,1.3850775593307365,1.2972880581764592,1.0805868528273068,1.2806019396936288,1.2145530280111259
2021-11-08,1.0635580698651947,1.279345644822528,1.3736433734811475,1.2973924288991063,1.0793883770348964,1.26584478878198,1.2105168531657582
2021-11-09,1.056465876324515,1.2745871263693203,1.4230620666891642,1.2834488884651174,1.0753483282106098,1.2838814626764834,1.2092648397520105
2021-11-10,1.0696206719811077,1.326419139864824,1.426356567366313,1.303395440577808,1.0849327164211353,1.3117562037258383,1.2194171641776503
2021-11-11,1.0794297716165382,1.3553106613200736,1.4089147017425452,1.3062360350418187,1.0926394212493236,1.3576675183109543,1.2258110041168009
2021-11-12,1.0853834254716068,1.364833159295824,1.388372207889233,1.3065361178029944,1.0963788062637683,1.3117562037258383,1.2124786559581404
2021-11-15,1.0856363529030506,1.36419348249682,1.3953488062573922,1.31573886664918,1.0927936442602137,1.2822418015437984,1.212160662024056
2021-11-16,1.0808774829639551,1.3571809314375105,1.3945737601110175,1.3177163646737842,1.0951352437019997,1.2822418015437984,1.2067880362886025
2021-11-17,1.072347358641779,1.3480668729499743,1.3608526720237175,1.3119826144627966,1.0860458949268506,1.298638613588132,1.2116359186416932
2021-11-18,1.0739852391984699,1.3691674015857545,1.3709303422654653,1.3038746428672388,1.0894577134255325,1.3429105681167903,1.2066317876077706
2021-11-19,1.0707441775966,1.3658684488178867,1.31782940348509,1.2836427124364878,1.0894179962526402,1.3642265642766631,1.1940314675708463
2021-11-22,1.0715738436729039,1.3735757204064831,1.3160854387447358,1.304617337404731,1.088864348657392,1.359307380161124,1.1973267901343636
2021-11-23,1.0625999250403373,1.380517630957566,1.316472887877249,1.2917475339757516,1.0798458462568927,1.3412707062666207,1.202982475250295
2021-11-24,1.0658761850917413,1.3748285430156355,1.3083333505861574,1.2903175290536018,1.0838569313511726,1.3248737938635446,1.2026622689052486
2021-11-25,1.0697553788933987,1.3859091275344173,1.332751814578084,1.294620292030202,1.0881415260926834,1.3445500285319905,1.2071436698857776
2021-11-26,1.0441488437566715,1.3293941280933461,1.177906955421759,1.2089920945183994,1.0565286458666707,1.272403533671462,1.1485098044876898
2021-11-29,1.0531213155810322,1.3382723947737234,1.1870155591881788,1.2283495197223357,1.0665185775799388,1.2822418015437984,1.1651880592247166
2021-11-30,1.0395619889927838,1.3208214222899346,1.1870155591881788,1.2267639188059494,1.0545232723348703,1.2642050272905527,1.1507603847670487
2021-12-01,1.055777564289734,1.3461853044547751,1.222286813508902,1.251560893483079,1.0705465934205625,1.298638613588132,1.170277100784548
2021-12-02,1.0441905236764215,1.3347182120296917,1.2155039397069998,1.248452039641848,1.0593415682622216,1.3166753878413775,1.1638877930009106
2021-12-03,1.0462284357714162,1.337347724704024,1.2102713800198694,1.2395929791638833,1.0576939427144811,1.3429105681167903,1.169697506711081
2021-12-06,1.0619604563843192,1.359268845489305,1.2567829477425765,1.2569507359130854,1.0715915822426834,1.3019180362122442,1.1921493566640855
2021-12-07,1.0798603050483682,1.3731352222135285,1.27713186491098,1.2806038005883957,1.0875387209245695,1.3117562037258383,1.207419687887949
2021-12-08,1.07938439787373,1.360325206563974,1.2465117008159206,1.2716977239739573,1.0876783964305472,1.2904402075659651,1.2050585453538891
2021-12-09,1.0797934949867904,1.3558610732407816,1.2044573508712726,1.2622353330503175,1.0856433176931883,1.3068371199690414,1.2007466833287093
2021-12-10,1.0751956933741396,1.3492557670674443,1.18992253679214,1.2560137173659127,1.0773382303267538,1.3166753878413775,1.1951449046887288
2021-12-13,1.0693687571798534,1.3349181596835464,1.1331395742614288,1.2322642903268382,1.0693676255834652,1.2953592913227625,1.1825900456243004
2021-12-14,1.0590610797757798,1.3259788651475666,1.1350775593307365,1.2385919174648303,1.0592817771010457,1.29207986869865,1.1808986188116337
2021-12-15,1.0546847950157052,1.3104524382123752,1.0951549929623263,1.230779228896019,1.0556652385892655,1.2806019396936288,1.1713053974638723
2021-12-16,1.0616788159118211,1.3229481328362578,1.0986433660870802,1.2600464409604015,1.0592088682292184,1.2756828559368318,1.1882780482938686
2021-12-17,1.0643460342357607,1.3196639429440067,1.1075581713465692,1.2547078813628834,1.0639194427837853,1.2642050272905527,1.1879951616093716
2021-12-20,1.0541239913820808,1.3118554435072372,1.070542656522795,1.2461844665379678,1.054166106778108,1.26584478878198,1.169945667298174
2021-12-21,1.0643843418263454,1.3344057951356654,1.1100774779959948,1.2704216336887473,1.068367666811405,1.300278274720817,1.191736328874876
2021-12-22,1.0747350210757547,1.3451645721961696,1.1467053958059077,1.2851660506124154,1.0771700239786548,1.2871606845831107,1.2048298985295671
2021-12-23,1.0792706645233865,1.353551952286823,1.170930209172252,1.2970656841150734,1.0821754922768818,1.26912411104735,1.2139526665431828
2021-12-24,1.0782304823097162,1.3570297158201527,1.1784884248832257,1.2952482307185904,1.0837724802069395,1.2609255043076983,1.2168275613086739
2021-12-29,1.0902285611019085,1.3810106710195786,1.1810077315326513,1.3089481527827178,1.0941063894600138,1.3215943712394325,1.2240886846615509
2021-12-30,1.0872658534922899,1.374761655284567,1.1926356419484965,1.3144333341959138,1.0946477369893441,1.3330721998857116,1.2216973362023384
2021-12-31,1.0830864713647617,1.3707749189557399,1.190697656879189,1.3105183327340089,1.0932651924627783,1.3675056858245485,1.2201252339723896
2022-01-04,1.0964078510451452,1.410371906209964,1.2313953433346474,1.3652448100828227,1.0998494920955677,1.3494691122887874,1.247201927335333
2022-01-05,1.09646608810531,1.4179881606754896,1.2455426343405926,1.3714886801113746,1.0977696677673145,1.3478294511561026,1.2519269040635252
2022-01-06,1.0768484869171366,1.4220880232820554,1.2236434030574173,1.3785199572919975,1.0815590078498458,1.3412707062666207,1.2402573800928463
2022-01-07,1.0757642387224637,1.4393961653198901,1.2319767388554397,1.393385386805002,1.0807283503166782,1.323233932013375,1.2451163276183717
2022-01-10,1.065319367349616,1.439495989938889,1.2370155739763131,1.3872330614124726,1.0637903668581687,1.3035575969861868,1.2339389436321462
2022-01-11,1.0696973764739566,1.4449370169168292,1.230620223247599,1.3884907612571633,1.0685896224618845,1.2838814626764834,1.241780710511385
2022-01-12,1.0748141825864206,1.427164733385379,1.2294572843246658,1.3968419066541164,1.0688010473797716,1.298638613588132,1.2561359607774256
2022-01-13,1.0690375913617873,1.4022295832938605,1.237403097049501,1.4143116960857438,1.0611403068841663,1.3051974588363564,1.2562289526229582
2022-01-14,1.0569927453171577,1.3968469831888002,1.213565880697018,1.4216872720894225,1.0483682104918726,1.2969988520967048,1.2569559219210933
2022-01-17,1.0675498048089995,1.403505675590327,1.2199612314257329,1.432220650453505,1.0575339620547315,1.29207986869865,1.2770853310446335
2022-01-18,1.0596780786042792,1.3987689924178537,1.2176356493425635,1.4181740939687069,1.0481625336982072,1.2674845502734071,1.2773849815440987
2022-01-19,1.0610005264836384,1.4005536027504566,1.1932170374692888,1.4115520920666764,1.0573254025940229,1.2461683533960497,1.2808538462612435
2022-01-20,1.0632870008782667,1.3921574681115703,1.1988372681109547,1.3983833260045828,1.0628558065463725,1.2379699473738828,1.2822352910947108
2022-01-21,1.0477076980411215,1.3628742602617367,1.1600775667248036,1.380286834298216,1.0459027778274372,1.2068157837004154,1.2641107534541842
2022-01-24,1.020227391366486,1.3235135173785104,1.094961194455396,1.333045024043542,1.0121911328838782,1.1625441302479844,1.2147273465169628
2022-01-25,1.0280243336503003,1.3475110382018507,1.1224805824395632,1.3652175182223167,1.0142565489347175,1.2068157837004154,1.2300034613846162
2022-01-26,1.0366915282542728,1.361424952915952,1.1403100450771926,1.3960218970768241,1.020831404151241,1.2330510643345705,1.2479761227673902
2022-01-27,1.0416036310616676,1.3678777306183947,1.1191860817624142,1.4036016600972046,1.0242000531161977,1.2182936123466943,1.2549197727249253
2022-01-28,1.037429771633247,1.3416525238250316,1.0951549929623263,1.3808747010875015,1.015684403990528,1.195337754336652,1.2420896000783326
2022-01-31,1.0445768308216372,1.338594296032404,1.1094961564158767,1.3992945255514744,1.024207350580003,1.203536260717561,1.2465375221714108
2022-02-01,1.0528306170062312,1.352285017482463,1.1358527533584593,1.4302383097936497,1.029959084089168,1.201896599584876,1.2557216852310638
2022-02-02,1.0599209369048292,1.3612089258068587,1.116279030217779,1.4475895406570383,1.0389011026059505,1.2166538508552671,1.260676093306822
2022-02-03,1.0409457607386163,1.3563402933279083,1.130426395164398,1.4426117429941425,1.025994574391947,1.1904188712973394,1.25545476695763
2022-02-04,1.030026280271062,1.3292000988441781,1.1007751496633185,1.4182331786741154,1.0143649402807124,1.1887790094471695,1.2601860820923296
2022-02-07,1.0288230621510328,1.3249858935526144,1.1199612757901374,1.4352894891394627,1.019196786855242,1.2150141897225823,1.2709672366335816
2022-02-08,1.0294200110625125,1.328466892320102,1.1358527533584593,1.4239169350406395,1.0202792791039421,1.2150141897225823,1.2700074410241096
2022-02-09,1.0436422338502824,1.3482500380417348,1.161434082332645,1.434972007338019,1.0357528571830459,1.262565366157868,1.287856264550479
2022-02-10,1.0446297938137439,1.3531405054037733,1.1891472688237428,1.4440272779659518,1.0371041077689072,1.2773227177870017,1.295661227383242
2022-02-11,1.0378161629368412,1.3484436042563361,1.1715116786337183,1.4412904536321856,1.0273772215566503,1.2953592913227625,1.2946431582657134
2022-02-14,1.0218743700464137,1.3226159953149315,1.1405038435841233,1.398586383872416,1.0135272726633837,1.2855211238091682,1.2740988676189695
2022-02-15,1.0348147809479502,1.3326606118427766,1.1658914479920524,1.4268779571909511,1.0209271452520905,1.3297928776203416,1.2897840837915224
2022-02-16,1.0310317810234133,1.3280810416026245,1.179457343477205,1.4180917978246588,1.0205681176743329,1.3297928776203416,1.2895432046203745
2022-02-17,1.0216419097682052,1.3153892640407396,1.1436045457543411,1.4008246548344299,1.0132700762164402,1.2740430944454046,1.2720908919446174
2022-02-18,1.0166689869488685,1.3126369224499153,1.134302291362339,1.399584331346175,1.0111177566193101,1.2346905247497706,1.2651421710854354
2022-02-21,1.0045344056440562,1.2968110102019934,1.111627866051441,1.3989103240677143,1.0033982643693653,1.1592645069063876,1.2571917393339411
2022-02-22,1.0047024451027178,1.2895640644576796,1.1436045457543411,1.4030824280916925,1.0048457967289552,1.2314112024844008,1.2651210848710668
2022-02-23,1.0059087235659105,1.288361640696683,1.1405038435841233,1.39831702450428,1.0006649935323155,1.2166538508552671,1.2605424730620955
2022-02-24,0.9773289838145478,1.2692104075611446,0.9920542612158392,1.2994584167569554,0.9663256589737559,1.0871180120458592,1.218791194469162
2022-02-25,1.012653785635126,1.3184941910702797,1.027906984998029,1.3648470198274736,0.9996741233113785,1.1018752633162503,1.2670022242370849
2022-02-28,1.0213610194951832,1.368272116476256,1.0029069776039614,1.3289658976542442,1.005691491009804,1.0805591667976349,1.2537814924407122
2022-03-01,0.999429039828441,1.352150480905573,0.8914728361187771,1.2762456655669032,0.9795694247115576,1.0034934878215669,1.2336766636179834
2022-03-02,1.007454203463114,1.3394642488947042,0.9518410340573704,1.3043932921901262,0.9883229387379618,0.99857440406477,1.2645112488758357
2022-03-03,0.9815725021677578,1.300774259719263,0.9205426121583904,1.2537125439695018,0.9593031349951626,0.9887364372686606,1.2285097699966816
2022-03-04,0.9527364514012392,1.2618306246139845,0.8743217052257424,1.185216492998687,0.9273412515332464,0.883795816525753,1.1783657800222433
2022-03-07,0.9457208263177128,1.2717675232022727,0.8547480560257361,1.1473492732682267,0.9150684420660408,0.80836979868237,1.1814504565776414
2022-03-08,0.9422765276440221,1.3006955529830644,0.8854651563445979,1.157826793525015,0.9076581628512338,0.8788768331276983,1.1825838678803737
2022-03-09,0.9840742048799852,1.3119057455755871,0.9145348584435368,1.2405965781186945,0.9454764201525502,0.9313468926022962,1.217719119787374
2022-03-10,0.9771664913451276,1.3153981143129199,0.8888566671862231,1.2287066869582373,0.9294617425557937,0.9313468926022962,1.2149550384857744
2022-03-11,0.9828750047382255,1.3296020042425127,0.9061047343030604,1.238244445604269,0.9385207461087998,0.9329866540937234,1.241830649751647
2022-03-14,0.9962908413012862,1.3502329624419214,0.9087209771762886,1.2785750147542356,0.9511420159017069,0.9493835664967994,1.2385132682506812
2022-03-15,0.9981119216825903,1.3557986202496068,0.8940891529326794,1.2548008771330497,0.9420142984776119,0.9231484865801294,1.2462932745609583
2022-03-16,1.017490551066178,1.3504231170752141,0.9145348584435368,1.2937729354432432,0.9727250680773075,0.9264279092042416,1.2708973138442907
2022-03-17,1.0273912463979604,1.3588515503958498,0.9125968733742296,1.2882723917328331,0.9825722553983943,1.0051333496717365,1.2821949750124013
2022-03-18,1.0339173553161902,1.3640140908718643,0.9029069480276916,1.2896833655238824,0.9912092206729994,0.9641407174084482,1.2843828934870085
2022-03-21,1.0321025310956524,1.3695987539300425,0.9021317539999684,1.2985558723507782,0.9863922543680672,0.9788980690375816,1.2935030986784264
2022-03-22,1.0335490432110461,1.373444040317328,0.9185077648059544,1.3134514042955612,0.989157043518785,0.9772584079048968,1.2978416301808486
2022-03-23,1.0241614347206611,1.3735374622759742,0.8920542316395694,1.3022987566666016,0.9743861924881838,0.9788980690375816,1.3024753077594629
2022-03-24,1.026927889023317,1.3735283947282377,0.8943799616040867,1.3049734039612357,0.9727204271043945,0.9788980690375816,1.2954767486672991
2022-03-25,1.0268200474656664,1.3971292861523743,1.067248081904972,1.2717059958164925,0.9732727300480366,0.9674201400325604,1.3031206700529037
2022-03-28,1.0317451847586794,1.3817005213447098,0.9532946337703624,1.2736822948727282,0.9776223810987472,0.9772584079048968,1.30018284680344
2022-03-29,1.046489994322569,1.3807809166422909,0.9920542612158392,1.3020951263011138,1.0022971478126472,1.0510445638981103,1.3064003556497694
2022-03-30,1.042836670239612,1.3743513005588424,0.9986434104514847,1.2789045192520354,0.9964465985616844,1.001853826688882,1.3054479079866277
2022-03-31,1.0340531905659234,1.352975229885534,0.9796511567722708,1.26631281104731,0.9849760521953812,0.9739789852807847,1.3012025658754933
2022-04-01,1.0351945420027389,1.3470358067649977,0.9628876228930976,1.2692011234438945,0.9879486549543336,0.9936554206667152,1.3006106735952678
2022-04-04,1.0404767119619318,1.362214766644136,0.9724806120158328,1.2656767485619511,0.9932923791794179,0.9969348432908274,1.3054792869624765
2022-04-05,1.045670428941617,1.3668620969592191,0.9560078128673928,1.2528545037078187,0.9976149275278647,0.9723392237893574,1.3162815149977294
2022-04-06,1.0364419058006915,1.3500109181013265,0.9346899771050098,1.2389718372670397,0.9880117774957309,0.9723392237893574,1.3156865914558136
2022-04-07,1.0353513609229936,1.3489899729501214,0.9181200938514188,1.2381205428784416,0.9801002839844012,0.975618746772212,1.3047012039078791
2022-04-08,1.0428192420736995,1.363885509433937,0.9135658659088832,1.2534361205516942,0.9879419349801278,1.0002139648387125,1.3224966574584005
2022-04-11,1.0343207022610637,1.3690151827893429,0.9205426121583904,1.2586532061629827,0.9808309339115671,1.001853826688882,1.3165682938469339
2022-04-12,1.0299066371255294,1.363398051520484,0.8700581380732657,1.2611339224812457,0.9770692116516738,1.0084124712196216,1.3156798812811663
2022-04-13,1.0263272604518188,1.3467455563209059,0.8723837201564348,1.2699741290273947,0.9747808391147611,1.0215302620748126,1.3203724461339568
2022-04-14,1.0285274341553587,1.3487317418663833,0.905329392393989,1.2801370864598054,0.9816587282555542,1.0084124712196216,1.3301866967321556
2022-04-19,1.025001978361218,1.3449430329665708,0.9253875748316592,1.2781500947432596,0.97375730373795,1.0034934878215669,1.331050443193707
2022-04-20,1.0318283299298143,1.3534685376701623,0.9052326040515348,1.297492478026251,0.9787228056830833,1.0379270741191462,1.3344109600045895
2022-04-21,1.0334729564493768,1.358967660087536,0.9360464927128508,1.3103255721800606,0.9817563354692225,1.0461255805000556,1.337884250025531
2022-04-22,1.022285102482815,1.3430124197603899,0.887306279130777,1.2889008526461094,0.9671430373349299,1.0379270741191462,1.31557022251047
2022-04-25,1.014868825229708,1.3306444424255175,0.8413759590475139,1.2613208977927568,0.9533248671148297,1.0280890069642945,1.2875915377292393
2022-04-26,1.0101500613225423,1.3040782345915505,0.8150194360456054,1.2416792717864114,0.9477206424707713,1.0198902998659007,1.2951332205722654
2022-04-27,1.0143045179745076,1.2980960539412674,0.7982557542850839,1.2479403284040158,0.946559495519514,1.0116918938437338,1.3017208080605656
2022-04-28,1.0182178248277665,1.3089542755088626,0.8072673478870269,1.2892171105054824,0.9545699076820311,1.029728567738237,1.3145305419910112
2022-04-29,1.0202724303882758,1.309203598047025,0.8070736233207704,1.2883204444480902,0.9593024523239398,1.006772910445679,1.3271695260296095
2022-05-03,1.0155625698823396,1.3299630684339212,0.8158914923564567,1.3019364286798198,0.9485787597474586,1.0166110779592732,1.3294355531825501
2022-05-04,1.0029641851195292,1.3237210753354236,0.8063953655168498,1.2925082625436577,0.9316045379489335,0.9903758976838608,1.3209344017325793
2022-05-05,0.9995293901491997,1.3132288859781156,0.7920542020632997,1.2756395580964086,0.9331170315458635,0.9690599015239876,1.3247705282486002
2022-05-06,0.9799966658649029,1.2860013657446987,0.778197719728762,1.2571534406841298,0.9089269307621571,0.9592217340103936,1.3091716920392467
2022-05-09,0.9623250052696265,1.2544347696419926,0.7606589178811916,1.2353366484307633,0.8826265816526999,0.951023127270742,1.2660575858702139
2022-05-10,0.967440709061704,1.2690569227104092,0.7582363995742201,1.2264786064793674,0.8857219361077787,0.9559422110275392,1.2682806687986687
2022-05-11,0.9759427794789055,1.298802801463728,0.780038768574267,1.2349093829503137,0.8988750752961736,1.042846057517201,1.296933759169155
2022-05-12,0.9706860040347953,1.2866556142763057,0.7885658289385461,1.227280201251845,0.8900460275151598,1.0412065971020008,1.2671003061096169
2022-05-13,0.9942364026589818,1.3057496664019053,0.8124999075741574,1.2559959299572128,0.9119080723218473,1.0576034091463344,1.3033982360846845
2022-05-16,0.9977564044008245,1.3293670364446417,0.7817829551366439,1.2558176337256983,0.9138381231330499,1.1215513976259537,1.3150288868610869
2022-05-17,1.0029184410430783,1.3537503874714538,0.7869185785999718,1.2728350531648387,0.9199414921941248,1.1149927530952142,1.3306310751215764
2022-05-18,0.9912752225628494,1.3580527671548257,0.8215115751167745,1.2713916898011373,0.9057643526691429,1.123191058758639,1.322684502504805
2022-05-19,0.9706274731017371,1.3157680169277508,0.8045542427306706,1.257458139767265,0.8897621258508064,1.1100737696971594,1.300250352634211
2022-05-20,0.9797094873954569,1.3357744979976447,0.8072673478870269,1.2651164444371077,0.9033560234205672,1.151066201242963,1.3143235429277327
2022-05-23,0.9928532969896721,1.359519905656531,0.8056200975484525,1.2953557792357266,0.9157583760845224,1.170742435911409,1.339134425634416
2022-05-24,0.9829110631048401,1.3187830999961414,0.7759689999287211,1.3064805782320432,0.9068667602579129,1.1887790094471695,1.3343000823227438
2022-05-25,0.987772500330353,1.3425768122875374,0.8093022691801369,1.3173596865364916,0.9096279259913218,1.2051760222089882,1.3391778052490033
2022-05-26,0.991032358348197,1.345667932873829,0.8375968511920272,1.3424763569133025,0.9241104640585084,1.2215729346120645,1.3465075263242718
2022-05-27,0.9950177321797692,1.3411634023687848,0.8421512270159112,1.3546578491843309,0.9300087303931337,1.270763872538777,1.3511420923903965
2022-05-30,1.003154963545159,1.3495783483133645,0.8623062717367097,1.3466717524039846,0.9390402086975043,1.3035575969861868,1.353208110899018
2022-05-31,0.9942136838373034,1.3469949765768034,0.8400194434396728,1.345115403014518,0.9329453593004463,1.315035525991208,1.3457483163822783
2022-06-01,0.9853683686950342,1.3659936068433132,0.8597868172059357,1.337827134981078,0.9211099216832216,1.328153316846399,1.3359106670276737
2022-06-06,0.9961595500485768,1.393819362713532,0.900387567437592,1.3535507679167635,0.9350929866553309,1.3461896896646754,1.3543275287278829
2022-06-07,0.9870003662207923,1.3909233442439881,0.8901163205109361,1.3435464463090294,0.9283282471048643,1.3511088737802148,1.3553125944960163
2022-06-08,0.9872352414946366,1.3841839168101964,0.8952519439742638,1.3200899661197463,0.9236287896955421,1.3297928776203416,1.3546286292056193
2022-06-09,0.9746204093336878,1.3638679503617686,0.8884689962316875,1.3053946481230616,0.9081295413648963,1.2937196301900775,1.3424406155545643
2022-06-10,0.9585296120164607,1.346131069017419,0.8526162724494978,1.2717829417275466,0.8870295299866653,1.2740430944454046,1.3073460327662254
2022-06-13,0.9437330236179322,1.3179035745448542,0.8349806083187991,1.2496870193347036,0.8686589891479534,1.2543668597769586,1.2730209259705327
2022-06-14,0.9321644713524794,1.307123705374237,0.851937940704903,1.268751101133998,0.8585555068480676,1.2051760222089882,1.2701397952108204
2022-06-15,0.9507053170561687,1.3171446907924445,0.8787790708851497,1.2830563126954013,0.8774238142002199,1.2330510643345705,1.285155773940357
2022-06-16,0.9219697280891054,1.2674054826603167,0.8438953396376138,1.2331180457745068,0.8505407693512488,1.1969777165455635,1.2411580435128184
2022-06-17,0.9299693413204447,1.2792552130468322,0.8499031672931413,1.239799644652827,0.8557545689380629,1.2100949052483003,1.242267021631861
2022-06-20,0.9357704917301272,1.3022254178174912,0.8866278734455084,1.2750997775551804,0.8572029776704901,1.2314112024844008,1.260972136091727
2022-06-21,0.9350766283781893,1.299108117482802,0.8801357343743391,1.2752300895051836,0.858876820218557,1.2182936123466943,1.270631863717101
2022-06-22,0.9312329582659113,1.302755548912518,0.8343992127980068,1.269639581614773,0.8560355367329877,1.2264920183688612,1.2518546121934666
2022-06-23,0.9221235747534625,1.2975727654337228,0.7931201308217559,1.2422548910388036,0.8446923330086651,1.174021858535521,1.2356722060560155
2022-06-24,0.9466674554332314,1.3116400952831389,0.7843023357267437,1.2684071136744444,0.8687363975309694,1.195337754336652,1.2680989247354018
2022-06-27,0.9565334392271185,1.3174039608370152,0.7927325338078944,1.276270359379537,0.8750224456388987,1.1904188712973394,1.280126693661159
2022-06-28,0.9594570742212283,1.3489957466536437,0.8443798728752777,1.2881823265051966,0.8802968330591454,1.178940942292318,1.2922214068096707
2022-06-29,0.9555507966224961,1.3313981063797171,0.8158914923564567,1.279821835978774,0.8650020727250288,1.151066201242963,1.2820479343575006
2022-06-30,0.9399209336857514,1.309538414797289,0.8037789747622733,1.2571207662790767,0.8470303982520232,1.0712168718300437,1.259316289265868
2022-07-01,0.9446676240622203,1.3288356075209964,0.8341084780672736,1.2558501425340554,0.8454903745749444,1.0974641955132818,1.2547040310142974
2022-07-04,0.9506175207140872,1.3291368046198684,0.8385659176673551,1.26648638494283,0.8461174573772926,1.1073067788115398,1.2697142579327223
2022-07-05,0.9370184198347745,1.2804934123967766,0.766666671596045,1.2228300154555063,0.8320261172375553,1.0712168718300437,1.2236291593437667
2022-07-06,0.9537415184681631,1.2862812002735589,0.7957364476356582,1.228760484105283,0.8482547859757025,1.0941833678667765,1.2421756375633202
2022-07-07,0.9592544132705848,1.3092010879651592,0.8261628132237868,1.2667589664499943,0.8568818002360187,1.1269922464842828,1.2659112666889
2022-07-08,0.9623604950355193,1.3114188041135066,0.8442829366514754,1.271851724641145,0.8612073580882653,1.1417563221491545,1.27310246257689
2022-07-11,0.962718908170548,1.3239967790860445,0.8405039027366626,1.2692159768705813,0.8556885019701745,1.136835130858768,1.269324737967446
2022-07-12,0.9683160998612782,1.3394347828399207,0.8602713504435997,1.2749431092701597,0.8605716533822789,1.1532394698087785,1.269723943978967
2022-07-13,0.9592617120628845,1.3300699631314203,0.8583333653742922,1.2608672170138375,0.8564975951800872,1.158160962175392,1.2623328051148364
2022-07-14,0.9499255900123336,1.3176976481203215,0.826744208744579,1.2344154754539818,0.8409401238757681,1.1319137388508964,1.2397060137703042
2022-07-15,0.9592843355609701,1.3415882276476556,0.8700581380732657,1.2664149489732675,0.8538664657515368,1.1794867934920166,1.267286090271831
2022-07-18,0.969743110703423,1.3622780024295813,0.8933139589049565,1.287662793739655,0.8613333110237569,1.158160962175392,1.2744892675059876
2022-07-19,0.9802294393689696,1.382007485647434,0.9093992349802092,1.3174263603228915,0.8719144644427227,1.1778463294893928,1.2902354218012666
2022-07-20,0.9819259154199443,1.3748018924069512,0.8917635708495103,1.3189744343308343,0.872784737147344,1.1696441098350163,1.2919613788662123
2022-07-21,0.9937615535810544,1.372449511129468,0.8948642730197284,1.3262293783917214,0.8826420294702749,1.1762057651280269,1.2930258528334373
2022-07-22,0.9967651523074401,1.3736405026438436,0.8972867913266996,1.332279686122857,0.8868643973938298,1.1794867934920166,1.295274122490841
2022-07-25,0.9938000978941873,1.3792819522450925,0.8909884507624615,1.3545115220368555,0.8819778848103578,1.195891333159512,1.299984669819337
2022-07-26,0.9854047642481973,1.3715618682307504,0.8497093687862106,1.3453250691948113,0.869731815983314,1.1712844734788976,1.3023440180670627
2022-07-27,0.9902829281646421,1.3873120675277648,0.8466085187346444,1.3639219403138572,0.873806813453836,1.1712844734788976,1.3183127778616959
2022-07-28,0.9945737326939894,1.3847507260354064,0.8375968511920272,1.3336105767131226,0.8874511663338988,1.1811274582121252,1.3189954643215507
2022-07-29,1.0078553474101024,1.3802225402782227,0.8650193768930661,1.354065131842363,0.90257531746966,1.2352621681462557,1.3304145144793893
2022-08-01,1.0040784739041153,1.3968025405234816,0.8627906570930254,1.3651874789149507,0.8993779233688254,1.2647904198347413,1.333576066344682
2022-08-02,1.0008047525718644,1.4042862837089094,0.8507752236039927,1.363340814143245,0.8879218541282919,1.305801819182851,1.3368704723695355
2022-08-03,1.0051107013319152,1.3816261629070907,0.8797480634198036,1.3699133153665453,0.8948215498217639,1.3320490425073468,1.3455781645265874
2022-08-04,1.0128902708799459,1.375022749695662,0.8008721450396603,1.3649382905756462,0.9013851830132898,1.363217758198456,1.3471059923029896
2022-08-05,1.0059101501622805,1.3504478706476115,0.8042635819406114,1.3728509898505192,0.8897107731818152,1.4025884928264574,1.34630534836391
2022-08-08,1.0127694592112866,1.359886011295026,0.8401163057228012,1.377382622618673,0.9013547593681637,1.3812626615098331,1.351088572509403
2022-08-09,1.006110901992637,1.3688782637788754,0.8203489319565382,1.3851532274786318,0.8886329460713408,1.3861841538764468,1.3539462342522806
2022-08-10,1.0169271904060038,1.3578907668906135,0.8289728546039457,1.3927305076438508,0.9105305537636823,1.420633596855319,1.3739073026945299
2022-08-11,1.0130330256598672,1.3336636940434492,0.821317924491192,1.3813092532653473,0.9067219568314282,1.4271954528658142,1.372960739389588
2022-08-12,1.0127374527683157,1.3292507341209334,0.8237403688574894,1.3906266928869897,0.9099633849293283,1.4764090718683005,1.3769285301746261
2022-08-15,1.0179110764021384,1.3348771598319389,0.8309108396732532,1.3903010642519793,0.9120422690252278,1.4993753671875487,1.3795594742778685
2022-08-16,1.0206475873672298,1.35726290109672,0.8323642915048968,1.393377187805599,0.9083133724797879,1.5781172378785209,1.3836153302837246
2022-08-17,1.0133918353272449,1.349271256934798,0.8091084706732061,1.3855989358643237,0.8940760999293255,1.6191286372266305,1.3796831218448296
2022-08-18,1.0183289423400677,1.3519251110971326,0.8100775371485341,1.3842554758670138,0.8958899794835742,1.652758048921675,1.3894619277858613
2022-08-19,1.0119465892217903,1.352412140373792,0.7874031118376358,1.3621263865027728,0.8858937688237576,1.6937693479110427,1.389345738604317
2022-08-22,1.0016534921986167,1.3505208858547222,0.7790697760396132,1.3521010937387703,0.8714691071243177,1.710173586502311,1.3843255482946144
2022-08-23,0.9870146693530176,1.342775763790766,0.7764535331663851,1.3414080209326211,0.863293535616254,1.7142750475850976,1.3769660482824924
2022-08-24,0.9868712291030123,1.330828796354353,0.778197719728762,1.3346503033077972,0.859968463159051,1.7183763079503995,1.376642238484869
2022-08-25,0.9825192073403188,1.3164677338702453,0.7803294293643261,1.3340536063842277,0.8563235720999741,1.673263648236988,1.382930250180116
2022-08-26,0.9713044058868725,1.3116700474350036,0.7604651933149349,1.3170499401507252,0.8459503483274818,1.669162387871686,1.3649658018027448
2022-08-30,0.962019106252527,1.2887425580010885,0.7577519402772303,1.3070584705209705,0.8425265571647496,1.652758048921675,1.3469885509506234
2022-08-31,0.9531504134469264,1.2821666349704626,0.7461241038020591,1.307618945460054,0.8359302101754732,1.6404545689019971,1.3369461686126236
2022-09-01,0.9313597769281469,1.2555325631367986,0.690988317669248,1.2796208012346248,0.8080043994020482,1.6445557289085566,1.310172343651868
2022-09-02,0.9482562555894124,1.2737223377603466,0.7274225109129041,1.3116583307670586,0.8299841942164208,1.69787040755886,1.3355561946807966
2022-09-05,0.944925936336939,1.2859746797588782,0.7182170448633561,1.3040104561754196,0.8239788496332842,1.6937693479110427,1.3409608670075859
2022-09-06,0.9516456832780681,1.3135369903255634,0.7433139145405518,1.321706647640588,0.8357049943258893,1.706072526854494,1.343883107652776
2022-09-07,0.948995681534701,1.3040515362562972,0.7437015854950876,1.312024321336505,0.8317577156581141,1.710173586502311,1.3333417672443038
2022-09-08,0.948087860248425,1.2945287710658686,0.7585271343049532,1.3245560375444714,0.8301327897856688,1.706072526854494,1.3439312275354038
2022-09-09,0.9619377447134899,1.3121734355645123,0.7600775223603993,1.3508851156135746,0.8449951964098559,1.7429830672722717,1.3659488109345712
2022-09-12,0.977789396578207,1.3375346298943753,0.7816860928535155,1.3847102681509276,0.8637974108504178,1.8086010252247684,1.3837792282750951
2022-09-13,0.9606750932310052,1.3162205527031254,0.7584301980811508,1.3741672016324082,0.8452610817746331,1.7757921466072624,1.373043589984731
2022-09-14,0.9412693758801749,1.2843415719890188,0.7282946411644295,1.3575209761888418,0.8303254797168065,1.7265784272460336,1.3549726280452792
2022-09-15,0.9380290576860643,1.278697371833744,0.7447673663721954,1.3690542112096846,0.8320713617591505,1.7224773675982166,1.358524069311473
2022-09-16,0.9348383833411306,1.2673982607793586,0.7342053847148063,1.359184761107458,0.825863064094112,1.710173586502311,1.3426693719662397
2022-09-20,0.9206327177511165,1.2508290692979103,0.7346899179524703,1.354879370532351,0.8113417187942072,1.7183763079503995,1.333659050261682
2022-09-21,0.928423585212036,1.28251112085327,0.7201550299326637,1.3509970369352382,0.8205678215368399,1.7183763079503995,1.34182509838717
2022-09-22,0.9113874368368237,1.2784533788599595,0.709980571348462,1.3344179094041355,0.8016358311206185,1.7142750475850976,1.3268085488081316
2022-09-23,0.9013842899545106,1.235850065653382,0.6965115381464374,1.302064673140464,0.7814210518825566,1.701971467206677,1.2924931841692722
2022-09-26,0.8992776883505662,1.2302766666807483,0.7041666900812135,1.2784057117224372,0.7748384647619301,1.6773646075260626,1.2987939285289223
2022-09-27,0.8824703001630957,1.2125613809441664,0.6708333468891235,1.2752730597460842,0.7615168109960023,1.673263648236988,1.298906904035054
2022-09-28,0.8843203563229619,1.221639544991644,0.646317798792046,1.239203820224694,0.7725303136775418,1.6486567885563737,1.302969393863241
2022-09-29,0.8541805338053028,1.1847562247917793,0.661434156273319,1.202725092499016,0.7503361213104534,1.6027240975591348,1.2833377136916166
2022-09-30,0.8650961822419306,1.17224499222602,0.674321646073203,1.2152494794211424,0.7644805000756338,1.6306117848862545,1.2909758983160213
2022-10-03,0.8698534689914246,1.188181448962742,0.6760658326355798,1.2207611302381332,0.7685082662614576,1.6027240975591348,1.3014205825376894
2022-10-04,0.8915276117146621,1.2107297928676442,0.7216084817643073,1.2713949326463958,0.7910085892997725,1.6306117848862545,1.3365789639822085
2022-10-05,0.8818046241885087,1.1974326147588141,0.7162789858533745,1.2550908228696014,0.7764171127100467,1.6404545689019971,1.340199827967902
2022-10-06,0.8783735421681189,1.1803750174284313,0.6907946670436655,1.2479573942162652,0.7734821900072941,1.6081151684812531,1.3362792206726453
2022-10-07,0.8668575032950783,1.1970977275368633,0.6841084337028691,1.2369698070953725,0.7608332003205043,1.5949876428280532,1.336738826874677
2022-10-10,0.8678401925547857,1.1916029521009572,0.6675387722713008,1.2292657860266363,0.7599254670369039,1.621242593775711,1.3343722398526843
2022-10-11,0.8576323284935958,1.1865032494426917,0.6733526535385492,1.21066390792548,0.7508256476478803,1.6097560339188464,1.3193518382084992
2022-10-12,0.844355447411168,1.1579616674814877,0.6418605070733128,1.1786259807884063,0.73826291164425,1.6278062562435682,1.3139518750862824
2022-10-13,0.85001016814242,1.1803993626845097,0.678391488659423,1.2202045605374592,0.745983749838516,1.645036146208236,1.3226714004840816
2022-10-14,0.8579035909276392,1.1746226055931146,0.6787790856732846,1.2285492641700062,0.7510579199414927,1.6031923714509888,1.3219376974804875
2022-10-17,0.8720083931306952,1.193185168526377,0.6935077722000219,1.255703552571119,0.7666827805627154,1.6655476666893478,1.3289642193468516
2022-10-18,0.8800771749880035,1.1844351164964233,0.719767358978128,1.2583820333836964,0.7695494254773442,1.6573431387838968,1.331381184558472
2022-10-19,0.8737044022451912,1.1831337859863558,0.7170542538217716,1.2431038039938525,0.7592536298621713,1.6573431387838968,1.3288160016377564
2022-10-20,0.8746641093948058,1.1807238704656833,0.7088178542475516,1.2440923279123868,0.7662086508326421,1.6614452020191377,1.3331882623729185
2022-10-21,0.8708296934761854,1.1662256596995804,0.7129844851762258,1.2368138986040815,0.7617051458640663,1.6614452020191377,1.3407423859172893
2022-10-24,0.8836376212243866,1.1765953847735973,0.7122093650891769,1.2527201529765497,0.7688727737278905,1.727082830285137,1.3637258250004969
2022-10-25,0.8969678457380894,1.181980376797157,0.7140504878753562,1.2630621698359688,0.7856340133101017,1.776311001305266,1.3666069794233124
2022-10-26,0.9049814513394282,1.20759450812503,0.7216084817643073,1.262722028034586,0.7918904894692627,1.7722081352000862,1.3781482105497864
2022-10-27,0.9035383975076773,1.2026166482503375,0.7397286051919958,1.24376382531508,0.7899496199169791,1.75990134334191,1.3808053524637187
2022-10-28,0.8991666666993483,1.209904963972906,0.7460271675782566,1.2184785000764016,0.7805931991109367,1.7516966147189743,1.3801116674500211
2022-10-31,0.9030453705420629,1.2268160535590054,0.7572674070395663,1.2311685032154471,0.7819971378134408,1.7434922875310084,1.3846956749555566
2022-11-01,0.9109357315622771,1.2521019351143607,0.7897286939208048,1.2502813300450377,0.7918426937106552,1.841948228136296,1.3994617671635108
2022-11-02,0.9081976021579787,1.2562489043301086,0.8048449774614037,1.249012352657636,0.7864813286132492,1.8501529567592316,1.3911041721574677
2022-11-03,0.9047239230439142,1.2537754069551998,0.7767441939564442,1.252822285928559,0.7797211668759542,1.928097176165923,1.4062809903895679
2022-11-04,0.9172760558423981,1.251077153813375,0.8247093613921432,1.2818783824787712,0.8029184833996905,1.985529875091502,1.422032736372253
2022-11-07,0.9198727989140869,1.2424224293700552,0.8367247948811759,1.2784293258158854,0.8050701578607218,2.018348388148275,1.4197188499663227
2022-11-08,0.9301320704429107,1.2579178301970633,0.8569768497664509,1.2880602057531136,0.8112254633614446,1.969120417845631,1.4169920934539035
2022-11-09,0.9340560306135479,1.2614875166397819,0.8587210363288278,1.290698618662958,0.8121863431980643,1.9814278118562616,1.4081507274702936
2022-11-10,0.9625252939716252,1.2993015467366997,0.8329457609663632,1.3088687132045564,0.8459596772109557,2.02655351820618,1.4154490280887553
2022-11-11,0.9591384599861265,1.266522673573427,0.8654069739069277,1.3030200470188322,0.8531303638844631,2.0019389309024036,1.394934516443673
2022-11-14,0.9648913508313205,1.2782291103162309,0.887596865980162,1.3155562042924567,0.8520519990672952,1.997836867667163,1.4121323553358636
2022-11-15,0.9590427313209179,1.294014111342036,0.8828488395306955,1.3088510855266937,0.8476160304907155,1.9445064326943091,1.4165407154179424
2022-11-16,0.9529164986008387,1.295513842332935,0.8451550669030008,1.2859264575251181,0.8354805800766681,1.9486088973645193,1.4222145924507867
2022-11-17,0.9477178862043704,1.328242544539066,0.8391473131881474,1.3063946386443401,0.8332827580945851,2.0101436595253395,1.421294424002001
2022-11-18,0.9605970793102412,1.3428250547146947,0.8283915330238275,1.3214099852439711,0.8443088430870602,2.0798835517440644,1.4252190583423407
2022-11-21,0.964863350107367,1.3468173402579258,0.8218023098475077,1.3319107060447257,0.8424714947796883,2.0470650386872915,1.419891062112399
2022-11-22,0.9677169648939495,1.3779587613320785,0.82645354795452,1.3265303240979238,0.8432145348044994,2.0470650386872915,1.4432680567470675
2022-11-23,0.9737825791844561,1.3776642095819374,0.8566861150357178,1.3307873657895652,0.8493082798578393,2.0880880796495154,1.44904856012616
2022-11-24,0.9768209527011822,1.3880536117974993,0.8822674440099033,1.3435581057589625,0.8541106932636394,2.1085998008481117,1.4448702026920806
2022-11-25,0.9764394209940912,1.3814733254169274,0.8803293849999216,1.347991524516866,0.8534073107484614,2.083986217131759,1.4491199760214482
2022-11-28,0.9686901364618873,1.3744437417073136,0.8587210363288278,1.3348721085524125,0.845512440261634,2.042962774734566,1.4486201869041095
2022-11-29,0.9624294901263384,1.3658072122932707,0.8635659250614225,1.3585765485695638,0.8443434763937612,2.083986217131759,1.4447911785936018
2022-11-30,0.9648079727662179,1.370711944898725,0.8810077167445162,1.3645721942167828,0.8448877451642833,2.075781087073854,1.4584977687114038
2022-12-01,0.9728939978516251,1.3756062393728488,0.8423449515821677,1.3586952870368936,0.8532205087241778,2.059371830545468,1.4528030892968187
2022-12-02,0.9721755187915033,1.3708709854136887,0.8745155037326731,1.3549870872248886,0.8574604773134361,2.120906592706288,1.4487893546432122
2022-12-05,0.9710770822224332,1.3679504291191686,0.8778100044098218,1.3533161509802367,0.8553416379430726,2.096292808272451,1.447676643505629
2022-12-06,0.9607948669770198,1.3722129381794872,0.9059108618554554,1.3509860617058618,0.8489657334378082,2.1619302358209658,1.4373440200906953
2022-12-07,0.9579386175405994,1.361359251959826,0.8772286828297038,1.339640050312442,0.8441932519318204,2.1578279718682403,1.4272135048476564
2022-12-08,0.9504710897623928,1.3675744665754705,0.8855620925684005,1.335778513382456,0.8397856467058311,2.1250092580939826,1.4261442695428042
2022-12-09,0.9557044013304604,1.3687941623229662,0.9113372200495164,1.3503502302411388,0.8425673562113442,2.1619302358209658,1.432798716448269
2022-12-12,0.9496427057814454,1.362217631876996,0.8996123734098687,1.342611769180886,0.8346050985658483,2.137316250669644,1.4280970766574501
2022-12-13,0.9618368625492861,1.3570847660943783,0.8780038768574268,1.352592934288413,0.8485527731492765,2.1332137859994336,1.4355400902357442
2022-12-14,0.9618343333054908,1.367734696291913,0.8749031746872086,1.3444576626233111,0.8478598763827088,2.1003950722251763,1.4357838697403966
2022-12-15,0.9505212960469728,1.37038618404938,0.8636627873445508,1.3280150500204355,0.8363911294646283,2.0880880796495154,1.42400298042449
2022-12-16,0.9389856322013671,1.3467503222452364,0.846220995661457,1.3192237982870265,0.8173844673548561,2.0675763584509186,1.408827517084181
2022-12-19,0.9395150269905456,1.3565701396573,0.8608525980830437,1.3289400256693984,0.8156139090456013,2.0306555814414207,1.417086901772853
2022-12-20,0.93707204371305,1.3740831642259146,0.8568799135426486,1.3335522967326414,0.8105585593270295,2.0921905443197253,1.4173220224172003
2022-12-21,0.9508049061906736,1.3958890393685288,0.8829457757544981,1.3541778239132087,0.8283605670599461,2.083986217131759,1.4428741639895546
2022-12-22,0.943567076626507,1.3858008218855329,0.8827519033068931,1.3495967167878935,0.8208625637992786,2.096292808272451,1.4379792909958176
2022-12-23,0.9431385521136022,1.395923664603293,0.888372060007885,1.3519796392572117,0.8243503421755319,2.104497536895386,1.4371623914444986
2022-12-28,0.9471732874085197,1.4024203564952171,0.8976744622812354,1.3549480563498468,0.828562233172575,2.1332137859994336,1.439850052133878
2022-12-29,0.9520349390689214,1.4008899023011125,0.8958333394950563,1.3604696157199287,0.8329441591958545,2.1496234439627893,1.4412756544102951
2022-12-30,0.9440477563121711,1.3923510942307888,0.9031007465346224,1.3457057625493705,0.8256582061743469,2.137316250669644,1.4292084427850162
2023-01-03,0.95317588894486,1.3863429636207012,0.95843025723369,1.3735409194191215,0.8397484165680956,2.145521180010064,1.442264128429224
2023-01-04,0.9688057577510931,1.3826775534998779,0.982558134376232,1.4056843698256958,0.8577227956215886,2.1783396930668366,1.433825880595188
2023-01-05,0.9735683440795083,1.3940864769342804,0.9947674403128696,1.4346418405573016,0.8592520241517667,2.2521816485208026,1.4352088118565518
2023-01-06,0.9808768949808299,1.4146778988290496,0.9970930963367128,1.4366982428678283,0.8671847252044682,2.231669927322206,1.4483681928729268
2023-01-09,0.9848765775600258,1.398773108815594,1.0054263581940612,1.4247763763973365,0.8727953808759302,2.2193631354640297,1.458095152272828
2023-01-10,0.9817554323046415,1.4033473460802235,0.9788758888038736,1.4132115475025873,0.871381235001467,2.1906466856424975,1.455942426521345
2023-01-11,0.9896760544860871,1.414176896287079,0.9939922462851464,1.4227995375715783,0.880663377926357,2.1783396930668366,1.4574580897903968
2023-01-12,0.9982168843949284,1.4352233435204251,1.00775194027723,1.4452305392906821,0.8995178362615156,2.182441957019562,1.4661018185951433
2023-01-13,0.9993758015706258,1.4471943709720427,1.0538759849267498,1.4708630364158273,0.9018931172021212,2.182441957019562,1.4754129313239106
2023-01-16,1.0042129636296522,1.4542006066979973,1.0383721043722896,1.4711165764224678,0.9096020482405541,2.137316250669644,1.4709313010435445
2023-01-17,1.0073662972275184,1.463336290752716,1.0517442013505116,1.4637310477725096,0.9054008247072721,2.1332137859994336,1.4717389310890308
2023-01-18,1.0033704010146405,1.4648068248817898,1.049031022253481,1.4648722214961998,0.9024377154703823,2.1619302358209658,1.4802351413035166
2023-01-19,0.9935965418590095,1.457535980449278,1.0182170596514912,1.4455532735179981,0.8900830623036834,2.1906466856424975,1.4639116870811972
2023-01-20,0.9987961949878624,1.4780034949018677,1.0329456722375543,1.4569879346581152,0.8954244412736191,2.2111586075585787,1.4670074982237227
2023-01-23,1.0040387808426814,1.4767431189790101,1.0484495527920146,1.4589737816990274,0.8973389168351976,2.137316250669644,1.4702181864287642
2023-01-24,1.0037880209223764,1.4750971787109677,1.0794573878416094,1.4715027451755722,0.901225407837033,2.186543819537318,1.4638056768370227
2023-01-25,0.9992361499693408,1.4698986714063498,1.082558163952502,1.4749402917119632,0.898344184962507,2.182441957019562,1.4587290774216317
2023-01-26,1.0049922846202428,1.4952752135842253,1.0996125065030824,1.4969159956761922,0.9048001250822184,2.2029536782181585,1.459795295729055
2023-01-27,1.010645978683374,1.4990649572571144,1.06782940348509,1.502464438855058,0.9068462178892781,2.2029536782181585,1.4635494091426529
2023-01-30,1.0134662149326055,1.5043407105003597,1.0573643580515035,1.4978314469577734,0.9050370068177421,2.2029536782181585,1.468159664846361
2023-01-31,1.0088149690981336,1.5025470696004306,1.024612410380206,1.4895156725789438,0.9018654727958217,2.1906466856424975,1.4637527646057895
2023-02-01,1.009594263457514,1.514554388970212,1.0191860521861449,1.4913026978417583,0.9021602402234092,2.194748748877738,1.4584957748478409
2023-02-02,1.037918199116689,1.5138848765830013,1.0536821864198191,1.4923513259601284,0.9353980974785946,2.1906466856424975,1.4711313105829615
2023-02-03,1.0419704108750099,1.5124174496971843,1.0569768349783162,1.5000910217496188,0.9345172892578594,2.2562837117560433,1.4883876211922082
2023-02-06,1.031526648082182,1.5072408298654514,1.047286835691104,1.4935649931608135,0.9208855431783046,2.215260470076335,1.4744153482512787
2023-02-07,1.0268574062444253,1.4978577956417563,1.0461240446495197,1.5089083338376827,0.9140166906874075,2.2439769198978667,1.4785909883925912
2023-02-08,1.027482382292939,1.505807445856694,1.0583333505861574,1.5177767889784375,0.9143719734541741,2.2521816485208026,1.4846230367134492
2023-02-09,1.0251240616560033,1.5142401025621477,1.0534883879128882,1.5378094154060993,0.9093141137389407,2.2398746559451417,1.4869205927845683
2023-02-10,1.014339436370699,1.512431157368958,1.0414728804831817,1.5091570617658876,0.8941559158386833,2.194748748877738,1.4807727060078177
2023-02-13,1.0236414453259612,1.520856900837621,1.0606589326693263,1.5157162226376273,0.9022110231063915,2.227567462651996,1.4912574196141244
2023-02-14,1.0227261718863712,1.51516797958822,1.0500000147881348,1.5203752684863239,0.8999840599653834,2.1988510128304637,1.4949037144636836
2023-02-15,1.032790647552537,1.5326078192446277,1.0852713430495322,1.5112347946833258,0.9093891096142013,2.231669927322206,1.5048728967871317
2023-02-16,1.0316419778186987,1.5578725590102647,1.1027132086733002,1.5300569392947065,0.9125171051252012,2.2891024255303005,1.5031834036281138
2023-02-17,1.031507225365778,1.566117790015602,1.089728634768265,1.5153423577518301,0.9116348386000599,2.3670468456544764,1.500252664605241
2023-02-20,1.0308244744795525,1.5596463768390443,1.083333357980225,1.511673141697002,0.9134198655107731,2.285000161577575,1.502038689445222
2023-02-21,1.0227076959072232,1.5664432320289972,1.0656977677902002,1.5068682618191171,0.9016875577838582,2.260386176426253,1.4870711827296546
2023-02-22,1.01823627413318,1.556195182350453,1.042829470031697,1.4976222119323803,0.8962845189614493,2.2193631354640297,1.4807504060411678
2023-02-23,1.0160108754394812,1.5642219776942468,1.2897286939208048,1.5003368071869287,0.8923156356993733,2.272693169001914,1.4836948650718575
2023-02-24,1.014857413327569,1.581093464909565,1.3182168526176037,1.4950112639474682,0.8852958176492812,2.260386176426253,1.484220766492797
2023-02-27,1.0251612381236737,1.5957897856874252,1.4050388794852782,1.5072054995921544,0.8944968065642577,2.3014096188234463,1.497774761272978
2023-02-28,1.017184253547683,1.5859031793885827,1.404457410023812,1.510260500809783,0.8937043000177735,2.2891024255303005,1.4835681909584628
2023-03-01,1.0183284366382015,1.5813152372760944,1.4381783502297631,1.5115611898646129,0.8930351679444801,2.3547402545137848,1.492428016120649
2023-03-02,1.0198309560232635,1.588877330029692,1.4356588956989893,1.4888768455813508,0.8934184614361182,2.371149310324687,1.5011528700455556
2023-03-03,1.0238022606107449,1.5838279137753586,1.4499999852118652,1.4947638299251755,0.8975536884868979,2.4080704887691544,1.4973463534755713
2023-03-06,1.0270461596958862,1.5943808396883783,1.4804262768593195,1.4889922160547304,0.8983276701640448,2.461400923742008,1.4934711073128384
2023-03-07,1.0239558659627972,1.5851156465633955,1.4843022469979348,1.4853318296099183,0.8913155821332137,2.395763496193493,1.4869633313798887
2023-03-08,1.026951901051391,1.5927477693649472,1.5199611722731936,1.4884105892736332,0.8873294991478565,2.264488841813948,1.4893146810581706
2023-03-09,1.0234000936422134,1.603750195457252,1.5313953581227824,1.4724097234362736,0.8759137548235119,2.2439769198978667,1.4892340206543841
2023-03-10,1.0071102639870848,1.5958979411860823,1.4544574248119466,1.422224352032849,0.8597295786878533,2.2234653994167553,1.4682361781958748
2023-03-13,0.988397314030611,1.5532223419120883,1.4050388794852782,1.3490055408277746,0.8412903985880358,1.997836867667163,1.4265638909305312
2023-03-14,1.0006093226206834,1.5924689292277059,1.5038758222572668,1.3676606087308507,0.8531258755551316,2.116804529471047,1.4439375745884548
2023-03-15,0.9751973541243283,1.5213192498665324,1.3967053218652334,1.2908932306142635,0.8281152764853845,2.055269767310227,1.383976860401505
2023-03-16,0.9865415253046658,1.5334745322359056,1.4176357084951032,1.3121878405588294,0.8383794998862841,2.0019389309024036,1.3987317218344004
2023-03-17,0.971275559067229,1.4996462891231095,1.3594961564158767,1.2887914031324277,0.8248846087729429,1.9650183546103903,1.3906341061637042
2023-03-20,0.9807551735245171,1.5176400589574848,1.3660853056515223,1.2907495116660563,0.8356203383568205,2.0019389309024036,1.4053626527971985
2023-03-21,0.9953563026344711,1.5520174515745517,1.4534883583366187,1.330275779669587,0.8452519902378437,2.116804529471047,1.4283299274173598
2023-03-22,0.9957987953639976,1.5728940419106323,1.4459302905069935,1.328027961696681,0.8432163196308742,2.096292808272451,1.4325699455225138
2023-03-23,0.99416417065906,1.586989515695199,1.4277132308555025,1.3153881074294864,0.839646088376402,2.083986217131759,1.4195445522814407
2023-03-24,0.983392016252517,1.5601006129310142,1.390891514538659,1.281850422303129,0.8287365759896291,2.075781087073854,1.4041335531054628
2023-03-27,0.9874474191901064,1.5798119631469827,1.398643306934541,1.2931929465270167,0.8332760977444087,2.129111522046708,1.4195491349654483
2023-03-28,0.9856052405138213,1.5853719392909746,1.408333380162427,1.29265816540702,0.8322336287486582,2.137316250669644,1.4231661707575345
2023-03-29,0.9954571485555507,1.6046273058746103,1.4341085076435431,1.3160276079814932,0.8452430706840625,2.1988510128304637,1.4336992508093445
2023-03-30,1.0102281677178016,1.620553323103712,1.4554263434059262,1.3375201076833567,0.8603781815786018,2.2439769198978667,1.4418319272781221
2023-03-31,1.0157118542580752,1.6224100470340919,1.443992305437686,1.3391135846889282,0.8637775981367012,2.2562837117560433,1.4470014153716853
2023-04-03,1.0094108400209065,1.6337107923499912,1.4500966996136453,1.3382371385722918,0.8625907774639224,2.264488841813948,1.453246785006182
2023-04-04,1.0086209597061577,1.6265893724036242,1.409883768217873,1.329401562750026,0.8597969429326315,2.285000161577575,1.4472659684153353
2023-04-05,1.0054456482696812,1.633478078476856,1.3929263618910948,1.3282864397403944,0.8514209647115077,2.260386176426253,1.4475891024657164
2023-04-06,1.0097075508853317,1.6510994943026087,1.4336240483465534,1.3445306128083052,0.8629972225635923,2.2767956336721245,1.4570500415594285
2023-04-11,1.017316938194465,1.6646954552004884,1.425871960187975,1.347989887942128,0.8726966208609883,2.2685911057666734,1.4648136971506125
2023-04-12,1.0232799439286253,1.671522415891109,1.4302326853862763,1.3482550296982025,0.8757418733245483,2.2891024255303005,1.474606928265543
2023-04-13,1.0255613435836053,1.6710325334628773,1.4452519587623986,1.3492376088768667,0.8806816130246141,2.297307154153236,1.479172824830823
2023-04-14,1.0269056176951108,1.6717354028911395,1.4510659139703217,1.3677493484586745,0.8849693506104088,2.285000161577575,1.4861434083374572
2023-04-17,1.0283086379621769,1.6784056540747492,1.4631782836831566,1.3611623296666036,0.8854788186145826,2.3342285333151884,1.4920320385579793
2023-04-18,1.0294318209812436,1.6726765312878737,1.510174532524876,1.366079380702754,0.8906364855893063,2.3342285333151884,1.4998402429398676
2023-04-19,1.0273414802823737,1.6624291984365727,1.5053296437922812,1.362886706638412,0.8865136914120357,2.326023603974768,1.497546647612737
2023-04-20,1.0338235105122258,1.6577261430681216,1.5019379850693075,1.3628195435719097,0.8869217339057761,2.2891024255303005,1.5030446863103002
2023-04-21,1.039586021865188,1.6699317838729957,1.4956397184457433,1.360082240374069,0.8869451483567893,2.3301258679274937,1.5063139212677517
2023-04-24,1.0400474043231833,1.6772594565058174,1.488372237465503,1.3621019791970692,0.8876436221934062,2.3301258679274937,1.5062531155059329
2023-04-25,1.0396902225022429,1.6764672184770266,1.4815892157822523,1.348087735631765,0.8849811624617896,2.3301258679274937,1.5053414686969782
2023-04-26,1.0346952340779434,1.6788575927354028,1.4723837497327044,1.3615219674131138,0.8830482630345671,2.4080704887691544,1.5050566871567104
2023-04-27,1.0350012110617157,1.6803886448072571,1.4728682090296945,1.374362062790733,0.8810162413125968,2.4901171728460554,1.4933745543736505
2023-04-28,1.0401984456508149,1.6955960118790419,1.474321734802012,1.3755355177748259,0.8912086772645678,2.4285818085327815,1.5074151488243785
2023-05-02,1.0354325005135159,1.68984701240169,1.4583333949505617,1.3688109735132399,0.8845361178861427,2.4080704887691544,1.46381289428915
2023-05-03,1.0404043596425647,1.6959917632071118,1.4718991425543664,1.358957205376038,0.8868498458860904,2.4531957936841033,1.4779745367448514
2023-05-04,1.0335879622906976,1.6782282212057118,1.4457364180593886,1.335156110120492,0.8772574852159438,2.4326840724855066,1.454757173004025
2023-05-05,1.0413447758105077,1.682212166658766,1.464631661574126,1.3578421571078525,0.8856212683094035,2.4901171728460554,1.4681081186504217
2023-05-09,1.0375977609141998,1.6907021127741597,1.469476698188069,1.3635947189644038,0.8769157071257667,2.535242678478489,1.470134638104281
2023-05-10,1.0377604630827661,1.6837550304929931,1.5145348140791326,1.3630384261738089,0.8743801207087358,2.5844708494986177,1.460512828919026
2023-05-11,1.0407496421889975,1.686084996709819,1.4137597383564882,1.3601050785442437,0.8748015897968,2.6747222621984545,1.456763575057965
2023-05-12,1.043727732675759,1.6976593951053414,1.4370155591881788,1.372023656532842,0.8711997476140346,2.7280522957363393,1.46636284783287
2023-05-15,1.0441307959584147,1.713910154169976,1.4060077980792578,1.3880255100192038,0.8751836970935212,2.7403592883120003,1.4691604824770506
2023-05-16,1.0405781606217186,1.7262614959383726,1.4355618855345127,1.3862519491514738,0.8717108092300063,2.7690761395685017,1.4660881170485671
2023-05-17,1.0355447445575063,1.726322418775076,1.4811047564852626,1.3914014361510818,0.8637428178420863,2.6665173328580343,1.4719728986674994
2023-05-18,1.037919335162911,1.7212051298796838,1.5072673330988922,1.4097766103376155,0.865038325721971,2.723950031783614,1.4811403200501398
2023-05-19,1.0384949640599843,1.7204137505779833,1.5116279104158452,1.4094363879017042,0.862788324514972,2.6829265893864207,1.4824632724077849
2023-05-22,1.0392457289663672,1.728398895151582,1.5242248873070183,1.4208602376787667,0.8662544680169401,2.6624150689053088,1.4830131917288638
2023-05-23,1.0322975932816276,1.7029416410766651,1.4844961194455395,1.4254623765992176,0.8633992022365813,2.6049823699797297,1.4792353841012829
2023-05-24,1.0182168390456332,1.712973912578045,1.422965204406036,1.3968508488535614,0.842833037551138,2.6378006823190177,1.4516414614713875
2023-05-25,1.0143754391620863,1.7170921337823528,1.4418605958021218,1.398834853566109,0.8352172284593672,2.6336988198012614,1.4406687629077466
2023-05-26,1.022084668913405,1.7320751757877388,1.444283040168419,1.4034646002104751,0.8394824920499453,2.6090842324974854,1.4516946176569852
2023-05-30,1.0210184642994806,1.7428221004346391,1.3992247763960073,1.4001283401973423,0.8367040396769431,2.5188334219501027,1.4386578795264413
2023-05-31,1.0165120065258721,1.7213181820748857,1.38856593245549,1.3813520228987386,0.8285818426763242,2.4737075148826997,1.4259041603508222
2023-06-01,1.0185670340833028,1.7401096055524579,1.4186046270890829,1.3969863572927508,0.8346817339557964,2.494219236081296,1.4391786938663542
2023-06-02,1.029661497957153,1.7545563669168842,1.4534883583366187,1.4176080636580408,0.8532131968518112,2.4983217007515064,1.4614944109739336
2023-06-05,1.0297291540321216,1.7526803093646794,1.427325633841641,1.4109568604966511,0.8489765175223594,2.4860145074583606,1.458965816855326
2023-06-06,1.036179129724843,1.7573101144608707,1.4345931148218811,1.4215229061593408,0.8551879749319634,2.5106286933271673,1.4593792086763762
2023-06-07,1.0350059181127658,1.7488812908768032,1.4549418841089363,1.4261269672157637,0.8498346035639486,2.4983217007515064,1.4618270056373308
2023-06-08,1.0296986857356751,1.7556437285823416,1.4481590103070343,1.4216837241791915,0.8448903683407639,2.502423763986747,1.4592301506472036
2023-06-09,1.027788943966335,1.7505971845558537,1.4462208773563785,1.4119415007679283,0.8382313503912696,2.4778101802703945,1.4517291796685416
2023-06-12,1.0329034814362152,1.7541172599013315,1.4549418841089363,1.4160242965400203,0.837898756026579,2.4326840724855066,1.4571674786841025
2023-06-13,1.0341988812668428,1.7591203038767413,1.462209365089177,1.427763671158555,0.8350415535160803,2.4203772806273305,1.4713493177236778
2023-06-14,1.0351377519345815,1.7591288435412253,1.4607558393168592,1.4340380733057407,0.8369034478622588,2.403968224816429,1.472797233112436
2023-06-15,1.0303587161557741,1.7477034218180456,1.4539728176336086,1.419288210401469,0.8344212839504511,2.391661031523283,1.4822319304941325
2023-06-16,1.0306815477605957,1.7671708356770264,1.465116268752464,1.4105884589315456,0.8355053727529664,2.4531957936841033,1.4794091682114452
2023-06-19,1.0220251332446129,1.7549262315269747,1.4903100746534623,1.4059783288921444,0.8256638145250195,2.5106286933271673,1.4696137753304401
2023-06-20,1.01834774851151,1.7605572060001364,1.521317835762383,1.402868090988065,0.8213562811741831,2.502423763986747,1.4653151581316437
2023-06-21,1.0112416870733,1.758288488747206,1.526647331673316,1.3836556642555486,0.810995293382198,2.535242678478489,1.4658856419557502
2023-06-22,1.0033839038128238,1.7233943508767715,1.5121125175941834,1.3557984465147839,0.8036315945001737,2.502423763986747,1.4560837452894133
2023-06-23,1.0009347896199,1.7080777997514247,1.4985464742276822,1.3366143298067972,0.7957853110281535,2.4326840724855066,1.4477109527616283
2023-06-26,1.0012100362596281,1.7035479031746674,1.5,1.3345947417415216,0.7968714323795805,2.4860145074583606,1.4449112663691648
2023-06-27,1.002050225848386,1.708220261339727,1.5062984145049123,1.3468016551519957,0.7990350056195404,2.535242678478489,1.448778041406823
2023-06-28,1.0135897367764921,1.7331224709919895,1.5096899253465377,1.3582370850387582,0.8061174028076511,2.5844708494986177,1.4596600115854557
2023-06-29,1.0034777954615106,1.7199247211242579,1.440891529326794,1.3612153335052086,0.7978723687746465,2.4135047139504873,1.4550534627493945
2023-06-30,1.0100617638781937,1.74900782373792,1.4636628908614946,1.3709480550833648,0.807116258605104,2.401190896980346,1.4677912592032951
2023-07-03,1.011274139900033,1.7507460283847749,1.488372237465503,1.3819697448449177,0.8120467918341042,2.4135047139504873,1.4677796019947522
2023-07-04,1.0087040214165843,1.7360355296613246,1.4752906533959915,1.3738685393649899,0.8139721001563496,2.282157600558958,1.4652776699850176
2023-07-05,0.9969914061959345,1.7214587294367227,1.4631782836831566,1.3596065361643397,0.8049580379676484,2.261634639181217,1.4550202454438084
2023-07-06,0.9797320912188555,1.6941128020211296,1.4069767166732374,1.3269719000854088,0.7839737985981674,2.1754379203902268,1.423466141406087
2023-07-07,0.9796844272211851,1.6974455618530435,1.438953396376138,1.3295347550489582,0.7859111802539485,2.2575297659011904,1.4196151450092884
2023-07-10,0.9818656392299069,1.704277663968849,1.4331394411682152,1.3337762063111593,0.7878416346605173,2.2944712168116146,1.4231974831900125
2023-07-11,0.9819892274959837,1.7081952824684614,1.4113371461088424,1.3334806110905415,0.7942293997943493,2.314994378906841,1.4246989738715077
2023-07-12,1.0002561697706718,1.7459559777267692,1.4384690849604964,1.3622431209470645,0.8115907568931312,2.417609185795545,1.4503158076211364
2023-07-13,1.0043265902748006,1.7539618704010707,1.4467053366533682,1.371151979123789,0.8147701464509367,2.483282943208794,1.4560502257754868
2023-07-14,1.0075004840407282,1.7550451783274759,1.4137597383564882,1.3643137410772581,0.8161222367675433,2.5202243941192184,1.451444754702394
2023-07-17,1.002571173647124,1.7608091701405162,1.4161820348414371,1.3634954953490883,0.8113995517675077,2.5079105771490773,1.447389396811486
2023-07-18,1.008862634910461,1.773068981061617,1.4186046270890829,1.373207080981151,0.819925164650391,2.553061172467101,1.4519597362712315
2023-07-19,1.0317733285730342,1.7881398454265192,1.4626936765048184,1.406746305046607,0.8474085005734745,2.6105251833202967,1.4701547871196787
2023-07-20,1.0378551366669106,1.8376069740091618,1.4961238819800369,1.4105965780959389,0.8481434375624598,2.6310483454155222,1.4845437488808388
2023-07-21,1.038583381928188,1.8531168255498685,1.5096899253465377,1.4074810053285274,0.8462194031449739,2.606420912192724,1.4916930920192164
2023-07-24,1.0391055600250863,1.8568616757882872,1.5184107842177477,1.4053396082463194,0.8441222703374243,2.6105251833202967,1.4928218416744528
2023-07-25,1.0371848565070676,1.8486526379006967,1.4791666235346068,1.4012842232426093,0.851755194104942,2.6105251833202967,1.4855627403886016
2023-07-26,1.0383761579832231,1.8558726862230928,1.7926357454654405,1.3945840296347838,0.8524581502634573,2.6515717082282326,1.480093512085217
2023-07-27,1.0415979576029415,1.8961557473781394,1.8372094020595144,1.398895201208472,0.8512734244663079,2.6761993421685157,1.4939467912693754
2023-07-28,1.0361503943811183,1.8888822037202917,1.8730620519010297,1.417914450618672,0.8450288560384259,2.635153218695549,1.4858441789316583
2023-07-31,1.0342394607373198,1.9064126894239397,1.7911822196931226,1.421717663874606,0.8440651426000061,2.672094468888489,1.4891512246477334
2023-08-01,1.0284843375064892,1.9095691427272126,1.7950581898317377,1.4053857062556316,0.8369442500680143,2.6885127577036876,1.484710169098408
2023-08-02,1.0156641966120705,1.9196549595800323,1.781976901524923,1.376361355485559,0.8219499753753058,2.6146298558828387,1.4755210967736645
2023-08-03,1.0086361077495725,1.9211941418018725,1.862403060079164,1.3790719019100797,0.8190816789982664,2.5407475562144444,1.4677131851725829
2023-08-04,1.0136719918523656,1.94072610999797,2.000969066475328,1.3851856898552635,0.8233895797212374,2.5776888064073837,1.472207585176893
2023-08-07,1.0117210929696456,1.937195948487099,2.030038842514941,1.3931359099461886,0.8203931581854459,2.553061172467101,1.4705053164475608
2023-08-08,1.0083375896762528,1.9363339419309742,2.0145346661977843,1.3879596547041635,0.8134380936189803,2.5161197215566764,1.4698609791557637
2023-08-09,1.0078225477251412,1.9501386024127272,2.0261628723763256,1.3952217242708624,0.8157181483903259,2.557165845029643,1.4862963402238623
2023-08-10,1.0172840583508447,1.9648902780226436,2.013566043366501,1.3972880388580644,0.8228304577711218,2.602316239630182,1.4917759834732476
2023-08-11,1.00625063567966,1.9484790056716725,2.012596829009825,1.3909333246548439,0.8091708503810898,2.626943873570465,1.4728817299608052
2023-08-14,1.0065245122529545,1.9569357169533788,2.0251936580196497,1.3949701100786736,0.8059973168415339,2.622839201007923,1.4695271343681917
2023-08-15,0.9935040282971457,1.9831461469914289,1.991278993247442,1.3786796260311691,0.7960683422150708,2.6310483454155222,1.4506294443696282
2023-08-16,0.9898043647606312,2.0022546346157846,1.9786820163562688,1.365649627938637,0.7941447796411752,2.635153218695549,1.4474605425913272
2023-08-17,0.9786851816090341,1.9674062138504098,1.9612401507325004,1.3571441158104554,0.7837232547842492,2.9840439635521134,1.4365626830407028
2023-08-18,0.9703773070112802,1.9489548647491919,1.949612536079352,1.34004521890117,0.7753647483426837,2.7911279660273616,1.4318905378960618
2023-08-21,0.9671475846680738,1.9480341676589958,1.956395409881254,1.3336524824832792,0.7696746783798485,2.787023293464819,1.4335580242324493
2023-08-22,0.9674560873253893,1.959290126273115,1.948643469604024,1.3264027914450889,0.7720109809424762,2.852696850160584,1.4369243098117266
2023-08-23,0.9774700025506393,1.9602024342338953,1.9554263434059265,1.3341222644053092,0.7805802844469366,2.8444879064704693,1.445902372787909
2023-08-24,0.9799792508846634,1.9652008316324376,1.9544572769305983,1.3409417187998462,0.7786183289418456,2.8773246848183516,1.4450018951935253
2023-08-25,0.9815342754333085,1.9791236691389258,1.96705440170312,1.338905482758104,0.7767223646708274,2.856801522723126,1.445960466787554
2023-08-29,1.0017791606806479,2.012337653846287,2.0629844408118214,1.3728697373144862,0.7954880573309333,2.9101612624487494,1.4654353587773805
2023-08-30,1.0022422570960086,2.0183928566404843,2.1007752236039927,1.3666687645067095,0.7988419963890812,2.934789097106517,1.4714028296140722
2023-08-31,1.0033602890793483,2.0393142546443954,2.154069739069276,1.3549835469559441,0.7959012301002293,2.860906396003153,1.461688102735144
2023-09-01,1.0026029251887936,2.0520118233186087,2.1230619779603552,1.3620727574338234,0.7925825611098698,2.8444879064704693,1.467861442108557
2023-09-04,1.0003092507375677,2.0461491810922654,2.130813918237586,1.3589103349805267,0.7894148980336285,2.8403828324729576,1.4721949237798473
2023-09-05,0.9957685066268691,2.0526479900186683,2.124031044435683,1.3528358787953922,0.7846412763546361,2.848592177598042,1.4763436919473878
2023-09-06,0.9984104295092918,2.0504066300933497,2.0804263064355895,1.3462852569179964,0.7814710648439038,2.8075460541250754,1.4769143789244126
2023-09-07,1.000895634460013,2.0761531508002284,2.168604701029757,1.338167850020329,0.7771526565774407,2.7623958602420213,1.4853250190874987
2023-09-08,1.0038277368786594,2.081686170206588,2.1356588069701803,1.3414845554515114,0.7808577576660863,2.787023293464819,1.4948125381372839
2023-09-11,1.0070269978447879,2.097256019126628,2.16666671596045,1.3533228531883257,0.7842415878653871,2.7541867158344218,1.494508317683889
2023-09-12,1.008299651734596,2.1002172253166718,2.1744186562376795,1.3737697244363323,0.7843981075945861,2.848592177598042,1.4999118927535906
2023-09-13,1.007622362116429,2.1139758621060096,2.183139515108889,1.3803084203957254,0.7871869483258641,2.852696850160584,1.5000893151064332
2023-09-14,1.0229125282105413,2.132714165431573,2.1879845517228325,1.4140781991889901,0.799397362256566,2.967625875454399,1.5272624047971195
2023-09-15,1.0282104916956625,2.1417351190870386,2.2034882843959447,1.423945556722642,0.8039384960585106,3.041508576557763,1.5321077636972473
2023-09-18,1.0162315334087015,2.135031606596879,2.1744186562376795,1.397069219646227,0.7910124372977825,3.008671597492396,1.5219100798782237
2023-09-19,1.0110148406283657,2.165305559277677,2.1899223889107917,1.4047000333380035,0.7853618022911835,3.0620315379355043,1.5240822722262333
2023-09-20,1.023118240148199,2.144536411784002,2.167635634554429,1.426360593192724,0.799116057097928,3.0209856151800225,1.5315073878524001
2023-09-21,1.0153090950795565,2.1618290911888023,2.1356588069701803,1.416949367642506,0.7953891214030812,3.033299231432679,1.521089547910135
2023-09-22,1.0129794226205449,2.1298212230870996,2.137596939920836,1.4190322088930776,0.794869677357913,3.004567125647339,1.5226085688064013
2023-09-25,1.0036666934563465,2.124717480516783,2.129844999643606,1.4039563193984204,0.783265393761392,2.9881488368321403,1.5160352558257357
2023-09-26,1.0024594714578523,2.121493691262949,2.128875933168278,1.4098532761279257,0.7834006015931171,2.9881488368321403,1.512428079837452
2023-09-27,0.9930523306352825,2.0920913082789356,2.120155074297068,1.3976414418485932,0.7739862507298567,2.93068422382649,1.5179786873590924
2023-09-28,0.9887163091199206,2.0991100092408757,2.146317798792046,1.4043617634162784,0.7714081860513593,3.004567125647339,1.5243146355733679
2023-09-29,0.9955599581287972,2.0959050248518287,2.1405038435841233,1.4057963240280307,0.7804690822319584,3.029194759587622,1.5223608093951426
2023-10-02,0.9818657966999352,2.058587896901543,2.098837238534685,1.3786075877225497,0.768738447287228,3.004567125647339,1.5035446128676437
2023-10-03,0.9705469931065207,2.0459694378226194,2.0552325005345913,1.369918344433482,0.7602098497771624,2.9963579812397394,1.492421891799207
2023-10-04,0.9677360134302891,2.011704368520398,2.0426356715247658,1.3647801706398273,0.7551765284800496,2.8855336285084663,1.4835881207495536
2023-10-05,0.9750211293855451,2.033537640591543,2.0397286199801306,1.3679483154024745,0.7596181733465338,2.795980110503004,1.49187973444412
2023-10-06,0.9808904035669862,2.0399875811350294,2.0232558208316904,1.3864321782291003,0.7649264370169799,2.8575656541874586,1.501119063546572
2023-10-09,0.973851268857476,2.0511969610503256,1.9883720895841548,1.3579464697032395,0.7575219293291243,2.853459777320008,1.5052915233534736
2023-10-10,0.9950957665652161,2.096002306684989,2.057170633485247,1.386026022405686,0.7756754565516302,2.90272849327205,1.5286544958448538
2023-10-11,0.9935811622485973,2.092673683370904,2.0649225737624772,1.3866981221782637,0.7743745460945146,2.894516940254634,1.5275601068900715
2023-10-12,0.9938244626432585,2.1053248881140227,2.0523255968713037,1.3777851379304478,0.7717653972785637,2.873988358787321,1.5408323032255968
2023-10-13,0.9830781025298374,2.0955758315278867,2.0658913444751086,1.3631296267465798,0.757206924442458,2.8165084912528324,1.5340660536705297
2023-10-16,0.9879574519553094,2.099793106031336,2.068798396019744,1.3637638656167288,0.7628922426314185,2.8124030158203515,1.5419895920338214
2023-10-17,0.9898699950502317,2.117149377639344,2.0891473131881475,1.3743212854056686,0.7659597728786017,2.8206143681202827,1.5493595500728634
2023-10-18,0.9809492734232041,2.1176833441245733,2.013566043366501,1.359372298543341,0.7537252205506196,2.717972062936171,1.5370576288756317
2023-10-19,0.9733445705166599,2.0745773638287623,1.992248207604118,1.3374569748312553,0.7351655696935622,2.685126252301477,1.5249871949011795
2023-10-20,0.9640585609008689,2.0715478907073814,1.9278100931386308,1.3113891324141083,0.7264158781554101,2.67280922385158,1.4968701668325244
2023-10-23,0.9653640666626485,2.076317288432788,1.9718991425543664,1.3101598205203802,0.7273633957750582,2.7343945668185494,1.48794806366359
2023-10-24,0.964496446532523,2.085360114485546,1.980620149306924,1.2940001679153426,0.728358155234619,2.668703547701614,1.4954828409815548
2023-10-25,0.9672758555177698,2.0818777477662445,1.96705440170312,1.2927722943716242,0.723924118503807,2.635857937784404,1.5050368768213498
2023-10-26,0.9661682763440738,2.0785450557716563,1.9428295143961016,1.2650810191826414,0.7195563758721496,2.619435032467057,1.5034443462851834
2023-10-27,0.962056278321436,2.0621567029263224,1.9418604479207735,1.2362489232535285,0.7209475996249772,2.615329356317091,1.4987194250410583
2023-10-30,0.9683187842039666,2.0755713654350765,1.9573641805938855,1.2432533602541873,0.7262775191187213,2.738500443686,1.5108354470024026
2023-10-31,0.973501088087547,2.0804477031802966,2.0872091802374917,1.2456634882301834,0.7318625095361737,2.7343945668185494,1.4951503391063774
2023-11-01,0.979948967573782,2.13026356630711,2.134690036257549,1.2495529722062466,0.7349339100009574,2.742605919118481,1.4985751694797693
2023-11-02,0.9949994006418602,2.117554809440792,2.16666671596045,1.273803612244616,0.7501948702207041,2.8206143681202827,1.5152186546631767
2023-11-03,1.000877644686863,2.0834096925429653,2.1405038435841233,1.289242936151445,0.7612442678689619,2.8288257204202143,1.500406686757394
2023-11-06,0.9949036523687039,2.0664484122480866,2.1715117525743923,1.2857463155730355,0.7533638162741256,2.8575656541874586,1.5004799918783598
2023-11-07,0.9999277834298413,2.0620569280035097,2.1899223889107917,1.2985200532751022,0.757623840241683,2.8698828833548404,1.4987584300506813
2023-11-08,1.0010462943504415,2.099629131137365,2.2519379111286333,1.302637353855862,0.7583017612000664,2.906834169422016,1.500558292148277
2023-11-09,1.0139711312264532,2.114556353502272,2.255814029148597,1.3138424135964184,0.7668273389651702,2.93146822632181,1.5085939116347142
2023-11-10,1.0055743424954773,2.139855718507663,2.248061940990018,1.2966953734668871,0.7543658678339501,2.90272849327205,1.500456617607843
2023-11-13,1.0136170623363592,2.142122913320514,2.327519328831628,1.3027635526940946,0.7590273879901466,2.923257074739363,1.5107086037729183
2023-11-14,1.0222842098829712,2.1410939181220767,2.315891418415782,1.3084091130616846,0.7807673256924964,2.7713462543206946,1.5132683491568761
2023-11-15,1.030141585568505,2.135030032640848,2.3604652228912046,1.3219698630699357,0.7859044066572698,2.8329311958526953,1.5247039310499146
2023-11-16,1.0245241482225302,2.1219563303540214,2.369185933881066,1.309024611501334,0.7717382052251415,2.7590292258707976,1.5088861841188044
2023-11-17,1.0345481939417234,2.1471050428749354,2.3643411930298197,1.335440195947505,0.7825341785306495,2.8124030158203515,1.5288292005410238
2023-11-20,1.0345093676526576,2.136794154968097,2.378876007108952,1.3525899542522115,0.7844716274632244,2.8904112641046686,1.5282308382317564
2023-11-21,1.0344115899327242,2.1234697581567192,2.3546511198019338,1.3390178270269162,0.7792880302444413,2.8411427488701113,1.527653518587496
2023-11-22,1.0423072249064997,2.118976239359614,2.3013566043366502,1.3372370346956086,0.7821893098833058,2.8000857866529696,1.5402166210619905
2023-11-23,1.045263148639561,2.1232848233952955,2.332364365445571,1.3385820420301995,0.7773473646194659,2.882199911804737,1.5434290574734597
2023-11-24,1.047197962531288,2.1279231273877377,2.335271416990206,1.338679206282337,0.7779002205507531,2.861671531054909,1.5413749134765224
2023-11-27,1.0488276186267336,2.121977959492039,2.3565892527525896,1.3330030980301548,0.7791082467989526,2.8411427488701113,1.5397633318519628
2023-11-28,1.0497484962351418,2.128017646350136,2.502906903663287,1.3299778186150126,0.7748989120404819,2.8206143681202827,1.531742409168295
2023-11-29,1.0509639007999694,2.121098036304244,2.5523255968713037,1.3277223182303262,0.7777134890597658,2.8698828833548404,1.524727166238096
2023-11-30,1.048983679120658,2.129789510597745,2.6046510458612593,1.3250295428368597,0.7766631294563507,2.8329311958526953,1.5281633938779986
2023-12-01,1.056511172807645,2.1590287378750714,2.6812018258022783,1.3398341331514703,0.7888325369844628,2.8575656541874586,1.5425757240794742
2023-12-04,1.0532718725758519,2.1443131791341434,2.765503658732438,1.3382917711146256,0.7863712878509812,2.8411427488701113,1.5391602933814126
2023-12-05,1.05835075487719,2.134141627368506,2.758720932811884,1.3399103583129157,0.7887696680108944,2.8082969382354164,1.5403533407577352
2023-12-06,1.066289762913553,2.1551861762899827,2.796512011366752,1.361758991015115,0.8009333999652404,2.7672403774532444,1.54625840467817
2023-12-07,1.0657187756034205,2.143874521302565,2.773255894772365,1.3532078682603947,0.8006776257460908,2.7672403774532444,1.5546387653942464
2023-12-08,1.074211520466735,2.1641780225810043,2.803294737287306,1.3681538261636388,0.7985706745739255,2.783663082053107,1.5695576285321777
2023-12-11,1.0797232983612073,2.149320565311867,2.876938169920993,1.3619534863659981,0.8013588951553726,2.8124030158203515,1.5682505792512058
2023-12-12,1.0813790889714436,2.1515771023516725,2.9525194397426393,1.3608777609888838,0.7975385584226776,2.787768557485588,1.5700741764962893
2023-12-13,1.0838567547544051,2.1668444854704205,2.924418730178354,1.3585281671457912,0.796898991071758,2.795980110503004,1.5701615215343854
2023-12-14,1.0983225732229853,2.1529182837819434,2.9069767166732374,1.3917812306895767,0.8238173149954655,2.8452486257375615,1.57770242040414
2023-12-15,1.0863610052529717,2.129634328070728,2.8110463818018396,1.3813539901432352,0.8195227347427745,2.9273623494543597,1.564185686998351
2023-12-18,1.087421730891452,2.1468751770135133,2.83333328403955,1.3830926813164515,0.8166171345847335,2.9602079593715698,1.5735092673481188
2023-12-19,1.092915025649516,2.149998382494443,2.8585269420592003,1.3903152964209247,0.8215508358031504,3.021793703773509,1.5766538813685913
2023-12-20,1.1040272491674499,2.180924798491752,2.8963180206140686,1.4087011867068888,0.8315514927163034,3.14906986513993,1.591275118051676
2023-12-21,1.0995532398880237,2.179761275641627,2.9050385837225816,1.401065719713633,0.8274986320467485,3.1942329049420057,1.58794765277355
2023-12-22,1.1012170694394507,2.1800876816134585,2.9302325375049283,1.40350050269641,0.8250476605988174,3.227078314141731,1.5899496715613046
2023-12-27,1.1029070859915893,2.1890526223681417,2.895348806257392,1.4118348458425438,0.8307851009511751,3.268135477076357,1.592041286042217
2023-12-28,1.101844370378358,2.1861782479308483,2.888566080336838,1.4053718375149762,0.8289969092759184,3.231183990291697,1.5925590760753114
2023-12-29,1.1008752828641106,2.18241677630456,2.9040699608912988,1.4086168230960399,0.8259338312318291,3.264029399491422,1.594624757369752
2024-01-02,1.0926302818631275,2.198655345179687,2.888566080336838,1.4027216618195033,0.8174833104739012,3.2886638578261853,1.5953825797876677
2024-01-03,1.082638079090949,2.245591259357025,2.856589104871241,1.3833703616281843,0.8051360972251005,3.1983385810919716,1.586453204243654
2024-01-04,1.089917339493057,2.270883394729034,2.8856587330295063,1.398461662301979,0.8010104319964466,3.1983385810919716,1.5943580066102157
2024-01-05,1.0872475496337466,2.2791134754220947,2.8740311183763576,1.3920975011242482,0.7952568888556222,3.157281217439861,1.584162246238463
2024-01-08,1.096319265573313,2.304447480078333,2.957364328475234,1.402063835810618,0.8014612973427279,3.239395543309113,1.584315290415479
2024-01-09,1.0962977653711683,2.2972871331913294,2.9922477639600733,1.3894382001380639,0.7961300384432508,3.235289867159147,1.5818102723982157
2024-01-10,1.0929603686170442,2.2875263010582976,2.9961243256240815,1.3740381888541406,0.7940326005748677,3.3050869638610174,1.5827361983434305
2024-01-11,1.083738604019548,2.2517721979389167,2.877906792752276,1.3454314752057213,0.7860341878445813,3.2065501341093876,1.572216246576015
2024-01-12,1.0964939377359901,2.2579466296583988,2.9554264912872745,1.3480029596517993,0.7917159338619053,3.2065501341093876,1.5843012825249547
2024-01-15,1.096041756773072,2.2466003072110827,2.9069767166732374,1.3378650956495663,0.7882351490441803,3.214761285691834,1.5814859554698408
2024-01-16,1.0938779123471665,2.233413247328163,2.889534998930818,1.3176111216461452,0.7833421315780154,3.2065501341093876,1.5777875242825778
2024-01-17,1.08163768010228,2.20810620135877,2.8740311183763576,1.301108301080656,0.7665512041890782,3.157281217439861,1.562603776744797
2024-01-18,1.0824788500462266,2.191874178970548,2.9699614532477554,1.3067095565589668,0.770570621907258,3.161387094307311,1.5668711142782787
2024-01-19,1.0814994575957186,2.1901864426270654,2.9554264912872745,1.3062054920696329,0.7693798486364076,3.0998021527753106,1.567340287777437
2024-01-22,1.0925638905867894,2.2116354807314194,2.9932166825540527,1.3261617008135815,0.7771701219729202,3.116224656657689,1.569820921968434
2024-01-23,1.0860499690463414,2.1989108431667006,2.924418730178354,1.3304718857881959,0.7759049735863209,3.0505332361057835,1.5652948147116896
2024-01-24,1.0920718966257008,2.2328021166908756,2.9757752605743297,1.339459672745888,0.7840491970692528,3.0669563421406156,1.575684462322487
2024-01-25,1.0906739713597489,2.2429129975689643,2.9699614532477554,1.331864368364383,0.7826252438924647,3.0751678951580317,1.5818715782842496
2024-01-26,1.0984073022344902,2.210113961329003,2.959302165663193,1.356939852181509,0.7974788425087233,3.1039074274903067,1.596534073416432
2024-01-29,1.093962834608519,2.220473055814792,2.945736418059389,1.3425507712043785,0.792791661190019,3.0833792474579633,1.5975821691754744
2024-01-30,1.1005497454295983,2.2307751375396077,2.9757752605743297,1.3403320297177,0.7925049159317702,3.108013304357758,1.6071406972826894
2024-01-31,1.097568826548198,2.2151317288034003,2.918604627089082,1.3290840516857372,0.7921560660166316,3.116224656657689,1.5996909184282848
2024-02-01,1.0916524060094706,2.174288856817433,2.895348806257392,1.3240122710383158,0.7863569835885369,3.116224656657689,1.6006700423425726
2024-02-02,1.095544866108979,2.16290769236504,3.005814103089271,1.3279627114699553,0.7828916353781284,3.1121187797902383,1.5935418750826322
2024-02-05,1.0919069664529901,2.1699193879645917,3.0019378371879593,1.3111207325977972,0.7785728384523166,3.0751678951580317,1.5894725928822873
2024-02-06,1.0967679234589982,2.182703173028032,3.079457239960261,1.324130297784503,0.7851487177571117,3.120330533525139,1.6008409468051155
2024-02-07,1.0897344447042074,2.154029206262454,3.1288756374055815,1.3126461731568178,0.7778921701672036,3.0710620182905815,1.5929196451316834
2024-02-08,1.0854654028033186,2.1732073394676554,3.0784886171289783,1.3070146721884461,0.7745151627495159,3.034110531505921,1.5901522551574192
2024-02-09,1.0853635833136661,2.1888578287087634,3.0823642915048968,1.2971893635093237,0.7694467502625809,3.0792733705905126,1.593071070360844
2024-02-12,1.091891930258335,2.2056710556571333,2.995155111267405,1.3037478486667744,0.7751263324168522,3.1531757420073796,1.5955281688675818
2024-02-13,1.0758038993324472,2.1816137367565664,2.968023024534403,1.2856265115668613,0.7594024862957428,3.14906986513993,1.5792942872565763
2024-02-14,1.0880518993753272,2.19457955432541,3.0251939537823467,1.2969251571154727,0.7647634717977176,3.177810200342143,1.5898990886667457
2024-02-15,1.0946358337233064,2.203625963965361,3.100774927841296,1.3083526657941897,0.7744080826062133,3.3091924392934984,1.5884981009212964
2024-02-16,1.1063343178413212,2.243653103304204,3.132751903306893,1.332837055027587,0.7830438292727514,3.2558182479089752,1.6089347300713908
2024-02-19,1.107490384625294,2.2157272495021174,3.2383723114061773,1.3262376410816825,0.7810819907199218,3.469315013447068,1.6166134748632248
2024-02-20,1.1074105042902458,2.2388710984427176,3.202519365801965,1.3414488766090926,0.7799107696893733,3.485737316611961,1.6178776587084978
2024-02-21,1.1076906143914866,2.2193762311623106,3.192829292574079,1.3302510401683059,0.777882801807029,3.600696650245969,1.618293775706043
2024-02-22,1.11101738322526,2.2117359800992134,3.457363884831189,1.3583897916882894,0.7790146876780725,3.7526076713821226,1.6261004120879907
2024-02-23,1.1129678839032708,2.2114464997834395,3.42151153075237,1.3732442212640519,0.7791933686327315,3.7443963190821914,1.628589098767264
2024-02-26,1.1092440925341085,2.202695747963376,3.4999998521186515,1.3802896821054205,0.7754922513154677,3.7772417282819166,1.6274790970081574
2024-02-27,1.109354276390651,2.190473734703936,3.474806194099002,1.3853877341119605,0.7724736997716146,3.7115509098824657,1.6195093662049203
2024-02-28,1.1049737629026077,2.1969191944498823,3.5901163796634754,1.3935426464960916,0.7592565414040462,3.7772417282819166,1.6107137905060698
2024-02-29,1.1102877483016518,2.197487912349771,3.5765506320596705,1.3950266272595782,0.7615134836105962,3.8675674064511,1.6097135805881009
2024-03-01,1.1154699696886463,2.217054683540722,3.631782836831565,1.4202320242363133,0.7677318841451726,4.12212053205388,1.621048929962526
2024-03-04,1.1134367131837295,2.2054652015647256,3.6472867173860255,1.4090194839955563,0.7593930700334026,4.101591950586567,1.6199471293739127
2024-03-05,1.1161392284835836,2.244467210202653,3.6327517554255446,1.4094880853735947,0.76003109165249,4.12212053205388,1.6201906088035045
2024-03-06,1.124225855294748,2.268451713476375,3.672480375405675,1.4187605115517818,0.7625633649245843,4.228868513387956,1.6256443171055552
2024-03-07,1.1286999509224802,2.2761456679103285,3.779069702098939,1.4092686187977566,0.7685140168828545,4.228868513387956,1.6293597412718877
2024-03-08,1.1283627291237914,2.2670928870873146,3.744185970851403,1.40347653869687,0.7666835865738073,4.237079865687888,1.6300542025947125
2024-03-11,1.12489392455088,2.2596817093858332,3.713178505505179,1.4026925582727225,0.768315692122114,4.196023104188232,1.6287880956521943
2024-03-12,1.1338325607639401,2.2764904177850687,3.7965114198413583,1.429040680239635,0.7711353492104616,4.25350297172272,1.6491775438807235
2024-03-13,1.1347612797768154,2.2739461655974753,3.815891270534434,1.4184692083251476,0.7674984153674377,4.212445808788094,1.6567603761378042
2024-03-14,1.1357695519225013,2.2767874705669517,3.773255599009668,1.398295095134217,0.7608617051972121,4.25350297172272,1.6572298840351825
2024-03-15,1.1358472401258544,2.2914745295638883,3.812984810515192,1.412138875816818,0.7602936260253803,3.9784208632176576,1.651956464701773
2024-03-18,1.1339389197117746,2.2808252499312585,3.779069702098939,1.416137506889437,0.757828147273277,3.986633018387528,1.6539209980311151
2024-03-19,1.131820973923988,2.2870456452302252,3.882751977247568,1.4153562638684967,0.7550733492465748,3.896306938783375,1.6543158836319276
2024-03-20,1.1362808260273187,2.2777615080342897,3.940891825089491,1.4305589970322037,0.7580252797413133,3.9168359216856574,1.6491198431102951
2024-03-21,1.158200886049664,2.3278695042603275,4.071705595445728,1.4673676564711688,0.774055353233074,4.007160796984902,1.680525479401499
2024-03-22,1.165434705148356,2.34370611820804,4.068798543901093,1.4758229522256257,0.7752348017515154,3.92915274941807,1.686499340876382
2024-03-25,1.1604308663527252,2.3498713306234174,4.080426454316938,1.4703360820171296,0.771352535955924,3.9168359216856574,1.6863320195963358
2024-03-26,1.1603589197157425,2.387444875843758,4.1472868652673744,1.478990018597787,0.7764304187738087,4.027689378452215,1.693523656376513
2024-03-27,1.1608158021242827,2.389502697385424,4.089147313188147,1.4966771085533652,0.7778938850779694,4.1549659412536055,1.692513265188918
2024-03-28,1.1596471917948379,2.3729814758136767,4.134690332020246,1.501476995306636,0.7835136381166715,4.146754187518704,1.6952039992334746
2024-04-02,1.1506912351299292,2.3555564436053538,4.059108470673206,1.500651630048537,0.7735767307731753,4.1056978274540175,1.6906359573131609
2024-04-03,1.1500199577230565,2.3528655474016085,4.108527163881223,1.512709764299296,0.771986479059261,4.146754187518704,1.692726396323351
2024-04-04,1.1510730838895502,2.3576685816622045,4.060077685029882,1.5323602246964791,0.7754849027993501,4.1795999981534,1.6909337511278404
2024-04-05,1.1393353588343447,2.338415299907287,4.080426454316938,1.5163358747687956,0.7629669736406293,4.204234055053194,1.6802620794486727
2024-04-08,1.1394919197201043,2.3462660147438186,4.157945561326543,1.5376301986781544,0.768904092511666,4.1878117518883,1.6842467621059396
2024-04-09,1.1373113415008504,2.30254648384649,3.9941861926734257,1.511398209253907,0.7692553120613809,4.093380196851666,1.6833042548600443
2024-04-10,1.1388179846771858,2.314449510359416,3.9583332470692136,1.526562282590881,0.7664686076021198,4.089275122854154,1.6865304022562213
2024-04-11,1.135918456419842,2.3426818300861143,3.942829366514753,1.4960679830501928,0.7653796099510876,4.040006607619597,1.6759212184579615
2024-04-12,1.1394397366673628,2.364322364970975,3.9215116786337183,1.4908155415666906,0.7652725884163193,4.06464106595436,1.6911348465838194
2024-04-15,1.1388471623399,2.3637931960489293,3.9418604479207735,1.4967537686693622,0.764323743952008,4.076957893686773,1.686795518394532
2024-04-16,1.1181412909850568,2.3318069640819354,3.854650971920585,1.4555189022447754,0.7511391061395593,3.982526740085108,1.655724498730262
2024-04-17,1.1179240167979416,2.3439045494458344,3.8895347031681218,1.4697700646676912,0.7537132629161037,3.9743153877851767,1.655766833800238
2024-04-18,1.121305605990116,2.332995175359202,3.9001936949899862,1.499801605417789,0.7567269134103725,4.0235831001497955,1.6616070207833673
2024-04-19,1.1184346218368386,2.330267247279476,3.832364365445571,1.500624957002471,0.7589379070897982,3.9702095109177264,1.6648355196153066
2024-04-22,1.1326864759847024,2.363368273693589,3.937015263425482,1.523183399858667,0.7686382936934874,4.019478026152284,1.6879457972814274
2024-04-23,1.141293102262551,2.3930566218431752,4.042635671524766,1.5351226551216763,0.7740978469313315,4.237079865687888,1.6924206741780041
2024-04-24,1.134638502864762,2.3922251468830673,4.0406978343368065,1.5338878141835588,0.7675318835292817,4.269925274887613,1.695905651429161
2024-04-25,1.1249744743375816,2.3737088627653367,3.931201751861604,1.5405302518027495,0.7633351731161402,4.343828248456934,1.6943440851742246
2024-04-26,1.1361528088358126,2.3945539964551203,4.080426454316938,1.5543374740232518,0.771403076530362,4.401308115991423,1.7022719491167149
2024-04-29,1.1392411825606021,2.388449263361446,4.019379850693076,1.5608167079907178,0.7762259785027599,4.4177304191563165,1.6967960754814435
2024-04-30,1.1372617921463657,2.355508839033932,4.002907051544636,1.569614508248466,0.7705286909760918,4.4177304191563165,1.693177186667921
2024-05-01,1.1332485262996854,2.348862915289927,3.948643469604024,1.572057826532405,0.7680207772779905,4.450576229791011,1.6872193906869326
2024-05-02,1.1357881385580901,2.344252701466872,3.938953396376138,1.5893947845081873,0.7721865206031175,4.1795999981534,1.6926015742608673
2024-05-03,1.1462296702184955,2.3779036818415316,4.051356530395976,1.5909024670252938,0.7835246414681882,3.879884234183512,1.6971411870497553
2024-05-07,1.1641829134000787,2.4190587089487687,4.054263581940612,1.6153929246328391,0.7950784861970793,3.842933349551306,1.7160842458085968
2024-05-08,1.1708637853428703,2.446322544920412,4.154069886950625,1.6372074998296584,0.798289165070115,3.888095987918413,1.7269238534159457
2024-05-09,1.1754991759771014,2.4348097772802353,4.204457202989924,1.6358807008593659,0.8019529049506463,3.982526740085108,1.7296549199172595
2024-05-10,1.1814341154608223,2.4532267044466245,4.104651193742607,1.650335793088725,0.8037629083598108,4.056429713654429,1.7406876223702372
2024-05-13,1.1795111045860898,2.436209338661876,4.076550484178322,1.6619829398079746,0.7994819705245475,4.081063770554223,1.7361104559137257
2024-05-14,1.1854106231491073,2.461763605257962,4.065891492356457,1.6726912774423408,0.8026528627305705,3.875778357316062,1.740100367259871
2024-05-15,1.1950619513631433,2.4972079807210976,4.132751903306893,1.6718275814901902,0.8114792778075836,3.370777982977953,1.7372168001801096
2024-05-16,1.1999467021714847,2.516914162958549,4.073643432633687,1.6767905368666782,0.8138055360733906,3.4364688013774036,1.7192291836632605
2024-05-17,1.197413735764201,2.500213438745925,4.051356530395976,1.6724595796858226,0.8090954178144684,3.3995179167451974,1.71800589217577
2024-05-20,1.195302928426511,2.5225282950747148,4.23255791255421,1.6735773767803093,0.8091490928093713,3.4528919074122357,1.717859233239826
2024-05-21,1.1880637191513403,2.5391395803063004,4.195736639881411,1.666167607707679,0.8048422519689413,3.4364688013774036,1.7147345626135841
2024-05-22,1.185404593013789,2.5382195168169455,4.1472868652673744,1.6625723978474705,0.7986626681202917,3.3091924392934984,1.7057977214746636
2024-05-23,1.1760406908751595,2.552246829147582,4.267441643801746,1.6546244259625753,0.7931204361349851,3.2558182479089752,1.7040401212672514
2024-05-24,1.174447684966316,2.5484147739182164,4.310077315326511,1.656168767217847,0.7946868696713691,3.296875410843602,1.7035601047210858
2024-05-28,1.1678549051900007,2.5398608646353624,4.370155296119091,1.6542785288308917,0.7921991354331984,3.222972637991765,1.6898646952597383
2024-05-29,1.157229331094078,2.523512729010972,4.33139559473294,1.640891080103682,0.7816600241983593,3.1531757420073796,1.680229186111724
2024-05-30,1.1643713570461718,2.529969957394227,4.370155296119091,1.6667746939290642,0.7931976127613357,3.021793703773509,1.6803407245115982
2024-05-31,1.165341906281857,2.55004366577657,4.393410821188085,1.6686042946174822,0.7906940145055193,3.046427559955818,1.690234862397758
2024-06-03,1.1664383144676305,2.566585176289897,4.466085335227792,1.6744341957219253,0.7981391310640502,3.0792733705905126,1.6894678816602595
2024-06-04,1.1674080994325409,2.56926601029833,4.341085372198129,1.6502742317609356,0.7952531513953389,3.0792733705905126,1.6800517150720968
2024-06-05,1.1695894099612174,2.525465644083754,4.392441606831408,1.6479690332182844,0.7951375395328263,3.034110531505921,1.689257744508303
2024-06-06,1.1719143284786835,2.534650377236991,4.439922462851466,1.6614761288031867,0.7992418579632065,3.1285416851075856,1.697793696424948
2024-06-07,1.1629352538943032,2.5227741474237435,4.427325633841641,1.6577922316279885,0.7864961950842015,3.0710620182905815,1.6965173220262855
2024-06-10,1.1591534971594921,2.53299805384504,4.505814250970619,1.640714128189274,0.7803431562737414,3.021793703773509,1.6949918503109325
2024-06-11,1.1511656268280583,2.4942094214694492,4.505814250970619,1.6098706753108396,0.771506864433727,2.988947893138814,1.6818133996152638
2024-06-12,1.1674712845109423,2.524662694878319,4.548449626732689,1.6377568960555555,0.7834531889508798,3.0587447891231996,1.6994553694506835
2024-06-13,1.166732195782039,2.4923971931888156,4.532945746178228,1.6143619730882097,0.7716774085696535,3.157281217439861,1.6881603817143824
2024-06-14,1.1612809911316029,2.473149714011776,4.436046492712851,1.608451322989468,0.7652040293329716,3.120330533525139,1.6901677012420528
2024-06-17,1.1562240295258852,2.478173908654431,4.472868356911043,1.6210822730062076,0.7642626238051091,3.161387094307311,1.6862763170261823
2024-06-18,1.16673154593137,2.507019413053887,4.533914664772208,1.6314143711972924,0.7698701626401405,3.14906986513993,1.6985064540930115
2024-06-19,1.169494676273185,2.5217212093765626,4.57848846924763,1.6398673298214115,0.7632780280081267,3.132647561975036,1.7026744890119159
2024-06-20,1.1817246764497567,2.5398786130187094,4.704457350871272,1.6575185073582868,0.7733044874038472,3.280452505526254,1.7146946417117355
2024-06-21,1.1733142051080996,2.5289414834234916,4.5852714909308805,1.6365277292905458,0.7692006248588134,3.2065501341093876,1.712877247432608
2024-06-24,1.1804353656384248,2.539800980742565,4.5668605588317845,1.6484322471805652,0.7745679040603913,3.3502492007931552,1.7224235156310168
2024-06-25,1.1680228819413263,2.4995790882532267,4.515503732673112,1.6344414336420108,0.7673450082046619,3.276347030093773,1.7184430838783464
2024-06-26,1.1662378703567526,2.5027065551724617,4.473837275505023,1.632978198401965,0.7651648885470961,3.247606694891559,1.713551504820909
2024-06-27,1.1630656573758178,2.485929798004645,4.4060079459606065,1.641148156294871,0.763306013481948,3.2845583823937043,1.712847641500568
2024-06-28,1.1593059651461741,2.4705080333662583,4.426356419484965,1.635895361819673,0.7604517744928044,3.313298316160949,1.7091764269633232
2024-07-01,1.1577597347835167,2.4425656475607274,4.387596718098814,1.640574766607437,0.7597980271486904,3.3666721061105025,1.7055945488985234
2024-07-02,1.148875317478478,2.441316689028123,4.32364365445571,1.6170843667615984,0.7557501061228429,3.329721020760811,1.7017179687490451
2024-07-03,1.1621543947662412,2.4655507431908616,4.416666642019775,1.644715738374348,0.7665901681219831,3.362566429960537,1.7091288666755875
2024-07-04,1.1683026305485131,2.4703877753802232,4.475775112692982,1.6650108971329043,0.7703651273631136,3.3185316231400765,1.7247973267566903
2024-07-05,1.1748639128377283,2.482057673863914,4.401162761465315,1.6553657082618574,0.7732822565005366,3.425316536491342,1.7125651362200947
2024-07-08,1.1783038470393605,2.479972099835929,4.469961305366407,1.669350157766659,0.7710942334812708,3.597813945730408,1.7103082379138197
2024-07-09,1.1737146408982924,2.437622963169673,4.33817861641619,1.6496447997511436,0.7644306303422086,3.5033502758962185,1.698877098165468
2024-07-10,1.1842113188693948,2.489313728661233,4.401162761465315,1.6635944520436934,0.7750213818370825,3.585493103648301,1.7023959210740203
2024-07-11,1.1951016103848258,2.502645956635736,4.391473279762822,1.6753237570280068,0.7834128967934816,3.5690647789588663,1.7095418162812117
2024-07-12,1.1990080243419947,2.495871043283771,4.360464927128508,1.6701420629046835,0.7865317950977048,3.606028509510095,1.7197460176346777
2024-07-15,1.186304237225342,2.487335437086907,4.35562033415861,1.6643286606303127,0.7775308489336051,3.708705137384093,1.705396865933876
2024-07-16,1.1841594840942111,2.515326715076987,4.44670518877202,1.6747626232151025,0.777223038642601,3.7251338635084976,1.702546269953705
2024-07-17,1.1758255326308773,2.491721174521173,4.3333334319209,1.6826670230946617,0.776326367886069,3.704598457646704,1.7023651573201417
2024-07-18,1.175991894619108,2.4955019095572566,4.211240224673175,1.6762419822450831,0.7805322157249861,3.6881705343922384,1.7007756031146162
2024-07-19,1.171391729417662,2.4938776641831515,4.322674440099033,1.663908336480143,0.7707784231008805,3.606028509510095,1.6921090141421384
2024-07-22,1.1766097069617802,2.5166540696593325,4.295542649128728,1.669902312553642,0.7755140125576677,3.5731710572612863,1.7017174408731583
2024-07-23,1.1758570781142748,2.5308760336286276,4.457364476356583,1.6706313634718084,0.7709566220778707,3.5772785398686144,1.700100921394949
2024-07-24,1.1695032143129562,2.5148888557634876,4.301356456455302,1.6609064960695181,0.7696378067913051,3.614241868984873,1.695569778196171
2024-07-25,1.1623162850700766,2.433780815575552,4.176356789188336,1.650330611541246,0.7711401180921311,3.638885158888965,1.7034256561044203
2024-07-26,1.1787789045164376,2.493465816796893,4.2810076871682465,1.6876666918341947,0.7808291163404153,3.77852632018413,1.7184696611440793
2024-07-29,1.1808039177027194,2.4960928216172196,4.261627836475171,1.698309151715613,0.7784005823865389,3.700491376474345,1.7229717498169816
2024-07-30,1.1849136497856947,2.5224688404353577,4.309108692495228,1.7103052856424215,0.7816527034927654,3.753883833149978,1.7191235887847196
2024-07-31,1.1947259385117126,2.5320915085108906,4.356589252752589,1.7268520467289021,0.7882710075022777,3.7456696708052606,1.730874674029685
2024-08-01,1.1839428505495866,2.5100243174261614,4.661821679346507,1.649140430274591,0.7839601178626585,3.6019218297727056,1.7127372833113783
2024-08-02,1.1585813512561483,2.434833585616533,4.495154963386057,1.593851021458405,0.7698419714156535,3.4088874089319683,1.6819594335367234
2024-08-05,1.1279494613587315,2.381865925802624,4.300387537861322,1.5732615670815313,0.7526469074238885,3.3390670290018702,1.6474137191042542
2024-08-06,1.1314071928471399,2.4116854702574937,4.539728767861479,1.5735748391068303,0.7515028039862064,3.2692462476368025,1.6483131261884265
2024-08-07,1.1485006286395014,2.4549553918376668,4.6482559317427015,1.6094776449879362,0.7601476087275101,3.265139166464444,1.6676993803206994
2024-08-08,1.1440805098823328,2.4423354141167932,4.620155222178417,1.6246390008340252,0.7559194082280041,3.281567691871363,1.659140730893918
2024-08-09,1.1484709415791332,2.4402425132914174,4.699612462138678,1.6443824163837628,0.7586901041670103,3.281567691871363,1.660468272646103
2024-08-12,1.1569484997566903,2.4798926221664996,4.716085261287118,1.6514722825185661,0.7582222964973995,3.37192367838074,1.670596256678013
2024-08-13,1.1619900056738477,2.4818004369639945,4.767441791683094,1.658577308207765,0.7618235742245922,3.2897818542160806,1.675815504997266
2024-08-14,1.1719789225547947,2.524475950670608,4.836240631346882,1.6693996390074497,0.7687832716990801,3.3554955544087894,1.6803066714000907
2024-08-15,1.1825181097251316,2.5496375933008046,4.874030822613661,1.6987026400030976,0.7754886082472274,3.5444218904897444,1.701071379852009
2024-08-16,1.1805528489562893,2.5411837200690455,4.854651267683282,1.7039322424927994,0.7716194560000972,3.5608502151791797,1.6916081176827291
2024-08-19,1.1839349447064274,2.560468009726578,4.844961194455396,1.7158079594603888,0.7780428379918776,3.59370646312308,1.7020027178466575
2024-08-20,1.1736128194498445,2.526895139775777,4.77713186491098,1.6981327728475355,0.7707815923131738,3.5444218904897444,1.687547357910656
2024-08-21,1.176442626995846,2.5211537370517725,4.7722869761783855,1.7027117170459365,0.7755474570387059,3.548528570227134,1.68908272913596
2024-08-22,1.1789991857748645,2.5361173857699564,4.821705669386402,1.7086228096721987,0.777797581650971,3.5567431340068207,1.6854150305212265
2024-08-23,1.1832192602757012,2.5446433139867644,4.834302498396227,1.7257783534666957,0.7852809447235277,3.5772785398686144,1.6872235039422487
2024-08-27,1.1846872639457533,2.5433865038772017,4.788759775326825,1.729287746081716,0.7798674132584169,3.684062650349941,1.6894612397923865
2024-08-28,1.1873777987453278,2.5460502952969533,4.846899327406051,1.7146144133012589,0.7753354717222327,3.729241346115826,1.6936707467229866
2024-08-29,1.195260663512068,2.561853642379431,4.846899327406051,1.7247796562175972,0.774926049066831,3.786740482528847,1.704730609602199
2024-08-30,1.1971764232941833,2.5670988692289742,4.810077167445163,1.733011236575737,0.7771133146374201,3.7374551070255735,1.699624074505517
2024-09-02,1.1979572128050524,2.5321080142416528,4.499031229287369,1.7298080419631718,0.7832157059976863,3.757990512887367,1.70203117149517
2024-09-03,1.1919434865238983,2.5103459605151386,4.576550336296974,1.712246987572011,0.776011614631669,3.6635272444881473,1.6884412006185667
2024-09-04,1.1871435129290462,2.4934830206483154,4.657946004970588,1.7038188908482674,0.7710858411043728,3.6306705951092777,1.6795964182756904
2024-09-05,1.1859590000953475,2.490132905232865,4.630813918237586,1.7210868978521878,0.7717771231340643,3.552635651399493,1.6714687513303297
2024-09-06,1.1794339640209854,2.452229969430022,4.483527348732908,1.6911104502767602,0.7658171743744473,3.330852665939668,1.6618844601259504
2024-09-09,1.1940685274754541,2.48486261366397,4.608527015999875,1.7201441998503573,0.7696540292604359,3.3842453233327854,1.6781135938347056
2024-09-10,1.193680965195748,2.4753284504983464,4.600775371485341,1.6998913066949637,0.7713083943589514,3.367816597208381,1.6665416298012663
2024-09-11,1.1927346217518882,2.4591246225063785,4.642441828653431,1.700802587668608,0.7668261588660105,3.334960148546996,1.6603829781457233
2024-09-12,1.2011433269913272,2.4833456321655296,4.784883509425513,1.7214990187209516,0.7734460405087893,3.3390670290018702,1.677441359222406
2024-09-13,1.2094892898647591,2.4879902972057106,4.856589400633938,1.7380137038801935,0.7827198180725413,3.3554955544087894,1.6825879739302443
2024-09-16,1.211340251083814,2.503473768050348,4.80426336011859,1.738825989026568,0.7835235359857335,3.2897818542160806,1.6822010631157964
2024-09-17,1.2177370668593919,2.489022543417371,4.796511419841359,1.762254362998754,0.7917056601730984,3.2446039613201347,1.6839980523246552
2024-09-18,1.2070452727056338,2.485972250085728,4.806201493069245,1.7455984063526746,0.784307141769252,3.232282717803059,1.6723795987862575
2024-09-19,1.2136441860202838,2.536100147555981,5.087208884474795,1.7653150912912008,0.7957848861404324,3.322638704312435,1.689181317165263
2024-09-20,1.1967158286460866,2.5166516271701482,5.098837090653337,1.7455992912417246,0.7807509595503487,3.2076402307689067,1.6717259631898644
2024-09-23,1.201982644720195,2.5365016505209725,5.137596792039488,1.7411127449593577,0.7853479144913025,3.1912119060794715,1.6783614937431175
2024-09-24,1.2002808739360813,2.5363828918247147,5.102712765029255,1.7552205939961025,0.7876204290093575,3.162462137155476,1.6819601300596854
2024-09-25,1.201622925592346,2.516333818374156,5.153100672593948,1.7445276948500654,0.7882502181888175,3.109069680479843,1.6770550603069876
2024-09-26,1.2039777076527391,2.50747916046783,5.104651193742607,1.7790940898084717,0.7977804610623749,3.1385898031101975,1.672206504359796
2024-09-27,1.2076383434298308,2.5223537930041604,5.087208884474795,1.7776066617708701,0.8040997566806973,3.101616839554672,1.680379025615898
2024-09-30,1.1922439687971031,2.4930928474184584,5.10852745964392,1.7496352372814974,0.7913298497336642,3.019454943641541,1.6599482282467104
2024-10-01,1.1914537790119102,2.4990072626814825,5.085271047286835,1.727299963546029,0.7911175477683063,2.9249683920140934,1.664356914568436
2024-10-02,1.1861470753547168,2.5030149319278734,5.027131790970306,1.7271558257651263,0.7861998824112197,2.974265810566451,1.670304034003711
2024-10-03,1.1820414518334361,2.5025469627374166,5.168605144673802,1.709759159210344,0.7838012915372852,3.003022604602412,1.669379672592063
2024-10-04,1.1819007830360826,2.518538461020636,5.137596792039488,1.742145590932143,0.7850298066254864,3.105725125031939,1.6733752624678024
2024-10-07,1.1785407025500867,2.508695224481978,5.102712765029255,1.7538412704295598,0.77996179728706,3.052319621719799,1.6823462544779435
2024-10-08,1.1695790436878049,2.4972668369767237,5.112402542494445,1.7339255775995521,0.7696554783186713,3.044103452200235,1.6675979649324535
2024-10-09,1.1766794158441756,2.5466419624047054,5.145348732316718,1.7516728093335479,0.7772712290698114,3.1098332097917214,1.6847749301414991
2024-10-10,1.174797951923596,2.514866220292997,5.135659546376922,1.7598396687392501,0.7724584143587038,3.2002112752244174,1.6844456750481187
2024-10-11,1.1773804272153319,2.5384296940916977,5.2054264173466,1.773598333831609,0.7753329731115927,3.253616577819072,1.688179666869061
2024-10-14,1.1861523981915758,2.569226659624107,5.218991869187708,1.7762577601839546,0.7749773891192407,3.290589541374598,1.69699374680369
2024-10-15,1.1854369769846829,2.5645421668088386,5.23837201564348,1.7853136275786734,0.7750677051120419,3.3152382506507765,1.6823986041952685
2024-10-16,1.1983272159389988,2.6016293256974135,5.426357011010358,1.7955769464220712,0.786861702778914,3.323454420170341,1.68787773548245
2024-10-17,1.2049950431816745,2.628461465169834,5.513565599722456,1.8199108978361613,0.7919346713435592,3.3522110134888172,1.7037173273554427
2024-10-18,1.2010891235029244,2.6263774323285642,5.498062902218782,1.8181358156912877,0.7909597794603819,3.380967606807294,1.7054354241339418
2024-10-21,1.190850132310736,2.6157774837838197,5.494186044792078,1.8057946431517569,0.7826240580130318,3.364535468485649,1.6745583698115387
2024-10-22,1.1879905510722766,2.608667889499862,5.437984625663507,1.8115032757950291,0.7810945679817215,3.4097244008432543,1.67302530569327
2024-10-23,1.179949892259657,2.571848931012512,5.439923054376859,1.7985930521839808,0.7771487432596634,3.3357788751671724,1.6679996264857884
2024-10-24,1.1786315316939353,2.5590324283606076,5.375969103445665,1.8162739672650428,0.7752004575881604,3.3111303666084786,1.66107892840373
2024-10-25,1.1782030769378251,2.5508066024519715,5.389535146812166,1.7861545852697693,0.7724195474626093,3.2864816573323,1.6638226591965481
2024-10-28,1.18720903443375,2.5656529825296848,5.430232685386277,1.8016059454150368,0.7755753482809182,3.101616839554672,1.670558214425442
2024-10-29,1.1718012907619968,2.52555373144678,5.374030674732313,1.7759910100372562,0.768406800998561,3.2454004082995076,1.6555900270107073
2024-10-30,1.1684156302643607,2.5216123672334296,5.379844777821583,1.7877410714207993,0.7658893399686475,3.356319499683569,1.6510943355053322
2024-10-31,1.1527382614598445,2.482758885627061,5.187984699604181,1.7717893407113277,0.7462853590825271,3.417940570362819,1.647211891030262
2024-11-01,1.1651156127453937,2.5045131974725994,5.317829255603742,1.7945341084120692,0.7524744301399281,3.500103068428404,1.6606524921734702
2024-11-04,1.1618863915802486,2.483803954830151,5.3255811958809725,1.8040355731297346,0.7517546867757041,3.500103068428404,1.6563343947960047
2024-11-05,1.1695627599290408,2.526740086737101,5.426357011010358,1.8186915319093617,0.749548216080766,3.590480933143615,1.6621759691883624
2024-11-06,1.1722555093390452,2.612537815199643,5.56201567009919,1.8395082688591762,0.7382842246632779,3.791777688525403,1.6763884624976133
2024-11-07,1.170671014955381,2.621591549199394,5.356588956989893,1.818024568696205,0.7420548255736567,3.8780480706332856,1.677810859492657
2024-11-08,1.1658722728142104,2.5708256897267674,5.360465222891205,1.8076823999801102,0.735559857718761,3.758913010447144,1.679349391423781
2024-11-11,1.1763078096453004,2.5991861673819514,5.542635523643418,1.8467818822409197,0.7368350892559465,3.9684259353484967,1.6897455185844783
2024-11-12,1.171771431294413,2.5815766961432196,5.4069768645545855,1.8207095822210404,0.7271516978590954,3.9643180513061993,1.6689680566835088
2024-11-13,1.1688802062851953,2.5673247530612997,5.403100598653274,1.8342013748354047,0.7218101329608478,3.9684259353484967,1.6710018269511855
2024-11-14,1.1689801561457274,2.5913553152737854,5.2829464116442955,1.8375189705996335,0.7307421267747666,4.046480549371784,1.6879388093832077
2024-11-15,1.1649906790764772,2.574948374993393,5.220930297901061,1.8469194430002105,0.732029409511101,4.03826397841725,1.6827553766262624
2024-11-18,1.1704630905599702,2.5968665414744994,5.224806563802373,1.8574712890008322,0.7330923412663443,4.0218320408130905,1.6944350563978035
2024-11-19,1.1719996130683874,2.607204006733005,5.112402542494445,1.8306504352316884,0.7333556034528347,4.009507585816259,1.6922114951642406
2024-11-20,1.1656284758326125,2.5833782036751876,5.098837090653337,1.8325568360030455,0.7265881828917413,4.001291416296694,1.7110783104866807
2024-11-21,1.1780882439852267,2.6333432032144177,5.240310444356833,1.8597101652783128,0.7255173622024668,4.067020772453211,1.7281133427295419
2024-11-22,1.2012548383101866,2.654523275249434,5.286820902969428,1.8584046062826947,0.7375538771397969,4.0218320408130905,1.7534703706061374
2024-11-25,1.2057393300330872,2.666544954646958,5.257750979048466,1.884462350287163,0.7415007985781268,4.095777566489172,1.75734095379337
2024-11-26,1.2029075545999734,2.6615280770398373,5.251938059009982,1.8649721367460839,0.7373176537026306,4.108102021486004,1.7560818156582265
2024-11-27,1.208656565857821,2.6643845916661633,5.228682238178291,1.8774584088487787,0.740517772642331,4.108102021486004,1.7567786913346783
2024-11-28,1.2134177317491777,2.679098090959692,5.286820902969428,1.8933782952501146,0.7418686283156313,4.103993736008737,1.7528171478183228
2024-11-29,1.2160440871811338,2.6506330606610016,5.412790376118464,1.8961521158363723,0.7421835644348403,3.8492916780322943,1.7577453039042281
2024-12-02,1.2237333674858983,2.6628640137452084,5.552325892634,1.907596688883825,0.7437765851399859,3.845183392555027,1.756097436932139
2024-12-03,1.2264238189830703,2.7175233688213742,5.730619927484902,1.9112752902134216,0.7449762660675793,3.832859338993165,1.7654134379549862
2024-12-04,1.2305313643908256,2.7067734338816942,5.7635661173071755,1.9264204957090756,0.747903174218511,3.8041021435222344,1.7628521818630092
2024-12-05,1.2303012026919382,2.711143853865445,5.7034878407519,1.9457931961979422,0.7472325890943712,3.7671295814016785,1.7680684038939594
2024-12-06,1.222739253215326,2.6866230616380116,5.682171040158955,1.9429481415930345,0.7462113825133343,3.791777688525403,1.7636733993656886
2024-12-09,1.2225677623208724,2.65532011743149,5.643410747247411,1.9526295242955942,0.7498881201412381,3.758913010447144,1.7666392586433055
2024-12-10,1.2149871742216813,2.627951781009242,5.482558430138929,1.9382980321174135,0.7463471147387168,3.7219400468916186,1.7575495268876773
2024-12-11,1.215920154115401,2.6345668710810437,5.591085594020152,1.9558339898889778,0.7478627893978211,3.7465893583202514,1.7630674398001467
2024-12-12,1.213310151523702,2.649734697868923,5.575581713465691,1.960858461546801,0.7451047573673992,3.8082104289995016,1.7623544387958756
2024-12-13,1.2139133391299526,2.6607074959576402,5.548449626732689,1.969160656344007,0.743255207799,3.7630216973593806,1.762204590502207
2024-12-16,1.2085262436332382,2.6500594477205803,5.6569767906139115,1.9685724170088708,0.7355181303887818,3.7999946609149062,1.7505625467440815
2024-12-17,1.1954922564418198,2.600825299835002,5.629844703880909,1.9515875540444694,0.7294610758391219,3.791777688525403,1.738808426124225
2024-12-18,1.1967401240998923,2.6140373766681657,5.68604612300948,1.9640975415450361,0.7289302594579518,3.902696579191979,1.743948374528378
2024-12-19,1.1804676509505572,2.576443758760141,5.616278660514408,1.9387691795463573,0.7175224122893565,3.857507847551859,1.72105542563961
2024-12-20,1.1769819340454768,2.565242036937498,5.575581713465691,1.9353676936271849,0.7183164896890251,3.845183392555027,1.7197439044542293
2024-12-23,1.1773746824894868,2.5766790117522156,5.57751955065365,1.9420204479943122,0.7178110270529806,3.787669804483105,1.7215937085752269
2024-12-24,1.1841692552610725,2.5958605035096403,5.57751955065365,1.958151116028506,0.720840028544329,3.861615731594157,1.7267708172806142
2024-12-27,1.179746648472615,2.6036988798827134,5.600774779959948,1.96041909259696,0.7191618151982457,3.7794540363985103,1.7325901648400586
2024-12-30,1.1751128439229435,2.598911175669502,5.527131643088957,1.9611602107065542,0.7161666734322307,3.857507847551859,1.7274067245651545
2024-12-31,1.1815860111434828,2.599948961833395,5.509689925346538,1.9682201590363337,0.7241650633800648,3.8698323025486903,1.7356303817506176
2025-01-02,1.1935587569989052,2.650701814504997,5.7015505950893335,1.9740283025020473,0.7264793286429022,3.832859338993165,1.7585505148593683
2025-01-03,1.1870811731572335,2.648501757920853,5.668604996792453,1.9664570646832296,0.7196156928018791,3.820534482561363,1.750552834281007
2025-01-06,1.1939666986461765,2.627416965251588,5.5232559687130385,1.9870489868036516,0.721930072115428,3.88626464158782,1.7585920673035678
2025-01-07,1.1909839931950248,2.6428995806654934,5.587208736593447,1.9708290276372686,0.719041397755814,3.8369668216004937,1.7631672007948305
2025-01-08,1.183569462771386,2.6354043215879517,5.600774779959948,1.9648291404910891,0.7088747086973484,3.791777688525403,1.7639085887467965
2025-01-09,1.1890666929019866,2.5779322242828737,5.633721561307614,1.9725342019598804,0.7132181551638104,3.7671295814016785,1.7821619350537408
2025-01-10,1.1726693533955406,2.55226190073466,5.620155517941113,1.9456775130078219,0.7029478346038972,3.697291136897955,1.7720737845287793
2025-01-13,1.1689649967873241,2.545367660170006,5.498062902218782,1.9403990212378046,0.7010393368366999,3.664426458819697,1.7655372445578352
2025-01-14,1.163920764803204,2.5308236406384474,5.488371941702806,1.9608065093454923,0.69977189137425,3.6726434312092,1.7673353277282342
2025-01-15,1.1871506799093743,2.5630103651720386,5.459302609307238,2.033190805398286,0.7165195963038121,3.8041021435222344,1.7805207500842213
2025-01-16,1.2019288647306643,2.6040960127340744,5.608526720237178,2.046035913507061,0.7223049320025973,3.787669804483105,1.7985547953894705
2025-01-17,1.2169433662629787,2.6110336882208225,5.697674920713415,2.0806420417552975,0.7332341624274357,3.742480671408015,1.8202811144323392
2025-01-20,1.2190284058483998,2.6276735017183475,5.769380220396446,2.0855720429890687,0.7353523714743966,3.7383727873657175,1.8225532923178653
2025-01-21,1.2224692656302831,2.6535646037185825,5.755813585504552,2.1097496136917453,0.7376467925744782,3.7753453494862734,1.822726903022978
2025-01-22,1.2280158942492694,2.642004329398449,5.846899623168748,2.1147551282706005,0.7354401938102162,3.8041021435222344,1.832761355815364
2025-01-23,1.2282075962010872,2.65372546709199,5.926356863129009,2.1355713735382817,0.7349417725570606,3.8082104289995016,1.830837151133967
2025-01-24,1.2206676583159648,2.618252801324085,5.868217015287087,2.106969645164019,0.7361196551957928,3.8041021435222344,1.81613646136834
2025-01-27,1.219185365520974,2.5946378431954953,5.715116046930442,2.0980096629248792,0.7345179623972936,3.73426490332342,1.8112380174292713
2025-01-28,1.2290250157890459,2.6368775929386166,5.6472870131487225,2.099622094182831,0.7426798778349821,3.730156617846153,1.8213853294127254
2025-01-29,1.2330181621023326,2.6338748062502395,5.660853056515223,2.1405758944482915,0.743864994804417,3.9848586758225952,1.8253803303036726
2025-01-30,1.2454025054559021,2.6684090751072995,5.775193731960324,2.1650305940295427,0.7546640329787915,3.9068044632342778,1.8486335943106575
2025-01-31,1.2539860180645837,2.694901943066557,5.872092689663005,2.1719306092333115,0.7570387487573189,3.9068044632342778,1.8561775790852835
2025-02-03,1.2394550397083055,2.7006058851769192,5.769380220396446,2.1412797620205875,0.7480472984405924,3.853399562074592,1.8411214428813616
2025-02-04,1.2394049390524144,2.700016223266368,5.751937911128634,2.1571730140290337,0.7473160014301261,3.824642768038631,1.8391221160656286
2025-02-05,1.2483593589963347,2.7328435125245987,5.831395151088895,2.1691642095905332,0.7517280887208093,3.795886375437639,1.844842959533542
2025-02-06,1.2548330641049206,2.7369568935717314,5.872092689663005,2.2249138032101214,0.7582406220859714,3.935561658705208,1.8586199236357852
2025-02-07,1.247462861140608,2.7358135428789385,5.841085520079478,2.213859308694443,0.7521693543125736,3.956102684656573,1.8572351395774993
2025-02-10,1.2571581067282984,2.7523522202502835,5.943798580871429,2.2109716600561025,0.7598950264858448,4.013615469858556,1.8715054353966976
2025-02-11,1.2573412629493814,2.776262068963971,6.00775194027723,2.227599073949577,0.754381892036884,4.091669281011905,1.87281414527738
2025-02-12,1.2553382755716698,2.759323214412413,6.015503289029067,2.233526511698472,0.7595179835676727,4.247777304753572,1.8812747937353793
2025-02-13,1.2620850236528165,2.7859681713153455,6.050387907564693,2.210490958879396,0.7641091195097852,4.223128796194878,1.877053127326253
2025-02-14,1.2607799150048722,2.7874107066522384,6.052325153227259,2.198548590775341,0.7642290029224779,4.28064198283183,1.8751154485365842
2025-02-17,1.2639667339064655,2.860542181178895,6.1569772342579565,2.209563682620272,0.7645774656259438,4.3052912942604635,1.881149928083626
2025-02-18,1.2569911349095209,2.851582413737233,6.244185822970055,2.219464023044405,0.7617858018633035,4.338155570903752,1.869910496363867
2025-02-19,1.2493977403382344,2.848330604491095,6.226744696753029,2.191865305248647,0.7511424436168445,4.247777304753572,1.856553717632929
2025-02-20,1.244333467728338,2.850468839417246,5.992248651248163,2.185914973985243,0.7508678002650389,4.247777304753572,1.8432701985193742
2025-02-21,1.2427700470990235,2.8456420953199677,5.9244190259410505,2.2183540676605977,0.7506494468106908,4.379236819936545,1.8333092496452845
2025-02-24,1.2394138627584292,2.8950339163566623,5.874031118376357,2.2045212450582565,0.7487358944825655,4.362804079462446,1.8256484922229401
2025-02-25,1.2328295736986632,2.915100642222916,5.9593018699004965,2.2251226298855906,0.7449525795760438,4.4531823456126265,1.8192655405403957
2025-02-26,1.2474158038696175,2.9165140097457765,6.114341266970494,2.2858483946918797,0.7528996349955592,4.592858030315164,1.8241871577780895
2025-02-27,1.2417251915518177,2.924323081239628,7.089146721662754,2.2925733739692244,0.7443249132989671,4.428533837053933,1.8280704485667834
2025-02-28,1.2451014175376596,2.9371492870711187,7.209302683247913,2.332002057420313,0.745169981174272,4.346372141858287,1.8397942746500922
2025-03-03,1.2433165033360043,3.0671705821252995,7.527132234614351,2.334139653752264,0.750317591287851,4.379236819936545,1.8484323784500984
2025-03-04,1.2233429855182554,3.0281344392357985,7.620155517941113,2.262549255910189,0.7407330939547667,4.214912626675313,1.8178902643975836
2025-03-05,1.225336050793205,3.0741022259219806,7.802325227167933,2.2941475856357894,0.7436874381588933,4.40388492706027,1.8011219792297877
2025-03-06,1.2119966236100628,3.076329653566664,7.798450144317408,2.271498184138692,0.7465251637231507,4.49426319321045,1.7749355165363119
2025-03-07,1.2096681894675458,3.022235278215354,7.765503954495134,2.2421485215577466,0.7464712873391797,4.469615086086725,1.7668272434366121
2025-03-10,1.2024440800552711,2.9680455485125448,7.100774927841296,2.1888647813358935,0.7448703479480304,4.338155570903752,1.760190704894461
2025-03-11,1.1910636624740965,2.9704305172224847,7.242248873070185,2.1397318696332044,0.7370498386195851,4.2559934742731365,1.74030482754314
2025-03-12,1.1965712186349107,2.977537355855311,7.5678297731884605,2.1658509516133937,0.7336764164179149,4.38745298945611,1.750828409974225
2025-03-13,1.1868081888791775,2.976554519411168,7.474806489861699,2.144397373333261,0.7284789673452903,4.40388492706027,1.7528985003118582
2025-03-14,1.1942782233559834,3.0103229498584874,7.717054475643794,2.1849202944311723,0.7353042285877182,4.625723109828392,1.7698827091696043
2025-03-17,1.1958710780873458,2.985754076777436,7.767441791683094,2.1984529864685385,0.7422074899795638,4.502480165599954,1.7763451090903963
2025-03-18,1.1968203709879655,3.0175716700157915,7.860465075009857,2.244645855209274,0.7436623027373088,4.7325329121477635,1.7739117425732396
2025-03-19,1.2001445300150246,3.022485245572378,7.875968955564317,2.245985815480322,0.7421040668371266,4.7078848050240385,1.7731314696393383
2025-03-20,1.2065787920562137,2.984993818283574,7.7189923128317535,2.2222172228197703,0.7444223970769788,4.683235895030376,1.7636317376603405
2025-03-21,1.1971947862708208,2.953868517760474,7.757751422692511,2.1980639135700732,0.7368454641233616,4.67502012694578,1.7537960570524587
2025-03-24,1.2021539564255632,2.9790735188072976,7.655038953425953,2.227766335726452,0.7370639645826347,4.642155448867522,1.7518199151175238
2025-03-25,1.2065403034534605,2.973403607535228,7.769380220396446,2.257221745597436,0.7353068554936858,4.691452465984909,1.7625252997337202
2025-03-26,1.2048323913321755,2.993427160711982,7.767441791683094,2.2633795707350632,0.7342861171997325,4.699668635504474,1.77245937090136
2025-03-27,1.1988349347687348,3.0161863145654335,7.722867987207672,2.258413500215257,0.7294713897873709,4.601074199834729,1.7715503609683945
2025-03-28,1.2003868648134213,3.009929137561297,7.472868061148346,2.2246208524152475,0.7314255202114832,4.56820952175647,1.7693608988180938
2025-03-31,1.1874684832269236,2.981747643030907,7.257751570573859,2.1944852642388697,0.7216914060249233,4.486047023690886,1.7582279269987808
2025-04-01,1.1953010019734458,3.020885515162276,7.552325892634,2.2126350837089546,0.7261944426672492,4.5106959336845485,1.7648032145476436
2025-04-02,1.1950097922498129,3.0162519180232374,7.323643358693013,2.221086352101265,0.7238817390580945,4.547668897240074,1.7623226308129012
2025-04-03,1.1896158943363002,3.0704753112420726,7.228681646652898,2.10218103918841,0.7153963783869218,4.346372141858287,1.7300354539492229
2025-04-04,1.1392542799659087,2.9243577184481317,6.385658585148158,1.9747138339976142,0.6824829012028841,3.9897886986823097,1.6526589850155933
2025-04-07,1.0889167303154323,2.818535786084863,6.160852317108482,1.9157749046849761,0.65768682778605,3.8977665563322654,1.5681609512751782
2025-04-08,1.1208664479547492,2.9335742214216607,6.581395520792266,1.9652832949886099,0.6752431398986072,4.098242377201545,1.6129768544146443
2025-04-09,1.0960039075455905,2.912879217697415,6.430231798098187,1.9164727539277884,0.6592278953404249,4.0160806820058985,1.564768930979763
2025-04-10,1.1341444377687044,3.0116531652141445,6.720930445782409,1.9994321573033433,0.6840972270850458,4.2970743218709595,1.6110994914885413
2025-04-11,1.1418387114792967,3.037563121513749,6.722868282970368,2.006528960056101,0.6924308879904896,4.260101759750404,1.610392336245859
2025-04-14,1.1661406191202472,3.115876293170383,6.87596865980162,2.07384081839864,0.7072108898992525,4.420317667534368,1.639604009884895
2025-04-15,1.1869230363397176,3.2184772816486715,7.091085150376107,2.126431518881982,0.7185396741660313,4.502480165599954,1.6587062742997294
2025-04-16,1.1754646247965181,3.2319489839365567,7.017442013505116,2.1207121367286814,0.7234228093672168,4.449074863005299,1.6588968606656953
2025-04-17,1.1770047242218802,3.2318734278049916,6.92305467262175,2.1138686628536,0.7263801004921685,4.420317667534368,1.6582465268862838
2025-04-22,1.1833398560182296,3.2479089518747655,6.938559736226996,2.1247885060588754,0.7288886326980755,4.555885066759639,1.6588504246803846
2025-04-23,1.1905384000813841,3.253657739918418,7.052909876078388,2.1914981712719825,0.7302276807597751,4.6585881893416206,1.6741996319661296
2025-04-24,1.1964628538410849,3.261361973535756,7.124621682540743,2.17534149734547,0.7299867663170768,4.650370815517148,1.678454281839487
2025-04-25,1.201773580912423,3.2762775565145836,7.320373997845073,2.1884714091476365,0.7306038715979475,4.724317545498137,1.680213572138046
2025-04-28,1.2020186758270242,3.270554763000635,7.31068362885449,2.1810110039675883,0.7340174083391169,4.777722446657823,1.6778894756277283
2025-04-29,1.2090078206065924,3.3016204942071936,7.295177973723851,2.200729619617702,0.7361506482211579,4.884533453282102,1.6815789217187536
2025-04-30,1.2218264965562862,3.316371221503425,7.308745200141138,2.19611450592769,0.7381120674703239,4.929722586357192,1.6985793875349882
2025-05-01,1.2278824132618082,3.299559708599903,7.432786300508504,2.196038376172883,0.7475740080854514,5.098154663660722,1.7059493649659738
2025-05-02,1.2363673462770175,3.3409653944800217,7.597529080127734,2.222011126959227,0.7538918199578023,4.983127487516878,1.7265409319174085
2025-05-06,1.2409203828261328,3.3403637135753734,7.570395218818552,2.2201186432388664,0.7575837704407345,5.196748697895497,1.7280537259238786
2025-05-07,1.239252523008224,3.31695405170678,7.423095931517922,2.208034204164984,0.7551570421555264,5.204965268850032,1.7315350880369234
2025-05-08,1.2427470360144797,3.258306861564747,7.694436319185919,2.211208739547292,0.7560806862401757,5.180316760291338,1.7320458363828828
2025-05-09,1.242875131940248,3.213477370684127,7.671178132252656,2.238019077056494,0.7606774174439963,5.3692890606762935,1.73355363763218
2025-05-12,1.2475190650274157,3.1673339866274643,7.6072194491183165,2.291466668060047,0.7632128465079951,5.4555594427841765,1.7424635803472437
2025-05-13,1.2502899172772401,3.1637796129706963,7.762270676696177,2.3062816709257756,0.765006514784434,5.5130730308560985,1.7504816813908481
2025-05-14,1.252194646330733,3.200546550964161,7.72350801768306,2.317316082685177,0.7666978864109836,5.545937307499387,1.7359409010245304
2025-05-15,1.2618092518959043,3.2186495666153028,7.907632126808847,2.336064690310508,0.7710603589986149,5.069397468189791,1.7360315742767967
2025-05-16,1.270008935528237,3.2182413018098996,7.845610689337074,2.3503030503150217,0.7727012721462349,5.229613375973756,1.7464163347040915
2025-05-19,1.2732488217095215,3.2587091576357614,7.938642254019341,2.3680987356878864,0.7729363982142006,5.270695026441518,1.7438033343830581
2025-05-20,1.283240231806728,3.30234669422061,7.923137190414095,2.426565946543653,0.7803996058108378,5.319992043558906,1.7574026360006094
2025-05-21,1.2833230865258665,3.3574051082791314,7.989034302261787,2.425039615529275,0.7769879817385005,5.336424382598035,1.7542773145539763
2025-05-22,1.2813358568317588,3.3877504513470442,8.13051830342236,2.4252266000249048,0.7668199198018687,5.447343273264612,1.7433810140046853
2025-05-23,1.277775381185011,3.3876289564045736,8.099508176211865,2.3927535313205697,0.7653263539930443,5.492532406339702,1.741446080595668
2025-05-27,1.287564075163071,3.429395119124861,8.252621566601766,2.4132985478299998,0.7719827832892604,5.5130730308560985,1.7534576193217113
2025-05-28,1.283534565957402,3.4231531747522537,8.312704575360188,2.3902679307342063,0.7697728142833252,5.377505631630828,1.7372732827029418
2025-05-29,1.2753069789484024,3.397107703496252,8.246807463512496,2.406386922264103,0.7733017772208869,5.422695166140887,1.7337349674362152
2025-05-30,1.28144244434555,3.426341059418582,8.394106750813126,2.4054121665831842,0.7745946597144129,5.488424522297405,1.7396251862164607
2025-06-02,1.28374763783511,3.493931990114534,8.419302183408956,2.411931526625053,0.7778067131040894,5.480207549907901,1.7390471468170177
2025-06-03,1.282347663308845,3.5393276522918242,8.66544654695573,2.4233040170473683,0.7742262999911649,5.537721539414792,1.736411077403105
2025-06-04,1.288938910304692,3.5682583694775802,8.636374848458589,2.422492399924157,0.7778218093978142,5.603450895571309,1.7381618123476232
2025-06-05,1.2917690158171238,3.594236205286215,8.49295182705927,2.415609450552031,0.7799769259157374,5.6404242605618045,1.7443501717722205
2025-06-06,1.2937442948026547,3.5609248880596516,8.576291839700168,2.433203394993305,0.7784631918750683,5.660964483643231,1.7497035999730854
2025-06-09,1.2951067311196431,3.5506575514705707,8.607302558436054,2.434903072332664,0.7811695312799959,5.706153616718321,1.7453214028903659
2025-06-10,1.2996213146851539,3.540895470158241,8.527838811696467,2.3948085585349657,0.7873757407781562,5.537721539414792,1.7587778945674433
2025-06-11,1.3042844384818812,3.5377579735097577,8.657694606678499,2.4034830243866407,0.7871966334163204,5.525396682982991,1.7601743390305882
2025-06-12,1.3053080196901907,3.53625895336945,8.59955002663343,2.3944084750830132,0.7871548800621458,5.554154279888891,1.7580212480845872
2025-06-13,1.300550463941349,3.5707181592088766,8.43093098111289,2.368953424515728,0.7805672855783051,5.426803050183185,1.7533808371689845
2025-06-16,1.3043972031109217,3.576415549313613,8.580168697126872,2.4078773723298585,0.7842756952171591,5.398046256147224,1.764364774749282
2025-06-17,1.2981709082238653,3.5611410181332075,8.630559562318531,2.3758900932907343,0.7811641016047075,5.422695166140887,1.755932711961156
2025-06-18,1.301482315348314,3.567390497468499,8.634436419745237,2.3982476861077626,0.782261371733697,5.4555594427841765,1.7608066968413492
2025-06-19,1.2924248260806996,3.5460576856433073,8.55497267300565,2.361377597126986,0.7749238159808062,5.38982968519269,1.7541810020315884
2025-06-20,1.2919595373348267,3.5254036483181976,8.60342570100935,2.371688810699397,0.7746114333883757,5.43501841683281,1.7533851608693944
2025-06-23,1.293972918832655,3.5077411823157276,8.591796903305415,2.347496634719784,0.7724389344082543,5.373396944718591,1.7516352860001645
2025-06-24,1.2993828431816334,3.455004727655234,8.8108079970684,2.4122006455194405,0.7777368162788493,5.562369646538516,1.7383930542113861
2025-06-25,1.2975138502732808,3.5249344910626634,8.88445704919332,2.4149012591190475,0.7755285783836855,5.599343011529012,1.7265298121076047
2025-06-26,1.3036103820432847,3.591899149963335,9.049199237287157,2.410582160890792,0.7852411092964386,5.69382916172149,1.7290891967232704
2025-06-27,1.3107490268727147,3.573343709545162,9.24688998130484,2.445707233229611,0.7902048415473073,5.747234865751114,1.7427623205519898
2025-06-30,1.3047642880626846,3.572073588377941,9.376745776286873,2.4414391418052714,0.7865950022920623,5.817072507384898,1.7354679948540943
2025-07-01,1.3063171811570833,3.5366133825847017,9.105405388618871,2.4131485504686725,0.7936427798867864,5.685612992201925,1.747037471780457
2025-07-02,1.2924740219020012,3.4478690124595075,9.142230801969424,2.380850938718112,0.785023880557718,5.669180653162796,1.7468177345865687
2025-07-03,1.3100343182637124,3.485983849065937,9.248828410018191,2.423101204030805,0.7908070044951873,5.764924900549504,1.7590168386367382
2025-07-04,1.3059754001284243,3.47512087284803,9.328292156757778,2.4056286072024458,0.787464094717859,5.740270771901238,1.758409095847302
2025-07-07,1.3073034468654419,3.502188020592302,9.39806553450678,2.4231916350606446,0.7855635965756246,5.736162084989002,1.752285681083796
2025-07-08,1.3048541503241056,3.492054241610563,9.365116978582936,2.442201941938837,0.7848524207869017,5.834777796712127,1.7640390160541048
2025-07-09,1.3094248228630876,3.4760021659124787,9.53955071871814,2.458812087809756,0.7843297514945007,5.7854699408505645,1.765453436948063
2025-07-10,1.3160493539769809,3.459076344765426,9.452333848650538,2.483124069076511,0.7919750632025423,5.834777796712127,1.7862320843133437
2025-07-11,1.3117572657172323,3.464696381352989,9.574436520304554,2.469148975966922,0.7878149579983538,5.851213748665981,1.7877431946093043
2025-07-14,1.3182005170970452,3.4968814009114526,9.67522002526405,2.4989395581479967,0.7914606316696223,5.912848869569162,1.794819683545576
2025-07-15,1.3130805714476856,3.459814403128751,9.597694707237816,2.4921353051639845,0.7829885966419737,5.851213748665981,1.7845808277277284
2025-07-16,1.3144100844125937,3.4441140720058216,9.578313377731256,2.4948592668031795,0.7799806398843208,6.081317878889879,1.7792909188515342
2025-07-17,1.3244377884544316,3.475666833941431,9.787632919452877,2.545637259954196,0.7851821808074245,6.023791846333905,1.7849850604855215
2025-07-18,1.3302261991174413,3.5134889985400646,9.739179299923782,2.539906512327433,0.7917071204903582,5.999138119120609,1.7883125833914133
2025-07-21,1.3378222236084218,3.533048992682924,9.690725088869296,2.5506394939028656,0.79823867260549,6.0648819269360255,1.7862902155289653
2025-07-22,1.3362804059823603,3.5193306408119214,9.527921329488812,2.526038480848383,0.798425116774558,5.986810854078991,1.7974078792842094
2025-07-23,1.3327297557728677,3.5041482045466332,9.529859758202164,2.5299599059036075,0.800258510649514,6.0196827579867,1.8105757288192283
2025-07-24,1.345347622281191,3.504280458934044,9.551178924896682,2.5683122771428253,0.8059791072615194,6.081317878889879,1.8174564447477146
2025-07-25,1.3451752649137658,3.4866911388728745,9.469777340969138,2.584125040585233,0.8033011422235891,6.044336485199996,1.813886644943042
2025-07-28,1.332230674901461,3.4157963130835873,9.510478428695606,2.5744470369931536,0.7993551887088012,6.147062088140266,1.8081407246299634
2025-07-29,1.3350259127234467,3.4421451927919358,9.748869668914365,2.6054634271158856,0.7944651416653845,6.1922612570895925,1.817110773808981
2025-07-30,1.337479654717029,3.4177318252516713,9.574436520304554,2.6014631947957443,0.7937314339723037,6.360729864975341,1.822644034441668
2025-07-31,1.3397579167244382,3.464942344129456,10.388457683308545,2.607566453442869,0.7950493388942587,6.258005064905009,1.8270587958886806
2025-08-01,1.3299805728044174,3.430430213327952,10.320622734272892,2.5685490378406532,0.7864335192908007,6.270331527076689,1.811982030277828
2025-08-04,1.3353394148490945,3.4519634868159565,10.562891423443748,2.622546063129177,0.7911430954911091,6.397710455795286,1.814580016067924
2025-08-05,1.3359353157731277,3.426914786451531,10.398148052299126,2.62012888200951,0.7994069778478413,6.364838953322547,1.8174629417212462
2025-08-06,1.3379508363088033,3.4459540803434328,10.54350831936101,2.6359784697198254,0.8069828936247935,6.31964018580819,1.8000086458655513
2025-08-07,1.3324284992067634,3.338510479867405,10.437342524849242,2.621855670876424,0.8053849653263414,6.426474074225728,1.8049806979350964
2025-08-08,1.3319779576462356,3.342862373556927,10.384041354723283,2.628113668734565,0.803956831877586,6.475781528652321,1.7925448264725437
2025-08-11,1.3325375404905981,3.3478787250159527,10.4857991020053,2.6549340197373756,0.8034712620792923,6.578506730157621,1.7931916884490848
2025-08-12,1.3322104829988404,3.3612702469846285,10.568173745204575,2.6910251496691697,0.8049352141411393,6.574397641810416,1.7889621040586543
2025-08-13,1.33445204663141,3.3568017822940712,10.480953325984617,2.657386885427318,0.8050593308095996,6.508653432560029,1.7887032995539418
2025-08-14,1.3381686384768794,3.4214474263322003,10.674776085456491,2.652428482652015,0.8037575081638546,6.525089785948853,1.7884065879470223
2025-08-15,1.3349826217155207,3.3942306396640154,10.408270234826707,2.610042156552111,0.8024107819269292,6.352511688280929,1.7923503265944383
2025-08-18,1.3371463343254275,3.431742614442922,10.4857991020053,2.629516054996613,0.7998270876240696,6.34018522610925,1.7888559654653984
2025-08-19,1.3429665936751731,3.367025908525575,10.26774864548079,2.6310699836122855,0.8061846434858604,6.27855010520607,1.8026773887190355
2025-08-20,1.3555011881477248,3.391045870268036,9.943095848704369,2.6450587196724595,0.8136325591246154,6.27855010520607,1.8201474390397812
2025-08-21,1.3558036375904925,3.4175748975654217,10.083617438050284,2.6532628806918854,0.8115884453209319,6.163498040094121,1.8156121211574663
2025-08-22,1.3589786587001231,3.4302630245039496,10.10784513510292,2.684556096250759,0.8183107790753527,6.200478630914065,1.8189297298232314
2025-08-26,1.3534375981233657,3.444345985251349,10.248365541398051,2.661346263668194,0.8097718685640577,6.167606727006357,1.8069540720698665
2025-08-27,1.351028660568787,3.4222868202115797,10.23867517240747,2.650618445912525,0.8098678718639981,6.097754232278703,1.810065662326931
2025-08-28,1.344791461420761,3.398354804369594,10.25805709343942,2.6386758654699998,0.8076875630740628,6.093644742496528,1.7985835981128016
2025-08-29,1.3402162641319848,3.3864987999031664,10.36950520971202,2.601788654163401,0.8042688922552522,6.023791846333905,1.7928108067949822
2025-09-01,1.3350867459606945,3.3987207686143757,10.660238757394437,2.6248955452058205,0.8034084153205303,5.9909199424261965,1.7888124421378742
2025-09-02,1.3154830175076224,3.3335840306573794,10.35981365767065,2.5814707043673155,0.7903092372048566,5.769033988896711,1.7767082564799868
2025-09-03,1.3234029590306802,3.372236234430318,10.4857991020053,2.5865182978930474,0.799738968126133,5.781361253938328,1.776351739599119
2025-09-04,1.3353614873465458,3.3737855062608433,10.364659433691337,2.6178185350411276,0.8021467733865578,5.953938950171282,1.7890194835614213
2025-09-05,1.3433248652303837,3.401852842038352,10.422806379837976,2.6050987678636393,0.8068904414456916,5.875867877314247,1.7898155758506131
2025-09-08,1.3476683151027555,3.4428728781935987,10.587555666236527,2.6251754340609574,0.8096170647428697,5.978592677384579,1.792952390197612
2025-09-09,1.343325545429146,3.4280765863623026,10.534254496110572,2.6579827305792656,0.8082432111342158,6.225132759562332,1.8023069822308335
2025-09-10,1.3391733421639553,3.421305318085526,10.655392981373751,2.659058533252462,0.803118372061818,6.27855010520607,1.787606784618296
2025-09-11,1.3474400224031842,3.5005016399920494,10.887980765960316,2.6809256858910153,0.8048698597511535,6.241569112951155,1.8023503891216497
2025-09-12,1.3491210464633385,3.53424164261862,10.950972305076856,2.694632111084704,0.8015446596075857,6.249786486775628,1.798653265770243
2025-09-15,1.3502963684625924,3.604695143543193,11.10118544646414,2.711624237135564,0.8053923659369636,6.348402599933723,1.78970462509456
2025-09-16,1.3391337124208837,3.5616245521946546,10.95581808109754,2.6710574473599733,0.8025014944445917,6.216914984302889,1.7810515814100043
2025-09-17,1.342080022315914,3.612997378893648,10.815296491751624,2.6867098186691356,0.8054492969565243,6.262113751817246,1.785923938269563
2025-09-18,1.3470595994871375,3.622588662284034,10.946127712106955,2.70326442733824,0.8067933697846329,6.410037720836904,1.7946190077064677
2025-09-19,1.3468157746442464,3.6156869949023736,11.14479506454873,2.680744022330758,0.8084056998377598,6.073099702195468,1.7922620011516233
2025-09-22,1.346505556852904,3.6373031974868306,11.135104695558146,2.689039285756785,0.8105311300691513,6.081317878889879,1.7945066090803887
2025-09-23,1.3483122552791966,3.6251878262824127,11.280470877873965,2.696643843045228,0.816004412200833,6.138843510010885,1.7913319517685156
2025-09-24,1.3472912676455295,3.6677430151550956,11.372537073114607,2.6993286446308966,0.8165112565203645,6.266222438729482,1.7973762478704847
2025-09-25,1.3389121018618335,3.67182351855744,11.343463600041288,2.6770895409298183,0.8120141552934534,6.111195077925553,1.7982327181566315
2025-09-26,1.3464956919877904,3.728287385674605,11.459756309283785,2.7123328947057184,0.8168200485536049,6.111195077925553,1.8148405478142442
2025-09-29,1.3535932972363376,3.7618592733822815,11.27562510185328,2.715642182757156,0.8245407952943545,6.1605121667914124,1.8157661237031557
2025-09-30,1.3628334823330754,3.8115065259178236,11.53244058349248,2.747436955201346,0.8303705575770657,6.287914378738238,1.8193823051534408
2025-10-01,1.3621812098334813,3.794538378157516,11.406455139157828,2.7501751503897833,0.8350912445733759,6.300243650954703,1.830251225033326
2025-10-02,1.3644085556521197,3.844132572953595,11.314390126967968,2.74140506953512,0.8349816203135488,6.148182894574948,1.8258729651066692
2025-10-03,1.369596174299222,3.864609103455481,11.324080495958553,2.77575755816269,0.840785248470054,6.250926160653873,1.8311888947278958
2025-10-06,1.3684992827974942,3.835679940730631,11.188405865684103,2.767944460216248,0.8388886039789101,6.275585507956742,1.8370049836600886
2025-10-07,1.3686983496935545,3.809818544452883,11.178714313642734,2.7617800939736354,0.8351051774445258,6.337231467604098,1.840553553892774
2025-10-08,1.374786054917406,3.851426815504032,11.169022761601363,2.8093056530090137,0.8381399328796616,6.460523386898808,1.8478503704193057
2025-10-09,1.3761180794703236,3.8350292935902575,11.193250458654,2.774409912771353,0.8381736295009624,6.4523044073344575,1.844341299669834
2025-10-10,1.3647136268250781,3.7899346386909665,11.033346948276131,2.752407459643872,0.8313648717934081,6.398877025816484,1.831631774746768
2025-10-13,1.3677431474060229,3.778800840349843,10.936436160065588,2.754887393525655,0.8461305166154238,6.5344990201975985,1.8404711142034658
2025-10-14,1.3658110634251217,3.802431553895574,10.892826541981,2.752085670543645,0.846100392094637,6.349560338385593,1.8365177367078938
2025-10-15,1.3704212912289884,3.7287038621588176,10.781378425708404,2.737502868186304,0.8487014222381305,6.246816670871698,1.830051590534864
2025-10-16,1.3719193479344793,3.754355565014552,11.047884276338186,2.7321444997216244,0.8484292240290593,6.300243650954703,1.8226245573754092
2025-10-17,1.3622083314476354,3.6992581695661215,10.689312230467758,2.6619377329133056,0.8361950752403594,6.065987880276838,1.8185906904315077
2025-10-20,1.369295495439881,3.7178624699799507,10.921898832003537,2.6865762642407005,0.8401606882595442,6.1605121667914124,1.8228215396562704
2025-10-21,1.3742839793317696,3.7380021708775226,10.994583106212229,2.697439972705821,0.8358039256927515,6.181060820007198,1.8352191411585868
2025-10-22,1.3862605780125028,3.772559738357443,10.684466454447072,2.7309187563833013,0.8493021191329687,6.296134161172527,1.8581376974497672
2025-10-23,1.3951275689389389,3.8055963208919628,10.742613400593712,2.755265964307698,0.855674213160461,6.357779719384913,1.8626784916808297
2025-10-24,1.4073514123540207,3.829965949446664,10.86375306890768,2.791726764693242,0.8612593225481344,6.390658046252133,1.875148596151045
2025-10-27,1.411277267535242,3.8235596316751845,11.04546168409054,2.8280344584704586,0.8564199154721563,6.390658046252133,1.8731737085911333
2025-10-28,1.4123311060015695,3.83421512135792,11.106031222484829,2.9078902105701134,0.8556057965310667,6.411206699467918,1.8761827365637989
2025-10-29,1.4198503191870966,3.817381780647004,11.236861259789377,2.927022821235819,0.8557792992754849,6.431755754118672,1.8718071237587155
2025-10-30,1.4210059141834064,3.806808883339946,11.319235902988652,2.9610114251435187,0.8510847542563121,6.5016210947653486,1.874661347810486
2025-10-31,1.4136218272341827,3.8054684528873692,11.309544350947284,2.9561547885234956,0.8454543678546124,6.579706217846313,1.8598048876418252
2025-11-03,1.4116124169329194,3.790446769365908,11.290162429915332,2.98929513230788,0.8403096876713312,6.546828693849033,1.8567736814103404
2025-11-04,1.4076080262026145,3.7643497377779696,11.120567367496092,2.9856697438011115,0.8360684103153536,6.481072441549563,1.8597480382972884
2025-11-05,1.4183797891450782,3.7431494993605767,11.21263356273674,2.995870995885809,0.8395676257108962,6.468743169333098,1.8852091321967968
2025-11-06,1.40918389118928,3.716476891951442,10.96550963313891,2.995052818657099,0.8333864402730405,6.296134161172527,1.8728112308935962
2025-11-07,1.3943967650457414,3.6815683247044553,11.033346948276131,2.9453775145157293,0.8275533930818353,6.234487800090203,1.8684028459326616
2025-11-10,1.405873716678355,3.721721863340278,11.251397404800642,3.004136646761489,0.8380838383235794,6.493401713766028,1.8789735199720397
2025-11-11,1.4139645590634604,3.65043271688778,11.169022761601363,3.034861591589646,0.8452259299139452,6.530389530415423,1.9077798338724636
2025-11-12,1.4183296386790396,3.614579834020234,11.169022761601363,3.0741272064708247,0.8459876787507731,6.567377347064818,1.9031046728886258
2025-11-13,1.405994189820221,3.48909710658841,10.858907292886997,3.066031681654616,0.84425195731473,6.657791742362248,1.8743154672089397
2025-11-14,1.3905826750830383,3.4542287028481398,10.718385703541076,3.001331941890909,0.8316189173407768,6.518060258198958,1.8589569113290476
2025-11-17,1.386836723772851,3.432741512378764,10.60693758726848,2.9808971559243105,0.8226710796158607,6.439974733683023,1.8526135027191408
2025-11-18,1.371917884127032,3.4072054144580393,10.403424458806024,2.9246187161846384,0.8133848874753209,6.390658046252133,1.8409656057465842
2025-11-19,1.3685688845686286,3.339018490317346,10.335585960618014,2.8986959676891058,0.8148680870133368,6.382438263817844,1.8357192220188467
2025-11-20,1.382452866446454,3.345150797343681,10.45672562893198,2.9181583402786155,0.8100398786867586,6.707108429793139,1.8415237986968696
2025-11-21,1.3793032179129314,3.334797005603627,10.059388557946862,2.9096687823350376,0.8113182653677935,6.846839512521459,1.840770854624105
2025-11-24,1.382957490146789,3.273378225741081,9.972169321777688,2.9269560536869204,0.8180147429465766,7.048216956332105,1.8433643821952377
2025-11-25,1.3960499440631695,3.273502794760968,10.127227056134872,2.965074248907883,0.8259143570999179,7.064657324070623,1.850285411086014
2025-11-26,1.4133992324859312,3.3160482732943555,10.253211317418735,3.0228995744237492,0.8384601047416682,7.167400590149549,1.8540593786425517
2025-11-27,1.4121725305654682,3.350534909108897,10.25805709343942,3.0447420861900354,0.840594155646323,7.274253747445619,1.8507663529855856
2025-11-28,1.4148670971811954,3.3334947830823296,10.350123288680066,3.0448738602839627,0.8388118922080299,7.364668142743049,1.8586861151796241
2025-12-01,1.411445420641482,3.2635286686026332,10.04969818895628,3.045534991374888,0.84260435997882,7.368778033960195,1.8549774178001086
2025-12-02,1.4112373605226214,3.2635316797391676,10.13691860817624,3.0708448783848428,0.8374001417081747,7.524948280122125,1.8538262792806504
2025-12-03,1.410148507767187,3.27311584330398,10.301666711524009,3.0341361209592685,0.8386745243159015,7.45508253804048,1.8622236387086488
2025-12-04,1.4162600893187207,3.3400815447487004,10.573018338174476,3.0418443443872936,0.839619768191193,7.582485151422274,1.8627798482097166
2025-12-05,1.4124809615627072,3.334167554176377,10.510026799057936,3.011303100112967,0.8408318234796641,7.537277953773559,1.8552649618009036
2025-12-08,1.4067561974774219,3.340818089364378,10.728077255582448,3.024527330449375,0.8318009833962117,7.72632572393277,1.8468247382668395
2025-12-09,1.4008601531292284,3.3522998326615094,10.766841097646353,3.029323853380773,0.8326320974276402,7.672899546719704,1.851867194677636
2025-12-10,1.3979004208141648,3.351442444419799,10.718385703541076,3.0448491678183487,0.8311646767744457,7.67700863506691,1.8428615768468026
2025-12-11,1.4000960704637802,3.3568167883096267,10.660238757394437,3.0699272806277706,0.8385531501702306,7.61125278420241,1.8487930452536505
2025-12-12,1.3946187069408282,3.367704045626597,10.626319508300432,3.0571219612065255,0.8348108863764665,7.52083838890498,1.8383184922818068
2025-12-15,1.409288503710499,3.3948602038278906,10.79591457071967,3.1278775258201357,0.8391851720264866,7.640022022722423,1.8586642245123761
2025-12-16,1.4094093118117188,3.353626765190602,10.640856836362486,3.1224406374071587,0.8443798499631313,7.57015547777084,1.8389764824006003
2025-12-17,1.4150356964987991,3.3646705365710545,10.679620678426389,3.143575456329809,0.8508131601983544,7.61125278420241,1.8496229303603204
2025-12-18,1.4237396365087636,3.413354983394722,11.086648118402088,3.1649096701529547,0.8616078735504396,7.570756024485124,1.8589564845990032
2025-12-19,1.425850350594536,3.430574557514004,11.338617824020604,3.1912577471988883,0.8646446991320593,7.603636759962161,1.8679746657469996
2025-12-22,1.4206288016756,3.4140406272001997,11.193250458654,3.204002391715536,0.8647495618981036,7.550205765529461,1.8660768473427745
2025-12-23,1.4224285354595136,3.4148381671158154,11.24170703581006,3.217065395743379,0.8654830628302056,7.533765397790943,1.8627770540527169
2025-12-24,1.4220352870279862,3.411510835805531,11.139949288528046,3.207826254720656,0.8651980865474095,7.492664879879618,1.8591263230116812
2025-12-29,1.4208138588305785,3.377835407218541,11.018810803264865,3.214678937188833,0.8657532710963254,7.570756024485124,1.8580421986634306
2025-12-30,1.430789997273662,3.418051394705455,11.17386853762205,3.2584964029738623,0.8772115288622736,7.648847971960571,1.8706432062942233
2025-12-31,1.4274478302313374,3.4249999621183798,11.14479506454873,3.2476270102740186,0.8736210560062303,7.644737277873487,1.8692059075405663
