Date,Cluster 1,Cluster 2,Cluster 3,Cluster 4,Cluster 5,Cluster 6
2021-01-04,1.0,1.0,1.0,1.0,1.0,1.0
2021-01-05,1.0034710161188443,1.0029020897129612,0.9932971987997616,1.000096961116116,1.0230122041689227,1.0008908331068984
2021-01-06,1.0348890053827053,1.02793005427638,1.0237675369702586,1.0222244278885115,1.052882960504385,1.031827518208207
2021-01-07,1.0337365205282445,1.0258804630701206,1.0182707835511404,1.0167048991526413,1.0658797024573725,1.0359586398120413
2021-01-08,1.0327211241447114,1.0167873815306807,1.0219903811884963,1.0208109466719943,1.0615737613417042,1.0406611252352624
2021-01-11,1.0183247505864168,1.007803823723181,1.0119397289196463,1.0013698309212093,1.0536491520977127,1.0275003921656012
2021-01-12,1.0127005049877909,1.0033967474406784,1.00211561025292,0.9896810736190838,1.0542995979112502,1.0156098219270584
2021-01-13,1.008826425147395,1.0029619349704733,1.0104117613351504,0.9901799613665877,1.060162160978257,1.0134784512059845
2021-01-14,1.0162234912392047,1.006822882140518,1.0133815909638084,0.9939728776057563,1.0624562034886167,1.0273574788493314
2021-01-15,1.00262005501705,0.99701110062046,1.0147465286569295,0.9803417434202317,1.0504411013380373,1.01501425840221
2021-01-18,0.9997796617578246,0.9903877844120075,1.0084662928450365,0.9812644875271451,1.0494958893778141,1.0199101677913627
2021-01-19,0.9944227240706938,0.9822977929343275,1.008768597517313,0.9754597678054783,1.0518273797718327,1.0085444550577656
2021-01-20,1.006384076149548,0.993699481781768,1.0094823881548376,0.9863688001797453,1.0538546145553025,1.020042510464444
2021-01-21,1.0073963855361583,0.9835714571474029,1.0041592598549334,0.9846432957104856,1.0537881176714865,1.0188784115780076
2021-01-22,0.9974942938939046,0.9741789195408949,1.0101642053283792,0.9856398198401166,1.0497979962088528,1.0155995217945246
2021-01-25,0.9830027260122246,0.9584284707880394,1.0155929767107197,0.9793889755094223,1.039765633237001,1.0049378419124284
2021-01-26,0.9886458618097778,0.9556786762351493,1.0055852375785297,0.9796151862602701,1.0481465774763417,1.0088077071482782
2021-01-27,0.9793270214164762,0.9298937141510185,0.9954555356318614,0.9722506881943377,1.0386157256698247,0.9930509651326567
2021-01-28,0.9802409083894695,0.9389614141861972,0.9885645061172715,0.9760624239339102,1.032584915313263,0.9890255706469566
2021-01-29,0.9651648355049486,0.9281032861145121,0.97326764198377,0.9599419846165991,1.0137063012409495,0.9694467830862559
2021-02-01,0.9759209225148119,0.9505893855934685,0.9910241146107192,0.9789716387242478,1.0128634552526603,0.9862783546157176
2021-02-02,0.9916661007808263,0.9544194655088666,0.9997721676340934,0.9807327558634874,1.0131876425423125,0.9998191850247469
2021-02-03,0.9895704039139639,0.9567121689136049,0.9875847750752854,0.9818500467637097,1.0146552147007468,0.9983155874507901
2021-02-04,0.9941663778274545,0.9499765378278707,0.9861406926381759,0.9838467346959837,1.0154629025529347,1.0053779984640006
2021-02-05,1.0005527557883824,0.949713390528654,0.9819163943279192,0.9857373153512428,1.0139392757954393,1.0057984779135105
2021-02-08,1.0041739394706943,0.9507662508900626,0.9734923437121349,0.9881030013553759,1.0223344115141253,1.0075502942460426
2021-02-09,1.0029970669861596,0.9477964891195535,0.9790480594397172,0.9886524084896222,1.020689323340953,1.0091795473133167
2021-02-10,0.9978889363280103,0.9495746645857803,0.9801040633921261,0.9874626467311515,1.0182753488271177,1.0067697088604894
2021-02-11,1.000952946859787,0.9494066960185128,0.9837196205403704,0.994708101629438,1.0176094476603323,1.0114963443243552
2021-02-12,1.0066088155348432,0.952816363422476,0.9879276721768472,1.0000573054873696,1.0283743250494892,1.0182256950340258
2021-02-15,1.0236330204129827,0.9803775918685561,1.0116790241862608,1.0207797943787817,1.0582741777863736,1.0430548200560907
2021-02-16,1.0267042207860853,0.9791807723853246,0.9940744503354093,1.0145127870287802,1.0553164489357127,1.0419176270963206
2021-02-17,1.0160442790703377,0.9627934081286535,0.9959606721743343,1.0101483148840886,1.0544501030374023,1.0294783751068028
2021-02-18,1.0007227609086093,0.9548275227481454,0.98115914634222,1.001988918278699,1.0438554927626458,1.0173073753011677
2021-02-19,1.0073302579753691,0.9607348600752803,0.9763355498128622,1.001374316719,1.0432763486422085,1.0252192860791962
2021-02-22,1.0096938816839969,0.9604130810750844,0.9675773313581203,0.9840895441101292,1.0501140974303247,1.019427819229909
2021-02-23,1.0133131691949544,0.9636252824988959,0.9718761514622013,0.9844047291668422,1.0521229308495657,1.0194473678434077
2021-02-24,1.0214364547076167,0.9614796262246584,0.9706376378828502,0.9875379316815441,1.0690080569268878,1.027632275401117
2021-02-25,1.0169617840938736,0.9550412872867668,0.9628142416273779,0.9871017677366551,1.0614755235749391,1.0205140433542248
2021-02-26,0.9964048400008351,0.9272845394732784,0.9409907152074047,0.9597602317507008,1.0321755553579683,0.9932032236763032
2021-03-01,1.0127348388289785,0.9425371837167144,0.9561122234415386,0.9812486286604291,1.0438427906210739,1.0161797582224665
2021-03-02,1.0149547513793435,0.9432183091545393,0.9553943188599018,0.9831400000768873,1.043266620958459,1.018399779988763
2021-03-03,1.0243642268753843,0.9531597973579989,0.9517347040245938,0.9898901776262069,1.0547422893036544,1.0345296776371524
2021-03-04,1.0161967351738468,0.9505068725889184,0.9619649973670076,0.9801930943209819,1.0568065676495473,1.0197081329152973
2021-03-05,1.0072474964422562,0.9436999782837506,0.9616052195409451,0.972091150904497,1.058156038980687,1.0043290033684837
2021-03-08,1.024378890659541,0.9518538399567387,0.9654186988229739,0.9832441671300282,1.0650455088781856,1.0223029067451952
2021-03-09,1.0291002830294673,0.9658955834137201,0.9708113578048626,0.9948440915619369,1.0747087713675183,1.0268983999031498
2021-03-10,1.024812081912499,0.9677316566010775,0.9709369515880901,0.9966762269131973,1.0825501493086915,1.0295732480528637
2021-03-11,1.0270107491509783,0.9710670851294586,0.9737912193587602,1.0054427973319893,1.0833208596230492,1.0334444245765546
2021-03-12,1.0296937163049231,0.9719647959874792,0.9753797207376151,1.007861650023582,1.0861069917722947,1.0346608760091232
2021-03-15,1.0321676735910816,0.9722738669207261,0.9784770116541154,1.0133359178018813,1.076815735865393,1.0286388514035154
2021-03-16,1.04254037646594,0.9880351271344078,0.9935284216420679,1.0279907136980169,1.0867146335961624,1.0474206438873241
2021-03-17,1.035206053864097,0.9895936165507694,0.9745955074892548,1.017334399102392,1.0806768822566624,1.03500188100499
2021-03-18,1.0363751189697157,0.9928097798966773,0.9753095190133648,1.0202610674354033,1.0820715738475226,1.039797016428822
2021-03-19,1.0237629614789578,0.9849240577091868,0.9742222076778336,1.0112540713143177,1.0745867893202863,1.0300198190854246
2021-03-22,1.0198930782059847,0.9820707777208182,0.9775472913886122,1.0210029338996511,1.078761653864269,1.0301999932225323
2021-03-23,1.0136127010906089,0.9705593893778607,0.9863507783621089,1.017147040699678,1.066670134233276,1.0301758705316817
2021-03-24,1.0176773046515661,0.9712952921338572,0.987433780126009,1.0231288998681245,1.0688698580099483,1.0339612397031974
2021-03-25,1.0128840074497585,0.9624121300235752,0.9971093010101479,1.0122744003035131,1.063112080828956,1.035083634665635
2021-03-26,1.0223529842060888,0.9786783852640591,0.9965849772580812,1.0195667562858934,1.075978039060357,1.0407012690273736
2021-03-29,1.018013339286593,0.9743509621797397,1.006024712867364,1.0183977725495668,1.0703019950028483,1.0313490466497914
2021-03-30,1.0308281868171567,0.9810163754448368,0.9975581361041908,1.02192605787545,1.0737153648260265,1.0439241232764112
2021-03-31,1.0261392528233284,0.9809999808711475,0.999960584926348,1.014735012242893,1.0638783989774383,1.0328681881809714
2021-04-01,1.036814768680152,0.9946620608000095,1.002904063308383,1.0314783609644183,1.0620330462439302,1.0456301832619226
2021-04-06,1.0481790099871267,1.0033341471348236,1.0180865761626114,1.0425484277327124,1.0744865935347214,1.0583978002551984
2021-04-07,1.0587021393601177,1.0119652060588589,1.0232684039275368,1.0491828046399012,1.0831532355509044,1.0700806257958075
2021-04-08,1.0648871144951382,1.0249862620456585,1.0350509882930885,1.0603792858536993,1.086585131143923,1.0771680089492748
2021-04-09,1.0636785405310787,1.019499688771092,1.0352573412601593,1.062614880923238,1.083221656204858,1.0813196134908223
2021-04-12,1.0619698014269354,1.0132616981426041,1.0343691149103356,1.0546085396915859,1.089042478457302,1.0741968511402162
2021-04-13,1.0696491283039513,1.0182010660056657,1.0230804753223177,1.0590394356777006,1.089921851896254,1.0806884147059992
2021-04-14,1.0730337436579986,1.0105640473426645,1.0254210297824635,1.0656334148661413,1.104780818663279,1.0789062478824978
2021-04-15,1.075045465106725,1.0189812787943977,1.0428323643890445,1.0768826131416502,1.1109414521359717,1.082293878151943
2021-04-16,1.082511777584644,1.0248751079921405,1.0384643375125469,1.0835368295676844,1.1085500541196438,1.089478777734821
2021-04-19,1.0804273876827812,1.0214733284690254,1.0432857221490122,1.0832193443035283,1.1077932764379537,1.0852868184229572
2021-04-20,1.0547087209692187,0.9919703192081011,1.0318537195724695,1.0700664879464201,1.0876890914320507,1.0692831054165401
2021-04-21,1.056670429802478,0.9942614886279647,1.027129853209363,1.0717685256327143,1.099816297367973,1.0730503828441058
2021-04-22,1.0646825624009166,0.9994032172627247,1.0396376111468613,1.0827224927929264,1.1055925526565171,1.083861797205478
2021-04-23,1.0640832242543548,1.0012637002518876,1.0324261184698973,1.0831825988716008,1.0985451668452977,1.0849887009404704
2021-04-26,1.0777754623501214,1.0117570424366475,1.0249676020999277,1.0895629353626786,1.1075215899242088,1.0876443992680573
2021-04-27,1.0724900525771672,1.0049295710316468,1.0213400727645345,1.0867907601083682,1.0991138416012203,1.085958152842737
2021-04-28,1.0749711632231624,0.9985143436133653,1.021917875113441,1.084795982600735,1.1031067107527115,1.0859308351888886
2021-04-29,1.077089310976353,0.9903896857660722,1.0140128518079063,1.0802570080727378,1.101824538517662,1.0880212987457458
2021-04-30,1.0749096073288202,0.9933100900403226,1.0263201060106333,1.0740086444815242,1.1145656935620947,1.0891736219042734
2021-05-04,1.0606188980630444,0.9917738099495379,1.0204851680408462,1.0693536428609904,1.1054523223338808,1.0792679095836317
2021-05-05,1.073854104446771,1.0035893509916434,1.0228270570201283,1.0861349600436152,1.1211633797388987,1.0923431408662214
2021-05-06,1.0777682690180532,1.0155473900106726,1.0349158862565133,1.0845352478103665,1.1127738688039641,1.100167253732085
2021-05-07,1.0902133428072935,1.026910633647476,1.043079373380979,1.0941430576028595,1.1238780735287273,1.1064677830049274
2021-05-10,1.0867825937890971,1.0252181717886264,1.0346248460358753,1.0900010028406213,1.1236929042438057,1.1046164243333894
2021-05-11,1.0553981671212396,0.9994211600318064,1.0091458411548675,1.0616874584858242,1.0935845243411586,1.072828101190907
2021-05-12,1.0574283695011366,1.0065028685470654,1.0154839424046633,1.0604795948321892,1.1068308448365873,1.0754215094222745
2021-05-13,1.0562671652088529,0.9980770799036202,1.0239252608868183,1.0500702129757855,1.1061154869564043,1.0697908786459265
2021-05-14,1.0712216726602721,1.0125712220194492,1.044756910220758,1.0675130153541703,1.1202572187029178,1.0847537771085238
2021-05-17,1.0630005159041565,1.0180916462967342,1.0346148179972305,1.0633907654825405,1.1223393452081551,1.0805244082351508
2021-05-18,1.0673024345426074,1.0194326762809436,1.0361334619590552,1.0687016334690531,1.1231408428822864,1.0790782004304422
2021-05-19,1.0580767408630665,1.0127265151790608,1.0299057936048162,1.058522158956472,1.1097407484466413,1.065023665800836
2021-05-20,1.0672135426980576,1.0224507304828399,1.0431001081425162,1.0722665768473918,1.1182313404331243,1.081043169256332
2021-05-21,1.0696130562058273,1.0228266618421122,1.040188110546433,1.063709481042894,1.1208730611936397,1.0787209848167048
2021-05-24,1.076699586040538,1.026342563151376,1.043220655544433,1.0704124958047059,1.1261465691742079,1.0854905163657533
2021-05-25,1.0784759938719481,1.0188708279660912,1.0443873180548733,1.066326060553203,1.1210219372339458,1.0826235936583133
2021-05-26,1.0834655305010625,1.0259916632768518,1.0513070732354362,1.0612654265446237,1.1211639015162274,1.0880475254456188
2021-05-27,1.0867954096764414,1.0365127999793595,1.0386416831199925,1.0524415021972822,1.1178202492043252,1.0886077187838972
2021-05-28,1.0847788705314756,1.035449282219756,1.0380547323177038,1.0576573077542841,1.1199741989705856,1.094899218936227
2021-06-01,1.0910156588183662,1.0504805544559694,1.0525603977771578,1.0661139987902932,1.1360183644780553,1.1038240015662844
2021-06-02,1.0936620349592383,1.0481130587625673,1.051097397978096,1.0717147043247743,1.142824804318754,1.1072167003580544
2021-06-03,1.086238908939475,1.0390530230959476,1.0403294086065493,1.0624495917812964,1.1424321045696146,1.099991465354207
2021-06-04,1.0850136005564102,1.0414111191729303,1.0415586842351168,1.0657735466566782,1.141613639667367,1.1004588571222762
2021-06-07,1.0902368269690648,1.0474696198650502,1.0466638757485993,1.0639020755424886,1.1443354274975144,1.1058707495083266
2021-06-08,1.0924103167495836,1.0459254097369184,1.0519946493410943,1.066743017264306,1.1520886299154858,1.1117549418287005
2021-06-09,1.0889936778169254,1.0429193738211675,1.0512617232817807,1.0598103433527108,1.1499254364296205,1.099664624537415
2021-06-10,1.0847956207987053,1.0494739394404464,1.0527461112474616,1.0546989412125891,1.1437275149571389,1.097651939419161
2021-06-11,1.0912603744051281,1.058776472261785,1.0610578077013495,1.0631487376536501,1.1506359229287562,1.1067106459291436
2021-06-14,1.0879633448957604,1.0259608656999124,1.0628815146144124,1.0669039788998609,1.166306628411404,1.1110141632086175
2021-06-15,1.0887224124004946,1.0296217257174258,1.0664799126699671,1.0641409744725385,1.1664953801418623,1.1126688183669566
2021-06-16,1.0929111716037108,1.0322082252455769,1.0717327312439722,1.0666868264951341,1.170513831238551,1.1140780754995698
2021-06-17,1.0934576463049164,1.0296989256124431,1.0721324332381752,1.0636394880806954,1.1612023532933207,1.1069678146399438
2021-06-18,1.07519791137623,1.006190091305444,1.0549109161293058,1.040158749811612,1.1468235080512756,1.0866599417179923
2021-06-21,1.0840009481371318,1.0156491870616584,1.0566506200481973,1.0524277815051761,1.1646019357930442,1.0951071694768926
2021-06-22,1.0877104358306993,1.0216651249701911,1.0579116530219965,1.066055682523872,1.1774445589906268,1.0994119172666816
2021-06-23,1.0819288220196817,1.0182762872273512,1.0529661285873677,1.0651209539375832,1.1772276675683713,1.0956624079066581
2021-06-24,1.0831133083624378,1.0085465865793226,1.0495017119229422,1.0700556590947155,1.1811946248518732,1.0982725071070536
2021-06-25,1.0854687328507737,1.0100126192786016,1.04744477144819,1.075030722487987,1.189036594480365,1.1028627797695003
2021-06-28,1.07620391256496,1.001190912914342,1.0454877967626413,1.0593745574829483,1.175168390280776,1.0919672386432289
2021-06-29,1.0758190248059731,0.9983977004510992,1.0447621037420438,1.061972088984331,1.1766354403770687,1.0940168081781974
2021-06-30,1.0687085089941146,0.9904868673053536,1.0377245649416191,1.0555062433402123,1.1678321882711689,1.0850010369063694
2021-07-01,1.0846444468628043,1.0054907624918976,1.049429909777933,1.0645904080298458,1.1839796681614971,1.0990385414576778
2021-07-02,1.0861320615294099,1.0092638193984005,1.0533178486567583,1.0674208180910034,1.181699742132348,1.1036081905061483
2021-07-05,1.0951402188772739,1.0178951447068183,1.0573150325528256,1.0752925802820443,1.1927412005137759,1.1144543798026745
2021-07-06,1.0885050378424597,1.0076998152551118,1.0633549173923684,1.0701709763779095,1.1798226861874477,1.1060830428218427
2021-07-07,1.0929168100137323,1.0141781589640688,1.0743371318077246,1.0845775485613933,1.186160735083817,1.1143073785038096
2021-07-08,1.076478321422721,0.9924965541029921,1.0590348654617279,1.0601836004405663,1.171030585170517,1.093501992841642
2021-07-09,1.0907184957269558,1.006440717815604,1.067912454593509,1.0764882688928756,1.1826776274818755,1.1156098638359897
2021-07-12,1.0899583188110114,1.0043281660455579,1.0685870496526741,1.0782690951258518,1.1901815976688965,1.118325446386155
2021-07-13,1.0901382044591097,1.0049622706644303,1.0711628108316622,1.0799787865930321,1.1957515746422183,1.1199276500619189
2021-07-14,1.0854160077879889,1.0010766949979855,1.059648520450099,1.0733507786380316,1.1893584912926964,1.1141446949658977
2021-07-15,1.0732166756928392,0.99283358989778,1.0463068878557051,1.0641418279181274,1.1698184243423886,1.1029109541375146
2021-07-16,1.0727380577323318,0.990349305127971,1.0613101313437385,1.0647846292010348,1.1655944404712593,1.1016713230886053
2021-07-19,1.0434844550146047,0.9596688402637321,1.046301927316522,1.0447546803205872,1.1363793523101389,1.074612086338704
2021-07-20,1.0507400865763543,0.9649166061350952,1.0445670496763393,1.0518710595403862,1.142365622206549,1.085022700748537
2021-07-21,1.075482240350079,0.9832327580941671,1.056377354445952,1.0726772181808637,1.1684299416556878,1.1093647672616715
2021-07-22,1.0763729524521541,0.990250362494843,1.0567250290265113,1.0791400530472595,1.17300092826478,1.1117052339457385
2021-07-23,1.0887574315448367,0.9967691805762945,1.0676148314740521,1.0867722901862182,1.1795724054324832,1.1209565888986355
2021-07-26,1.0899766594478684,1.0035921580143021,1.0665531963260957,1.084464536444336,1.1864123199572283,1.1182787176643096
2021-07-27,1.084491417873025,1.0007904573845126,1.067559459627548,1.0722035629696218,1.1805650004117871,1.1161960761219893
2021-07-28,1.0885627136566849,1.008264960973442,1.0709105400529342,1.0780875091770643,1.18362449693235,1.125402460504608
2021-07-29,1.094024719021666,1.007052902369087,1.069828689790265,1.0917715862314024,1.1959112660548004,1.128719282408945
2021-07-30,1.0802040045437193,1.010703252871894,1.0674101209650653,1.0782183535089371,1.1847552581541323,1.124726663725764
2021-08-02,1.0855330612503764,1.0237420488506688,1.0761712035562396,1.0910413371407381,1.1904417197782426,1.1357634690866079
2021-08-03,1.0848273843003133,1.0270961771930818,1.0740888902185743,1.0921642262549687,1.2096098525337382,1.1318123313865374
2021-08-04,1.0892641260962868,1.0294138304292277,1.0820084852492522,1.1017794387873179,1.2058572592439316,1.1460259804719837
2021-08-05,1.095972110844313,1.0274481952081251,1.089197561737208,1.1030468148174803,1.2145408888219478,1.153650270240949
2021-08-06,1.1002635767291504,1.0241078812629236,1.0868930360489804,1.096480500996306,1.2108600479644838,1.15052028389466
2021-08-09,1.0972292248763893,1.0216717739251682,1.1002645438335075,1.0981505945994883,1.2109581528309727,1.1481296336948172
2021-08-10,1.1031964184555902,1.0254566252111064,1.1024606761959093,1.0979282692962333,1.2156888157958836,1.154611571254861
2021-08-11,1.1105628244058754,1.0366597359882594,1.1069326749899269,1.105490532888569,1.2352687374123215,1.1661177845230715
2021-08-12,1.1101546256813604,1.0310432701330345,1.1042091869846535,1.1032517316050596,1.2337780196966024,1.1586916089123622
2021-08-13,1.1120771151456024,1.03424261096721,1.1135216107356876,1.1043683910904811,1.2345708926007164,1.1667112294253774
2021-08-16,1.1056648152098585,1.0291084807210849,1.1132063006127746,1.0926770145500435,1.22288831201906,1.155962527374138
2021-08-17,1.10322666624524,1.0284723619794407,1.1155210274086305,1.090299495847158,1.231968744838548,1.1526921908959178
2021-08-18,1.1037565739474817,1.0263663755757186,1.114409577490745,1.0865468966586007,1.2323867564598359,1.1552073597711427
2021-08-19,1.0903358475827956,1.0107273796472669,1.112379078255215,1.062436474761062,1.2092915106105384,1.1413501039167935
2021-08-20,1.0984904638212674,1.0162456129515423,1.1189443505817145,1.0674326439151711,1.2187342123354938,1.1495948021130282
2021-08-23,1.10226213297255,1.0163476485540799,1.1093472968216496,1.0690260371493947,1.2506006798492861,1.1511921101418983
2021-08-24,1.1105185843329382,1.017319414672811,1.1148656995265185,1.0702501341304156,1.2392653204506454,1.1583244621952689
2021-08-25,1.1148686398671428,1.022309847549765,1.107038257025876,1.0732148197606084,1.241457902607777,1.163329410520145
2021-08-26,1.1128634966948199,1.0173100142591878,1.0987421368087071,1.0699570888389576,1.2405597980382095,1.156522738547628
2021-08-27,1.114080562269883,1.0217419258389289,1.098261898964313,1.076970395725323,1.2420486240494084,1.1609191574158955
2021-08-31,1.113934751578602,1.0134495070820386,1.0997380606039124,1.077107328593826,1.227999964399784,1.1623998928070054
2021-09-01,1.1200117704765553,1.0216127646696036,1.1099284675868302,1.0889223109538089,1.235653239068355,1.1744478769705815
2021-09-02,1.1197087341514862,1.0095740964071138,1.1104177242418358,1.0867993808911243,1.2394613291073,1.1759213702632612
2021-09-03,1.1136924139897415,1.0164342754045956,1.107483424851124,1.085261368734693,1.229182577753768,1.1743734710888096
2021-09-06,1.1178884372442541,1.0263335124823116,1.1068952764911382,1.0945237211133543,1.2391949743148345,1.1803213006641355
2021-09-07,1.1129211287157144,1.019559132713598,1.104230714250404,1.0901280632738897,1.227688777495808,1.1727816646425508
2021-09-08,1.1037137362813711,1.0142855217152615,1.1079071234062927,1.0777681436672752,1.2199567227493475,1.1566678787962008
2021-09-09,1.099197662900926,1.0069290863207645,1.1006929914893482,1.0735996605860942,1.2131529189284316,1.1529031575033568
2021-09-10,1.0990670732308054,1.0082565426081043,1.0947084990589404,1.0781303716694715,1.2161195139453242,1.1522079877474936
2021-09-13,1.1033743611210145,1.0085991322761323,1.1065964252431006,1.0785578925521813,1.2180988648552045,1.1557482122606517
2021-09-14,1.0978435617448756,1.0027114575078764,1.1120020639952335,1.0772617210288968,1.2140550672326071,1.1568613803160863
2021-09-15,1.0884228486678165,1.000981890581836,1.0988312376197873,1.0675378751739986,1.2157027038800796,1.147640083891
2021-09-16,1.0991278324849503,1.0016127095681937,1.1117404609402175,1.0724486893647385,1.2178120653694529,1.1564749746157053
2021-09-17,1.097226444824904,0.9978568458467869,1.0973579464880747,1.061891665604839,1.2098789764629438,1.1438239288316467
2021-09-20,1.0862578050018186,0.9846089888409214,1.096007058539899,1.0526066123221942,1.201747871665818,1.1180668341859648
2021-09-21,1.0951642993264386,0.9985859611010467,1.1079735930522645,1.054980582174497,1.224829397152067,1.1429541119247129
2021-09-22,1.1142267222909745,1.0093457247670166,1.1024897647127847,1.0626012833438205,1.2414885752711402,1.1603042500393916
2021-09-23,1.1158585621670343,1.0077760523879875,1.0939019649676134,1.0626540239861713,1.2431317926267837,1.1558256471552746
2021-09-24,1.110391680240253,1.0002719142848784,1.0812470096945475,1.049990430092362,1.240073360151334,1.1385380171732529
2021-09-27,1.112720737869104,1.0028256464237655,1.077287555524653,1.0500040618468598,1.2354791942523398,1.131589165559633
2021-09-28,1.097015057475171,0.9913304891006871,1.0613303026461771,1.032685808872211,1.2211505278915655,1.1132069021733109
2021-09-29,1.1079893346369865,0.9946202060715121,1.066337176432992,1.0395052478435671,1.2266081769163286,1.1186608898368535
2021-09-30,1.0998035146815355,0.9903190810614806,1.0536769768534213,1.0346014538646053,1.2268559443975353,1.1146439547652678
2021-10-01,1.0979351367809391,0.9819982544905327,1.0599902505446448,1.0269117000058559,1.2202388452244983,1.1064299275747942
2021-10-04,1.0911049152268293,0.9728281397150265,1.0587255736501038,1.0163314693577084,1.2271949771271355,1.09727107896366
2021-10-05,1.1023033092979293,0.9753815661734059,1.0655962416063598,1.0226642398420038,1.2393265114322005,1.1060647010654203
2021-10-06,1.0887948874420104,0.9592702069314516,1.0510142545892238,1.006113384649021,1.2181632038818797,1.089037562214128
2021-10-07,1.100608101269131,0.9641735357325986,1.0520129809310432,1.0189851096353415,1.230413088098874,1.1017262737614875
2021-10-08,1.102937076002411,0.9655544606355791,1.0508921298950953,1.0195563207054135,1.2362310920277957,1.097086465673832
2021-10-11,1.1070922810754322,0.9712825504205028,1.050715479858052,1.0232805911368612,1.236679513164622,1.0966958164620562
2021-10-12,1.106255886138436,0.9681967672062918,1.0549547009475486,1.023912937939638,1.2346526264837188,1.0950347142895804
2021-10-13,1.1062064249361496,0.9757899261902513,1.0638538108420377,1.0345033256006766,1.2354877557431336,1.1095102079938362
2021-10-14,1.1203950252892272,0.9872849072971984,1.0690805953171012,1.0432282065298342,1.2450224407588397,1.1203545912997024
2021-10-15,1.1202869101820714,0.9952030865542204,1.061019528048732,1.0463068729135376,1.2565623318584707,1.124330180124004
2021-10-18,1.110916588615786,0.9930314065926483,1.0613163108517,1.037969917370531,1.250179150653988,1.120191344360733
2021-10-19,1.1146773442865943,0.9883392894821604,1.0629729775574266,1.042599510662067,1.256200197822705,1.1267449256495614
2021-10-20,1.1156548767140853,0.9925194697572647,1.0659067006112022,1.0437971987269117,1.2561606985774976,1.1215950166469106
2021-10-21,1.110781841691404,0.9874300750383251,1.063593270396953,1.044208346925259,1.254812583756634,1.11757196954716
2021-10-22,1.104793590520816,0.9880294595149096,1.0671901764829217,1.048587000069293,1.257216491349504,1.1251413949534446
2021-10-25,1.1085789474491503,0.9881402530932332,1.0674627758217614,1.048706665512247,1.2645314131354346,1.127334984797844
2021-10-26,1.1151243340361,0.9963072681218869,1.0847179553104158,1.0602044237375639,1.2762035749000948,1.1380421667287393
2021-10-27,1.1108612282121424,0.989115748304857,1.0972214941099814,1.056925952398684,1.2715855632194641,1.1411361940023328
2021-10-28,1.111197090681396,0.9976902608273095,1.1136986858268176,1.0552953403345604,1.2595335314980567,1.139672534798467
2021-10-29,1.1110475037579446,0.9933325607966258,1.1037028495347574,1.0585771845087264,1.2524260570623844,1.1341913870383107
2021-11-01,1.1218677481920856,1.0031859256925326,1.117385304515543,1.0633292368613048,1.2576361240711917,1.1376249676254684
2021-11-02,1.118424714201341,0.9945039910962478,1.1222258106106155,1.063681313994705,1.2566216063467912,1.1375910337317492
2021-11-03,1.117610931426407,0.996600865996213,1.1203964605693926,1.0655086610918045,1.240581607797539,1.1368551717522604
2021-11-04,1.1254787756801101,1.0101864194815022,1.1338662390909826,1.0822697182384224,1.2536639584243703,1.1506223312196502
2021-11-05,1.140900435616545,1.031415998243368,1.1310944032051442,1.0799043873760659,1.2595667009565246,1.1510224367969817
2021-11-08,1.136450105072821,1.0347289529561225,1.1230211514611845,1.076222739146423,1.2608000694190744,1.1516513067360257
2021-11-09,1.131021472160572,1.0409402066480893,1.1113773260520379,1.0712436112483776,1.2546150046410212,1.1441843541350396
2021-11-10,1.14699137837118,1.0584178534955209,1.1328425363091434,1.0798710634298285,1.265431797768061,1.153581897959664
2021-11-11,1.1583957664043256,1.0670136646192352,1.1319912877905483,1.08099367984719,1.268353861684266,1.167055696754423
2021-11-12,1.157207650787803,1.0748579129857154,1.1315180903346143,1.0880683589382139,1.2540868263049656,1.1724226452077595
2021-11-15,1.1579011340033205,1.0756672069906024,1.1291600651950915,1.084965651682709,1.2624482130958938,1.1660038720371353
2021-11-16,1.1539814781561413,1.0747174375390947,1.1165516605050032,1.0891044898318984,1.2576964732913563,1.1706978169684126
2021-11-17,1.1498295466092021,1.0753093716780253,1.1054549135607326,1.0811768971670523,1.2461006592885937,1.1580144916918464
2021-11-18,1.1540840946662052,1.0661402482420024,1.106156617863492,1.0816313959203385,1.2393824372970506,1.1663690194519656
2021-11-19,1.1478328756326583,1.0538746126942606,1.1035272193606154,1.0837019133550074,1.2280408630600568,1.1652989014520585
2021-11-22,1.152543785659408,1.0577629220717797,1.1014943786552989,1.0821568388463207,1.2325023696118778,1.1663908757318473
2021-11-23,1.147090832163658,1.049109389006378,1.1075040715905782,1.074917979146452,1.2304245989114888,1.1540208080170724
2021-11-24,1.14512761760462,1.047896475407284,1.1158341203582374,1.0820581839425127,1.2385876234658433,1.1589128532556376
2021-11-25,1.1512701500372606,1.044764723798902,1.127755430141636,1.0849714683278635,1.244727839738806,1.1645256816190794
2021-11-26,1.1017558991375473,1.0074584344833186,1.1059844845675797,1.0569142264618796,1.1959617276308183,1.1273063646295043
2021-11-29,1.112144756969383,1.0288202163798748,1.1082554491596956,1.0643254743644521,1.2086810047870522,1.1394946790525733
2021-11-30,1.101472592479814,1.0206300751868853,1.102418284427825,1.0519818167532682,1.1816786477728256,1.1253520255236757
2021-12-01,1.120093204479976,1.0391909463493911,1.1116271818418098,1.068614967022784,1.2072544691900557,1.143657878409542
2021-12-02,1.1118150436011491,1.0263711231594743,1.102560769072086,1.0618026168164312,1.2039852249278835,1.1291695673413644
2021-12-03,1.113035705682809,1.0219992247113199,1.1106166640896227,1.060155007670055,1.2074695000217814,1.128292750393638
2021-12-06,1.1305703433040515,1.0391518297365254,1.1284987291791009,1.0753742048983794,1.22299318892999,1.1411551499173807
2021-12-07,1.1487553880953634,1.0588289715851593,1.1330972256425207,1.0939432647267966,1.2354573626426288,1.158730841824683
2021-12-08,1.1433671779408228,1.0528978063864838,1.1410741036324137,1.0919603490454257,1.2359427058140369,1.1605539138869525
2021-12-09,1.1396777181644933,1.0520238653390679,1.14631961507574,1.0932038065458352,1.225560595676668,1.1574242370000074
2021-12-10,1.1338237866747223,1.052940407534608,1.1448117237449207,1.08065619526717,1.2133097887965592,1.1496129036411413
2021-12-13,1.1214106424400812,1.0435206743454788,1.1394940494315522,1.072946779514515,1.2000909947686094,1.141254788586782
2021-12-14,1.1169974130147784,1.034345431690304,1.131911158087295,1.056221174171952,1.198289009163163,1.1326485279802592
2021-12-15,1.1081258238256788,1.025320536470394,1.133567273174459,1.0534987738510977,1.188736230163649,1.1312552419401378
2021-12-16,1.122169572803299,1.0402239628651584,1.1223947931333134,1.0568452785837343,1.2076805977330085,1.1325651977070923
2021-12-17,1.121609555272609,1.0458043723059423,1.1364906503771712,1.068049696224102,1.2013003878019028,1.1315092596172622
2021-12-20,1.1090207167966177,1.0348991549098188,1.1358583471169388,1.0619925026984356,1.1890394277402023,1.118185768408075
2021-12-21,1.1262314167981178,1.04785457261366,1.1470626844340341,1.0737100542480713,1.2054147807979272,1.1364584390462809
2021-12-22,1.1375509485079467,1.0630697764342767,1.1514395336535594,1.0799100269232378,1.2190168336536276,1.1459781621130931
2021-12-23,1.145776309023449,1.0662899322018908,1.1534469879981328,1.0839634335602482,1.2237738200716024,1.152635235404202
2021-12-24,1.146866206327858,1.0645462489955084,1.1537748528069636,1.0850809682122977,1.2225636844128094,1.15451693390672
2021-12-29,1.1600440637361444,1.073376216884031,1.1626114590135008,1.0953507076689561,1.232793620655934,1.167787420845376
2021-12-30,1.1598836720616534,1.0750054239159361,1.1574868330639199,1.0952277200209135,1.2261885764144798,1.1678725063453919
2021-12-31,1.157447993628272,1.077336054498754,1.1487514632972646,1.0891925858785683,1.2221309288358821,1.1677973070964538
2022-01-04,1.1815996672809235,1.0976408042986245,1.1602648541613332,1.1001119718026795,1.2435747702714044,1.174500489404649
2022-01-05,1.1848087421000504,1.1001131494988827,1.1550451391195922,1.0973513209352854,1.247982617800957,1.1724456163957888
2022-01-06,1.1741777479033606,1.0827010081144286,1.1477770395769482,1.0857032043901256,1.2354107977523427,1.1519102747526597
2022-01-07,1.1782744603836968,1.087464039622625,1.1481181664338858,1.0827293754946048,1.2367005371632227,1.152048566648788
2022-01-10,1.1701743530182962,1.0742585888304799,1.1439242636616653,1.0641147140757914,1.2274405082628197,1.1323130844954565
2022-01-11,1.1729745018673368,1.0839080106721737,1.1441373678879498,1.066699023397443,1.2388454987323425,1.1370387687672068
2022-01-12,1.1767330252799262,1.0911921329984775,1.1395878047761727,1.0740408825365433,1.258288174295167,1.133287323641976
2022-01-13,1.173555973871468,1.092230135823711,1.1413273579672014,1.0649650270601632,1.2530106184527872,1.1246733410413512
2022-01-14,1.1652387810338443,1.0863769151313167,1.146184605132511,1.0533707857889907,1.246773241979285,1.1110724927952083
2022-01-17,1.1751710206884438,1.0956984922442818,1.1580933161805114,1.0680630829398814,1.265642121173787,1.1202140030375667
2022-01-18,1.1640693809792142,1.0942219149129262,1.1558206042571448,1.0637961056541256,1.2640996723949558,1.1098384777391073
2022-01-19,1.165256694491652,1.1017943550783027,1.1511928712770667,1.0738158634194204,1.2629201448181797,1.1159468123559364
2022-01-20,1.164265058418053,1.1008437238428808,1.153682033162437,1.0819371644334852,1.2588592491081805,1.1217348676453067
2022-01-21,1.1442537712074445,1.0901420141402862,1.14580722179033,1.0686151287288608,1.234694127844468,1.1011396397048476
2022-01-24,1.1052225029061284,1.0631512037270443,1.128437144420458,1.0340183459550985,1.1971050813774249,1.0605178798384731
2022-01-25,1.119985304958884,1.0724063953996081,1.1286124570079952,1.0342950416743777,1.2249454991714679,1.0641221463992039
2022-01-26,1.1341653202806476,1.0719950195801695,1.134115389091089,1.0451878518280788,1.2511148405132861,1.0753650737171834
2022-01-27,1.1377094564072388,1.0713655004862257,1.1514639181578663,1.0487130088925822,1.2586614227997492,1.080532917722423
2022-01-28,1.1248181905555499,1.0584374780498436,1.1463966527629028,1.0406061118715584,1.2533409403254798,1.0731401202978328
2022-01-31,1.1349657774005237,1.0694288206349083,1.141992921808851,1.0460980196066565,1.2452476228057614,1.0850679096095386
2022-02-01,1.1465184539644868,1.084036686007318,1.1535521723523694,1.0520532070241413,1.2529751200254304,1.0907473766372233
2022-02-02,1.1540575979544798,1.093029815512205,1.1591449936044602,1.0581756132463165,1.2572665027167782,1.1040598314864896
2022-02-03,1.1436128991006056,1.0733265797491975,1.1426615721118667,1.0450575701080238,1.249052543795734,1.0917522560057114
2022-02-04,1.1304616321134224,1.0707112071302933,1.1255854371319025,1.0339917778691163,1.2478047649611825,1.0781124046820871
2022-02-07,1.1371361113246172,1.075312479558338,1.1247663885825225,1.0387741518500206,1.2519321182491419,1.0808213851304795
2022-02-08,1.1400236998688222,1.0689593836414193,1.1324534718854853,1.038645769802847,1.2326882738141225,1.0817756710667956
2022-02-09,1.1574045023156212,1.0757472477544119,1.1413074697390846,1.0539801907361364,1.2546290808516454,1.0991768062348057
2022-02-10,1.1608189063421166,1.0797520964978407,1.1507242608785253,1.0618233654786065,1.2567428370204,1.0984321167894984
2022-02-11,1.1551712144870458,1.0807215396236869,1.150321131075142,1.054516641382104,1.2549812698752876,1.0822876899514597
2022-02-14,1.1331153794417497,1.0703697757324102,1.1287906015685387,1.0465285988401072,1.2293602565292363,1.0623106572804233
2022-02-15,1.14859007747524,1.0884616099822189,1.1380823993076112,1.0473964122744788,1.2410779373884733,1.074900821712303
2022-02-16,1.1422586250003106,1.0910280229010836,1.1389687235028918,1.0480093907126333,1.2453599508938848,1.0736947155239005
2022-02-17,1.1264955390329259,1.085861735131503,1.1370494343253412,1.0446246464348279,1.2306900486820431,1.0618701740240681
2022-02-18,1.119764379199402,1.0886399215730713,1.1401201112044272,1.0434123039292182,1.2170151996292602,1.0588217170367815
2022-02-21,1.1072193012720315,1.0812759206932119,1.1302384295691705,1.0363416266462895,1.2158669999855383,1.049164661812937
2022-02-22,1.113596250187962,1.0853610025553109,1.1200973355728847,1.033829196599789,1.2125905824322558,1.0525017550997908
2022-02-23,1.1112150178581037,1.085208086919015,1.128613705724213,1.02436979530805,1.2082950030119226,1.0492963746224013
2022-02-24,1.064210831920537,1.0487375276916804,1.0891431452236995,0.999507760327069,1.181420718663561,1.0047036470663218
2022-02-25,1.1059605147860192,1.084582649507945,1.1340556928848686,1.029328604296625,1.227752957796909,1.0437686315577592
2022-02-28,1.1047919839965525,1.0822134603592175,1.1491942786771296,1.0421393513425843,1.228245721358929,1.0453790552130735
2022-03-01,1.073572504824293,1.0640560013560474,1.1343287637037118,1.0300865369977017,1.2000000774262491,1.0089766949122905
2022-03-02,1.0879408983466121,1.0795939216610262,1.1323971853320594,1.030857998784043,1.224173996931287,1.0236756879609035
2022-03-03,1.055941889724653,1.0554311602189623,1.1105294548716131,1.002590631826385,1.1574722728165965,0.9975794113631691
2022-03-04,1.0124605407704819,1.0194875404236805,1.1013890981181838,0.9617031815105691,1.1146497534132667,0.9641328792029702
2022-03-07,0.9980372895311778,1.0106234590983116,1.098028537978356,0.951367021938175,1.1324995832838984,0.9494469885955451
2022-03-08,0.9990353819807472,1.0174745565799859,1.0960469902124312,0.9432882128479808,1.1499264919866659,0.9404318735924916
2022-03-09,1.0453107457141164,1.0523204885364483,1.1345789837341893,0.9787080653470575,1.1681477118134258,0.988487932835685
2022-03-10,1.0370777316480932,1.0586542710859035,1.1263205249475872,0.9652949814665491,1.1546390544635805,0.9679123956884174
2022-03-11,1.0523610635626275,1.0654054042107182,1.1180095481686443,0.9748418237896364,1.1646083627356008,0.9784924629427753
2022-03-14,1.0692700869178169,1.069279319287954,1.1255962046128138,0.9815590504656592,1.1758314460849744,0.996915180977255
2022-03-15,1.0667438162041911,1.060172182608281,1.1448969340205026,0.9741132640240473,1.1740880194744452,0.9862236400976526
2022-03-16,1.094735389813885,1.073082561941527,1.1340289372221928,1.0028780578227943,1.1894661026249564,1.0236802255100552
2022-03-17,1.0994366497237593,1.084160231735687,1.1539917111752511,1.0099707872983419,1.2066874894486481,1.0365963771814737
2022-03-18,1.1045426238458522,1.087166015338773,1.1556807222401417,1.0194835161908005,1.205988843221618,1.0457977986580793
2022-03-21,1.1033521670432478,1.099377631520844,1.152653823446959,1.0223172496292585,1.217115246804538,1.036782501346384
2022-03-22,1.1092758233808482,1.0996347447559411,1.1551303886928432,1.022118477875757,1.21129602868409,1.0444751396421106
2022-03-23,1.10125695720299,1.098421484436227,1.1307749144035855,1.0042357418365648,1.2243981062166398,1.0293757876836163
2022-03-24,1.0982352074791992,1.1068654455804408,1.145454912676631,1.004540219978123,1.2242187628430492,1.0236354199773812
2022-03-25,1.1032606435636478,1.0906295134175361,1.1484639923348354,1.0082101367167393,1.2249277074994656,1.0246589070718328
2022-03-28,1.102285649229084,1.087740011493172,1.1608040755325248,1.0117405634887526,1.2159481594165065,1.0317954822851882
2022-03-29,1.1219271820181111,1.093915598410644,1.1741061563395325,1.0335659931470131,1.2228729734534893,1.0598852175086586
2022-03-30,1.107384858847391,1.0936940687178363,1.1918081477485207,1.029765443709309,1.2358861335361624,1.051777715375131
2022-03-31,1.0961649167998584,1.08213876229306,1.1940295761846849,1.0172001124931187,1.2246740598697285,1.041319298337106
2022-04-01,1.0950947613542301,1.089357250480261,1.1916547737332859,1.0214770734973433,1.228255964320019,1.043309616263327
2022-04-04,1.099804546751026,1.0981580382566858,1.1963449438519638,1.0237997570031412,1.2307395639505787,1.0489658019127996
2022-04-05,1.099850148895483,1.0927874543715785,1.2298899887374597,1.0280980653618914,1.2325920897985252,1.0563292497659253
2022-04-06,1.0878357579975844,1.0913164902863774,1.2329850751083897,1.0180936508421894,1.2201620519093817,1.047514052828235
2022-04-07,1.0840475964431546,1.0922833290237999,1.2292637699985955,1.0102665249504639,1.2160968120834086,1.0360291825081236
2022-04-08,1.0929352033286521,1.1078720496235661,1.2373809734606043,1.020164464720415,1.242464968286917,1.040858194554638
2022-04-11,1.0906656348193648,1.101866074825008,1.2251431593570044,1.012627065477718,1.234635267090815,1.033093416093339
2022-04-12,1.0850121240540538,1.1114686750506295,1.2173840192443492,1.010634185577427,1.2323523264856777,1.026471537474568
2022-04-13,1.084830417788879,1.1105283679478837,1.216985760179672,1.0146131838048396,1.2303226712937823,1.0198259278908486
2022-04-14,1.0918046318704302,1.1097541545271457,1.2204309275426197,1.0200149958615337,1.2351525779745067,1.0291317852261683
2022-04-19,1.0902044066335228,1.1089823773322307,1.2080222783490928,1.0112509058044616,1.2334903020877204,1.021201636347542
2022-04-20,1.1008930335254399,1.1087100323242776,1.218910760333637,1.0125713356278927,1.2371186488009276,1.027084711679997
2022-04-21,1.109062922475147,1.1008755627656197,1.2140691441445766,1.0128569845117925,1.2469831852303614,1.032001561852211
2022-04-22,1.0920287657007848,1.0871153142401087,1.2123378829903986,0.9969841945178516,1.2258144081657112,1.0162811478189109
2022-04-25,1.0784899866061708,1.068714538962625,1.2113608748844118,0.9814150315584885,1.1933769766605884,1.000936690903285
2022-04-26,1.0676225394856091,1.0618135609266381,1.2255729903228945,0.9772509246259762,1.2003515233812272,0.9940739163096572
2022-04-27,1.0687995951836298,1.068749273568791,1.2365997893979246,0.9819714355727173,1.2017653308792229,0.9897425188519685
2022-04-28,1.0816019758514441,1.0795172428791868,1.2502457375132734,0.9896113293657279,1.211753156103994,0.9968118427629482
2022-04-29,1.0866542436210092,1.0838335366947325,1.2367855389248301,1.0008911455831675,1.2164138742267148,0.9989584260989597
2022-05-03,1.0895829239669226,1.080534238716769,1.2295772969475567,0.9966413084418118,1.2308458359219046,0.9798306142626532
2022-05-04,1.0808131258012652,1.068688091904187,1.214632390829676,0.9791130189114283,1.211071923608661,0.9614488283828276
2022-05-05,1.0708844688125012,1.073013356443288,1.2253219158164546,0.9850287335792558,1.206829134674535,0.9634894352841459
2022-05-06,1.052503050390846,1.0541194905003444,1.198522486258532,0.9630570766975015,1.1998255451633673,0.9331472308949106
2022-05-09,1.029228938555556,1.0260691033541338,1.1788047237370167,0.9384321612511226,1.170619807460733,0.9029661183885253
2022-05-10,1.0323539427252213,1.022199680401936,1.1860150016961362,0.9399197069135926,1.1754363843237712,0.9092208675815596
2022-05-11,1.0500566190860345,1.0329398589864882,1.2001494385055074,0.9524228798378709,1.1871798889492489,0.9244862840896785
2022-05-12,1.0417681897326156,1.0148444204994929,1.1873153310963784,0.9439992186446406,1.1686180661809342,0.9162405619963504
2022-05-13,1.0670381543592788,1.0356493502587678,1.2149960991342217,0.9666477597303159,1.2000576186760017,0.940967334670647
2022-05-16,1.070782459019749,1.0451122298782052,1.2270017582972723,0.9678132594789465,1.2157309147177469,0.9422277075503555
2022-05-17,1.0800542182165023,1.0636038380729778,1.2312417942700702,0.9716099158224282,1.2183684343420622,0.9512633875004867
2022-05-18,1.072747097453508,1.048792368919623,1.2347105211737486,0.9650018969448397,1.2054199436262139,0.9348963391988494
2022-05-19,1.0491486852963683,1.0421978005686705,1.2134136463957368,0.9505458924288299,1.1834246141193463,0.9149747655784076
2022-05-20,1.060322445661633,1.0554755929099018,1.2262209384972138,0.9585758331363766,1.1931650517826664,0.9318717462910238
2022-05-23,1.0776007617105374,1.078196798507421,1.233649547657627,0.9688963513313216,1.2166373828355377,0.9468497362879897
2022-05-24,1.0679471728485732,1.0831377391032246,1.214721676314357,0.9574892581583438,1.206172422201794,0.9388527787888632
2022-05-25,1.0757484083503897,1.0930763130560164,1.2180438311160817,0.9648220621713673,1.2118278872795345,0.9384774410412583
2022-05-26,1.0879272143966214,1.105953360577161,1.180705794597927,0.978368195964503,1.232210624776166,0.953206445646356
2022-05-27,1.096276089459465,1.1092914579495654,1.1716913741193826,0.9863429143875243,1.2305724507218068,0.9598535773399185
2022-05-30,1.1045414040279267,1.1041818631173956,1.1760620632821726,0.9953837592230358,1.2317718489919518,0.970923532711565
2022-05-31,1.097293005270891,1.1004218031666508,1.175517570501913,0.9890213611871964,1.22693103388815,0.9614015212597145
2022-06-01,1.0935271623492981,1.096205909603959,1.1475796189051557,0.9810667466471453,1.2171561600641223,0.9481654900023977
2022-06-06,1.108854395254192,1.1113232023262283,1.1597515960445544,0.9975404502333182,1.2309819224011584,0.9617188174935446
2022-06-07,1.101247585334456,1.1056023236437296,1.1611487289384979,0.9930795987291748,1.226196056006252,0.9532778076925835
2022-06-08,1.0966315962185418,1.0985219294143087,1.1608337512829277,0.988649726775567,1.2319734264744635,0.9457235440395645
2022-06-09,1.0836475328699267,1.0859339316043275,1.1532951870651447,0.9691810837179631,1.204008418203275,0.9327053413461783
2022-06-10,1.0589933720202283,1.0635733508036613,1.1504391629816302,0.9412005050851125,1.183277266527171,0.9106494538023157
2022-06-13,1.0383707200577366,1.042260024199239,1.1398691314507692,0.9221776376152611,1.1586594181747112,0.8891369382358415
2022-06-14,1.034882880418055,1.0386449358700538,1.1143439180101193,0.9081934339428831,1.1580504804780756,0.8795186402658914
2022-06-15,1.0548223826815932,1.0499874248163588,1.1345917244147807,0.9296669228098812,1.165061539141862,0.896171493066299
2022-06-16,1.0191462207893853,1.0168719034447127,1.1101293824019047,0.9039847231149912,1.1182052183262727,0.8655500218501523
2022-06-17,1.0307313522487496,1.0223197598602838,1.1105615638508424,0.9074962386204565,1.1009612778420486,0.8713860871734301
2022-06-20,1.0457983982195544,1.0431299280044242,1.1124822366521483,0.9046436128955261,1.1114967437741985,0.8731962556875391
2022-06-21,1.046896506528664,1.0475614015433514,1.1013580916797177,0.9092291381551756,1.115704537038773,0.8746745911169566
2022-06-22,1.0420726574226569,1.0312644292827258,1.1005340619794401,0.9009812270633599,1.1097225819690342,0.8738196306532067
2022-06-23,1.0266456814004021,1.02137775401916,1.0891026808179436,0.8859169387742938,1.0983112489637752,0.8633673345641447
2022-06-24,1.0494057592804935,1.041180829546255,1.1159317447403225,0.907540430060753,1.1362974193247886,0.891873296048459
2022-06-27,1.0584215803747714,1.047729107699405,1.1288107261859766,0.916387157130329,1.1465219460542075,0.8970048054318589
2022-06-28,1.0686983072201754,1.0549882859313702,1.1264753358693687,0.9216732206646573,1.154350948072144,0.9039785045098949
2022-06-29,1.0573430920220297,1.0489974049642419,1.1317859343326486,0.9065765796498393,1.1530521525771724,0.8857906499859427
2022-06-30,1.0411169696162186,1.0272329444716124,1.1057818580320353,0.8831926997944795,1.1284671591148154,0.8684721347107272
2022-07-01,1.0457936881918881,1.0213987956368864,1.122821231512111,0.8814921494044675,1.1268489408724418,0.8665737302563814
2022-07-04,1.0510844801655692,1.033850092500923,1.1279190027531762,0.8835010457230723,1.1441641832649958,0.865442857934735
2022-07-05,1.0246508674768011,0.9969458573642824,1.118363113817173,0.8681954844584806,1.1065635609827515,0.8515555157521257
2022-07-06,1.03944303154772,1.0154989921741893,1.1267945794943817,0.8861177974769411,1.116185241847879,0.8694023709751738
2022-07-07,1.0554194807686634,1.0335032603211227,1.1290580132061756,0.9021423151298484,1.1350111635555744,0.8755891507309916
2022-07-08,1.0608986981760742,1.0427214527961322,1.1196528946240807,0.9041572941218551,1.1406560262844427,0.8806073489674248
2022-07-11,1.0588964792342777,1.0393964086794096,1.1362269024933254,0.8990300031735895,1.1364926761997847,0.8751646360049359
2022-07-12,1.0646793613057075,1.046068570421443,1.1423778220170966,0.9023709858485595,1.135666821204088,0.8819056472823588
2022-07-13,1.0551554172539657,1.0410013343776876,1.1378788107476219,0.8977682773078286,1.1311778749782813,0.8752718141778452
2022-07-14,1.0410255395400865,1.0222980887702946,1.1371262317187412,0.8858193449112775,1.0825981355464025,0.8630850071170726
2022-07-15,1.0621228138408232,1.0343654097992039,1.1358595716171613,0.8971982186669287,1.1076174349870558,0.8793038798353224
2022-07-18,1.0702871686467845,1.052757547175353,1.151452970934162,0.9078257138748469,1.114335869342449,0.8881820094796151
2022-07-19,1.0872814799877728,1.0671304851956276,1.1599003800658763,0.9200449228103057,1.1200861031333338,0.8992734384518735
2022-07-20,1.0877302325620413,1.0695349958698586,1.1591446888030026,0.9199038475271425,1.1201878960533793,0.9002336489314449
2022-07-21,1.0966805705570206,1.079992944237308,1.1472351312581157,0.9279317935629994,1.1228787166466858,0.914111357491237
2022-07-22,1.0997596873538542,1.0793036899640243,1.1607162814554564,0.9346549840143349,1.1249670083896117,0.9169184739850551
2022-07-25,1.1018424432990281,1.085836358669867,1.1569598903218536,0.931820270979793,1.1261310145611005,0.9121422422694598
2022-07-26,1.092794027737854,1.0803797834752646,1.1618212930437184,0.9188994392657966,1.1248784452879657,0.8968157179239484
2022-07-27,1.1047540510711875,1.0877768128756262,1.1609452060662997,0.9235413422037624,1.1367929820008071,0.8987278804433292
2022-07-28,1.1075097724502543,1.0700206829325145,1.1546785221353184,0.9422442274555748,1.1458947202377805,0.9105894427015836
2022-07-29,1.1205473117061393,1.075363991847351,1.1671520530844293,0.9589082614868345,1.168783959991607,0.9280154174462396
2022-08-01,1.1268781864201396,1.0734780229421197,1.1647505817659949,0.9507222745148163,1.1561687422370688,0.9260333619468164
2022-08-02,1.125954283470508,1.064237987093308,1.1742041512066566,0.938522100540093,1.159657275248706,0.9141504926313281
2022-08-03,1.1336525090988874,1.0637714989941145,1.1650808477090207,0.9448056125753573,1.1622898737760852,0.9222304908753259
2022-08-04,1.1372255500229465,1.0635633112063767,1.1725805575247057,0.9504632783569835,1.1650605810817591,0.92760634041045
2022-08-05,1.1312518161831722,1.066460691546739,1.1617483860613484,0.9392146463680112,1.1650274168976438,0.9140599335460747
2022-08-08,1.1383908379788623,1.0716778779859368,1.1689730794440825,0.9483827467514572,1.17272681871052,0.9269681570396282
2022-08-09,1.135279035289817,1.0699960509014483,1.1731043388683646,0.9362931379167624,1.173015847961411,0.9123944780881257
2022-08-10,1.1492106829400417,1.080839123626483,1.1617626736816031,0.9549275888850457,1.1984440071882925,0.9354049507468428
2022-08-11,1.1445824040017512,1.077484865299521,1.137776676001067,0.9511639753452534,1.2009184354840803,0.930528794093319
2022-08-12,1.1474160826747963,1.0728130113924228,1.1489520463481153,0.9467260078704194,1.2056915449148113,0.9390716935351984
2022-08-15,1.1539198142631417,1.0710826694351727,1.1500658980065295,0.9495233227438448,1.2060555766416508,0.9406808697541053
2022-08-16,1.1580729064845448,1.077848805547037,1.1600931805708696,0.9515635544867536,1.2042236012814034,0.9350963843198229
2022-08-17,1.1513852231204347,1.0724174959200425,1.1535260098633493,0.939651977341061,1.2029541118908469,0.9157857355433215
2022-08-18,1.1564997504664534,1.0751285006850317,1.155339209743525,0.9400725041000867,1.2142849601448888,0.9181839507337483
2022-08-19,1.1502964120943526,1.0640800708894502,1.1546313940349198,0.9281916898994701,1.2165502977473264,0.9061141623627371
2022-08-22,1.1398315474375693,1.0580184681900406,1.1607130197776236,0.9193388963051567,1.2091459172516081,0.8861539461298023
2022-08-23,1.1268767938661464,1.050055454881077,1.142663626945242,0.9125838479063233,1.211280339221792,0.877072935462524
2022-08-24,1.127365873706404,1.0479560979315519,1.137167492682954,0.9068661015291627,1.2040768511184263,0.8720067127255811
2022-08-25,1.123954558107601,1.0478910593019408,1.1261817178794404,0.9083109352819485,1.2084478378832684,0.8649011121773722
2022-08-26,1.1095081661179693,1.0369223300253023,1.1190997929992772,0.8992624794103165,1.1964568379785117,0.854102367096392
2022-08-30,1.0984371259973056,1.0244568887719516,1.1003944703354611,0.8929004854166945,1.183956284974847,0.8543904419241045
2022-08-31,1.0956015508478452,1.0162354742566093,1.0796567549013043,0.8852842281496014,1.1647209889993806,0.8466054195281604
2022-09-01,1.071052425140982,0.9854829350881095,1.0723398173256065,0.8519640482470314,1.1415282882996365,0.819112199592627
2022-09-02,1.0952181912667929,1.0023339172690935,1.0835512706507597,0.8701187400785887,1.1649381627424933,0.8448634359642003
2022-09-05,1.090713796377083,1.0033089441021292,1.0887789544464297,0.8681768433684828,1.1730571525074303,0.8366793607055983
2022-09-06,1.1030505454836221,1.0187611644220111,1.0853489173346302,0.877673735029282,1.1720002441526969,0.848530630176126
2022-09-07,1.0987500873115719,1.013160532847326,1.0874800670960905,0.8712758649515333,1.1558803158406121,0.8441463587979188
2022-09-08,1.1058949155967346,1.0063754180475724,1.0803023317251899,0.8722783667523164,1.1499661099244434,0.84327877622776
2022-09-09,1.1235914261887643,1.0253947783251658,1.0931643833433211,0.8901606412116511,1.1674425530023187,0.8572657696800572
2022-09-12,1.144122420040685,1.0427828954774994,1.110818313801759,0.9124689825185819,1.193629344646629,0.8745844453488892
2022-09-13,1.12747220672008,1.0280382050659675,1.1043365756576855,0.8956906866705349,1.1792151862181022,0.8531653388368826
2022-09-14,1.1085808767450114,1.0079203832133488,1.078111809834816,0.8805398264746042,1.1659460871329574,0.8360540026179146
2022-09-15,1.111786979353589,1.0079405652361964,1.070321933894804,0.8782990729848599,1.1589326746510167,0.8404852954708106
2022-09-16,1.103409545348923,0.9978929176278307,1.0672301558926096,0.8727893596688872,1.1548269567501244,0.8336394493244017
2022-09-20,1.0943681859476524,0.989076237225092,1.0509712442092454,0.8540428438954681,1.1359565187612741,0.8185720649806684
2022-09-21,1.0996707983810559,1.0013840667102445,1.0587096771821487,0.8612551934803129,1.1476551587559791,0.8302972503603477
2022-09-22,1.0850238824437346,0.9899335510092829,1.0387591708832664,0.8457137567296615,1.1360044723585092,0.804866971661127
2022-09-23,1.0649755895728177,0.9626433326133257,1.0308544685568366,0.8243368790105304,1.1017017644340859,0.7861208791585214
2022-09-26,1.062649902004791,0.9623200838063929,1.0160809066526748,0.813379066815565,1.091779718517043,0.781074346030923
2022-09-27,1.0550191961005455,0.9559482450951649,0.96559436533133,0.8012744602010371,1.0800215079637532,0.7682536432920742
2022-09-28,1.0495859365981728,0.9515783934022907,0.9881411285285417,0.8191305804296085,1.079622975378504,0.7761763622315637
2022-09-29,1.0206071746379717,0.926329045370197,0.9545330325254611,0.8021611531426551,1.0588489554546023,0.7503292429808902
2022-09-30,1.0297067059536242,0.9350738783274913,0.9567801510893491,0.8170675730803605,1.068088157385241,0.7672373803973668
2022-10-03,1.0314028672096667,0.9472449659273022,0.9697620424489749,0.8234498868320489,1.08079124100202,0.7719671744780815
2022-10-04,1.062485707236116,0.975561778579551,0.982183924820994,0.8440509491387688,1.1135636606033015,0.7946824484221178
2022-10-05,1.057045374417626,0.9602550861428018,0.969478923582623,0.8336774616564443,1.1108153605594022,0.7750969930914725
2022-10-06,1.053109112669719,0.9543297051168702,0.9565193075946289,0.8267897031254116,1.1006496623468807,0.7744596249966458
2022-10-07,1.044990378264204,0.9442301776262108,0.9547611000274473,0.8132246213599775,1.1029132310772827,0.7618573220412856
2022-10-10,1.0441078959976942,0.9472771843132891,0.9459513505708292,0.8068725089870358,1.0958239464353778,0.7645078284896097
2022-10-11,1.0342598388336435,0.9329388376133171,0.9360457095131488,0.8019904055857442,1.082246308743646,0.7509128940135866
2022-10-12,1.018411612649151,0.9203233174528639,0.9206754552885946,0.7941434250083195,1.0711070509301606,0.7347485717331226
2022-10-13,1.0333909316824097,0.9251297056761004,0.9301055660428353,0.7998323591341716,1.0840938850655442,0.7458718938787399
2022-10-14,1.0373605817584874,0.9261420744861767,0.9456694273353934,0.8029851928512692,1.082583150931278,0.7525349648733902
2022-10-17,1.0529098429774157,0.9376763556604789,0.9731530794741358,0.8203144141384295,1.0890090122780813,0.7694029346905547
2022-10-18,1.059495842308736,0.9385738441649077,0.9786980825275099,0.8224895900849856,1.0861326715305497,0.7724248471440837
2022-10-19,1.0527780781803222,0.9283894140098682,0.9702768283298586,0.8120587393662941,1.0862903236752661,0.7626408240686542
2022-10-20,1.0531963171819196,0.9380946883574722,0.9646271980160214,0.8182079300539068,1.094895301493837,0.7685663724640011
2022-10-21,1.0480567184388,0.9395309653743579,0.9679599248398914,0.8132329185037023,1.0981931427752998,0.7634001705966525
2022-10-24,1.0641325530435322,0.9485831812669826,0.9886528827609963,0.8199537645451699,1.1085970775583764,0.7725097224409985
2022-10-25,1.0747015892297191,0.9626275832848433,1.0002026319576551,0.83764497419535,1.1096553011148955,0.7909571248408385
2022-10-26,1.0824521329639054,0.976866356707939,0.9971213101748719,0.8470949214833926,1.1220882232436475,0.7958688369193443
2022-10-27,1.0807053018795179,0.9494051569849954,1.0038013783270239,0.8412678625054134,1.1448546821644605,0.7958821797088147
2022-10-28,1.072909276496891,0.946080800100054,1.0115786342430058,0.8305573009876608,1.1356402547112119,0.7867411101087557
2022-10-31,1.0801933159932637,0.9495915075814975,1.0127002303400194,0.8301835862275013,1.1435745054473316,0.7880391304853375
2022-11-01,1.0924406116746426,0.9667826888521991,1.0198734730520604,0.8412562118844232,1.163231963995996,0.7990710088841694
2022-11-02,1.0914764575185867,0.9548147333873113,1.022607430406512,0.8339942912398824,1.1581493881162772,0.7946765730917553
2022-11-03,1.094126381646612,0.9455766141021784,1.0153444073702698,0.8288127270829956,1.185037191072706,0.7860293196214226
2022-11-04,1.1099823713438781,0.9684188789647266,1.026889067393665,0.8542674855482587,1.1972762629117415,0.8086869090966007
2022-11-07,1.110171279397428,0.972113632843425,1.0143179703304588,0.8568552295907934,1.2007783616609942,0.8122775411376663
2022-11-08,1.1196950735902458,0.9778045056780987,1.0319860948077795,0.8581205892844889,1.187053672167675,0.8197048904298015
2022-11-09,1.1225054665621506,0.9752674867940826,1.039952237709807,0.8595339956599264,1.1832695288608632,0.8176945708967142
2022-11-10,1.1471514276355732,0.9924989875207516,1.0656347692112493,0.8901960726145007,1.1928523394560984,0.8588143666351055
2022-11-11,1.134694768469044,0.9946492609168334,1.0423557944813604,0.8966561849405429,1.2002610868471322,0.8688680034219727
2022-11-14,1.1433852249702954,1.0059239753016769,1.0584846155110001,0.8943487187290451,1.208133965395574,0.8653505371382204
2022-11-15,1.1427841595698023,1.002220924786424,1.0479797476019226,0.8959469464026807,1.1986960299657627,0.8579071762574536
2022-11-16,1.137117165771759,0.9918814102350578,1.0483373622507604,0.8824126840187154,1.189174651253922,0.8468140631546207
2022-11-17,1.1445507095649863,0.9880148424924949,1.042097932351752,0.877443623040998,1.1865909879495167,0.8460226798241353
2022-11-18,1.1557389074863764,0.9977902776769912,1.062502190267735,0.88665033162967,1.194707814797115,0.8591955709483114
2022-11-21,1.161815402856257,0.993464650951326,1.0730389862208134,0.8860938953191312,1.175764747756644,0.8555566473479251
2022-11-22,1.1678422632152228,0.9991049012297727,1.0765447112987259,0.8880081315086271,1.2079836103325552,0.8534885623365472
2022-11-23,1.1733225318839162,1.0131520456411365,1.0844479060501595,0.8905282946026936,1.207104153065526,0.8602950799386389
2022-11-24,1.1758209489944764,1.0233573652419274,1.0917837615511439,0.8939472620312265,1.2099084250745709,0.8653060874220344
2022-11-25,1.1751310178135628,1.0245439026704435,1.0889172463833685,0.8935003456991918,1.2169614799790351,0.864793680200275
2022-11-28,1.168360956148551,1.0180204422633425,1.0781763493158325,0.8887037785581231,1.2053049438734054,0.8549519970806415
2022-11-29,1.1669804470172345,1.019809398570296,1.0674978826049826,0.8904132648522936,1.2126366133735826,0.8526849975987819
2022-11-30,1.1722642926515672,1.02745018104646,1.0702176341278544,0.8953431954463887,1.219358947323409,0.8493684432914611
2022-12-01,1.1734621847765683,1.0292348357749872,1.0822838234154513,0.8987214636501896,1.2188875845014262,0.8607672348330149
2022-12-02,1.1745087438617954,1.029323174849567,1.082527787529269,0.9016114609272173,1.2093875062929897,0.8661490048943263
2022-12-05,1.1710281950824943,1.028387304018563,1.086903687941455,0.897515047898203,1.2137433445517292,0.8645817039898472
2022-12-06,1.1681628637906165,1.0179108768423868,1.0717238201737496,0.8925765823757259,1.202029839014892,0.8577969354367372
2022-12-07,1.1608468626166364,1.0061581771138335,1.0853121048920775,0.8883225352292243,1.1926308312480443,0.8520368603642411
2022-12-08,1.159204988499522,0.9961101350923717,1.0814591693147306,0.8829729670170462,1.1839009549640207,0.8465917012588985
2022-12-09,1.1684248983066836,0.9990391855004134,1.0822584414783998,0.8817407211782584,1.1878714587846935,0.8522558602357307
2022-12-12,1.1624221665496535,0.9908099111763029,1.073584807004352,0.8724821354589859,1.1819256893587362,0.8451594764274271
2022-12-13,1.169237220465185,1.000143040488862,1.0837195937999011,0.8840697698997991,1.1995913388978061,0.8619891126802542
2022-12-14,1.1693808887819381,0.9957844279074135,1.088602620873128,0.8834525648098207,1.1973460023981992,0.8599440694490136
2022-12-15,1.158319898585863,0.9806402295067499,1.0870059354794803,0.8728297258483614,1.1857878111682851,0.8476513295976413
2022-12-16,1.1481074012355186,0.970451602974742,1.0660718285996553,0.8537012718583196,1.1608594359439397,0.8246699882632187
2022-12-19,1.1497841100537318,0.9785764749472813,1.0648940393171769,0.8510744587318445,1.173634578292198,0.8224450759670042
2022-12-20,1.1528369944110375,0.9777863771544301,1.06396626258836,0.8450536622083056,1.1743407577354148,0.8157192033754715
2022-12-21,1.1707227635386264,0.9951151230852995,1.073906117011284,0.8636300607465504,1.1957224344387407,0.834874960704999
2022-12-22,1.1648704700102044,0.9867456950454844,1.065788467485347,0.8560987903409599,1.1940711120800382,0.8267331446224745
2022-12-23,1.1661660817791666,0.9901664413449084,1.0620660139001694,0.859110258852033,1.195239509090987,0.8306532432852958
2022-12-28,1.1708560317418828,0.9934465532468334,1.0674604359602995,0.8636375051046841,1.1962011017254974,0.8351708903670679
2022-12-29,1.1737169976098938,0.9971527772042834,1.071970871884491,0.8684185029416064,1.2012902159366714,0.8407833947722068
2022-12-30,1.1659214793709791,0.9861160663090837,1.0600405623125446,0.8606015342487768,1.1882718580789757,0.8328682599260612
2023-01-03,1.1771091757131742,0.9972281005045615,1.0667660867339912,0.8747186214109053,1.2154081347397068,0.8471361177692426
2023-01-04,1.1917092728438825,1.005946605895458,1.0835944680554774,0.8909259923481251,1.2146684434730584,0.8657073341306812
2023-01-05,1.2024247028092654,1.010834085119885,1.0830035587554347,0.8967477235139033,1.2267924647671928,0.863734745147353
2023-01-06,1.2085114525995932,1.0230017722718165,1.0975097935678086,0.9019197969574759,1.2410687694600944,0.8719441230317154
2023-01-09,1.2090514906705956,1.024180142447725,1.087141322112512,0.9092272403703212,1.2502291882384706,0.8802236763829306
2023-01-10,1.2079051515442403,1.0144140824308396,1.0847317105484977,0.9070821498001833,1.2463927089082187,0.8757867326918325
2023-01-11,1.2144539045530158,1.015769167327992,1.0936511907414974,0.9214727838578614,1.247415781861553,0.8882401076162696
2023-01-12,1.2249040648791796,1.0329697312212536,1.1057603230698545,0.9383337895570066,1.2608843557833507,0.9093030846461329
2023-01-13,1.2340736851068415,1.0409836738345923,1.1035189567069823,0.9418746337680693,1.266370080960775,0.9112229223276963
2023-01-16,1.233844092517426,1.0478394362506895,1.1027414653560677,0.9478076454095725,1.270168036104151,0.9211988468807947
2023-01-17,1.2343217139423892,1.0457989308156388,1.1110456121039751,0.9443598880134046,1.2710765911239446,0.9173979045571246
2023-01-18,1.23659069490132,1.0459321140568476,1.0982004409647745,0.9441557402132464,1.2674076319105259,0.9139716209004981
2023-01-19,1.2260062653415973,1.0313419573482294,1.1052205774936263,0.9272678792672885,1.2417130825926557,0.9009588535940406
2023-01-20,1.2332884133631397,1.0438788871076101,1.1163236195313646,0.9306667825075298,1.2362121468594556,0.9069365652849857
2023-01-23,1.2359266766281416,1.0448371983737796,1.1115367629263264,0.9327551874767619,1.2437805273487277,0.9100609139966958
2023-01-24,1.2413074107313444,1.040179403910271,1.112957678813039,0.9356147142461648,1.232453092953344,0.915053101745558
2023-01-25,1.2376915450924226,1.0306466669675882,1.1229153978808142,0.9324196242472919,1.2278395676995204,0.9130914215520883
2023-01-26,1.248597591114533,1.0328857883366427,1.1207007333506893,0.9402781178194125,1.2427341686375197,0.9194714237189232
2023-01-27,1.25061827750675,1.0357394664349273,1.1224921264720336,0.9432471983034152,1.2632873892003664,0.9211669343256661
2023-01-30,1.2522917078961093,1.0339954794067314,1.1239714159182663,0.9454320358397909,1.2720521492842691,0.9166382477503694
2023-01-31,1.248366271442768,1.02551203828927,1.1148074307178648,0.9399507322004119,1.2670096294361144,0.9150103453225891
2023-02-01,1.2499395132979223,1.025346344304573,1.1077799843893061,0.9370934541603891,1.2651944580233168,0.918005190425301
2023-02-02,1.2677530275792352,1.0440520125119128,1.1370390363101306,0.9695966044486212,1.2777803935361547,0.9553517557108695
2023-02-03,1.2748609001916944,1.0518747023481199,1.1317374560780433,0.9687760472653857,1.2959625703552236,0.9542948285278695
2023-02-06,1.262637302936612,1.0465881169251599,1.13347338482126,0.9535835120168141,1.2837036982307013,0.9370576946895357
2023-02-07,1.257557399094743,1.0495239368529024,1.1348789736764187,0.947735903971216,1.3071246317201801,0.9293441748795227
2023-02-08,1.261509105936783,1.052188929272733,1.1360213898290592,0.9446943184118008,1.3131583200310426,0.9314184170418051
2023-02-09,1.2653009935724708,1.0372742692934211,1.1336391681966622,0.9467096072509483,1.3354273999256052,0.9224388563382938
2023-02-10,1.249261245557713,1.0250699305039759,1.1209423147881874,0.9313810047221694,1.344613591665203,0.907246708545911
2023-02-13,1.260133041998352,1.0317161302511766,1.133987615682804,0.9383756119132047,1.3491212132585353,0.9152649026837905
2023-02-14,1.258819358828006,1.0364478298563677,1.1251895887199834,0.9337923794592021,1.3560272957425565,0.9136310909039576
2023-02-15,1.269810111592478,1.0390585853137349,1.1289465190870762,0.9433218337698932,1.3624416124518075,0.9239669899064978
2023-02-16,1.2764276994602772,1.0420672147149341,1.1215033576904194,0.9462403509115723,1.3654204628460007,0.9291309387500014
2023-02-17,1.2738839056348947,1.0416669557597278,1.1359040681501302,0.9450645291321915,1.3560257719367015,0.9292563118396264
2023-02-20,1.2700368132735618,1.044828528012851,1.1357299854082912,0.9485998933078812,1.3532881891787116,0.9305651417904779
2023-02-21,1.2633510869471432,1.0301919051761994,1.1373488305528041,0.9347615047364602,1.3384866014323085,0.9180638886205131
2023-02-22,1.258020433208414,1.022831382300987,1.1326253633874972,0.9267097342004308,1.3253418455472885,0.9128588641044015
2023-02-23,1.2668585427801156,1.0191460611458758,1.1234450612120765,0.9210145121847578,1.327712716551726,0.9105167208484567
2023-02-24,1.2658964094683658,1.024357745052072,1.1202597771076717,0.9112979576317439,1.329258560402975,0.9030685715271304
2023-02-27,1.2802391409482476,1.0294065683371019,1.12966553040897,0.9216762086054352,1.3475845723937998,0.9127783389956994
2023-02-28,1.2735793164667883,1.026912917951478,1.1124945756914502,0.9227509691543656,1.3342231847635502,0.912288939060954
2023-03-01,1.2795449068105933,1.0397606974530307,1.0895943967383437,0.9218868867241625,1.331434347212472,0.9111630814815566
2023-03-02,1.277432551030179,1.041571765016578,1.0980329493186416,0.9239230248585275,1.3391101360654054,0.9097308716099746
2023-03-03,1.2782468990449987,1.0488706182037932,1.108403127069362,0.9286680946556707,1.3315804056848388,0.9159155417362008
2023-03-06,1.2795159745903217,1.0488009846682573,1.1108722828336688,0.9294137819990353,1.3401949986323989,0.9170980305124488
2023-03-07,1.2747468302688827,1.0346399140193536,1.1090984582808334,0.9239484076114142,1.3381293017576914,0.9104054973727962
2023-03-08,1.276308202451182,1.0387825762976584,1.1112735415556045,0.9238870502270662,1.3297924694755738,0.9039684416378774
2023-03-09,1.2729031074973882,1.0315406229710409,1.1115497730560324,0.9135561737196167,1.327466247388067,0.8897525004086664
2023-03-10,1.2470585522888085,1.0198332682617475,1.106197446739216,0.8987744292534079,1.2985048805904011,0.8720208554911525
2023-03-13,1.20716621322282,0.9903650640416597,1.1042222782348332,0.8781510469861835,1.2602670603684385,0.8500316175778573
2023-03-14,1.230910416878112,0.9983121418846653,1.1090538368641416,0.8890675197843779,1.2775480530347318,0.8634656410017363
2023-03-15,1.1871890705599917,0.9532763760819319,1.0998179560666859,0.8642541665482472,1.2112960363768794,0.834234068281007
2023-03-16,1.202772670366768,0.9568765836711189,1.1122446530053638,0.8767642764298597,1.2164801015757816,0.8445648027320898
2023-03-17,1.1849473904910717,0.944409568637664,1.0961131149856087,0.8668891163499329,1.202442078687436,0.8266217258666065
2023-03-20,1.1932090043949481,0.9637363693931178,1.1091239926229512,0.8756810785592969,1.2139954311343517,0.8374411954962323
2023-03-21,1.220857121951442,0.969959629618435,1.1105662475627376,0.883995636754474,1.251206167248318,0.8498781951195505
2023-03-22,1.2243891909025437,0.9693709796652867,1.1108547272563503,0.8794159920432698,1.2559955054960277,0.8458858370665845
2023-03-23,1.2192722354130519,0.9668736704959523,1.1156940305942957,0.8752155231203549,1.2453705240540178,0.8407599742445295
2023-03-24,1.2025703294963004,0.9572539240102151,1.10091634041449,0.8658963929042881,1.2216170221826521,0.8279398026179136
2023-03-27,1.211901128321297,0.9633688247645703,1.1074932077818094,0.8722004953791619,1.2385344358664587,0.8315918159207654
2023-03-28,1.2108853282468355,0.966383666693399,1.1049590254837793,0.870621799730971,1.2444655051234121,0.8312968592338136
2023-03-29,1.2243300103061476,0.9787925123929516,1.116527442381,0.8863539705810191,1.258250373509805,0.8450940903377938
2023-03-30,1.2390997185680206,0.9907185562942252,1.134387778295278,0.906522556222231,1.2719344012700973,0.8592125040244161
2023-03-31,1.244263233190839,0.9922538347968423,1.139526314135407,0.9126199165065721,1.2744217759218288,0.8611532894852995
2023-04-03,1.243226538767061,0.9857043664464858,1.1281849254114849,0.9100759719836617,1.2965467795743408,0.8598609095566809
2023-04-04,1.2392597726057053,0.9861628574108002,1.1319585181650749,0.9048300823105063,1.2863104082203864,0.855932930044901
2023-04-05,1.2340135610498748,0.9808359380994155,1.1560418168897646,0.8930307156216462,1.2935096173140264,0.8455867703609793
2023-04-06,1.242289716556516,0.9895380841980027,1.1749721435785432,0.8979794394392794,1.3040790887649085,0.8604289170511975
2023-04-11,1.2467510180841412,1.0064300600058655,1.172204165047861,0.907439687347938,1.3190652131596432,0.8709404530794399
2023-04-12,1.2505437271082334,1.013065257730594,1.1794324042304076,0.9127379094995383,1.3293426370916646,0.8751365147488971
2023-04-13,1.254720515137435,1.0191484904160246,1.175662939365529,0.9192195270989841,1.3297731459982653,0.8773859288728412
2023-04-14,1.2610436313450073,1.0261996054685134,1.1661158892737769,0.9253245456816818,1.3321783437466326,0.8815078897981347
2023-04-17,1.264435821640198,1.026903993321625,1.1690715266627445,0.9280551508868075,1.3329208005639437,0.880082051878068
2023-04-18,1.2678396805621839,1.0338167558553997,1.1637482237284544,0.9325968997036984,1.3409074194185469,0.8850466030265958
2023-04-19,1.2657269175607047,1.027582960686032,1.1639511512218375,0.9241125493999598,1.3353755333169952,0.8826262352621357
2023-04-20,1.2674624061614077,1.042089054529671,1.1637287950921469,0.9263938266907719,1.328566395543137,0.8828254660302302
2023-04-21,1.273278239457113,1.0377660295666997,1.1725890212041927,0.9220974454062486,1.334444382830419,0.8855170197848593
2023-04-24,1.274290932185634,1.0380702532553328,1.1714241218997172,0.9224951910782572,1.3359899641947823,0.887171877225506
2023-04-25,1.2709255312076848,1.0295805587859288,1.189825149427741,0.9174911421965465,1.3301445715187012,0.8857469083406978
2023-04-26,1.2722622882591936,1.0354147377398513,1.1773792637692269,0.9131999728560708,1.3249001373642126,0.8858705275884697
2023-04-27,1.2754720388662544,1.0365810224729322,1.1723055228592443,0.9172782471688002,1.3114384039314146,0.8808335146990894
2023-04-28,1.2803588010300067,1.0418329200215797,1.1759596172547557,0.9296148608186925,1.3292092883076851,0.8916830813143053
2023-05-02,1.2676120685373646,1.0335278233517908,1.174196951204829,0.9198616864728312,1.2959667434702664,0.88470956921324
2023-05-03,1.273908787772625,1.0393461919096316,1.1803101973453158,0.9263608435270091,1.293727292779344,0.8850072564383312
2023-05-04,1.25829085387378,1.0203530035428188,1.1868525808826966,0.917586513638236,1.2832315748903371,0.8739152565831726
2023-05-05,1.2683888527745657,1.0324188630338613,1.1879644075032043,0.9248344529483995,1.3073536340691345,0.8845994646692648
2023-05-09,1.2715009894230958,1.0280520730987657,1.1854504827406425,0.9160268277324416,1.3017432219263634,0.8742900589108906
2023-05-10,1.2694635475699103,1.0279720245065829,1.183338218656487,0.9156715670225402,1.2968335104763777,0.8727419534818781
2023-05-11,1.2737932979286695,1.0152586225904476,1.180120897989686,0.9129217449645072,1.2977521883853722,0.8748471204679377
2023-05-12,1.2814745808049908,1.017745200867885,1.1855431394305407,0.9079156762867883,1.3068704898389396,0.8713596786281608
2023-05-15,1.2861449492712824,1.0235624347470778,1.1875630143416582,0.9110298761778441,1.3058700453139558,0.8763929785489396
2023-05-16,1.2877007397918303,1.0175585526519193,1.188481283335813,0.912488562313667,1.2932597147380895,0.8708292250062104
2023-05-17,1.2887282210945137,1.0133908555897364,1.1733031847583015,0.9044760447624696,1.2912603599725796,0.8613661650777567
2023-05-18,1.30023567226117,1.0134006446394468,1.1551900297317694,0.8997236052434757,1.2972604602062188,0.8664868278615017
2023-05-19,1.2986195421845785,1.0166586561909339,1.1566374100971444,0.8937728540822344,1.300666864888644,0.8650531764470494
2023-05-22,1.301769374589152,1.0174007887330994,1.1580277357700257,0.8994743995387353,1.3056005545117284,0.8673743635057012
2023-05-23,1.2906451536821417,1.012318542007513,1.1593607085111568,0.897788196562021,1.312719390945824,0.8643792144111201
2023-05-24,1.2718876676759368,1.0018373182637572,1.146409154350061,0.878992123010925,1.2956564079399142,0.8389282781933245
2023-05-25,1.2731968989979736,0.993370468910927,1.131661670213061,0.8675761794771788,1.2798773537928467,0.8320110925483468
2023-05-26,1.2818723224661086,1.00237771024491,1.1309671839823492,0.870542705707096,1.2858367059450262,0.8369712602942773
2023-05-30,1.275963684935283,0.9990317038297661,1.1391873177823282,0.8669453876669772,1.2705722744139916,0.8349372603628081
2023-05-31,1.2642436906937227,0.9966803181521952,1.1402051588183009,0.8606784127579483,1.2552874153030529,0.8218285932638824
2023-06-01,1.273644323747398,1.0105004423725457,1.130984366394713,0.867246088680634,1.2645405146341258,0.8275497383021287
2023-06-02,1.2891870119090143,1.0240814811906314,1.136226873573938,0.887974587991047,1.2903346549991783,0.8468914399844285
2023-06-05,1.2853921707042706,1.0192568277593292,1.1425383651801728,0.8860912546834592,1.285814155351358,0.843617444128248
2023-06-06,1.289657376312433,1.026699847428574,1.153852754881004,0.8946872496909477,1.2901279753813408,0.8499504261671668
2023-06-07,1.288595167356006,1.0359070086501616,1.1416702356177744,0.8925166482953828,1.2876988934278166,0.8423885009163179
2023-06-08,1.2853595771302442,1.0313922062004706,1.138166445859725,0.8881892086723944,1.2824426770224668,0.8374438383986927
2023-06-09,1.2786466208806324,1.0300387929345758,1.141105154821561,0.8828765114650783,1.2797306789979113,0.8276873004735594
2023-06-12,1.2836332972867908,1.032211733244614,1.142806185531652,0.8822016658802266,1.2835773158590142,0.8261141206785227
2023-06-13,1.2906720089114332,1.042414115371881,1.1321217498670673,0.8803135173842485,1.280406460646296,0.8229875931799153
2023-06-14,1.293052458842924,1.043828025889949,1.1296081041442736,0.8817938725803532,1.2797380768342834,0.8251489623171666
2023-06-15,1.2909830111308123,1.034209691906346,1.1307736603949872,0.879786265612175,1.2761606352111807,0.8213420249310893
2023-06-16,1.2949803876668495,1.0258651307474425,1.1388111968503383,0.8816978494137779,1.2725019126060972,0.8206538077402068
2023-06-19,1.2884240295354406,1.017046684703369,1.136443984988702,0.870557085366663,1.264670581410199,0.8095804527883388
2023-06-20,1.2890186624321172,1.0068001347671747,1.1364895770166905,0.8672381823250792,1.2519191667120473,0.8049641859652382
2023-06-21,1.2824718091177802,0.9975769997995175,1.133268068423081,0.8525706462759473,1.2516956378771138,0.7961570420847077
2023-06-22,1.2688325727480303,0.9809154389312907,1.1192950487139042,0.8436039623451754,1.2429468337020602,0.7911215207377907
2023-06-23,1.2597308742461217,0.9749881326861488,1.121179179758438,0.8309408861168763,1.2329633007920824,0.7829307222344742
2023-06-26,1.2588057602355802,0.9727944683643853,1.121593643665086,0.8320381805668716,1.241309705699083,0.7838046027181259
2023-06-27,1.2658955615989176,0.9731599371752777,1.1269262418198756,0.8358322931253529,1.2338814695716922,0.7847521435690377
2023-06-28,1.2812685500974499,0.9764423845318926,1.1310969690531145,0.8411338467556891,1.2440005844855446,0.7951504375106055
2023-06-29,1.2700403571624792,0.9741661308745461,1.1113202908470836,0.8261723974889381,1.2383662200695835,0.7883518445514027
2023-06-30,1.2831216179747882,0.978769119745353,1.1101224497345292,0.8360043804927034,1.2476215062755205,0.7980593074802633
2023-07-03,1.2864325942750556,0.9858508897475352,1.113485502112075,0.842196133160165,1.24376145954437,0.8020666281363624
2023-07-04,1.2776760060351249,0.9848170178547658,1.108894747411291,0.8438234449744527,1.245810412726232,0.8046921454735706
2023-07-05,1.2682594101774842,0.97399875072457,1.0850164292005662,0.8339990994310035,1.2308902668800175,0.7950299813255844
2023-07-06,1.2427435303893903,0.9498832108036802,1.07564353275522,0.8106045678084658,1.2016636485692633,0.7728552518285524
2023-07-07,1.2458597405525105,0.9540650767358153,1.0599018856182012,0.8117983382234304,1.2038625920989345,0.7755834614167797
2023-07-10,1.2495608025666611,0.9555273856090292,1.0631073459254397,0.8149345327958625,1.2102554393967444,0.7765036709522006
2023-07-11,1.249235735589015,0.9592511222033293,1.0628970659089907,0.819928723551919,1.2145658077700279,0.7850454637082914
2023-07-12,1.2740883572232824,0.9800831293957283,1.0803473815521718,0.8394399557863443,1.2381084204408648,0.8030414296393328
2023-07-13,1.2812099689079623,0.9842653749390063,1.0824365106970784,0.8433903384325263,1.241897663222151,0.8072146700124277
2023-07-14,1.2819728656597147,0.9853333977923309,1.0807276764169744,0.847490856498288,1.2342664588552221,0.8074649124451737
2023-07-17,1.2819262356945238,0.9760094522913257,1.0778395917361028,0.8408360111249678,1.2239211634664204,0.8024166260651413
2023-07-18,1.2887855072152674,0.9817670322752159,1.0793281571182274,0.8492234744334809,1.2425636223865835,0.8116278842125146
2023-07-19,1.30922153464401,1.0053368726576484,1.1060348515257308,0.8798621737650105,1.2776063270913889,0.8409149361706242
2023-07-20,1.3187574535023519,1.017181823705857,1.1116814510959985,0.8839882220804831,1.2952315495177427,0.8408248857876258
2023-07-21,1.3219532212328333,1.0141082602672105,1.1173908561871595,0.8837967696267417,1.2992488220300478,0.8370942665371807
2023-07-24,1.319529231503524,1.0202381945767434,1.1202257467180574,0.8782998665490699,1.3028671254710573,0.8379086730096366
2023-07-25,1.316066530502514,1.016654126357669,1.114802397079115,0.8865958960164104,1.3002471677034708,0.8461186507423475
2023-07-26,1.3237327270276924,1.01280953433525,1.1167613027325836,0.8856745809781743,1.300272202916512,0.8477701829557
2023-07-27,1.3385897052367914,1.015722050814482,1.1110482791599148,0.891510041332277,1.2961458908767909,0.841695234736996
2023-07-28,1.3367490127497292,1.01730998865749,1.1004425315829052,0.8847758931722333,1.2881214856730314,0.8348651012007513
2023-07-31,1.3374881578676217,1.0174731549852496,1.1033245347201952,0.8850365726776723,1.29155209804741,0.8322561564452632
2023-08-01,1.333249420515876,1.0079967112490222,1.095127693416748,0.8779531800327949,1.285823985965514,0.8242672336987796
2023-08-02,1.3225244471386213,0.9895161624157391,1.076920150726763,0.8650028282054696,1.264661784809455,0.808696768901749
2023-08-03,1.3185060325899167,0.9830722869596,1.0623696515532215,0.8617557633422678,1.2689220106216885,0.8059938038297233
2023-08-04,1.3259798025312564,0.9910831916510124,1.071520318287176,0.8633577156001047,1.2832110520997115,0.8121288456040621
2023-08-07,1.3265219775872332,0.990364877952015,1.0692669212373833,0.8595908910681054,1.278203797149034,0.8088908753277732
2023-08-08,1.3244881804231536,0.9767634607581837,1.073005116942303,0.8554846030093818,1.2772492404397495,0.7986542177191854
2023-08-09,1.330105715313181,0.9846695884305965,1.0688345780638702,0.8585782214580331,1.2952671571075736,0.799390403008122
2023-08-10,1.3384261307391212,0.9910527094125229,1.0801872585754122,0.8689562695097525,1.3007576176997833,0.8048116085881544
2023-08-11,1.326488754404712,0.9800198334894095,1.0688921006981442,0.8545267255644088,1.291413143733204,0.7895514741919999
2023-08-14,1.3281835040499248,0.9796044319422889,1.0688970764713235,0.8499403584203459,1.290776897958572,0.7852460196852415
2023-08-15,1.3204960145479325,0.9603461025866914,1.0535567692578522,0.8408358198638893,1.274210060494722,0.7743501870594848
2023-08-16,1.3177016564451178,0.9552159422888074,1.0487199813216208,0.8381159530773611,1.2792999690508575,0.7714335326535604
2023-08-17,1.3111953726794647,0.9478638977572165,1.038255798259499,0.8267964710619051,1.2748777352580778,0.7600675225763055
2023-08-18,1.2980617729114032,0.9350096765336229,1.0341845664590334,0.8177773029069516,1.2642876328449357,0.7513230535946321
2023-08-21,1.2964980574933906,0.9322290215644048,1.0276190645280177,0.8098193360556568,1.263093987829929,0.7454875114963717
2023-08-22,1.298603169028274,0.9356279773003262,1.031080795028403,0.8140804433199257,1.26148646458797,0.7457186588859868
2023-08-23,1.306671764977979,0.9487787180830791,1.044233294738343,0.8244493128929271,1.2596763109570837,0.7531259855436288
2023-08-24,1.3091919531584597,0.9504933685929701,1.0480115827803194,0.823058609422572,1.2619533914111158,0.7509453011028699
2023-08-25,1.3106973904070187,0.9502799481318208,1.0489260524484438,0.8227789445649623,1.265046228142547,0.7482402481176843
2023-08-29,1.334905514640029,0.9744182376678042,1.0676986088312261,0.8418974357536348,1.2914197310530606,0.7681058520192989
2023-08-30,1.337858330327039,0.9748814099921491,1.068025034966056,0.8446749464980599,1.2965195100178986,0.7711660326354641
2023-08-31,1.3369261517443662,0.9664857439888171,1.0658577578288466,0.841309302469135,1.2978826926598692,0.768535056249052
2023-09-01,1.3386781699764896,0.9683896510809857,1.0607519305837096,0.837677652407188,1.3056245287750339,0.7652839403157063
2023-09-04,1.3376496819608106,0.9681942102876345,1.0582421753247604,0.8351303131721303,1.302407540453521,0.7616208671705378
2023-09-05,1.3356141782043702,0.9649748281975975,1.056874377715262,0.8299069915200211,1.3098294921427234,0.754242709470187
2023-09-06,1.333173007298561,0.9654155528403278,1.0575625853832726,0.8247136238141266,1.3120767660519947,0.7518599030369789
2023-09-07,1.3373615574144548,0.9645435451950446,1.0723796032791792,0.8232166644858794,1.3140410158358586,0.7454327706986162
2023-09-08,1.3432324420290027,0.9605065484908474,1.0851343179272912,0.8269523195782944,1.3173047830653293,0.74888199304303
2023-09-11,1.3483403479170717,0.965377297822125,1.0913029879112424,0.8307023159990109,1.3124784447164248,0.7530987519544224
2023-09-12,1.354812464137492,0.9759667724500191,1.0872662591982598,0.8312351753379524,1.3249277499272156,0.7503470633136087
2023-09-13,1.358700136305331,0.9794364894498794,1.0871403383734826,0.8346546660986526,1.3138298467583933,0.7533555876502506
2023-09-14,1.3767422748651963,1.0028464540445936,1.1134050131807254,0.850231031391996,1.34280931894018,0.7657282930262785
2023-09-15,1.3853733453640322,1.0093395049159783,1.1174263040071197,0.857193403009451,1.3483973037928538,0.7675445506338313
2023-09-18,1.3715701176940442,0.9959024831385287,1.1071528871602008,0.8454959568546514,1.3333634101916922,0.7528415010159417
2023-09-19,1.3746786235211252,0.9972806497327684,1.1047453749745815,0.8292561343676629,1.3348744789158309,0.7518326784312048
2023-09-20,1.3805104341873788,1.0069952430664744,1.1251270893640022,0.843221756799798,1.347167121655669,0.7669130702691385
2023-09-21,1.3770582006220111,0.9905491455651104,1.1166761227728812,0.840160704716541,1.3418958389943305,0.7628785883286415
2023-09-22,1.3722755023539746,0.9893511771985871,1.1103588823262032,0.838814757954212,1.3484732543402245,0.7622700551774519
2023-09-25,1.362149942519546,0.9837984571990982,1.0967029742259258,0.8263126877307332,1.3455866880298741,0.7489145010627161
2023-09-26,1.3602017875157804,0.9870624119589112,1.094802361492234,0.8278326518705608,1.343233735578963,0.7493787583190411
2023-09-27,1.3515495032237572,0.9787521099304217,1.0755932687071563,0.8190183674587466,1.3419119436086346,0.7392676183444792
2023-09-28,1.357768511195065,0.9743079517164984,1.0575673775102494,0.822203810912169,1.3431603843337119,0.734257575190429
2023-09-29,1.3600932113491517,0.9801754099492341,1.0736096630582264,0.8317590655029179,1.3379064287926696,0.7448258427345191
2023-10-02,1.3410579127452988,0.966106355348613,1.0600967028483412,0.8176243069490107,1.3117233380356093,0.7336484996660791
2023-10-03,1.332326977347317,0.9524928254178887,1.0382035098086932,0.8072464051392313,1.3049357400273416,0.7239934135531804
2023-10-04,1.3235060716021507,0.9418917341690621,1.0321753787994956,0.8062638476356941,1.2900000195330354,0.7197830377129538
2023-10-05,1.3303197578898691,0.9446232192805453,1.041088846152916,0.8128891382337673,1.296171716598261,0.7227385076182512
2023-10-06,1.3381919044204813,0.9552116022810891,1.0426372230394079,0.8156860528485236,1.3093133594172925,0.7308337895614742
2023-10-09,1.327720659462436,0.9512897432902961,1.0430757074270092,0.8129227722208118,1.3159878851201352,0.7205858807890888
2023-10-10,1.3548429087218612,0.9707839917833757,1.0666197349698405,0.8318797377961956,1.33743209039669,0.7391155434104638
2023-10-11,1.3533091187748685,0.9736475267887968,1.0747598121825301,0.8293704913995686,1.3252654445150256,0.7377501022768445
2023-10-12,1.353947202383776,0.9745357281703172,1.0725771643990427,0.8263439186149395,1.339677545111395,0.7353361882381295
2023-10-13,1.3412312384244127,0.9629025766352491,1.0764304322725422,0.8170897304034234,1.3410366902335515,0.7124130071941793
2023-10-16,1.3449517502005857,0.9678314453286672,1.0840651833865709,0.818668066958696,1.3484009539270845,0.7210600469512652
2023-10-17,1.351310448880696,0.9687871522483215,1.0915939149748197,0.8210273801704915,1.3612617772538402,0.7231801600468796
2023-10-18,1.338449036412601,0.9608882270227204,1.0918572407467053,0.807958691677312,1.3427841291934581,0.7078014582772291
2023-10-19,1.323292372039701,0.9407632199243067,1.080898028324398,0.7794643340102894,1.3364406017920685,0.6950890448643479
2023-10-20,1.3062937168755988,0.9264861817501333,1.0746758316374314,0.7681182775281258,1.3212102086197548,0.6866291930506284
2023-10-23,1.3094856969544302,0.922963067552871,1.0737489924958394,0.7692609574723143,1.3124347860042793,0.6881301773081262
2023-10-24,1.3034628399619463,0.9289970548563952,1.0893671565057206,0.7686421291563929,1.3155102313598233,0.6900432834048102
2023-10-25,1.3063325247960362,0.9285274696372391,1.095027401608789,0.7600727814887839,1.317408523295901,0.6853188967303632
2023-10-26,1.2979339569988746,0.9250854449575726,1.098661077190982,0.7496756060816683,1.3099398074201614,0.6865042130455666
2023-10-27,1.2871871562418447,0.9230243702562552,1.0930580926144462,0.7503064103588716,1.3057057182327907,0.6893732702145551
2023-10-30,1.2975498814603776,0.9395940591297781,1.0988456536230162,0.7540673716491927,1.30568073082266,0.6951313016579372
2023-10-31,1.3038220701496672,0.9348451683942596,1.1059498429316728,0.7583679516010903,1.2889997036954048,0.7021647105175882
2023-11-01,1.3141597344214664,0.9406629454843912,1.1167309034899515,0.7613138560416348,1.2940392155650162,0.7050357527378243
2023-11-02,1.328573896643826,0.9583811064447966,1.1115362080070288,0.7806086132047606,1.318106610967663,0.7232963853549567
2023-11-03,1.326965727504678,0.9663551850875985,1.1098585677161694,0.7915090438080413,1.3060514610150964,0.7381370181098178
2023-11-06,1.3229187517316996,0.9657257298306111,1.1032242329412039,0.7818943093386193,1.3015075768520556,0.7290147210138034
2023-11-07,1.3313158302288506,0.9652414355649329,1.106547532670078,0.7826789493308542,1.2941512278158132,0.7332600856708243
2023-11-08,1.3433181945881212,0.9658591378144138,1.0966823364887104,0.781208595609672,1.287816856678727,0.7335248269384398
2023-11-09,1.356418242357424,0.9755955909054657,1.1032681297487492,0.7893959532376911,1.2973889018274831,0.7417294225701353
2023-11-10,1.349285375455371,0.964456645689039,1.1010369427253301,0.7798819141676049,1.2899333563177084,0.726518666445215
2023-11-13,1.3573913090848508,0.9736054054260183,1.103446361086924,0.7870867095765565,1.3040933784524618,0.7307341530795852
2023-11-14,1.3583696969804817,0.9833423380175272,1.1146820080839959,0.8205067220587968,1.306646174806664,0.7506922886802286
2023-11-15,1.3700476185742254,0.9903310121639303,1.1210425220928506,0.8257166372561726,1.3116432987775428,0.754648505512755
2023-11-16,1.3592912422187347,0.9825769103999068,1.1196478722298298,0.805215051972496,1.2904680724333468,0.742590075190084
2023-11-17,1.3756251749037625,0.9932796046414061,1.1325645526848773,0.8186431446675012,1.311641793768768,0.7529687564085474
2023-11-20,1.3799707594372792,0.9911875964422009,1.1285986215489834,0.8213273722930494,1.3150513638934915,0.7564470420031046
2023-11-21,1.375420184168992,0.9850476603951074,1.132082953355714,0.814253001869237,1.315862285630786,0.7488374834611724
2023-11-22,1.3826668936030617,0.9883089485763662,1.134876393249333,0.8109071721230658,1.3072272070951314,0.7554108695966404
2023-11-23,1.3863884296326914,0.9907404105895613,1.1277075599374546,0.8095131776811327,1.3192611280286146,0.7495756875934564
2023-11-24,1.3860745646825459,0.989691256703967,1.1336963140631608,0.810407444665081,1.3230629573384791,0.750198073167508
2023-11-27,1.3853742503202298,0.9953327754880178,1.133365526302726,0.8101386323692374,1.3217051437302776,0.7485924971924082
2023-11-28,1.385110043118358,0.9954355115023396,1.136743800125104,0.8061220143829492,1.3257657909885874,0.7430601705374781
2023-11-29,1.3838552600464784,1.0027888143898425,1.1331376031927454,0.8050666209986844,1.3273726879281416,0.7470131922551763
2023-11-30,1.385922431295054,0.9975383501631231,1.120497781980652,0.8019740299837917,1.3353410323516068,0.7475736863863218
2023-12-01,1.4000399532090777,1.0134650152670113,1.1311057815259316,0.8187409971347634,1.3392287114023287,0.7577075748239115
2023-12-04,1.4002241846822912,1.0041875653657577,1.1290373310108028,0.8145997174449,1.3315450683466927,0.7554063667825891
2023-12-05,1.400374113251709,1.0052422288749838,1.1374004172005243,0.8176581704146814,1.3338978155346,0.7589629693726417
2023-12-06,1.412681058619993,1.0147157610544209,1.1470235546294905,0.8269820928444886,1.3344611164012388,0.7731896571971912
2023-12-07,1.4096023889755709,1.0208835261317362,1.1557163399503891,0.8253796137174497,1.3292393264214815,0.772862236307254
2023-12-08,1.4215885219990136,1.0308730651347127,1.1592614585582428,0.8107430731759764,1.3459693687565026,0.776231573458833
2023-12-11,1.4248498867800334,1.0271254809942654,1.1579855653312714,0.8128778253440191,1.3506426893793715,0.7806639825872466
2023-12-12,1.4310355070005456,1.0212810807724677,1.1555249803232943,0.8095264340622012,1.3421719854489542,0.7755655749225634
2023-12-13,1.431586850112082,1.019075399399849,1.1629146683206242,0.8093645364950287,1.3469091066952836,0.7764451123692014
2023-12-14,1.4412502320539642,1.0402849606142068,1.1719440574178863,0.8379542381349818,1.3673281282981014,0.8095939357978783
2023-12-15,1.4295308051093532,1.0330563658560576,1.155170421798529,0.836345922483929,1.3455406060093844,0.8053044904760883
2023-12-18,1.4343183885977826,1.0354037894676338,1.1509738730073864,0.8297977498076236,1.3607405410323465,0.8037079044210365
2023-12-19,1.4405028055425289,1.0464515510161696,1.1593043133574492,0.8320815545217749,1.3619448269606587,0.8080355403143942
2023-12-20,1.4589157360821043,1.0548045794558683,1.1699811027681095,0.8442591113333904,1.3771746062083459,0.8189701829609004
2023-12-21,1.4570347161985209,1.0515509856236624,1.1602808743622537,0.8370628605645026,1.3699953574230486,0.8164256561588839
2023-12-22,1.4598709763855147,1.054338440314053,1.160153893426003,0.8349514797311052,1.3729155109182511,0.8121436999077588
2023-12-27,1.4637556003777692,1.0596130041286664,1.157680491548591,0.8423773490188758,1.3758200528540603,0.8175361257376562
2023-12-28,1.4620915111354662,1.055129425565888,1.1566428800688648,0.8410199020685845,1.372609723180005,0.8154759835192987
2023-12-29,1.4630381009657738,1.055376898224392,1.1564389211490702,0.8361382919693349,1.3745928422371503,0.8124053169933352
2024-01-02,1.4597239064075935,1.0482791007547785,1.1506377054896941,0.8290206996840038,1.3746596861700433,0.8029278971325926
2024-01-03,1.451598767729818,1.0328200110840868,1.1556128551862985,0.8137775414535343,1.3701595035519316,0.789812862557889
2024-01-04,1.462711129842304,1.0359482755334006,1.1667505860685192,0.8177271657416828,1.3768580011068061,0.7794178216970322
2024-01-05,1.4577697808622831,1.0285935705565172,1.1646761691985834,0.8148633161298005,1.3688827868094937,0.7738026932971294
2024-01-08,1.4725021063090957,1.0389456642849877,1.1634708394655162,0.8185757899133234,1.3607949649126472,0.7822257406211994
2024-01-09,1.4689308776405792,1.0354282014299443,1.1734587421602745,0.8153409180521713,1.3549106263395525,0.7749084194307013
2024-01-10,1.4683328109819254,1.0288719812388962,1.1697744594195878,0.8188708191870583,1.3314291948735542,0.7733403232047781
2024-01-11,1.4486890249687423,1.0175366726879822,1.154489678467715,0.813142752532325,1.321953194035218,0.7638495509214396
2024-01-12,1.459359028264963,1.031546123410304,1.1658052201825557,0.8153312716118499,1.3334271190550244,0.7694894289517101
2024-01-15,1.4546954428881604,1.0276855770361586,1.1688289458242487,0.8095467752784036,1.3337338692744514,0.7652667102047561
2024-01-16,1.449030823790265,1.0162551567245708,1.16735970940111,0.8060284502328929,1.3239611294159193,0.7612086598444732
2024-01-17,1.4369984793966213,0.9955022476235049,1.1438070062282877,0.7910085037768639,1.303495319861568,0.7434773242866703
2024-01-18,1.4408446012316305,0.9985471547918573,1.1364840190141303,0.794515602648249,1.3006556119314716,0.7501689303230407
2024-01-19,1.4391345997386458,0.9928664892461602,1.1338029612339122,0.7947936735751763,1.3015341835203331,0.7497283567702444
2024-01-22,1.4529657039683934,0.9979393755897634,1.139046685160922,0.8013420318702269,1.3098773151723706,0.7597031912355253
2024-01-23,1.4448318938236924,0.9946790475793694,1.1365389194987026,0.7983820820646311,1.3055116859484301,0.759472389294322
2024-01-24,1.4564702891491097,1.009142728069983,1.1393862170013567,0.8067751673653507,1.3133158961026818,0.7654484323346792
2024-01-25,1.4583377738080843,1.0006860414122771,1.1312929639947702,0.804037255960722,1.3304204006017777,0.7630966162757374
2024-01-26,1.4654751819647722,1.0114298374123998,1.1445862870415457,0.8183286805130873,1.3416060121997029,0.780110130138366
2024-01-29,1.4626543826039666,1.0071961303369736,1.1384070411973977,0.8193985312978982,1.3383018380563905,0.7702261377322048
2024-01-30,1.473117047154233,0.9997219112550013,1.142777789887439,0.820952105413841,1.3460163449272324,0.7679155791463479
2024-01-31,1.4649014084718444,0.9934548897920381,1.1508232208371594,0.8193976904612892,1.3348800939963998,0.7698753419302735
2024-02-01,1.456246867273957,0.984331168104105,1.146555347083103,0.8113758624216877,1.3378778010870194,0.7655126984966745
2024-02-02,1.4594951885763778,0.9807561027197288,1.143205989989189,0.8093261514273956,1.3333513829003274,0.7631554594789729
2024-02-05,1.4562610950795842,0.9679438592569873,1.1495986150186566,0.8044334693177956,1.322768972746149,0.7576537098601498
2024-02-06,1.4671142956944698,0.9707681168858472,1.1453182701064626,0.8142915472890497,1.3467532147516847,0.7632124471909105
2024-02-07,1.4578732606090705,0.9620113248905929,1.144509516748693,0.8090763972347292,1.3314019392056426,0.7541660636783951
2024-02-08,1.4577603063156774,0.9619595181891293,1.119135198675789,0.8074817587816152,1.3226339554734732,0.7488227557735545
2024-02-09,1.4622118382022085,0.9536283179178895,1.1125166188822118,0.8026283442063707,1.3219074246992801,0.743337609186639
2024-02-12,1.4695134059380903,0.9607050536126635,1.1160995584568436,0.8105809531741044,1.3228582074531776,0.7466106781379576
2024-02-13,1.450744365579331,0.9429124578908633,1.1107849551970552,0.7941328451716249,1.3115888196390697,0.7302885837502128
2024-02-14,1.464486555040179,0.9527063820694895,1.116831887250612,0.8007257431811218,1.318848344622486,0.7361242924137336
2024-02-15,1.4747120803988913,0.9602334661945586,1.1278250611471279,0.8091713015707814,1.3194913723179433,0.7468083764203072
2024-02-16,1.4953683406958564,0.9634550973433665,1.1330370104887748,0.8203944048491215,1.3366501788338425,0.7555278596844888
2024-02-19,1.500115333278697,0.9619068175190822,1.1341894314999952,0.816528707957882,1.3461708902611824,0.7541735168751276
2024-02-20,1.5076202767528428,0.9560951965296723,1.1473459371089716,0.8158327657032806,1.3347709841617807,0.7521008528569513
2024-02-21,1.505754612792168,0.9553128472125718,1.1453842036522768,0.8124931026335983,1.337584204390167,0.7502542491999274
2024-02-22,1.5266443993314025,0.955883996655232,1.134664008945378,0.8179930790090638,1.3350882190037823,0.7503581625418977
2024-02-23,1.530505515817998,0.9584025265004336,1.1332457441460004,0.8193890448387446,1.334413147578427,0.7499226986290563
2024-02-26,1.5336566626396602,0.9560343121617327,1.122390937064024,0.8166662317654348,1.3300201908127742,0.7437026967142406
2024-02-27,1.5272612369712886,0.9543088023685824,1.1280973367986786,0.8151380925862273,1.3317913352252073,0.7405407772122183
2024-02-28,1.5299522137223331,0.9493730707605242,1.1284305135936148,0.7954657236948552,1.3254184549273966,0.7269185464100867
2024-02-29,1.532578884967579,0.9551001566330828,1.1219196057497192,0.7984754443914412,1.3358356300313619,0.7310534525550487
2024-03-01,1.5505030780581044,0.9614648725220314,1.1185816197033518,0.8060730910829214,1.3542286759458009,0.7386575536523636
2024-03-04,1.5458850439155802,0.9631766005781746,1.112625028721611,0.7974470178220435,1.346665319976214,0.7286958336530969
2024-03-05,1.5498105009521508,0.9685358696577651,1.1261116030643474,0.7999220055650388,1.351138458474614,0.7257196441304126
2024-03-06,1.5626510082550393,0.9706364957179746,1.1302145271233,0.8067809333932451,1.3625564608930267,0.726416555582477
2024-03-07,1.5671401032780115,0.9680218499378385,1.1413628763813137,0.8246536416453604,1.3626610413394675,0.7287661241745054
2024-03-08,1.5658100782668716,0.966680770511796,1.1373399845133239,0.8252543879440682,1.3553697444093558,0.7260992771418346
2024-03-11,1.5609517744191297,0.9658257191810096,1.1367531703012739,0.825122119573425,1.3652176843598895,0.7247393543144243
2024-03-12,1.5822193747114972,0.9739122561584481,1.1259060714708566,0.828548547060856,1.3816402556478593,0.7263054262589579
2024-03-13,1.5795950163545889,0.9766541658354563,1.1326943579610758,0.8286682417921111,1.3820599991589104,0.7213476102619546
2024-03-14,1.5762078210403938,0.9763234270706187,1.1274276249073372,0.823277756773206,1.384776690381811,0.7131807379976687
2024-03-15,1.5736788593999085,0.9817151198420481,1.1240346659429044,0.8157641191604295,1.385418655917652,0.7138542645485619
2024-03-18,1.5728756407624787,0.9781040906857599,1.117444412403809,0.815325814406775,1.3883065464798736,0.7104952929203883
2024-03-19,1.5733470755793044,0.9728773776676921,1.1156857227814607,0.8085942969878477,1.3941007393729767,0.7084879179223209
2024-03-20,1.5756048614316798,0.9814751132529757,1.1252651982435515,0.8107805645511525,1.3903339993126056,0.7131399592497839
2024-03-21,1.6118389411016396,1.0037044307640188,1.1325330849320039,0.8271727526826912,1.4140014037558999,0.7289746746750229
2024-03-22,1.617465936421224,1.0101025370395065,1.1387441062436088,0.8283390321524503,1.4200045540129884,0.7297658511183267
2024-03-25,1.6129667399828778,1.0054743213614763,1.1386099110678585,0.8267078575394641,1.425531356957007,0.7249613502781285
2024-03-26,1.6252634320678612,1.0089618242099767,1.1322793104475828,0.8362263748497821,1.4308439141814193,0.7278711121404112
2024-03-27,1.6278566433300883,1.01792353266396,1.1403825399241436,0.8385848855081668,1.432271967848234,0.7273010123419997
2024-03-28,1.628493480463379,1.0197486490099161,1.13446723484693,0.8431270501351894,1.4357090990162875,0.7335894894666065
2024-04-02,1.6147988811808476,1.0173562266730167,1.1313416241065015,0.8316461983150081,1.4418904763230322,0.723005581336445
2024-04-03,1.6182072757179902,1.0209230890726466,1.124378103066012,0.831021675268432,1.445991088919205,0.7212026493003865
2024-04-04,1.6213142798887041,1.0248246265520236,1.1234572142138328,0.8356018876342506,1.4491999045519675,0.7251246946706489
2024-04-05,1.6115944741938606,1.0139130315783669,1.1017109235843796,0.8202119981122702,1.4403626921151234,0.7113656846237674
2024-04-08,1.6170714674400117,1.020062917941718,1.100765812120741,0.8287779099825908,1.4481115998218763,0.7176922938035863
2024-04-09,1.598738593524565,1.0192231215319827,1.0973315041335623,0.8274951325058972,1.4529237962944885,0.7186790187638444
2024-04-10,1.6039650822081861,1.019752666690194,1.0916404843500103,0.8242405075693866,1.4637093292968417,0.7138449354326903
2024-04-11,1.595239646422042,1.014870265300889,1.0886893754757736,0.8231829380398953,1.4636173876936323,0.7131607096171622
2024-04-12,1.5963052195916236,1.0231770592212395,1.1074653576891362,0.8245775808313663,1.4866208336105762,0.7104194410610608
2024-04-15,1.599948762949434,1.0157755919457256,1.1007030099625104,0.8235008375653087,1.4764179478819237,0.7117468019905155
2024-04-16,1.5692945362255044,0.9950700763670874,1.0831062824252993,0.808366937431268,1.4472241504049994,0.6994107131215789
2024-04-17,1.5728678994863874,1.0007578735765537,1.0816173494004369,0.8097377114142014,1.4503667420641497,0.7022775823571512
2024-04-18,1.5803589449827986,1.0093124509648497,1.0941041121131834,0.8093787181859372,1.450783740682217,0.7062302205369434
2024-04-19,1.5756803505804813,1.009486721551448,1.103174230928743,0.8097527916650378,1.4489017784128382,0.7096143980687334
2024-04-22,1.5985264027862018,1.018898574931934,1.1166244048122047,0.8193199420520099,1.4728784237347001,0.7200153191747571
2024-04-23,1.617955069485254,1.0274860552718186,1.1206984879812505,0.8219124391163917,1.4796975522069356,0.7237730112036791
2024-04-24,1.6166733698030886,1.0227954788195628,1.1131041546558011,0.8194790944972098,1.4779029407561877,0.7138513352961108
2024-04-25,1.6099202337016711,1.0143564630734037,1.105107842847895,0.8301547114478978,1.4798797109628943,0.7013904956191632
2024-04-26,1.62647643937791,1.0215649106082936,1.1109129400282198,0.8383818960367335,1.4912926979508898,0.7112635162727127
2024-04-29,1.6242734362225912,1.0299917626550672,1.1193184115330381,0.8449641248085691,1.4885706014827902,0.7149747851257796
2024-04-30,1.6213577585876744,1.0201723161761769,1.1230686253086166,0.8382264222709924,1.4903515558244984,0.7074765934274858
2024-05-01,1.617053856781653,1.0186829246819664,1.129094004985105,0.8370362366061838,1.4751560390113128,0.7050017587040383
2024-05-02,1.6157540213512667,1.0150984897324582,1.1274046344072104,0.840798779338654,1.488270624283553,0.7121795797715031
2024-05-03,1.6222769218173352,1.0204716081922998,1.1398904302298503,0.8569994848701228,1.4874789794300738,0.7231648841786168
2024-05-07,1.6438796956021569,1.0320777683479816,1.161222387652523,0.8704496813396374,1.4989399999051398,0.7345873469942323
2024-05-08,1.6617957569101272,1.037693984395842,1.1662102025745846,0.8729003449910633,1.5015539337216597,0.7368141364577951
2024-05-09,1.6645427538917021,1.0411023154220407,1.1773681131886493,0.8771450401272337,1.510712122195471,0.7397634092741447
2024-05-10,1.6726426524112945,1.0459688490875427,1.1794675756176183,0.8803389117218662,1.5228414501188632,0.7430455048945288
2024-05-13,1.6703256970041653,1.0460548083603354,1.1799429609136791,0.8750322351774471,1.5177350064774646,0.7390479406001863
2024-05-14,1.6719122378066595,1.0616909605038518,1.1912975837145379,0.8724833749133419,1.512019981741826,0.7447494475250346
2024-05-15,1.6702468392784673,1.0656263181488432,1.200445766951797,0.8799599131333764,1.5077502690007816,0.7570574505798965
2024-05-16,1.6683533127028367,1.0809051688174915,1.1938388333828067,0.8809573723912397,1.5068036804885783,0.7606797222036136
2024-05-17,1.6634429773931676,1.081304493085464,1.1930582567284775,0.8759985004698824,1.5027121624515494,0.7523945520367019
2024-05-20,1.6713657038834067,1.0911931338918137,1.168758730156373,0.8721985773666122,1.5057013611772907,0.752291317525722
2024-05-21,1.667350299092683,1.0801040260143295,1.1590353873983967,0.8686316573332235,1.5095447756321632,0.7476604814554564
2024-05-22,1.6599023719828645,1.0699138550704752,1.1629070832493653,0.8631911945083147,1.5031285600654751,0.7410917820074484
2024-05-23,1.6613964135106563,1.0671709766918858,1.1106169464987607,0.8585509519891,1.5008079207340683,0.735572527668722
2024-05-24,1.6637817952430694,1.0684468212368217,1.0919669881805159,0.8618767855491907,1.499548760530972,0.7380217070778216
2024-05-28,1.6543084691866148,1.0670306757158234,1.0760474666175417,0.8587098005878052,1.5021969739196632,0.7366742692156493
2024-05-29,1.6413107715624433,1.0550734141355738,1.0633459229536588,0.8466844945717608,1.4972175983784575,0.7251326923197722
2024-05-30,1.6474211944602597,1.0683079252364467,1.065532166736319,0.8582719583298141,1.499551509664993,0.737974386403111
2024-05-31,1.652326150123114,1.0613668317227087,1.089907967010978,0.8607393443080235,1.501028452345882,0.73425551972383
2024-06-03,1.6599483605641445,1.0714384488727222,1.0688906107189393,0.8664879467075923,1.4980059773646948,0.7434570778681187
2024-06-04,1.6522932345692403,1.0623901710049137,1.0860842404098654,0.866776660886111,1.4786722821317195,0.7397290920794545
2024-06-05,1.65115473893798,1.0670396531001025,1.0864025127859862,0.8665453163516671,1.4790719006175372,0.7370802252583083
2024-06-06,1.6632477594235324,1.0741667743830832,1.0770492384794244,0.8684885427219549,1.481295232701125,0.7405797312244735
2024-06-07,1.6580914839850713,1.0559760167254253,1.079029961347032,0.8539321812321797,1.464329627856539,0.7288208369691875
2024-06-10,1.6518982909396651,1.055046871575754,1.0771654713406724,0.8489622562856884,1.4687386310104245,0.722127865396017
2024-06-11,1.63526659252072,1.0446021215463808,1.0676036311215502,0.8417872028418345,1.4537772170910093,0.7125532034216608
2024-06-12,1.6594206909869444,1.0551235661207747,1.0771744319463086,0.865972150333631,1.4671360092084538,0.7193056906517854
2024-06-13,1.6477870107129535,1.0585650083725495,1.0869243346619597,0.8541029660965329,1.4472369421042455,0.706922075094045
2024-06-14,1.6402105325794782,1.0552992343503795,1.0794683853137126,0.8420744413933264,1.4429944983846414,0.7020821453666821
2024-06-17,1.6430024820480287,1.0511138547544034,1.0632800803587326,0.8392998791589611,1.448231727566372,0.7016485081589872
2024-06-18,1.6559680944015702,1.0597786201453203,1.0786855738780932,0.8475927769106595,1.458425874038363,0.7055362434869127
2024-06-19,1.6642334704459278,1.0572895550122612,1.0806024790561322,0.8361021207027449,1.4541949351102696,0.7001050661196594
2024-06-20,1.6836781408518053,1.070311499802517,1.0856241311769745,0.8448707106241666,1.4702178622265631,0.7111936727259641
2024-06-21,1.6690992175600186,1.062773804153007,1.0847382226681705,0.8391644423989998,1.4655563017453228,0.7082125909696944
2024-06-24,1.6797581567852518,1.0767916069267156,1.0863903618523159,0.8413155978217393,1.471384701614222,0.7155176951833555
2024-06-25,1.6633621445970483,1.0612853675330445,1.0843395914977108,0.8336866968074813,1.4693583682965004,0.7071737107814681
2024-06-26,1.6617082070385356,1.0583386971733346,1.0787761086223218,0.8335877882324808,1.4631287063216736,0.7025492590205878
2024-06-27,1.6606298117422174,1.0566688661934476,1.0594381441966711,0.832112369203536,1.4645905072912195,0.7009824635172408
2024-06-28,1.6547945901966876,1.0549142843899204,1.0599540941637946,0.8295916500534968,1.4641594595047438,0.6983913678349943
2024-07-01,1.6487931021149005,1.0592403779191042,1.0618135787258383,0.8264651332920496,1.4652472580867393,0.6992608293528981
2024-07-02,1.6374329215843908,1.050849393741829,1.0494399129148468,0.8230804004446387,1.4586602908952397,0.6965628147578211
2024-07-03,1.6543429410075616,1.0677096755967794,1.0664917761207386,0.8313822834950589,1.4658982864401084,0.7091130881206036
2024-07-04,1.6639890766932381,1.073205853122806,1.077330917236462,0.8349444319358177,1.4819281569394487,0.713027664862699
2024-07-05,1.6625788488256206,1.0778211778437432,1.0878970180444245,0.8395799476945854,1.479947752204245,0.7155818581705463
2024-07-08,1.6762396983037084,1.0725265341781731,1.0857782976065538,0.838456632271368,1.4682576788511947,0.7120992878008843
2024-07-09,1.6583206777104922,1.068785291431351,1.0910958038963476,0.8295053401118906,1.4449818864352975,0.7058207401243717
2024-07-10,1.6739575281710435,1.0798324775475903,1.1033046205407102,0.8392330218033692,1.458791916482031,0.7170716665468985
2024-07-11,1.6828771711715866,1.0871207538994059,1.1226912885382991,0.8462405130928335,1.4652238848499266,0.7267982215792774
2024-07-12,1.6878930077919219,1.089914272601945,1.1112207117861852,0.8492738245377928,1.4730124689388082,0.7287211794642927
2024-07-15,1.681300246533619,1.0787098798513497,1.0915581946934398,0.8329085139647397,1.4592490470021833,0.7227933779107089
2024-07-16,1.6894274974871388,1.0794372203390286,1.0741959044899645,0.8329184509758494,1.4578170585169663,0.7217133483864115
2024-07-17,1.6791420654568832,1.07538710819782,1.087540787531142,0.8275281871750694,1.4569494650423498,0.7217823759694886
2024-07-18,1.6740323358417568,1.06799778879923,1.0981246479179216,0.8301154568110924,1.464452428274693,0.7283604467652756
2024-07-19,1.669401433470429,1.06206432062427,1.0863213717671418,0.820433229219801,1.4575006713551297,0.7168687276468402
2024-07-22,1.6753256388500963,1.0651423723584021,1.086551425768308,0.8305748365869022,1.46991267773479,0.7214914200146479
2024-07-23,1.68327019132147,1.0586675710800695,1.084297350694645,0.8231219799335029,1.459700727084025,0.7179169863557365
2024-07-24,1.671411494177924,1.054923117277118,1.0827914259862375,0.8217731457430012,1.4626768344126435,0.715927042192345
2024-07-25,1.65898987701593,1.0508852994929503,1.0825406332969794,0.8214564443782373,1.4462726053307084,0.7182478258427143
2024-07-26,1.688906331468705,1.063519281647144,1.0949732105138377,0.8379388830304503,1.464924631684364,0.7252852045967414
2024-07-29,1.6893371430322983,1.0663780637068676,1.1011333391956775,0.8281356990470204,1.4665835239737848,0.7281211512432159
2024-07-30,1.6994657073831838,1.06769799613629,1.1016183294022746,0.8307991910705108,1.4681965849738252,0.7302110089505416
2024-07-31,1.7096701547139541,1.0795164826080674,1.1066195441053235,0.8411386031099013,1.4892853377160014,0.7343109467203006
2024-08-01,1.6889287480518154,1.0535516889901173,1.1075791973997704,0.8348133484600303,1.4791732578136192,0.7312638108827595
2024-08-02,1.6402499919479532,1.0296548813568196,1.12269812225563,0.8190248983898538,1.4461800697863259,0.7165865821047356
2024-08-05,1.6075017657680333,0.9971666245357147,1.0871109587740173,0.7992272751528358,1.4097716413876111,0.7007977132832444
2024-08-06,1.6162847131114402,0.9982835491268998,1.0851666008599898,0.8000690688990773,1.4119835445756366,0.7005208938285369
2024-08-07,1.6396515074106852,1.0164480862336607,1.0952105835774772,0.8095749658722532,1.4402183932509867,0.7099860244862708
2024-08-08,1.6382164581876222,1.0142177581265157,1.0878113247147982,0.8075490484957043,1.4290967615433259,0.7037436591217121
2024-08-09,1.644950341297533,1.0164311525466967,1.0958513588933616,0.8109334294362239,1.437088565835051,0.7061836307231946
2024-08-12,1.6581431667992415,1.0271456818197429,1.0946688438567822,0.811560835707012,1.4483111041235852,0.7052333847649268
2024-08-13,1.6619192753910346,1.0287631982097316,1.1059688773718765,0.8156071210480914,1.4556241943659425,0.7083922589524638
2024-08-14,1.6767913921204254,1.0357706134054256,1.1122915086158482,0.8233092438113944,1.4686058030971603,0.7156665876051387
2024-08-15,1.7018178072765775,1.0442866266021598,1.1097577331332784,0.8303372777297503,1.494194057628914,0.7189412407811502
2024-08-16,1.6993142661855258,1.0387203911649776,1.102782612103904,0.828596920858245,1.4869231493731756,0.7163947429061042
2024-08-19,1.7065349745055591,1.0505235922044336,1.1089615332483627,0.8347492154836758,1.491094773813201,0.723153930847975
2024-08-20,1.6921691490952435,1.0354550440524541,1.0969489396333822,0.8294423770535038,1.4712948386866866,0.7143392706983492
2024-08-21,1.6943242073446796,1.0433164404351305,1.0894692727659412,0.8350720417794616,1.4710791150541342,0.7193276388259541
2024-08-22,1.6994976420904262,1.0435341364216961,1.0938252850497225,0.8345521876612079,1.4733805391297818,0.7211809963825219
2024-08-23,1.7053174945273193,1.0454166792217785,1.1042904068287305,0.8408837384111323,1.48832411050053,0.729249427135423
2024-08-27,1.7088387917890284,1.044366431499592,1.108740176574593,0.8341785591707105,1.4877656268970603,0.7226827192759601
2024-08-28,1.7097956749390877,1.044866276763739,1.1167324548216275,0.8302591843620992,1.486761256427169,0.7181711917483625
2024-08-29,1.7241981725100854,1.0440037691996114,1.1189304788886902,0.8276085739486657,1.495818191433584,0.715838245865079
2024-08-30,1.7237193439544662,1.045689551404699,1.123341281116913,0.8320710547229322,1.4879315286403754,0.7191563242391523
2024-09-02,1.713338901180281,1.064187379180092,1.1246474473146892,0.8315260176201932,1.4896064505866118,0.719167788322378
2024-09-03,1.7035663545203605,1.0463625033934114,1.1298944210836026,0.8254916269705965,1.4679191910200626,0.7135775188613891
2024-09-04,1.6979114986047887,1.0388533162228883,1.1325530002277737,0.8193594686513076,1.457440163053737,0.7078731087310522
2024-09-05,1.695847314055295,1.027221738309323,1.1548881887650337,0.8231395270171915,1.4407125372866747,0.7119996946913836
2024-09-06,1.6711368265124669,1.019474828550702,1.1603134053909174,0.8160332519564953,1.427787382497428,0.70706606992571
2024-09-09,1.6946856792983358,1.0305220310494017,1.1725854945127236,0.8125743648054681,1.4438025132627021,0.7140578841668501
2024-09-10,1.6889389097620147,1.0234584500673767,1.1712391258715928,0.8148138171532341,1.4341387430808086,0.7149014128921741
2024-09-11,1.6846059492585579,1.026771139125678,1.1677231456210126,0.7986790189437191,1.4334715174844865,0.7151333175271737
2024-09-12,1.7041887818676626,1.0366262558867063,1.1612033449039831,0.8037090148621572,1.4427199228827383,0.7234002183356235
2024-09-13,1.7139827395913427,1.0554692111638868,1.1656208845272922,0.8141214518584061,1.4449605068123756,0.7302378686221455
2024-09-16,1.7132693920392525,1.057338180972333,1.1660090946841861,0.8153216014566013,1.451537500542525,0.7299781440650399
2024-09-17,1.7169045152967997,1.0592308037180898,1.176014209389508,0.8318669773243489,1.464217529345315,0.7353494780066606
2024-09-18,1.7050139099432184,1.0550083317986805,1.1652586309490132,0.826424522941062,1.4544252110370122,0.7258377408616955
2024-09-19,1.734782413974124,1.0586575360684651,1.1517429948409459,0.8358726785423577,1.466023236329611,0.7382620432262423
2024-09-20,1.7139850210965124,1.0460439466344307,1.145164305550743,0.8191690645827993,1.4465908766348738,0.7225475688197701
2024-09-23,1.7203418075838688,1.0544663061533213,1.148434804416234,0.8224493766802485,1.444905615274724,0.7272390901798147
2024-09-24,1.7214057215719953,1.060312333857108,1.1495397032401427,0.8260912081014862,1.4369198897504436,0.729226564356957
2024-09-25,1.7175524285616037,1.0636247962033243,1.1486586088782347,0.8293075182383531,1.4265741412753066,0.727385420201826
2024-09-26,1.7250707220747197,1.067742002160695,1.1461269319535232,0.8416572896601224,1.4111904732863305,0.738962657837896
2024-09-27,1.7285829356229383,1.0723128763398688,1.148790452433398,0.8469653097945524,1.4146898246116815,0.747570000243907
2024-09-30,1.7064798391051703,1.0524385310970283,1.1355141829227433,0.8326353900652639,1.4009052160294673,0.7385210573196661
2024-10-01,1.6975280623116324,1.0550461676569987,1.1504456454848226,0.8324309816671718,1.4083230774235072,0.7361290389937231
2024-10-02,1.6977112161649877,1.053384015254121,1.1270192325256054,0.8282226607803611,1.4182329790019517,0.729615797864757
2024-10-03,1.6967853422229078,1.0453805660455857,1.1212841991884626,0.8254445458430782,1.4229276557652142,0.7270009425246379
2024-10-04,1.708814681537058,1.0501489897787506,1.1065734965033422,0.8272599500219783,1.4247890747099523,0.7281032736160361
2024-10-07,1.7089256021753791,1.043652660695092,1.102181520614276,0.8243961972819437,1.4288941129153012,0.7230493093849248
2024-10-08,1.6995517828226496,1.0300752418658348,1.0974981222574003,0.8130032205050413,1.4067364083310776,0.711154545155793
2024-10-09,1.7185682845943084,1.0381737623766245,1.1049797036966298,0.8221837338150053,1.4148099354581425,0.718015957812671
2024-10-10,1.7176434966356529,1.0389390837167936,1.1053253552157354,0.8154698916233065,1.4083733436818995,0.7128432909704251
2024-10-11,1.7308353718664233,1.0410361441015943,1.106215088426634,0.8169967122626531,1.3999368258842746,0.7153704309981823
2024-10-14,1.741887501242105,1.0415515476221395,1.1216216236094285,0.8193880415998315,1.4059697317524136,0.7136982789759503
2024-10-15,1.7431699754397219,1.0356656528511003,1.1321188810917457,0.8169286263681129,1.3874818058792855,0.7130619993197387
2024-10-16,1.7567371932475166,1.0498934744959467,1.163582509552475,0.8261324731200701,1.3993063925519187,0.7267340820029403
2024-10-17,1.77512246766849,1.0584479069546138,1.156061072505634,0.8394587885179483,1.4125191629664597,0.72663502832678
2024-10-18,1.7751483214617045,1.054968934346023,1.1538438240090694,0.8364994930411715,1.4056303046406986,0.726028214915404
2024-10-21,1.7560170553248362,1.051158245058189,1.1460412139636842,0.8266119382119336,1.4019181278267716,0.7158939119722183
2024-10-22,1.7541306810256998,1.0547131406412464,1.1400168448046484,0.8248020783408377,1.3989418118087062,0.7134444604943834
2024-10-23,1.7414586362396198,1.043564833809936,1.1413065201440185,0.8232439482084305,1.3858666763461953,0.7103758071640666
2024-10-24,1.7404350773770594,1.0456695705663737,1.1302847405931857,0.8239356758886015,1.384050517451841,0.7044067922980032
2024-10-25,1.7359602404707966,1.0357645905781439,1.1244811315607832,0.8277796904102811,1.3836485277497756,0.699437286761308
2024-10-28,1.7428846878394155,1.0459565044317605,1.1242784556181638,0.8327676308795514,1.3844501797235966,0.7036508073892589
2024-10-29,1.7298338945735925,1.0265044265921486,1.1152415773986781,0.8252173334418285,1.356200635524418,0.6949008259276956
2024-10-30,1.7315452670664262,1.027828687254044,1.1064821884161884,0.8214328201518213,1.349455955989473,0.6945668418721551
2024-10-31,1.7123683307379673,1.0160558536392692,1.080975233941589,0.8056942374005872,1.342688367664606,0.6738115566381335
2024-11-01,1.733524498732488,1.0262917519788894,1.0943993489249089,0.8152843598170086,1.3500948432783269,0.6767545086362308
2024-11-04,1.7304684628909317,1.0218158580260164,1.0899366558975288,0.8145393488046602,1.352134176595145,0.6771937402334652
2024-11-05,1.7485023040873744,1.0347347227204933,1.098449269819226,0.8166943945863913,1.3382374936868335,0.6702391117301545
2024-11-06,1.7799551709960564,1.0267018740276208,1.0838867036000244,0.8041862578080218,1.335227705617017,0.660182873337067
2024-11-07,1.7746450640465592,1.0241434400081835,1.0839595848068373,0.8120961459237758,1.3246227172171674,0.6648613034738073
2024-11-08,1.7647319034038587,1.0154665460490075,1.0842082581359884,0.8039979391438584,1.3116008579033167,0.6585153510992213
2024-11-11,1.7924360492606284,1.0179408825452925,1.0978639846002896,0.8054619398705235,1.3129394893893427,0.6623697114249258
2024-11-12,1.7794669750752052,1.000574410842704,1.0778511489635862,0.8036083110499566,1.3000537394736962,0.6489209090029239
2024-11-13,1.7810061228265093,1.00055465735846,1.0681118890566468,0.7977770188113186,1.2941745512782596,0.6430994733938064
2024-11-14,1.7855429111260042,1.003837175912347,1.0853939629481315,0.8097405749971904,1.3005200410130044,0.6517536555902784
2024-11-15,1.7795599511848517,1.0057935776991813,1.0791697527143207,0.8122666216836104,1.2987621281725796,0.6538262383675711
2024-11-18,1.786448208175161,1.021254897527484,1.0827136528251813,0.8142985516082016,1.3074295110467495,0.6526932554183283
2024-11-19,1.7784371285532665,1.022170585273985,1.0821446566910802,0.8156388042199381,1.3084983194159887,0.6540875668778533
2024-11-20,1.7804167287151842,1.0144297863990601,1.0821989347300978,0.8085145374742424,1.2925087562326374,0.6483095435897354
2024-11-21,1.8059141222423,1.0244129195858835,1.0839120382967293,0.811738626496587,1.3084113703978721,0.6437454988503356
2024-11-22,1.8256020551936614,1.0373719727631567,1.1052448328960442,0.8243140904507389,1.328507238781322,0.6545296156083759
2024-11-25,1.836243622654449,1.0464637076137402,1.1026855483014557,0.8167660879814836,1.32543858180623,0.6667361056381899
2024-11-26,1.831275218766433,1.0499256144036258,1.0955699552267537,0.8147678031477656,1.3125290876511924,0.6600500808356405
2024-11-27,1.8345330217023594,1.0578380892948924,1.1009892787402904,0.8184863913914822,1.3174744802725222,0.6635611242780234
2024-11-28,1.8412370727031075,1.0592290810312759,1.101951537841497,0.816879639660731,1.3292541477953161,0.665533229257571
2024-11-29,1.83873597600969,1.0634988887190238,1.0963692132232543,0.8179376134445694,1.3299364386080783,0.6649732374113302
2024-12-02,1.8499040468469135,1.0684021976188645,1.0966961411905225,0.8187184396319861,1.330699260539303,0.6659661484446315
2024-12-03,1.8631407964332567,1.0731393808545462,1.096501687827556,0.8214402914663469,1.3475869695713028,0.6637333236774888
2024-12-04,1.8687868383169453,1.073756339538846,1.0928984809029434,0.8210370408894189,1.343790551374005,0.6684156769993718
2024-12-05,1.8729513379106058,1.0731239340551053,1.1000256503764996,0.8162892772044238,1.3430295140272046,0.6675494159581113
2024-12-06,1.8652753014042078,1.0696193612155913,1.082562176524994,0.8143934475768831,1.3452283040899888,0.6677470262582206
2024-12-09,1.8572778861084205,1.0776120635795934,1.083734077765656,0.822287698271881,1.362658745036676,0.6710803438543644
2024-12-10,1.8428212636805177,1.0681855486259244,1.0724545677973563,0.8174398163796132,1.3559035339891452,0.6682446130057006
2024-12-11,1.854491273626231,1.0729008766586576,1.0594842190645335,0.8190018456059664,1.3541802092325583,0.6682781575122471
2024-12-12,1.8574157056826943,1.0617543796006317,1.066726373178131,0.8151209857507046,1.3526742846030282,0.6678582986626637
2024-12-13,1.8606460653277628,1.0572537578491805,1.0672521595405138,0.81304570066952,1.3498606204433656,0.6657478562422863
2024-12-16,1.859230090294195,1.051113725985639,1.0589982328884302,0.8051722049147716,1.3368272208629093,0.6569393517227642
2024-12-17,1.8409935674219065,1.0402508470319825,1.0545978017071376,0.8000946183999602,1.319708888926199,0.6511237474112137
2024-12-18,1.850137087883821,1.046775082725979,1.0490197397422818,0.8011177284539389,1.3205871256180095,0.6501436340735062
2024-12-19,1.8248138937425722,1.0289595691204345,1.0461607179696168,0.7853962661555226,1.3054388932194811,0.640716976972187
2024-12-20,1.8200209764959652,1.0295558951041792,1.0415215256471142,0.7877141552911073,1.3013452418349007,0.6403618412689459
2024-12-23,1.8202204677009695,1.032272198506253,1.0446347027868297,0.7874041854488968,1.307150047074471,0.6395080234019661
2024-12-24,1.8301723783622315,1.0409949720447862,1.0503898393539532,0.7906057401103858,1.3141470618481728,0.6426070374118961
2024-12-27,1.8286001589319356,1.0385637101241176,1.0484105907757582,0.7881150353127797,1.3166255167107697,0.6426953534872887
2024-12-30,1.8245391244297589,1.033740844214423,1.047356901512759,0.7844556615303784,1.314230182024149,0.6403767919331991
2024-12-31,1.8297719154866212,1.0382490767705586,1.0508412307317256,0.7933624818022674,1.3285717158275898,0.6496910274330728
2025-01-02,1.8498907905949746,1.056583974999192,1.0610126008444063,0.7945569727232459,1.3439414155756597,0.6482017712781338
2025-01-03,1.84113937377149,1.0512587383290346,1.0470974501311987,0.7906515852170302,1.3491687296645605,0.639724597612425
2025-01-06,1.8440170960827402,1.0582420653328635,1.0447014785021282,0.7919161983982335,1.3631838589281922,0.6453421897316345
2025-01-07,1.8435067103437137,1.0536883151311212,1.0418840468692252,0.7885516254595526,1.3628138493314776,0.6423891365500749
2025-01-08,1.8430393644586458,1.0430143677459658,1.0202564047447311,0.7807745335651789,1.3492093654007988,0.6287044847816111
2025-01-09,1.845444406281197,1.0520609283534885,1.01952303812396,0.7831688651301022,1.3542989091991926,0.6343577722965786
2025-01-10,1.8254520788708886,1.0409657268348564,1.005841324079895,0.7767032129721205,1.3425653010729748,0.6209441098127165
2025-01-13,1.8145306739146139,1.0377393739987417,1.0028376385413282,0.7764302922458225,1.3486620853287796,0.6195118700335063
2025-01-14,1.815502445341931,1.047074730933001,0.9919023695074977,0.7732389992953764,1.3326858279469587,0.618991816438613
2025-01-15,1.8477323579325586,1.0589772854003197,1.028359328446606,0.7879348424470153,1.3541496829398727,0.6389818228844855
2025-01-16,1.870455966453644,1.0690057368707724,1.034519019517632,0.7975647120585486,1.3662691661036266,0.6417873012485424
2025-01-17,1.8912988640701933,1.081164732141893,1.0422098720298945,0.811506123569499,1.3823445901457458,0.6528357743083326
2025-01-20,1.8976455750508705,1.087354563679132,1.0380897206647326,0.8131064513788213,1.378936262715264,0.6556660895820732
2025-01-21,1.90706884051288,1.0886116198915798,1.0457284418371942,0.817364450714014,1.3786442731783173,0.6584839251077507
2025-01-22,1.9153798937132613,1.0924805081473346,1.030896013577222,0.8161754069119468,1.3872047850455107,0.6572325190519747
2025-01-23,1.9234158142369142,1.0850756111345394,1.0346292652372735,0.8169879208124418,1.387468848416702,0.657243482477594
2025-01-24,1.9057605626906484,1.081749839341024,1.0210726388398166,0.8214967552205444,1.3758886692544934,0.6582379993718643
2025-01-27,1.8924055242424276,1.0825335746377174,1.0303356179827023,0.813327289039507,1.3714597693197104,0.6600646108299665
2025-01-28,1.9020531871434672,1.093892339688215,1.0400984138437173,0.8218942045328123,1.3803435772334633,0.6672594277621684
2025-01-29,1.9194566423412251,1.0964917424197818,1.044767449884721,0.8225393973215319,1.3846991963129178,0.6672732787929003
2025-01-30,1.9361495248791074,1.123375939874547,1.053407154560466,0.8343886913826377,1.4011365719925863,0.677822144309388
2025-01-31,1.9505697155504653,1.1197899422612598,1.055329180532471,0.8388786019827925,1.405729420389605,0.6820813683688862
2025-02-03,1.929787314357139,1.115194040819296,1.0484606416025695,0.8263072460408826,1.391983829404138,0.672982640581934
2025-02-04,1.932088564023657,1.1161877204619237,1.0419797044509347,0.825373259239912,1.3908644008349274,0.6721093646036457
2025-02-05,1.9424712100922619,1.1272479600464405,1.059442481494172,0.8275923168843115,1.4015540766703485,0.6752932291884627
2025-02-06,1.9645255880099912,1.1332090209006564,1.0453734040435292,0.8355284313754445,1.4265890831737518,0.6826202470319802
2025-02-07,1.9592877504161144,1.131632073076442,1.0417150819169898,0.8297080043600733,1.4150202445582174,0.6733009505373321
2025-02-10,1.9694136195449496,1.1445822129250989,1.0453276809719578,0.8360146112584187,1.4425585957327,0.6800633842766476
2025-02-11,1.9809845092519844,1.1392863264993554,1.0338589914416367,0.8332492865274177,1.4479193276476237,0.6726383796064026
2025-02-12,1.9863514224476801,1.1371016577276185,1.024372461629217,0.8380808040728173,1.455072861043583,0.6793773483309941
2025-02-13,1.9876261968433002,1.1325806277787251,1.02533845416479,0.8461147538008199,1.4598737382528026,0.6860994708286207
2025-02-14,1.9842207518579331,1.1324885362901111,1.0250893760952513,0.8507947663132981,1.4595695182290207,0.6858739294789392
2025-02-17,2.0042516759919775,1.1286816837391784,1.0205519710722843,0.8499598194571928,1.4596770263688672,0.6864144869924447
2025-02-18,2.00293336308722,1.1213238115073174,1.0125739729984342,0.8463916912378419,1.452795095139685,0.6847177900930622
2025-02-19,1.989904274478645,1.1022084769549245,1.012046545019124,0.8347474115288557,1.4436847612940689,0.673980817386207
2025-02-20,1.9781737827543742,1.099937091568193,1.0099722285826342,0.8342734868910363,1.4342599784347476,0.6731818144218146
2025-02-21,1.9822379318626544,1.0975650620068726,1.0122194969613216,0.8300747042259193,1.4329013981042495,0.6748327941769842
2025-02-24,1.976333815126297,1.0981581039377482,1.0289479539904132,0.8264778973010489,1.43040697992952,0.6736204192731258
2025-02-25,1.9811243711163626,1.0932520641245806,1.0304168318263824,0.8209932307258818,1.4223411204288485,0.6730307259311712
2025-02-26,2.0097901034897494,1.1063629824861165,1.032430283317677,0.8297348630161252,1.4291711106092368,0.6792109639309383
2025-02-27,2.031942921600629,1.0986992770085333,1.0208079136043349,0.8192814477803583,1.4193714278664278,0.6720244729229777
2025-02-28,2.0463069238258957,1.1078403285206828,1.0333674841616183,0.8153764041002932,1.4153562320568296,0.673361696222579
2025-03-03,2.072285965010953,1.1183040482565523,1.021052343145592,0.8173051832045022,1.4152477396676078,0.6779339106299908
2025-03-04,2.034982895383721,1.105074014455411,1.0272062606564585,0.8049992601649475,1.3752986703173724,0.6689174515792576
2025-03-05,2.0528153279742796,1.1172505604001963,1.000158524129006,0.8077694143217129,1.373306984528306,0.6717884541335924
2025-03-06,2.039088962354199,1.0975013719636888,0.9968892514011044,0.8011753899005973,1.3822526545457712,0.6757575610451522
2025-03-07,2.0214296855915017,1.0908574026234212,1.0059669862015141,0.7995084473066219,1.3824574861335552,0.6768948677053707
2025-03-10,1.9785984723502146,1.0868546466931983,1.0284017221640296,0.797207432584469,1.3742190085922488,0.6724402776161649
2025-03-11,1.959542415193187,1.078174399067685,1.02803537714103,0.7871370464577524,1.3572134672184828,0.6652861170973732
2025-03-12,1.9799347008956416,1.0867286948964552,1.0179086745617758,0.7833062316823173,1.3705190267951604,0.6627142510796639
2025-03-13,1.9653156613114164,1.0913812577260145,1.0157409872576237,0.7790502186524393,1.3726514758312296,0.6562467282489038
2025-03-14,1.9929975773343527,1.1123755772412471,1.0261690850984133,0.7836097742505267,1.3775996440520095,0.6630837898325378
2025-03-17,1.993158571195892,1.1187544183902982,1.0313911036903047,0.7894699212437591,1.3819875874514937,0.6689463603428224
2025-03-18,2.0112094985151665,1.1262094987474844,1.0300442291218155,0.7887717708708967,1.3878406299319832,0.6719057077419023
2025-03-19,2.012714901086632,1.1282382393038197,1.0265691349074613,0.7907787599498881,1.3933678481330385,0.6683772674719753
2025-03-20,1.998223957537664,1.1264233347174835,1.043704762540304,0.7944884599273533,1.4006481633775092,0.6694062583515225
2025-03-21,1.9855722440666326,1.1156840112829085,1.033891645508364,0.7880295586588488,1.3884464957203908,0.6608178730350096
2025-03-24,1.9962092369229725,1.1206080433310066,1.0212503632277337,0.7903136550671067,1.3800822537453628,0.6600134368042784
2025-03-25,2.0097806656088535,1.1288827811796378,1.021817802478222,0.7809225251149582,1.382164691081392,0.6612596982626414
2025-03-26,2.0129665429522974,1.1290945679501763,1.0287480006719736,0.7822436546945898,1.3849690868117885,0.6609913711559937
2025-03-27,2.01118206346031,1.1193836733019238,1.0230116878478697,0.7814213706800086,1.3818305723039406,0.650877510327188
2025-03-28,1.996974185051608,1.1132709553569766,1.0445818920833145,0.7831952005577459,1.3787050645729235,0.6523886921470714
2025-03-31,1.971939698001163,1.1032646973247349,1.0412731837578335,0.7734850064956845,1.3673368641224404,0.6406465559844957
2025-04-01,1.9932916458345238,1.1143276416747556,1.0448665707124842,0.7782847857476721,1.367542929183884,0.6434384503302363
2025-04-02,1.991043816000414,1.1117235241475834,1.041762044815978,0.7772294962422918,1.365109921187113,0.6385453261881737
2025-04-03,1.9565886167748339,1.0986329613593537,1.0799653609316826,0.7650376200819504,1.3290550777176622,0.6263061678580266
2025-04-04,1.8509966385548189,1.0319757298868677,1.0546647292692855,0.7306809739634688,1.2599946154695267,0.5954542411430348
2025-04-07,1.7783267227093817,0.9954422630215324,1.0004360024746628,0.6979601773391036,1.2074983780677155,0.5732807203647723
2025-04-08,1.843733303625535,1.026114955279686,1.0195281485226555,0.7161190750381473,1.2314726884710403,0.5862574541864859
2025-04-09,1.8051330519998094,1.0165005315597393,0.9942584919273266,0.6923645701690749,1.185196698855727,0.5703482062654959
2025-04-10,1.876544655698808,1.0532162603824833,1.0181893962490014,0.7218724923297988,1.2111804473359948,0.5915060852188422
2025-04-11,1.8823876759984661,1.0742941159811934,1.0339528454917886,0.7286787763507578,1.208775705275283,0.5935352052788602
2025-04-14,1.9271005569056845,1.10158607190555,1.048535448942287,0.7420140856587388,1.2424381122672212,0.6093190623464609
2025-04-15,1.9686126348065065,1.1214342480165636,1.0703290030968893,0.7541075789953023,1.2618005931595389,0.6194204996054172
2025-04-16,1.9562294134036322,1.126055633204524,1.0808399442451517,0.7542343499632144,1.2704049055376012,0.6230679033005371
2025-04-17,1.952588265816783,1.1202514343453343,1.0830319186765485,0.760955088353157,1.2754259924313056,0.626590890375324
2025-04-22,1.9632534536133714,1.1261796362552356,1.0904600574952983,0.7582627609653619,1.2763873283363927,0.6305784660224364
2025-04-23,1.9922539263034198,1.124099349979754,1.0760315769009654,0.7603133547433818,1.282093111889257,0.6377252930004446
2025-04-24,1.9932767550053105,1.1273150710875348,1.0830076729254294,0.7624201575054607,1.2915342446945002,0.6365266215342787
2025-04-25,2.0051342428781367,1.130967516304645,1.0816456121277676,0.7661313032825418,1.2982208048018187,0.6387047365096725
2025-04-28,2.001195243651127,1.1378520612411538,1.0870034558753525,0.7684515290787122,1.3008535707562032,0.6418616779943883
2025-04-29,2.014863862385312,1.1336130715758201,1.0978807386167415,0.7757112898912036,1.307325612846917,0.6441795236705593
2025-04-30,2.028231297694273,1.1384239666601437,1.1166756999766527,0.7768848335533106,1.310000065941234,0.6453375016416268
2025-05-01,2.039725087755011,1.135122173503992,1.1220595655648753,0.7867671656948431,1.3159455468921468,0.6564689059334302
2025-05-02,2.061652644880683,1.1509190358884525,1.109626951636051,0.7942229286051016,1.3223546037762215,0.6612501837426794
2025-05-06,2.0670004102462247,1.1587550819008705,1.120687777033402,0.7964444419793505,1.3266908737578833,0.6623149235218813
2025-05-07,2.060788505844907,1.1542347335087697,1.1113950408870228,0.791052522486618,1.3263018079080517,0.661341373707659
2025-05-08,2.0684692161842513,1.1414860341837099,1.0970133907353437,0.7932060063441925,1.326010312537272,0.6623433658861038
2025-05-09,2.0682144841385672,1.1531352768181768,1.100286112683089,0.7980171287908925,1.342661721548835,0.6655045746772293
2025-05-12,2.0774060019124314,1.1525319612021145,1.0898402011501394,0.8054993310365368,1.3530841352388212,0.673638994076471
2025-05-13,2.090014034532305,1.15553983079388,1.0727491228524515,0.8055140669039527,1.3628380447345987,0.676192189063793
2025-05-14,2.0912787784258744,1.1603340912556777,1.0784233719571843,0.8142421938133954,1.357748785875651,0.6756109915669285
2025-05-15,2.094890391732,1.1701884958171367,1.0945961869584493,0.8191937560672969,1.3466961289985169,0.6798153493002329
2025-05-16,2.1045711379028003,1.1740538179712285,1.1100018350413594,0.8193338396525113,1.358223181295605,0.6823031854141405
2025-05-19,2.116725289341662,1.1778393622493188,1.116706578182943,0.8195864099328459,1.3569914572302082,0.6805520321294921
2025-05-20,2.140673432155448,1.1902616997214184,1.1332181051025982,0.8256043860571388,1.3688716009145288,0.6872457718947329
2025-05-21,2.1473611359986675,1.1967704001220472,1.13685936752098,0.8218496015178229,1.3647898803280494,0.6798152390987093
2025-05-22,2.1563366570367135,1.193889307208823,1.1272553822008022,0.8025654439526626,1.347554661738078,0.6721554355910733
2025-05-23,2.1472933889288615,1.19526462945244,1.1292690220770323,0.80386088962848,1.344939341399522,0.6665196633544445
2025-05-27,2.1660345544603876,1.2022316805723694,1.1352408500465068,0.8121681791161749,1.361767521116587,0.6744568094092539
2025-05-28,2.1533247491205856,1.1989083873209354,1.1283103118219386,0.807304925420124,1.3579678059881513,0.67239597557144
2025-05-29,2.1471972250024614,1.202261415221409,1.1175056948490893,0.8068411229312851,1.3549572936576262,0.679467887446689
2025-05-30,2.1553601054577602,1.211695817696325,1.138646963065104,0.8088114467735085,1.362002501085707,0.6799345954257419
2025-06-02,2.165081181956196,1.2219295264501233,1.1415820834979746,0.8113312561755927,1.3639447875946593,0.6797286138470042
2025-06-03,2.1771283531178076,1.2261417002487136,1.1275399778626594,0.8079755219457563,1.3690720633232176,0.676408084644981
2025-06-04,2.1867538596223444,1.23226910815245,1.1266423050887864,0.8133463687224236,1.363305147488891,0.678256976330247
2025-06-05,2.1904083903109592,1.2407973131760572,1.1250992166599,0.8150926069527301,1.3543760979514978,0.6787134273400417
2025-06-06,2.195250188080272,1.234377248269315,1.1265721699474203,0.8104355445746795,1.364130349758611,0.6797027069191913
2025-06-09,2.1929462142693006,1.2449546403241627,1.1269216796577004,0.8116320579787086,1.365516768023682,0.6833005029835499
2025-06-10,2.1814191402202585,1.2374974837134196,1.1384280343203115,0.8178352238836566,1.3899646643560952,0.6926245928171592
2025-06-11,2.186591360084698,1.2473594214303159,1.1450033526300598,0.8169188710585636,1.3905615113044418,0.6906822281631064
2025-06-12,2.1801189430238264,1.2584085513964711,1.1506965125740838,0.8198361865707693,1.3957935720166343,0.6867001419144546
2025-06-13,2.1682110186788264,1.2596001109355262,1.1409050005188537,0.8100005816127681,1.396043927902164,0.6790143308601233
2025-06-16,2.185290394776837,1.2631173026332754,1.1373841305237107,0.8129841935233064,1.3965459922108108,0.6852085501261407
2025-06-17,2.1726820054082077,1.260229318017226,1.131869993051553,0.8087440321057365,1.3975093114686186,0.6817553157894656
2025-06-18,2.1817900096985756,1.2684174482544703,1.1311454142057593,0.8084122851771073,1.394433361471784,0.6828248874730284
2025-06-19,2.160807523168646,1.2595968836435847,1.1245187460401225,0.7967481111470505,1.40100633558984,0.6776369389910274
2025-06-20,2.164746396468544,1.2615760544944876,1.1147792745122596,0.790926988277239,1.390821858372739,0.6800941774650083
2025-06-23,2.155117298188041,1.2641011663982868,1.1278080475067553,0.7893478719980025,1.386625537397094,0.6764396355440665
2025-06-24,2.172989222006917,1.2600975978191102,1.1351964731410278,0.7965474768983672,1.369488956427796,0.6859636153482097
2025-06-25,2.18135223438715,1.2640730134032496,1.1257175078879085,0.7944712812053457,1.3582525988108096,0.6822741265543801
2025-06-26,2.1948988290540927,1.2768439861093048,1.1310050979447175,0.8055236916483971,1.3672401008984514,0.6921371501868838
2025-06-27,2.2139134298280303,1.274742016296899,1.1312031021496944,0.8167117206789615,1.3726180986303886,0.6982696864701626
2025-06-30,2.2136488854367316,1.2766149995510696,1.1279474644922574,0.8149573065469475,1.3568890767894253,0.6915093515593437
2025-07-01,2.196130220729191,1.280239556115042,1.145566941488198,0.8210083908037766,1.3656512120728264,0.6974229330291166
2025-07-02,2.173469353218063,1.2740432845153467,1.1191956738669746,0.8146890958212687,1.3653474136303083,0.6876081007628159
2025-07-03,2.2033044890563227,1.2885483922111969,1.1281149875777055,0.8204646243187679,1.3721394895362373,0.6918574321001794
2025-07-04,2.198251460647539,1.2856667873759682,1.1296824666865564,0.8135799363226908,1.3710973488733262,0.6871574321045957
2025-07-07,2.2075925090440327,1.2905326326653033,1.1215269544816062,0.8114037123014757,1.3558372586883947,0.6852536339684915
2025-07-08,2.210366787313662,1.2915733237634601,1.1211982410096428,0.8084638639292663,1.3696262121769536,0.68811688108158
2025-07-09,2.2154997951953934,1.2945064685651413,1.128540576748957,0.8049643954828138,1.373360596093846,0.6906902058473048
2025-07-10,2.2259442448895803,1.3032497679588904,1.1293456006497253,0.8112648978798158,1.3876117921234814,0.6984524585182271
2025-07-11,2.2242813493900098,1.3110630301047506,1.1178846956336304,0.8058462128756972,1.3893242375364867,0.6915666212591595
2025-07-14,2.2428274835008093,1.3197118042837164,1.1325795105795866,0.8083314302030137,1.3875753924212062,0.69265225839718
2025-07-15,2.230829178959985,1.3033929274186313,1.1265619580061081,0.8047025952216106,1.3800251752472217,0.6841978552807909
2025-07-16,2.2321649795453227,1.3040920853964335,1.1301693118922476,0.8004936207340684,1.3843227775654143,0.6811105203535992
2025-07-17,2.2562606058408763,1.3119665715472861,1.1323071666338245,0.8052305958186021,1.3932079989461994,0.6859450946150003
2025-07-18,2.260691068970893,1.3143880518130546,1.1399675983520903,0.8169559507113234,1.402948022664873,0.689586475097847
2025-07-21,2.267053563975682,1.322284868706817,1.15368828468175,0.8223136610645428,1.408762049465903,0.6953870662377645
2025-07-22,2.2552104193687326,1.319492651779431,1.1716319069292707,0.8229691188771376,1.4099809754857222,0.6955571315537216
2025-07-23,2.2571564655479714,1.3205923652829383,1.1553352912129158,0.8230911675957505,1.4217134357244565,0.6983855355607684
2025-07-24,2.2664155102023096,1.3553153993611258,1.1462447987759903,0.8336965609979892,1.4432213927889261,0.7036721386533799
2025-07-25,2.2650366232230374,1.3464019851971962,1.1452643384584729,0.8332955877834352,1.4444274213752715,0.7010239643500118
2025-07-28,2.249499348471798,1.3371963292052425,1.1367366884022252,0.8306406630857993,1.4447815594875448,0.6973706415085482
2025-07-29,2.270658969741863,1.3381433225669574,1.1299582871316203,0.8220660824282706,1.4512563126707911,0.6918034587093984
2025-07-30,2.2668739349086313,1.3439882171366222,1.1432004192716865,0.8201635408543466,1.4563169155163542,0.6897518641964951
2025-07-31,2.2910570684902516,1.3507913437227408,1.1370596766282823,0.8226180222959217,1.4607431426142805,0.6919004356186759
2025-08-01,2.2676234258096373,1.3565231007600944,1.1377292742909944,0.8042821837079894,1.442157156694141,0.6842404621480538
2025-08-04,2.289712606439696,1.3750114609755968,1.1431945650574866,0.8050548806241917,1.4445549582495594,0.690043952965962
2025-08-05,2.2806213068380745,1.3850341723316852,1.1446569113417149,0.8060891518412915,1.4508993250853455,0.7019427028147438
2025-08-06,2.2824403316953994,1.3978578679941636,1.1448293588791147,0.812151117378652,1.4605037412934243,0.705594518623517
2025-08-07,2.270522021732364,1.391154443938727,1.1328290171982942,0.8135921144535497,1.4469611461173766,0.7013584922694021
2025-08-08,2.2674609338840543,1.3910999248509848,1.1263104122215541,0.8139882947130819,1.4461621484868867,0.7016640419517537
2025-08-11,2.2763953671731327,1.4052260458827963,1.1240130918015774,0.8088493159912796,1.4477155926104968,0.700881379541228
2025-08-12,2.2833480458629505,1.4157743012448396,1.1119174293028364,0.8060718906184999,1.4549635390445737,0.7051815046837133
2025-08-13,2.2724958198658354,1.4152394466238214,1.1201386354332614,0.8069407384085617,1.4576058745984637,0.7045546235339565
2025-08-14,2.2847336614579254,1.4169822022549947,1.128629268860583,0.8041812844581687,1.462757442655372,0.70181586644721
2025-08-15,2.2627845020563027,1.4092269189940871,1.128899043427414,0.8026089070658506,1.466565223606531,0.7005459940690392
2025-08-18,2.273407195796623,1.4086894370018823,1.1261699468551505,0.7984058721246121,1.469639312844592,0.6974590468579978
2025-08-19,2.268750021032889,1.3985018954681154,1.1255480011497487,0.8085459115228049,1.480803510749826,0.7056919232562773
2025-08-20,2.2774242404346317,1.409093924349554,1.1456561509269267,0.8152343948776296,1.4866388421733476,0.7106869933545911
2025-08-21,2.279749249987091,1.4147024393184704,1.1521333707264245,0.8128338362694286,1.49067397401379,0.7051196614682833
2025-08-22,2.2904827154499645,1.4203456191065216,1.1498445874452952,0.8217646051489168,1.4966492025980955,0.712714232878286
2025-08-26,2.283255636438031,1.419528410262533,1.1417822693494517,0.8108801609865882,1.4904154056121552,0.704614933638289
2025-08-27,2.274778939880082,1.4220044386965744,1.1482470508802662,0.8107030549143068,1.4887008294959727,0.7044041649011016
2025-08-28,2.2651213282426994,1.4131907360989688,1.1375981115451246,0.8101451487660932,1.4836349966647648,0.7033456804422215
2025-08-29,2.252460742508843,1.4153672506431227,1.1294604878477095,0.8071489878264427,1.4855357740600255,0.6974485417106842
2025-09-01,2.2634251771696143,1.4160131681217407,1.1092165064429285,0.803398137010716,1.4861390170535846,0.6953107805479717
2025-09-02,2.2258012954931554,1.4019829839957456,1.0831094865906399,0.7901157382593417,1.4760903407665242,0.677343216277844
2025-09-03,2.239661595398791,1.4134485219070314,1.0922044956036323,0.7983270673560633,1.476799945572075,0.6817109955559407
2025-09-04,2.25615440209417,1.4274568718724758,1.0983567859752734,0.8007970888573538,1.477722389567164,0.6833007921405652
2025-09-05,2.2602841203544615,1.4367971799972867,1.1130630773748538,0.8083999589309919,1.4635415734820332,0.6873636965044356
2025-09-08,2.280556801345564,1.4340380238968937,1.112793705585278,0.8145286011922994,1.4690693053191046,0.6868165020575357
2025-09-09,2.2867427026030698,1.445217028831137,1.1138756424479546,0.8128470160476602,1.4650432917318095,0.686820452787299
2025-09-10,2.2828956997632996,1.4335795109467957,1.1139011637462384,0.8114313470949722,1.4628330002331384,0.6848312005772683
2025-09-11,2.307752674329249,1.4419345117027016,1.1198234748630402,0.8110284574512922,1.4720075605031677,0.6875386454542428
2025-09-12,2.315930690818318,1.441472089991284,1.1273025324340102,0.8080099246796663,1.465207910658292,0.6838758971349455
2025-09-15,2.333581526375892,1.4378342249784142,1.1281290050349326,0.8064633625248199,1.4648135329679535,0.6895089225791128
2025-09-16,2.30570259190389,1.434086255408458,1.116816435495908,0.8048717250388274,1.464142506729363,0.6843717747144188
2025-09-17,2.3155171280917677,1.4310603177828085,1.1221731284502539,0.8085128468860948,1.4667950815821773,0.6893483864291824
2025-09-18,2.3316701162222127,1.4300716539839682,1.1181812537965719,0.8143345835320108,1.4710094862091936,0.691939356524882
2025-09-19,2.3240877461634213,1.4337240672290095,1.1211533066348616,0.8127392359128119,1.4678324113719499,0.6891922978997586
2025-09-22,2.326178705989913,1.4487044520378143,1.124605531601924,0.8104683921235377,1.47018970407114,0.689181974859412
2025-09-23,2.331971345947222,1.4427975878207322,1.1231243819637313,0.8268542167014463,1.475361885210937,0.691238094473417
2025-09-24,2.342048320727961,1.4419717804609447,1.1277211022055251,0.8319686835828146,1.47616890683711,0.6920390531795667
2025-09-25,2.329471154390219,1.439863453900366,1.121036442213714,0.8267205132040434,1.4676442177791655,0.6891770625434281
2025-09-26,2.3529075836368802,1.4480083593366355,1.130566395382657,0.8332881103142078,1.479670440129943,0.6913933268605706
2025-09-29,2.3588817313044,1.4532688499043493,1.1358828594660924,0.8420147536735368,1.4792549968961661,0.6985766095795926
2025-09-30,2.380707693817542,1.4779168198823864,1.1540774141166799,0.8516826197649622,1.4756014954183791,0.7010581368774017
2025-10-01,2.372445221845979,1.4817631860969998,1.1699111970232623,0.8563151415894011,1.4996020104554122,0.7077909028197693
2025-10-02,2.373860417232691,1.4685349874099407,1.163305342693979,0.8612559248628554,1.5012778730226022,0.7077935826157308
2025-10-03,2.3891612560341486,1.4712600129214384,1.167539779481219,0.8674896355829415,1.5106606671372,0.7143024640750909
2025-10-06,2.380214293711686,1.4777583750758643,1.169487258537188,0.8630213255738471,1.5210668664426166,0.710230304014571
2025-10-07,2.377447104243881,1.4762473957254987,1.1730088699202843,0.8651812553329151,1.5212661103159149,0.7035918672701262
2025-10-08,2.4023055752676186,1.484405237006485,1.1727429225816979,0.8698114467052094,1.5130468858471855,0.7032719619576632
2025-10-09,2.3913760665465587,1.4843774415101707,1.1841219034671464,0.8682580780501096,1.5187855954932135,0.7028675732602431
2025-10-10,2.3721821272588834,1.4657747012079103,1.1870540275097112,0.8606067252343137,1.4940384488835619,0.6959282456464722
2025-10-13,2.376917193237169,1.4908964180938085,1.186215816562674,0.8676687160584344,1.4947612765735856,0.7057480088732258
2025-10-14,2.373267171145278,1.4871679691910338,1.1907161784822735,0.8644877739975233,1.4900788086903962,0.70524753879419
2025-10-15,2.357726725391552,1.4879324102875777,1.1972177330962412,0.8723003436570532,1.4849111275156142,0.7055025764603421
2025-10-16,2.3673737351054354,1.48638308804024,1.1855163022442536,0.8729551128322981,1.475202153053042,0.7090339124290176
2025-10-17,2.3279764035581803,1.4564761399168205,1.18864576156942,0.8689330610371108,1.4640220665272905,0.7009465547940368
2025-10-20,2.3467732053506554,1.4679809592642774,1.1899741266546957,0.8731245595674065,1.4657198313467883,0.7038549489706099
2025-10-21,2.358997924110044,1.4417575752877594,1.2046629965498052,0.8767244702545166,1.470181083256172,0.7085270918957703
2025-10-22,2.3749593576657086,1.4454819968086101,1.2235944363157316,0.8885474697305219,1.4964875413173793,0.7249375942094811
2025-10-23,2.388985882488271,1.4678231434885127,1.2186493827007048,0.9018948170234654,1.514170456080461,0.7231560350473762
2025-10-24,2.413794133993105,1.4746296646605472,1.2193777883913575,0.9079807928978189,1.5212030406251582,0.7281668596722226
2025-10-27,2.425744083755689,1.4684042405606934,1.215808169605929,0.9064103066312817,1.5211156077145291,0.7277249457098206
2025-10-28,2.436424537800661,1.5135622846478205,1.214360704329755,0.9031912414982077,1.5144047331341517,0.7270767862033971
2025-10-29,2.4416777056364674,1.523106249545549,1.223869836248033,0.9037197142138255,1.5222576860501893,0.7249404734617938
2025-10-30,2.45052737358635,1.5270972639378295,1.225829389396383,0.8981979089275126,1.5281464637385853,0.7189768181601749
2025-10-31,2.442992282220637,1.5261442449747367,1.2174452511764953,0.8924384363507982,1.5126119785052219,0.7153244936931182
2025-11-03,2.4400031467281136,1.546671943348086,1.205876956839083,0.8840763153419757,1.510019706744428,0.7120378043882226
2025-11-04,2.4281967292572673,1.536840652646869,1.2101884693231686,0.8824286881688805,1.5099582135302982,0.7110088237854199
2025-11-05,2.440206081687172,1.5439057729874204,1.2220424809282255,0.8869501357104732,1.5264530601010249,0.7135293721006075
2025-11-06,2.4173952863481074,1.5420954920231127,1.223618938925564,0.878883255534536,1.527749300938637,0.7043180001691243
2025-11-07,2.3940989758819615,1.5251662362040461,1.218349422232348,0.8726388334657084,1.522052978844823,0.703986513433146
2025-11-10,2.4283975977073986,1.5433714492810466,1.2248742507327262,0.8809068921218036,1.5365700805395173,0.7131941471804177
2025-11-11,2.4323549291258715,1.556903268427803,1.2340280353092454,0.8891434003128658,1.5563943263046143,0.7224685020939379
2025-11-12,2.43144029180487,1.5732051464534533,1.2695798926235156,0.8896244678091146,1.5481517292314282,0.7220456609980118
2025-11-13,2.3984034997335013,1.5734262877216156,1.261483336233692,0.8840703307710055,1.5202288166482718,0.7195940650241476
2025-11-14,2.3658113311072397,1.5484596434563649,1.2454569645593263,0.8766695000138732,1.5121737033509095,0.7058006005650472
2025-11-17,2.3488978090522767,1.543608788796308,1.2503256634454865,0.8651957088415757,1.5094594486076016,0.6997272386310671
2025-11-18,2.3201627572116448,1.5208026097553493,1.2404324246577805,0.8541153480492493,1.5080802659088273,0.6915177175248436
2025-11-19,2.306317280364021,1.5166030409736022,1.2267939916702544,0.8534123896868493,1.5101953212183834,0.6887714264298769
2025-11-20,2.325771616811298,1.5362459588664557,1.2243748642349868,0.8483276699484118,1.5148929471493398,0.6861381814098032
2025-11-21,2.318009418419042,1.5173722664419351,1.2367758757229597,0.8494217792832415,1.5139475546268133,0.6879157778939665
2025-11-24,2.3221317144805576,1.523808564131975,1.2340986655521038,0.8520807789532785,1.5203075044901426,0.690432175727752
2025-11-25,2.335725013638036,1.5541531755174125,1.2421855541469673,0.8633329050897991,1.5240404013409667,0.6990194760599915
2025-11-26,2.362975198185515,1.5879406652734094,1.2568329385130272,0.8692699742219099,1.5334580251462542,0.7106203051870562
2025-11-27,2.373206760607214,1.586490382164598,1.2571529379107462,0.8697916221971057,1.5295134453378672,0.7144594962788646
2025-11-28,2.379122531532792,1.5931413134298538,1.237511255482935,0.8694938612807935,1.5315779507302119,0.7144287077396401
2025-12-01,2.362852415142845,1.5997604870100608,1.236897872467721,0.8745003472058547,1.531303992010262,0.7098415264843058
2025-12-02,2.370159160188534,1.596875672926666,1.2382438148017778,0.8720455230985533,1.526270492434037,0.7114553404542446
2025-12-03,2.3676052607151896,1.6030067267240946,1.2357544210560636,0.8788676036675723,1.5140941898536444,0.7117057478953988
2025-12-04,2.390201433977936,1.606023907656635,1.2319111221424797,0.8814613279542456,1.5163223042796372,0.7120355977092921
2025-12-05,2.3808874979346246,1.5993996723369168,1.219410216639165,0.8816587000493521,1.509037286566029,0.7127547727138065
2025-12-08,2.3886234720566217,1.594715764614057,1.214763664652277,0.8709652906929837,1.4976267179564542,0.7063620293969508
2025-12-09,2.3890769776518503,1.603953312537606,1.2072148527102262,0.8672352984288534,1.4957469619740171,0.7049732443757131
2025-12-10,2.3911564271022407,1.5950708276403314,1.1943584745888984,0.8698308078366718,1.4906060822128977,0.7008004540270302
2025-12-11,2.3970270454336955,1.6034388838507754,1.1984066061549445,0.8781032912217422,1.4937278060230093,0.704124649507034
2025-12-12,2.388768502118019,1.5958714249999675,1.1991038791457085,0.8743671813603465,1.4878638997642877,0.6980107957881504
2025-12-15,2.4218136730348077,1.6181655931177703,1.2072490364556872,0.8818264235465361,1.4976269531879431,0.7019621505352589
2025-12-16,2.4064801008108416,1.629523011136998,1.2043039905575472,0.8829321034874781,1.479808314170811,0.706887894512889
2025-12-17,2.417177908413653,1.6357749342813854,1.2254941155727745,0.8873320877154316,1.4848534883651046,0.7143041287512044
2025-12-18,2.441801705939216,1.6622033822324778,1.226910350494036,0.8948210599423082,1.4877189154428716,0.7203545692713518
2025-12-19,2.456768540434887,1.6765948018092642,1.2276303813341907,0.8950800255120882,1.4984920187805693,0.7210534522423252
2025-12-22,2.447518685262134,1.6914868548253497,1.2185508931139077,0.8893711103822547,1.497618148213723,0.720585424001909
2025-12-23,2.4483405190792613,1.6975347165049548,1.222068024270181,0.8923531051885689,1.4988659572833785,0.721625031022336
2025-12-24,2.4419546526146463,1.6939618675986485,1.2201773149197102,0.8929089180765513,1.4953677183246141,0.7232404090505422
2025-12-29,2.434021118962987,1.6943852915457454,1.2282026579792928,0.8937211443359243,1.5017816071642334,0.7259681228665391
2025-12-30,2.4557140939833766,1.7336408239505525,1.2387718616148558,0.9001367231578179,1.511686850421518,0.7328643934375687
2025-12-31,2.4516520648944864,1.727654888567538,1.2319615587896822,0.8998257118421502,1.5096274193340495,0.7303567467808812
