Date,Cluster 1,Cluster 2,Cluster 3,Cluster 4,Cluster 5
2021-01-04,1.0,1.0,1.0,1.0,1.0
2021-01-05,1.0034710161188443,1.003055683959094,0.9932971987997616,1.0008677255000655,1.0187353376970347
2021-01-06,1.0348890053827053,1.0270759293146916,1.0237675369702586,1.0299800167105448,1.0453881723238216
2021-01-07,1.0337365205282445,1.0244631041382903,1.0182707835511404,1.0313075778337109,1.0555073735011522
2021-01-08,1.0327211241447114,1.0161841703214616,1.0219903811884963,1.0361005131470156,1.0515922647908231
2021-01-11,1.0183247505864168,1.0062532517545506,1.0119397289196463,1.020840628348066,1.0427419592608604
2021-01-12,1.0127005049877909,1.000448470670574,1.00211561025292,1.0100287159113681,1.039662802106894
2021-01-13,1.008826425147395,0.9989985359291365,1.0104117613351504,1.0095284817956771,1.0438712546352396
2021-01-14,1.0162234912392047,1.0027427205294588,1.0133815909638084,1.020258023530026,1.046210217022933
2021-01-15,1.00262005501705,0.9935054580675857,1.0147465286569295,1.0068846113512204,1.0347388664204409
2021-01-18,0.9997796617578246,0.987391627721322,1.0084662928450365,1.0108957375823941,1.032769422092382
2021-01-19,0.9944227240706938,0.9797437176406673,1.008768597517313,1.0009233730837714,1.0350305612372863
2021-01-20,1.006384076149548,0.990432206229356,1.0094823881548376,1.0128615397500889,1.0370623487607311
2021-01-21,1.0073963855361583,0.9807555704074241,1.0041592598549334,1.0114300563562788,1.0374095486243007
2021-01-22,0.9974942938939046,0.9721838504221183,1.0101642053283792,1.0094772389051134,1.0341761494324047
2021-01-25,0.9830027260122246,0.9571698357322126,1.0155929767107197,0.9985333811070782,1.030557034192288
2021-01-26,0.9886458618097778,0.9548281546604476,1.0055852375785297,1.002094031666117,1.0346105930749179
2021-01-27,0.9793270214164762,0.9288148093374908,0.9954555356318614,0.989230347141513,1.0273397894761802
2021-01-28,0.9802409083894695,0.9371686056217107,0.9885645061172715,0.9887093512798967,1.0195937717591308
2021-01-29,0.9651648355049486,0.9253434849538779,0.97326764198377,0.9704644458043976,1.0011955580698364
2021-02-01,0.9759209225148119,0.948721319523801,0.9910241146107192,0.9876287859694479,1.0022638020752044
2021-02-02,0.9916661007808263,0.9528138354633254,0.9997721676340934,0.9974083741574413,1.0019946970549427
2021-02-03,0.9895704039139639,0.9544222691491007,0.9875847750752854,0.9971049480621218,1.0031313951445733
2021-02-04,0.9941663778274545,0.9484177581717789,0.9861406926381759,1.0027723399264918,1.003174806262741
2021-02-05,1.0005527557883824,0.9479782544225762,0.9819163943279192,1.00432335845696,1.0003307277304905
2021-02-08,1.0041739394706943,0.9481800733290563,0.9734923437121349,1.0066937050063405,1.0080449754260388
2021-02-09,1.0029970669861596,0.9468477831621426,0.9790480594397172,1.0069186992541987,1.008153283116845
2021-02-10,0.9978889363280103,0.9452287492017596,0.9801040633921261,1.0065403910206092,1.0053040388764032
2021-02-11,1.000952946859787,0.9457782232154681,0.9837196205403704,1.0122144378624718,1.0049056229975948
2021-02-12,1.0066088155348432,0.9500233352599564,0.9879276721768472,1.017888265249547,1.0160200521321183
2021-02-15,1.0236330204129827,0.9769717891489107,1.0116790241862608,1.041967164701566,1.0429194744474888
2021-02-16,1.0267042207860853,0.97552296978705,0.9940744503354093,1.0391459037300652,1.0394470089558847
2021-02-17,1.0160442790703377,0.9597735841811779,0.9959606721743343,1.0293531268674792,1.0384310078643948
2021-02-18,1.0007227609086093,0.9525351468531554,0.98115914634222,1.01786709636111,1.0290501683627533
2021-02-19,1.0073302579753691,0.9579389317058986,0.9763355498128622,1.0241017436113151,1.02474771843988
2021-02-22,1.0096938816839969,0.9564950130970522,0.9675773313581203,1.0150615162734113,1.0267139474469724
2021-02-23,1.0133131691949544,0.9594437414667254,0.9718761514622013,1.0145955333579797,1.030609042837857
2021-02-24,1.0214364547076167,0.9582495685084023,0.9706376378828502,1.0214786236962272,1.043762067524842
2021-02-25,1.0169617840938736,0.949930791821692,0.9628142416273779,1.0172220605939248,1.0384240488734204
2021-02-26,0.9964048400008351,0.9223594885991887,0.9409907152074047,0.9885903883497241,1.0137078668388564
2021-03-01,1.0127348388289785,0.9399122661282082,0.9561122234415386,1.0108002459604888,1.02465371423491
2021-03-02,1.0149547513793435,0.9402624801136182,0.9553943188599018,1.012768407341771,1.0255867787686646
2021-03-03,1.0243642268753843,0.9520606735061601,0.9517347040245938,1.0252432150457127,1.0352963306944625
2021-03-04,1.0161967351738468,0.9481059448302399,0.9619649973670076,1.0111171898780233,1.0404560510196914
2021-03-05,1.0072474964422562,0.9416424244128809,0.9616052195409451,0.9976452999841854,1.0414157274119797
2021-03-08,1.024378890659541,0.9516267255457067,0.9654186988229739,1.013398233542268,1.0463384671174365
2021-03-09,1.0291002830294673,0.9655058591795621,0.9708113578048626,1.0211320554832637,1.0530986603765915
2021-03-10,1.024812081912499,0.9684131489885923,0.9709369515880901,1.0226722817320044,1.0614707885094405
2021-03-11,1.0270107491509783,0.9712790114514346,0.9737912193587602,1.0292210966855388,1.0608185025571903
2021-03-12,1.0296937163049231,0.9677494214605218,0.9753797207376151,1.0328202296834612,1.0639565473206065
2021-03-15,1.0321676735910816,0.9687064706279916,0.9784770116541154,1.0301724783431192,1.05722703935284
2021-03-16,1.04254037646594,0.985041232876985,0.9935284216420679,1.0473715270584618,1.0675469075357051
2021-03-17,1.035206053864097,0.9848250155539083,0.9745955074892548,1.0355264107327518,1.0622638751136426
2021-03-18,1.0363751189697157,0.9883672430925101,0.9753095190133648,1.0396953550261212,1.0633736660869757
2021-03-19,1.0237629614789578,0.9812355561051709,0.9742222076778336,1.0295170827635922,1.0566033772606254
2021-03-22,1.0198930782059847,0.9781921505491946,0.9775472913886122,1.0327434105172832,1.0634624502750636
2021-03-23,1.0136127010906089,0.9684510166323398,0.9863507783621089,1.0304750456714022,1.0540247631182489
2021-03-24,1.0176773046515661,0.9686551571125587,0.987433780126009,1.036224988569017,1.0538121552737882
2021-03-25,1.0128840074497585,0.9617824558239071,0.9971093010101479,1.032221997769015,1.0483687156035117
2021-03-26,1.0223529842060888,0.9769776863009958,0.9965849772580812,1.039025720517196,1.0588894038577115
2021-03-29,1.018013339286593,0.9720000796254017,1.006024712867364,1.0316659669072,1.057460598379533
2021-03-30,1.0308281868171567,0.978824529441295,0.9975581361041908,1.0416523203580579,1.059120648154941
2021-03-31,1.0261392528233284,0.9782687113427853,0.999960584926348,1.0315444748599896,1.0506238412337754
2021-04-01,1.036814768680152,0.9923216826175357,1.002904063308383,1.0461127275403268,1.0490091575919556
2021-04-06,1.0481790099871267,1.000359469842124,1.0180865761626114,1.0591102010910975,1.059906011471398
2021-04-07,1.0587021393601177,1.009194975808086,1.0232684039275368,1.0692410211190106,1.0674893232355582
2021-04-08,1.0648871144951382,1.0210669400110028,1.0350509882930885,1.0785174036358447,1.0704922318794494
2021-04-09,1.0636785405310787,1.017001861488186,1.0352573412601593,1.081748802691421,1.0675491913077677
2021-04-12,1.0619698014269354,1.0105719479178317,1.0343691149103356,1.073366066062134,1.075148332814044
2021-04-13,1.0696491283039513,1.0150330651318487,1.0230804753223177,1.0796521655778897,1.0755861180394384
2021-04-14,1.0730337436579986,1.0068857595142557,1.0254210297824635,1.0819062508733401,1.0873163342388867
2021-04-15,1.075045465106725,1.0159662561924954,1.0428323643890445,1.0875209061454303,1.094438904669394
2021-04-16,1.082511777584644,1.021570558916286,1.0384643375125469,1.0948291674908612,1.0927149526616855
2021-04-19,1.0804273876827812,1.018315759375787,1.0432857221490122,1.0916815102682018,1.0928635068342625
2021-04-20,1.0547087209692187,0.9905251548096232,1.0318537195724695,1.0760659658355352,1.0747379731157944
2021-04-21,1.056670429802478,0.9924926160620834,1.027129853209363,1.0787961459717712,1.087320863136572
2021-04-22,1.0646825624009166,0.9977303543912307,1.0396376111468613,1.0901128410866334,1.0927067357328561
2021-04-23,1.0640832242543548,0.9992674976645849,1.0324261184698973,1.0919158440183507,1.0838316717803576
2021-04-26,1.0777754623501214,1.0089536596812863,1.0249676020999277,1.0964034721827556,1.0910595896022386
2021-04-27,1.0724900525771672,1.0025694597463217,1.0213400727645345,1.0943871872060729,1.0830763487900168
2021-04-28,1.0749711632231624,0.9965657927221747,1.021917875113441,1.0949812648172266,1.0818162569444658
2021-04-29,1.077089310976353,0.9899016987529203,1.0140128518079063,1.0939022721666247,1.0818367574165415
2021-04-30,1.0749096073288202,0.9927121596365674,1.0263201060106333,1.091855102324183,1.0941092375679995
2021-05-04,1.0606188980630444,0.9910155145692685,1.0204851680408462,1.0834813240478147,1.085969195819028
2021-05-05,1.073854104446771,1.0029707758568072,1.0228270570201283,1.0983543172296975,1.100084892304997
2021-05-06,1.0777682690180532,1.015286941288915,1.0349158862565133,1.103020833618868,1.090717216311909
2021-05-07,1.0902133428072935,1.0257433279875046,1.043079373380979,1.1110648377487125,1.100507113549297
2021-05-10,1.0867825937890971,1.0265895500000293,1.0346248460358753,1.1070894217749345,1.1002529406316055
2021-05-11,1.0553981671212396,0.9997130492541586,1.0091458411548675,1.076344639624713,1.0720652508681323
2021-05-12,1.0574283695011366,1.0059059480447505,1.0154839424046633,1.0777633568941025,1.0837479051226968
2021-05-13,1.0562671652088529,0.9978988985319155,1.0239252608868183,1.0695805688301163,1.084448849548295
2021-05-14,1.0712216726602721,1.0120317936517023,1.044756910220758,1.0860312205474774,1.097541579538768
2021-05-17,1.0630005159041565,1.0162755913465424,1.0346148179972305,1.0819584601524144,1.0992897221276308
2021-05-18,1.0673024345426074,1.0175298380883264,1.0361334619590552,1.0832138718043738,1.099438185776827
2021-05-19,1.0580767408630665,1.01032371196883,1.0299057936048162,1.0700862397340605,1.0879342314829765
2021-05-20,1.0672135426980576,1.0200699706338543,1.0431001081425162,1.0851772863370335,1.0982383842925652
2021-05-21,1.0696130562058273,1.0200073755526242,1.040188110546433,1.080519490541666,1.1002365945124113
2021-05-24,1.076699586040538,1.0232855919155808,1.043220655544433,1.0877154206402253,1.1049061917510232
2021-05-25,1.0784759938719481,1.0159953853107042,1.0443873180548733,1.084431436871497,1.1001272750478543
2021-05-26,1.0834655305010625,1.0239447389024499,1.0513070732354362,1.0851900134749737,1.1012834952952888
2021-05-27,1.0867954096764414,1.0320181382759612,1.0386416831199925,1.083680419598275,1.0955013723634444
2021-05-28,1.0847788705314756,1.0324618617823367,1.0380547323177038,1.0893527066206892,1.0973307919958675
2021-06-01,1.0910156588183662,1.0466645645869512,1.0525603977771578,1.0983788615337207,1.1120697198370117
2021-06-02,1.0936620349592383,1.0448068739524823,1.051097397978096,1.1029661246821947,1.1171960671592398
2021-06-03,1.086238908939475,1.035739234457701,1.0403294086065493,1.0945188484799122,1.1176633193844017
2021-06-04,1.0850136005564102,1.0379487152560372,1.0415586842351168,1.0956948773393709,1.1184582928078224
2021-06-07,1.0902368269690648,1.0441473923536555,1.0466638757485993,1.0985980219088687,1.1199737235553677
2021-06-08,1.0924103167495836,1.042492584616079,1.0519946493410943,1.103887162116703,1.1264997839534232
2021-06-09,1.0889936778169254,1.0381121089316105,1.0512617232817807,1.0935522614940072,1.1251414307511156
2021-06-10,1.0847956207987053,1.0435234932747242,1.0527461112474616,1.0902908488715,1.1203632374143078
2021-06-11,1.0912603744051281,1.0524545172907838,1.0610578077013495,1.0996081740133477,1.126371239666583
2021-06-14,1.0879633448957604,1.0219338051528313,1.0628815146144124,1.1036994988323612,1.1415205277310074
2021-06-15,1.0887224124004946,1.0253949869183696,1.0664799126699671,1.1034987164176895,1.142385968517267
2021-06-16,1.0929111716037108,1.029011350875262,1.0717327312439722,1.1047793162940331,1.1462707037429696
2021-06-17,1.0934576463049164,1.0260560903699945,1.0721324332381752,1.0991013921694444,1.1379572839868477
2021-06-18,1.07519791137623,1.0030940252745828,1.0549109161293058,1.0777352770408142,1.121690088360185
2021-06-21,1.0840009481371318,1.0129232559357033,1.0566506200481973,1.0875933457163642,1.137891200585846
2021-06-22,1.0877104358306993,1.0190990249469325,1.0579116530219965,1.0954054208363535,1.1497366550847752
2021-06-23,1.0819288220196817,1.0156267963879482,1.0529661285873677,1.0927484223773982,1.1492151479545318
2021-06-24,1.0831133083624378,1.0074647669920085,1.0495017119229422,1.0961936737809592,1.1522808076534865
2021-06-25,1.0854687328507737,1.0082445665720408,1.04744477144819,1.1017029980706823,1.1585343805348125
2021-06-28,1.07620391256496,1.0005274422855894,1.0454877967626413,1.0877768934287444,1.1470446984692262
2021-06-29,1.0758190248059731,0.9983259396893108,1.0447621037420438,1.0901184683917098,1.1479598114171432
2021-06-30,1.0687085089941146,0.98958180387226,1.0377245649416191,1.0822773190211536,1.139740965074262
2021-07-01,1.0846444468628043,1.0049553079378812,1.049429909777933,1.0945640470960938,1.1542201601467936
2021-07-02,1.0861320615294099,1.0085691979732523,1.0533178486567583,1.098679118101137,1.152354220730123
2021-07-05,1.0951402188772739,1.017142797828015,1.0573150325528256,1.108523602421554,1.1631580624829803
2021-07-06,1.0885050378424597,1.0080102648560914,1.0633549173923684,1.100749052270411,1.1516885291805987
2021-07-07,1.0929168100137323,1.0155959400075731,1.0743371318077246,1.1105911940135607,1.1595194533031379
2021-07-08,1.076478321422721,0.9927312710365137,1.0590348654617279,1.0889454224559552,1.1437189827531893
2021-07-09,1.0907184957269558,1.006979089341299,1.067912454593509,1.109866299222426,1.1533757296501241
2021-07-12,1.0899583188110114,1.0046194329099285,1.0685870496526741,1.112298680405206,1.1609921280969306
2021-07-13,1.0901382044591097,1.0050736842481884,1.0711628108316622,1.1143922015718595,1.1649075918662495
2021-07-14,1.0854160077879889,1.0017327703851777,1.059648520450099,1.1079291135104874,1.1586870443867683
2021-07-15,1.0732166756928392,0.992370620352822,1.0463068878557051,1.0978024854142803,1.1405390785869662
2021-07-16,1.0727380577323318,0.9903231980522982,1.0613101313437385,1.0963678589458303,1.1394046474457782
2021-07-19,1.0434844550146047,0.9611999322964976,1.046301927316522,1.0705205985545834,1.1138045992393482
2021-07-20,1.0507400865763543,0.9684197570938361,1.0445670496763393,1.0796936082500401,1.1175867156265542
2021-07-21,1.075482240350079,0.9871620228647247,1.056377354445952,1.103754443474496,1.1396189940192218
2021-07-22,1.0763729524521541,0.994770345924931,1.0567250290265113,1.1081517593765764,1.1408358895890272
2021-07-23,1.0887574315448367,1.0009515460110217,1.0676148314740521,1.1170727206998723,1.1475626385407107
2021-07-26,1.0899766594478684,1.0058897848242923,1.0665531963260957,1.1151857002894916,1.152828857695029
2021-07-27,1.084491417873025,1.0029267522577714,1.067559459627548,1.1118949240553484,1.1380374346974391
2021-07-28,1.0885627136566849,1.0097443676674116,1.0709105400529342,1.1214447219047599,1.1373789209666725
2021-07-29,1.094024719021666,1.0087730164329058,1.069828689790265,1.1287237866781863,1.1491065330638792
2021-07-30,1.0802040045437193,1.0123391847465457,1.0674101209650653,1.120856732075456,1.1384420551389518
2021-08-02,1.0855330612503764,1.0249320617020565,1.0761712035562396,1.132640550075162,1.1451131302022652
2021-08-03,1.0848273843003133,1.0280117995350542,1.0740888902185743,1.1303818376611316,1.1619773788418284
2021-08-04,1.0892641260962868,1.030167552389957,1.0820084852492522,1.1435701966574465,1.1594863185010622
2021-08-05,1.095972110844313,1.0285824874286553,1.089197561737208,1.149473676526629,1.1658999228129152
2021-08-06,1.1002635767291504,1.0263019650870722,1.0868930360489804,1.1442815358407457,1.1630846582739445
2021-08-09,1.0972292248763893,1.0232995636085842,1.1002645438335075,1.143612681261891,1.1633548169337726
2021-08-10,1.1031964184555902,1.0271373508571437,1.1024606761959093,1.14768505317922,1.167770622380545
2021-08-11,1.1105628244058754,1.0374950645191303,1.1069326749899269,1.1583771367160394,1.1851795118325235
2021-08-12,1.1101546256813604,1.0322287081341661,1.1042091869846535,1.1526860299663506,1.1832116189576487
2021-08-13,1.1120771151456024,1.0356734885623589,1.1135216107356876,1.158306791989998,1.1840159642322983
2021-08-16,1.1056648152098585,1.030442748676982,1.1132063006127746,1.1468009176677751,1.1732592131808834
2021-08-17,1.10322666624524,1.02890527658344,1.1155210274086305,1.1437887811799272,1.1822551462927013
2021-08-18,1.1037565739474817,1.028173734427835,1.114409577490745,1.1435004735957983,1.1824734615974484
2021-08-19,1.0903358475827956,1.012197602886608,1.112379078255215,1.125377307959323,1.1621361083055979
2021-08-20,1.0984904638212674,1.0178648103523718,1.1189443505817145,1.132752713203684,1.1701035825871735
2021-08-23,1.10226213297255,1.0169923231359754,1.1093472968216496,1.1351588959233845,1.1971204695388655
2021-08-24,1.1105185843329382,1.018397261386834,1.1148656995265185,1.1403543651161547,1.1868149818864695
2021-08-25,1.1148686398671428,1.022758035717445,1.107038257025876,1.14507678052698,1.1885676233773546
2021-08-26,1.1128634966948199,1.018126432077475,1.0987421368087071,1.139143621618594,1.1879292180854233
2021-08-27,1.114080562269883,1.0221518893807326,1.098261898964313,1.145002082318774,1.188918619427297
2021-08-31,1.113934751578602,1.0145792599010823,1.0997380606039124,1.1460331619587925,1.176589187510986
2021-09-01,1.1200117704765553,1.0224586529665283,1.1099284675868302,1.1584481941489742,1.1841336259638162
2021-09-02,1.1197087341514862,1.010018910902976,1.1104177242418358,1.15920389064687,1.1875578631987183
2021-09-03,1.1136924139897415,1.0160892163658215,1.107483424851124,1.1571497007769573,1.1803886151737546
2021-09-06,1.1178884372442541,1.0260298180453933,1.1068952764911382,1.1642885129395553,1.1897208272449238
2021-09-07,1.1129211287157144,1.0174499685531588,1.104230714250404,1.1578726779924755,1.181938348034338
2021-09-08,1.1037137362813711,1.010443836857768,1.1079071234062927,1.1432333494363038,1.1746198667411147
2021-09-09,1.099197662900926,1.0041366257989326,1.1006929914893482,1.1393801545269644,1.1666944081522357
2021-09-10,1.0990670732308054,1.005738817433961,1.0947084990589404,1.1406344997212936,1.168866293205422
2021-09-13,1.1033743611210145,1.00721834198039,1.1065964252431006,1.1424224188887737,1.1714460397119577
2021-09-14,1.0978435617448756,1.0016033319047957,1.1120020639952335,1.1422730483065169,1.1695849313376818
2021-09-15,1.0884228486678165,0.9995316696704118,1.0988312376197873,1.132026576652693,1.1723904978743516
2021-09-16,1.0991278324849503,1.0004088696709614,1.1117404609402175,1.1398245389912574,1.1741993344546635
2021-09-17,1.097226444824904,0.9961718740738659,1.0973579464880747,1.1276132639281047,1.1666865252386724
2021-09-20,1.0862578050018186,0.9831402386144639,1.096007058539899,1.1065285245609513,1.160732970391824
2021-09-21,1.0951642993264386,0.9961567468008723,1.1079735930522645,1.1243273054808332,1.1808186977364212
2021-09-22,1.1142267222909745,1.0067769930771548,1.1024897647127847,1.139006656867347,1.1945845361679899
2021-09-23,1.1158585621670343,1.0048529026290962,1.0939019649676134,1.136445911822488,1.1951929339541913
2021-09-24,1.110391680240253,0.996975712629025,1.0812470096945475,1.1200601217968784,1.1929407344119687
2021-09-27,1.112720737869104,0.9984646369093988,1.077287555524653,1.1161272429532574,1.187612232535832
2021-09-28,1.097015057475171,0.9866904345275387,1.0613303026461771,1.0974005952057087,1.1750377860898245
2021-09-29,1.1079893346369865,0.9891208736997695,1.066337176432992,1.103719750781241,1.1810112455600186
2021-09-30,1.0998035146815355,0.9856093627408573,1.0536769768534213,1.0989334809611186,1.180951566753599
2021-10-01,1.0979351367809391,0.976798073096346,1.0599902505446448,1.091527103078749,1.172839307248239
2021-10-04,1.0911049152268293,0.9679728927589556,1.0587255736501038,1.0815757744474677,1.1780412361648855
2021-10-05,1.1023033092979293,0.9695926108749447,1.0655962416063598,1.0908206723670735,1.1870896956198707
2021-10-06,1.0887948874420104,0.9537866820334231,1.0510142545892238,1.0735455686909992,1.1673553792219689
2021-10-07,1.100608101269131,0.9594597312621705,1.0520129809310432,1.086795882168087,1.177668530728208
2021-10-08,1.102937076002411,0.96058698226017,1.0508921298950953,1.0839139752259455,1.1828514339593996
2021-10-11,1.1070922810754322,0.9651371433779997,1.050715479858052,1.0856438920951923,1.1825802962379421
2021-10-12,1.106255886138436,0.9626328141992914,1.0549547009475486,1.0843262822900057,1.1817836239985782
2021-10-13,1.1062064249361496,0.9708215448706329,1.0638538108420377,1.097982923829605,1.1817402484285149
2021-10-14,1.1203950252892272,0.9817927556678151,1.0690805953171012,1.10847024081881,1.190543864099063
2021-10-15,1.1202869101820714,0.9889379992099611,1.061019528048732,1.1126641467735798,1.1999040358343995
2021-10-18,1.110916588615786,0.9866548389117276,1.0613163108517,1.1064359024354675,1.1952771741967387
2021-10-19,1.1146773442865943,0.9821270321565897,1.0629729775574266,1.1133670286116575,1.1985366055008984
2021-10-20,1.1156548767140853,0.9856907468245197,1.0659067006112022,1.1102955823549947,1.1991471268447975
2021-10-21,1.110781841691404,0.9808945447320745,1.063593270396953,1.1072040919583581,1.1999580709974043
2021-10-22,1.104793590520816,0.9816280560768949,1.0671901764829217,1.114077048429276,1.20171129668547
2021-10-25,1.1085789474491503,0.9819597023494713,1.0674627758217614,1.1157377743654358,1.2073008935106584
2021-10-26,1.1151243340361,0.990399621378156,1.0847179553104158,1.1254273676191549,1.223375087433773
2021-10-27,1.1108612282121424,0.9845641320435546,1.0972214941099814,1.1256397305969357,1.2201268639179972
2021-10-28,1.111197090681396,0.9922660720393857,1.1136986858268176,1.1235045043079894,1.2116824622661777
2021-10-29,1.1110475037579446,0.9882763487039294,1.1037028495347574,1.1211698185092307,1.2050763826138193
2021-11-01,1.1218677481920856,0.9957660891532988,1.117385304515543,1.1258066924829448,1.2107041773314569
2021-11-02,1.118424714201341,0.9877356227695988,1.1222258106106155,1.125429314692593,1.2115674156287635
2021-11-03,1.117610931426407,0.9895564965083045,1.1203964605693926,1.126132929525676,1.196021087564156
2021-11-04,1.1254787756801101,1.0032766682577963,1.1338662390909826,1.1411222506618266,1.208832028832765
2021-11-05,1.140900435616545,1.0223816829445576,1.1310944032051442,1.1409033547780079,1.2132597042289994
2021-11-08,1.136450105072821,1.025374264712697,1.1230211514611845,1.1398246280380107,1.214652231709096
2021-11-09,1.131021472160572,1.0301901976434629,1.1113773260520379,1.1328169347994252,1.2106779026016508
2021-11-10,1.14699137837118,1.047847157053957,1.1328425363091434,1.1414439334360138,1.221653925921822
2021-11-11,1.1583957664043256,1.0560930613060582,1.1319912877905483,1.1508149016281928,1.2244503351632068
2021-11-12,1.157207650787803,1.0629406779453263,1.1315180903346143,1.1573028115293673,1.2123721763899498
2021-11-15,1.1579011340033205,1.0634747239249431,1.1291600651950915,1.1519167055156039,1.2193750684140867
2021-11-16,1.1539814781561413,1.0623194810206154,1.1165516605050032,1.1570836123481654,1.2144247593803403
2021-11-17,1.1498295466092021,1.0629805694028442,1.1054549135607326,1.1458307446933325,1.202453754061106
2021-11-18,1.1540840946662052,1.057236574747212,1.106156617863492,1.1502945617764246,1.1969991954051007
2021-11-19,1.1478328756326583,1.0457833658972666,1.1035272193606154,1.1496949104038434,1.1896925400342044
2021-11-22,1.152543785659408,1.0483731316264473,1.1014943786552989,1.150477238421646,1.192951266426152
2021-11-23,1.147090832163658,1.0404999503160082,1.1075040715905782,1.1391809060713167,1.191151657410917
2021-11-24,1.14512761760462,1.039576951766355,1.1158341203582374,1.1452775004199285,1.1980731149565567
2021-11-25,1.1512701500372606,1.0378821533314802,1.127755430141636,1.1497017249672528,1.2033536717168942
2021-11-26,1.1017558991375473,1.0002997777050717,1.1059844845675797,1.1149417530394887,1.1604805663731497
2021-11-29,1.112144756969383,1.0205426496185366,1.1082554491596956,1.1259963787016576,1.1712044626735436
2021-11-30,1.101472592479814,1.0123107663651505,1.102418284427825,1.1121465340702028,1.1465821236469442
2021-12-01,1.120093204479976,1.0318196037045204,1.1116271818418098,1.1298628831165995,1.169440174016431
2021-12-02,1.1118150436011491,1.020477455768374,1.102560769072086,1.1170006547449038,1.1670219198786709
2021-12-03,1.113035705682809,1.0179164544993073,1.1106166640896227,1.1149421074045491,1.1705314528399573
2021-12-06,1.1305703433040515,1.0335530066386556,1.1284987291791009,1.1295561186904428,1.1847597465032154
2021-12-07,1.1487553880953634,1.0533222032186544,1.1330972256425207,1.1483900631242687,1.1944125868577526
2021-12-08,1.1433671779408228,1.0496331727105026,1.1410741036324137,1.147734614143454,1.1958325474293263
2021-12-09,1.1396777181644933,1.0487281508958248,1.14631961507574,1.146339892873603,1.1860662458379023
2021-12-10,1.1338237866747223,1.049262888203597,1.1448117237449207,1.1362491907550611,1.1753652301654125
2021-12-13,1.1214106424400812,1.0402072985957314,1.1394940494315522,1.1276478079265977,1.1640383887056616
2021-12-14,1.1169974130147784,1.0313773771042387,1.131911158087295,1.115341239506557,1.1626828229254365
2021-12-15,1.1081258238256788,1.0220472539398466,1.133567273174459,1.1140483478984355,1.1534210144550956
2021-12-16,1.122169572803299,1.0368856399380915,1.1223947931333134,1.1153549268930507,1.1713796608960219
2021-12-17,1.121609555272609,1.04277408576343,1.1364906503771712,1.1186504199718148,1.1659628624177896
2021-12-20,1.1090207167966177,1.0313314409471495,1.1358583471169388,1.1076950826031107,1.1558427421669273
2021-12-21,1.1262314167981178,1.045289181639084,1.1470626844340341,1.1237696609110697,1.1701711760924365
2021-12-22,1.1375509485079467,1.0601859714536377,1.1514395336535594,1.132222223126825,1.182238831580339
2021-12-23,1.145776309023449,1.0630928926570318,1.1534469879981328,1.1383781510250517,1.1863459169404522
2021-12-24,1.146866206327858,1.0611392605588312,1.1537748528069636,1.1402274665484189,1.185379215347274
2021-12-29,1.1600440637361444,1.0710759068153701,1.1626114590135008,1.1519322767082019,1.1960997738988897
2021-12-30,1.1598836720616534,1.0713509488450985,1.1574868330639199,1.152633347809614,1.1898964486287018
2021-12-31,1.157447993628272,1.0726994789553967,1.1487514632972646,1.1506104386436093,1.1862538658614838
2022-01-04,1.1815996672809235,1.093539510053452,1.1602648541613332,1.1585330229414208,1.2048144698683103
2022-01-05,1.1848087421000504,1.0949860846562123,1.1550451391195922,1.1563841253651164,1.2088740937059244
2022-01-06,1.1741777479033606,1.0780777253852463,1.1477770395769482,1.1383929968010758,1.1974129762241414
2022-01-07,1.1782744603836968,1.0818517665704361,1.1481181664338858,1.1377024002200515,1.198209745100571
2022-01-10,1.1701743530182962,1.0668276204537739,1.1439242636616653,1.1181977367314506,1.1905126737091483
2022-01-11,1.1729745018673368,1.0766850800931005,1.1441373678879498,1.1224682358520963,1.1987779797590343
2022-01-12,1.1767330252799262,1.0819998260200394,1.1395878047761727,1.1234769163992606,1.2157350344634508
2022-01-13,1.173555973871468,1.0817127759062724,1.1413273579672014,1.1145969375884521,1.2112830496554137
2022-01-14,1.1652387810338443,1.0758346485879768,1.146184605132511,1.1012388941949502,1.2051065266395429
2022-01-17,1.1751710206884438,1.084603026310434,1.1580933161805114,1.1120742301168915,1.225339867486467
2022-01-18,1.1640693809792142,1.0824699719276472,1.1558206042571448,1.1040730019239497,1.222736904503528
2022-01-19,1.165256694491652,1.0900005936148447,1.1511928712770667,1.1117084062339013,1.2223867644376345
2022-01-20,1.164265058418053,1.0888281668540356,1.153682033162437,1.1186527606359702,1.2199209071239216
2022-01-21,1.1442537712074445,1.0778846923887082,1.14580722179033,1.099838169550702,1.1991266108164285
2022-01-24,1.1052225029061284,1.0483824612629216,1.128437144420458,1.060906571571007,1.1659044420496756
2022-01-25,1.119985304958884,1.056745481748084,1.1286124570079952,1.0639396530214345,1.1888824914591667
2022-01-26,1.1341653202806476,1.057119437235316,1.134115389091089,1.0762196162404059,1.2092556188124894
2022-01-27,1.1377094564072388,1.0558993510395083,1.1514639181578663,1.0813657957781453,1.2160063318344652
2022-01-28,1.1248181905555499,1.044539230060465,1.1463966527629028,1.0738355115765097,1.2080701900242656
2022-01-31,1.1349657774005237,1.0559466951392684,1.141992921808851,1.0836749381461124,1.2003803000765056
2022-02-01,1.1465184539644868,1.0697749492024708,1.1535521723523694,1.0898139670801819,1.206773260970176
2022-02-02,1.1540575979544798,1.0789446818928579,1.1591449936044602,1.1004808555797474,1.2118183785345769
2022-02-03,1.1436128991006056,1.059774025086729,1.1426615721118667,1.0878218764442897,1.203267254036211
2022-02-04,1.1304616321134224,1.0562456966846647,1.1255854371319025,1.075668338395199,1.1989131942306905
2022-02-07,1.1371361113246172,1.0604930250797826,1.1247663885825225,1.0791747293864205,1.2032618526770553
2022-02-08,1.1400236998688222,1.0545303063936715,1.1324534718854853,1.0800965954949535,1.185446635189987
2022-02-09,1.1574045023156212,1.0609762527530764,1.1413074697390846,1.0977818748837458,1.2048660216298002
2022-02-10,1.1608189063421166,1.0641487476530285,1.1507242608785253,1.100474830550743,1.2071579101839807
2022-02-11,1.1551712144870458,1.0651746865062552,1.150321131075142,1.0862671062268512,1.206740828744874
2022-02-14,1.1331153794417497,1.0549310708600432,1.1287906015685387,1.0698346740046474,1.184525173344014
2022-02-15,1.14859007747524,1.0713526929107768,1.1380823993076112,1.0789956914025178,1.1942620827435457
2022-02-16,1.1422586250003106,1.0734923141740664,1.1389687235028918,1.0788931873139262,1.1967186868513098
2022-02-17,1.1264955390329259,1.0674782111347325,1.1370494343253412,1.0683010477751178,1.1902411871422405
2022-02-18,1.119764379199402,1.069600313282754,1.1401201112044272,1.0653243740983607,1.180505859471503
2022-02-21,1.1072193012720315,1.0623767808651225,1.1302384295691705,1.0558385708981401,1.1807360474222226
2022-02-22,1.113596250187962,1.0664425428025834,1.1200973355728847,1.0572107779337443,1.1770582223255996
2022-02-23,1.1112150178581037,1.0656296331227877,1.128613705724213,1.051441811412825,1.1739631225213092
2022-02-24,1.064210831920537,1.029621533441754,1.0891431452236995,1.0134667186105906,1.1470752456204536
2022-02-25,1.1059605147860192,1.063200873203621,1.1340556928848686,1.0505143414301796,1.1909335292302372
2022-02-28,1.1047919839965525,1.0627998244510866,1.1491942786771296,1.055852888872495,1.1912172351682444
2022-03-01,1.073572504824293,1.043139051967463,1.1343287637037118,1.0278153577094464,1.1663179971403792
2022-03-02,1.0879408983466121,1.0583828951489826,1.1323971853320594,1.0385906399840998,1.1842631924801736
2022-03-03,1.055941889724653,1.0350302035094552,1.1105294548716131,1.0106381548353152,1.1245905771653026
2022-03-04,1.0124605407704819,1.0011961013967483,1.1013890981181838,0.9736897241043392,1.081849608421313
2022-03-07,0.9980372895311778,0.9943246209133286,1.098028537978356,0.9602136237765253,1.0934133848982908
2022-03-08,0.9990353819807472,1.0001244146141763,1.0960469902124312,0.9511605561093484,1.108680387675698
2022-03-09,1.0453107457141164,1.0331746494180434,1.1345789837341893,0.9956838611345675,1.130190091703069
2022-03-10,1.0370777316480932,1.0388409884221557,1.1263205249475872,0.9772049215063271,1.1160292871028368
2022-03-11,1.0523610635626275,1.045892017038206,1.1180095481686443,0.9880756746269989,1.123628142027988
2022-03-14,1.0692700869178169,1.0515815314573322,1.1255962046128138,1.0021238141134927,1.1338354054521558
2022-03-15,1.0667438162041911,1.0415856588159578,1.1448969340205026,0.9921497331425285,1.1341714126427695
2022-03-16,1.094735389813885,1.056206347549298,1.1340289372221928,1.0277541742805796,1.1471296230522117
2022-03-17,1.0994366497237593,1.0664155082608315,1.1539917111752511,1.0390915725902266,1.1629724242226727
2022-03-18,1.1045426238458522,1.0712217403218591,1.1556807222401417,1.0477290497421199,1.1637618652819226
2022-03-21,1.1033521670432478,1.0811013304792974,1.152653823446959,1.0438505853107631,1.1718202365566008
2022-03-22,1.1092758233808482,1.0822561823354675,1.1551303886928432,1.0481241654103153,1.1682766307304304
2022-03-23,1.10125695720299,1.079186513516155,1.1307749144035855,1.0331377423855992,1.174912027554416
2022-03-24,1.0982352074791992,1.0862108792646625,1.145454912676631,1.0296353754762422,1.1750500178026049
2022-03-25,1.1032606435636478,1.0696345761600243,1.1484639923348354,1.0334837310432505,1.17226061155804
2022-03-28,1.102285649229084,1.0665577311074639,1.1608040755325248,1.0390820430855585,1.1672787381044745
2022-03-29,1.1219271820181111,1.0736509476744998,1.1741061563395325,1.0652912442671245,1.1760657366419776
2022-03-30,1.107384858847391,1.0726108608030995,1.1918081477485207,1.0584371067742238,1.1883185065223125
2022-03-31,1.0961649167998584,1.0601749019364528,1.1940295761846849,1.0470622628344437,1.1790792984869782
2022-04-01,1.0950947613542301,1.06664151552492,1.1916547737332859,1.0492470034087042,1.1854941845261966
2022-04-04,1.099804546751026,1.0767314480697299,1.1963449438519638,1.0531374337612243,1.1874829999864056
2022-04-05,1.099850148895483,1.0720525186633365,1.2298899887374597,1.0599145294189145,1.1883298724036282
2022-04-06,1.0878357579975844,1.0720382192311193,1.2329850751083897,1.0494313658031191,1.1772692896638575
2022-04-07,1.0840475964431546,1.071849320329582,1.2292637699985955,1.0390651811487608,1.173712204816131
2022-04-08,1.0929352033286521,1.0877462671478244,1.2373809734606043,1.045477985013729,1.196968641080971
2022-04-11,1.0906656348193648,1.0822186865010468,1.2251431593570044,1.0375983786931646,1.1888643582052405
2022-04-12,1.0850121240540538,1.0915249873616153,1.2173840192443492,1.0323483692388526,1.186055808123364
2022-04-13,1.084830417788879,1.089706726011672,1.216985760179672,1.0292007790146143,1.1865284394561881
2022-04-14,1.0918046318704302,1.0894016761130876,1.2204309275426197,1.0369840224184854,1.1923765445917043
2022-04-19,1.0902044066335228,1.089000568036662,1.2080222783490928,1.0285734812676341,1.1889683546353538
2022-04-20,1.1008930335254399,1.0893226340178535,1.218910760333637,1.0319017747835992,1.1953501508939635
2022-04-21,1.109062922475147,1.0829428022515384,1.2140691441445766,1.0347231552419605,1.2047925973220996
2022-04-22,1.0920287657007848,1.0705031786595962,1.2123378829903986,1.0178562636328046,1.18571698400046
2022-04-25,1.0784899866061708,1.0533703832683512,1.2113608748844118,1.000458616307958,1.1606149424212513
2022-04-26,1.0676225394856091,1.0477047947987728,1.2255729903228945,0.9942810698925975,1.165169460772588
2022-04-27,1.0687995951836298,1.0518950719559998,1.2365997893979246,0.9944445241418043,1.1656324546336039
2022-04-28,1.0816019758514441,1.0628014407681197,1.2502457375132734,1.0016939757022165,1.1747223241437013
2022-04-29,1.0866542436210092,1.0673100082647056,1.2367855389248301,1.0071699783482535,1.179390344503325
2022-05-03,1.0895829239669226,1.0655588663709188,1.2295772969475567,0.9913720969974126,1.1939354751444258
2022-05-04,1.0808131258012652,1.0531657449593044,1.214632390829676,0.9726159284792376,1.1768913541900883
2022-05-05,1.0708844688125012,1.057944752854979,1.2253219158164546,0.9759384467539617,1.1732526579482685
2022-05-06,1.052503050390846,1.0386855932743613,1.198522486258532,0.9477618932019368,1.1664240263253234
2022-05-09,1.029228938555556,1.0103352724911496,1.1788047237370167,0.9187699003533848,1.140795270417418
2022-05-10,1.0323539427252213,1.0078940202509377,1.1860150016961362,0.9232422448508373,1.1444198745128935
2022-05-11,1.0500566190860345,1.017808031252063,1.2001494385055074,0.9380177967554503,1.1564282363717047
2022-05-12,1.0417681897326156,1.0009734735695215,1.1873153310963784,0.9290897701116133,1.1404816090941512
2022-05-13,1.0670381543592788,1.021308543045773,1.2149960991342217,0.9539253999866862,1.1690972487988402
2022-05-16,1.070782459019749,1.0303711988539253,1.2270017582972723,0.9552549266972082,1.1822214908331246
2022-05-17,1.0800542182165023,1.0477352966541351,1.2312417942700702,0.963457186295356,1.1820223076315486
2022-05-18,1.072747097453508,1.0344400186515992,1.2347105211737486,0.949337730401523,1.171540331234615
2022-05-19,1.0491486852963683,1.0281888720596688,1.2134136463957368,0.9311960834622832,1.14886569933084
2022-05-20,1.060322445661633,1.0418215783293334,1.2262209384972138,0.9446929735237789,1.1590845055599932
2022-05-23,1.0776007617105374,1.063450378892079,1.233649547657627,0.9585120138637585,1.179954600283987
2022-05-24,1.0679471728485732,1.067962097496878,1.214721676314357,0.9487849691886814,1.1702447570798686
2022-05-25,1.0757484083503897,1.0774638480398724,1.2180438311160817,0.9513536858670638,1.17486147531272
2022-05-26,1.0879272143966214,1.0905791716481972,1.180705794597927,0.966278613210901,1.1920696152396997
2022-05-27,1.096276089459465,1.0933491906576902,1.1716913741193826,0.9743826412154355,1.1895301556983096
2022-05-30,1.1045414040279267,1.0895174123236624,1.1760620632821726,0.985024830886401,1.1906165185373372
2022-05-31,1.097293005270891,1.0845883710922055,1.175517570501913,0.9766461826527681,1.186712601716802
2022-06-01,1.0935271623492981,1.0813193880449659,1.1475796189051557,0.9640292859842697,1.1789338133395513
2022-06-06,1.108854395254192,1.0963224201141946,1.1597515960445544,0.9789899352177426,1.191805590260672
2022-06-07,1.101247585334456,1.0905500740142653,1.1611487289384979,0.971885315754114,1.1871018005809861
2022-06-08,1.0966315962185418,1.0840798712226343,1.1608337512829277,0.9653466154241953,1.1909034889755254
2022-06-09,1.0836475328699267,1.071313273643632,1.1532951870651447,0.9497024112237735,1.16536493018962
2022-06-10,1.0589933720202283,1.0481659128404988,1.1504391629816302,0.9250443647826827,1.1467458965840969
2022-06-13,1.0383707200577366,1.0271321709648102,1.1398691314507692,0.9036152373812966,1.1251683985804841
2022-06-14,1.034882880418055,1.0246963100052824,1.1143439180101193,0.891450232120579,1.123677000345743
2022-06-15,1.0548223826815932,1.0370505057439676,1.1345917244147807,0.9104485217851835,1.1293324007876244
2022-06-16,1.0191462207893853,1.0023534651431518,1.1101293824019047,0.8814445328333618,1.088517471605395
2022-06-17,1.0307313522487496,1.0074314091814414,1.1105615638508424,0.8865191504175052,1.0742769766611324
2022-06-20,1.0457983982195544,1.0240029060690417,1.1124822366521483,0.8873564545065254,1.0852283046632818
2022-06-21,1.046896506528664,1.0291093360453947,1.1013580916797177,0.8896683577631427,1.0889838678453252
2022-06-22,1.0420726574226569,1.012165382729853,1.1005340619794401,0.8866145028391123,1.0841552062875754
2022-06-23,1.0266456814004021,1.0033505303167727,1.0891026808179436,0.8732801506346394,1.0747970452905469
2022-06-24,1.0494057592804935,1.0223020452631792,1.1159317447403225,0.900416791299166,1.1093990625774501
2022-06-27,1.0584215803747714,1.0295918278701428,1.1288107261859766,0.9069963950463678,1.117645015350138
2022-06-28,1.0686983072201754,1.036308992276852,1.1264753358693687,0.9137028023290733,1.1248272144834441
2022-06-29,1.0573430920220297,1.0301563334332076,1.1317859343326486,0.8958035633605907,1.1233958180955026
2022-06-30,1.0411169696162186,1.0092304604216908,1.1057818580320353,0.8754638200765956,1.1011465946349368
2022-07-01,1.0457936881918881,1.0041563977718742,1.122821231512111,0.8730575299737124,1.1007998302214754
2022-07-04,1.0510844801655692,1.0158301282091657,1.1279190027531762,0.8729746230898294,1.11602438541818
2022-07-05,1.0246508674768011,0.9810601507420574,1.118363113817173,0.8579495400245553,1.0828289079062547
2022-07-06,1.03944303154772,0.9992838789912019,1.1267945794943817,0.8758221778255321,1.0939392517249447
2022-07-07,1.0554194807686634,1.0162472779403995,1.1290580132061756,0.8867458379112175,1.108347315540048
2022-07-08,1.0608986981760742,1.0251823718304776,1.1196528946240807,0.890765925004742,1.1132128436671478
2022-07-11,1.0588964792342777,1.021916490198119,1.1362269024933254,0.8846861661303173,1.1111920915412792
2022-07-12,1.0646793613057075,1.0287471655139804,1.1423778220170966,0.8899029147322353,1.1117229965000708
2022-07-13,1.0551554172539657,1.0235945702134517,1.1378788107476219,0.8837821848150959,1.1079057586934802
2022-07-14,1.0410255395400865,1.0058876542990745,1.1371262317187412,0.8711079953394559,1.0651035709905057
2022-07-15,1.0621228138408232,1.0195007639530305,1.1358595716171613,0.8852772667183011,1.0875484606506693
2022-07-18,1.0702871686467845,1.0372973388182851,1.151452970934162,0.8954335294979447,1.0922473067071528
2022-07-19,1.0872814799877728,1.0514821827838496,1.1599003800658763,0.9069866564399228,1.0984954086589929
2022-07-20,1.0877302325620413,1.0538328148274778,1.1591446888030026,0.9081645003122957,1.096335534225812
2022-07-21,1.0966805705570206,1.0647642734698732,1.1472351312581157,0.9203105461904251,1.0981001275575928
2022-07-22,1.0997596873538542,1.0646523504917398,1.1607162814554564,0.9246237355241839,1.0998905021374423
2022-07-25,1.1018424432990281,1.0711248838644052,1.1569598903218536,0.9196318116738789,1.1024205965947125
2022-07-26,1.092794027737854,1.0651213558433719,1.1618212930437184,0.904478045618547,1.1017670109893212
2022-07-27,1.1047540510711875,1.072146012438955,1.1609452060662997,0.9065809299863232,1.1154366149817931
2022-07-28,1.1075097724502543,1.0569681762125827,1.1546785221353184,0.9217410307098028,1.1222577499447497
2022-07-29,1.1205473117061393,1.062080694731174,1.1671520530844293,0.9391965462090599,1.1451983880730316
2022-08-01,1.1268781864201396,1.0613228703738984,1.1647505817659949,0.9338526898299845,1.1353029671896457
2022-08-02,1.125954283470508,1.0493037195439467,1.1742041512066566,0.9224481503517679,1.1389453342345113
2022-08-03,1.1336525090988874,1.0504132504442707,1.1650808477090207,0.9293263201377734,1.1425023687111142
2022-08-04,1.1372255500229465,1.0506470741090168,1.1725805575247057,0.9355851943533381,1.1428753658079398
2022-08-05,1.1312518161831722,1.051683136737324,1.1617483860613484,0.9231875889464629,1.1412608495227177
2022-08-08,1.1383908379788623,1.0568922214227354,1.1689730794440825,0.9351868300643077,1.148624668065959
2022-08-09,1.135279035289817,1.0533408797984571,1.1731043388683646,0.921381304015777,1.1492093996855408
2022-08-10,1.1492106829400417,1.0656928496828257,1.1617626736816031,0.9437340896805854,1.1696891898535295
2022-08-11,1.1445824040017512,1.0616790792115036,1.137776676001067,0.939499124528244,1.1714118415016606
2022-08-12,1.1474160826747963,1.0570880583137614,1.1489520463481153,0.9438610198530568,1.1749614876114556
2022-08-15,1.1539198142631417,1.0561298112315438,1.1500658980065295,0.9455339965939072,1.1760543368230558
2022-08-16,1.1580729064845448,1.0618184023252921,1.1600931805708696,0.9427625455166085,1.1745988465339203
2022-08-17,1.1513852231204347,1.0547732231652722,1.1535260098633493,0.9256381733038156,1.1744835883369809
2022-08-18,1.1564997504664534,1.057475795580961,1.155339209743525,0.9278540474491113,1.182591333393644
2022-08-19,1.1502964120943526,1.0462613634861455,1.1546313940349198,0.9146252360825979,1.1875232841322783
2022-08-22,1.1398315474375693,1.0398795394070972,1.1607130197776236,0.8975888252180864,1.1823718445582547
2022-08-23,1.1268767938661464,1.0322505213519673,1.142663626945242,0.8897029183669262,1.181437180254185
2022-08-24,1.127365873706404,1.029460616887078,1.137167492682954,0.8840351975226838,1.17646153018091
2022-08-25,1.123954558107601,1.0285649330811313,1.1261817178794404,0.8804114347275543,1.1794380867314307
2022-08-26,1.1095081661179693,1.017948397885207,1.1190997929992772,0.8699678833398407,1.1682085210593631
2022-08-30,1.0984371259973056,1.0062779839987555,1.1003944703354611,0.8676558034420928,1.1575655134833187
2022-08-31,1.0956015508478452,0.9979516448384274,1.0796567549013043,0.8594494389986279,1.1416933024868123
2022-09-01,1.071052425140982,0.9684832622272104,1.0723398173256065,0.8300173415054958,1.115057698878051
2022-09-02,1.0952181912667929,0.9824486450787255,1.0835512706507597,0.8548558407392756,1.1373112054859635
2022-09-05,1.090713796377083,0.982611328701516,1.0887789544464297,0.8486711151818411,1.1451527536282484
2022-09-06,1.1030505454836221,0.9989394603082898,1.0853489173346302,0.8593906178404079,1.1445598071577892
2022-09-07,1.0987500873115719,0.9925243704387736,1.0874800670960905,0.8542590567961722,1.1312291913353307
2022-09-08,1.1058949155967346,0.9859007053603925,1.0803023317251899,0.8541367354367997,1.126386100841175
2022-09-09,1.1235914261887643,1.0045548535300761,1.0931643833433211,0.8698800170159963,1.1425997894785727
2022-09-12,1.144122420040685,1.0234564576119904,1.110818313801759,0.8887562310981875,1.1666193759855719
2022-09-13,1.12747220672008,1.0085679251830062,1.1043365756576855,0.8685608547314698,1.1528270994668428
2022-09-14,1.1085808767450114,0.9873268270518781,1.078111809834816,0.8528168972499344,1.1391886843474168
2022-09-15,1.111786979353589,0.9892625358647453,1.070321933894804,0.8544854045590008,1.131540203534578
2022-09-16,1.103409545348923,0.9800369377270932,1.0672301558926096,0.8482426125380086,1.125882857598722
2022-09-20,1.0943681859476524,0.9704565656708396,1.0509712442092454,0.8312387845445472,1.1096662093180805
2022-09-21,1.0996707983810559,0.982604125962039,1.0587096771821487,0.8417477101645563,1.119607534353845
2022-09-22,1.0850238824437346,0.9719852656603122,1.0387591708832664,0.8189775868440485,1.1074221023739048
2022-09-23,1.0649755895728177,0.9456801024539595,1.0308544685568366,0.7991769185381722,1.0746049580694943
2022-09-26,1.062649902004791,0.9426126031750708,1.0160809066526748,0.7922903941191111,1.0674733085304662
2022-09-27,1.0550191961005455,0.9355511716593762,0.96559436533133,0.7793202102703317,1.0574045828134857
2022-09-28,1.0495859365981728,0.9325333400553367,0.9881411285285417,0.7913870760250775,1.056539658272609
2022-09-29,1.0206071746379717,0.9069323190777087,0.9545330325254611,0.7679514615230854,1.0393948078967625
2022-09-30,1.0297067059536242,0.9171673270609764,0.9567801510893491,0.7850563293457047,1.044750587448512
2022-10-03,1.0314028672096667,0.9294672160315854,0.9697620424489749,0.7905420569055795,1.054943993326377
2022-10-04,1.062485707236116,0.9573098814855742,0.982183924820994,0.8130473949481686,1.0843573012329035
2022-10-05,1.057045374417626,0.9420172694583472,0.969478923582623,0.7963379821663273,1.0815469376215787
2022-10-06,1.053109112669719,0.9364657606081157,0.9565193075946289,0.7932586842271517,1.0725782076100818
2022-10-07,1.044990378264204,0.9253571281865027,0.9547611000274473,0.7803652107283956,1.07400576699751
2022-10-10,1.0441078959976942,0.9283008334727593,0.9459513505708292,0.7796495800736487,1.067655137469882
2022-10-11,1.0342598388336435,0.9151309783834157,0.9360457095131488,0.7684971138825046,1.0557009690715162
2022-10-12,1.018411612649151,0.9017981943280062,0.9206754552885946,0.7551660822411439,1.0461753593687781
2022-10-13,1.0333909316824097,0.9081191667696227,0.9301055660428353,0.764864250277237,1.0547734277470289
2022-10-14,1.0373605817584874,0.9099056975673284,0.9456694273353934,0.7699758054424427,1.0543364729434723
2022-10-17,1.0529098429774157,0.9222404110029332,0.9731530794741358,0.7873514594393439,1.0602909326469774
2022-10-18,1.059495842308736,0.922773925471632,0.9786980825275099,0.790161741513706,1.0585853279812731
2022-10-19,1.0527780781803222,0.9122423284145156,0.9702768283298586,0.7797284308422012,1.0594975864010756
2022-10-20,1.0531963171819196,0.9209388796023703,0.9646271980160214,0.7862130669025343,1.0672850462567167
2022-10-21,1.0480567184388,0.9214290294873172,0.9679599248398914,0.7810987968560447,1.070318154186518
2022-10-24,1.0641325530435322,0.9318003073355029,0.9886528827609963,0.7889006217948141,1.0797165561089919
2022-10-25,1.0747015892297191,0.9462554298025005,1.0002026319576551,0.8075920612310817,1.0809374866805483
2022-10-26,1.0824521329639054,0.9599887820158558,0.9971213101748719,0.8156488716442192,1.0873179135926743
2022-10-27,1.0807053018795179,0.9350496140953826,1.0038013783270239,0.8138633066239712,1.1048418740358783
2022-10-28,1.072909276496891,0.9309650915931844,1.0115786342430058,0.8034713791175395,1.0983647476384073
2022-10-31,1.0801933159932637,0.9334192500059735,1.0127002303400194,0.8040332445837398,1.1071876823013551
2022-11-01,1.0924406116746426,0.950107292501597,1.0198734730520604,0.815646774553086,1.1238348779648828
2022-11-02,1.0914764575185867,0.9392401900886971,1.022607430406512,0.8097071805359384,1.1194613854605497
2022-11-03,1.094126381646612,0.9306799263633997,1.0153444073702698,0.8018611455028272,1.1428407075814633
2022-11-04,1.1099823713438781,0.9526498994408699,1.026889067393665,0.8268673540092326,1.153402424604419
2022-11-07,1.110171279397428,0.9559948957549107,1.0143179703304588,0.8308671060541037,1.154660039816712
2022-11-08,1.1196950735902458,0.9607236858150231,1.0319860948077795,0.8364053350085908,1.1434989847213337
2022-11-09,1.1225054665621506,0.9595779371104912,1.039952237709807,0.8350621920327066,1.1401140979374524
2022-11-10,1.1471514276355732,0.9788429264629919,1.0656347692112493,0.8734617259773637,1.1484622024853932
2022-11-11,1.134694768469044,0.9810571849438532,1.0423557944813604,0.8833683968978197,1.1526587901107914
2022-11-14,1.1433852249702954,0.9908255833256561,1.0584846155110001,0.8797817851669228,1.1616123756409327
2022-11-15,1.1427841595698023,0.9870141471166088,1.0479797476019226,0.8755203122956967,1.1534279262153881
2022-11-16,1.137117165771759,0.9762083115031609,1.0483373622507604,0.8626716305457106,1.1471615626151026
2022-11-17,1.1445507095649863,0.9725736263206529,1.042097932351752,0.8601497120676663,1.1451220894503695
2022-11-18,1.1557389074863764,0.9821214360049517,1.062502190267735,0.8723776624867917,1.1525192892441802
2022-11-21,1.161815402856257,0.9782760141625205,1.0730389862208134,0.8691577956076756,1.1375664665882195
2022-11-22,1.1678422632152228,0.9834496300343734,1.0765447112987259,0.868532220140468,1.1657211079618115
2022-11-23,1.1733225318839162,0.997333799388233,1.0844479060501595,0.8738203245273356,1.1645828624754584
2022-11-24,1.1758209489944764,1.0073931208221194,1.0917837615511439,0.8781723121611885,1.167368448823305
2022-11-25,1.1751310178135628,1.0087177768713813,1.0889172463833685,0.8775214628858728,1.1736136072828116
2022-11-28,1.168360956148551,1.001549155867748,1.0781763493158325,0.8691331487902747,1.1646677788171345
2022-11-29,1.1669804470172345,1.0033479645169654,1.0674978826049826,0.8683454316936643,1.170566789758446
2022-11-30,1.1722642926515672,1.0108597798195842,1.0702176341278544,0.8677765192560992,1.1765963374305055
2022-12-01,1.1734621847765683,1.0130970224687226,1.0822838234154513,0.8760906608995324,1.1778431106886118
2022-12-02,1.1745087438617954,1.013211342957148,1.082527787529269,0.8808627146051629,1.16953054225623
2022-12-05,1.1710281950824943,1.0119050536390104,1.086903687941455,0.8786586595413607,1.1724200997883705
2022-12-06,1.1681628637906165,1.0020378914730292,1.0717238201737496,0.8725113892924663,1.1611015106631806
2022-12-07,1.1608468626166364,0.9913367060722668,1.0853121048920775,0.8669578841209582,1.1525455305272565
2022-12-08,1.159204988499522,0.9817175042642006,1.0814591693147306,0.8614896507904745,1.1443169361744117
2022-12-09,1.1684248983066836,0.984617868695823,1.0822584414783998,0.8649684950905557,1.1470536949195351
2022-12-12,1.1624221665496535,0.9768577627440542,1.073584807004352,0.8567920297053595,1.1411505692967472
2022-12-13,1.169237220465185,0.9858989753566323,1.0837195937999011,0.8725034249513025,1.156829236212615
2022-12-14,1.1693808887819381,0.9816790112092767,1.088602620873128,0.8708381174487654,1.1553070312287022
2022-12-15,1.158319898585863,0.9685681721588869,1.0870059354794803,0.8583310191494717,1.1437556130869269
2022-12-16,1.1481074012355186,0.9580327053863885,1.0660718285996553,0.8358731186508948,1.1215008203123817
2022-12-19,1.1497841100537318,0.9645494708301171,1.0648940393171769,0.8337246296441163,1.1329003107511695
2022-12-20,1.1528369944110375,0.9638529187911214,1.06396626258836,0.8271277731614403,1.132301423202685
2022-12-21,1.1707227635386264,0.9815363689250957,1.073906117011284,0.8464193935280501,1.1517847031112707
2022-12-22,1.1648704700102044,0.9735485755842826,1.065788467485347,0.8381945477991899,1.1498604682138327
2022-12-23,1.1661660817791666,0.9768536557822147,1.0620660139001694,0.8419060150642758,1.1511040478250347
2022-12-28,1.1708560317418828,0.980078076977422,1.0674604359602995,0.8464165299095798,1.1527934982489474
2022-12-29,1.1737169976098938,0.9833845114189832,1.071970871884491,0.8522091924246948,1.1570621043374332
2022-12-30,1.1659214793709791,0.9720825781789219,1.0600405623125446,0.8442424188515811,1.1458185466779107
2023-01-03,1.1771091757131742,0.9841586050381304,1.0667660867339912,0.8583518500531065,1.1705214444231968
2023-01-04,1.1917092728438825,0.9940088439195457,1.0835944680554774,0.8767264049137965,1.1690261663536037
2023-01-05,1.2024247028092654,0.9989299873006987,1.0830035587554347,0.8771160680674673,1.1809252063079305
2023-01-06,1.2085114525995932,1.0112758908971815,1.0975097935678086,0.8840327467973077,1.1940069082036633
2023-01-09,1.2090514906705956,1.0122161528475293,1.087141322112512,0.8924427739308971,1.2025384831635262
2023-01-10,1.2079051515442403,1.0034962646750245,1.0847317105484977,0.8883891300939349,1.1994028046336176
2023-01-11,1.2144539045530158,1.0061070837459805,1.0936511907414974,0.9017247268030256,1.2007773386162386
2023-01-12,1.2249040648791796,1.0251304982010643,1.1057603230698545,0.921233475225575,1.2123779719515202
2023-01-13,1.2340736851068415,1.0337896558889217,1.1035189567069823,0.922867420255307,1.2188372318388685
2023-01-16,1.233844092517426,1.0402655086044788,1.1027414653560677,0.9319834455121878,1.22186544897228
2023-01-17,1.2343217139423892,1.036415732371816,1.1110456121039751,0.9290153266481607,1.2224760744257481
2023-01-18,1.23659069490132,1.0369483102988142,1.0982004409647745,0.9271995305462791,1.2165372302913275
2023-01-19,1.2260062653415973,1.020645819571097,1.1052205774936263,0.9130194062899287,1.194165115751502
2023-01-20,1.2332884133631397,1.0319889793875858,1.1163236195313646,0.91871766187098,1.1886512196098766
2023-01-23,1.2359266766281416,1.0326933410360768,1.1115367629263264,0.9218788335094015,1.1947942160469764
2023-01-24,1.2413074107313444,1.0288362315520023,1.112957678813039,0.9266057729204423,1.183407829440205
2023-01-25,1.2376915450924226,1.019774622335258,1.1229153978808142,0.92430969129248,1.1787810508962255
2023-01-26,1.248597591114533,1.022414995879011,1.1207007333506893,0.9315337310323638,1.1915556964802625
2023-01-27,1.25061827750675,1.0255407107392507,1.1224921264720336,0.9339701014531391,1.2083230218560952
2023-01-30,1.2522917078961093,1.0229641408192225,1.1239714159182663,0.9314562616101936,1.2186100929537589
2023-01-31,1.248366271442768,1.0145433991784794,1.1148074307178648,0.9282403516684292,1.215009055602689
2023-02-01,1.2499395132979223,1.0153571788983526,1.1077799843893061,0.9291015504026866,1.2120196518386612
2023-02-02,1.2677530275792352,1.0365236537857465,1.1370390363101306,0.9657605658606085,1.221778696128205
2023-02-03,1.2748609001916944,1.0424501570507565,1.1317374560780433,0.9643738584378122,1.241006575586774
2023-02-06,1.262637302936612,1.0359808621140156,1.13347338482126,0.9475625387415171,1.2298744787197844
2023-02-07,1.257557399094743,1.0388383141054995,1.1348789736764187,0.9401206449423994,1.2498147236139645
2023-02-08,1.261509105936783,1.0417079466589179,1.1360213898290592,0.9403116258926824,1.2545042482816449
2023-02-09,1.2653009935724708,1.0280716519454296,1.1336391681966622,0.9350756337595746,1.273547220078704
2023-02-10,1.249261245557713,1.0165439487162886,1.1209423147881874,0.9190033981103346,1.2811057927023983
2023-02-13,1.260133041998352,1.021450006857743,1.133987615682804,0.9271411958875312,1.2872254204824503
2023-02-14,1.258819358828006,1.0258996559349833,1.1251895887199834,0.9244573167447231,1.2923464417117119
2023-02-15,1.269810111592478,1.0288175228749368,1.1289465190870762,0.9347997551946557,1.2985857934744012
2023-02-16,1.2764276994602772,1.030283889682456,1.1215033576904194,0.9402907877050032,1.3003811113958146
2023-02-17,1.2738839056348947,1.030176587335557,1.1359040681501302,0.9395499122223853,1.2930088050614534
2023-02-20,1.2700368132735618,1.0338486796427853,1.1357299854082912,0.9418878592876209,1.289175410675172
2023-02-21,1.2633510869471432,1.01914183212642,1.1373488305528041,0.9284078110938586,1.2766296224699825
2023-02-22,1.258020433208414,1.0121181048611843,1.1326253633874972,0.9212924025815016,1.2669715456442225
2023-02-23,1.2668585427801156,1.0084868714914264,1.1234450612120765,0.9178566302982355,1.2680505127533084
2023-02-24,1.2658964094683658,1.0129371899027377,1.1202597771076717,0.9088998338370591,1.2702880550296376
2023-02-27,1.2802391409482476,1.0185479972690759,1.12966553040897,0.919040256929722,1.286618300481212
2023-02-28,1.2735793164667883,1.0166721786045885,1.1124945756914502,0.9192907805384144,1.2736734543354344
2023-03-01,1.2795449068105933,1.0271225308107557,1.0895943967383437,0.9183780600055969,1.2728555651678124
2023-03-02,1.277432551030179,1.0274454636617238,1.0980329493186416,0.9184741679107551,1.280825529698318
2023-03-03,1.2782468990449987,1.0347400555140125,1.108403127069362,0.9245081126865319,1.2734258394418163
2023-03-06,1.2795159745903217,1.03462662104009,1.1108722828336688,0.926100356502874,1.2793043665712698
2023-03-07,1.2747468302688827,1.0214565333361998,1.1090984582808334,0.9193100485105961,1.2780130903346842
2023-03-08,1.276308202451182,1.0256902306496263,1.1112735415556045,0.914748790489833,1.2706446266697313
2023-03-09,1.2729031074973882,1.0183334354734037,1.1115497730560324,0.9013345936716091,1.268682917761263
2023-03-10,1.2470585522888085,1.0075758116018914,1.106197446739216,0.8837990488817382,1.2421986799849871
2023-03-13,1.20716621322282,0.9800630211394137,1.1042222782348332,0.8608676256427652,1.2089249561370612
2023-03-14,1.230910416878112,0.9878904284845974,1.1090538368641416,0.8737489452142644,1.2250782417776354
2023-03-15,1.1871890705599917,0.9444507136745423,1.0998179560666859,0.8451378773081302,1.166739006824312
2023-03-16,1.202772670366768,0.9495602790846748,1.1122446530053638,0.8557803531300537,1.1728605614974728
2023-03-17,1.1849473904910717,0.9371509283877236,1.0961131149856087,0.8405228972355483,1.1592499067678808
2023-03-20,1.1932090043949481,0.9554007380727796,1.1091239926229512,0.8509809708324908,1.1698752813728355
2023-03-21,1.220857121951442,0.9620466382464191,1.1105662475627376,0.8618469173092763,1.2039095569833664
2023-03-22,1.2243891909025437,0.9613393854225228,1.1108547272563503,0.8568669492375037,1.210017565256726
2023-03-23,1.2192722354130519,0.9586080949573781,1.1156940305942957,0.8521364847634081,1.2000201464347726
2023-03-24,1.2025703294963004,0.9494988918796186,1.10091634041449,0.8392504255316345,1.1814481632209837
2023-03-27,1.211901128321297,0.9559136532904008,1.1074932077818094,0.8436790258307177,1.1968408354837583
2023-03-28,1.2108853282468355,0.9589424020294743,1.1049590254837793,0.8427550775235196,1.2019936577032626
2023-03-29,1.2243300103061476,0.9714619415930446,1.116527442381,0.8576875273739148,1.2144610186142692
2023-03-30,1.2390997185680206,0.983650536503666,1.134387778295278,0.8746012891020131,1.2265820137407257
2023-03-31,1.244263233190839,0.9847071881133338,1.139526314135407,0.8785126350626111,1.22864785044768
2023-04-03,1.243226538767061,0.978300981020672,1.1281849254114849,0.8765297450536237,1.2489659016256551
2023-04-04,1.2392597726057053,0.9783145098117636,1.1319585181650749,0.871730288360945,1.240930877635202
2023-04-05,1.2340135610498748,0.9722501912498532,1.1560418168897646,0.8602065005935909,1.2486313230274064
2023-04-06,1.242289716556516,0.9813645425879156,1.1749721435785432,0.8722725584563303,1.255945399889384
2023-04-11,1.2467510180841412,0.9976454314606714,1.172204165047861,0.8829920063025112,1.2683944495081898
2023-04-12,1.2505437271082334,1.003934112996796,1.1794324042304076,0.8875812757006721,1.278309143569448
2023-04-13,1.254720515137435,1.0109096079814743,1.175662939365529,0.8910646350971322,1.2785383333967624
2023-04-14,1.2610436313450073,1.018581880206503,1.1661158892737769,0.8954564440067501,1.281564838204764
2023-04-17,1.264435821640198,1.0191501425604186,1.1690715266627445,0.8952309110906013,1.283505225677875
2023-04-18,1.2678396805621839,1.025809756311894,1.1637482237284544,0.9001071057462775,1.2910098209362784
2023-04-19,1.2657269175607047,1.0196457824836407,1.1639511512218375,0.8954166253321754,1.285837511655407
2023-04-20,1.2674624061614077,1.0326754789546668,1.1637287950921469,0.8962571793240315,1.2811333904809152
2023-04-21,1.273278239457113,1.0289799926456529,1.1725890212041927,0.8960585661202939,1.2869773192790845
2023-04-24,1.274290932185634,1.0293919136944678,1.1714241218997172,0.8972452877712715,1.2884403277436534
2023-04-25,1.2709255312076848,1.0217027601918096,1.189825149427741,0.8941280836095763,1.2837312881419574
2023-04-26,1.2722622882591936,1.0278092364226106,1.1773792637692269,0.8933714772899711,1.2750120128015343
2023-04-27,1.2754720388662544,1.028803865127267,1.1723055228592443,0.8914040656151859,1.2638968139318634
2023-04-28,1.2803588010300067,1.034569503467057,1.1759596172547557,0.9025650469465055,1.2816221516020336
2023-05-02,1.2676120685373646,1.0278373739344426,1.174196951204829,0.8935150368612524,1.2527193196879045
2023-05-03,1.273908787772625,1.0324051613153353,1.1803101973453158,0.8964323728140775,1.2514973709503554
2023-05-04,1.25829085387378,1.0142666257104052,1.1868525808826966,0.8857401255439997,1.2423136177974743
2023-05-05,1.2683888527745657,1.0261909758915597,1.1879644075032043,0.8957146473542544,1.2625722241911628
2023-05-09,1.2715009894230958,1.0205540641449358,1.1854504827406425,0.8858253769152836,1.2582900334401748
2023-05-10,1.2694635475699103,1.0215781625936171,1.183338218656487,0.884462696994567,1.2528139489065448
2023-05-11,1.2737932979286695,1.0081055867590338,1.180120897989686,0.8853540283247934,1.2545397315402147
2023-05-12,1.2814745808049908,1.0107942027849448,1.1855431394305407,0.8806486107094019,1.2631820545386736
2023-05-15,1.2861449492712824,1.0158525936792875,1.1875630143416582,0.88532669056165,1.262675463873977
2023-05-16,1.2877007397918303,1.0108185724877037,1.188481283335813,0.8815723754550815,1.2527477675594456
2023-05-17,1.2887282210945137,1.0059062470509361,1.1733031847583015,0.8729930281427006,1.249265052011456
2023-05-18,1.30023567226117,1.0065380331883322,1.1551900297317694,0.8741430122514061,1.2551051962094966
2023-05-19,1.2986195421845785,1.0078410618284743,1.1566374100971444,0.8716553073704344,1.2579751582209875
2023-05-22,1.301769374589152,1.0085424956156492,1.1580277357700257,0.8753467792278863,1.2626977983161807
2023-05-23,1.2906451536821417,1.0033595554901835,1.1593607085111568,0.8732173492550925,1.2677466845236816
2023-05-24,1.2718876676759368,0.9907347283589757,1.146409154350061,0.8503223301039337,1.2514520752451257
2023-05-25,1.2731968989979736,0.9825422504732622,1.131661670213061,0.8414451344744939,1.2372028518387965
2023-05-26,1.2818723224661086,0.9904141567244653,1.1309671839823492,0.8458973228971935,1.2434130117979945
2023-05-30,1.275963684935283,0.987456634600563,1.1391873177823282,0.8437068220301758,1.227733288929124
2023-05-31,1.2642436906937227,0.9843520111971528,1.1402051588183009,0.8330151364070879,1.2135476965421832
2023-06-01,1.273644323747398,0.9981087159407553,1.130984366394713,0.8388342443479114,1.2222710956456888
2023-06-02,1.2891870119090143,1.0115791807390488,1.136226873573938,0.8595210925076587,1.245357280883176
2023-06-05,1.2853921707042706,1.0069781514953169,1.1425383651801728,0.8566807417630303,1.2412174402152807
2023-06-06,1.289657376312433,1.0138978040076323,1.153852754881004,0.8643322902341969,1.244992032741516
2023-06-07,1.288595167356006,1.021757591329897,1.1416702356177744,0.8590243063762564,1.2415389675790078
2023-06-08,1.2853595771302442,1.0174425938303142,1.138166445859725,0.8546274669559537,1.2348745804967038
2023-06-09,1.2786466208806324,1.0159802328231773,1.141105154821561,0.846440216024388,1.2310264409912013
2023-06-12,1.2836332972867908,1.0182154609695226,1.142806185531652,0.8452328606158085,1.233580942209558
2023-06-13,1.2906720089114332,1.026616985242879,1.1321217498670673,0.8428728695704271,1.2306958018127983
2023-06-14,1.293052458842924,1.0281351744139755,1.1296081041442736,0.8452331007157108,1.2286727054384814
2023-06-15,1.2909830111308123,1.0191092285926007,1.1307736603949872,0.8413079275600924,1.2277182751740805
2023-06-16,1.2949803876668495,1.011439333480888,1.1388111968503383,0.8413343430827432,1.2253650882823917
2023-06-19,1.2884240295354406,1.002938693166895,1.136443984988702,0.8299797285924752,1.2172219270705762
2023-06-20,1.2890186624321172,0.9934639471526434,1.1364895770166905,0.8252559894833362,1.2070970380735049
2023-06-21,1.2824718091177802,0.9839506171038348,1.133268068423081,0.8138867669553361,1.207233359284952
2023-06-22,1.2688325727480303,0.9689148626736047,1.1192950487139042,0.8069454474814618,1.1990249798333839
2023-06-23,1.2597308742461217,0.9618210859694544,1.121179179758438,0.7969656911780348,1.1909900871163912
2023-06-26,1.2588057602355802,0.9610088769227279,1.121593643665086,0.7975636971661938,1.1978137596871614
2023-06-27,1.2658955615989176,0.9616084427030092,1.1269262418198756,0.7997862096602558,1.1905764824586862
2023-06-28,1.2812685500974499,0.9651955868827169,1.1310969690531145,0.8091720141107283,1.1976605385274877
2023-06-29,1.2700403571624792,0.9626355670687742,1.1113202908470836,0.799326013153201,1.1912184737066154
2023-06-30,1.2831216179747882,0.9677694360555898,1.1101224497345292,0.8089750530054953,1.2006813569426356
2023-07-03,1.2864325942750556,0.9747489326106396,1.113485502112075,0.8138581276850296,1.1975250742518209
2023-07-04,1.2776760060351249,0.9743681627355301,1.108894747411291,0.816118096332355,1.1989491186487258
2023-07-05,1.2682594101774842,0.9638576539536378,1.0850164292005662,0.8059455423613752,1.1858939910332882
2023-07-06,1.2427435303893903,0.9396633750161926,1.07564353275522,0.7831007452138731,1.1585874198832093
2023-07-07,1.2458597405525105,0.9441299129547045,1.0599018856182012,0.7854977373741391,1.159257629751478
2023-07-10,1.2495608025666611,0.9454633481663414,1.0631073459254397,0.7872038003673488,1.1654045469354577
2023-07-11,1.249235735589015,0.9497855996671507,1.0628970659089907,0.7947408051836561,1.1685123186929336
2023-07-12,1.2740883572232824,0.970883375725566,1.0803473815521718,0.8136974057382439,1.1892964909410877
2023-07-13,1.2812099689079623,0.9740720026175009,1.0824365106970784,0.8183720658095882,1.192685839765134
2023-07-14,1.2819728656597147,0.9754511828673083,1.0807276764169744,0.8197910589412646,1.1866354644754482
2023-07-17,1.2819262356945238,0.9667789104887535,1.0778395917361028,0.8138552244767912,1.177325183458654
2023-07-18,1.2887855072152674,0.9732571503427678,1.0793281571182274,0.8228289689315138,1.1937479597845475
2023-07-19,1.30922153464401,0.9984718012674703,1.1060348515257308,0.8526909743130489,1.225959220368249
2023-07-20,1.3187574535023519,1.00965142768961,1.1116814510959985,0.8539786278265387,1.2419344831045855
2023-07-21,1.3219532212328333,1.0071912168447292,1.1173908561871595,0.8509651153326155,1.2462609199028412
2023-07-24,1.319529231503524,1.012374355200349,1.1202257467180574,0.8497791078628844,1.2487262368344867
2023-07-25,1.316066530502514,1.0096067928099102,1.114802397079115,0.8581158850467226,1.2472819778330477
2023-07-26,1.3237327270276924,1.0061890532711848,1.1167613027325836,0.8591509253868911,1.2461237619998053
2023-07-27,1.3385897052367914,1.0094674956587641,1.1110482791599148,0.8570156142621567,1.242623889708121
2023-07-28,1.3367490127497292,1.0106055248908912,1.1004425315829052,0.8497926680076114,1.235934435439405
2023-07-31,1.3374881578676217,1.010428372689919,1.1033245347201952,0.8486140727715217,1.2377561169372138
2023-08-01,1.333249420515876,1.0014842335272365,1.095127693416748,0.8406912219170761,1.232080200981527
2023-08-02,1.3225244471386213,0.9837697385546522,1.076920150726763,0.8255740720406285,1.2127519429625464
2023-08-03,1.3185060325899167,0.9779198760077332,1.0623696515532215,0.8228255779332656,1.2150553271455915
2023-08-04,1.3259798025312564,0.9854948215346417,1.071520318287176,0.827839888946151,1.2264886290182369
2023-08-07,1.3265219775872332,0.9844548458253358,1.0692669212373833,0.8241376461876483,1.2228080574325937
2023-08-08,1.3244881804231536,0.9715883125834559,1.073005116942303,0.8156911100235499,1.2220834797124813
2023-08-09,1.330105715313181,0.9786568394978352,1.0688345780638702,0.8171753240791547,1.2390294083030835
2023-08-10,1.3384261307391212,0.9854175267195315,1.0801872585754122,0.8241800629041652,1.245050719495054
2023-08-11,1.326488754404712,0.9746597485591374,1.0688921006981442,0.8085173755889967,1.2365423438876424
2023-08-14,1.3281835040499248,0.974030483249333,1.0688970764713235,0.8038449282711483,1.2362069389784227
2023-08-15,1.3204960145479325,0.9555160952071943,1.0535567692578522,0.7937122328626552,1.2199774336610596
2023-08-16,1.3177016564451178,0.9503708612603101,1.0487199813216208,0.790949614932109,1.224099160075904
2023-08-17,1.3111953726794647,0.9413813792977945,1.038255798259499,0.7799076811938758,1.2198977532780069
2023-08-18,1.2980617729114032,0.9284997498759119,1.0341845664590334,0.7709341088149342,1.2105207629234362
2023-08-21,1.2964980574933906,0.9237858569613048,1.0276190645280177,0.7649291201020982,1.209181260658741
2023-08-22,1.298603169028274,0.9278084343741363,1.031080795028403,0.7665281962763714,1.2071476540588082
2023-08-23,1.306671764977979,0.9406195837517127,1.044233294738343,0.7750420909143118,1.2065227283093358
2023-08-24,1.3091919531584597,0.9414975495748938,1.0480115827803194,0.7732167557297116,1.2089577853363405
2023-08-25,1.3106973904070187,0.9412513771180245,1.0489260524484438,0.7712519923278199,1.2118115489146246
2023-08-29,1.334905514640029,0.9656800134960802,1.0676986088312261,0.7907824985290801,1.2365112270973064
2023-08-30,1.337858330327039,0.9670581981717985,1.068025034966056,0.7935404575893896,1.2408628916059086
2023-08-31,1.3369261517443662,0.9587019059085188,1.0658577578288466,0.7910727962563409,1.240801637548635
2023-09-01,1.3386781699764896,0.9602135022475574,1.0607519305837096,0.7875119579626721,1.2477232755876861
2023-09-04,1.3376496819608106,0.9596069515465189,1.0582421753247604,0.7842866397797816,1.2446871179776595
2023-09-05,1.3356141782043702,0.956454911325764,1.056874377715262,0.7773222654273072,1.2511444363530608
2023-09-06,1.333173007298561,0.9564519863483845,1.0575625853832726,0.7739501904986319,1.252778857451899
2023-09-07,1.3373615574144548,0.9554503649437647,1.0723796032791792,0.7687443924303018,1.255714734186567
2023-09-08,1.3432324420290027,0.9517239064475826,1.0851343179272912,0.7722258400492868,1.2597138926659592
2023-09-11,1.3483403479170717,0.9563183283886337,1.0913029879112424,0.7764093812646825,1.255859688192533
2023-09-12,1.354812464137492,0.9664702067691068,1.0872662591982598,0.7748399290596736,1.265830743612192
2023-09-13,1.358700136305331,0.971295663629286,1.0871403383734826,0.7777454181668274,1.2551611196619197
2023-09-14,1.3767422748651963,0.9938391066180693,1.1134050131807254,0.7917424086540128,1.2808132206975469
2023-09-15,1.3853733453640322,1.0006849951209769,1.1174263040071197,0.7951984537982171,1.2861084297207122
2023-09-18,1.3715701176940442,0.9862491783306683,1.1071528871602008,0.7812112846842688,1.2742078030312531
2023-09-19,1.3746786235211252,0.987046023204186,1.1047453749745815,0.7743042463778095,1.2757512896510177
2023-09-20,1.3805104341873788,0.9982916008349783,1.1251270893640022,0.7886183455066359,1.2877244929072829
2023-09-21,1.3770582006220111,0.9834711626636833,1.1166761227728812,0.7844369290414347,1.283370302759965
2023-09-22,1.3722755023539746,0.9820867203479854,1.1103588823262032,0.7838564316350513,1.2883141052909113
2023-09-25,1.362149942519546,0.9771250317459557,1.0967029742259258,0.7701538651373916,1.2845712189104477
2023-09-26,1.3602017875157804,0.9792364448886262,1.094802361492234,0.7716953260824673,1.2817747196670501
2023-09-27,1.3515495032237572,0.9710409074122038,1.0755932687071563,0.761794098453599,1.2799911452446744
2023-09-28,1.357768511195065,0.9658076713505616,1.0575673775102494,0.7600971691186954,1.28134168708815
2023-09-29,1.3600932113491517,0.9720924780891227,1.0736096630582264,0.7703977185528368,1.2775190398486793
2023-10-02,1.3410579127452988,0.9573191104732579,1.0600967028483412,0.7582687679189684,1.2539818203304727
2023-10-03,1.332326977347317,0.9442610624297401,1.0382035098086932,0.7478367526568016,1.2481533141588699
2023-10-04,1.3235060716021507,0.9345082241925061,1.0321753787994956,0.7446943990508359,1.2346788624215965
2023-10-05,1.3303197578898691,0.9378818826943807,1.041088846152916,0.7485065405384675,1.241480650346068
2023-10-06,1.3381919044204813,0.9491309128634301,1.0426372230394079,0.7548984222157241,1.2512829546288773
2023-10-09,1.327720659462436,0.9447567856122718,1.0430757074270092,0.7469349670055616,1.2580821319538578
2023-10-10,1.3548429087218612,0.9638660166104742,1.0666197349698405,0.7659643634665286,1.2785055727169166
2023-10-11,1.3533091187748685,0.9665912292373047,1.0747598121825301,0.7638559232097706,1.2684129939709379
2023-10-12,1.353947202383776,0.9671324743469315,1.0725771643990427,0.7614111782484722,1.2801383847056287
2023-10-13,1.3412312384244127,0.9546404016382903,1.0764304322725422,0.7430243057866189,1.281364517382726
2023-10-16,1.3449517502005857,0.9599440917606878,1.0840651833865709,0.7493832444500105,1.2870337015705067
2023-10-17,1.351310448880696,0.9614491101221104,1.0915939149748197,0.7511434533177813,1.2993934207546936
2023-10-18,1.338449036412601,0.9524532038163441,1.0918572407467053,0.735954209182049,1.2846639297043492
2023-10-19,1.323292372039701,0.9336304255523301,1.080898028324398,0.7162900125597446,1.2789658117898512
2023-10-20,1.3062937168755988,0.9200418579059164,1.0746758316374314,0.7062822666864885,1.2656392177640763
2023-10-23,1.3094856969544302,0.9173142342164676,1.0737489924958394,0.7074113513043464,1.25829266654731
2023-10-24,1.3034628399619463,0.9230807521942862,1.0893671565057206,0.7086069383117276,1.2601722539941398
2023-10-25,1.3063325247960362,0.9219589003751352,1.095027401608789,0.7036082167061573,1.2574441450403167
2023-10-26,1.2979339569988746,0.91950282754531,1.098661077190982,0.7004357004599724,1.2493599169034835
2023-10-27,1.2871871562418447,0.9172397066914681,1.0930580926144462,0.7035459992647279,1.2430363690409076
2023-10-30,1.2975498814603776,0.9328626022927937,1.0988456536230162,0.7083148832531546,1.2446373855079058
2023-10-31,1.3038220701496672,0.9290854652930811,1.1059498429316728,0.714695723296133,1.229340701617918
2023-11-01,1.3141597344214664,0.9352752396977639,1.1167309034899515,0.7172100001289864,1.2344879316952377
2023-11-02,1.328573896643826,0.9531383723687836,1.1115362080070288,0.7364811271047544,1.2555469026725539
2023-11-03,1.326965727504678,0.961302190612294,1.1098585677161694,0.7511459607821396,1.2426012367840147
2023-11-06,1.3229187517316996,0.9600983199050793,1.1032242329412039,0.7410673382701322,1.2400269084486337
2023-11-07,1.3313158302288506,0.9605855316725236,1.106547532670078,0.743601316167993,1.234364640928542
2023-11-08,1.3433181945881212,0.9609590348205554,1.0966823364887104,0.7434843249404558,1.2281581703826023
2023-11-09,1.356418242357424,0.9709955166084903,1.1032681297487492,0.7514439418758416,1.2377139787089004
2023-11-10,1.349285375455371,0.9597955567940715,1.1010369427253301,0.7381586038392941,1.229973226871501
2023-11-13,1.3573913090848508,0.9692239757743196,1.103446361086924,0.7431927628993806,1.2430640227356096
2023-11-14,1.3583696969804817,0.9803426635323002,1.1146820080839959,0.7690549444996472,1.2446707044397578
2023-11-15,1.3700476185742254,0.9876460427162009,1.1210425220928506,0.7736013257191493,1.2483055220654262
2023-11-16,1.3592912422187347,0.9799147480508884,1.1196478722298298,0.75809464358763,1.2281543358782725
2023-11-17,1.3756251749037625,0.9909742593827442,1.1325645526848773,0.769717202952578,1.2471977150669136
2023-11-20,1.3799707594372792,0.9895512759776567,1.1285986215489834,0.7732543764434975,1.2489270587144892
2023-11-21,1.375420184168992,0.9840475495199382,1.132082953355714,0.7648244448865923,1.251075066237112
2023-11-22,1.3826668936030617,0.9871071421971896,1.134876393249333,0.7677685513297943,1.2441463703093123
2023-11-23,1.3863884296326914,0.9893515686709086,1.1277075599374546,0.7635458508769324,1.2536802030959064
2023-11-24,1.3860745646825459,0.9883339461127318,1.1336963140631608,0.7642369475714015,1.2573756539813432
2023-11-27,1.3853742503202298,0.9940987758175088,1.133365526302726,0.7628674165977358,1.2558924955401627
2023-11-28,1.385110043118358,0.994128040153517,1.136743800125104,0.7574393654453297,1.2598881648634699
2023-11-29,1.3838552600464784,1.0018007918945235,1.1331376031927454,0.7594226787026367,1.2608515967132936
2023-11-30,1.385922431295054,0.9967903027148767,1.120497781980652,0.7586220177632077,1.2679714208646677
2023-12-01,1.4000399532090777,1.0127375099046108,1.1311057815259316,0.7714124173675394,1.2717050922632638
2023-12-04,1.4002241846822912,1.004419566357186,1.1290373310108028,0.7679306547897574,1.2656089283528014
2023-12-05,1.400374113251709,1.006229008896978,1.1374004172005243,0.7713471836247551,1.267003686341231
2023-12-06,1.412681058619993,1.0164981110913034,1.1470235546294905,0.7840194938001289,1.2672752731133967
2023-12-07,1.4096023889755709,1.0233223688729998,1.1557163399503891,0.7828956059700062,1.261821009593977
2023-12-08,1.4215885219990136,1.0292654150088323,1.1592614585582428,0.7807430727793774,1.2771974538285307
2023-12-11,1.4248498867800334,1.0254455084844625,1.1579855653312714,0.7848200786739985,1.281065316544838
2023-12-12,1.4310355070005456,1.019935943511602,1.1555249803232943,0.7799601033945767,1.2741329256157792
2023-12-13,1.431586850112082,1.017883533846524,1.1629146683206242,0.7805957832515771,1.277945963134543
2023-12-14,1.4412502320539642,1.0391006353371544,1.1719440574178863,0.8134338530587255,1.2962552100092948
2023-12-15,1.4295308051093532,1.033395107958262,1.155170421798529,0.8092948176719259,1.2777074750544941
2023-12-18,1.4343183885977826,1.0328739443641917,1.1509738730073864,0.8070028443153016,1.290601721894831
2023-12-19,1.4405028055425289,1.0442519793640812,1.1593043133574492,0.8102255302268795,1.2918767735682468
2023-12-20,1.4589157360821043,1.052454187604137,1.1699811027681095,0.8222117475193171,1.3051659410573226
2023-12-21,1.4570347161985209,1.048828035135182,1.1602808743622537,0.8179682539313612,1.2988103369797668
2023-12-22,1.4598709763855147,1.0514830275056226,1.160153893426003,0.814110819396959,1.3016605168497524
2023-12-27,1.4637556003777692,1.0560732071000583,1.157680491548591,0.8207007231742669,1.3046077133206613
2023-12-28,1.4620915111354662,1.0516067132896274,1.1566428800688648,0.8190165234154974,1.3014667312840884
2023-12-29,1.4630381009657738,1.0510320347776767,1.1564389211490702,0.8155249490423836,1.302722485449034
2024-01-02,1.4597239064075935,1.0448080276351304,1.1506377054896941,0.8059557680986905,1.3034448610338643
2024-01-03,1.451598767729818,1.0302102928020103,1.1556128551862985,0.7910409427137611,1.3001342250062355
2024-01-04,1.462711129842304,1.0345238791486582,1.1667505860685192,0.7847292186707987,1.3065117747294581
2024-01-05,1.4577697808622831,1.028128287796051,1.1646761691985834,0.7796428489735483,1.299422811476238
2024-01-08,1.4725021063090957,1.0384380240702429,1.1634708394655162,0.786445828770364,1.2924197460217985
2024-01-09,1.4689308776405792,1.0342241136523422,1.1734587421602745,0.7803530352694557,1.2883405505335253
2024-01-10,1.4683328109819254,1.0300079311668093,1.1697744594195878,0.7796442743181821,1.2684213131065554
2024-01-11,1.4486890249687423,1.017299077720692,1.154489678467715,0.7720490344135745,1.2599454002395185
2024-01-12,1.459359028264963,1.0303456201130599,1.1658052201825557,0.7764718352430814,1.2707227504807
2024-01-15,1.4546954428881604,1.027060679660033,1.1688289458242487,0.7711413427755797,1.271212449751401
2024-01-16,1.449030823790265,1.016132543725381,1.16735970940111,0.7671383381434244,1.2628088424709079
2024-01-17,1.4369984793966213,0.9955172701692793,1.1438070062282877,0.7501147791282686,1.244089823214139
2024-01-18,1.4408446012316305,0.9992949830646425,1.1364840190141303,0.75582669641872,1.240756770840823
2024-01-19,1.4391345997386458,0.994870810420868,1.1338029612339122,0.7551932606288682,1.2417468138097798
2024-01-22,1.4529657039683934,1.0009958207258818,1.139046685160922,0.7640966458223558,1.2482356181086014
2024-01-23,1.4448318938236924,0.9965931140076124,1.1365389194987026,0.7633502543851416,1.2446738833764472
2024-01-24,1.4564702891491097,1.0098130658752935,1.1393862170013567,0.7709532823619148,1.2508386628029884
2024-01-25,1.4583377738080843,1.0024658372981623,1.1312929639947702,0.7679949468286844,1.266063303735931
2024-01-26,1.4654751819647722,1.0133666051711046,1.1445862870415457,0.7840127609336259,1.2782481149067184
2024-01-29,1.4626543826039666,1.0089176977836654,1.1384070411973977,0.7779139538678513,1.2755782640174633
2024-01-30,1.473117047154233,1.0017725545429352,1.142777789887439,0.7769757176791269,1.2826604011012244
2024-01-31,1.4649014084718444,0.995725366928984,1.1508232208371594,0.7777112668643912,1.2732850231186112
2024-02-01,1.456246867273957,0.9870248291708614,1.146555347083103,0.7718236816772522,1.2755760645936887
2024-02-02,1.4594951885763778,0.9834297550904311,1.143205989989189,0.7694293956908684,1.2720580516526194
2024-02-05,1.4562610950795842,0.9706851890992672,1.1495986150186566,0.7639261131983004,1.2637573927878263
2024-02-06,1.4671142956944698,0.9744395361302272,1.1453182701064626,0.7708907011608329,1.2852599775628173
2024-02-07,1.4578732606090705,0.9660449105231019,1.144509516748693,0.7628478687184846,1.2718276114600304
2024-02-08,1.4577603063156774,0.9645055778737663,1.119135198675789,0.7594356099687977,1.263639252674235
2024-02-09,1.4622118382022085,0.9577330956995698,1.1125166188822118,0.7534650011574969,1.262708484027692
2024-02-12,1.4695134059380903,0.9644949428346332,1.1160995584568436,0.7586720946702474,1.2636510696804237
2024-02-13,1.450744365579331,0.9453993650738067,1.1107849551970552,0.7426068756705474,1.252978919446368
2024-02-14,1.464486555040179,0.9553413863702568,1.116831887250612,0.7488437263632769,1.2589621708824323
2024-02-15,1.4747120803988913,0.9628795301089876,1.1278250611471279,0.7590848900147248,1.2597092322494499
2024-02-16,1.4953683406958564,0.9667056311068544,1.1330370104887748,0.7686778363570482,1.275903448114558
2024-02-19,1.500115333278697,0.9657353779994506,1.1341894314999952,0.7660059979170812,1.2843078493187816
2024-02-20,1.5076202767528428,0.9610755894087399,1.1473459371089716,0.7637565413694191,1.2751812567311673
2024-02-21,1.505754612792168,0.9605337237152144,1.1453842036522768,0.7611604629339613,1.277458386325192
2024-02-22,1.5266443993314025,0.9601758510482041,1.134664008945378,0.7637499174612505,1.2754588372179185
2024-02-23,1.530505515817998,0.9619433816509912,1.1332457441460004,0.764229957939952,1.274978791806364
2024-02-26,1.5336566626396602,0.9592492288328344,1.122390937064024,0.7589120226015585,1.2720570326187606
2024-02-27,1.5272612369712886,0.9570663999308441,1.1280973367986786,0.7566191907545965,1.2729797775313012
2024-02-28,1.5299522137223331,0.9509532522714937,1.1284305135936148,0.7444588174612411,1.253092775951118
2024-02-29,1.532578884967579,0.9577313118824021,1.1219196057497192,0.7480917632203553,1.2610275440033911
2024-03-01,1.5505030780581044,0.9640489818733683,1.1185816197033518,0.7552617298463451,1.2798139403925726
2024-03-04,1.5458850439155802,0.9656290385405776,1.112625028721611,0.7451869480647073,1.2729378044229502
2024-03-05,1.5498105009521508,0.9702646308831012,1.1261116030643474,0.7443685990110362,1.2765567463899266
2024-03-06,1.5626510082550393,0.971515274056649,1.1302145271233,0.7483825962568709,1.2847033425413519
2024-03-07,1.5671401032780115,0.9689268606689806,1.1413628763813137,0.7567107391392008,1.2860857526813152
2024-03-08,1.5658100782668716,0.9678856479227308,1.1373399845133239,0.7546242489489214,1.2811811995651683
2024-03-11,1.5609517744191297,0.967047189226892,1.1367531703012739,0.7536407033986909,1.2899087891075165
2024-03-12,1.5822193747114972,0.9749050828928291,1.1259060714708566,0.7556876903992154,1.3049055714051492
2024-03-13,1.5795950163545889,0.9770098939923908,1.1326943579610758,0.7522416740935789,1.3064162177883645
2024-03-14,1.5762078210403938,0.9778847906543682,1.1274276249073372,0.7441079940285135,1.3085351490844892
2024-03-15,1.5736788593999085,0.9830584368252229,1.1240346659429044,0.745558005411809,1.2949705670571237
2024-03-18,1.5728756407624787,0.9784794162511485,1.117444412403809,0.7432159606172674,1.2991387661252156
2024-03-19,1.5733470755793044,0.9734744551737496,1.1156857227814607,0.7403836921850283,1.3003912645717526
2024-03-20,1.5756048614316798,0.9816566982980979,1.1252651982435515,0.7444695839419062,1.2964499202229842
2024-03-21,1.6118389411016396,1.0049462503598314,1.1325330849320039,0.7605420801534003,1.316550324352693
2024-03-22,1.617465936421224,1.0106390917998316,1.1387441062436088,0.7610775554931829,1.3237578875354026
2024-03-25,1.6129667399828778,1.0056128811774991,1.1386099110678585,0.7581062050922274,1.326565280670681
2024-03-26,1.6252634320678612,1.0093894193870918,1.1322793104475828,0.7632662923318839,1.332246488310016
2024-03-27,1.6278566433300883,1.01767816174266,1.1403825399241436,0.7633452463451571,1.3350820177092513
2024-03-28,1.628493480463379,1.019297323342277,1.13446723484693,0.7690373793445929,1.3394541884359268
2024-04-02,1.6147988811808476,1.0153186502444984,1.1313416241065015,0.7594157882780053,1.3404922195290425
2024-04-03,1.6182072757179902,1.0182177483456476,1.124378103066012,0.7584194639317782,1.3430659671728846
2024-04-04,1.6213142798887041,1.0227043014548314,1.1234572142138328,0.7618844039520047,1.347920697954775
2024-04-05,1.6115944741938606,1.011648572681264,1.1017109235843796,0.7472535892571219,1.3391554083471224
2024-04-08,1.6170714674400117,1.0173253908628188,1.100765812120741,0.7549908601578988,1.3456590800615724
2024-04-09,1.598738593524565,1.016156796182454,1.0973315041335623,0.755444505133777,1.349500919050683
2024-04-10,1.6039650822081861,1.0167767371869727,1.0916404843500103,0.7504822639607713,1.3601369609390437
2024-04-11,1.595239646422042,1.0116142469623581,1.0886893754757736,0.7504225736714718,1.3582516781648937
2024-04-12,1.5963052195916236,1.019249272280999,1.1074653576891362,0.7491571658059456,1.3782690166268277
2024-04-15,1.599948762949434,1.0124827098233287,1.1007030099625104,0.7496992978347132,1.3690094528106402
2024-04-16,1.5692945362255044,0.9929437592172632,1.0831062824252993,0.7358021412465685,1.342690125695706
2024-04-17,1.5728678994863874,0.9984235092889653,1.0816173494004369,0.7383376098631352,1.3448864838481813
2024-04-18,1.5803589449827986,1.007401882884171,1.0941041121131834,0.7402235926564781,1.3457863268406665
2024-04-19,1.5756803505804813,1.0062842084224095,1.103174230928743,0.743112991705128,1.3446561127367103
2024-04-22,1.5985264027862018,1.016316173881207,1.1166244048122047,0.7527834621388155,1.3674618864845103
2024-04-23,1.617955069485254,1.025193789342479,1.1206984879812505,0.7559947301991014,1.3731334831041904
2024-04-24,1.6166733698030886,1.0202739371985061,1.1131041546558011,0.7479266422872431,1.3738505717000111
2024-04-25,1.6099202337016711,1.012582422145,1.105107842847895,0.7437142751095894,1.3752481981698228
2024-04-26,1.62647643937791,1.020055946431853,1.1109129400282198,0.7529122950221343,1.3864704892884383
2024-04-29,1.6242734362225912,1.0286213750793238,1.1193184115330381,0.7574720368366331,1.384715843133434
2024-04-30,1.6213577585876744,1.0189671813723038,1.1230686253086166,0.7499530184651411,1.3864770912656075
2024-05-01,1.617053856781653,1.0174940050925996,1.129094004985105,0.7478095957188158,1.3733285801221127
2024-05-02,1.6157540213512667,1.0157261034322687,1.1274046344072104,0.7534799174700012,1.3846747251723257
2024-05-03,1.6222769218173352,1.024587085124638,1.1398904302298503,0.7654506413126665,1.3841111529885286
2024-05-07,1.6438796956021569,1.0365298305308766,1.161222387652523,0.7775248088552543,1.3955046077862088
2024-05-08,1.6617957569101272,1.0425336026758563,1.1662102025745846,0.7796339003382735,1.3977364615179677
2024-05-09,1.6645427538917021,1.0456797543923475,1.1773681131886493,0.7830444974955768,1.4066537651330553
2024-05-10,1.6726426524112945,1.0514832556602463,1.1794675756176183,0.7859122774352294,1.4172853587561887
2024-05-13,1.6703256970041653,1.0509889017799556,1.1799429609136791,0.781370700053621,1.4128541099226155
2024-05-14,1.6719122378066595,1.0654222729893554,1.1912975837145379,0.7842329706474279,1.4078719122839773
2024-05-15,1.6702468392784673,1.070366227161398,1.200445766951797,0.7949342930170346,1.4040621435877019
2024-05-16,1.6683533127028367,1.0849615407079083,1.1938388333828067,0.7974398574647104,1.403639696148442
2024-05-17,1.6634429773931676,1.085166233181261,1.1930582567284775,0.7900775164007029,1.3995984446845475
2024-05-20,1.6713657038834067,1.0941302793135312,1.168758730156373,0.7888911634814338,1.4011625388010254
2024-05-21,1.667350299092683,1.0839761447326492,1.1590353873983967,0.7842989254277953,1.4045624158016898
2024-05-22,1.6599023719828645,1.073422423562793,1.1629070832493653,0.7786270075646764,1.3975831826137206
2024-05-23,1.6613964135106563,1.0708905358287104,1.1106169464987607,0.7731800683226784,1.3951283480273362
2024-05-24,1.6637817952430694,1.0724780325703827,1.0919669881805159,0.7761111708200269,1.3934916309628314
2024-05-28,1.6543084691866148,1.0704331981489477,1.0760474666175417,0.7744690562488455,1.3952000870858392
2024-05-29,1.6413107715624433,1.0584122386616024,1.0633459229536588,0.7628387336516542,1.389201388474247
2024-05-30,1.6474211944602597,1.0712024113483536,1.065532166736319,0.7754275047597039,1.3926823841223834
2024-05-31,1.652326150123114,1.0656148208210885,1.089907967010978,0.7730500831569191,1.3955242262708523
2024-06-03,1.6599483605641445,1.0749116981903317,1.0688906107189393,0.7813679093376236,1.3935251979219412
2024-06-04,1.6522932345692403,1.0668053212385413,1.0860842404098654,0.7787320617193566,1.3769771427493551
2024-06-05,1.65115473893798,1.0715069372229622,1.0864025127859862,0.7767009059496718,1.3771607938513575
2024-06-06,1.6632477594235324,1.0777579893207778,1.0770492384794244,0.779843617655386,1.379622703648807
2024-06-07,1.6580914839850713,1.0599010684559522,1.079029961347032,0.7667458772305108,1.364408879910967
2024-06-10,1.6518982909396651,1.0588794814668643,1.0771654713406724,0.7607811121327497,1.3666803423578353
2024-06-11,1.63526659252072,1.0480088146731648,1.0676036311215502,0.7522046748208523,1.3529988235912955
2024-06-12,1.6594206909869444,1.0593600627895918,1.0771744319463086,0.7655163799494104,1.36472464738927
2024-06-13,1.6477870107129535,1.060241967382272,1.0869243346619597,0.7531626444164942,1.348548891177207
2024-06-14,1.6402105325794782,1.0565717485734745,1.0794683853137126,0.7457946384473709,1.3436561637761302
2024-06-17,1.6430024820480287,1.0527083212541122,1.0632800803587326,0.744336589436273,1.3484969994084597
2024-06-18,1.6559680944015702,1.060378737143869,1.0786855738780932,0.7505429405704926,1.3568634766796108
2024-06-19,1.6642334704459278,1.0529014189037538,1.0806024790561322,0.7446427742136991,1.3535303332737962
2024-06-20,1.6836781408518053,1.065937939619918,1.0856241311769745,0.7549029803610656,1.3683804958383146
2024-06-21,1.6690992175600186,1.0585538919909478,1.0847382226681705,0.7509100081847635,1.3640433789763542
2024-06-24,1.6797581567852518,1.0698870335385058,1.0863903618523159,0.7573736255871998,1.3694383783126072
2024-06-25,1.6633621445970483,1.0559341953309664,1.0843395914977108,0.7488949936741062,1.366447849503086
2024-06-26,1.6617082070385356,1.0526896638383016,1.0787761086223218,0.7458720472333313,1.361310493731124
2024-06-27,1.6606298117422174,1.0510225445535217,1.0594381441966711,0.7445142405341653,1.3617963749092463
2024-06-28,1.6547945901966876,1.0489767249524429,1.0599540941637946,0.7423325312739021,1.3601279335768242
2024-07-01,1.6487931021149005,1.0534946087735844,1.0618135787258383,0.7414138042066377,1.361208891713948
2024-07-02,1.6374329215843908,1.0461097216382496,1.0494399129148468,0.7382492417937333,1.3548734368670592
2024-07-03,1.6543429410075616,1.0627549766236764,1.0664917761207386,0.7496669348619472,1.3607086290921147
2024-07-04,1.6639890766932381,1.068090654621725,1.077330917236462,0.7534638609260017,1.3752143879655772
2024-07-05,1.6625788488256206,1.0740230156046542,1.0878970180444245,0.7561522452981667,1.3737951322782853
2024-07-08,1.6762396983037084,1.068709438865743,1.0857782976065538,0.7534824109943724,1.3637876715251505
2024-07-09,1.6583206777104922,1.0640757050452863,1.0910958038963476,0.7464589229520693,1.3427019371963111
2024-07-10,1.6739575281710435,1.0750271732360512,1.1033046205407102,0.757174954773936,1.35615075805432
2024-07-11,1.6828771711715866,1.0825744474753292,1.1226912885382991,0.7661369757056959,1.361815619728879
2024-07-12,1.6878930077919219,1.0855792934791346,1.1112207117861852,0.7682247971910733,1.369368487119185
2024-07-15,1.681300246533619,1.07497449373533,1.0915581946934398,0.7583376224411678,1.3557759842793877
2024-07-16,1.6894274974871388,1.0769245172939341,1.0741959044899645,0.7570202670315852,1.3545045540072176
2024-07-17,1.6791420654568832,1.07230074880262,1.087540787531142,0.7549335850552292,1.3552395800044827
2024-07-18,1.6740323358417568,1.0663322498457215,1.0981246479179216,0.7598914483181298,1.3622473970092317
2024-07-19,1.669401433470429,1.0610847089309694,1.0863213717671418,0.7481410454071807,1.3563121757726568
2024-07-22,1.6753256388500963,1.0639259874547837,1.086551425768308,0.7550723363325048,1.3678367676195329
2024-07-23,1.68327019132147,1.0577853178165777,1.084297350694645,0.7498951744838738,1.3585508056765714
2024-07-24,1.671411494177924,1.0552141023594366,1.0827914259862375,0.7471559759262323,1.3627228745542885
2024-07-25,1.65898987701593,1.0515196703972722,1.0825406332969794,0.7491919849526419,1.3462662645705037
2024-07-26,1.688906331468705,1.0644932245635728,1.0949732105138377,0.7592697825475007,1.3645605714466067
2024-07-29,1.6893371430322983,1.06713210031101,1.1011333391956775,0.7594142141560803,1.3587625868779811
2024-07-30,1.6994657073831838,1.0682685344782965,1.1016183294022746,0.7616058009934673,1.3612623680316533
2024-07-31,1.7096701547139541,1.0797516461409986,1.1066195441053235,0.7680464019889003,1.3801946402101568
2024-08-01,1.6889287480518154,1.0557841443398137,1.1075791973997704,0.7639112627553851,1.3698853848551429
2024-08-02,1.6402499919479532,1.032905925875114,1.12269812225563,0.7478555334686562,1.341975754195704
2024-08-05,1.6075017657680333,1.0007857066827317,1.0871109587740173,0.7303797964912987,1.310026134321602
2024-08-06,1.6162847131114402,1.0026691407082875,1.0851666008599898,0.7301690664353231,1.31181393159844
2024-08-07,1.6396515074106852,1.0198626113585054,1.0952105835774772,0.7396750614419354,1.3381061511699996
2024-08-08,1.6382164581876222,1.0174759946852892,1.0878113247147982,0.7348851060706011,1.3280610730251443
2024-08-09,1.644950341297533,1.020535476976794,1.0958513588933616,0.7375355651196563,1.334574184362022
2024-08-12,1.6581431667992415,1.0312454462202847,1.0946688438567822,0.7367566917940406,1.3443939053644893
2024-08-13,1.6619192753910346,1.03372210279916,1.1059688773718765,0.7399013797284287,1.3512541277398882
2024-08-14,1.6767913921204254,1.0434690164496474,1.1122915086158482,0.7462041332591838,1.3630927354832052
2024-08-15,1.7018178072765775,1.0510840644398844,1.1097577331332784,0.7510641807527519,1.3863127067127345
2024-08-16,1.6993142661855258,1.0436510273663475,1.102782612103904,0.7497390989284065,1.3798768573113414
2024-08-19,1.7065349745055591,1.0552839593958825,1.1089615332483627,0.7564476145079803,1.3833609876509552
2024-08-20,1.6921691490952435,1.0411286353375147,1.0969489396333822,0.7487169770298605,1.3652611342587064
2024-08-21,1.6943242073446796,1.0486312039165258,1.0894692727659412,0.7539147680019751,1.3660686916121967
2024-08-22,1.6994976420904262,1.0480125195280612,1.0938252850497225,0.7552801923369242,1.3683222834014193
2024-08-23,1.7053174945273193,1.0503239908784294,1.1042904068287305,0.7628391526674042,1.3818776257692058
2024-08-27,1.7088387917890284,1.0456661837846863,1.108740176574593,0.7572822131019592,1.3820162534174747
2024-08-28,1.7097956749390877,1.04612757941313,1.1167324548216275,0.7523964083999655,1.3821337274734136
2024-08-29,1.7241981725100854,1.0450035663180834,1.1189304788886902,0.7502563457483574,1.3888961890266438
2024-08-30,1.7237193439544662,1.0469530941435357,1.123341281116913,0.7539360282300052,1.3824935081911331
2024-09-02,1.713338901180281,1.0649459999819337,1.1246474473146892,0.7532296760790255,1.3842173682796062
2024-09-03,1.7035663545203605,1.047918521224913,1.1298944210836026,0.7469999013061198,1.366403390051139
2024-09-04,1.6979114986047887,1.0392001608706032,1.1325530002277737,0.7413545342361069,1.3579168883970452
2024-09-05,1.695847314055295,1.0300042354174677,1.1548881887650337,0.7448188850437198,1.3436492219240943
2024-09-06,1.6711368265124669,1.022394243984827,1.1603134053909174,0.7386921075963632,1.3330408169624306
2024-09-09,1.6946856792983358,1.0295900876744404,1.1725854945127236,0.7437454091983388,1.3460946475176025
2024-09-10,1.6889389097620147,1.023489164747273,1.1712391258715928,0.7448289532521024,1.338247700404705
2024-09-11,1.6846059492585579,1.025154623344944,1.1677231456210126,0.7390252784333369,1.3386048292098809
2024-09-12,1.7041887818676626,1.0344177940385875,1.1612033449039831,0.7465707901333856,1.3465680495554735
2024-09-13,1.7139827395913427,1.0522068604190424,1.1656208845272922,0.7549330674309608,1.3491743103002567
2024-09-16,1.7132693920392525,1.0532675039699084,1.1660090946841861,0.7556053883444965,1.354689325433666
2024-09-17,1.7169045152967997,1.0558689760072606,1.176014209389508,0.7652217004106522,1.3662456103920035
2024-09-18,1.7050139099432184,1.0514491536380792,1.1652586309490132,0.7565711548184757,1.3587289944193488
2024-09-19,1.734782413974124,1.0552765163422457,1.1517429948409459,0.7689803704588424,1.367198285887077
2024-09-20,1.7139850210965124,1.0430635740962755,1.145164305550743,0.7523461418884944,1.349051072239285
2024-09-23,1.7203418075838688,1.050632366911917,1.148434804416234,0.7567873536666679,1.3480192706425644
2024-09-24,1.7214057215719953,1.055063502053186,1.1495397032401427,0.7600622868177769,1.3408657111059703
2024-09-25,1.7175524285616037,1.0575831870348167,1.1486586088782347,0.7600152475589682,1.3329017330899864
2024-09-26,1.7250707220747197,1.0620957094043546,1.1461269319535232,0.7722552836776009,1.3199207323605737
2024-09-27,1.7285829356229383,1.0662991535640343,1.148790452433398,0.7797721733284488,1.3244402314006862
2024-09-30,1.7064798391051703,1.0461656266822095,1.1355141829227433,0.7694438325713552,1.3102384757869372
2024-10-01,1.6975280623116324,1.0483669751936706,1.1504456454848226,0.7679782036823399,1.3162309640556153
2024-10-02,1.6977112161649877,1.0469592674484527,1.1270192325256054,0.7616356073250331,1.3256401227683319
2024-10-03,1.6967853422229078,1.0402834927417697,1.1212841991884626,0.7585183281834823,1.329471212545625
2024-10-04,1.708814681537058,1.0450173943239254,1.1065734965033422,0.7599201459041965,1.3307678547165727
2024-10-07,1.7089256021753791,1.0380555924650374,1.102181520614276,0.7558348356203082,1.334285958468631
2024-10-08,1.6995517828226496,1.0250320831135733,1.0974981222574003,0.7432675530940337,1.3157651221392113
2024-10-09,1.7185682845943084,1.0324918161947445,1.1049797036966298,0.7511737552220424,1.324102526297929
2024-10-10,1.7176434966356529,1.032628637740347,1.1053253552157354,0.7452537205197486,1.3185996601864742
2024-10-11,1.7308353718664233,1.035292242390709,1.106215088426634,0.7474940290396743,1.3102951962592004
2024-10-14,1.741887501242105,1.0361319277880237,1.1216216236094285,0.746955880896743,1.3161828406900813
2024-10-15,1.7431699754397219,1.0317272740771677,1.1321188810917457,0.7449117208654215,1.3005963256571889
2024-10-16,1.7567371932475166,1.0462372395418673,1.163582509552475,0.7570815298669953,1.3112380317339096
2024-10-17,1.77512246766849,1.0542918664150907,1.156061072505634,0.7618282749006227,1.3240169094391523
2024-10-18,1.7751483214617045,1.0503526582079457,1.1538438240090694,0.760576042220212,1.3180445140766879
2024-10-21,1.7560170553248362,1.0460439527355765,1.1460412139636842,0.7499290828591604,1.315681972208763
2024-10-22,1.7541306810256998,1.0485184320958028,1.1400168448046484,0.7482521595445589,1.311952237125664
2024-10-23,1.7414586362396198,1.0379745214941243,1.1413065201440185,0.7446736985430064,1.3040170209906008
2024-10-24,1.7404350773770594,1.0389996302395903,1.1302847405931857,0.7418061074087402,1.30073046960458
2024-10-25,1.7359602404707966,1.0297299850084012,1.1244811315607832,0.7400661250855579,1.3001573145824075
2024-10-28,1.7428846878394155,1.0398974029916084,1.1242784556181638,0.7445322239982274,1.3008587600595007
2024-10-29,1.7298338945735925,1.0208023964409059,1.1152415773986781,0.7362787235320323,1.2757160644542946
2024-10-30,1.7315452670664262,1.0216450382832098,1.1064821884161884,0.7350948210601569,1.2685783086062128
2024-10-31,1.7123683307379673,1.0079296935498188,1.080975233941589,0.7165455668668822,1.2612728895542658
2024-11-01,1.733524498732488,1.0173782150940838,1.0943993489249089,0.7206759570051832,1.273473119550279
2024-11-04,1.7304684628909317,1.0128035785343168,1.0899366558975288,0.7211453281161864,1.2743534656957478
2024-11-05,1.7485023040873744,1.024697043506049,1.098449269819226,0.7172136255495491,1.262452188851372
2024-11-06,1.7799551709960564,1.0151618414228603,1.0838867036000244,0.706802896405088,1.2586193523879285
2024-11-07,1.7746450640465592,1.0134964179963486,1.0839595848068373,0.7133627096078382,1.2472366711012797
2024-11-08,1.7647319034038587,1.0051072248038169,1.0842082581359884,0.706125198995755,1.2355842581310246
2024-11-11,1.7924360492606284,1.0073912277234647,1.0978639846002896,0.7091945596648371,1.237179905112222
2024-11-12,1.7794669750752052,0.9903479751222757,1.0778511489635862,0.699952871181552,1.2254067161700444
2024-11-13,1.7810061228265093,0.9903297411368198,1.0681118890566468,0.693775002701039,1.2200410297810522
2024-11-14,1.7855429111260042,0.9948471046425685,1.0853939629481315,0.7037623286094423,1.2252243272257248
2024-11-15,1.7795599511848517,0.9966846626110696,1.0791697527143207,0.7059619031258838,1.2243319119541438
2024-11-18,1.786448208175161,1.0111465264523027,1.0827136528251813,0.7058083090506306,1.2322479713747405
2024-11-19,1.7784371285532665,1.0126879769291723,1.0821446566910802,0.7071316986073753,1.2325743269015652
2024-11-20,1.7804167287151842,1.0032957802395197,1.0821989347300978,0.7013972704675888,1.2187864068290726
2024-11-21,1.8059141222423,1.0129223736192026,1.0839120382967293,0.6994812726850539,1.2323321881504241
2024-11-22,1.8256020551936614,1.0259605371429468,1.1052448328960442,0.7106810979816692,1.2518717887249196
2024-11-25,1.836243622654449,1.0343212591474469,1.1026855483014557,0.7159185926619571,1.2495188219348523
2024-11-26,1.831275218766433,1.036377615297257,1.0955699552267537,0.7109304996376965,1.2389056710230757
2024-11-27,1.8345330217023594,1.0442194185692493,1.1009892787402904,0.714329048556051,1.2439155373831805
2024-11-28,1.8412370727031075,1.0443641685502345,1.101951537841497,0.7159919601461073,1.2527282904825445
2024-11-29,1.83873597600969,1.0473245070556023,1.0963692132232543,0.7164725306513257,1.2533621929538024
2024-12-02,1.8499040468469135,1.0520405146551783,1.0966961411905225,0.7173701591419784,1.2540112131385786
2024-12-03,1.8631407964332567,1.0556538016774772,1.096501687827556,0.7174772642031371,1.2680868617200913
2024-12-04,1.8687868383169453,1.0566030468895615,1.0928984809029434,0.7204621786535474,1.2642668293740287
2024-12-05,1.8729513379106058,1.0564939787500314,1.1000256503764996,0.7178889303312636,1.263250373284835
2024-12-06,1.8652753014042078,1.052499490933688,1.082562176524994,0.7179787719768915,1.2639566109972522
2024-12-09,1.8572778861084205,1.0613014268911045,1.083734077765656,0.7225279389748996,1.2797432939442415
2024-12-10,1.8428212636805177,1.0518405309693875,1.0724545677973563,0.7192362917980971,1.2731867344713013
2024-12-11,1.854491273626231,1.0562247900879491,1.0594842190645335,0.7191621813775952,1.274114241151766
2024-12-12,1.8574157056826943,1.044448365638099,1.066726373178131,0.7180326692983294,1.2728334464535782
2024-12-13,1.8606460653277628,1.03905976115171,1.0672521595405138,0.7162528742119042,1.2707405050445424
2024-12-16,1.859230090294195,1.0331705183606525,1.0589982328884302,0.7072906358829204,1.2593178314065976
2024-12-17,1.8409935674219065,1.022447041367666,1.0545978017071376,0.7017413392202554,1.2440994192666248
2024-12-18,1.850137087883821,1.0291339721267474,1.0490197397422818,0.7012750783525418,1.2444988876136105
2024-12-19,1.8248138937425722,1.0118028022246028,1.0461607179696168,0.6891293373302124,1.231188837249762
2024-12-20,1.8200209764959652,1.0120367977542557,1.0415215256471142,0.6900091378678089,1.2273854869128291
2024-12-23,1.8202204677009695,1.0143542822967277,1.0446347027868297,0.6893486949354514,1.2326307585151821
2024-12-24,1.8301723783622315,1.0225643009359815,1.0503898393539532,0.6926411641560426,1.2387346801222452
2024-12-27,1.8286001589319356,1.0200668933287411,1.0484105907757582,0.6917768843525244,1.241124733502443
2024-12-30,1.8245391244297589,1.0153618512700924,1.047356901512759,0.6889942063288876,1.2386413605733757
2024-12-31,1.8297719154866212,1.0200929217654133,1.0508412307317256,0.6984121599587196,1.251669911412328
2025-01-02,1.8498907905949746,1.0370174432072292,1.0610126008444063,0.6977338004001096,1.2655980987953903
2025-01-03,1.84113937377149,1.0313423426241377,1.0470974501311987,0.6907470831021917,1.2703564973310733
2025-01-06,1.8440170960827402,1.0375669695568068,1.0447014785021282,0.6954749679742603,1.2815127345319444
2025-01-07,1.8435067103437137,1.032540720802276,1.0418840468692252,0.6923415511214639,1.2818531749462152
2025-01-08,1.8430393644586458,1.0218967001631485,1.0202564047447311,0.6800301936689258,1.2711300657467393
2025-01-09,1.845444406281197,1.029329646309616,1.01952303812396,0.6851592690368042,1.2758417199558503
2025-01-10,1.8254520788708886,1.0174423439078295,1.005841324079895,0.6741387508203959,1.266072970611397
2025-01-13,1.8145306739146139,1.013926195627028,1.0028376385413282,0.6736151759003964,1.27033754528307
2025-01-14,1.815502445341931,1.0213092637736028,0.9919023695074977,0.6727344474274103,1.255823264297899
2025-01-15,1.8477323579325586,1.03438485719283,1.028359328446606,0.6913241455806366,1.2738292359175902
2025-01-16,1.870455966453644,1.044211510514932,1.034519019517632,0.6963880965721412,1.2856884026033653
2025-01-17,1.8912988640701933,1.0567326723925314,1.0422098720298945,0.7081009290601014,1.3020606541324997
2025-01-20,1.8976455750508705,1.0627311775034134,1.0380897206647326,0.7104019899952064,1.2994842803715878
2025-01-21,1.90706884051288,1.0642396372087997,1.0457284418371942,0.7136671159882552,1.299782294307883
2025-01-22,1.9153798937132613,1.06720965271667,1.030896013577222,0.7127670445572305,1.3067930247732953
2025-01-23,1.9234158142369142,1.0612604435865007,1.0346292652372735,0.7125135999744486,1.3076145003291821
2025-01-24,1.9057605626906484,1.0581905003924865,1.0210726388398166,0.7149597785273155,1.2974818435622495
2025-01-27,1.8924055242424276,1.059546862944453,1.0303356179827023,0.7122110060462125,1.295303959815335
2025-01-28,1.9020531871434672,1.070791370476808,1.0400984138437173,0.7198004089892948,1.3041474032920246
2025-01-29,1.9194566423412251,1.0726211979565703,1.044767449884721,0.7202117708869792,1.3083644740698672
2025-01-30,1.9361495248791074,1.0983867501695106,1.053407154560466,0.7311203426286819,1.3243707854654159
2025-01-31,1.9505697155504653,1.0950765985264765,1.055329180532471,0.7357849636484451,1.3283526384601565
2025-02-03,1.929787314357139,1.089979796171368,1.0484606416025695,0.7252058425536879,1.3158455289294912
2025-02-04,1.932088564023657,1.0907071626109934,1.0419797044509347,0.7246929534972282,1.313611427328822
2025-02-05,1.9424712100922619,1.1014545909672435,1.059442481494172,0.727370000604265,1.323333899758044
2025-02-06,1.9645255880099912,1.106419132246747,1.0453734040435292,0.7356883550287258,1.3453133264687038
2025-02-07,1.9592877504161144,1.1033812035685264,1.0417150819169898,0.727844211809461,1.3350798899923986
2025-02-10,1.9694136195449496,1.1164744250678593,1.0453276809719578,0.7344343798553361,1.3589914485621766
2025-02-11,1.9809845092519844,1.1106365407106582,1.0338589914416367,0.7289190759392025,1.3630916775390804
2025-02-12,1.9863514224476801,1.1092528379686892,1.024372461629217,0.7353175909800689,1.3685761177614362
2025-02-13,1.9876261968433002,1.1053960387788988,1.02533845416479,0.7429515569638862,1.372555479944078
2025-02-14,1.9842207518579331,1.104867989109217,1.0250893760952513,0.7445370393716922,1.3733593989754245
2025-02-17,2.0042516759919775,1.10157549244076,1.0205519710722843,0.7439036616633397,1.3754460910042983
2025-02-18,2.00293336308722,1.0950367762148958,1.0125739729984342,0.7411592271929169,1.36968269590684
2025-02-19,1.989904274478645,1.0766007097462909,1.012046545019124,0.7297294605585406,1.3614897484165005
2025-02-20,1.9781737827543742,1.0746939187564426,1.0099722285826342,0.7291237983728234,1.3525050599255766
2025-02-21,1.9822379318626544,1.0722195424097665,1.0122194969613216,0.7288533302046324,1.3508735087004202
2025-02-24,1.976333815126297,1.0730834249551473,1.0289479539904132,0.7262598327789552,1.3494288876291096
2025-02-25,1.9811243711163626,1.068175024068443,1.0304168318263824,0.7238918474941662,1.342334362555931
2025-02-26,2.0097901034897494,1.0798343681065918,1.032430283317677,0.7319047200456372,1.347683303162466
2025-02-27,2.031942921600629,1.0709563728313198,1.0208079136043349,0.7237905842457996,1.338997878074795
2025-02-28,2.0463069238258957,1.0795841389788998,1.0333674841616183,0.7231811342374167,1.3351155843256082
2025-03-03,2.072285965010953,1.0895594164211984,1.021052343145592,0.7267363712273696,1.3355741582661622
2025-03-04,2.034982895383721,1.0774103670547373,1.0272062606564585,0.7156698647575818,1.3009139153228735
2025-03-05,2.0528153279742796,1.0882072173407817,1.000158524129006,0.7194391628392152,1.297326177206176
2025-03-06,2.039088962354199,1.0699824205052417,0.9968892514011044,0.718970230019902,1.3071462608779658
2025-03-07,2.0214296855915017,1.0643559037585337,1.0059669862015141,0.7181983404390638,1.3096132950045116
2025-03-10,1.9785984723502146,1.0606610521306357,1.0284017221640296,0.7145562669690154,1.3014083375962149
2025-03-11,1.959542415193187,1.0533447856507012,1.02803537714103,0.7059493158672904,1.2846834671854652
2025-03-12,1.9799347008956416,1.0604814916800265,1.0179086745617758,0.7036738488534676,1.2941487107006562
2025-03-13,1.9653156613114164,1.0637634090033106,1.0157409872576237,0.697693286284068,1.2973799165549793
2025-03-14,1.9929975773343527,1.083902347906911,1.0261690850984133,0.7042246668801216,1.3001228454249736
2025-03-17,1.993158571195892,1.0902968869964975,1.0313911036903047,0.7100907024985316,1.3045896140157076
2025-03-18,2.0112094985151665,1.0977481749164393,1.0300442291218155,0.711834184926499,1.3087516086642526
2025-03-19,2.012714901086632,1.0995892098800946,1.0265691349074613,0.7102535849346789,1.313551017922645
2025-03-20,1.998223957537664,1.0978822647120536,1.043704762540304,0.711970559266323,1.3215080034273048
2025-03-21,1.9855722440666326,1.0869879356490988,1.033891645508364,0.7040924419048376,1.3107208501970538
2025-03-24,1.9962092369229725,1.091818033642459,1.0212503632277337,0.704649027500887,1.302221324229036
2025-03-25,2.0097806656088535,1.0991081183001563,1.021817802478222,0.7018720784781607,1.3043755649611994
2025-03-26,2.0129665429522974,1.0990504247661916,1.0287480006719736,0.7022105940092708,1.3072353153086163
2025-03-27,2.01118206346031,1.0900865220139584,1.0230116878478697,0.6950878355484031,1.3042677097388238
2025-03-28,1.996974185051608,1.0849187425438156,1.0445818920833145,0.696199642599235,1.3028982034219467
2025-03-31,1.971939698001163,1.0751125213853607,1.0412731837578335,0.6846920797771675,1.292914130017683
2025-04-01,1.9932916458345238,1.085957442552304,1.0448665707124842,0.6882310408855276,1.2929099382385518
2025-04-02,1.991043816000414,1.0824459398197204,1.041762044815978,0.6849577048953844,1.2909655549492713
2025-04-03,1.9565886167748339,1.0721346665010492,1.0799653609316826,0.670818631383047,1.260192468412611
2025-04-04,1.8509966385548189,1.0098769959560228,1.0546647292692855,0.6377256829432058,1.1962590365508579
2025-04-07,1.7783267227093817,0.9752992828488275,1.0004360024746628,0.6119927205358863,1.1441255735442044
2025-04-08,1.843733303625535,1.0050683740741249,1.0195281485226555,0.6261809070705396,1.168866934584704
2025-04-09,1.8051330519998094,0.9953390084857499,0.9942584919273266,0.6072564967075386,1.1255525554356718
2025-04-10,1.876544655698808,1.0317306919937859,1.0181893962490014,0.632233873258025,1.147627980447955
2025-04-11,1.8823876759984661,1.0505542015487483,1.0339528454917886,0.6365469167959045,1.1456345598048654
2025-04-14,1.9271005569056845,1.0768544781864249,1.048535448942287,0.6515970578248907,1.1764363675056961
2025-04-15,1.9686126348065065,1.0963152220847463,1.0703290030968893,0.6622623577046367,1.1948180108669064
2025-04-16,1.9562294134036322,1.1011191427601337,1.0808399442451517,0.6645637520464119,1.202254504542723
2025-04-17,1.952588265816783,1.096394393272421,1.0830319186765485,0.6693113026828776,1.2066110575646236
2025-04-22,1.9632534536133714,1.1021830659188685,1.0904600574952983,0.6706016074036738,1.2081904117768365
2025-04-23,1.9922539263034198,1.1006742338130784,1.0760315769009654,0.67755274348085,1.2079786993917085
2025-04-24,1.9932767550053105,1.103895780773184,1.0830076729254294,0.6773862012757839,1.2164611652312434
2025-04-25,2.0051342428781367,1.1074255117999399,1.0816456121277676,0.6804965133757535,1.221444516392486
2025-04-28,2.001195243651127,1.1144134488928716,1.0870034558753525,0.6829874483798679,1.2246893802128553
2025-04-29,2.014863862385312,1.1109436161309487,1.0978807386167415,0.6868375062164104,1.2316442629525384
2025-04-30,2.028231297694273,1.1168402791957879,1.1166756999766527,0.6869654706349527,1.2355346193079717
2025-05-01,2.039725087755011,1.1142355509038788,1.1220595655648753,0.698153370720724,1.2408845504675845
2025-05-02,2.061652644880683,1.1297667288322282,1.109626951636051,0.7032005723581685,1.248891607751791
2025-05-06,2.0670004102462247,1.1376329746106149,1.120687777033402,0.7044386581221336,1.2529073013058116
2025-05-07,2.060788505844907,1.133175507684329,1.1113950408870228,0.7018974820373934,1.252197776039578
2025-05-08,2.0684692161842513,1.1209327481360043,1.0970133907353437,0.7040392913435951,1.2505585920248496
2025-05-09,2.0682144841385672,1.1317808410636276,1.100286112683089,0.7081200357736128,1.264814846592353
2025-05-12,2.0774060019124314,1.1301162324028382,1.0898402011501394,0.7173255517038568,1.273122442625887
2025-05-13,2.090014034532305,1.1331775650518912,1.0727491228524515,0.7192163482833946,1.2806605641518332
2025-05-14,2.0912787784258744,1.1367485233235881,1.0784233719571843,0.7227794325424457,1.2757460816901949
2025-05-15,2.094890391732,1.1466044638083202,1.0945961869584493,0.7268084385502437,1.2675329371656208
2025-05-16,2.1045711379028003,1.1505522370107133,1.1100018350413594,0.7282804050759318,1.2779513025631126
2025-05-19,2.116725289341662,1.153919991067873,1.116706578182943,0.7272395777876862,1.2769104506734215
2025-05-20,2.140673432155448,1.1662729256696585,1.1332181051025982,0.7335552553022373,1.2879330416898704
2025-05-21,2.1473611359986675,1.1719961191674308,1.13685936752098,0.7271069841757921,1.284583002154208
2025-05-22,2.1563366570367135,1.1678175146992225,1.1272553822008022,0.7149753800581363,1.2697236432080494
2025-05-23,2.1472933889288615,1.169720015460254,1.1292690220770323,0.711265967123399,1.2677858815543983
2025-05-27,2.1660345544603876,1.1763726799586123,1.1352408500465068,0.7198073389657446,1.2825289791544354
2025-05-28,2.1533247491205856,1.1728302952474803,1.1283103118219386,0.7167609436540657,1.27905659308949
2025-05-29,2.1471972250024614,1.1765583704609954,1.1175056948490893,0.7209571032577056,1.2768653180978535
2025-05-30,2.1553601054577602,1.18526704966861,1.138646963065104,0.7215943943506513,1.2846169825054214
2025-06-02,2.165081181956196,1.1943970637886543,1.1415820834979746,0.722855125154019,1.2853937472529573
2025-06-03,2.1771283531178076,1.19733576541389,1.1275399778626594,0.719555676344976,1.2904706634831433
2025-06-04,2.1867538596223444,1.203023482874916,1.1266423050887864,0.7228001078890421,1.2857937047757384
2025-06-05,2.1904083903109592,1.2108007262470533,1.1250992166599,0.7234392086155675,1.279383369658301
2025-06-06,2.195250188080272,1.205412539142715,1.1265721699474203,0.7220416943984443,1.287881424664554
2025-06-09,2.1929462142693006,1.2154611232961516,1.1269216796577004,0.7247892345166543,1.289205260649084
2025-06-10,2.1814191402202585,1.2098118905625057,1.1384280343203115,0.7328641850245354,1.3110031779125477
2025-06-11,2.186591360084698,1.2193899470879106,1.1450033526300598,0.7308919228048797,1.3117838002948288
2025-06-12,2.1801189430238264,1.2300322247550544,1.1506965125740838,0.7290668914931059,1.3165833107380638
2025-06-13,2.1682110186788264,1.2304358560782582,1.1409050005188537,0.7206588069945045,1.315584348220096
2025-06-16,2.185290394776837,1.2336824945684879,1.1373841305237107,0.726086891692721,1.3158390951801864
2025-06-17,2.1726820054082077,1.2298773120501338,1.131869993051553,0.7224486457532591,1.3172356514883747
2025-06-18,2.1817900096985756,1.2366760190718968,1.1311454142057593,0.7231647489595144,1.3153562111863488
2025-06-19,2.160807523168646,1.2283757162970406,1.1245187460401225,0.7154096573679433,1.3201479122668793
2025-06-20,2.164746396468544,1.2248223766790216,1.1147792745122596,0.7172776331566227,1.311273410026887
2025-06-23,2.155117298188041,1.2281976538902606,1.1278080475067553,0.7140088686870405,1.3064943252579844
2025-06-24,2.172989222006917,1.2249134842733673,1.1351964731410278,0.7230984186481823,1.2915367235773798
2025-06-25,2.18135223438715,1.2272222077059942,1.1257175078879085,0.7205270282175141,1.2812989200047953
2025-06-26,2.1948988290540927,1.239707067685969,1.1310050979447175,0.7315970985948839,1.2879080450887046
2025-06-27,2.2139134298280303,1.2385580035293262,1.1312031021496944,0.7398865909122821,1.2922631581190043
2025-06-30,2.2136488854367316,1.2394956954783671,1.1279474644922574,0.7349140632835061,1.2787217213282278
2025-07-01,2.196130220729191,1.2436010070423427,1.145566941488198,0.7407141305543917,1.2872190546514533
2025-07-02,2.173469353218063,1.2330074831911566,1.1191956738669746,0.7338976359673312,1.2867317736941837
2025-07-03,2.2033044890563227,1.2475678125638274,1.1281149875777055,0.7380318363574869,1.2943357786698102
2025-07-04,2.198251460647539,1.2435153300594608,1.1296824666865564,0.7328792983039827,1.2930917196096636
2025-07-07,2.2075925090440327,1.248038528184116,1.1215269544816062,0.7308548928758584,1.2792593020753038
2025-07-08,2.210366787313662,1.2495371927766081,1.1211982410096428,0.7312348832904831,1.2918782969928397
2025-07-09,2.2154997951953934,1.2527510890840068,1.128540576748957,0.731550448490595,1.2945184176274518
2025-07-10,2.2259442448895803,1.2615497454025069,1.1293456006497253,0.7385858302647409,1.3082800514062511
2025-07-11,2.2242813493900098,1.2684455011152234,1.1178846956336304,0.7323743883704618,1.3082282225872848
2025-07-14,2.2428274835008093,1.276112498704653,1.1325795105795866,0.7340867071078475,1.3072147197440493
2025-07-15,2.230829178959985,1.2609223255527282,1.1265619580061081,0.727214955068179,1.2997962724290493
2025-07-16,2.2321649795453227,1.2608714323578525,1.1301693118922476,0.7237580834612911,1.303667403117501
2025-07-17,2.2562606058408763,1.268266783312024,1.1323071666338245,0.7289674129407039,1.310999057185555
2025-07-18,2.260691068970893,1.27066023899908,1.1399675983520903,0.7358130877660505,1.3200752125821202
2025-07-21,2.267053563975682,1.2785192837220154,1.15368828468175,0.7413575213128079,1.3259745019782256
2025-07-22,2.2552104193687326,1.2760684472193513,1.1716319069292707,0.7417454638481287,1.3267827069154103
2025-07-23,2.2571564655479714,1.2766404866011265,1.1553352912129158,0.7439289514901617,1.3370116856418914
2025-07-24,2.2664155102023096,1.308945707072377,1.1462447987759903,0.7489181888385923,1.3650954834783262
2025-07-25,2.2650366232230374,1.3005280483909802,1.1452643384584729,0.7468303924652183,1.3669258677690515
2025-07-28,2.249499348471798,1.2921887629170616,1.1367366884022252,0.7430239632500071,1.3679739325699924
2025-07-29,2.270658969741863,1.2929363161283367,1.1299582871316203,0.7357887837898728,1.3741560782379685
2025-07-30,2.2668739349086313,1.2984265493038352,1.1432004192716865,0.7334996637918592,1.3789532070329074
2025-07-31,2.2910570684902516,1.3046430612066366,1.1370596766282823,0.7359512715481361,1.3828261557435926
2025-08-01,2.2676234258096373,1.3099022652296939,1.1377292742909944,0.7241025886468317,1.3646810221854648
2025-08-04,2.289712606439696,1.3269367952633502,1.1431945650574866,0.7283483829213407,1.3668159965565467
2025-08-05,2.2806213068380745,1.336473366464086,1.1446569113417149,0.7368547931920472,1.3718136742376934
2025-08-06,2.2824403316953994,1.3487220561471815,1.1448293588791147,0.7415865489744643,1.3799960810996958
2025-08-07,2.270522021732364,1.3427558204836636,1.1328290171982942,0.7395084071476986,1.3669806119713577
2025-08-08,2.2674609338840543,1.3432118732008251,1.1263104122215541,0.7398050408369613,1.3656908351876993
2025-08-11,2.2763953671731327,1.3564412612987284,1.1240130918015774,0.7370930668337926,1.367308514728097
2025-08-12,2.2833480458629505,1.3664629500434224,1.1119174293028364,0.7387876314505835,1.3736504678579142
2025-08-13,2.2724958198658354,1.3671718859042534,1.1201386354332614,0.7380080946079148,1.3764424106921938
2025-08-14,2.2847336614579254,1.368622340275913,1.128629268860583,0.7351812400735959,1.3808023714421038
2025-08-15,2.2627845020563027,1.3608306447296903,1.128899043427414,0.7340378927924485,1.3839865098170425
2025-08-18,2.273407195796623,1.3590685624338072,1.1261699468551505,0.7309113882344452,1.3865655919254323
2025-08-19,2.268750021032889,1.3499178669555612,1.1255480011497487,0.740258542966667,1.3967034269996648
2025-08-20,2.2774242404346317,1.3598850161454277,1.1456561509269267,0.7455335831078752,1.4040980834860213
2025-08-21,2.279749249987091,1.3646190261106574,1.1521333707264245,0.7408285399919142,1.4082932996958903
2025-08-22,2.2904827154499645,1.371094060218091,1.1498445874452952,0.7490926055390662,1.4128571488576755
2025-08-26,2.283255636438031,1.3686623363720611,1.1417822693494517,0.7403947232554591,1.4063689560532242
2025-08-27,2.274778939880082,1.3708529551999837,1.1482470508802662,0.7400785449428545,1.4053855165011615
2025-08-28,2.2651213282426994,1.361926014055078,1.1375981115451246,0.7398459743648401,1.3997716137173353
2025-08-29,2.252460742508843,1.3634603750014116,1.1294604878477095,0.7347505773003806,1.4019146931628141
2025-09-01,2.2634251771696143,1.364119903773751,1.1092165064429285,0.7318497532874275,1.4022579541573224
2025-09-02,2.2258012954931554,1.3499030195082158,1.0831094865906399,0.7151642665852661,1.3929854631815188
2025-09-03,2.239661595398791,1.360771430606057,1.0922044956036323,0.7206311023768606,1.395673634242204
2025-09-04,2.25615440209417,1.3743351877256986,1.0983567859752734,0.7220066803882842,1.3978097157794305
2025-09-05,2.2602841203544615,1.3846660364577572,1.1130630773748538,0.7267882609635778,1.3859921469044805
2025-09-08,2.280556801345564,1.3819925286270864,1.112793705585278,0.7283771400417327,1.3926008478605363
2025-09-09,2.2867427026030698,1.3912355567933865,1.1138756424479546,0.7283137194603551,1.388745848046912
2025-09-10,2.2828956997632996,1.3803033408316097,1.1139011637462384,0.7266118952374546,1.3864057830683318
2025-09-11,2.307752674329249,1.3886169731310234,1.1198234748630402,0.728074909214567,1.3942120313547801
2025-09-12,2.315930690818318,1.3882217709472924,1.1273025324340102,0.7243045488038099,1.3885576603402836
2025-09-15,2.333581526375892,1.3845789040633731,1.1281290050349326,0.7279047631154661,1.3873266034044878
2025-09-16,2.30570259190389,1.3815306719934526,1.116816435495908,0.7237501944258646,1.3862226408961242
2025-09-17,2.3155171280917677,1.3795920117243543,1.1221731284502539,0.728076505643464,1.3888389664921066
2025-09-18,2.3316701162222127,1.3785211558529247,1.1181812537965719,0.732332358838567,1.3920466713161197
2025-09-19,2.3240877461634213,1.3815128307112696,1.1211533066348616,0.7299334898133994,1.3895620534333015
2025-09-22,2.326178705989913,1.3947395543177428,1.124605531601924,0.7295350432672763,1.3908494713781374
2025-09-23,2.331971345947222,1.3899200368073603,1.1231243819637313,0.7374428311352956,1.394083084844027
2025-09-24,2.342048320727961,1.3898856715072112,1.1277211022055251,0.7396365370816115,1.3948630594168707
2025-09-25,2.329471154390219,1.3869267678549835,1.121036442213714,0.7362927467257272,1.3867394892991278
2025-09-26,2.3529075836368802,1.3948882228791555,1.130566395382657,0.7403187130312728,1.396745619306461
2025-09-29,2.3588817313044,1.4017695724419708,1.1358828594660924,0.7477970133515228,1.3959760292447825
2025-09-30,2.380707693817542,1.4249329768778902,1.1540774141166799,0.7519699680714498,1.3966922398986679
2025-10-01,2.372445221845979,1.4296228193333806,1.1699111970232623,0.7580088687794453,1.4170651300315613
2025-10-02,2.373860417232691,1.4172222826306338,1.163305342693979,0.760008231537408,1.418642255752766
2025-10-03,2.3891612560341486,1.4201174743167861,1.167539779481219,0.7668347138375609,1.4263723100358534
2025-10-06,2.380214293711686,1.4257994761912558,1.169487258537188,0.7626212059265308,1.4349239958960847
2025-10-07,2.377447104243881,1.4241515370072255,1.1730088699202843,0.7590404568813413,1.4352460042425457
2025-10-08,2.4023055752676186,1.4314286630213666,1.1727429225816979,0.7606333672438128,1.428497166732062
2025-10-09,2.3913760665465587,1.431529600147384,1.1841219034671464,0.7593102321494275,1.4348474893713004
2025-10-10,2.3721821272588834,1.4138198132126427,1.1870540275097112,0.7516976508812966,1.4137105506374523
2025-10-13,2.376917193237169,1.4385598730516662,1.186215816562674,0.7606579953417186,1.413493972391885
2025-10-14,2.373267171145278,1.436605713370607,1.1907161784822735,0.7584414000005542,1.409175321044267
2025-10-15,2.357726725391552,1.4368999191573775,1.1972177330962412,0.761716498602186,1.4052073298909007
2025-10-16,2.3673737351054354,1.4361976939610284,1.1855163022442536,0.7636839721423504,1.3979301829602004
2025-10-17,2.3279764035581803,1.4077684160116404,1.18864576156942,0.7564390736609593,1.3901041108162022
2025-10-20,2.3467732053506554,1.4176286822120612,1.1899741266546957,0.7605174154734541,1.3912205017835506
2025-10-21,2.358997924110044,1.39456183218343,1.2046629965498052,0.7646468927852077,1.3948656985869028
2025-10-22,2.3749593576657086,1.400436704005334,1.2235944363157316,0.7792959021695659,1.4178838493904593
2025-10-23,2.388985882488271,1.4211542468210516,1.2186493827007048,0.7831599389016962,1.4337993837078105
2025-10-24,2.413794133993105,1.4276903784558532,1.2193777883913575,0.7888967942645572,1.4397313945771528
2025-10-27,2.425744083755689,1.421152617462718,1.215808169605929,0.7883367502250997,1.4396918061053237
2025-10-28,2.436424537800661,1.461855858419796,1.214360704329755,0.7871194508435625,1.4337090448725798
2025-10-29,2.4416777056364674,1.4698744565013515,1.223869836248033,0.7863713412968155,1.4401373947744582
2025-10-30,2.45052737358635,1.4736850642937647,1.225829389396383,0.7802652718276225,1.4446994387097052
2025-10-31,2.442992282220637,1.4724888682136017,1.2174452511764953,0.7757344823228255,1.430885272180685
2025-11-03,2.4400031467281136,1.490867837583385,1.205876956839083,0.7705152437007634,1.4285062884150768
2025-11-04,2.4281967292572673,1.4815396109985692,1.2101884693231686,0.7689392180235599,1.4296706875767633
2025-11-05,2.440206081687172,1.4879663146632702,1.2220424809282255,0.7724066741325775,1.4443251616185364
2025-11-06,2.4173952863481074,1.4860104484395629,1.223618938925564,0.7633618012932101,1.4446103198771088
2025-11-07,2.3940989758819615,1.4698137677855774,1.218349422232348,0.760853265026581,1.439958275969763
2025-11-10,2.4283975977073986,1.4875047414072715,1.2248742507327262,0.7698852973122536,1.4528453252349163
2025-11-11,2.4323549291258715,1.5021477580118183,1.2340280353092454,0.7782569797538245,1.4707452701539445
2025-11-12,2.43144029180487,1.51539167369207,1.2695798926235156,0.7790387923880842,1.4633853277575817
2025-11-13,2.3984034997335013,1.5151210746913348,1.261483336233692,0.775708959677314,1.4379191501481259
2025-11-14,2.3658113311072397,1.4920432928966036,1.2454569645593263,0.7633825004501437,1.4311293419451725
2025-11-17,2.3488978090522767,1.4861730413231642,1.2503256634454865,0.7551787765057681,1.429529582211733
2025-11-18,2.3201627572116448,1.464678102971587,1.2404324246577805,0.7458404477177997,1.4269938456513422
2025-11-19,2.306317280364021,1.4595989301235879,1.2267939916702544,0.7444805949837787,1.4280692972228082
2025-11-20,2.325771616811298,1.4768763414085675,1.2243748642349868,0.7408503334020142,1.433028772386733
2025-11-21,2.318009418419042,1.4607204165505498,1.2367758757229597,0.7414556441431526,1.4337519975783133
2025-11-24,2.3221317144805576,1.4663767767770095,1.2340986655521038,0.7446564699482215,1.43820949395959
2025-11-25,2.335725013638036,1.4953682947176834,1.2421855541469673,0.7543325084965703,1.441881855936185
2025-11-26,2.362975198185515,1.5247527750721017,1.2568329385130272,0.7652584608892151,1.4505283366830544
2025-11-27,2.373206760607214,1.5243635110066616,1.2571529379107462,0.7677226618947471,1.4467446000834148
2025-11-28,2.379122531532792,1.5300281027724738,1.237511255482935,0.7679212218411855,1.4481449737270333
2025-12-01,2.362852415142845,1.5354101907376256,1.236897872467721,0.7663644363203176,1.4505262392625933
2025-12-02,2.370159160188534,1.5308483678214129,1.2382438148017778,0.7674506001544944,1.4458635198585976
2025-12-03,2.3676052607151896,1.5379003416755022,1.2357544210560636,0.7699494064631062,1.4341756346590007
2025-12-04,2.390201433977936,1.5414766474372714,1.2319111221424797,0.7709197712239205,1.4357929968570033
2025-12-05,2.3808874979346246,1.5351404282929542,1.219410216639165,0.7712612156017273,1.4305629814317038
2025-12-08,2.3886234720566217,1.5292660384505818,1.214763664652277,0.7637903679013037,1.4193605195168355
2025-12-09,2.3890769776518503,1.537223330482088,1.2072148527102262,0.76156273569796,1.4180110642894128
2025-12-10,2.3911564271022407,1.530859734008683,1.1943584745888984,0.7587087612498224,1.4141772703479154
2025-12-11,2.3970270454336955,1.5400715790475177,1.1984066061549445,0.7631335060156925,1.4182746370482577
2025-12-12,2.388768502118019,1.5328330434015407,1.1991038791457085,0.7577822754603579,1.4126269045222795
2025-12-15,2.4218136730348077,1.5537920590319745,1.2072490364556872,0.7633442047603173,1.4207266010257635
2025-12-16,2.4064801008108416,1.5647822075401854,1.2043039905575472,0.7669914188962655,1.4047661299786203
2025-12-17,2.417177908413653,1.5720406989795834,1.2254941155727745,0.7728297713555878,1.409992794547994
2025-12-18,2.441801705939216,1.596910918798092,1.226910350494036,0.7795305442732368,1.412943035798135
2025-12-19,2.456768540434887,1.6090876041614708,1.2276303813341907,0.780325492822507,1.4234031216603744
2025-12-22,2.447518685262134,1.6228024660110494,1.2185508931139077,0.778159506161243,1.4213095418728603
2025-12-23,2.4483405190792613,1.6283851075614537,1.222068024270181,0.7801524738081916,1.4219952975766854
2025-12-24,2.4419546526146463,1.625213687693633,1.2201773149197102,0.7814503911692199,1.4187866771878817
2025-12-29,2.434021118962987,1.6257627837019148,1.2282026579792928,0.7834414863341074,1.4247679831722606
2025-12-30,2.4557140939833766,1.662378443289584,1.2387718616148558,0.7903913457594645,1.4336934782971833
2025-12-31,2.4516520648944864,1.6565364782064158,1.2319615587896822,0.7887672191264258,1.4317069081282323
