Date,Cluster 1,Cluster 2,Cluster 3,Cluster 4
2021-01-04,1.0,1.0,1.0,1.0
2021-01-05,0.9932971987997616,1.000703622894849,1.005680318440306,1.0020527926392069
2021-01-06,1.0237675369702586,1.020812778590739,1.0363694832270607,1.0344456185145472
2021-01-07,1.0182707835511404,1.0200702428530894,1.036326407602016,1.0366641821685056
2021-01-08,1.0219903811884963,1.0207517927421437,1.0337544313536502,1.0402812300851456
2021-01-11,1.0119397289196463,1.0073223377183522,1.0206216228268665,1.0256365808960628
2021-01-12,1.00211561025292,0.9972992906227199,1.0154868312984298,1.0162263979766915
2021-01-13,1.0104117613351504,0.9988554506166333,1.0125904725275165,1.0146687295193462
2021-01-14,1.0133815909638084,0.9976938101984036,1.0198802219974803,1.028797224279753
2021-01-15,1.0147465286569295,0.9867924175488384,1.0064495860350762,1.0164525928697246
2021-01-18,1.0084662928450365,0.9852020053795171,1.003251960563276,1.0206824858418437
2021-01-19,1.008768597517313,0.9831592052024176,0.9977654452101179,1.0087755943648795
2021-01-20,1.0094823881548376,0.9929369373705409,1.0088978059156037,1.0199674245967856
2021-01-21,1.0041592598549334,0.9971992100948203,1.0065804995079515,1.0171204829715927
2021-01-22,1.0101642053283792,0.9928805641482343,0.9977762842693848,1.01379128185497
2021-01-25,1.0155929767107197,0.9843497427391743,0.9839213615920533,1.001562118990148
2021-01-26,1.0055852375785297,0.9855181384569849,0.9885683003759766,1.0049580574564725
2021-01-27,0.9954555356318614,0.9729123349134132,0.9768592699448938,0.990264751928581
2021-01-28,0.9885645061172715,0.9750600786254462,0.9779954136406211,0.9891567885972227
2021-01-29,0.97326764198377,0.9569460712958681,0.9640617128253895,0.9701660247677318
2021-02-01,0.9910241146107192,0.9781557593364927,0.9750858758091853,0.9847529001187559
2021-02-02,0.9997721676340934,0.9863123189920705,0.9867014162261414,0.9958518485164505
2021-02-03,0.9875847750752854,0.9875063650948825,0.9855034337025856,0.9948054233034997
2021-02-04,0.9861406926381759,0.9899704342819706,0.9875975372665344,1.0005370504524083
2021-02-05,0.9819163943279192,0.9874774760512555,0.9918711443641498,1.0050229205703891
2021-02-08,0.9734923437121349,0.9897410625268357,0.9957149459492707,1.0069609005642475
2021-02-09,0.9790480594397172,0.9903967983604248,0.9937944649929842,1.0084361373716861
2021-02-10,0.9801040633921261,0.9864305516060268,0.9898429900499742,1.0085614078600247
2021-02-11,0.9837196205403704,0.9948409409033432,0.991543139700311,1.0116617392105274
2021-02-12,0.9879276721768472,1.0024110593750688,0.9974074051273762,1.0165880656155697
2021-02-15,1.0116790241862608,1.0287365407328999,1.0158333981371697,1.0418409723992863
2021-02-16,0.9940744503354093,1.0241982123380846,1.017643248199469,1.0409924853155244
2021-02-17,0.9959606721743343,1.0158301118608042,1.0067046825755517,1.03095279821508
2021-02-18,0.98115914634222,1.011981786516298,0.9915655512236854,1.0186576055833887
2021-02-19,0.9763355498128622,1.0121502417149433,0.99659206194857,1.0286755709587068
2021-02-22,0.9675773313581203,1.0000873972058217,0.9987783810236347,1.0250579630607006
2021-02-23,0.9718761514622013,0.9976417922832808,1.0022409109241144,1.0279774693064587
2021-02-24,0.9706376378828502,0.996048365339949,1.0106096860598417,1.0373096842754195
2021-02-25,0.9628142416273779,0.9882146657586499,1.0068729165819557,1.0311588613532647
2021-02-26,0.9409907152074047,0.9604667453515665,0.9858800938606974,1.0009673766466256
2021-03-01,0.9561122234415386,0.9824818823065602,1.0007696323986404,1.0229465392570096
2021-03-02,0.9553943188599018,0.9865648741223326,1.0022212596402813,1.0238040990897819
2021-03-03,0.9517347040245938,0.9955420543639526,1.0115612906131306,1.0391203915965896
2021-03-04,0.9619649973670076,0.9854883597637809,1.00644983122572,1.0245755444364248
2021-03-05,0.9616052195409451,0.9791084203607956,0.9990402398700958,1.009294563839982
2021-03-08,0.9654186988229739,0.9874250640588116,1.0145606707228043,1.0263736710275015
2021-03-09,0.9708113578048626,0.999790295830045,1.0215956364902086,1.0298439123815253
2021-03-10,0.9709369515880901,1.0030548301463802,1.0196501869654748,1.0305860580537767
2021-03-11,0.9737912193587602,1.00808437444548,1.021728142676739,1.0359162906518968
2021-03-12,0.9753797207376151,1.009922207035691,1.0241826076757339,1.0374352255790702
2021-03-15,0.9784770116541154,1.0154343413748692,1.0250211885027805,1.0309520977210185
2021-03-16,0.9935284216420679,1.0292978347363892,1.0356897563489236,1.0502517288515774
2021-03-17,0.9745955074892548,1.0254689712969625,1.0293315801762222,1.0371830522507166
2021-03-18,0.9753095190133648,1.0297664420029982,1.0304554947019202,1.0413865345170894
2021-03-19,0.9742222076778336,1.0191349714810816,1.0193884912232736,1.0320016744851783
2021-03-22,0.9775472913886122,1.0312918201874297,1.0154875118383926,1.0299736661095116
2021-03-23,0.9863507783621089,1.0311720816982268,1.0062170398172738,1.0284652404344288
2021-03-24,0.987433780126009,1.0294087919273687,1.0104592629985938,1.0346407814473368
2021-03-25,0.9971093010101479,1.0222297154423745,1.005040926020327,1.0326574752834212
2021-03-26,0.9965849772580812,1.0301903297067538,1.0151781407876663,1.0419572168307234
2021-03-29,1.006024712867364,1.0274946830086682,1.010579870314109,1.0338944799904999
2021-03-30,0.9975581361041908,1.0318560653297888,1.0215642843890018,1.046154212220773
2021-03-31,0.999960584926348,1.0291576002482652,1.0167552039524688,1.0344733876092584
2021-04-01,1.002904063308383,1.042652343639505,1.0267920687481054,1.0471471522049784
2021-04-06,1.0180865761626114,1.051282176427234,1.0384888264313015,1.0596269458904524
2021-04-07,1.0232684039275368,1.0592381174838283,1.0484563217685012,1.0708153909075746
2021-04-08,1.0350509882930885,1.0721851690790947,1.05487668299012,1.077642623342783
2021-04-09,1.0352573412601593,1.0727628744032698,1.0534839885568383,1.0789190943401439
2021-04-12,1.0343691149103356,1.0677505551697466,1.051935868635736,1.0713194321589297
2021-04-13,1.0230804753223177,1.073275356706096,1.0583810225426438,1.0772868645309126
2021-04-14,1.0254210297824635,1.0765122435838683,1.0601728062802938,1.079470186948461
2021-04-15,1.0428323643890445,1.0889455693348329,1.0629824224747797,1.082565137114699
2021-04-16,1.0384643375125469,1.0934181856811436,1.0697819763499812,1.08920192360417
2021-04-19,1.0432857221490122,1.0924601889426568,1.0670305539947664,1.0867027248013033
2021-04-20,1.0318537195724695,1.0700747705651728,1.0424851289820007,1.070075434020548
2021-04-21,1.027129853209363,1.0755034265761534,1.0451268131645284,1.0726903975687643
2021-04-22,1.0396376111468613,1.0863245890384827,1.0518464907969303,1.0834433772256384
2021-04-23,1.0324261184698973,1.0874184399634743,1.050521219922514,1.084705100186463
2021-04-26,1.0249676020999277,1.0920902180551222,1.0632720099121813,1.0908356532139662
2021-04-27,1.0213400727645345,1.087988206300029,1.0573701587022795,1.088733063585772
2021-04-28,1.021917875113441,1.0867423997228485,1.0584905250625358,1.0884888202490826
2021-04-29,1.0140128518079063,1.0878977885343928,1.057499079682118,1.08891841892656
2021-04-30,1.0263201060106333,1.0874508595566672,1.0574046610018981,1.0887328413193915
2021-05-04,1.0204851680408462,1.0778687564552079,1.0461233486174797,1.080840182607964
2021-05-05,1.0228270570201283,1.0926976413042158,1.0594322501034656,1.094383765080298
2021-05-06,1.0349158862565133,1.0887959289451574,1.0641789062541636,1.1030314125231084
2021-05-07,1.043079373380979,1.0981520103612643,1.075995047270288,1.1115247568878965
2021-05-10,1.0346248460358753,1.0914528806663557,1.0729330581908394,1.1125550811234335
2021-05-11,1.0091458411548675,1.063217433117903,1.042383435706433,1.081471740223661
2021-05-12,1.0154839424046633,1.062501608536615,1.0471136252514774,1.0840633157718833
2021-05-13,1.0239252608868183,1.053203879033377,1.0458822487769497,1.076687136819813
2021-05-14,1.044756910220758,1.070038945535764,1.060751779464317,1.0912242197208177
2021-05-17,1.0346148179972305,1.066755269160573,1.0560497520820735,1.0870449369850583
2021-05-18,1.0361334619590552,1.0729063324530559,1.0590382228465467,1.086037323829774
2021-05-19,1.0299057936048162,1.0645055702655442,1.0499382287651169,1.0713019636163246
2021-05-20,1.0431001081425162,1.0766030207554438,1.059175706047049,1.0864012085184678
2021-05-21,1.040188110546433,1.0736367724834277,1.0614034932566665,1.0825417633957173
2021-05-24,1.043220655544433,1.079279321300405,1.067664496252287,1.0897147394613718
2021-05-25,1.0443873180548733,1.0758863264879708,1.067655643865887,1.0854509175341926
2021-05-26,1.0513070732354362,1.0785309930662392,1.0719252810588333,1.088883031395557
2021-05-27,1.0386416831199925,1.0679814344051746,1.0760809388866863,1.0936103404986306
2021-05-28,1.0380547323177038,1.071373146736244,1.0743623783294736,1.0995672263544813
2021-06-01,1.0525603977771578,1.0836663096144463,1.081999257895515,1.109311712285065
2021-06-02,1.051097397978096,1.0862157802762582,1.0841093847483643,1.1140553469169578
2021-06-03,1.0403294086065493,1.0789904239128147,1.077435157608503,1.1052441886998225
2021-06-04,1.0415586842351168,1.0814211922384385,1.0763512381213973,1.1068334134476638
2021-06-07,1.0466638757485993,1.086828870546391,1.0804088242578331,1.111058891976969
2021-06-08,1.0519946493410943,1.0925700268963923,1.0813630342006222,1.1169164433618322
2021-06-09,1.0512617232817807,1.0861455471439962,1.0790482613655004,1.1043566119108588
2021-06-10,1.0527461112474616,1.0886020206916798,1.0750246621969448,1.101550122042286
2021-06-11,1.0610578077013495,1.0966993305774013,1.0816937762287873,1.1112477458324628
2021-06-14,1.0628815146144124,1.0994643086343951,1.0734297297603608,1.1157581427931307
2021-06-15,1.0664799126699671,1.102947567044168,1.0743829445178479,1.1144731951965015
2021-06-16,1.0717327312439722,1.1078039635325214,1.078379916031689,1.1144970701946875
2021-06-17,1.0721324332381752,1.105973845522123,1.0775858019945257,1.1068495628410087
2021-06-18,1.0549109161293058,1.08334041571031,1.0591927705082969,1.0860902146799438
2021-06-21,1.0566506200481973,1.0959041336145117,1.0687372761399987,1.0949776060188028
2021-06-22,1.0579116530219965,1.1055095860700523,1.0731255106013193,1.1023704608879188
2021-06-23,1.0529661285873677,1.1037909939205242,1.0679195701020234,1.0994750919025191
2021-06-24,1.0495017119229422,1.1077090934195493,1.0670882826274588,1.1016577636809146
2021-06-25,1.04744477144819,1.1130920296328486,1.0692605190706361,1.1067615165607938
2021-06-28,1.0454877967626413,1.1019399115768094,1.0596745770023377,1.0938304477458827
2021-06-29,1.0447621037420438,1.1029316194411405,1.059125788570202,1.0957160179578977
2021-06-30,1.0377245649416191,1.0918728183542783,1.0530243826139059,1.0867018288842427
2021-07-01,1.049429909777933,1.1034350961736414,1.0688563547221461,1.100567278381085
2021-07-02,1.0533178486567583,1.102837977094033,1.070469339887025,1.106644332031175
2021-07-05,1.0573150325528256,1.1091457412009356,1.0797994359874095,1.1182868067554197
2021-07-06,1.0633549173923684,1.1023245751481132,1.0729308911452355,1.1076759292344867
2021-07-07,1.0743371318077246,1.113456958576109,1.0774197555473561,1.1170409533053978
2021-07-08,1.0590348654617279,1.085392748320169,1.0621215883610338,1.096065831401155
2021-07-09,1.067912454593509,1.0985940081932037,1.0756360072482163,1.1196835077559082
2021-07-12,1.0685870496526741,1.1002109869834342,1.074987723131653,1.1230839805445252
2021-07-13,1.0711628108316622,1.1072656801323026,1.0750105062092863,1.122605674931451
2021-07-14,1.059648520450099,1.102875247997192,1.0696986342864252,1.1171452574480272
2021-07-15,1.0463068878557051,1.0928948882056935,1.057051802495942,1.1065818997091998
2021-07-16,1.0613101313437385,1.0951927184111345,1.0555867007562652,1.1041231796274158
2021-07-19,1.046301927316522,1.0694142011416436,1.0271194839498397,1.0761529494258157
2021-07-20,1.0445670496763393,1.0749510239439728,1.0338157670476236,1.08718761442461
2021-07-21,1.056377354445952,1.0983512580330235,1.0564361771861275,1.1127156956888742
2021-07-22,1.0567250290265113,1.1063562519212535,1.0584962381356735,1.114113224620758
2021-07-23,1.0676148314740521,1.1164655139935329,1.0688515816464967,1.1230019686220922
2021-07-26,1.0665531963260957,1.1147263027951917,1.0714613375691069,1.1226754979629687
2021-07-27,1.067559459627548,1.1035383444766307,1.0667408902581215,1.1203597506116236
2021-07-28,1.0709105400529342,1.1074897373453696,1.0714543795758635,1.1298174887889962
2021-07-29,1.069828689790265,1.1126947001113403,1.078209948506488,1.1330808182694494
2021-07-30,1.0674101209650653,1.1021044356442389,1.067404350835022,1.1285091191322907
2021-08-02,1.0761712035562396,1.1139476696373882,1.0736787954448974,1.139775509608768
2021-08-03,1.0740888902185743,1.1170970940305451,1.0757756099332643,1.1360365892377495
2021-08-04,1.0820084852492522,1.1235781026871183,1.0790812159405279,1.1490343797201985
2021-08-05,1.089197561737208,1.1234417127068759,1.084891480878285,1.156892184426795
2021-08-06,1.0868930360489804,1.1177960824436262,1.0875653800625718,1.1538432623973152
2021-08-09,1.1002645438335075,1.1196308545650229,1.0848019959303987,1.1508337797326174
2021-08-10,1.1024606761959093,1.1216356689861158,1.0900636907294703,1.1571803645284773
2021-08-11,1.1069326749899269,1.1302470225683556,1.0985684177193882,1.1704993769531802
2021-08-12,1.1042091869846535,1.1290750345625504,1.0968266086421583,1.1637584764129234
2021-08-13,1.1135216107356876,1.1286169849762637,1.0992833362738483,1.1713007851700843
2021-08-16,1.1132063006127746,1.1175243169262437,1.0929346946044924,1.1607718003412262
2021-08-17,1.1155210274086305,1.118398120219762,1.0922376152662685,1.155610960891587
2021-08-18,1.114409577490745,1.1161061754683188,1.0924467670305806,1.1570803615282301
2021-08-19,1.112379078255215,1.0949685674124034,1.0778189834299716,1.1422246176852282
2021-08-20,1.1189443505817145,1.101992940937964,1.0851587488845214,1.1506717097511039
2021-08-23,1.1093472968216496,1.0998053303347781,1.0929447275874469,1.1528947357124746
2021-08-24,1.1148656995265185,1.0990151549686842,1.0981148711261375,1.1606118219263133
2021-08-25,1.107038257025876,1.1022135647561908,1.1020718023781404,1.1663001116304346
2021-08-26,1.0987421368087071,1.0993928168621436,1.0995912819971143,1.1600006739659088
2021-08-27,1.098261898964313,1.1038816987053433,1.1009508007506488,1.165972526367182
2021-08-31,1.0997380606039124,1.1035555259005378,1.097739400477661,1.166161395060261
2021-09-01,1.1099284675868302,1.1141083742934537,1.1037922444687343,1.1787078124059842
2021-09-02,1.1104177242418358,1.1089016656340491,1.102664733900897,1.1795259533255218
2021-09-03,1.107483424851124,1.1060921847333776,1.098416734581633,1.1786025242871443
2021-09-06,1.1068952764911382,1.1185075500746426,1.10340468197992,1.183884626738636
2021-09-07,1.104230714250404,1.113468028202631,1.097253671589099,1.1768733262262434
2021-09-08,1.1079071234062927,1.1053224907999815,1.0887625830513923,1.1602097236282038
2021-09-09,1.1006929914893482,1.1001179747767058,1.083505504347092,1.1565586545876623
2021-09-10,1.0947084990589404,1.1081353159606613,1.082895522629314,1.155302810729645
2021-09-13,1.1065964252431006,1.1043047463170679,1.0873267922951149,1.159718604341852
2021-09-14,1.1120020639952335,1.100748936327898,1.0822118882888878,1.1598643783740732
2021-09-15,1.0988312376197873,1.092894445349478,1.0752682534677995,1.1509620688567654
2021-09-16,1.1117404609402175,1.099736715806676,1.0832430527735981,1.1584355257857624
2021-09-17,1.0973579464880747,1.0901604526750592,1.0812578031754758,1.1457793849114006
2021-09-20,1.096007058539899,1.075307682640651,1.07240135936497,1.12018067454312
2021-09-21,1.1079735930522645,1.083302079985824,1.083540403406586,1.1420818932306398
2021-09-22,1.1024897647127847,1.0936598035482727,1.1006927992541347,1.1596702106204058
2021-09-23,1.0939019649676134,1.0927330249516802,1.101773456451704,1.1567063573820457
2021-09-24,1.0812470096945475,1.0792080177651195,1.0973044040277156,1.1404986226535447
2021-09-27,1.077287555524653,1.0725560587781668,1.0996634292653642,1.138035025017781
2021-09-28,1.0613303026461771,1.053708260661342,1.085430853287816,1.1206156284838753
2021-09-29,1.066337176432992,1.0598223102535564,1.0949110717856263,1.1260000406073454
2021-09-30,1.0536769768534213,1.0519810142331552,1.0891207055417687,1.121727660040513
2021-10-01,1.0599902505446448,1.0430158277790897,1.0857769845013874,1.1152203985674272
2021-10-04,1.0587255736501038,1.0300520445532386,1.081164389027977,1.1066318551866219
2021-10-05,1.0655962416063598,1.0348424861234047,1.0907688699711882,1.1174747216365284
2021-10-06,1.0510142545892238,1.0183985574061156,1.0763712675665944,1.0998682098395784
2021-10-07,1.0520129809310432,1.029639543340537,1.0874517953916436,1.1115512801325262
2021-10-08,1.0508921298950953,1.027294235290971,1.0913551777316788,1.1071109296964254
2021-10-11,1.050715479858052,1.025830122100359,1.0964242496220113,1.108646857524189
2021-10-12,1.0549547009475486,1.024189986743138,1.0945032958551357,1.1094734918447633
2021-10-13,1.0638538108420377,1.0342710192639852,1.0950922811665946,1.1228036690459022
2021-10-14,1.0690805953171012,1.0431267559327075,1.1082686842745224,1.1347851145950003
2021-10-15,1.061019528048732,1.0456585015670872,1.1101950815356683,1.1409676861770235
2021-10-18,1.0613163108517,1.0383465118355208,1.1019932729839215,1.137143997618098
2021-10-19,1.0629729775574266,1.0405015896776846,1.105480928211489,1.1416977867831568
2021-10-20,1.0659067006112022,1.0452444500611402,1.1070184464508839,1.1348038826725768
2021-10-21,1.063593270396953,1.0459235331045065,1.1023694742011092,1.1297226945694814
2021-10-22,1.0671901764829217,1.047568097670965,1.0983505587205307,1.1365053235115503
2021-10-25,1.0674627758217614,1.0480077835949855,1.1020504392400712,1.1388448838495664
2021-10-26,1.0847179553104158,1.0635645675846828,1.10796736656161,1.148965343572408
2021-10-27,1.0972214941099814,1.0563359433119606,1.1041964298660376,1.1507868905449592
2021-10-28,1.1136986858268176,1.053642266981484,1.1053947658709538,1.1492239102649973
2021-10-29,1.1037028495347574,1.0529506531596113,1.1039182061280637,1.145327617838295
2021-11-01,1.117385304515543,1.061552703615964,1.1137700867293419,1.1484120544630358
2021-11-02,1.1222258106106155,1.0625275810956043,1.1096310205845132,1.1462213424541716
2021-11-03,1.1203964605693926,1.0621487237356102,1.1076149390282024,1.1461731339037697
2021-11-04,1.1338662390909826,1.0815935211958831,1.1151633141007127,1.160724908646216
2021-11-05,1.1310944032051442,1.0816149920463278,1.1320214891843339,1.162093267668712
2021-11-08,1.1230211514611845,1.0785692746627897,1.1296670971467326,1.1622907162547838
2021-11-09,1.1113773260520379,1.0794122568893685,1.1250604732529645,1.1548559818898523
2021-11-10,1.1328425363091434,1.089864490999069,1.141607947654508,1.163256492087118
2021-11-11,1.1319912877905483,1.0914658310201917,1.1514475703912288,1.1780466173550173
2021-11-12,1.1315180903346143,1.1002703666071232,1.1491713229344704,1.1828198466786952
2021-11-15,1.1291600651950915,1.0984266428572205,1.1511392540835028,1.1766928394859981
2021-11-16,1.1165516605050032,1.0972935622400077,1.1475188905883824,1.1828354066891213
2021-11-17,1.1054549135607326,1.0922776715442284,1.1430019468510713,1.1711709507122416
2021-11-18,1.106156617863492,1.090995182093898,1.143919237639316,1.1784714131507208
2021-11-19,1.1035272193606154,1.0875954760082773,1.1355854595837347,1.178993308490723
2021-11-22,1.1014943786552989,1.0887514774792748,1.139915275904514,1.180443534690978
2021-11-23,1.1075040715905782,1.0806274330617256,1.1345957068409473,1.16906712127413
2021-11-24,1.1158341203582374,1.0854939911837276,1.1332883303071297,1.1746304166294124
2021-11-25,1.127755430141636,1.0880153808458295,1.1380960806280416,1.1795512577400986
2021-11-26,1.1059844845675797,1.0564296923218583,1.0903810978350323,1.1408254558604476
2021-11-29,1.1082554491596956,1.0692902795897754,1.1020472457642503,1.1530735252296944
2021-11-30,1.102418284427825,1.0550144210489059,1.090517872196762,1.1394511612323877
2021-12-01,1.1116271818418098,1.0774684343558907,1.1078944156500123,1.1592523347908665
2021-12-02,1.102560769072086,1.0692891391691928,1.1002746123899974,1.1437723725435467
2021-12-03,1.1106166640896227,1.0692754920025074,1.1009892428267167,1.1415569499189095
2021-12-06,1.1284987291791009,1.08531200518099,1.1182013244924889,1.1549317971929378
2021-12-07,1.1330972256425207,1.1052511894110482,1.1354011229444103,1.1729187783049888
2021-12-08,1.1410741036324137,1.103836029826731,1.1296984902298144,1.1749161146593434
2021-12-09,1.14631961507574,1.1048218953434057,1.125324655891136,1.1718624121030545
2021-12-10,1.1448117237449207,1.0966080524833741,1.1196262749595307,1.1639632667534634
2021-12-13,1.1394940494315522,1.087842148545975,1.1077754710198635,1.154747655747718
2021-12-14,1.131911158087295,1.067675273040766,1.1038871411342843,1.1489591800760934
2021-12-15,1.133567273174459,1.0604582153362943,1.0955031112246838,1.1469203241366146
2021-12-16,1.1223947931333134,1.07060492701093,1.1100624375631698,1.1482149876965722
2021-12-17,1.1364906503771712,1.0802822940787897,1.1086912210391053,1.1491520913103443
2021-12-20,1.1358583471169388,1.0740936202920002,1.0963922697991835,1.134851059589186
2021-12-21,1.1470626844340341,1.0870599484733945,1.1129164018839415,1.1524175145713393
2021-12-22,1.1514395336535594,1.0987785118954736,1.124141365713948,1.1624159716387288
2021-12-23,1.1534469879981328,1.0995400048175232,1.1322189433233323,1.169158247283385
2021-12-24,1.1537748528069636,1.0996689024265778,1.1328658167153727,1.170454704729148
2021-12-29,1.1626114590135008,1.109948891225068,1.1445773789335985,1.1846555793754265
2021-12-30,1.1574868330639199,1.1057124686097402,1.1449423755915868,1.1853262628015757
2021-12-31,1.1487514632972646,1.1022075806836793,1.1433373861783016,1.1839518189446203
2022-01-04,1.1602648541613332,1.1127546955653442,1.1674328283469408,1.1934905393318425
2022-01-05,1.1550451391195922,1.1130235095561438,1.1705260021995119,1.1915710454105293
2022-01-06,1.1477770395769482,1.0998931858787253,1.1586323978052169,1.1724782206606654
2022-01-07,1.1481181664338858,1.0965539556266195,1.16288505368005,1.1741165336423653
2022-01-10,1.1439242636616653,1.0803553886400388,1.154195225495185,1.1548939031299528
2022-01-11,1.1441373678879498,1.0862084037898663,1.1593512873901837,1.1577200038058633
2022-01-12,1.1395878047761727,1.0916503570095204,1.1653325013764682,1.1570177715319385
2022-01-13,1.1413273579672014,1.0832901919861329,1.1626828293853488,1.1503016251994398
2022-01-14,1.146184605132511,1.069119141841231,1.1558104275719467,1.1384995412876882
2022-01-17,1.1580933161805114,1.0834743989087545,1.165833259600544,1.1492001915379086
2022-01-18,1.1558206042571448,1.0762484782009025,1.1575884353485977,1.1406036885011697
2022-01-19,1.1511928712770667,1.0878663033111788,1.1583866893644332,1.146556045069368
2022-01-20,1.153682033162437,1.0923019205414355,1.1576977490321076,1.1503317754309312
2022-01-21,1.14580722179033,1.0784648503678576,1.138259380843946,1.1310204829757096
2022-01-24,1.128437144420458,1.0485883947732955,1.1005506318713592,1.0899550329245904
2022-01-25,1.1286124570079952,1.0517597650340762,1.1170054149205615,1.0932718611806844
2022-01-26,1.134115389091089,1.0599168702955228,1.1300854920755055,1.1062076892978445
2022-01-27,1.1514639181578663,1.0631496784505288,1.1328921392705078,1.1121782158942177
2022-01-28,1.1463966527629028,1.0570498682250058,1.1201926219589058,1.1034067523468218
2022-01-31,1.141992921808851,1.0613612722904038,1.129959443395702,1.1125993560782659
2022-02-01,1.1535521723523694,1.0660073014304332,1.142472064985356,1.1193971224552455
2022-02-02,1.1591449936044602,1.0728621520069945,1.1495786714502714,1.1325329941242162
2022-02-03,1.1426615721118667,1.0527372638413852,1.1391062144590274,1.1219107162697135
2022-02-04,1.1255854371319025,1.0445108431182497,1.12892582203695,1.1080406994000729
2022-02-07,1.1247663885825225,1.0503828878698165,1.134732341856759,1.1111171223204492
2022-02-08,1.1324534718854853,1.0518603914498954,1.132339337190002,1.1127318346089659
2022-02-09,1.1413074697390846,1.0663702495193306,1.1480346342900092,1.1310050595988732
2022-02-10,1.1507242608785253,1.067700291406776,1.1525385432518271,1.1317917832266347
2022-02-11,1.150321131075142,1.0650105811645045,1.1482153762584535,1.1156926879657523
2022-02-14,1.1287906015685387,1.053421945227168,1.1270749687153363,1.0978562755361454
2022-02-15,1.1380823993076112,1.0606083087853586,1.1426229749040022,1.1096163988687462
2022-02-16,1.1389687235028918,1.0581020027553822,1.139105176855317,1.1097258229365177
2022-02-17,1.1370494343253412,1.0527453966498994,1.125353393170666,1.0971760991088266
2022-02-18,1.1401201112044272,1.0490453924715246,1.1196155069181553,1.09471991252961
2022-02-21,1.1302384295691705,1.0414140753445273,1.1092723999985794,1.0848800756833592
2022-02-22,1.1200973355728847,1.0433871081961732,1.1135744331559787,1.08816119335018
2022-02-23,1.128613705724213,1.0388003574520701,1.1104581428499734,1.085543693867845
2022-02-24,1.0891431452236995,1.0128519960783808,1.065654608490968,1.0431288635281675
2022-02-25,1.1340556928848686,1.046953902455899,1.1059893147277389,1.083868083942751
2022-02-28,1.1491942786771296,1.0562982182123344,1.1041388203681837,1.085991091282384
2022-03-01,1.1343287637037118,1.0368164395063313,1.075667093237268,1.0526687867770628
2022-03-02,1.1323971853320594,1.039577448313279,1.0919605948489286,1.0679985650173942
2022-03-03,1.1105294548716131,1.0058411380809982,1.0562462135116941,1.0465787780712181
2022-03-04,1.1013890981181838,0.9614849720641315,1.0153106304514108,1.0117694598262796
2022-03-07,1.098028537978356,0.9477374922789016,1.0052407026757468,1.0012870111677363
2022-03-08,1.0960469902124312,0.9353426226659648,1.0113572040037755,0.9946957503983834
2022-03-09,1.1345789837341893,0.973191749021559,1.0531974218559885,1.038935117680259
2022-03-10,1.1263205249475872,0.9606742481208599,1.0454201843041102,1.0257167948636443
2022-03-11,1.1180095481686443,0.9694583799521465,1.0583790860609057,1.038157329724831
2022-03-14,1.1255962046128138,0.9810087886211372,1.0737777295089384,1.0499629851720746
2022-03-15,1.1448969340205026,0.9760673487130751,1.0713664828425853,1.0360588108005377
2022-03-16,1.1340289372221928,1.0035957027277513,1.0942172949635482,1.0733269533061922
2022-03-17,1.1539917111752511,1.009475339885582,1.101790841550993,1.0858731859044204
2022-03-18,1.1556807222401417,1.0202954602079295,1.1048670362156594,1.0945534748008203
2022-03-21,1.152653823446959,1.02254212451719,1.10722746756754,1.088630978151022
2022-03-22,1.1551303886928432,1.0211507524062668,1.1105437283111066,1.0979139584440818
2022-03-23,1.1307749144035855,1.0056008195694706,1.1067681198255184,1.0843425117718708
2022-03-24,1.145454912676631,1.0064618386120219,1.10672809806797,1.0776517861063217
2022-03-25,1.1484639923348354,1.005208580536757,1.1069055306207813,1.0820386628582825
2022-03-28,1.1608040755325248,1.005811917051177,1.104827437802823,1.0882903735594458
2022-03-29,1.1741061563395325,1.0273376637056404,1.1214583536155227,1.1109480983924598
2022-03-30,1.1918081477485207,1.0200783504628526,1.1116934168558261,1.1068899565961199
2022-03-31,1.1940295761846849,1.0066807438221355,1.1007573240837318,1.096361613325108
2022-04-01,1.1916547737332859,1.0135819019288552,1.1004682640671384,1.098894878237363
2022-04-04,1.1963449438519638,1.020579986145628,1.1055961113901338,1.1020612130458571
2022-04-05,1.2298899887374597,1.0181097467014784,1.1045082660751993,1.1127855742183344
2022-04-06,1.2329850751083897,1.0073747824483386,1.0942303259038528,1.1049651311689734
2022-04-07,1.2292637699985955,0.9994951153716789,1.0919575145376086,1.0942719495934927
2022-04-08,1.2373809734606043,1.0119521571435737,1.1030907116109185,1.1012688628999614
2022-04-11,1.2251431593570044,1.0036689941346182,1.1001905594024577,1.0937336625868281
2022-04-12,1.2173840192443492,1.0073694892940543,1.097017402401908,1.085577064331463
2022-04-13,1.216985760179672,1.0052438885876724,1.0970324607158437,1.0818222561397237
2022-04-14,1.2204309275426197,1.007256683490637,1.1034623567542796,1.090059624716754
2022-04-19,1.2080222783490928,0.9978531236948226,1.1026153484348586,1.0836691994406875
2022-04-20,1.218910760333637,1.0044852310001922,1.1110931132148525,1.085675171605154
2022-04-21,1.2140691441445766,1.006694818517989,1.1180635709215947,1.0861818770454124
2022-04-22,1.2123378829903986,0.9927531768915289,1.1011957848754352,1.0686757403587608
2022-04-25,1.2113608748844118,0.9801199814579502,1.0851493378472366,1.049393693430398
2022-04-26,1.2255729903228945,0.9685846758779482,1.0770113059051627,1.046963265477851
2022-04-27,1.2365997893979246,0.9728974920767546,1.0785815933139873,1.0451254058718198
2022-04-28,1.2502457375132734,0.9812041512154018,1.091339581525018,1.0517686264823596
2022-04-29,1.2367855389248301,0.9871852637512032,1.0961227440496228,1.0568841970101537
2022-05-03,1.2295772969475567,0.9881775296430354,1.101038008512631,1.0339700262050873
2022-05-04,1.214632390829676,0.9739186732489782,1.0911841386425738,1.0139933484628223
2022-05-05,1.2253219158164546,0.9687445064710009,1.0851177065884625,1.018970157247107
2022-05-06,1.198522486258532,0.9463630987050803,1.0684804659025142,0.990432470982401
2022-05-09,1.1788047237370167,0.9266468449679005,1.0442678202977729,0.9557413844519012
2022-05-10,1.1860150016961362,0.9276686053625542,1.0464622072599779,0.9612875806606198
2022-05-11,1.2001494385055074,0.9389139545755698,1.0616020551548448,0.9795785897968998
2022-05-12,1.1873153310963784,0.9359298359133769,1.04948972989333,0.9681695891786728
2022-05-13,1.2149960991342217,0.9550834175550118,1.0755944214174251,0.9935867022564018
2022-05-16,1.2270017582972723,0.9562756562650421,1.0809500631337186,0.9987121494398004
2022-05-17,1.2312417942700702,0.9631729528451836,1.0901381100682626,1.0098929421784808
2022-05-18,1.2347105211737486,0.9474705359965424,1.0820128115688914,0.9973365515193803
2022-05-19,1.2134136463957368,0.9301225117862847,1.0614381025719486,0.9793021367565639
2022-05-20,1.2262209384972138,0.9411893607825998,1.0726215798468006,0.9945922682103846
2022-05-23,1.233649547657627,0.9541181895663843,1.0910456075122832,1.0116957741309918
2022-05-24,1.214721676314357,0.944266568390423,1.0832266877519858,1.0059393936825496
2022-05-25,1.2180438311160817,0.9561936068987124,1.0904693188262922,1.005298439243885
2022-05-26,1.180705794597927,0.9689546198892487,1.103812428952357,1.020073293665856
2022-05-27,1.1716913741193826,0.9764290888364875,1.1098955038425837,1.0270519952746513
2022-05-30,1.1760620632821726,0.9810566870467345,1.1156917789343208,1.0372895950602414
2022-05-31,1.175517570501913,0.9790273203136693,1.1085454089834057,1.0271433076698304
2022-06-01,1.1475796189051557,0.9713922882554269,1.1042571299595902,1.01504313227162
2022-06-06,1.1597515960445544,0.9854310674462323,1.1190279397282585,1.031122160960513
2022-06-07,1.1611487289384979,0.9735284924325472,1.1134799074292505,1.024364977146812
2022-06-08,1.1608337512829277,0.9728922123409517,1.1089704289717492,1.0161114338656156
2022-06-09,1.1532951870651447,0.955102690574817,1.0948965331381129,1.0014748903591597
2022-06-10,1.1504391629816302,0.9307149900970835,1.0716027483602373,0.9763678635171833
2022-06-13,1.1398691314507692,0.9162637495868045,1.0503385971089216,0.9512149446852155
2022-06-14,1.1143439180101193,0.9042109730425332,1.0475922779538953,0.942439991454377
2022-06-15,1.1345917244147807,0.9243772230441257,1.0635650474174518,0.9610767598644462
2022-06-16,1.1101293824019047,0.8952747980632526,1.0277435878664152,0.9281781235992436
2022-06-17,1.1105615638508424,0.9004762190430294,1.0349901928709047,0.933532662332583
2022-06-20,1.1124822366521483,0.9040831930252556,1.050881096873673,0.9361938975565878
2022-06-21,1.1013580916797177,0.9061953820260435,1.0532851664570193,0.9382286821980697
2022-06-22,1.1005340619794401,0.898525306035805,1.0477466909717579,0.9323179893368315
2022-06-23,1.0891026808179436,0.8927833260456252,1.0322333639956986,0.9188366773605405
2022-06-24,1.1159317447403225,0.9161812175453535,1.0558225271546167,0.9467236794274481
2022-06-27,1.1288107261859766,0.9227682299086722,1.0649488200499508,0.9528342246041064
2022-06-28,1.1264753358693687,0.9267392234141784,1.0743922902496816,0.9619695019562978
2022-06-29,1.1317859343326486,0.9205473916308483,1.0648115134608074,0.940857800793744
2022-06-30,1.1057818580320353,0.9002108691646514,1.0476341818083104,0.9197529851781983
2022-07-01,1.122821231512111,0.9000580474562732,1.051201255708259,0.914062485307953
2022-07-04,1.1279190027531762,0.9038895297702196,1.05921271766419,0.9142813460686139
2022-07-05,1.118363113817173,0.8863159036301143,1.0294717779055997,0.896657144550116
2022-07-06,1.1267945794943817,0.9060328067653837,1.0432584922335935,0.914945103976903
2022-07-07,1.1290580132061756,0.9144248722853059,1.0605241410739907,0.9268551226159911
2022-07-08,1.1196528946240807,0.9183783223791626,1.0669604062602787,0.9310567458507133
2022-07-11,1.1362269024933254,0.9139188153486068,1.06503954355759,0.9246989075427755
2022-07-12,1.1423778220170966,0.9228352982782347,1.0696953812605148,0.9289579959913982
2022-07-13,1.1378788107476219,0.9156414692938999,1.0615977171934279,0.9232281528144735
2022-07-14,1.1371262317187412,0.8938400255733596,1.045754643756459,0.9081954077962698
2022-07-15,1.1358595716171613,0.8993232702097195,1.0681211616658095,0.9247830466615157
2022-07-18,1.151452970934162,0.9074957724934137,1.0781734479272678,0.9352741994582744
2022-07-19,1.1599003800658763,0.9180967967666859,1.094431891568966,0.9462313987392239
2022-07-20,1.1591446888030026,0.9172918073604716,1.0948325292441181,0.9488132444784465
2022-07-21,1.1472351312581157,0.9283737036737418,1.1031879351925724,0.9602985747124595
2022-07-22,1.1607162814554564,0.926825399529758,1.1063626201719126,0.9657249019375281
2022-07-25,1.1569598903218536,0.925634591289532,1.1089971712840005,0.9625865155342376
2022-07-26,1.1618212930437184,0.9115451390161775,1.1018009541524252,0.9497394743379846
2022-07-27,1.1609452060662997,0.9210890380073242,1.1127881669071662,0.9510043498243039
2022-07-28,1.1546785221353184,0.9295699018369105,1.1124367225103986,0.9638916327547675
2022-07-29,1.1671520530844293,0.9394137005568485,1.1258555601065603,0.9828570172110616
2022-08-01,1.1647505817659949,0.9357859988718735,1.128812145821205,0.9797648421540167
2022-08-02,1.1742041512066566,0.9233259455933078,1.1288814983261144,0.966558063087529
2022-08-03,1.1650808477090207,0.9307678786940051,1.1342703583971567,0.9736682112738037
2022-08-04,1.1725805575247057,0.936590437298913,1.1361929501861079,0.9799378489058401
2022-08-05,1.1617483860613484,0.9299991719158376,1.132295404809784,0.966868615898299
2022-08-08,1.1689730794440825,0.9381170444173487,1.1390635347357294,0.9793331777958157
2022-08-09,1.1731043388683646,0.9270349033240756,1.1374737447947927,0.9657564087574613
2022-08-10,1.1617626736816031,0.9482757291433261,1.1503107733287905,0.9892245916425118
2022-08-11,1.137776676001067,0.9483492404623635,1.1456531897265454,0.9844218876362578
2022-08-12,1.1489520463481153,0.9435857675629077,1.1478049830821615,0.9922725182922332
2022-08-15,1.1500658980065295,0.9463243750547032,1.1528083513321872,0.9926720538966208
2022-08-16,1.1600931805708696,0.9484975557679655,1.1560724676856728,0.9905019140221288
2022-08-17,1.1535260098633493,0.9405670577996925,1.1500014357980322,0.9721001634836863
2022-08-18,1.155339209743525,0.9387961332485953,1.1552038077392075,0.9779806753836151
2022-08-19,1.1546313940349198,0.9300540163421879,1.150106755276621,0.9630548764697952
2022-08-22,1.1607130197776236,0.9198481977904052,1.14091960835454,0.9452464726767521
2022-08-23,1.142663626945242,0.9122706164814715,1.1296809750483119,0.9381379797188584
2022-08-24,1.137167492682954,0.9097615032586084,1.1294785194594896,0.9307442844563472
2022-08-25,1.1261817178794404,0.9087313464583042,1.1274120736419588,0.9258391579502664
2022-08-26,1.1190997929992772,0.8968155152576895,1.1141152502631841,0.9152580663289022
2022-08-30,1.1003944703354611,0.8923075208798138,1.1020775244864023,0.9127359162622891
2022-08-31,1.0796567549013043,0.8879120084358743,1.0967396975413988,0.9023560445001583
2022-09-01,1.0723398173256065,0.8602831686119774,1.0732804624067023,0.8674912807018498
2022-09-02,1.0835512706507597,0.8750172385686129,1.096909786639474,0.8939665227024346
2022-09-05,1.0887789544464297,0.8717050076765197,1.0941640190187603,0.8893871191642932
2022-09-06,1.0853489173346302,0.8833070753589418,1.1043316086935868,0.9031810055182052
2022-09-07,1.0874800670960905,0.8771895600648099,1.0995447120696022,0.8958050126491657
2022-09-08,1.0803023317251899,0.8736247335186175,1.104514222548799,0.8943338266077933
2022-09-09,1.0931643833433211,0.8889083195138865,1.1222727241055988,0.9111737727436268
2022-09-12,1.110818313801759,0.911406725598185,1.1422867700080919,0.92974246815142
2022-09-13,1.1043365756576855,0.8942841566298855,1.126502875671444,0.908877584191922
2022-09-14,1.078111809834816,0.8769687424771645,1.108002094291235,0.8924089126420952
2022-09-15,1.070321933894804,0.8756489942881157,1.1087764861837568,0.898220539629179
2022-09-16,1.0672301558926096,0.8693420567849811,1.1008334349847506,0.8904758297533492
2022-09-20,1.0509712442092454,0.8551300272422816,1.0919245143615048,0.8718081263574622
2022-09-21,1.0587096771821487,0.8608696780246197,1.0992145007083016,0.884272556394911
2022-09-22,1.0387591708832664,0.8506381922977686,1.0846722331309941,0.8590942265205129
2022-09-23,1.0308544685568366,0.830631937695436,1.0634540736752207,0.8338615493440235
2022-09-26,1.0160809066526748,0.8175457944888371,1.0627135823214429,0.8274800442673395
2022-09-27,0.96559436533133,0.804614620621868,1.0558189051905087,0.8145517456243254
2022-09-28,0.9881411285285417,0.8124580551174926,1.0496228842831354,0.8266963389161205
2022-09-29,0.9545330325254611,0.790870508439743,1.021917731032667,0.8025701105665266
2022-09-30,0.9567801510893491,0.8007502094290966,1.0317582739861195,0.8187816083159255
2022-10-03,0.9697620424489749,0.8072607719544458,1.035593565466054,0.825904625088885
2022-10-04,0.982183924820994,0.8328547700523877,1.0666076914379676,0.8477094400176797
2022-10-05,0.969478923582623,0.8242330870526935,1.0598756555465176,0.828545446008689
2022-10-06,0.9565193075946289,0.8174345776385359,1.0551197461059305,0.8270089100003403
2022-10-07,0.9547611000274473,0.8034090334730127,1.048276661801015,0.815682577060792
2022-10-10,0.9459513505708292,0.8029124449687256,1.0467712627963421,0.8165332906529926
2022-10-11,0.9360457095131488,0.7961268890853379,1.0362228884125928,0.8017880241121773
2022-10-12,0.9206754552885946,0.7863376952687741,1.0208937507856621,0.7872483355069856
2022-10-13,0.9301055660428353,0.7919492939369266,1.0344033165974817,0.7984899027651248
2022-10-14,0.9456694273353934,0.795858078162308,1.0369420954756634,0.8045768642565299
2022-10-17,0.9731530794741358,0.8089739769924034,1.050872278099533,0.8228059212405103
2022-10-18,0.9786980825275099,0.8129935773180152,1.0558323074467986,0.8238523544284291
2022-10-19,0.9702768283298586,0.8041051567998445,1.0501333818346703,0.8120045117301404
2022-10-20,0.9646271980160214,0.8078471935706176,1.0524790385024925,0.8205668245778902
2022-10-21,0.9679599248398914,0.8019920336112242,1.048847675424568,0.818576400498121
2022-10-24,0.9886528827609963,0.8109894632008161,1.0631880175565454,0.8277304216406193
2022-10-25,1.0002026319576551,0.8246844947094721,1.0730125702795894,0.8470879918988957
2022-10-26,0.9971213101748719,0.8351955242184721,1.0814889737629783,0.8544761194425998
2022-10-27,1.0038013783270239,0.8295923915206058,1.0782153512913575,0.8525351503524754
2022-10-28,1.0115786342430058,0.8197507369908626,1.0714520552730098,0.843060859085443
2022-10-31,1.0127002303400194,0.8222454986397776,1.0780862264871016,0.8445732243638012
2022-11-01,1.0198734730520604,0.832140050898118,1.0911287818335043,0.8599970355616713
2022-11-02,1.022607430406512,0.8218219189858631,1.0897430748399717,0.8534466153641213
2022-11-03,1.0153444073702698,0.8177805531337548,1.0936247922453952,0.8454947071303621
2022-11-04,1.026889067393665,0.8384619995955995,1.110592390819014,0.8684461305388896
2022-11-07,1.0143179703304588,0.8394848305922855,1.11184943326334,0.8725105118752232
2022-11-08,1.0319860948077795,0.8434450486856082,1.1185711140967092,0.8775307453543216
2022-11-09,1.039952237709807,0.8472693455383169,1.1200220977252504,0.8730636181476218
2022-11-10,1.0656347692112493,0.8746373146536895,1.1415526626961716,0.9117752072520713
2022-11-11,1.0423557944813604,0.8805827954968874,1.1327901733561794,0.9200549906036536
2022-11-14,1.0584846155110001,0.8846015932827155,1.1412609618894198,0.9177894914638823
2022-11-15,1.0479797476019226,0.8826568333898203,1.1391648155486183,0.9125220706435232
2022-11-16,1.0483373622507604,0.8683695474576434,1.1332435294226972,0.9013536811717952
2022-11-17,1.042097932351752,0.8629269701745619,1.1385780257300089,0.900648245215775
2022-11-18,1.062502190267735,0.8730115069990144,1.1495932693926847,0.9120390861078619
2022-11-21,1.0730389862208134,0.8711299822272518,1.152048562593337,0.9074499282261946
2022-11-22,1.0765447112987259,0.8738891380820807,1.1605989350692119,0.9087347651490145
2022-11-23,1.0844479060501595,0.8807867211816219,1.1654154001074384,0.9171282320416762
2022-11-24,1.0917837615511439,0.8875739002424954,1.168605463836364,0.9217411935230071
2022-11-25,1.0889172463833685,0.889166038318502,1.1690791825513058,0.9202973733414339
2022-11-28,1.0781763493158325,0.8805047174666499,1.1621582748724761,0.9121867370342301
2022-11-29,1.0674978826049826,0.8799084883195624,1.16198777755836,0.9125460620312428
2022-11-30,1.0702176341278544,0.8848870407178965,1.1680806309477594,0.9102049198918841
2022-12-01,1.0822838234154513,0.8918541054986597,1.1683291342545148,0.9192263495663315
2022-12-02,1.082527787529269,0.8935268468625902,1.1674698602508666,0.9252828085521045
2022-12-05,1.086903687941455,0.8910770981873435,1.1647008313019056,0.9245319495463207
2022-12-06,1.0717238201737496,0.8851720256257516,1.1597559250597966,0.9175933797454245
2022-12-07,1.0853121048920775,0.880519041215418,1.1519673948281846,0.9092924223132305
2022-12-08,1.0814591693147306,0.8693025171939661,1.1493191800585074,0.905105080644535
2022-12-09,1.0822584414783998,0.8711949440899326,1.1574408670309753,0.9089511098642433
2022-12-12,1.073584807004352,0.8631289537716379,1.1513454005533281,0.9009077533275431
2022-12-13,1.0837195937999011,0.873909768271915,1.1590289732857402,0.9185680044634524
2022-12-14,1.088602620873128,0.8742654627243042,1.1576669431310884,0.9167666622305163
2022-12-15,1.0870059354794803,0.8611160643457667,1.1465565324498912,0.904115706195994
2022-12-16,1.0660718285996553,0.8451983310087462,1.1349599538459023,0.8812948410934459
2022-12-19,1.0648940393171769,0.8432227060481601,1.1393013213006182,0.8806144237337571
2022-12-20,1.06396626258836,0.8377009172620865,1.1415453760432326,0.8760637616169578
2022-12-21,1.073906117011284,0.8546612318085893,1.1595782449117789,0.8965121517131475
2022-12-22,1.065788467485347,0.8487962086194663,1.153635350634377,0.8880383865888465
2022-12-23,1.0620660139001694,0.8508881104229826,1.155308038204241,0.8920725461943729
2022-12-28,1.0674604359602995,0.8557088604415405,1.1591637865883044,0.8965294975560988
2022-12-29,1.071970871884491,0.8595843866421703,1.1626480322091546,0.9016290837588209
2022-12-30,1.0600405623125446,0.8497555515620039,1.154325472117763,0.8930622232361087
2023-01-03,1.0667660867339912,0.8653923422053749,1.1673514909577452,0.9056600814104779
2023-01-04,1.0835944680554774,0.8839270509456826,1.1810592449443453,0.9157331967968463
2023-01-05,1.0830035587554347,0.8930352619219502,1.190401556861863,0.9148525159440092
2023-01-06,1.0975097935678086,0.9006961005502855,1.1976683347862092,0.9241965241881783
2023-01-09,1.087141322112512,0.9058164673493934,1.1980352140467463,0.9349892993232829
2023-01-10,1.0847317105484977,0.9006561230990823,1.1963240085145872,0.9292498457956239
2023-01-11,1.0936511907414974,0.9084868273395093,1.2016873924144318,0.9422051189127543
2023-01-12,1.1057603230698545,0.9233350457792585,1.2130407093046864,0.964253332428436
2023-01-13,1.1035189567069823,0.9256120390326685,1.2217399475956794,0.9687122642418339
2023-01-16,1.1027414653560677,0.933092412940339,1.2223976856482655,0.9777388192806945
2023-01-17,1.1110456121039751,0.9319797081346719,1.2219728245383774,0.9746940048492599
2023-01-18,1.0982004409647745,0.9292036212199992,1.2228127746339683,0.9749302201142505
2023-01-19,1.1052205774936263,0.9140737701414124,1.209987928172672,0.9609091328480037
2023-01-20,1.1163236195313646,0.9179466683243276,1.2165751779669394,0.9681071132961868
2023-01-23,1.1115367629263264,0.9244327380244697,1.2181803560777031,0.9712799344786659
2023-01-24,1.112957678813039,0.9254972292502952,1.2210627593939392,0.973544057892747
2023-01-25,1.1229153978808142,0.9200614421340132,1.2169156882383607,0.9706498206216395
2023-01-26,1.1207007333506893,0.9301287401198061,1.2271856231849416,0.9748362686907543
2023-01-27,1.1224921264720336,0.935345644356126,1.2308713002183567,0.9769900757476319
2023-01-30,1.1239714159182663,0.9364108038637449,1.2330030416977371,0.9732725557000161
2023-01-31,1.1148074307178648,0.9320670545620442,1.228446415410508,0.9695653112607563
2023-02-01,1.1077799843893061,0.9302730451154445,1.229003669164851,0.9730670984874871
2023-02-02,1.1370390363101306,0.9631782073780267,1.243275251763656,1.0116362811344846
2023-02-03,1.1317374560780433,0.9653683491963884,1.252129985923818,1.0109308438103282
2023-02-06,1.13347338482126,0.9507809466032461,1.2420650629764363,0.9930860728135357
2023-02-07,1.1348789736764187,0.9464230253671952,1.2420306239102108,0.9858790906689918
2023-02-08,1.1360213898290592,0.9444501688698737,1.2466231696440906,0.9874091141089533
2023-02-09,1.1336391681966622,0.9441810349319243,1.2513816435056757,0.9755392907539673
2023-02-10,1.1209423147881874,0.9310998015317963,1.2392036276372318,0.959075166549214
2023-02-13,1.133987615682804,0.938286327140628,1.2487524487974628,0.9671415579307837
2023-02-14,1.1251895887199834,0.937825153142219,1.2491427360902654,0.9650270072797792
2023-02-15,1.1289465190870762,0.9483219820441113,1.2589030112910768,0.9720739893941985
2023-02-16,1.1215033576904194,0.9522069273634562,1.2645474408170088,0.9768363612562131
2023-02-17,1.1359040681501302,0.9498583214820058,1.2614973694723008,0.9773718393256715
2023-02-20,1.1357299854082912,0.9528806851290836,1.2579407373148532,0.9801358352048496
2023-02-21,1.1373488305528041,0.9399076727111796,1.2502483339492836,0.9649756113690146
2023-02-22,1.1326253633874972,0.9356577462313653,1.2432023465164361,0.9582237716819826
2023-02-23,1.1234450612120765,0.9293167596768702,1.2502668487148985,0.9566435651761871
2023-02-24,1.1202597771076717,0.9234012431226679,1.2512555872348785,0.9486821483138151
2023-02-27,1.12966553040897,0.9340720517266702,1.2641166546852487,0.959546747387473
2023-02-28,1.1124945756914502,0.9320615724696987,1.2573101011480774,0.9592021726445122
2023-03-01,1.0895943967383437,0.9316113638495243,1.2636343974137834,0.9603824914980844
2023-03-02,1.0980329493186416,0.9328554531549835,1.2634926016695767,0.9589083600159506
2023-03-03,1.108403127069362,0.9371894474783952,1.2634922962491997,0.9666480042847012
2023-03-06,1.1108722828336688,0.9399768179646486,1.265735776182854,0.9656916770112332
2023-03-07,1.1090984582808334,0.935476115148335,1.261002213321297,0.9543680615537867
2023-03-08,1.1112735415556045,0.9353631619187645,1.2621663401816485,0.9486616313822676
2023-03-09,1.1115497730560324,0.9314487913795816,1.2587142172723138,0.9311932660754018
2023-03-10,1.106197446739216,0.9131053989081215,1.2348090262366345,0.914390559477441
2023-03-13,1.1042222782348332,0.8894119549995728,1.1958501119831226,0.8917346492457167
2023-03-14,1.1090538368641416,0.9008163891617722,1.2169449144201374,0.9049651041365133
2023-03-15,1.0998179560666859,0.8739313995396588,1.1703562623312214,0.8701191532977434
2023-03-16,1.1122446530053638,0.8921407462199046,1.1809837140715094,0.8800395606415045
2023-03-17,1.0961131149856087,0.8765060927415589,1.1646675666393818,0.8649179161137875
2023-03-20,1.1091239926229512,0.8856678784276505,1.174446899830132,0.8783567078432634
2023-03-21,1.1105662475627376,0.899040066603869,1.2006235822268065,0.8885517352605755
2023-03-22,1.1108547272563503,0.9004145313732018,1.2035788126088665,0.8826669971434575
2023-03-23,1.1156940305942957,0.8930687891135178,1.1989209402232963,0.8781710320084748
2023-03-24,1.10091634041449,0.8832709625947623,1.1825126946347628,0.8643902759834645
2023-03-27,1.1074932077818094,0.8897117801686286,1.1922855358516178,0.8689799090470784
2023-03-28,1.1049590254837793,0.8871947500574484,1.1929171385953066,0.8697622858280005
2023-03-29,1.116527442381,0.8996234777401961,1.2064449369810586,0.8847332890198818
2023-03-30,1.134387778295278,0.9133690887235231,1.2214778971449287,0.8998420551069185
2023-03-31,1.139526314135407,0.9189632782857728,1.2259843352612338,0.9011582955152267
2023-04-03,1.1281849254114849,0.917247294319511,1.2272988719875744,0.8982326453780843
2023-04-04,1.1319585181650749,0.9119228371895782,1.222971629723628,0.8959509338489604
2023-04-05,1.1560418168897646,0.9028556543086718,1.2194999020175337,0.8853628651975871
2023-04-06,1.1749721435785432,0.9078022902632019,1.2279546563889963,0.9005910732840174
2023-04-11,1.172204165047861,0.9202480440495469,1.2342515249594845,0.9125938684789872
2023-04-12,1.1794324042304076,0.9259428344271192,1.2383886669531816,0.918872692567322
2023-04-13,1.175662939365529,0.9322064696904916,1.2424726422342294,0.9210953322212009
2023-04-14,1.1661158892737769,0.9389098252091562,1.2480800465617716,0.9260390913938555
2023-04-17,1.1690715266627445,0.9420067030204619,1.2507271493873928,0.9246739174785081
2023-04-18,1.1637482237284544,0.9467882081467955,1.255040497581233,0.9301323829490542
2023-04-19,1.1639511512218375,0.9425298856216482,1.2514971709422273,0.9263042195052336
2023-04-20,1.1637287950921469,0.9416217184953792,1.2552051572033867,0.9283139477892028
2023-04-21,1.1725890212041927,0.9403339198572389,1.2599854949527374,0.9285728709766626
2023-04-24,1.1714241218997172,0.9393226903544712,1.2616407928001354,0.9295104447580151
2023-04-25,1.189825149427741,0.9340869836891414,1.2583696680190912,0.924546207207753
2023-04-26,1.1773792637692269,0.9291367260283586,1.25938126436876,0.9277509110365433
2023-04-27,1.1723055228592443,0.9331765116710349,1.2605582796464556,0.9222393172244712
2023-04-28,1.1759596172547557,0.9415505806030946,1.2674517646221994,0.9328375426105531
2023-05-02,1.174196951204829,0.9345444628448076,1.2523999380411306,0.9239578335515801
2023-05-03,1.1803101973453158,0.9376891291423187,1.2586143891424513,0.9246921498977163
2023-05-04,1.1868525808826966,0.9246906720466181,1.2447580782395713,0.9099644695789476
2023-05-05,1.1879644075032043,0.9332102939987704,1.2564822976717414,0.9218355680495762
2023-05-09,1.1854504827406425,0.9268496408829253,1.258122749144716,0.9110433405584164
2023-05-10,1.183338218656487,0.9241753194854774,1.25655734877391,0.909727900943847
2023-05-11,1.180120897989686,0.9226771747299375,1.2585341971069506,0.9082288020346291
2023-05-12,1.1855431394305407,0.9207768640178303,1.2661964881009398,0.9045594984207045
2023-05-15,1.1875630143416582,0.9226397021389684,1.2703808721540102,0.9108211478488115
2023-05-16,1.188481283335813,0.9184597386265424,1.2704787330597735,0.9052988410615561
2023-05-17,1.1733031847583015,0.9134369662013462,1.2706112961734557,0.8955462941011537
2023-05-18,1.1551900297317694,0.9103620214616641,1.2811124031870194,0.8984596425412875
2023-05-19,1.1566374100971444,0.9076475182159046,1.2802838491388575,0.8979561747679234
2023-05-22,1.1580277357700257,0.9170072490908313,1.2819598970238173,0.9000216968412631
2023-05-23,1.1593607085111568,0.9142518069841525,1.2733609704245359,0.8974524441075071
2023-05-24,1.146409154350061,0.8991702031295028,1.2562814858657825,0.8711563425808557
2023-05-25,1.131661670213061,0.8893480186646916,1.2547102756310768,0.8633945141067396
2023-05-26,1.1309671839823492,0.8937970630747848,1.2635861127640255,0.867905451841461
2023-05-30,1.1391873177823282,0.891635241885382,1.2564357978096166,0.8652425035644089
2023-05-31,1.1402051588183009,0.8835588412144505,1.2457071435568525,0.8539424102558062
2023-06-01,1.130984366394713,0.8894627619550541,1.2565408037322054,0.8601381473843194
2023-06-02,1.136226873573938,0.9044348233905979,1.2729384045410481,0.8820631217958603
2023-06-05,1.1425383651801728,0.9005760956704497,1.2692160043616578,0.8787499015705967
2023-06-06,1.153852754881004,0.9077412967838949,1.2740322125912913,0.8852535815250655
2023-06-07,1.1416702356177744,0.9089670896077673,1.2740083150485304,0.8789777616554191
2023-06-08,1.138166445859725,0.904668794505018,1.270377916319156,0.8741215028100087
2023-06-09,1.141105154821561,0.9021111248269723,1.2643449435889198,0.8649854704612615
2023-06-12,1.142806185531652,0.9038174931704778,1.2688419477456103,0.863166151902923
2023-06-13,1.1321217498670673,0.9010949468615794,1.275668320476389,0.8630597953778686
2023-06-14,1.1296081041442736,0.9026542772122619,1.2769663591164617,0.8665577106131834
2023-06-15,1.1307736603949872,0.8979823563747518,1.2735237396770385,0.8636844535839937
2023-06-16,1.1388111968503383,0.8976944190663809,1.274975430382368,0.8627893805360034
2023-06-19,1.136443984988702,0.8894197912254945,1.2680702914408584,0.8505059864060559
2023-06-20,1.1364895770166905,0.8846612255962295,1.2660816860669655,0.8447175977514106
2023-06-21,1.133268068423081,0.8708205428918114,1.2602955409781424,0.8361479211070343
2023-06-22,1.1192950487139042,0.8648747159742616,1.2460786462916265,0.8280056298060982
2023-06-23,1.121179179758438,0.8591745299801296,1.2371754618066175,0.8163997428574006
2023-06-26,1.121593643665086,0.859886085275469,1.2366869715516022,0.8180355845491873
2023-06-27,1.1269262418198756,0.8609667824077182,1.2416207280814078,0.8195480363240768
2023-06-28,1.1310969690531145,0.8653613539169891,1.255511243266125,0.8289455539974265
2023-06-29,1.1113202908470836,0.8553816040531155,1.24536477139449,0.8227759348941323
2023-06-30,1.1101224497345292,0.8635168964837753,1.256898812718382,0.8328717432182031
2023-07-03,1.113485502112075,0.8674974303466104,1.2589988255204305,0.8404850174232764
2023-07-04,1.108894747411291,0.8689202390362765,1.2515110268854284,0.8438833975079298
2023-07-05,1.0850164292005662,0.8584980289556512,1.2409201979134628,0.835148731945295
2023-07-06,1.07564353275522,0.8381246893776937,1.215670640829768,0.8087684669162648
2023-07-07,1.0599018856182012,0.84047037555939,1.2186741093276512,0.811714885636973
2023-07-10,1.0631073459254397,0.8437039281298421,1.222614142839699,0.8121206481307762
2023-07-11,1.0628970659089907,0.8468824861447788,1.2228998251652337,0.8217490992476076
2023-07-12,1.0803473815521718,0.8669386081470037,1.245954381857002,0.8433012810274029
2023-07-13,1.0824365106970784,0.8671212626217046,1.2527272869837691,0.8495297981267546
2023-07-14,1.0807276764169744,0.8713187074737084,1.2524796523314066,0.8489968827875661
2023-07-17,1.0778395917361028,0.8670493732748825,1.25052289059288,0.8407488936283666
2023-07-18,1.0793281571182274,0.8761267624520903,1.2582927689048429,0.8497034933171054
2023-07-19,1.1060348515257308,0.9027703528977165,1.2806405404578607,0.8800348008542265
2023-07-20,1.1116814510959985,0.9096116733206332,1.2905540069565913,0.8834187888981699
2023-07-21,1.1173908561871595,0.9078443238019368,1.293723376566869,0.8794551547766971
2023-07-24,1.1202257467180574,0.9045148478732702,1.293264726646878,0.8807143491904081
2023-07-25,1.114802397079115,0.9090313309982773,1.289292185113544,0.8888622922729881
2023-07-26,1.1167613027325836,0.9096398791816911,1.295007374400784,0.8882520307726431
2023-07-27,1.1110482791599148,0.9134286595307164,1.3071292428375156,0.8827284281833637
2023-07-28,1.1004425315829052,0.9070798686187382,1.3060829623766796,0.8753632587867167
2023-07-31,1.1033245347201952,0.9040734195337767,1.3073507562065867,0.8749403208491313
2023-08-01,1.095127693416748,0.8990007021535251,1.30177373482427,0.866601046572733
2023-08-02,1.076920150726763,0.8826288023005892,1.2893985704891833,0.8511847157174465
2023-08-03,1.0623696515532215,0.8790685911028447,1.2853768397293368,0.8496740811697002
2023-08-04,1.071520318287176,0.8825774405993084,1.2940909756899426,0.85535628975394
2023-08-07,1.0692669212373833,0.8789676321606026,1.2946901499245544,0.8509057442818052
2023-08-08,1.073005116942303,0.8746726837991885,1.2911649525321436,0.8400903801189551
2023-08-09,1.0688345780638702,0.8798333285239498,1.2981194609684978,0.8424747665407996
2023-08-10,1.0801872585754122,0.8914835562129851,1.3053050732146707,0.8477267333369642
2023-08-11,1.0688921006981442,0.8814821880232442,1.2940417254020746,0.8299295571900235
2023-08-14,1.0688970764713235,0.8807093536510593,1.2953634960338685,0.8241191825255361
2023-08-15,1.0535567692578522,0.8702405243530605,1.2853314361152408,0.811593359673887
2023-08-16,1.0487199813216208,0.8694012249003835,1.2822699755755922,0.8091989383064658
2023-08-17,1.038255798259499,0.8600746795670542,1.2751877864362964,0.7997554870503641
2023-08-18,1.0341845664590334,0.8523749707654035,1.2619202140645642,0.7898083200931787
2023-08-21,1.0276190645280177,0.8459494419479552,1.2605247992874709,0.783934901279579
2023-08-22,1.031080795028403,0.8471084514167131,1.2619956077527195,0.7872690273624614
2023-08-23,1.044233294738343,0.8550869566254293,1.2699386299019504,0.7959192515540263
2023-08-24,1.0480115827803194,0.8535547907595634,1.2732060655956503,0.79302042632236
2023-08-25,1.0489260524484438,0.8540777884446278,1.274754811274561,0.7901727019359884
2023-08-29,1.0676986088312261,0.8756287586262356,1.2990415299932825,0.8104761055866342
2023-08-30,1.068025034966056,0.8779777249547953,1.3017229375965675,0.813864477097949
2023-08-31,1.0658577578288466,0.8773673119892388,1.3001638006543883,0.8082126577372887
2023-09-01,1.0607519305837096,0.8746731946103098,1.30331693378633,0.8047351058016747
2023-09-04,1.0582421753247604,0.8724827849830564,1.3018127550765906,0.8024425553731807
2023-09-05,1.056874377715262,0.8691576029100525,1.300723756513312,0.7951771788423755
2023-09-06,1.0575625853832726,0.8639331428720429,1.2995985622136803,0.7932681220205723
2023-09-07,1.0723796032791792,0.8625232153794115,1.303845809387843,0.7859053373462447
2023-09-08,1.0851343179272912,0.8651639300683994,1.3078437489531791,0.789329778600334
2023-09-11,1.0913029879112424,0.8684721210952467,1.3112953516368673,0.7950732038419513
2023-09-12,1.0872662591982598,0.8744777271521104,1.318876075302967,0.7923754958038625
2023-09-13,1.0871403383734826,0.8761760048837789,1.3215011920936521,0.7949649865035814
2023-09-14,1.1134050131807254,0.8890872855258749,1.3419448711514577,0.8111227182971981
2023-09-15,1.1174263040071197,0.8954263154178909,1.3505867863033916,0.8125397920123849
2023-09-18,1.1071528871602008,0.8854258705326644,1.3359527839201224,0.7980940233792229
2023-09-19,1.1047453749745815,0.8740021771583836,1.3386614237819094,0.7980707550041978
2023-09-20,1.1251270893640022,0.8878557891826819,1.3447634181408856,0.813633267810243
2023-09-21,1.1166761227728812,0.8839999001953229,1.339084312470604,0.8079669500034761
2023-09-22,1.1103588823262032,0.8832897372554714,1.3356535190902568,0.807797321222364
2023-09-25,1.0967029742259258,0.870330080342275,1.3277015486522667,0.7952175456122574
2023-09-26,1.094802361492234,0.8723634650596723,1.3259552006910467,0.796410057095678
2023-09-27,1.0755932687071563,0.8664471352436094,1.3176307673309398,0.7861413069940855
2023-09-28,1.0575673775102494,0.8669761764516936,1.3222007901164738,0.781933565975321
2023-09-29,1.0736096630582264,0.8744217327741831,1.3230971410646577,0.7942956999801152
2023-10-02,1.0600967028483412,0.8592651903128439,1.3039990173463578,0.7822649439484658
2023-10-03,1.0382035098086932,0.8495324991454132,1.2951385369851656,0.7709140200753241
2023-10-04,1.0321753787994956,0.845328779105035,1.2855550894295424,0.7655912168779718
2023-10-05,1.041088846152916,0.8528269877596518,1.2913300932671252,0.7685993437071704
2023-10-06,1.0426372230394079,0.8562437223084041,1.300720809928482,0.7767977237865508
2023-10-09,1.0430757074270092,0.8521669874151241,1.2926755961087422,0.7687958505962178
2023-10-10,1.0666197349698405,0.8719070174949661,1.3175811929560137,0.789256970465006
2023-10-11,1.0747598121825301,0.8665892915904534,1.3165027765518333,0.7880304222635964
2023-10-12,1.0725771643990427,0.8645604904053011,1.3194133239006536,0.7850811182043013
2023-10-13,1.0764304322725422,0.8540096943235418,1.3090726034171278,0.7629449764060502
2023-10-16,1.0840651833865709,0.858252837820465,1.312465018783999,0.7720928404188677
2023-10-17,1.0915939149748197,0.8598428280367031,1.31925617354118,0.7743196896628092
2023-10-18,1.0918572407467053,0.8496221595904839,1.3064929734485171,0.7579388359281279
2023-10-19,1.080898028324398,0.8223378806317431,1.292638288547715,0.7439427592815719
2023-10-20,1.0746758316374314,0.809973782480677,1.276428046348303,0.7338861893301256
2023-10-23,1.0737489924958394,0.8112538185619037,1.277473642097795,0.7337814278401527
2023-10-24,1.0893671565057206,0.8110341570484098,1.2739762763149785,0.7363663076267056
2023-10-25,1.095027401608789,0.8071284312732335,1.2759816373567532,0.7318765537074942
2023-10-26,1.098661077190982,0.7969870868658516,1.2680787455568319,0.7338059185102346
2023-10-27,1.0930580926144462,0.7950157960198637,1.2586067179166418,0.7378057878777983
2023-10-30,1.0988456536230162,0.8013850641299347,1.2690400326400297,0.7437023526869798
2023-10-31,1.1059498429316728,0.8035979994122378,1.2718178044885644,0.7478607498864782
2023-11-01,1.1167309034899515,0.8077226236859842,1.2815391081295515,0.7499343788816357
2023-11-02,1.1115362080070288,0.8217062859964506,1.2975907491264553,0.7712782794554761
2023-11-03,1.1098585677161694,0.8335580214945334,1.2947551323921422,0.7852566392611263
2023-11-06,1.1032242329412039,0.8263568496189065,1.2917496834596522,0.7754860328026443
2023-11-07,1.106547532670078,0.8329070888615517,1.2963381434453778,0.777326064721833
2023-11-08,1.0966823364887104,0.8340070958198376,1.3049679722286096,0.7766178294494416
2023-11-09,1.1032681297487492,0.8438040892536111,1.3171543259524607,0.7847213322719875
2023-11-10,1.1010369427253301,0.833377193905478,1.309440275571134,0.7709559146385119
2023-11-13,1.103446361086924,0.841535487830147,1.3184219405732254,0.7755588601157164
2023-11-14,1.1146820080839959,0.8615903942799381,1.3188509991012918,0.8019025189836371
2023-11-15,1.1210425220928506,0.869554500981969,1.32807866439538,0.8077094344363577
2023-11-16,1.1196478722298298,0.8524101675175376,1.3169321022264493,0.7948819839562763
2023-11-17,1.1325645526848773,0.8640706387120354,1.332847392317485,0.8075146314321906
2023-11-20,1.1285986215489834,0.8652376837470342,1.3363481010308496,0.8108567208194534
2023-11-21,1.132082953355714,0.8642410404509463,1.3318130623501776,0.8006185925283003
2023-11-22,1.134876393249333,0.8663204078399344,1.3361918772377803,0.8055578080420333
2023-11-23,1.1277075599374546,0.8677456977672536,1.3408629303851318,0.7997485868716239
2023-11-24,1.1336963140631608,0.8681014046214444,1.3410490145272334,0.8000417311932391
2023-11-27,1.133365526302726,0.8718077947509012,1.3404439351337123,0.7985866938736589
2023-11-28,1.136743800125104,0.8695329733353034,1.3408964841029858,0.7931757369334552
2023-11-29,1.1331376031927454,0.8693453199070821,1.3411886720793884,0.7975509474185126
2023-11-30,1.120497781980652,0.868581391067332,1.3429849141293193,0.796347214782152
2023-12-01,1.1311057815259316,0.8805039649150196,1.3563497537953555,0.8095247226162718
2023-12-04,1.1290373310108028,0.8780975255150678,1.3543587610671683,0.8049586617749718
2023-12-05,1.1374004172005243,0.8803144852230704,1.3546288187570799,0.8089012109661714
2023-12-06,1.1470235546294905,0.8883089349805072,1.364898659880384,0.824229017405844
2023-12-07,1.1557163399503891,0.8880142961835096,1.3625224962323828,0.8248770468057125
2023-12-08,1.1592614585582428,0.8803075455694113,1.3756458398538414,0.8280612012866017
2023-12-11,1.1579855653312714,0.8813211135685275,1.3788882650331193,0.8300780612811461
2023-12-12,1.1555249803232943,0.8771771908341579,1.382460280972864,0.8244522791257953
2023-12-13,1.1629146683206242,0.8736679503909153,1.3838875780643054,0.8255615322371693
2023-12-14,1.1719440574178863,0.8943360602434715,1.395433931483222,0.862065842701482
2023-12-15,1.155170421798529,0.8871793422253035,1.3833451873415954,0.8586530057435658
2023-12-18,1.1509738730073864,0.8845135089903278,1.389111735844211,0.8572588874088006
2023-12-19,1.1593043133574492,0.8898765727436285,1.3958664911291367,0.8601549872767701
2023-12-20,1.1699811027681095,0.8990315608511011,1.4134088396428137,0.8713616015933706
2023-12-21,1.1602808743622537,0.8926350522519768,1.410885919418356,0.8686750261175991
2023-12-22,1.160153893426003,0.8921685289494504,1.4139794131310344,0.8646606203543659
2023-12-27,1.157680491548591,0.8977516006062134,1.4179577126528433,0.8705991986834832
2023-12-28,1.1566428800688648,0.8948076087580497,1.4161136117838795,0.868089180956299
2023-12-29,1.1564389211490702,0.891958443803844,1.4172905723325684,0.864795783799858
2024-01-02,1.1506377054896941,0.8857386346989143,1.4139417223169655,0.855467344069032
2024-01-03,1.1556128551862985,0.8710173631543743,1.4057809930457157,0.841511344541129
2024-01-04,1.1667505860685192,0.8750468947484497,1.4158707979519936,0.8323694512448541
2024-01-05,1.1646761691985834,0.8699356668995044,1.4100579188320284,0.8278660133715678
2024-01-08,1.1634708394655162,0.8763475720690143,1.4220417871022222,0.8347867455147561
2024-01-09,1.1734587421602745,0.8721261894456859,1.4187720603645948,0.8271745598645094
2024-01-10,1.1697744594195878,0.869829368944305,1.4156263354244285,0.8247605521420369
2024-01-11,1.154489678467715,0.8599305610413146,1.3980439935281879,0.8164630737426358
2024-01-12,1.1658052201825557,0.8640695074415059,1.4095546773402856,0.8233118169125252
2024-01-15,1.1688289458242487,0.8604693739212547,1.4050478324814204,0.8193298699437276
2024-01-16,1.16735970940111,0.8542872845556408,1.3984723544786715,0.8142858638389086
2024-01-17,1.1438070062282877,0.8421263065650264,1.384922813637883,0.7922153948215397
2024-01-18,1.1364840190141303,0.8462687169723981,1.3879438056118105,0.7975949693025022
2024-01-19,1.1338029612339122,0.8461594091921676,1.3861942464877524,0.7955661034048339
2024-01-22,1.139046685160922,0.8561186555108056,1.3987070412392486,0.8019537842218106
2024-01-23,1.1365389194987026,0.8532283949945874,1.391252415731159,0.8016088789507865
2024-01-24,1.1393862170013567,0.8615664033503669,1.4024678797149552,0.8104938881879349
2024-01-25,1.1312929639947702,0.8674478836366266,1.4020752448659488,0.8082598063075946
2024-01-26,1.1445862870415457,0.8821926399135779,1.4095000461954217,0.8245207356333991
2024-01-29,1.1384070411973977,0.8767688398543843,1.4070356139836266,0.8176391250368993
2024-01-30,1.142777789887439,0.8791397679895766,1.414572074405766,0.8150250561259503
2024-01-31,1.1508232208371594,0.8750257713513202,1.405889944848501,0.8172234830944439
2024-02-01,1.146555347083103,0.8683872903334533,1.3979037256068922,0.8129369021639309
2024-02-02,1.143205989989189,0.8671741141068366,1.3996090073318828,0.8095315998133654
2024-02-05,1.1495986150186566,0.8600992707529692,1.3947126425845813,0.8028206284978515
2024-02-06,1.1453182701064626,0.8662092905040727,1.4068987936669808,0.8085802105217673
2024-02-07,1.144509516748693,0.8607387654913407,1.3968769427535637,0.799014550101559
2024-02-08,1.119135198675789,0.8642537807975621,1.3948097778942057,0.7930812857002368
2024-02-09,1.1125166188822118,0.8598885620431145,1.3980916130294063,0.7849619588701384
2024-02-12,1.1160995584568436,0.8677998215647618,1.403816117686756,0.7903941100126086
2024-02-13,1.1107849551970552,0.850571062793693,1.3858344040569524,0.7747649325655682
2024-02-14,1.116831887250612,0.8591460923922606,1.3986777369427796,0.779852105526637
2024-02-15,1.1278250611471279,0.8686908547577521,1.407003584523855,0.79022076757113
2024-02-16,1.1330370104887748,0.8790686314991005,1.425024217232013,0.7991733192141105
2024-02-19,1.1341894314999952,0.8754433124576407,1.4302864908684916,0.7972539306811168
2024-02-20,1.1473459371089716,0.8738278565678,1.4341949930969073,0.7945687473891421
2024-02-21,1.1453842036522768,0.8715315330578516,1.4334852977419512,0.791538009278294
2024-02-22,1.134664008945378,0.879574625115588,1.4495875266959297,0.7893519626411689
2024-02-23,1.1332457441460004,0.8799711791209284,1.4534132926924157,0.7887006194127767
2024-02-26,1.122390937064024,0.8767336323948706,1.4558815320000182,0.781733114354865
2024-02-27,1.1280973367986786,0.8764160599370999,1.4505738897428258,0.7786193156881499
2024-02-28,1.1284305135936148,0.8636851928524044,1.4510270696586918,0.7657046235866193
2024-02-29,1.1219196057497192,0.8743560693159941,1.4531270034691839,0.7694378879037447
2024-03-01,1.1185816197033518,0.880033773668527,1.4699082394881418,0.7788419894833841
2024-03-04,1.112625028721611,0.873492813515371,1.4660122372829265,0.7697466155031317
2024-03-05,1.1261116030643474,0.8760200371234491,1.4700413838603648,0.7687050528825604
2024-03-06,1.1302145271233,0.8799136816370446,1.4816238095690468,0.7713512150138673
2024-03-07,1.1413628763813137,0.8908744297372035,1.4842346492803467,0.7753181095484294
2024-03-08,1.1373399845133239,0.8897203866240406,1.4817859397024402,0.7745140193475322
2024-03-11,1.1367531703012739,0.8943650734288253,1.4776941337546194,0.7731102441084095
2024-03-12,1.1259060714708566,0.9040665536153817,1.4966409327506658,0.7738192666471965
2024-03-13,1.1326943579610758,0.8993653919308595,1.4949812545806458,0.7735898601739494
2024-03-14,1.1274276249073372,0.8955241026104659,1.492919312317538,0.7657597773547056
2024-03-15,1.1240346659429044,0.8912115380655565,1.4913304982001785,0.7678230822296847
2024-03-18,1.117444412403809,0.8890491814427341,1.4907240975547453,0.7651433554225794
2024-03-19,1.1156857227814607,0.8858458338564386,1.4907381045160595,0.7622533945160641
2024-03-20,1.1252651982435515,0.886700426080548,1.4940174708407954,0.7665974358592286
2024-03-21,1.1325330849320039,0.902557039106368,1.527614938202529,0.7849471487512109
2024-03-22,1.1387441062436088,0.9038879908339073,1.5339456909966331,0.78610467938373
2024-03-25,1.1386099110678585,0.9020378363109244,1.5308331799965313,0.7805652800787081
2024-03-26,1.1322793104475828,0.9111949023520871,1.5410429692079324,0.7837445158118793
2024-03-27,1.1403825399241436,0.9126931927369553,1.5449101729449068,0.7842606537441156
2024-03-28,1.13446723484693,0.9166040049761603,1.5451917394786083,0.7917612264112502
2024-04-02,1.1313416241065015,0.9047023706479007,1.5353801879822557,0.7835139132074179
2024-04-03,1.124378103066012,0.9014485455236966,1.5396176236815804,0.7835221774843362
2024-04-04,1.1234572142138328,0.9047862664988561,1.5426722459061042,0.7884962411595503
2024-04-05,1.1017109235843796,0.8906960553021559,1.5331208191095569,0.7748489311099196
2024-04-08,1.100765812120741,0.8964065507056541,1.53896619903123,0.7826200157760916
2024-04-09,1.0973315041335623,0.8942480071098622,1.5248639925210195,0.7842558026448451
2024-04-10,1.0916404843500103,0.8943376831516104,1.5307096124579658,0.7779760542563952
2024-04-11,1.0886893754757736,0.8931080059390178,1.5229237931996233,0.7771146621352223
2024-04-12,1.1074653576891362,0.8949118938561574,1.5269077313024246,0.7782868166202028
2024-04-15,1.1007030099625104,0.8944294820858782,1.5270953676450159,0.7786230195536874
2024-04-16,1.0831062824252993,0.8763530971436695,1.4981033269293593,0.7642129854321174
2024-04-17,1.0816173494004369,0.8797324656933668,1.501732094991345,0.767096257499906
2024-04-18,1.0941041121131834,0.8800429008958439,1.5087921011244543,0.772215929354876
2024-04-19,1.103174230928743,0.8796144020041533,1.5050544687917382,0.7751632139667713
2024-04-22,1.1166244048122047,0.8899650222630399,1.5268430441694771,0.7853369486665867
2024-04-23,1.1206984879812505,0.9003500565677227,1.542720201180279,0.7881825359503577
2024-04-24,1.1131041546558011,0.8953685475567295,1.5414941046214414,0.7793949196495824
2024-04-25,1.105107842847895,0.8989899969033015,1.5359278560935703,0.7678264839081067
2024-04-26,1.1109129400282198,0.9072670797634154,1.5510496688646227,0.7772530444039664
2024-04-29,1.1193184115330381,0.9120828882270735,1.5504292972225993,0.7811941431110145
2024-04-30,1.1230686253086166,0.9092418158130384,1.5462248606902795,0.7732475769988654
2024-05-01,1.129094004985105,0.9056135785980632,1.5413652364740102,0.7710225091705941
2024-05-02,1.1274046344072104,0.9100709775592173,1.5409273795409855,0.7766128916864489
2024-05-03,1.1398904302298503,0.9238107665470134,1.5460144312730433,0.7871497896332756
2024-05-07,1.161222387652523,0.9370433428274806,1.5645277974551093,0.8008750759188783
2024-05-08,1.1662102025745846,0.9395145499428958,1.5806098389134708,0.8016650537783296
2024-05-09,1.1773681131886493,0.9449963012198349,1.58389930297637,0.804415822506498
2024-05-10,1.1794675756176183,0.9485505312095937,1.5920505361194748,0.8086002529863479
2024-05-13,1.1799429609136791,0.9450474508230398,1.5897995301649488,0.8044608787784086
2024-05-14,1.1912975837145379,0.9476774219869563,1.5912201431828341,0.8125221712401576
2024-05-15,1.200445766951797,0.9520494042894815,1.5899468514128186,0.8243687250148608
2024-05-16,1.1938388333828067,0.9657088551565525,1.5875899177226291,0.8281785824589732
2024-05-17,1.1930582567284775,0.9619158057401482,1.5831989847264327,0.8213985913131322
2024-05-20,1.168758730156373,0.961171959182305,1.5914734269323811,0.821470699303876
2024-05-21,1.1590353873983967,0.9559550291640336,1.5873982560783355,0.8168107130021345
2024-05-22,1.1629070832493653,0.9530507627678931,1.5792805391099851,0.8082979026397598
2024-05-23,1.1106169464987607,0.9501457622802596,1.5799544152399305,0.8023554920247622
2024-05-24,1.0919669881805159,0.9500869025146615,1.58219408881496,0.8056366460585417
2024-05-28,1.0760474666175417,0.9448750292504673,1.5745388136703315,0.8070242552913527
2024-05-29,1.0633459229536588,0.9352834745224451,1.562281253133024,0.7945952121947175
2024-05-30,1.065532166736319,0.942530602891758,1.56969165073685,0.8079242331596602
2024-05-31,1.089907967010978,0.9394152047065363,1.573533266642929,0.8050533450229943
2024-06-03,1.0688906107189393,0.9441376706415726,1.5805973980341343,0.814530563702414
2024-06-04,1.0860842404098654,0.9439195304256338,1.5712801414904365,0.8084342275191574
2024-06-05,1.0864025127859862,0.947593444954047,1.5704883103265728,0.8057405363060735
2024-06-06,1.0770492384794244,0.9505264199414497,1.5810075233643506,0.810012793599324
2024-06-07,1.079029961347032,0.9352639269030069,1.5735843603340172,0.7965011370246575
2024-06-10,1.0771654713406724,0.9275894590379511,1.5696796131727662,0.7921928723689979
2024-06-11,1.0676036311215502,0.9204655595195865,1.5541350055200422,0.7807072864754854
2024-06-12,1.0771744319463086,0.9424069952531187,1.575113307840567,0.7883816272254748
2024-06-13,1.0869243346619597,0.9322274017906171,1.5659095243855907,0.7745536120106471
2024-06-14,1.0794683853137126,0.9226993969540318,1.5593508644534078,0.7694476266981639
2024-06-17,1.0632800803587326,0.9229201268273649,1.561201735413309,0.7678227119225226
2024-06-18,1.0786855738780932,0.931338885666512,1.5730556380092617,0.7734197803811
2024-06-19,1.0806024790561322,0.924016241050012,1.5787243726369027,0.767846456359305
2024-06-20,1.0856241311769745,0.935805809146395,1.5970233827665414,0.7785238669439718
2024-06-21,1.0847382226681705,0.929677590115835,1.5847631883067874,0.7735563909785202
2024-06-24,1.0863903618523159,0.9368565871823679,1.5949897328823721,0.7809522613701305
2024-06-25,1.0843395914977108,0.9256446803177047,1.580686480824882,0.7720442966476546
2024-06-26,1.0787761086223218,0.9251346430572908,1.5782883393075087,0.7674361451552323
2024-06-27,1.0594381441966711,0.9226541398940121,1.5776917069242107,0.7660602866422789
2024-06-28,1.0599540941637946,0.9180972055845261,1.5733719869018015,0.7639798438669755
2024-07-01,1.0618135787258383,0.9159948581028294,1.569115618085471,0.7661195386470012
2024-07-02,1.0494399129148468,0.9095230823344895,1.5582581262511783,0.7645772790759822
2024-07-03,1.0664917761207386,0.9202652683735802,1.5738685569136341,0.7779890000450397
2024-07-04,1.077330917236462,0.9240145920769979,1.5839731984821557,0.7825739011943612
2024-07-05,1.0878970180444245,0.9298598758738292,1.5826845866161192,0.7851403608038839
2024-07-08,1.0857782976065538,0.9289765462587041,1.5915452781169521,0.7805576751774123
2024-07-09,1.0910958038963476,0.9203821225805785,1.574696676764221,0.7737956427641423
2024-07-10,1.1033046205407102,0.9284610984410087,1.590072632745568,0.7857423644641596
2024-07-11,1.1226912885382991,0.9359073141332053,1.598267745907948,0.7955714159085254
2024-07-12,1.1112207117861852,0.94426628023191,1.6019785606116335,0.7973668005384611
2024-07-15,1.0915581946934398,0.92703614858469,1.5947118131938125,0.7910556378305348
2024-07-16,1.0741959044899645,0.9264020722082927,1.6022810090334139,0.7878362446624174
2024-07-17,1.087540787531142,0.9221483781331462,1.593425180358444,0.7874428082352734
2024-07-18,1.0981246479179216,0.9253515263867833,1.588964619259183,0.7914061616357722
2024-07-19,1.0863213717671418,0.9196300255612865,1.5838568641461277,0.7788390209109957
2024-07-22,1.086551425768308,0.9298106608027767,1.589692954481502,0.783380443222146
2024-07-23,1.084297350694645,0.9256559048104552,1.5942896179116761,0.7770529475091802
2024-07-24,1.0827914259862375,0.9256867767766674,1.5847640476316016,0.7737445864617745
2024-07-25,1.0825406332969794,0.9236706275268334,1.5722576348520028,0.7760538090750017
2024-07-26,1.0949732105138377,0.9389697577124811,1.5996394789463122,0.783335212221958
2024-07-29,1.1011333391956775,0.931971382321471,1.601194648389982,0.7850845461647037
2024-07-30,1.1016183294022746,0.9346859430292268,1.609966125663181,0.7857469028857115
2024-07-31,1.1066195441053235,0.944253066044905,1.6213712649287675,0.7926066848650692
2024-08-01,1.1075791973997704,0.9354838717045515,1.6000131228637555,0.7876944498509978
2024-08-02,1.12269812225563,0.9126538726553289,1.5561577909954873,0.7726956811174951
2024-08-05,1.0871109587740173,0.890729729510524,1.5225277712021654,0.7543390079156719
2024-08-06,1.0851666008599898,0.8909477654691915,1.530203202662871,0.7540022552124604
2024-08-07,1.0952105835774772,0.9031639997289291,1.5538049444805269,0.7646767590201319
2024-08-08,1.0878113247147982,0.8992820258224575,1.5517680309826647,0.7585355045877844
2024-08-09,1.0958513588933616,0.9039758844825344,1.5575061490387694,0.7617485897693037
2024-08-12,1.0946688438567822,0.9107112283771663,1.5697794403110132,0.7614189161613976
2024-08-13,1.1059688773718765,0.9152213927439172,1.5736485726904428,0.7639828465150963
2024-08-14,1.1122915086158482,0.925852526878437,1.5869848928239658,0.7706709112544264
2024-08-15,1.1097577331332784,0.937644231640921,1.6093992942057862,0.7751221669101401
2024-08-16,1.102782612103904,0.933144777552404,1.6067056030686342,0.7716939738037071
2024-08-19,1.1089615332483627,0.9379583815642287,1.6144858336893435,0.7798885163211087
2024-08-20,1.0969489396333822,0.9284347818038717,1.5994250247506498,0.7709182843632668
2024-08-21,1.0894692727659412,0.9332016718825432,1.6022190931891656,0.7761478100615142
2024-08-22,1.0938252850497225,0.9349491780688994,1.6063892232060157,0.7769445506441415
2024-08-23,1.1042904068287305,0.9431358443500595,1.6114108659635387,0.7859555070592384
2024-08-27,1.108740176574593,0.9367643410441139,1.6145318695736322,0.7800368189382663
2024-08-28,1.1167324548216275,0.9361246261816426,1.6153442636970392,0.7744753432359736
2024-08-29,1.1189304788886902,0.9388369611801197,1.6276268605738078,0.7695760510621994
2024-08-30,1.123341281116913,0.9387742125838727,1.626638565946893,0.7746185867001377
2024-09-02,1.1246474473146892,0.951891513752014,1.6185054763455882,0.7751127583760362
2024-09-03,1.1298944210836026,0.9422271180990713,1.6068765008132417,0.7671160656263466
2024-09-04,1.1325530002277737,0.9373180926431803,1.599531397392606,0.762239711619069
2024-09-05,1.1548881887650337,0.9311252769407432,1.595598096046245,0.7661504774487523
2024-09-06,1.1603134053909174,0.9216412132830815,1.5745567122137767,0.7602451085528713
2024-09-09,1.1725854945127236,0.9245880795129363,1.596177093839532,0.7664914385340343
2024-09-10,1.1712391258715928,0.9253077852162823,1.5889055310561373,0.7675046052402625
2024-09-11,1.1677231456210126,0.9163175271411351,1.5855247140347268,0.767599879967334
2024-09-12,1.1612033449039831,0.924012678100341,1.6023269954261303,0.7770097663805999
2024-09-13,1.1656208845272922,0.9340920519954274,1.6128877083681448,0.7850026488426167
2024-09-16,1.1660090946841861,0.9366563476280837,1.612757217600148,0.7855516169979367
2024-09-17,1.176014209389508,0.9501116610958064,1.6171286150036208,0.7901196160346644
2024-09-18,1.1652586309490132,0.9449249920539523,1.6061460178830549,0.7812534807535146
2024-09-19,1.1517429948409459,0.9533705503455409,1.6314888727566905,0.792224874495036
2024-09-20,1.145164305550743,0.9368808935984545,1.611720741035218,0.7771031185325761
2024-09-23,1.148434804416234,0.9406609537868178,1.6172895540912107,0.7828594264660925
2024-09-24,1.1495397032401427,0.9441782086865462,1.617310747655451,0.7865140709842563
2024-09-25,1.1486586088782347,0.9438307353608628,1.614099022897193,0.7856517115341056
2024-09-26,1.1461269319535232,0.9513736691926897,1.617632143229642,0.7997129378110576
2024-09-27,1.148790452433398,0.9558022228186862,1.6213489595293438,0.8079281160380577
2024-09-30,1.1355141829227433,0.9357385332750046,1.6011020520509018,0.7988088183425327
2024-10-01,1.1504456454848226,0.9310031136503447,1.5963291007996672,0.798086068676399
2024-10-02,1.1270192325256054,0.9282156365567171,1.5973495894134484,0.7924837611790106
2024-10-03,1.1212841991884626,0.9243069619303421,1.5966357763996106,0.7887497588302753
2024-10-04,1.1065734965033422,0.9284073004997833,1.6067204751785895,0.7895791767142829
2024-10-07,1.102181520614276,0.9252166797930149,1.6063593252910882,0.7849689190135206
2024-10-08,1.0974981222574003,0.9141292880840022,1.5954274880226107,0.7711183292287275
2024-10-09,1.1049797036966298,0.9231517065321447,1.6119875941075836,0.7785799008347144
2024-10-10,1.1053253552157354,0.9167273332545824,1.6112990786281989,0.7736798420002856
2024-10-11,1.106215088426634,0.9183063194672164,1.6207230402461246,0.7765895108978963
2024-10-14,1.1216216236094285,0.9213924809298377,1.6302637125310486,0.7744811288059203
2024-10-15,1.1321188810917457,0.9203596287465174,1.6283332658289025,0.7716050855316123
2024-10-16,1.163582509552475,0.9277937065969825,1.64243495348979,0.7860356236288307
2024-10-17,1.156061072505634,0.9407676511039561,1.6599291565236696,0.7850422943604752
2024-10-18,1.1538438240090694,0.9347749126809576,1.659584002497487,0.7842051334807468
2024-10-21,1.1460412139636842,0.9244221402305453,1.6445977358715416,0.7741701309775041
2024-10-22,1.1400168448046484,0.9233883603261026,1.6437696073294004,0.7712393047544658
2024-10-23,1.1413065201440185,0.9175587019904108,1.6315855987060544,0.7669467410401256
2024-10-24,1.1302847405931857,0.9208247320325786,1.6305321558567611,0.7609175525374202
2024-10-25,1.1244811315607832,0.9224233720167458,1.624680493484249,0.757471343817771
2024-10-28,1.1242784556181638,0.9280691987289955,1.631668847157053,0.7616934201030613
2024-10-29,1.1152415773986781,0.9174592223519115,1.615239880930861,0.7532963757741087
2024-10-30,1.1064821884161884,0.9152238963330621,1.6154550143180335,0.7541345602531522
2024-10-31,1.080975233941589,0.8974988686239692,1.5999128751120237,0.7333230032979213
2024-11-01,1.0943993489249089,0.9116763894241895,1.6176833126716317,0.7360209490551043
2024-11-04,1.0899366558975288,0.9107286175189772,1.614745150508062,0.736163242288017
2024-11-05,1.098449269819226,0.917910912677922,1.628550906689567,0.7299970956113966
2024-11-06,1.0838867036000244,0.9088379021752754,1.6527798023217035,0.7183225658907776
2024-11-07,1.0839595848068373,0.9112415853398088,1.6462879481888448,0.7253557208249878
2024-11-08,1.0842082581359884,0.9036958079894796,1.6368273861910643,0.7162833465270773
2024-11-11,1.0978639846002896,0.9072704433140176,1.6592868998637893,0.7185410592934721
2024-11-12,1.0778511489635862,0.9050951565130921,1.645166544980103,0.7033191724605539
2024-11-13,1.0681118890566468,0.8959824710939136,1.6475743769028752,0.6972201063608263
2024-11-14,1.0853939629481315,0.907187361248959,1.6516457754493759,0.7052103501541868
2024-11-15,1.0791697527143207,0.9071965390153512,1.647140403784996,0.7081291213370476
2024-11-18,1.0827136528251813,0.9136999911008716,1.655801640500915,0.7068320806892768
2024-11-19,1.0821446566910802,0.9153703503532311,1.6492654159712312,0.7087165607268437
2024-11-20,1.0821989347300978,0.9065987409464393,1.6485270712767717,0.7029153455228645
2024-11-21,1.0839120382967293,0.9111757072925489,1.6724901691381868,0.6987795819868444
2024-11-22,1.1052448328960442,0.924327580911864,1.691545667749122,0.7099869571104286
2024-11-25,1.1026855483014557,0.9231204586274927,1.6997253589294088,0.7223375724019913
2024-11-26,1.0955699552267537,0.919769080784815,1.6964666776476756,0.7140698581058886
2024-11-27,1.1009892787402904,0.9246488098969577,1.7003652067836705,0.7181003594803201
2024-11-28,1.101951537841497,0.9267031735363376,1.706829862835635,0.719248461619652
2024-11-29,1.0963692132232543,0.9280118865798777,1.705257046144142,0.7198601493156974
2024-12-02,1.0966961411905225,0.9359568066882743,1.7138977406297768,0.71886672568174
2024-12-03,1.096501687827556,0.9378286845629369,1.7272118184130503,0.7180870369351867
2024-12-04,1.0928984809029434,0.938750106779681,1.7309863177566003,0.7221584739615093
2024-12-05,1.1000256503764996,0.9411556223409806,1.7335347962794392,0.7185842424052328
2024-12-06,1.082562176524994,0.9412573711941425,1.7264593495533704,0.7188848650391632
2024-12-09,1.083734077765656,0.9462063920527761,1.7233099924133966,0.724116110542261
2024-12-10,1.0724545677973563,0.9391260376029086,1.7104602874473267,0.7203854165081478
2024-12-11,1.0594842190645335,0.9414981748658803,1.7208643431696762,0.7187662143564292
2024-12-12,1.066726373178131,0.9327587492485709,1.722646384765636,0.7176018929232523
2024-12-13,1.0672521595405138,0.9322583735942748,1.7241355983092055,0.7144139061886446
2024-12-16,1.0589982328884302,0.9259476378121488,1.7208550477338145,0.7052480133951406
2024-12-17,1.0545978017071376,0.9155962038050728,1.704161738473993,0.6991733932156822
2024-12-18,1.0490197397422818,0.9160895951999924,1.7128253645635274,0.6989239319000765
2024-12-19,1.0461607179696168,0.9012469518023994,1.6894820404249675,0.686981117786721
2024-12-20,1.0415215256471142,0.8997691946034705,1.6859130816014356,0.6873230270727313
2024-12-23,1.0446347027868297,0.8992743935984513,1.6873888314800343,0.6868867322643702
2024-12-24,1.0503898393539532,0.9021811964569257,1.6977295938426786,0.6901036821943363
2024-12-27,1.0484105907757582,0.8998076707967477,1.696543178998426,0.6899623944806433
2024-12-30,1.047356901512759,0.8947026711260196,1.6929230103966806,0.6873986263340741
2024-12-31,1.0508412307317256,0.9022416071059641,1.6991734297682453,0.6963213271744183
2025-01-02,1.0610126008444063,0.9073048684471539,1.719374932124243,0.6965789876809315
2025-01-03,1.0470974501311987,0.9029780431667862,1.7124129910105361,0.689193801207287
2025-01-06,1.0447014785021282,0.9076011946894702,1.7166856796772054,0.6947209498968433
2025-01-07,1.0418840468692252,0.9011054894436068,1.7170156026175438,0.6908034715334043
2025-01-08,1.0202564047447311,0.8923703084950261,1.7142082817210555,0.6772756169858671
2025-01-09,1.01952303812396,0.8945918622434017,1.718308255880402,0.6829305705162577
2025-01-10,1.005841324079895,0.8845321369948655,1.7009406326566028,0.6691977406699023
2025-01-13,1.0028376385413282,0.882954510510285,1.6922530909306241,0.6691293513880526
2025-01-14,0.9919023695074977,0.8773206336353641,1.6937664990116286,0.6693752334689452
2025-01-15,1.028359328446606,0.892042671613601,1.7223404450204005,0.6894608055130054
2025-01-16,1.034519019517632,0.9016764708770231,1.7430857584141413,0.6925125286659859
2025-01-17,1.0422098720298945,0.9161587321333206,1.7619301857172895,0.704723518181695
2025-01-20,1.0380897206647326,0.91867618047112,1.767280195224269,0.7077020712691745
2025-01-21,1.0457284418371942,0.9187470116761928,1.776330692380697,0.7090092478420783
2025-01-22,1.030896013577222,0.9227438818997814,1.7840312884490204,0.7066041215514605
2025-01-23,1.0346292652372735,0.9245916590936732,1.7885898890878806,0.7062382738402513
2025-01-24,1.0210726388398166,0.9260928878680496,1.7726228076857835,0.7074450648700883
2025-01-27,1.0303356179827023,0.9214787191851952,1.7619254524210481,0.7074660304917804
2025-01-28,1.0400984138437173,0.9341176143505039,1.7715031224319726,0.7131415954758861
2025-01-29,1.044767449884721,0.9365853307676311,1.7866769508427551,0.7112561788050725
2025-01-30,1.053407154560466,0.946103239358088,1.8067361225332372,0.722654125127612
2025-01-31,1.055329180532471,0.9492473463048694,1.8178941981232983,0.7265931545370863
2025-02-03,1.0484606416025695,0.9389179577132765,1.800038269895793,0.7162893542153951
2025-02-04,1.0419797044509347,0.9379001741575013,1.8018648633392653,0.7160086398487624
2025-02-05,1.059442481494172,0.9431795005941765,1.812248020682377,0.7202699002350008
2025-02-06,1.0453734040435292,0.954518851987367,1.8320677486261616,0.7279940681173038
2025-02-07,1.0417150819169898,0.9480791674698829,1.8269201161276967,0.7195751370215515
2025-02-10,1.0453276809719578,0.9578117900312478,1.8395305531950916,0.7261549489875857
2025-02-11,1.0338589914416367,0.9575224730072737,1.8487215377473216,0.7174433576005681
2025-02-12,1.024372461629217,0.9615523994512115,1.8536460730887947,0.7222351459255613
2025-02-13,1.02533845416479,0.9631731435181278,1.8546960648471018,0.7298547547679761
2025-02-14,1.0250893760952513,0.9661087797404846,1.851421923397949,0.7310983701447609
2025-02-17,1.0205519710722843,0.96655086036809,1.8666246139749236,0.730619627429887
2025-02-18,1.0125739729984342,0.9606281602078761,1.8639693737612228,0.7294152675349295
2025-02-19,1.012046545019124,0.9486195553102392,1.851495661961764,0.7148798764252544
2025-02-20,1.0099722285826342,0.9472173369361836,1.8407837222338643,0.7141000929321776
2025-02-21,1.0122194969613216,0.9463346077482849,1.84296874157953,0.7149227576130458
2025-02-24,1.0289479539904132,0.9438574858219458,1.8384929068007645,0.7128549206044965
2025-02-25,1.0304168318263824,0.9371122915222152,1.8411525720729156,0.7121015611311168
2025-02-26,1.032430283317677,0.9495790284069037,1.865538884336811,0.7182388915147386
2025-02-27,1.0208079136043349,0.9361023198234992,1.8826634150703452,0.7105743785518334
2025-02-28,1.0333674841616183,0.9371428653213544,1.8945472919213173,0.7116340161635878
2025-03-03,1.021052343145592,0.9430764422488145,1.9161613242311053,0.7156293629537035
2025-03-04,1.0272062606564585,0.9270205211652919,1.8816317010840498,0.7052830278101587
2025-03-05,1.000158524129006,0.9263268634779274,1.8987890525115356,0.7084009206455382
2025-03-06,0.9968892514011044,0.9297067600466072,1.882380249264057,0.7115950797443135
2025-03-07,1.0059669862015141,0.929442272808647,1.8668589514185856,0.7119592445492464
2025-03-10,1.0284017221640296,0.9214011558570244,1.8325900906638823,0.7084039443226184
2025-03-11,1.02803537714103,0.9108965066544459,1.8146741908644748,0.7014138288809658
2025-03-12,1.0179086745617758,0.9072872376716716,1.834969888076995,0.6988426920432192
2025-03-13,1.0157409872576237,0.9034402539452079,1.8248459602998421,0.6934192355687683
2025-03-14,1.0261690850984133,0.9099767274013559,1.850362416362674,0.7013500755547332
2025-03-17,1.0313911036903047,0.9165511504451677,1.8515836984258829,0.7067543887428195
2025-03-18,1.0300442291218155,0.9159651937643464,1.8684805287410382,0.7091233229580116
2025-03-19,1.0265691349074613,0.9171048833621074,1.871232285701574,0.7053039743199936
2025-03-20,1.043704762540304,0.9222237473992102,1.8596510087168812,0.7057547669614901
2025-03-21,1.033891645508364,0.9140031296192792,1.8472933697955638,0.6969505813793844
2025-03-24,1.0212503632277337,0.9178625972037585,1.8553011259534207,0.6957505741887308
2025-03-25,1.021817802478222,0.9102996287289333,1.8683209377740277,0.6973760080318377
2025-03-26,1.0287480006719736,0.9081818843469878,1.8719836947957949,0.6975893797778677
2025-03-27,1.0230116878478697,0.907112678794209,1.8688792554869875,0.6870578150561827
2025-03-28,1.0445818920833145,0.9069772997316758,1.8558274840476896,0.6892858316436746
2025-03-31,1.0412731837578335,0.8974597361714136,1.8341350770175437,0.6764505058305399
2025-04-01,1.0448665707124842,0.9042368698720615,1.8522247478251186,0.6797640851935579
2025-04-02,1.041762044815978,0.9032866454393901,1.849691402276819,0.675331792380029
2025-04-03,1.0799653609316826,0.8937196383013322,1.8160506500831857,0.6622396952065625
2025-04-04,1.0546647292692855,0.8548512576902189,1.715951792073515,0.6276650420494918
2025-04-07,1.0004360024746628,0.8247461299194688,1.6474136564183988,0.6036120450723458
2025-04-08,1.0195281485226555,0.8445389935352224,1.7058678316160611,0.6182243177128872
2025-04-09,0.9942584919273266,0.8241974491880283,1.6692737074285153,0.6018086958843047
2025-04-10,1.0181893962490014,0.8545400272607101,1.7329590354585112,0.6243210515838774
2025-04-11,1.0339528454917886,0.8647656708030457,1.7391749620409518,0.628934825169632
2025-04-14,1.048535448942287,0.8825172569060197,1.781779142167458,0.644740497044156
2025-04-15,1.0703290030968893,0.8976565777314992,1.8193987243693068,0.654286133036366
2025-04-16,1.0808399442451517,0.8956882138103264,1.8118241672795738,0.6585781032644111
2025-04-17,1.0830319186765485,0.8987936810449838,1.808361268322849,0.662537276915779
2025-04-22,1.0904600574952983,0.8980039348224482,1.8178849844306173,0.6662179339738785
2025-04-23,1.0760315769009654,0.900237817201155,1.8403618964249626,0.6739837636840039
2025-04-24,1.0830076729254294,0.9017020980944962,1.8428930800425358,0.6734813036837616
2025-04-25,1.0816456121277676,0.9045974430571271,1.853787522197216,0.6756671506934706
2025-04-28,1.0870034558753525,0.910241312869538,1.8514597776810928,0.6780565867387865
2025-04-29,1.0978807386167415,0.9151086869400994,1.862321523641,0.6799507319224982
2025-04-30,1.1166756999766527,0.9189579726320579,1.8747352468511391,0.6778703941166809
2025-05-01,1.1220595655648753,0.9255781474331024,1.8835025373981706,0.6886465609411807
2025-05-02,1.109626951636051,0.932715197906199,1.9046292578922135,0.692970772729666
2025-05-06,1.120687777033402,0.9341612516750087,1.9108276092967975,0.6948416463438494
2025-05-07,1.1113950408870228,0.9302788786393671,1.9048567809549366,0.6940532193997483
2025-05-08,1.0970133907353437,0.9332886311763993,1.9079036394313138,0.6942934676089533
2025-05-09,1.100286112683089,0.9359274265988718,1.9125260121218428,0.6973186384556403
2025-05-12,1.0898402011501394,0.9404978225133543,1.9202856024589547,0.7066671090540587
2025-05-13,1.0727491228524515,0.9421214296665454,1.9319440733040438,0.7084696028468344
2025-05-14,1.0784233719571843,0.947826090558529,1.9330157132978343,0.7090202306004438
2025-05-15,1.0945961869584493,0.9517065798044708,1.9360380732008944,0.713803791863461
2025-05-16,1.1100018350413594,0.9557119288169296,1.944991304479259,0.7158308395745374
2025-05-19,1.116706578182943,0.9591442747661225,1.9545991904170992,0.7137942922834121
2025-05-20,1.1332181051025982,0.9681616070352824,1.9757295176724239,0.7215244287043654
2025-05-21,1.13685936752098,0.9654247038279437,1.9822903798781168,0.7144391907549875
2025-05-22,1.1272553822008022,0.9533242494721486,1.9871446475315648,0.7055547623955426
2025-05-23,1.1292690220770323,0.9535368256009653,1.9801029619970383,0.700707313607235
2025-05-27,1.1352408500465068,0.9614698863714596,1.9973625307966796,0.709366961844132
2025-05-28,1.1283103118219386,0.9604412795311561,1.985322426216175,0.7075929876936464
2025-05-29,1.1175056948490893,0.9556158474347233,1.981532354780468,0.7151754640907515
2025-05-30,1.138646963065104,0.9596019927686703,1.9899064400732447,0.7164525197265149
2025-06-02,1.1415820834979746,0.961498547504358,2.000003365675439,0.7165721649618955
2025-06-03,1.1275399778626594,0.958169175363663,2.0118868930271128,0.7127549704858204
2025-06-04,1.1266423050887864,0.9644885376664908,2.019088793140364,0.7150846576359225
2025-06-05,1.1250992166599,0.9690550712071875,2.0215692261901093,0.7158961667956524
2025-06-06,1.1265721699474203,0.965380667091392,2.0257624276327997,0.7158671895975648
2025-06-09,1.1269216796577004,0.9659115051540924,2.026072977741503,0.7201317085264652
2025-06-10,1.1384280343203115,0.9705126855638265,2.0179567230242816,0.7290424635653907
2025-06-11,1.1450033526300598,0.9746122126561726,2.0231751623950105,0.7267949029477625
2025-06-12,1.1506965125740838,0.976187999175208,2.021181156265992,0.7236037497447643
2025-06-13,1.1409050005188537,0.9677871668631144,2.012662240772285,0.7165229837409335
2025-06-16,1.1373841305237107,0.9747243608755388,2.025681580312175,0.7218231828529992
2025-06-17,1.131869993051553,0.971238550994984,2.015567601326074,0.7181686952125061
2025-06-18,1.1311454142057593,0.9710203035076915,2.023641881696919,0.720556129889723
2025-06-19,1.1245187460401225,0.9646155701778819,2.0062941609390674,0.7137512590452251
2025-06-20,1.1147792745122596,0.9608672491144774,2.008133858624092,0.716711027365572
2025-06-23,1.1278080475067553,0.9553892898043217,2.002032402791611,0.7129471754701818
2025-06-24,1.1351964731410278,0.9611385392279904,2.0134074066721643,0.7199656711215746
2025-06-25,1.1257175078879085,0.95773888527342,2.020568515407478,0.7155754969352555
2025-06-26,1.1310050979447175,0.9688730635421051,2.0332051058736123,0.7268081780346005
2025-06-27,1.1312031021496944,0.977815185868466,2.0481304127902367,0.7322898215642849
2025-06-30,1.1279474644922574,0.9732932642080312,2.047664504622921,0.7255062809361822
2025-07-01,1.145566941488198,0.9781651606361725,2.0346300817402074,0.732613349613196
2025-07-02,1.1191956738669746,0.9717480422224746,2.0157998244523063,0.7240958304780154
2025-07-03,1.1281149875777055,0.9834225847739454,2.04130928335835,0.7279358901084403
2025-07-04,1.1296824666865564,0.9769639933799186,2.0373608815673183,0.7230433958769159
2025-07-07,1.1215269544816062,0.975361180931885,2.0443940046785176,0.7202697738574211
2025-07-08,1.1211982410096428,0.9740934201081238,2.048236218161043,0.7231412711924242
2025-07-09,1.128540576748957,0.9735771507969904,2.0533561723034146,0.7242430696870013
2025-07-10,1.1293456006497253,0.982592574969612,2.063586582680748,0.7321471006760514
2025-07-11,1.1178846956336304,0.9796020130006303,2.063911671255048,0.7264243517071282
2025-07-14,1.1325795105795866,0.9836376320527588,2.0795917570090716,0.7275924017878821
2025-07-15,1.1265619580061081,0.9791851994732762,2.0662743266840145,0.7196480461953189
2025-07-16,1.1301693118922476,0.9819995826185637,2.066869631652393,0.7157288578104942
2025-07-17,1.1323071666338245,0.990127100651607,2.087666792152037,0.7195324485182929
2025-07-18,1.1399675983520903,1.0016774856735615,2.0916616306936575,0.7234136092094703
2025-07-21,1.15368828468175,1.0063397667104683,2.097810218130602,0.7312123866138623
2025-07-22,1.1716319069292707,1.0050959258619119,2.087846071220822,0.7327659013664981
2025-07-23,1.1553352912129158,1.0062429712500476,2.0905962211476594,0.7358215904210325
2025-07-24,1.1462447987759903,1.0328332294814708,2.1029875819519277,0.7398169631290826
2025-07-25,1.1452643384584729,1.0330152402968726,2.1003079804484375,0.7366010259039236
2025-07-28,1.1367366884022252,1.0236026402832084,2.0882074711887766,0.7333883020474533
2025-07-29,1.1299582871316203,1.0185453383564957,2.1071788477460167,0.725339054027265
2025-07-30,1.1432004192716865,1.0205099859657933,2.1049157462869164,0.7241422958868239
2025-07-31,1.1370596766282823,1.025755344613616,2.125665960741856,0.7248641452811625
2025-08-01,1.1377292742909944,1.0115323660086413,2.106989834256782,0.7166767505177691
2025-08-04,1.1431945650574866,1.0159717549681038,2.1276132700942183,0.7222472020455879
2025-08-05,1.1446569113417149,1.0154757798274432,2.123420578667602,0.7334086289117976
2025-08-06,1.1448293588791147,1.0214175325518016,2.129315859145615,0.7344080044639116
2025-08-07,1.1328290171982942,1.019295333800856,2.118136371150864,0.7291937960784254
2025-08-08,1.1263104122215541,1.018299004987305,2.1154001068328974,0.7308296583994658
2025-08-11,1.1240130918015774,1.0183749517992973,2.1245762125618515,0.7306680212441091
2025-08-12,1.1119174293028364,1.0196260608748242,2.1328814683566995,0.733346612767819
2025-08-13,1.1201386354332614,1.0197837330979638,2.1243885878088182,0.7333089651955345
2025-08-14,1.128629268860583,1.0221306157536212,2.133960880193934,0.7308706444247638
2025-08-15,1.128899043427414,1.017396389341045,2.11597864241541,0.7306498239428645
2025-08-18,1.1261699468551505,1.0181398094881509,2.1248319032095586,0.72505839144253
2025-08-19,1.1255480011497487,1.0262226005435857,2.119575347936572,0.7331554271194659
2025-08-20,1.1456561509269267,1.0340857378408532,2.128207521092186,0.7384952090480315
2025-08-21,1.1521333707264245,1.0339034612639355,2.131556698431793,0.7332860686674735
2025-08-22,1.1498445874452952,1.0392534711627401,2.1419431871199293,0.7408837295481328
2025-08-26,1.1417822693494517,1.0267662167916356,2.1372392272378713,0.7325194954427083
2025-08-27,1.1482470508802662,1.0237922437538483,2.131596600281225,0.7324988139820351
2025-08-28,1.1375981115451246,1.0216923240451115,2.122110810916481,0.7308206597679331
2025-08-29,1.1294604878477095,1.0187979128681826,2.113444780400524,0.7246520802314783
2025-09-01,1.1092165064429285,1.0140875909507765,2.1233812445405995,0.7219413378297251
2025-09-02,1.0831094865906399,0.9985731555617018,2.0922241898352114,0.7031546086165193
2025-09-03,1.0922044956036323,1.0030477271837257,2.1058600837420407,0.707878590159395
2025-09-04,1.0983567859752734,1.0061559361781303,2.121780004693843,0.709320285239692
2025-09-05,1.1130630773748538,1.0083065773275104,2.125589195677873,0.714371014889246
2025-09-08,1.112793705585278,1.014425447478053,2.1412309834900025,0.7139968984525097
2025-09-09,1.1138756424479546,1.0110499727582487,2.147520595381014,0.7170835302183883
2025-09-10,1.1139011637462384,1.0009446872714343,2.144963317688668,0.7137138045589624
2025-09-11,1.1198234748630402,1.0055334248992256,2.1661622555064963,0.7165401254531227
2025-09-12,1.1273025324340102,1.0044667097199946,2.171201566362959,0.7138427017096244
2025-09-15,1.1281290050349326,1.0005438848789658,2.184716889786889,0.7200028806773057
2025-09-16,1.116816435495908,0.9956535491684553,2.1627561200382592,0.7154822495506408
2025-09-17,1.1221731284502539,1.0025310765458497,2.1692928717520306,0.7189306477715105
2025-09-18,1.1181812537965719,1.0066414573160634,2.1820177044350455,0.7222295493228426
2025-09-19,1.1211533066348616,1.001933684900748,2.176986359230411,0.7209941668027742
2025-09-22,1.124605531601924,0.9975977978574874,2.18273005278375,0.7219130877347024
2025-09-23,1.1231243819637313,1.0061675654696514,2.1869544284094644,0.7250260055973292
2025-09-24,1.1277211022055251,1.006376650581898,2.195102594720694,0.7276251141040159
2025-09-25,1.121036442213714,1.0004609088160468,2.184314152302447,0.7248673490099392
2025-09-26,1.130566395382657,1.0051043070444359,2.205923939292755,0.7277227399373836
2025-09-29,1.1358828594660924,1.0137020366032916,2.210492059639703,0.7352381677017771
2025-09-30,1.1540774141166799,1.0213283231133536,2.2324473972566,0.7377201789584903
2025-10-01,1.1699111970232623,1.0213859914453023,2.230587672040534,0.7439591092488325
2025-10-02,1.163305342693979,1.0238825750833493,2.2293840782128247,0.7436543054294258
2025-10-03,1.167539779481219,1.025502305254362,2.243335589358137,0.7513478606325439
2025-10-06,1.169487258537188,1.0219177701915279,2.238874529561718,0.748522028809234
2025-10-07,1.1730088699202843,1.0239722760057894,2.2360342162151845,0.7431769181130068
2025-10-08,1.1727429225816979,1.0246674858235891,2.257685737213816,0.7419870177156866
2025-10-09,1.1841219034671464,1.0239319524603354,2.2494144853914513,0.742146755821302
2025-10-10,1.1870540275097112,1.0155735539867397,2.2286463473911313,0.7338467295801517
2025-10-13,1.186215816562674,1.0165469036962156,2.2375869860696764,0.7463929818486889
2025-10-14,1.1907161784822735,1.014418327346557,2.2332748904728312,0.7458448671980318
2025-10-15,1.1972177330962412,1.0166990500061353,2.2209599093368246,0.7469385834811072
2025-10-16,1.1855163022442536,1.0143781367571238,2.2277241966671157,0.750321659388922
2025-10-17,1.18864576156942,1.008346024709003,2.1897421873443625,0.7420675999204508
2025-10-20,1.1899741266546957,1.0092645324200495,2.2077645349230086,0.7453252246271297
2025-10-21,1.2046629965498052,1.0115312932046534,2.212255973135834,0.7494968136903647
2025-10-22,1.2235944363157316,1.027232490082672,2.2263728369671374,0.765110570455371
2025-10-23,1.2186493827007048,1.0386635095670977,2.2437899592236192,0.7644089801559233
2025-10-24,1.2193777883913575,1.0464244234163436,2.264956780339324,0.7686194165758816
2025-10-27,1.215808169605929,1.0460618649344338,2.272888545383855,0.7681805360898287
2025-10-28,1.214360704329755,1.0425205735914433,2.2910032390002915,0.7674951901821525
2025-10-29,1.223869836248033,1.0387788569968932,2.29793270889576,0.7695989999577663
2025-10-30,1.225829389396383,1.0361537875261189,2.3070214245338168,0.7626358407108651
2025-10-31,1.2174452511764953,1.0319794927608361,2.299092027009443,0.75891044373025
2025-11-03,1.205876956839083,1.0282922387711908,2.3010186665866397,0.7543732051280572
2025-11-04,1.2101884693231686,1.0206047970666245,2.2913224411598794,0.7535931513917359
2025-11-05,1.2220424809282255,1.0286517533100115,2.302441624794155,0.7574607263630369
2025-11-06,1.223618938925564,1.0165481632844535,2.2855663492362885,0.750536030299947
2025-11-07,1.218349422232348,1.0011837944350042,2.2656763786598635,0.7505421551839327
2025-11-10,1.2248742507327262,1.0071837223419255,2.2984521783727665,0.7594023671243135
2025-11-11,1.2340280353092454,1.0177088119611168,2.3051242983109765,0.7689221500333716
2025-11-12,1.2695798926235156,1.0167047310791475,2.3073222555218287,0.7686143463221909
2025-11-13,1.261483336233692,1.0060701753238137,2.279410331074692,0.7666294476574241
2025-11-14,1.2454569645593263,0.9955251781692754,2.249669078938445,0.7518028036385516
2025-11-17,1.2503256634454865,0.9889530181342308,2.2348821131976733,0.7453279692491985
2025-11-18,1.2404324246577805,0.9824691811900494,2.207084748759794,0.7366006303623082
2025-11-19,1.2267939916702544,0.9848362963110178,2.194976625499945,0.7331964393915666
2025-11-20,1.2243748642349868,0.9823472319821979,2.2157270962123965,0.7294905712892222
2025-11-21,1.2367758757229597,0.9853626232748477,2.205607138116216,0.7284525905971595
2025-11-24,1.2340986655521038,0.9855808363320371,2.210974340701515,0.7322141432635282
2025-11-25,1.2421855541469673,0.9986920511372672,2.2267825268034085,0.741227238071753
2025-11-26,1.2568329385130272,1.0051159323469114,2.2554676166370764,0.7538216809238282
2025-11-27,1.2571529379107462,1.006296170484577,2.261841319396218,0.7588471685349126
2025-11-28,1.237511255482935,1.0078590738899655,2.2674238326624305,0.759679820332318
2025-12-01,1.236897872467721,1.0079516208691677,2.2566645012015094,0.7562859755914957
2025-12-02,1.2382438148017778,1.0018150878319882,2.2624907388535616,0.7577207422534472
2025-12-03,1.2357544210560636,1.0008203374708142,2.2599320017314883,0.7628302553518297
2025-12-04,1.2319111221424797,1.0065845270782512,2.2779471040207864,0.7625208907494138
2025-12-05,1.219410216639165,1.0094859116499966,2.2682252978010564,0.7608575090746478
2025-12-08,1.214763664652277,1.0014758415828329,2.272917763096529,0.7532322537784345
2025-12-09,1.2072148527102262,0.9988281730939085,2.274937279757714,0.7524633896698099
2025-12-10,1.1943584745888984,1.0025279836632777,2.273856121656268,0.7477040035107554
2025-12-11,1.1984066061549445,1.0064989459146128,2.2810449413797054,0.7512099444070082
2025-12-12,1.1991038791457085,1.0028686448916255,2.2729077591840774,0.7445398540980391
2025-12-15,1.2072490364556872,1.0132055187265983,2.303449393708261,0.7490536222516252
2025-12-16,1.2043039905575472,1.0127852399092825,2.292267361011714,0.7521682031196316
2025-12-17,1.2254941155727745,1.0150724355752503,2.3022970229871302,0.7604162223796826
2025-12-18,1.226910350494036,1.0232292406191035,2.3265143772666215,0.7674668456133623
2025-12-19,1.2276303813341907,1.0219712701693138,2.3433321602891146,0.7683658130359646
2025-12-22,1.2185508931139077,1.0149189947087944,2.339870498241831,0.7684985096142536
2025-12-23,1.222068024270181,1.0177407744464428,2.341511259490691,0.7701099982868005
2025-12-24,1.2201773149197102,1.0170621728826046,2.335376229619236,0.7717918730512647
2025-12-29,1.2282026579792928,1.0156654241372347,2.330004470105212,0.7755200733813292
2025-12-30,1.2387718616148558,1.0227734738854595,2.3555254174684466,0.7838355993740368
2025-12-31,1.2319615587896822,1.0209342166364102,2.3510619297547155,0.7819481243079498
