Date,Cluster 1,Cluster 2,Cluster 3,Cluster 4,Cluster 5,Cluster 6,Cluster 7,Cluster 8,Cluster 9
2021-01-04,1.0,1.0,1.0,1.0,1.0,1.0,1.0,1.0,1.0
2021-01-05,0.9963971127954747,1.0069801892610661,1.005362035887761,1.0048069943606717,0.9899685714984582,1.0006021413823492,1.0030185958435853,0.9983657400268156,1.0068766516462582
2021-01-06,0.9991993638376184,1.0371111176078167,1.0289029231789522,1.0325400953253252,1.020303689710223,1.014227342863523,1.0254251808756178,1.0313648607232564,1.0443095110011122
2021-01-07,0.9993994127460768,1.0301202575397184,1.025272495780175,1.034151956158039,1.0155631094640047,1.0251695296742307,1.023192463723805,1.034875701358878,1.0467451043857976
2021-01-08,0.9521090767258181,1.0353424080476772,1.0302619190820026,1.028838913879288,1.021948430188494,1.0222102741274248,1.0297885965262086,1.0378302751381487,1.0408084437166516
2021-01-11,0.9377691498845335,1.0234285330404198,1.021814358377697,1.0158019822168782,1.0137312545851989,1.014053177403052,1.0084922100434608,1.027470654536484,1.025104366358772
2021-01-12,0.9181534904847606,1.0177852104375804,1.0189827154039746,1.0148827253748003,0.9974360376471776,1.0050642001852776,0.9991127142242049,1.0143464995050029,1.0209546841182435
2021-01-13,0.9159517288013072,1.0106622787804402,1.0167198911665543,1.0154099011143884,1.0097108197164224,1.0101720158807548,0.9966545831067564,1.0150076762578275,1.0184008486669551
2021-01-14,0.89234351416085,1.0197116201593548,1.0208686482398237,1.0189540250379872,1.004527087798596,1.0128660447398785,1.0115400931665792,1.021855734964896,1.0290492698540588
2021-01-15,0.8793330908638207,1.0164524685707972,1.0108007956557643,1.0120464701549303,1.0076892355804428,1.0064889299405384,1.0001257503978136,1.0072473490412412,1.008541366002702
2021-01-18,0.8585002288198023,1.0086177152050357,1.00608656557486,1.006842056522824,1.0020084602615498,1.0087870185173178,1.0079925314501261,1.0073038684093596,1.008836594352793
2021-01-19,0.8517398277185674,1.010292741116011,1.0029520525725848,1.0039418136633165,1.004889449546321,1.0033966765670574,0.99997382454759,0.9964779724201492,0.9992028193760709
2021-01-20,0.8573442319076219,1.0262991724490071,1.0103393164968406,1.013041875814261,1.0024988275117472,1.0149631151950411,1.0126445139944833,1.0072038074545586,1.0096260034958655
2021-01-21,0.8490138576294102,1.0210209251862612,1.0119213203837079,1.0179687742106753,0.9941892861935451,1.0038231625300467,1.0074429017858302,1.0091277137533758,1.0092295379031766
2021-01-22,0.8489869670118788,1.0108004572083895,1.0044189908819634,1.0053456918291812,1.0053713548841918,0.9962717008652275,1.0069488858229607,1.0062406497276224,1.000152798991813
2021-01-25,0.8553808345166182,0.9973769647231293,0.9923316783678644,0.9869521951595007,1.017585027720394,1.001453405916404,0.9953672497460244,0.9990785790736981,0.9812692365195137
2021-01-26,0.83433524171148,1.0097753819573676,0.9954951897994767,0.98570896428362,1.0122026417668488,0.9991729345167801,0.9986284799081153,1.0010200843819208,0.9857526060020109
2021-01-27,0.7520429655665999,1.0201981782030156,0.9873739837993704,0.9636838917092745,1.0030290838213856,0.9980789420758039,0.9936545463421737,0.9830843033521734,0.9669424473699895
2021-01-28,0.7890870271306651,1.0058793056694277,0.9849099867989607,0.9685408292026487,0.9963503344555725,0.9855886585222051,0.9954239652573326,0.9795003783982498,0.9757431935173982
2021-01-29,0.8192800757681312,0.9926374436479869,0.9662044634658881,0.9478485447527336,0.9832293515575744,0.9671939367326072,0.9792398856322426,0.9597816453235019,0.9605032773374108
2021-02-01,0.8523645019823889,0.9959862993718068,0.974456858408892,0.9671547984787657,1.0003621616799312,0.9766842546570922,0.9969224328988788,0.9763550380807587,0.9748321016968489
2021-02-02,0.8315478149176189,1.006856317919612,0.9910719152894857,0.9838520805281024,0.9998591443654442,0.9817043939350579,1.0014679529822332,0.9894996978926678,0.9881240062624701
2021-02-03,0.8355510446771431,1.0023076673185325,0.9889322226317713,0.9839783760830431,0.9866921999406923,0.9770413139834124,1.0011150891008707,0.9891816903549655,0.9889473782340399
2021-02-04,0.8219401809690401,1.0032431844134193,0.9901425881887967,0.9892992424049394,0.9766094193588863,0.9709359424012385,1.0049322155578782,0.9956665529950466,0.9945699416728286
2021-02-05,0.8339497234047636,1.0180136485539044,0.9861638192468692,0.9985744269606189,0.9609372100576387,0.9654913113564078,1.0138862264384907,0.9903502490231468,0.9981104893614686
2021-02-08,0.8317480106689266,1.0183160854706004,0.9842190189982291,0.9979480819592498,0.9560635871795562,0.9603051436517906,1.0128536365452132,0.9955215867436995,1.007320991895596
2021-02-09,0.8333493319413062,1.023814556933253,0.9775596400722759,0.9993477086650677,0.9627966771515581,0.9635123041932948,1.0123372643157893,0.9971087590350248,1.0034314351209397
2021-02-10,0.833046929852519,1.016182810815592,0.9692651477611558,0.9942533779823821,0.9651242437320506,0.9658579848085226,1.0110012853224886,0.9971636942878811,1.001777386510357
2021-02-11,0.8186367549883706,1.0142512629011042,0.9737304555523227,0.9996571235174644,0.9654204660818035,0.9726394661315312,1.0153241035469256,1.0036731102748506,1.0049145958145629
2021-02-12,0.8123295816817218,1.026648911332608,0.9815696283245866,1.0040437472175887,0.972988384126305,0.978104298069746,1.015389441003275,1.0143968022284537,1.0078924571535075
2021-02-15,0.8137306827289853,1.0473581093842146,1.0102751455604648,1.0431777688977855,0.9863806482680214,0.9944757856963427,1.0411306159985858,1.0359886971710957,1.0226021131875795
2021-02-16,0.8103787885423684,1.0447927328211992,1.0078569452636408,1.0407849545327306,0.9656528054619413,0.995935298018741,1.035862184858678,1.0348898643985065,1.0291528987145133
2021-02-17,0.794696713436503,1.0316591058974252,0.9954802745189638,1.0312251351910848,0.9720912124972884,0.9857126584171123,1.0310182990118102,1.0215591879243269,1.0199983353254725
2021-02-18,0.7902131362428815,1.0182342573643384,0.9805688862938762,1.0304209598527718,0.9543956125976545,0.9791978758876413,1.0228167361556375,1.0080671266032069,1.0023048323172623
2021-02-19,0.782512039242911,1.0101600728602136,0.9854744035571952,1.0405815675686094,0.9450950557551032,0.9754652129952301,1.027961973655215,1.0128994044139132,1.01575466591072
2021-02-22,0.7906704280474735,1.0142298241936056,0.982099060978231,1.0457410910335632,0.9268979793707637,0.9650547435583949,1.0173274291364316,1.0037111734028383,1.0209987555871658
2021-02-23,0.785786532772661,1.0243434447497022,0.9821939763591239,1.046494802925077,0.9343759804675742,0.9695761108846014,1.0183500108732466,1.0031335387141957,1.0232648701721756
2021-02-24,0.7735365429129828,1.0331559375014125,0.9895487027228974,1.0488571276022987,0.9285160166375903,0.9695858094365547,1.0270298239792148,1.0073158683421926,1.034433716679709
2021-02-25,0.7643994371191465,1.0305134613146738,0.9851837667214528,1.0276392639773524,0.9259536326408867,0.9690058275527296,1.0231054077328976,1.0036819451290633,1.0307363242825205
2021-02-26,0.7419829890332537,1.0156339685662672,0.9576410669940955,0.9910028502719914,0.9042054605773107,0.9524944471236402,0.9925526966792428,0.9788612415104498,1.0096768680365291
2021-03-01,0.724736165670026,1.0316832587216656,0.9757073329589442,1.0151738322171504,0.9178449635176312,0.9593284048904421,1.0173466973050214,0.9979518750912608,1.0263259761021861
2021-03-02,0.7290597086316426,1.035955650918253,0.9784715462175378,1.0123249501123075,0.9207607730333628,0.9632409506430536,1.0149624171968072,1.0040519915907002,1.0262012444320154
2021-03-03,0.7292197918112641,1.0362727800150344,0.9910800575073364,1.0361303646269093,0.9038444289464266,0.9597973944873371,1.0294898972631379,1.01391349858058,1.039956776145671
2021-03-04,0.7297001637191698,1.040003641355372,0.9931774843794993,1.024646616980563,0.9199643880766478,0.9488991253225052,1.0192130139275286,0.9992196606335921,1.0272937887169915
2021-03-05,0.7235007130055839,1.0339067041565846,0.9811164465386529,1.0173480277930773,0.9277499931381155,0.9428198930592302,1.0053274359856308,0.9868153298859385,1.019899726100554
2021-03-08,0.7291052150898713,1.056618962673852,0.9991923563866304,1.0322311562722528,0.922650919379335,0.9390130171126242,1.0253848211668743,0.9975335649253954,1.033812673508586
2021-03-09,0.7478242879770531,1.0578658916664323,1.0129307051142953,1.0372672712152777,0.9332307712833,0.9506376642323228,1.038418825658006,0.9996300439635881,1.039012726904284
2021-03-10,0.7427899783397458,1.0546762286974969,1.0116458741352459,1.036799833446067,0.9371588274409042,0.9612214232788149,1.0423995646499595,0.9998465506850837,1.0356955986887306
2021-03-11,0.7511150517086691,1.0519388000970413,1.014615311296315,1.0400926844423346,0.9400538083502703,0.9757139745869091,1.047902666894824,1.00617237754116,1.037071517959743
2021-03-12,0.7498487931602782,1.0552162584042342,1.0157472793892153,1.035509535181807,0.94109848727611,0.9685916072209015,1.0515319950384103,1.0098721207372736,1.0414477732529643
2021-03-15,0.7568731841819614,1.052587923923777,1.0166064383245934,1.0377131301719011,0.9446827093727235,0.9668065353829558,1.0510905201227738,1.0062974247360155,1.0433629294846356
2021-03-16,0.7567341773264328,1.059839107349393,1.0286269620557604,1.0534739671748192,0.9611539315079165,0.9866542885341554,1.0703700360212023,1.0215603196546128,1.0547253245674324
2021-03-17,0.7692982418712455,1.0505045825796973,1.0217444827085467,1.0495093609036106,0.9416153580238953,0.9815699035181676,1.0558079864326584,1.012663031375312,1.0486582808566007
2021-03-18,0.7768062828875013,1.0458650364312236,1.0173725587274924,1.0534449698039114,0.9435324688850486,0.9911028515485885,1.05555961003265,1.020105207629381,1.0531189530425522
2021-03-19,0.7887163962759076,1.0382942251088685,1.0042537621311856,1.0398240866071518,0.949583559610403,0.9880255732455177,1.0481461632625797,1.0082061054881282,1.0385814844796797
2021-03-22,0.7760416342777724,1.0360891482401204,1.0059343680684583,1.0438099202166633,0.9524470995295223,0.9946282741508906,1.0511801638271918,1.0129900868675663,1.0308864104995097
2021-03-23,0.7515727608161437,1.0281449334352444,0.9938835050977677,1.0407095889762594,0.9684453284647028,0.9932891881977006,1.0510047530533342,1.009734165901186,1.023255076849649
2021-03-24,0.7433653773630833,1.0293320970765405,0.9979232591990194,1.0423638318704584,0.9630517660747066,0.9942037401697352,1.0584693832121195,1.0126628708934742,1.0296197223302248
2021-03-25,0.7392019665287044,1.0279235068768104,0.9894138657092598,1.0392246749930587,0.9719453769528537,0.9960248426894982,1.0508789547421293,1.0116221678068835,1.0226052980412779
2021-03-26,0.7455401953941914,1.0321762979318396,1.0000367233629175,1.0558068446920936,0.9676050921328907,1.0063862181474479,1.0593087786973963,1.0163109380534086,1.035762020050004
2021-03-29,0.7364929137588084,1.0312517982384248,0.9974327082703958,1.0521760314319557,0.980788314922099,1.001721166846718,1.0507867998732858,1.0121243435665757,1.0284099670938387
2021-03-30,0.7220013355878008,1.0396587659422074,1.0051494767232374,1.058964048470238,0.9686403557450352,1.0080531959840542,1.059332377033156,1.0219938562532462,1.044963237728872
2021-03-31,0.735935929685624,1.0398566772390836,0.9950783353304072,1.0538918022434627,0.972914957475848,1.0167685889790243,1.0490448556924865,1.0127190068190948,1.0375270916499328
2021-04-01,0.7481857314967251,1.0477313200874885,1.003047902511925,1.0675257219924568,0.9722059110027143,1.0175203686583398,1.0667958293247004,1.023790782933511,1.049744456599184
2021-04-06,0.7502673757293938,1.057412365466313,1.017056192409668,1.0708971839821655,0.9897622266064732,1.0333927067155149,1.081521797536995,1.0345715124748713,1.061874549223768
2021-04-07,0.7542706054889181,1.0658399413780393,1.0297909345170357,1.0806863447817332,0.9957153335153194,1.0378233554310432,1.092525480530424,1.0433599550915578,1.0724246834951408
2021-04-08,0.7917675173448733,1.0707288177097831,1.0368341255385245,1.0880209362508388,1.0122401476301783,1.0509793830065537,1.1030126606213388,1.0510727906721482,1.0763713487167075
2021-04-09,0.7847349836735179,1.0694873904066482,1.0343218871349111,1.0835233490926202,1.0126202819925054,1.0558873214673514,1.1043386468089504,1.0556503752419735,1.0743875705692856
2021-04-12,0.776777517051694,1.0686894372948812,1.0319051927117753,1.0771507322777245,1.0128798100153475,1.0587399319980635,1.091566368483112,1.0526110232981585,1.0734287712658905
2021-04-13,0.7889440019300593,1.0618453974901725,1.0387400981005928,1.0825554376298918,0.9988695493945363,1.054945791945943,1.100850302081067,1.0559026681355483,1.0867297874122095
2021-04-14,0.7863018830151536,1.0714144346840848,1.0438371931617083,1.091410759967746,0.9955814541570666,1.0507235821148522,1.1073480798937885,1.0539321830689008,1.0846412774747862
2021-04-15,0.803942332804656,1.0738140947101922,1.045286908293454,1.101554762488749,1.016740125892683,1.0604142933484755,1.1172940361919044,1.0565427483737904,1.086036162413924
2021-04-16,0.8122037653859027,1.076030454386447,1.0509405302145909,1.1024824806474327,1.012293736666733,1.0644468105552816,1.1218291084117147,1.0658317201779877,1.0953978091851104
2021-04-19,0.8097217785982349,1.0737604120986337,1.0424582232454567,1.1035964042727522,1.018742098051807,1.068706425742973,1.1209922196360027,1.0614086594906271,1.0937783469399531
2021-04-20,0.8110829139166617,1.0540523503340948,1.0188010661603495,1.0679169629089518,1.016223166407272,1.0571655776881383,1.108254574010618,1.044163607884935,1.0629081308878812
2021-04-21,0.8135648762305212,1.0623947823825126,1.0211743837348992,1.0723369575691837,1.0088977772182557,1.0630915419435965,1.1064355095400693,1.051405205419091,1.063232794500855
2021-04-22,0.8053832087183661,1.0618916588193323,1.035054294716003,1.0842014273437994,1.0215214062697469,1.0640739245761632,1.1215162467087532,1.059122147529949,1.0718476609580718
2021-04-23,0.799297257878611,1.0545639209616504,1.0339254632236305,1.0855487886888073,1.0133977878755185,1.058868441913732,1.1211654960398696,1.0612080868950808,1.0742879047432525
2021-04-26,0.8046625284874664,1.0673871643884085,1.0419010329605927,1.0952482039158897,1.0039173954134264,1.0621376605623787,1.1287498358687895,1.0625859338857084,1.0907286673930374
2021-04-27,0.796574620134634,1.0534709741221382,1.0389503765198103,1.0868566390765875,1.0071190474464171,1.0524466528819798,1.126834526775428,1.060300393300067,1.0877679189774614
2021-04-28,0.7820003939132392,1.0603050448176015,1.041420412991308,1.0881223153332755,1.0066195700283513,1.0372367415902293,1.1268793912532415,1.0589266505548092,1.0889976164188326
2021-04-29,0.7335233743835401,1.0585901736178616,1.0485824777962114,1.0919840886732084,0.999784292742936,1.0372764359031996,1.1213411064449894,1.0621094704118332,1.08846120165062
2021-04-30,0.723888933974544,1.0657301821700682,1.05013474351856,1.0955572809942005,1.0166073283490575,1.0391915978236028,1.116576045774257,1.0629605197263197,1.08455426487429
2021-05-04,0.7391668699776955,1.0524927376724105,1.0388660128049327,1.0847696866865728,1.0119248521599167,1.030947363660027,1.1124709412834035,1.0515588841793508,1.0718760746998544
2021-05-05,0.7398074963818804,1.0589631419577017,1.0509068315352785,1.098486853723251,1.0133434233881409,1.0401781422132546,1.125862043380717,1.0668906124218678,1.089942052507519
2021-05-06,0.7690952862504283,1.0674794369353162,1.050419830859355,1.106087906876943,1.0265246674332076,1.0283257812561781,1.130762586264076,1.0700618980476773,1.0937845624783928
2021-05-07,0.771017214410599,1.080834895513838,1.0604532201936676,1.119418556933531,1.033537574298153,1.0412199375140958,1.140843725292001,1.075984838866326,1.1059648664796788
2021-05-10,0.7802302567949324,1.0754826908428494,1.0491705043700024,1.1186485622237674,1.030284112696831,1.0398228427025011,1.139156083136758,1.0703529952666573,1.106355297798896
2021-05-11,0.762284692528294,1.0452768308117129,1.0155751425391253,1.0871243344172883,1.0087881518198047,1.0149362879325645,1.107557349779144,1.0413021686825024,1.0754359500200878
2021-05-12,0.7581127212382297,1.055909854734202,1.016859603884122,1.0892831231819582,1.0159962599073085,1.0151566456594192,1.1071948019429774,1.0441255559313514,1.079621594176563
2021-05-13,0.7594230186306528,1.0524918448738614,1.0189271683761765,1.0783329739553622,1.0257945083765818,1.0164486808319704,1.0961082662670802,1.0394769283414216,1.077762411546795
2021-05-14,0.7659093854468315,1.0711693641357238,1.0354015238158552,1.0946179983723472,1.042972713932783,1.0243161230667153,1.1158708946162499,1.05256779066924,1.0919357417050055
2021-05-17,0.8098019936890364,1.0664597386321615,1.0284591183661616,1.0876919592868424,1.037097754358975,1.0286870814899,1.1097904714760527,1.05034394472768,1.0832705119806305
2021-05-18,0.8013937721341116,1.0659825855838998,1.0322450782813208,1.092638858826714,1.0389864230174486,1.0241470713015581,1.1156163173240736,1.0475309919592566,1.0894667188579719
2021-05-19,0.7996320495226035,1.0517835494463714,1.0174958865104555,1.0805253717788514,1.0347604079933095,1.0250188453393967,1.1044220766477513,1.0337635205543905,1.083361573158137
2021-05-20,0.7950676108665954,1.0630161646542449,1.0335769618477573,1.090722717016685,1.0478102753514462,1.0344221869297112,1.1180400902648997,1.0505456584563684,1.0895535242541479
2021-05-21,0.7962687609006336,1.0632132711350994,1.0343394058457458,1.0920041514414114,1.0433881082071121,1.0362553634420923,1.1081479871852875,1.0502752018438575,1.093148761275633
2021-05-24,0.7905031232629708,1.0694611224201707,1.0461469180107925,1.1004167702033025,1.043117275382449,1.0363657092465939,1.1145149605463804,1.0577225525382556,1.098314955873719
2021-05-25,0.7910636958404407,1.0645598921731143,1.0471917010901595,1.0929237899565802,1.0451136905133538,1.0425613288497422,1.108651750522714,1.05659200720949,1.099530866429801
2021-05-26,0.7943665804388407,1.06783934176663,1.0564656378747623,1.1042081160246975,1.0501702421317716,1.0412903557388922,1.1078713522114272,1.0590695906437146,1.103018315798747
2021-05-27,0.808220150903144,1.0627949811903374,1.0532165656825045,1.1059831792488846,1.0341102674657983,1.0385630889246296,1.1010597792929047,1.0605339907763258,1.1142698327676677
2021-05-28,0.8020541217628658,1.0602213398659661,1.0545868131491871,1.1073136352969608,1.0347975734459312,1.0391384075977848,1.1096139089181363,1.0634826195385227,1.1120023054181662
2021-06-01,0.8090209094345668,1.0692003354558488,1.0594762160671483,1.1242280997410437,1.0470354138393556,1.0559120685845613,1.1212746313890931,1.0701541951397304,1.1195477363287338
2021-06-02,0.8070189519214894,1.0678766943417042,1.0638516760935028,1.126492312523978,1.046406342211606,1.0501932235901958,1.1273783307738527,1.0728080061302503,1.1236212612162615
2021-06-03,0.7892415936791709,1.0691964601437778,1.0560585436131815,1.1156792190745783,1.036731941966698,1.0488241482334622,1.1157649430425445,1.0678665825607736,1.114089628950266
2021-06-04,0.8036099495384175,1.071874177057381,1.052607477260288,1.1188368137668654,1.0356226017426917,1.05214708152322,1.1173060563291166,1.0694280436259298,1.1109592604999878
2021-06-07,0.7986581414562854,1.0746045995010733,1.0555174033968284,1.1281462229492252,1.041947605862306,1.0623367481845931,1.122912033287288,1.0695206235421202,1.1164910370906924
2021-06-08,0.7994589244615165,1.0701042332502821,1.0641403826979525,1.1416810739736425,1.0410549495482468,1.0613330154040235,1.1268284762423924,1.0754655131459734,1.1165840843450803
2021-06-09,0.7955351611573096,1.0782115855046865,1.0600174989321332,1.132572264694337,1.0407718907981374,1.0536663999916498,1.1156438231877088,1.0667341882120978,1.1106829493886965
2021-06-10,0.7931327631940003,1.0768095999918632,1.0618128500973858,1.1375518626977184,1.0458003109552125,1.0439419269003596,1.105929487812829,1.069242107590607,1.1039972413493047
2021-06-11,0.7973769131217242,1.0818100526683498,1.0704535894063116,1.1471716277397241,1.0535874891338415,1.0492566849800355,1.1132265198284659,1.0796001607146906,1.1109973213050055
2021-06-14,0.6069380437133419,1.0820096201626848,1.0686738600913177,1.1453037507523183,1.0597520877533737,1.0618783060320456,1.1196711989866008,1.0822423877155336,1.1077533605392877
2021-06-15,0.591264966670878,1.0880634305655146,1.0706377679066257,1.1469842820455531,1.0635399926019111,1.0694542711489134,1.1131958695106412,1.0875023652001297,1.1067255218098806
2021-06-16,0.5924302872516023,1.0967080962388762,1.0712277993923325,1.149319659482335,1.0680540983342417,1.0811493983416927,1.1113978814197283,1.0913885755656472,1.1099504847464345
2021-06-17,0.5973315086706986,1.0964846687226186,1.0685360448111565,1.148837848788226,1.0643587998986483,1.0664658137836702,1.1068673308373445,1.085050342418781,1.110963292682543
2021-06-18,0.5762035045205485,1.0760439256640995,1.0501257664959187,1.1217484096311543,1.0536995943772225,1.061875268779203,1.0843984705958112,1.0640727368699872,1.0924196264897508
2021-06-21,0.5886568476296417,1.0871809672500035,1.0566419825968432,1.1360057393806853,1.0543293286354198,1.076492910579539,1.095441649845929,1.0726742678872858,1.100920896813664
2021-06-22,0.5829154050907506,1.0959699702480528,1.0635318175195243,1.1461507175332135,1.053191817522753,1.0820626567733422,1.1085936671093957,1.0759634649212233,1.103212741450677
2021-06-23,0.5748973571263645,1.0819226228533882,1.0583631731680159,1.144508238833348,1.0481849582302327,1.0758187942992505,1.10555084801985,1.0736201445604228,1.1024939589693306
2021-06-24,0.5659573438922781,1.0842068118219388,1.0580253054991404,1.146710413735187,1.0440276582329222,1.076693051819421,1.10865805036987,1.0769220186452086,1.1003195332224749
2021-06-25,0.567860864031072,1.0867980724149764,1.060971140470027,1.1496124172668953,1.04513785037348,1.0767192367211045,1.115230532549838,1.0809191191091974,1.1024307912194407
2021-06-28,0.5651611768410258,1.084672485034509,1.050497036775421,1.1370252558400058,1.0493501020529659,1.0755166545881458,1.0966226240704533,1.071989859929833,1.0884164035670758
2021-06-29,0.5546307866488593,1.0802643172114592,1.050977063989879,1.1385103915211758,1.0470876234853699,1.0774854753277567,1.0997073215420903,1.073397021476148,1.0891662062137415
2021-06-30,0.5470154541169359,1.075365830348239,1.0450051634975706,1.1240398014959896,1.0383775229184862,1.0690362371328699,1.0933334648739137,1.0645957682454588,1.08239744604463
2021-07-01,0.5621608751996487,1.0935889271975936,1.0666740808535662,1.1426404848101814,1.0479176459827677,1.0711240712208188,1.1038581011811521,1.0777213504612202,1.0961505657631816
2021-07-02,0.5720683333976244,1.096540814873067,1.0683233710016873,1.144551351769011,1.0517216661099174,1.0728011103242059,1.1097587279122585,1.0801929634304386,1.0962278862394523
2021-07-05,0.5744805317886978,1.097956910254667,1.07334067855724,1.1533879645726044,1.0540663104074075,1.0832489318676117,1.1197857007026497,1.08984517843353,1.1112289988837074
2021-07-06,0.5790674162902605,1.0988795314027129,1.0642401025680304,1.1388476975672117,1.0625070286529574,1.0875526573718557,1.1122489997954899,1.0822803685226747,1.0994243457501065
2021-07-07,0.5798195191871214,1.0996135124801463,1.0671697989390856,1.1461060240405718,1.0772761396003894,1.1043980871056225,1.1231516777048771,1.0917882564409176,1.1051739133794802
2021-07-08,0.5659324248326555,1.0869772408470852,1.051726568561622,1.1126247932390612,1.0665343545209043,1.089856313044491,1.0971018916066226,1.0737928127320346,1.0882766721412866
2021-07-09,0.570146429711262,1.098135401978654,1.064027645976011,1.131572559695753,1.0736752042703743,1.0945794074440423,1.1206641453155186,1.0909928083721283,1.1047989661668405
2021-07-12,0.5652944777824729,1.0998992220425012,1.063548293021771,1.1260920170895568,1.0809791085446137,1.107358361566185,1.1234555083631397,1.0935067052323826,1.1028263781612542
2021-07-13,0.5811343089981943,1.1016572071872441,1.066494016019239,1.1294452049337842,1.0878473169730953,1.1158970213359916,1.1230882553860853,1.0969896272767137,1.0983737607455857
2021-07-14,0.5809203686683243,1.0956246090866628,1.0588095572864569,1.1267810873244277,1.077012285308448,1.107284398894226,1.118323851662,1.0892370014208077,1.0948978818105266
2021-07-15,0.5867766579427419,1.0801449273291326,1.0458633611639898,1.1140399155385112,1.0651110359249096,1.1016830373657351,1.1055827236966094,1.0813423651151834,1.0814334396667946
2021-07-16,0.5759647420144896,1.0830756125501095,1.0499219248728089,1.1146595071939724,1.079801477608008,1.1022625967876751,1.1044135873990961,1.0810624694101503,1.0765764838601433
2021-07-19,0.5704024394647498,1.0576202051333246,1.0242272414112519,1.0777028123432222,1.0675570272529902,1.092379477496909,1.0807304750366302,1.0550538694872476,1.0420200908522241
2021-07-20,0.556726099626502,1.0655403678341897,1.0278983843569605,1.0883497848517674,1.065342630880239,1.086668267281074,1.0903130823933482,1.0625928330908867,1.052303426543298
2021-07-21,0.5541635940097629,1.087992916617418,1.0516368045569064,1.1231822182165594,1.0680504549487388,1.0934000107636788,1.1155654032876297,1.083794783444416,1.0785145012022461
2021-07-22,0.5584656577050875,1.0884444446002743,1.0510617533637991,1.1298038798687113,1.0674073836145337,1.1107511195852942,1.1203945811042155,1.0861750204405054,1.0799687642935294
2021-07-23,0.5533406464716095,1.0993935509099664,1.0647221353108909,1.1395092486383194,1.0801437966409249,1.1168858567539153,1.1284493042428296,1.0957305934211212,1.09063240158443
2021-07-26,0.5661618169721934,1.097015778783218,1.061742010437014,1.1450063566140232,1.0752912813504265,1.116339378151715,1.127224745613024,1.0930639085622562,1.097200875138306
2021-07-27,0.5603199628726933,1.0944949846373517,1.0568556061020482,1.1352308853024762,1.0800110707221813,1.120486895810998,1.1215784580674695,1.0870551495856033,1.0908237767479068
2021-07-28,0.5816844654317499,1.0930828033597189,1.061894489619605,1.1401394187049738,1.081580390854854,1.125850023270578,1.1304152698197305,1.094919599680232,1.0966134389638744
2021-07-29,0.5919778611642491,1.1110932986118558,1.0616811350654187,1.1348437353959868,1.0769024727368612,1.1311675056770052,1.1377960883925529,1.1021493925008417,1.1011199744745397
2021-07-30,0.5910169949793966,1.1079420647320173,1.0464550849916774,1.1264317980251566,1.0790366213013547,1.1353420446465496,1.1275989194298273,1.0962157612223569,1.0863133446532125
2021-08-02,0.5974666510799619,1.1080019318603909,1.0510791706952463,1.1388509100535151,1.0870979602343183,1.143823781437352,1.1405408182761076,1.1071698604803475,1.0953418160055035
2021-08-03,0.5998729427876721,1.1107797165188353,1.051089097003895,1.140589275065848,1.0849968138427164,1.1542866288255613,1.1386411498764526,1.1048066605697664,1.0971160237293889
2021-08-04,0.60365387584032,1.1113867926058922,1.0566855888554718,1.1429607407588038,1.0936388213520885,1.156147849419995,1.1496012999151801,1.1193773963007585,1.100640939145446
2021-08-05,0.6006475997747887,1.1224379202244588,1.0606541512123313,1.1500996382464275,1.0927229912436076,1.1504059205786086,1.15934413150771,1.1212001496184414,1.1069793617971468
2021-08-06,0.578943462933379,1.120896793749558,1.0561075250017515,1.1470034656383705,1.092343224689896,1.1432068355088791,1.1520777316763824,1.1182205888867542,1.117970462131524
2021-08-09,0.5662515555500645,1.1195214069164903,1.0559911170923197,1.1446417389458323,1.1087203677406416,1.143010174817567,1.1488849420093123,1.1197363934290792,1.113921725339026
2021-08-10,0.5679911005161091,1.125996303559923,1.058790863649275,1.1495431113429468,1.111024392866211,1.1485583312747494,1.1521475168735935,1.1243504398834134,1.1201898725796153
2021-08-11,0.5749907501772789,1.1342842635743133,1.0647045558539479,1.1579762946149779,1.1180475409723205,1.178459789617761,1.161645090354302,1.1354830366385695,1.128119546443075
2021-08-12,0.5704914909564875,1.1327563961807214,1.0629509749328268,1.1551262576449441,1.1174964019515023,1.18243850004605,1.1588911854548722,1.1274293901205907,1.126055022336071
2021-08-13,0.5804937563156025,1.1317993539008868,1.0651223824199971,1.1549071089877632,1.1294665210759005,1.1856868237119635,1.165431671608347,1.1320068694040504,1.1293472064619874
2021-08-16,0.5894119560937879,1.1270604432359728,1.0586440850884202,1.1445394373381033,1.1304134999670001,1.1821903011365777,1.1568517359027526,1.118575540579723,1.1210954218161013
2021-08-17,0.5944100926997886,1.1239418200831135,1.0598541419139964,1.138116110802608,1.1382276194781054,1.1845603523690376,1.149558565840088,1.1197552795992876,1.120172328111946
2021-08-18,0.589260189643569,1.1252831745564977,1.0585891655173083,1.1385836452211109,1.13589986224736,1.185819982674313,1.148734548243703,1.1198465331921843,1.1209432555341285
2021-08-19,0.5881103323429111,1.1100950280468465,1.0438933887702382,1.1192731085398864,1.1363791002550143,1.1836803011509216,1.1253772660997035,1.1070442784834946,1.104310091035878
2021-08-20,0.5833422960795227,1.1142058423114398,1.059386427686083,1.1310133375967102,1.1416729398671812,1.195839153104744,1.1312515187540926,1.1150309625155552,1.1096496659294446
2021-08-23,0.6007225774804426,1.1147308106465397,1.0623457633503663,1.1258768120451177,1.1294275120321944,1.2443362857777491,1.1334596312330043,1.1170145548244765,1.115656467969647
2021-08-24,0.601938162689398,1.1227103549029311,1.070680605356659,1.1325229244031645,1.1269044705949152,1.224811132202581,1.136862615958667,1.1231481767329312,1.1221213276964692
2021-08-25,0.5974061267011361,1.1209322721244597,1.0787690750918486,1.1397508124356708,1.1161861561528588,1.219479600846864,1.1401408137271258,1.1286659340667002,1.1284067306940275
2021-08-26,0.6037101649514391,1.1202199603992429,1.0752229556236985,1.136044299383863,1.108881562573482,1.216900377175543,1.1366155377631737,1.121220910800955,1.1250471153625123
2021-08-27,0.6067061989527865,1.1205267372667265,1.0803656544375952,1.1421460120790188,1.1053231765683251,1.20799003816817,1.1454079331772824,1.124172735043345,1.1267578812900352
2021-08-31,0.6130616221510692,1.1189637567348218,1.0743095050162417,1.1405945858238125,1.1070945705358446,1.199721565012568,1.147248913364425,1.1244629006498787,1.1235519055989789
2021-09-01,0.6128972178110395,1.1250233918211974,1.0857372638733618,1.1508262249406018,1.1179314119724668,1.209951307683111,1.1605590873869076,1.1357986021483453,1.127135720881255
2021-09-02,0.6024287408264121,1.1324331548169184,1.0898578787874575,1.1470774456492911,1.1169943298110625,1.1660900837708341,1.155065979499289,1.1416303004037658,1.1254206176290222
2021-09-03,0.6179611950843851,1.1302712865463953,1.084448482044606,1.1429750871691509,1.1165215346356854,1.1747188665342718,1.1528152186841536,1.1407765409984048,1.1173362366401396
2021-09-06,0.6254150172139212,1.1321837783502036,1.0892381969591065,1.1535413095011127,1.1172736994508652,1.1775020305471462,1.1566962737924449,1.1504017875475816,1.1240931911196284
2021-09-07,0.6115872113412425,1.1271041132388955,1.08893963643028,1.1487264592927715,1.1090397936072511,1.171741201935754,1.152125794311546,1.1440303124714541,1.1155462370093598
2021-09-08,0.6106118610338562,1.1141906106383557,1.0808635264849418,1.1393282408130487,1.114047856108659,1.1702359195856644,1.13233227595884,1.134217254464692,1.107555898910285
2021-09-09,0.6039640588838796,1.1101057435417703,1.0747481479284724,1.1370684575502428,1.1026739160281962,1.1611566230679855,1.1324619111519196,1.126382769656182,1.1027871216812983
2021-09-10,0.5980559052221258,1.1053261920474629,1.0776887394685475,1.1426215721849777,1.0977456299779915,1.162935674892673,1.1319131880111284,1.1288117685048533,1.1029580430478372
2021-09-13,0.6057077926044836,1.109246686187624,1.0797103936266188,1.1404290147297556,1.1096917406284157,1.157522783648304,1.1350435841241775,1.1298210874362866,1.1101386715283608
2021-09-14,0.5963776983655338,1.1039323980641986,1.077716198910936,1.133217381906649,1.116708647546413,1.155156619462258,1.1313499969889853,1.1333993357374292,1.1038679157741906
2021-09-15,0.6083978524346965,1.093770077894283,1.0733763543888266,1.1249572601843,1.1071992393929928,1.1434645374602779,1.1165132391478603,1.1282048183242175,1.096744397114157
2021-09-16,0.5895995696839631,1.1039603313593853,1.0762813116710144,1.1345879235052334,1.1169911439987708,1.1458487601484608,1.123986582056385,1.1357607339420839,1.108364604215628
2021-09-17,0.5902038944661989,1.1027616395100244,1.0739055993478936,1.1246427510199872,1.0997321266561992,1.1446907555097612,1.114164794966648,1.12208552638058,1.1060982513161834
2021-09-20,0.57446698464908,1.1043518208769687,1.070368919971287,1.1045353436297418,1.0997677782689868,1.1369963964357601,1.102196860940981,1.095491759809234,1.0890511407963372
2021-09-21,0.5790282550625856,1.1147613768554157,1.08724949563971,1.116658445684837,1.1100189585581266,1.156973371721121,1.1115571113811042,1.1189791192084926,1.097726851636948
2021-09-22,0.579829087015433,1.1244248149811489,1.1002532469398345,1.1342586405230977,1.1013177380836177,1.165205836551165,1.1176130531430286,1.1393420602420177,1.122074119700621
2021-09-23,0.5759849859570092,1.1233596868793436,1.1004828602455101,1.133923558395202,1.0914763039072921,1.161612206632855,1.118555209277906,1.1336805458539327,1.125523084490863
2021-09-24,0.5762580548716925,1.1187914346677152,1.092114233505859,1.1234847111092547,1.0739709082050095,1.1469050644841592,1.1025542934066672,1.1182181218913956,1.1236698077103626
2021-09-27,0.5829015079416477,1.1240352280196428,1.0898100909202273,1.125952023548502,1.0649120791679667,1.116125333595222,1.1052576381278187,1.1084848129718654,1.129782500258046
2021-09-28,0.5701714921867316,1.1133192809615637,1.0819618593644127,1.1091812153380853,1.0515287863927827,1.0954109300029675,1.0812141073404515,1.0952301164882252,1.1111917397103488
2021-09-29,0.5652571479794445,1.1255155714979892,1.0890910250329737,1.1157786961570801,1.055217617965047,1.0888101694439096,1.0867235463955616,1.1024112277998932,1.1229366762379849
2021-09-30,0.5755845699805856,1.1242488245222413,1.0783463890075686,1.104621629139265,1.044664212413389,1.0840631418627689,1.0786068344785649,1.1004918463710014,1.115745873606066
2021-10-01,0.5684460598359049,1.129174863561751,1.0738959346344588,1.1003439493523697,1.0462758910550545,1.0840881285068857,1.0744106683954933,1.089778921154874,1.1092509990310082
2021-10-04,0.5727524704899054,1.1251116029716928,1.0659362865486126,1.0860252081583965,1.0486681656038686,1.088245787464814,1.0618969334811506,1.0820891624189544,1.1038916562473704
2021-10-05,0.5619335455568395,1.1371131563217471,1.0726515373042473,1.093451148591145,1.056051493026625,1.0969410445584686,1.0680570973243875,1.0924792841246616,1.115197515878467
2021-10-06,0.5798946383532533,1.1237944120529912,1.0551203189817682,1.0715963053657604,1.0487585303214053,1.0750125534452182,1.0491416260675446,1.0770084619420308,1.1004146014356864
2021-10-07,0.5906844621645704,1.1353180042710875,1.0647612189829083,1.081090524957616,1.0493605818132117,1.076471070569989,1.0624944779101353,1.0891445698130138,1.1124628485730947
2021-10-08,0.5952457194655352,1.1390741623725893,1.0703272382003879,1.0772006023500518,1.0449671802752518,1.0740073217957642,1.0624795009906487,1.084159476308041,1.1163170709128785
2021-10-11,0.6167852517215241,1.1439890803840655,1.0718188052191915,1.0739331395881964,1.045351636550522,1.0731772124954015,1.0686124465879132,1.0818720594233564,1.1221726464218207
2021-10-12,0.6020493348171706,1.1376894432949005,1.070092077871035,1.0743516427182218,1.0531557322420824,1.0760476287073306,1.071955906815552,1.0773381076325366,1.122654133590639
2021-10-13,0.6079284175116175,1.1327178006578233,1.0795717427182419,1.0854630632892126,1.0623104901694034,1.0839290736734573,1.0899591883270257,1.0862225072627365,1.119957599340973
2021-10-14,0.6207348652096571,1.152504836466756,1.0894893720767456,1.1015156423205354,1.0633473612759305,1.0893509418751353,1.1000507672225732,1.096606287282116,1.1317784751039714
2021-10-15,0.6258712220507947,1.1394560449660966,1.095684858835578,1.109871887221186,1.0499630004377498,1.0956077438825031,1.10831492730448,1.096862376147994,1.1381439702024887
2021-10-18,0.6351429956065662,1.1167621583883658,1.093375326866401,1.1035880355211258,1.055753216770986,1.0905612602790058,1.0975989028707962,1.0951489293667958,1.1324313155367056
2021-10-19,0.642689231484371,1.1222439389865297,1.0982117194352277,1.0980307458408403,1.0575423939103872,1.096831780386524,1.104477192674714,1.1006852972252115,1.1338486932385587
2021-10-20,0.6458452962151767,1.1323993135581216,1.0951844013952736,1.095058317876896,1.067358428870688,1.098874162991471,1.0976124663983766,1.1012103979673034,1.1330915412864198
2021-10-21,0.6417973182566561,1.1281422122092166,1.0945946466714107,1.0896245212100846,1.0664378364703129,1.1058348815876697,1.0971993737268981,1.097131199879197,1.125250164881656
2021-10-22,0.655069757742748,1.1148390911607737,1.089161661229622,1.0865485315956398,1.0738025202696426,1.1025966580444961,1.0994442085915102,1.1071598486479577,1.1247547199581236
2021-10-25,0.657632483623761,1.120546390649664,1.0954057516838118,1.0898921209169004,1.0718764536032401,1.1043279741624175,1.1003291725340232,1.1089416059641952,1.1266868938943004
2021-10-26,0.6389761107325467,1.120419411826727,1.1048018861345623,1.111456762016573,1.0834375767091937,1.116051938074205,1.1151209891691611,1.116810569331673,1.1348831458759052
2021-10-27,0.63040336511747,1.120656250241758,1.1000552699384618,1.1086216828921285,1.0971827033289803,1.1050593308616725,1.1158637267765787,1.1169749985891502,1.129144567242485
2021-10-28,0.6359948086675482,1.1179640023294501,1.098523598487218,1.1048951575171735,1.1160275633601493,1.0975383572382245,1.111977311515613,1.1174466280352355,1.1343921453539705
2021-10-29,0.6306144914653835,1.117944003985233,1.1067550698097803,1.1004286529434484,1.1077436399258147,1.0884386412274025,1.1112376435781148,1.1137683883260514,1.1294092789114256
2021-11-01,0.6410402066028595,1.126708154297697,1.1170123785368435,1.1083194325687826,1.121511802818841,1.0864887947392252,1.1107994766939662,1.1227734214158875,1.1413435966150252
2021-11-02,0.6241457652261598,1.1254112544499804,1.1126701006598774,1.1046905359965546,1.1285132989737172,1.0825220981896706,1.1095496589474232,1.1240039578549172,1.1367332504633345
2021-11-03,0.6375965459946678,1.1237002511790364,1.111730923423099,1.1035005639093358,1.1268482031383424,1.076874351605062,1.1124732397916282,1.1221042097098892,1.1333105678021056
2021-11-04,0.6542616894546249,1.1351434863765113,1.127302044619993,1.1274800546189752,1.1379754900081724,1.0753791161958717,1.133749073809968,1.131730848793318,1.1364518104796208
2021-11-05,0.6641850923889254,1.1537218788742971,1.1366270314370814,1.1338136115547128,1.1302755394104034,1.0761741172034403,1.1303354981970666,1.1337526990224174,1.158341814953143
2021-11-08,0.6756518988546264,1.151366247858012,1.129390331474574,1.1295298343013245,1.125093928056947,1.0858374822411594,1.1252461656334551,1.1361566749730396,1.1552064176119226
2021-11-09,0.6728197617775973,1.1463289485296653,1.1264442643675974,1.1317583410934116,1.1139709111546676,1.083144060231203,1.1201556716998795,1.1287480394132205,1.1498551992529
2021-11-10,0.695939080040267,1.1592513821527193,1.154273627653618,1.1428340305532378,1.1382049895171282,1.0913388891186824,1.127566104022909,1.1385799754317947,1.1636895647981147
2021-11-11,0.7168633221260245,1.166527024557645,1.1766600671226075,1.149962359118268,1.1412921362191675,1.1013682255046666,1.1301732482097826,1.1529806667736262,1.168221000708712
2021-11-12,0.6947595954089745,1.1543612290915577,1.182872058539342,1.153791390703241,1.1457607142254347,1.1047780098342073,1.1402296705609944,1.1563664145321377,1.1677072851024866
2021-11-15,0.6939078125024343,1.1576684532005355,1.180520580265345,1.1490228718260092,1.1455818995446139,1.1107935143411534,1.1379579010444407,1.1486298810312878,1.1711217387752682
2021-11-16,0.6945666292686228,1.1537507333983419,1.1787260699196551,1.1461794183125336,1.132506128278012,1.1058001889255475,1.1469993579824018,1.1499295158737897,1.1666564269120379
2021-11-17,0.7039185055987254,1.1570383711239376,1.1655375550484715,1.1433945442769584,1.1234312686778083,1.09359265875687,1.134710458778481,1.1393093940476084,1.1623678290650075
2021-11-18,0.6868311094429415,1.1552572342372815,1.174278218239821,1.1452844667292235,1.123080457403021,1.0992541559386244,1.145989641444975,1.1381686808197917,1.1618661449583454
2021-11-19,0.6826229071425836,1.1444931699285597,1.169072154981241,1.1367367745761254,1.1245640293447414,1.1029543891126827,1.1463126789215072,1.1381654340113287,1.1517392513027602
2021-11-22,0.6699146979526287,1.1400273534114291,1.173746022043872,1.1394810589020377,1.1235825471441792,1.1032703273715005,1.1477283021770166,1.1380617682269345,1.161808803810118
2021-11-23,0.6549459027636506,1.1454035557350413,1.1700850987930953,1.1338351761925403,1.129535042525477,1.079929125586963,1.1392527346210601,1.1251888054268753,1.1543008806649746
2021-11-24,0.6428384585324975,1.1437473080469907,1.1694470944428976,1.1384240859027726,1.1386033310176336,1.082726061857491,1.150634197671746,1.1264998123385528,1.152915603393375
2021-11-25,0.6400899783726002,1.1496847589303099,1.1759597071356815,1.1436409933601523,1.1473423149861959,1.0836021844823107,1.1578489792673232,1.1283341290107118,1.1577257234011504
2021-11-26,0.6311749437611842,1.1075540015777994,1.1272655951231136,1.091319095407182,1.1391760959542594,1.0847053656502879,1.1281673117136017,1.0915191543998954,1.099136404617476
2021-11-29,0.6365225624318172,1.1194499646271165,1.1385473026236796,1.1096355552556811,1.1393829973840695,1.0924620067574213,1.1379375100122853,1.1027237275853554,1.112139641641974
2021-11-30,0.6362640432023718,1.1063614677200444,1.1256481305399724,1.0943557359679634,1.1371497768541836,1.068116123775217,1.1253388645569329,1.0882252605932083,1.1027389054725865
2021-12-01,0.6289507402374418,1.1171567552060226,1.1442532626641257,1.1291870096906067,1.1424350592733234,1.0811653245563952,1.1439386278721697,1.1043561670454771,1.124927650081492
2021-12-02,0.6123510746938803,1.1133470273648094,1.131508138658264,1.1163551239369136,1.1316879233555321,1.0727284873967355,1.134546442385231,1.0896995853989682,1.1188272809216457
2021-12-03,0.6110515581020823,1.1200232290148024,1.135140294095112,1.1177271217367961,1.1416863472872338,1.0713675938347398,1.1319664421966709,1.0884237738336153,1.1156563242579876
2021-12-06,0.6136616016919294,1.14408793523879,1.15577974442929,1.1352029811333788,1.1569817851020245,1.078865707272966,1.1450486261914852,1.1036915520224302,1.130596321007206
2021-12-07,0.619118382742933,1.1562772596415556,1.174480217987297,1.1552895486251715,1.1638253642994139,1.0935669573268179,1.1643331828905459,1.1203555966416279,1.1504849367238836
2021-12-08,0.6113063068538138,1.151761708428572,1.1661702476574014,1.1558810219344207,1.1732650908840982,1.0947786311353436,1.1609308946090329,1.1224705628022267,1.145694940143503
2021-12-09,0.5981504203581247,1.1534956405320187,1.160188498046962,1.1548602919054916,1.1809513515589691,1.0982785707785976,1.1623623705204407,1.1185257487913556,1.1386351549705513
2021-12-10,0.5914086365654854,1.1510211753324078,1.1528747424883197,1.1508899604820082,1.1817263691416184,1.0961249048299777,1.1499806434203719,1.1109363935265162,1.1318863301479924
2021-12-13,0.5933524560733094,1.1412314725756532,1.142130246073961,1.1358670766997263,1.1820383244722525,1.0918910220348945,1.1431509595190188,1.1015528934039072,1.1167491952296607
2021-12-14,0.5865779623878707,1.1383547905539633,1.1314174618073742,1.1248411513462742,1.171812294325329,1.0883135144943517,1.1369659097095086,1.0851523374513332,1.1155151266012129
2021-12-15,0.580418606685279,1.1320236473677872,1.1208954945727856,1.1073550499331448,1.1804927969366024,1.0882754471406209,1.1418034093896527,1.0785077452241203,1.1062249742763866
2021-12-16,0.6016449453860437,1.1451022708454204,1.1302064057677645,1.122931042626678,1.1670858208872272,1.0895829563197452,1.1363168872106373,1.085943220144016,1.124769614421162
2021-12-17,0.6074948028384275,1.1425418244694392,1.1307108784088626,1.133902188031017,1.1802898018664094,1.0859785693714983,1.1463252757384625,1.0836614599587377,1.1230587102930125
2021-12-20,0.594266164504718,1.1309751630253786,1.1178076588545773,1.1227776242408423,1.1783381977173768,1.087505073873018,1.132202232494289,1.0762687021009592,1.1088768152496018
2021-12-21,0.5923768802478291,1.153019419022662,1.1310112997632429,1.1421087916516883,1.1855540987037145,1.0891505848048808,1.143215953965053,1.0954505654448912,1.1273664158480883
2021-12-22,0.5942152493861009,1.1633250997907845,1.1406100172329143,1.1626628125563603,1.1862337473249114,1.1011594289754552,1.1545610531358628,1.1011075858657624,1.140155761572248
2021-12-23,0.5995955853814403,1.1715368491288394,1.1489478892064044,1.1623927464062973,1.1877811860109584,1.1026154413557714,1.158065956382841,1.1090050869216816,1.1487971156279135
2021-12-24,0.6041422610914522,1.1754437041405776,1.153216035919861,1.1615776278011196,1.1857889757107387,1.1000535881364977,1.16093437371533,1.1099568835590599,1.1464734199536952
2021-12-29,0.5941970760659986,1.1869354295032546,1.1609206529679463,1.17339821673008,1.1984472175200875,1.121343925868138,1.1731892279168692,1.1213679144693705,1.160429361440939
2021-12-30,0.6003600160658327,1.1892530813116728,1.158387971240453,1.1676926211764687,1.1893818292903002,1.1182997870964426,1.1764589056084513,1.119726219992974,1.1610551803838478
2021-12-31,0.6140474793443829,1.1908576269467244,1.1570932997589478,1.1632211734039555,1.1800259623054736,1.115356393833551,1.1727272593100142,1.1191720210019733,1.1571470579682905
2022-01-04,0.5925735321739178,1.2047054474013288,1.1818692613941826,1.1888671241540907,1.1846306107549505,1.1097636368001076,1.1789652146947716,1.1278668261483995,1.191816377453101
2022-01-05,0.593006740647746,1.2086376050434617,1.1891215591594877,1.192190553405447,1.1769090584617339,1.1110898713298623,1.176728105303293,1.1260252853950719,1.1930431738195628
2022-01-06,0.5659340234646999,1.198886719335252,1.1718073010869807,1.1787774656334358,1.167325848684465,1.0990732426017449,1.1608044376228612,1.1072484029287288,1.1841878083131299
2022-01-07,0.5663817947363066,1.2068571154839558,1.1783139335866057,1.179030743355482,1.1680002711205095,1.0902144562738274,1.1576279978907107,1.1084548396402634,1.18795574634733
2022-01-10,0.5584387197474134,1.203457485690025,1.1596042892701979,1.163566193364425,1.1631663944999704,1.0799254522192536,1.1321952681667038,1.0951884983841829,1.1815477466958277
2022-01-11,0.5721443432335251,1.211735775568379,1.168601474807994,1.1696639502543567,1.1609701431937212,1.0846541699593037,1.1354447095523599,1.0991646704139937,1.183129813680359
2022-01-12,0.5807900042352739,1.2131093649968994,1.1676421765705174,1.1724344679636127,1.1592880110773198,1.0951238469343856,1.140997059159716,1.0963909341090268,1.1930484572505713
2022-01-13,0.5811103663849828,1.216434769008562,1.149284587799448,1.1681153101427464,1.1615080181110862,1.0870987276531763,1.134485969866475,1.0862241695178927,1.1951411623503034
2022-01-14,0.5661052451002476,1.2202548672734401,1.1350382034788558,1.1545402499534858,1.1705839017104058,1.0681646385793073,1.1230210808160281,1.071803406631974,1.189173418944201
2022-01-17,0.567816169281546,1.2391936688993748,1.1368274744325992,1.1665876019748187,1.1808982046441492,1.08503534294002,1.1386887105618344,1.079896831102772,1.1994334069257664
2022-01-18,0.5699748760957185,1.2399926324616757,1.1228754310173505,1.157228013548198,1.1816169602445281,1.0834007886100288,1.136573059681362,1.0669869879547762,1.1877878149597787
2022-01-19,0.5971931175899681,1.241555105436255,1.1298223711721662,1.1657425930446612,1.1778529248222198,1.0762128073866712,1.147716421429902,1.071635937358396,1.185259655659813
2022-01-20,0.6092350668628244,1.2401529488355056,1.1313678781495766,1.1627941060646714,1.1773939253775905,1.0822569843628702,1.1520560039951928,1.0808063599439857,1.1817605355958498
2022-01-21,0.5875245499413643,1.2243834345312914,1.1080993976684097,1.1506688471005695,1.1705949348149782,1.0625075030109707,1.1356959196682175,1.0613484864595608,1.1622056688458435
2022-01-24,0.5658940698047178,1.1864394820763828,1.0688588223973339,1.1150659712189877,1.1591610206606278,1.0448273248531446,1.0952096050022833,1.0259474441071215,1.1217954208831893
2022-01-25,0.5727451195535944,1.2010499202398772,1.079926404451737,1.121375826699066,1.157582135410542,1.0531418108929236,1.096423573596846,1.0295778290821394,1.142815866166712
2022-01-26,0.5235106894995306,1.2130300986822142,1.0956242623201702,1.1334110882232507,1.159546836167773,1.0579390988185182,1.1109177355035609,1.0380287350057489,1.1611045329014156
2022-01-27,0.5044648546586205,1.222356836182719,1.098447166413428,1.1340260386922456,1.1831483649336638,1.0744444185648323,1.1137879543748,1.044776223124572,1.1610664321674962
2022-01-28,0.49955050477069957,1.2088973726771364,1.0884870828946345,1.128534442437215,1.178393029900993,1.0640420156155495,1.1079659450076575,1.0346882485599058,1.1466841575430906
2022-01-31,0.5013560512571251,1.214023729755769,1.1045738774965785,1.13133102032684,1.1701264197615568,1.0617583214939268,1.1155210732864376,1.045464584771199,1.1576373952213677
2022-02-01,0.518967656308273,1.221041809499224,1.1154762135707015,1.143129701360044,1.1799551227896738,1.0544347106618077,1.1211580457033776,1.0514435457302864,1.1743519072952435
2022-02-02,0.5146103134937541,1.2295898897459063,1.123299461919024,1.1509504289361467,1.1885883280531904,1.0627881761989943,1.1299105618390504,1.0636442600990268,1.1812789025676576
2022-02-03,0.5091645485296357,1.2280151436387214,1.106101163005468,1.130520326022612,1.172055409263026,1.0456949290257962,1.120092485134821,1.0487862787129376,1.1697073429341904
2022-02-04,0.51194935478529,1.2265035928645611,1.0967474937398756,1.123304724155062,1.1540159912621697,1.0302732162956116,1.1044269119724086,1.038614738658844,1.1546965623586418
2022-02-07,0.5195028869711557,1.2339492846241198,1.09685097119008,1.1299841085481663,1.149852209503559,1.0225839197759616,1.1095966309778766,1.0409191383612386,1.1643912960060416
2022-02-08,0.525232687989226,1.2316467313449988,1.0928115893716386,1.1381407289693195,1.1555644684597925,1.0152919857710003,1.1090667470453368,1.042474507943147,1.1623092824682908
2022-02-09,0.529651992163689,1.2470987605736283,1.1161493131349756,1.1524719138318646,1.1598937147896868,1.0282855165019293,1.1303003266289515,1.056282053602837,1.1770901480622746
2022-02-10,0.5248602193757415,1.256112979706505,1.1135551264886594,1.1515324926169659,1.1673502408363456,1.0248418779085433,1.1385174789473627,1.0545394657146336,1.1837922454092669
2022-02-11,0.5181034086365949,1.2541184196319464,1.1070408779942202,1.1507056775600126,1.1654748219280613,1.0190768446537084,1.1253958327203195,1.0408994306137282,1.1801276433082282
2022-02-14,0.5393230655234236,1.2378477789212432,1.0828156093022583,1.1367899759969025,1.1424214966072408,1.0098480054719285,1.114229377985917,1.0213167843350417,1.153458852806502
2022-02-15,0.5247356690491876,1.2534901855869272,1.095569576687155,1.1504125454476817,1.1519812002451233,1.01999536444331,1.1194722881663117,1.0328306695835938,1.1729530392350858
2022-02-16,0.5426362458088203,1.2511045530720015,1.0913910729691865,1.1467717631705225,1.1552316468454962,1.0124881170133486,1.123181073806955,1.0289928202408003,1.1681910559458641
2022-02-17,0.5610024551081026,1.2348432777916727,1.0770461660042303,1.1338857218881246,1.1561757192360735,1.0054241084156064,1.1127059815602107,1.0221469208615113,1.152248972049806
2022-02-18,0.5657689856847111,1.228233611070809,1.0663409532231198,1.1285164855729701,1.1619811093540744,1.0011418650760158,1.1122321719753008,1.0184377948401497,1.1478187029221862
2022-02-21,0.5655643081100177,1.224721111118339,1.0541312156564298,1.1169557933209284,1.1547619739396286,0.9915980209075909,1.1021088978815234,1.0106802307604454,1.134530702622309
2022-02-22,0.5621502936256352,1.226931867552512,1.0624426642272995,1.125779091288738,1.1402069482678887,0.9907866014804996,1.0993624647758566,1.0149075901023568,1.1394832550668175
2022-02-23,0.5659617280582423,1.2207096932546542,1.0593418321490686,1.1252239578017673,1.1538063064536175,0.9900041121291585,1.0892426033332452,1.0133660522071204,1.1375351816965666
2022-02-24,0.5823910722873586,1.18856261852312,1.023871105652519,1.0946405812547226,1.1191652792463838,0.9704274742065987,1.0616463346121332,0.9676451690910938,1.0742897059973966
2022-02-25,0.5815101130863718,1.242669528248552,1.0597885503559323,1.137466359939789,1.1656382248115467,0.9966185893137773,1.0975524047237775,1.0049636142437164,1.1150741157496886
2022-02-28,0.5934991415700266,1.244124838384532,1.0637906967434712,1.1413500566889763,1.1852624544080774,1.0133623327188765,1.115092485000428,0.9999810259536092,1.1055858703939174
2022-03-01,0.6036640123235064,1.2298998836203832,1.034229607412254,1.1054069441118222,1.182201812396208,0.993497744783923,1.0935922201818031,0.9682921617900216,1.0674647561337727
2022-03-02,0.5979274767052382,1.2428699309920603,1.0526560954969162,1.1221209316389318,1.1704074437564453,0.9931004701284695,1.1019436839537442,0.9787598493424061,1.0881153344817185
2022-03-03,0.573178247021431,1.201523458655717,1.0166437452278825,1.1082189813423857,1.1535101309958478,0.9370185692563744,1.0703540231219948,0.9548552964005715,1.0534254455086336
2022-03-04,0.6036373491153555,1.160889470238577,0.9784975858029903,1.0596488168000229,1.1525483016996048,0.9168988920587471,1.030378534379928,0.9200399950912543,1.0036014315781026
2022-03-07,0.6095102666854733,1.1665452304968458,0.9672629565739824,1.0545052319413655,1.1537509159967059,0.914341781898935,1.0220777258661733,0.9011738141050938,0.9839756621489576
2022-03-08,0.6448219998673694,1.1605747341685695,0.9718149634180828,1.0423658754002108,1.1538249864513515,0.90388632834811,1.0173995912203408,0.889141158918515,0.9966706795665419
2022-03-09,0.5989984195217501,1.2009005044479444,1.0180381887895142,1.0831348137074792,1.1858818066382608,0.9310104971179167,1.0545733357450449,0.9396363436258051,1.0444328107348815
2022-03-10,0.6087184022727754,1.1983707774463168,0.9980468679377776,1.084521804099502,1.1796827200091309,0.9316025938681841,1.0355627330561499,0.9215739492515522,1.0376057672175312
2022-03-11,0.5943030110667826,1.2220884824604465,1.0072101483502378,1.0971525996561091,1.1649382031287305,0.9444553190383407,1.0483176644571233,0.9296722405430041,1.0499451019475847
2022-03-14,0.5808724394434035,1.2292194994116643,1.0171286227522485,1.0986814063171992,1.1752349986957973,0.9684568762360837,1.059490291504381,0.9453722579152045,1.0728708507424438
2022-03-15,0.5739998707078167,1.2361094497871679,1.0202649743528764,1.0892437835028204,1.1964078231251132,0.9563489812396528,1.049713519287138,0.9367919963799402,1.0647591712684208
2022-03-16,0.569630889880381,1.2487158016198967,1.0502703821338006,1.1212610659302547,1.1755464695239597,0.970398093000387,1.0792566774267505,0.9748471462094673,1.092586181006954
2022-03-17,0.5907021710925693,1.261007364975457,1.060592088046923,1.127757094369283,1.19950179826763,0.9799890603478898,1.0844362233445763,0.9908662560429811,1.0947175179324797
2022-03-18,0.5993305813910395,1.26221613749726,1.0681093143124336,1.1400199105505953,1.2015286115454986,0.9920352517505113,1.0897887464021374,1.0023332943284766,1.0948769675260428
2022-03-21,0.5929801900459823,1.265033831077719,1.0651036250631372,1.1418017692629232,1.1992879799365583,0.9807277657143035,1.0905715539917664,0.9940713344768398,1.102158347414563
2022-03-22,0.5744538315775608,1.271268483969224,1.0627981506858093,1.1483069565388995,1.2009344747903339,0.9777223097551995,1.0929635442189227,1.0003807126061033,1.1089543060973452
2022-03-23,0.5826343578453773,1.2748822979421444,1.057750392550438,1.134687650678827,1.1787324362619036,0.9742359307931687,1.0723004468668484,0.9885287784029124,1.101423257528217
2022-03-24,0.6023650712790427,1.2743322028400117,1.0585224702614227,1.1330788918896768,1.1928361769808913,0.9729741315789311,1.0690093171721147,0.9852211370385494,1.0997255761640834
2022-03-25,0.5841916419396406,1.2843259441675763,1.0642744917726588,1.1352590179507436,1.1949228500206353,0.9717603800643728,1.075760139692942,0.9847658495731768,1.0940166967121394
2022-03-28,0.5777046877520643,1.2771234822613882,1.0652536819327278,1.1321191736210925,1.2088032122315184,0.9769276712461554,1.0821785003973723,0.9907855931343779,1.0923274622202117
2022-03-29,0.5729321970247727,1.2883363091202769,1.0895169806826066,1.1449936188714398,1.2144940077816455,0.9872885720909534,1.1055311621721002,1.019041550637724,1.1110740427170138
2022-03-30,0.5923068856547133,1.2861811357249855,1.0778567521474278,1.1418467158294654,1.2393811816842855,0.9851892777560576,1.101150961407554,1.0110388505503392,1.0951556464069445
2022-03-31,0.5873741950593929,1.2790594344216613,1.0659314990502933,1.1267341072944972,1.2435048548561904,0.9737931966791462,1.087001080283407,1.0029153302804914,1.082778804014771
2022-04-01,0.5920601226729971,1.2733357811375408,1.0678353394428062,1.1362565734953667,1.2395947462782546,0.9670096831089323,1.089386479840494,1.0064408489679209,1.0846336482516554
2022-04-04,0.6037792080711162,1.2825342837338791,1.0748982275175885,1.1457910596038896,1.2440963736855084,0.9696722282127292,1.091087822688169,1.0117745939128306,1.086508088638874
2022-04-05,0.5952077768226814,1.2942625360977067,1.0760081428350394,1.1456293243131186,1.285675827190734,0.9760317099937101,1.099017455968094,1.0168046404239834,1.078342240515144
2022-04-06,0.5951407490018187,1.294812177954662,1.0568516292044934,1.1367848601167274,1.2961493750454651,0.963207615658983,1.0898060603018325,1.005851213281794,1.066709331703611
2022-04-07,0.5978719293059525,1.2935607020408482,1.0524932614837115,1.1291436726641393,1.290689759181739,0.9730498411531974,1.080381775697006,0.9953676213780882,1.0627887977690007
2022-04-08,0.614378387713108,1.3059494751912293,1.0616198718208094,1.1495272014548568,1.2974483027442656,0.9761492618656487,1.0897255320450892,0.9990903759023502,1.074727053569165
2022-04-11,0.6180379821599178,1.3066761125021429,1.0504971673695727,1.1441555334615805,1.2813712626757217,0.969574158851283,1.0828896762078384,0.990228550544558,1.073329236237508
2022-04-12,0.6373835003809141,1.2978985071738247,1.048292251791109,1.147230432021323,1.2747773411260452,0.959399077635066,1.0719278612101912,0.9895420201589097,1.0714921465376475
2022-04-13,0.6435205328289377,1.294501183115562,1.0485110775069615,1.1427332865754234,1.2740343276380233,0.9512812673417841,1.0727487392082216,0.9844910637059591,1.073595971571184
2022-04-14,0.6347632952611928,1.3017967465799758,1.0571405232968203,1.1447685186506336,1.2713428531650424,0.9609495328911337,1.0824751068164684,0.9910200343759745,1.0790543153839747
2022-04-19,0.6327890616065142,1.2927410162002269,1.0569498037593148,1.141965455952542,1.2567838078421227,0.9554108931817205,1.0771855399758847,0.9796225111422526,1.0819304915364654
2022-04-20,0.6312709477444064,1.3017813125656372,1.065552992101732,1.145811246701288,1.2664040087178474,0.9590451489886329,1.0782177833819677,0.9862118234700259,1.0918225910839794
2022-04-21,0.6209850530356869,1.3120457842340427,1.0745363092381086,1.1409516001001454,1.2583409158206547,0.9641205475127904,1.0804870835979943,0.9897109213728272,1.0983880449471728
2022-04-22,0.6189977876945224,1.2952983163695455,1.0569846063314623,1.1211869991503614,1.2658724202339529,0.9565043165898606,1.061739317275074,0.9751499544991412,1.0797706923637977
2022-04-25,0.5981174847945715,1.2847995720247607,1.0403077586629177,1.1012996712081633,1.2687424081308738,0.9557357479378641,1.0437737040615829,0.9609414879105092,1.0598123553856476
2022-04-26,0.6110474156517326,1.283341042239267,1.0269011845847915,1.094893095411035,1.2864596302770233,0.9434122530243834,1.0423028349248966,0.9505517578425733,1.0502209517339174
2022-04-27,0.6150072690259626,1.2911371680553534,1.0214675392847714,1.0981049904355582,1.3012159955158156,0.9437566770922081,1.041015291638566,0.9514968878489642,1.0515815190057536
2022-04-28,0.6030880287751927,1.300111799547287,1.0371586694384216,1.1095521289922234,1.3097713434083627,0.9373276612221255,1.044625026506344,0.961425779718827,1.069563487330941
2022-04-29,0.6115555463112685,1.3096686731692253,1.0406912079265866,1.112956718497035,1.2974627446242457,0.9446197821570271,1.0516158581933097,0.9656236796048541,1.0718319677004697
2022-05-03,0.6109724618547083,1.3132122429062913,1.0459345535314584,1.1075425615336505,1.2838426541956875,0.9474884381519459,1.0247208699618835,0.9607881472578208,1.0782651392968563
2022-05-04,0.6052652926316784,1.303980426107276,1.038479261673726,1.0920914533423547,1.2693547929639946,0.9208829032794705,0.9998875545371373,0.948270947293496,1.0688738718916673
2022-05-05,0.6174701815325265,1.2991986819913879,1.0351338572689153,1.0878631664554719,1.287815106623929,0.9029003082902576,1.008848673421502,0.9468413172184873,1.0595310439374253
2022-05-06,0.6248962839002368,1.2878873574596943,1.0153824271319591,1.063830379295248,1.2590354889572117,0.884785785625511,0.9779181478739152,0.922313155109522,1.0410775406290051
2022-05-09,0.6080505971198639,1.2598250887723037,0.9853089729472828,1.0306462027819059,1.244850648525173,0.8726239915102877,0.9510387671670586,0.8933797967398266,1.0190539961265168
2022-05-10,0.5997485386274686,1.264849209009727,0.9904356132223477,1.0322312937958558,1.2556235761405592,0.87278368316869,0.958136035990128,0.8951449183617833,1.0194681889435449
2022-05-11,0.6072942264805388,1.2861334509595301,1.0116343184367176,1.0538555984488505,1.267482189454133,0.8669301343392498,0.9754397234476162,0.9078092857914063,1.0318882939502865
2022-05-12,0.5588425578530883,1.268350921279803,1.0018647353871586,1.0466269603662548,1.2542681181292141,0.8585424624215416,0.962138240017489,0.9031401782740303,1.0242055546461526
2022-05-13,0.5713691066642406,1.3009511207334266,1.0268746868977248,1.067539928070281,1.2818521885015166,0.8745188380751368,0.9864720866429947,0.9273842958079376,1.0494254906590827
2022-05-16,0.587819460099481,1.3231388252102232,1.0265293687005765,1.076836016310498,1.2969879590214313,0.8778316217228469,0.9891441753205542,0.9272449494997125,1.0491415372514268
2022-05-17,0.5944734715601797,1.3333443098581998,1.0300575489946926,1.0941380672608867,1.3014795334663765,0.8748904300959226,0.995354677627393,0.9352993642357388,1.06173101355401
2022-05-18,0.569692098775365,1.3304501886431366,1.0155984264200062,1.0777554854713571,1.3097507154805246,0.8583325911207571,0.9900566634667326,0.9153189294167837,1.0562998347069732
2022-05-19,0.5892574334050805,1.3059147958741433,0.9799359808972554,1.0663183126338331,1.2826040120979059,0.8461221627851203,0.9757927061338277,0.8934461533134664,1.039274663431738
2022-05-20,0.5976448123317493,1.3229794809653233,0.9954011658137257,1.0806732435853372,1.2947255756187304,0.8527908505688101,0.9854349598315318,0.9100793414285725,1.0467584608599316
2022-05-23,0.6091235157896218,1.3432881049845726,1.010453747417234,1.1005830018044789,1.3034410999051005,0.8595413117052888,0.9963135067229417,0.9255897452006326,1.067951283437462
2022-05-24,0.6132665365343191,1.3268984805184596,0.9932556140178044,1.0990286364647697,1.28530022473541,0.8546671021054302,0.9862239848477004,0.9164886522180853,1.0663545715184248
2022-05-25,0.6017210027973229,1.3264439255233629,1.0052928085731916,1.1115518175054917,1.2867685706180954,0.8553921413697794,0.9921032195719435,0.9160411213367212,1.077573153805354
2022-05-26,0.60842487545648,1.321795716133303,1.029822030411694,1.1268408807298549,1.2360412055394807,0.8654649586073196,1.0092187075648769,0.9279400325028914,1.095309004760208
2022-05-27,0.5985483140191995,1.3219216957449504,1.0359707234343185,1.132290274753858,1.2250913415593503,0.8719934940761296,1.0155743853155292,0.9364050647165093,1.1052957166705615
2022-05-30,0.6018930087143248,1.3189766117561301,1.0515786656919595,1.133654870838859,1.2286792569879585,0.8751951965200511,1.024562895038776,0.9477441771668862,1.1112246333216025
2022-05-31,0.5854163340554897,1.314800833258912,1.0481669454345937,1.1300613668354096,1.230146735138957,0.8615015842961959,1.0153368708163315,0.9407435856364106,1.103049974218415
2022-06-01,0.5851773116788923,1.3095800707336447,1.0347157113223397,1.1228290321525896,1.202851323285627,0.8531686130515176,1.0053574393530775,0.9271594176398187,1.1032619309526697
2022-06-06,0.60001119364646,1.330720789641086,1.0485742541908942,1.1386597178384994,1.2145414537289867,0.866453315728777,1.021887559472057,0.9402969486398322,1.1161102630499198
2022-06-07,0.5970000584235531,1.333293793419524,1.0406039355695917,1.125131481779415,1.214362230123473,0.8539896963778775,1.0158680146854402,0.932496666425537,1.1087284498442807
2022-06-08,0.5969344087636861,1.3279144810230283,1.0469279478983027,1.1277171932619747,1.2108692081067445,0.8519935995378303,1.0111587980034757,0.9242534240197022,1.0992380100608647
2022-06-09,0.5740374902273895,1.3136112029756355,1.0356007772277271,1.1114557758466497,1.2019555066526275,0.8191326304893397,0.991359016288758,0.9124288010378651,1.0876660968107734
2022-06-10,0.5836868427689529,1.291239990846112,1.0094252235135481,1.083514967856448,1.2031014314430686,0.8151844899356557,0.9675789507191639,0.888358885096785,1.0597937248219234
2022-06-13,0.592666504926217,1.2701679224638969,0.981653635443245,1.057480180494434,1.2004253209242086,0.7900115167124349,0.9411393674087782,0.8723216332364422,1.0402868282975855
2022-06-14,0.5851970130606718,1.266580091289759,0.976670782061818,1.0551827247810157,1.167143973885955,0.7780129508717261,0.9300617406326765,0.859554156910677,1.0406262630472312
2022-06-15,0.6042462176332652,1.283145491509946,0.9902872354668901,1.082466341329225,1.180770617223989,0.7981223623096457,0.9526618441564341,0.8741989417662162,1.0563101007545606
2022-06-16,0.5976487257050513,1.2520335285627004,0.9477501771365446,1.0360487788314194,1.1624179134694452,0.78114250551068,0.9246791517072709,0.8462700744811785,1.016770962383179
2022-06-17,0.596931731996684,1.2636245247432398,0.9533239447596776,1.0437595275228957,1.1598877296783747,0.7872359304778818,0.9315968435611027,0.849954007111908,1.0231544431837
2022-06-20,0.5905824791064151,1.2815088527861531,0.9721341440938835,1.0527777257724975,1.1588123693981431,0.794869157119924,0.924860948552947,0.8577586016175793,1.0398251824833993
2022-06-21,0.6026139336833067,1.2864922320719032,0.9759586105328709,1.0543368471622039,1.148909875178654,0.7866183010490353,0.9262835492502486,0.8606854412878722,1.0405506879243123
2022-06-22,0.6025732327666724,1.2846670588002553,0.9678055045378049,1.0308849496212282,1.152096531212693,0.7966197298955157,0.9199110787012331,0.8607216020560298,1.0325614941166685
2022-06-23,0.5800243211364249,1.276910826217004,0.9585638973018518,1.0266223361016216,1.1413613632430637,0.7913522561022819,0.9010094662497994,0.8530574235062792,1.010504528048197
2022-06-24,0.5830144450102785,1.3040290481127335,0.9899023371549355,1.0511413696433467,1.1697121143875495,0.8149900999765147,0.9260720473462533,0.88086525663884,1.0304596217879398
2022-06-27,0.5895699199210195,1.3164691852523607,1.000077812632491,1.0573786089929964,1.183642539961472,0.8249361326149846,0.9352603443402047,0.88456381783108,1.0378211148034735
2022-06-28,0.5877341086653544,1.329503022928843,1.009281804070958,1.0686334583539874,1.1765320042999483,0.8198244007386422,0.9439938166697341,0.8893699954918783,1.0482342182650106
2022-06-29,0.5766704097799518,1.3181789205779841,0.9998456966846025,1.0580268793857672,1.1896650415381367,0.8176496428406586,0.92189261699177,0.8758560768704584,1.0388042208485966
2022-06-30,0.5686244288258534,1.3054898497003766,0.9833765132055966,1.0318986891440363,1.162701921354711,0.8075215722947974,0.8910176915113021,0.8649787259858459,1.0181166978234015
2022-07-01,0.555179950139526,1.309256601541682,0.9874753579949623,1.025765127570695,1.1810945635450854,0.8087063518589132,0.8845336333677974,0.8665706038217061,1.0227761272478522
2022-07-04,0.5737446006719521,1.3194783020077747,0.9955610474413349,1.0315014439442571,1.1908571916892616,0.8089604185105952,0.8851684251681573,0.8659466074887276,1.0297325629974527
2022-07-05,0.5432312134967416,1.2758729433581253,0.9785086746222635,1.003449322178906,1.1809145095296105,0.806963562112732,0.873196480900638,0.8492324503343767,0.9979188079648641
2022-07-06,0.5265759917282165,1.292474381220407,0.9931611260975085,1.0239021410075768,1.1888450867493219,0.8306832853421634,0.8893402239564415,0.8687384617840976,1.0111965447685252
2022-07-07,0.5260782272529989,1.3072135162817535,1.0071818583477805,1.036882245168796,1.187717097842451,0.8354732934092528,0.9046590413873618,0.8743760189318595,1.0339823288201049
2022-07-08,0.5314531605365558,1.319280433660693,1.0096016588678545,1.0420305794137792,1.1749728506833228,0.8434482033593491,0.906448100058394,0.8799206977949832,1.0392962443452745
2022-07-11,0.5202292674637581,1.3219171179421425,1.008522456694865,1.035486914229552,1.197115105220949,0.8409730751932563,0.8982240294116972,0.8767742667642855,1.0355466191995175
2022-07-12,0.5143120428548744,1.3252763942299766,1.0079374091036148,1.0438419136998482,1.2027729849771056,0.8490531922517397,0.9016760433994051,0.8837255794926422,1.0436520436368462
2022-07-13,0.5286337020050575,1.3175594448201269,0.99831369547633,1.0361367804523096,1.1968439500315722,0.8427222090421609,0.9017936303165962,0.872974057837925,1.034390743905406
2022-07-14,0.506687624707835,1.2990647928687131,0.9900596225726569,1.0160351396433627,1.196205990210015,0.7980240329063643,0.885711828762928,0.8637132321678709,1.0165896574478344
2022-07-15,0.5090185415590281,1.3191586419140893,1.0137153373286394,1.0263552258135917,1.189847676981671,0.8025738103143325,0.8970205303809736,0.8795976383409836,1.0422203940756527
2022-07-18,0.5118287589553706,1.327001162738291,1.0250771268780734,1.0428685387125896,1.205776122048066,0.7943707856732386,0.9076295423689978,0.8881613839628475,1.0538685422952276
2022-07-19,0.511019873918531,1.3405853591169627,1.038172575459742,1.0527657417016711,1.2141897731324094,0.8010897336171412,0.9211789607592341,0.8979787773616498,1.074739044432671
2022-07-20,0.510263367797624,1.3372402970003883,1.0429672439155155,1.0557541025834674,1.2123550763798554,0.8023960302728134,0.9248106565970201,0.8959647796509905,1.0752005226617056
2022-07-21,0.5078668371216396,1.3326775519694574,1.0523412958302396,1.0653659685243169,1.1999193904042371,0.829634098395942,0.9366839889429476,0.9072783400629699,1.0866429338000971
2022-07-22,0.5171012301089891,1.3474579725530116,1.0501187658694446,1.0637095855386427,1.214572369876148,0.8341963529433999,0.9483196957486798,0.9053539692697852,1.0858144528326241
2022-07-25,0.49731394007857443,1.3545055346297736,1.0448023061869318,1.0669292399504806,1.2121192903001963,0.8365329531962216,0.9434023083940096,0.9013692742860295,1.0914582272439772
2022-07-26,0.4969409975418334,1.360644420294595,1.034373249887858,1.053790990481015,1.22073664008313,0.8311757759909804,0.929742390115616,0.8861700735446949,1.0795989110721422
2022-07-27,0.5011131089446577,1.3715713560893263,1.047153935394748,1.0657617311039493,1.215841242550549,0.8375679052325468,0.9273848012574314,0.8933878543199459,1.0909398182403456
2022-07-28,0.5273139967856372,1.370510625465118,1.0520427141012823,1.060317225789812,1.213888554866764,0.846343803861396,0.9442270797166099,0.9056622363407555,1.086228550171015
2022-07-29,0.5411773239256724,1.3714421883967276,1.0661519307993677,1.0662787121410493,1.2283928502864716,0.8577286113760216,0.9616012721426822,0.9235491337901132,1.1053178546040796
2022-08-01,0.5361097342178792,1.3825758795280538,1.0591512932324492,1.0688583122373283,1.2243180824541458,0.8577420431134695,0.9519710917663247,0.9225933540084392,1.1095602451535476
2022-08-02,0.5340834832695857,1.3899499187143727,1.0567007628596798,1.0468923025311971,1.2395064751439633,0.8534107701191082,0.9377194729310114,0.9145098005550938,1.1082818390668803
2022-08-03,0.525122187147157,1.3889978146812736,1.0697079961886005,1.055245082034232,1.2274980519011278,0.8580625567584464,0.9428156621493523,0.9230326993232748,1.1144996929354876
2022-08-04,0.5363605446956865,1.3881174464036568,1.0807775116200002,1.0644040089086502,1.231791990583414,0.8687934621002267,0.9475434131058995,0.9291187456504987,1.1122140412143608
2022-08-05,0.5413940367396903,1.3824315210619886,1.070291663488486,1.059801036224468,1.2211131258262016,0.8566096421430976,0.9330659874997311,0.9183930956814186,1.1125385753766541
2022-08-08,0.5573152336590257,1.382102361215061,1.0833201712292413,1.067616569375244,1.2266013807484644,0.863843322070815,0.9440014347879722,0.9308201376944378,1.1192315814385212
2022-08-09,0.558629746145243,1.3940240344773966,1.072770822564104,1.0558224883628364,1.2354693135242556,0.8587090704765663,0.9313073214880975,0.9171403496781838,1.1153674894140264
2022-08-10,0.5730145014027432,1.3892802562837707,1.0898187230170704,1.0767833700116811,1.2164245254712813,0.895210092812246,0.9549149792990991,0.9361915780423928,1.1334745824845063
2022-08-11,0.5755880445111652,1.3837366521431764,1.0860212299170675,1.077117828442991,1.189364568128352,0.8936984385904458,0.9505640220298841,0.9320943052516913,1.1282320773615822
2022-08-12,0.5742721538639521,1.3929393675398465,1.0855082693151092,1.074709695893401,1.2013831711857892,0.8957844860358288,0.9498232022689815,0.9400161258048002,1.1287592562231683
2022-08-15,0.5667867454873236,1.4001787096723153,1.089693470175009,1.0731380518809441,1.2019907164435613,0.9052860556050182,0.9527694440612436,0.9409371743703832,1.1338206743585375
2022-08-16,0.5611529250135701,1.4055184647093846,1.0880735199164737,1.0802306964178565,1.2154153130811354,0.9025145819604325,0.9510341679909058,0.9375707908677997,1.1393981228780836
2022-08-17,0.5535467806867669,1.4000370691477328,1.0824060158134372,1.0707375696166248,1.2113788175931348,0.9000285526864715,0.9295709332822525,0.9255397902060919,1.1329153979764586
2022-08-18,0.5622666044559153,1.4068169715350498,1.0905872402253811,1.0774879748624766,1.2125604943079566,0.9043333256240527,0.9358127969829092,0.9234426821207643,1.135706943633671
2022-08-19,0.5614983770687272,1.4131027239454361,1.089347060252679,1.0617798922866215,1.2141634158623238,0.9015615475195201,0.9147636035816605,0.9188696220361317,1.123525172676401
2022-08-22,0.5633971922171104,1.4094049220055316,1.0768139996102337,1.0528255232493844,1.2235159403365947,0.8894341661997752,0.898747986001944,0.9027322889866201,1.112466791215194
2022-08-23,0.5671253582818027,1.3931713251192204,1.0696144045586837,1.0498243141883365,1.2031822305938187,0.8732202404255345,0.8907326745366102,0.8940432507986831,1.101331809212994
2022-08-24,0.5706040596710371,1.3949491956176672,1.0717631160587155,1.0434802768376914,1.195791529245155,0.8709147173307751,0.8811162962688629,0.8926017476723889,1.0995127597056173
2022-08-25,0.57113729997104,1.398689724276685,1.0709841031485698,1.0429085158738698,1.1821446415603685,0.8664937215266577,0.878153002778802,0.8882438103072288,1.0941293899411992
2022-08-26,0.5654668571370471,1.3850623863741989,1.0521453382374741,1.028240321172988,1.1767614129369068,0.851396606415918,0.8711418246544299,0.8752954572270797,1.0831976725824544
2022-08-30,0.5317486553817099,1.3615840248456577,1.0472531681506867,1.0221054284813524,1.1545138486477984,0.8483026920088312,0.8674786446182705,0.874373139336482,1.0737481423280497
2022-08-31,0.5343946922488614,1.3554805972127557,1.043134485071348,1.0149693748196122,1.1296285901268104,0.8395142156427164,0.8561498693964059,0.8696959679191965,1.0678948249362827
2022-09-01,0.5094375944129614,1.3389683270372752,1.0170413779710699,0.9804753200662619,1.1235656842524206,0.8109859271430787,0.8209569951011164,0.8436130124228952,1.0427028204108193
2022-09-02,0.5331580164329661,1.3593032252215502,1.0409464211652584,0.9933656401174848,1.1311206804931737,0.8267708643020162,0.8424720501714404,0.8704843370725781,1.0688748609432261
2022-09-05,0.5266300372576291,1.3600706857353055,1.040330578422469,0.9933146591928023,1.1383880641893669,0.8280015182189784,0.8377170758809472,0.8638932000070758,1.0637381276546465
2022-09-06,0.5326938057921271,1.3683829412992354,1.045126194302628,1.0126693559982256,1.1322173974681458,0.8440829524459289,0.8476356801834775,0.8747593878337283,1.0769102925872198
2022-09-07,0.5426501805224047,1.3683184032709461,1.0373041110704573,0.9972634165600479,1.1358352362275708,0.843939651914328,0.8402396168517773,0.8721756181886297,1.0699746624482946
2022-09-08,0.5488284012381988,1.375753407982214,1.0366138838683356,0.9886402817886822,1.1272882334854286,0.831488144082527,0.836714564364357,0.8749915807970031,1.078160023057572
2022-09-09,0.5623111949770292,1.397687838500417,1.0525377076254665,1.0077930056476705,1.1393425277853875,0.846325606357063,0.8557408890192636,0.8875443352506143,1.0952994323869452
2022-09-12,0.5744566190683178,1.4131273843329009,1.0718081637332888,1.0334875252299534,1.1558215150376323,0.8695419125771564,0.8767684019297862,0.9040459275637619,1.117981488549166
2022-09-13,0.5618271345203141,1.4036186496334668,1.0507107685685786,1.0170765804147672,1.1487062262941303,0.8532184750623888,0.8539025131981858,0.886692609569548,1.1014701115179095
2022-09-14,0.5572642081293655,1.381023979047125,1.0408661094871938,0.9982291976615021,1.1168388290890552,0.8353728384280255,0.8414088242369098,0.8682778295479354,1.0803241643598172
2022-09-15,0.5473698364526686,1.3803449530044178,1.0355038701978414,1.0045664920590927,1.1062316960078973,0.8380952588742918,0.8426387943073905,0.8694424942109658,1.0856789915064944
2022-09-16,0.5476575975392646,1.3690100818200313,1.0229824144757826,0.9932101503904751,1.1062994082646944,0.836534573994876,0.83940988663401,0.8601086742725638,1.0800573402343332
2022-09-20,0.5498318799824784,1.357123240140653,1.0076821594676493,0.9789991777477803,1.0875177261716016,0.8181828693872475,0.8122409501153904,0.8525742286851852,1.0746281285430923
2022-09-21,0.5566248555905912,1.3752191050137803,1.016571557335101,0.9847703248740218,1.1007805307073315,0.8286314403212577,0.8220828952785966,0.862820775595295,1.0756159500598501
2022-09-22,0.5483720376950821,1.3612068868781264,0.9985940953436486,0.9772134141266575,1.080153827288878,0.8086933133643845,0.7991958494340021,0.8405732438420623,1.0626998787201598
2022-09-23,0.5197290039519675,1.3341607376611462,0.9800037861935343,0.944258808664796,1.073716953624268,0.8053734953155398,0.7723159445038053,0.826360859627294,1.0410382427145781
2022-09-26,0.5341060315650796,1.3324964734035878,0.9811715022427208,0.9268426893328363,1.0574090188643832,0.8033451516523854,0.7579226108123436,0.8267790958374425,1.0382225739787367
2022-09-27,0.5300172068525127,1.3232006837083872,0.9774154990463301,0.9112738374101331,1.001170985694523,0.7923887582499074,0.7307238680049022,0.8262901068916985,1.0313392232981102
2022-09-28,0.5531833247732982,1.3290521393994645,0.9828213043560033,0.921997324065774,1.0240515936554604,0.7812728510856572,0.7599656301056611,0.823390085991245,1.0127686282228268
2022-09-29,0.5461810950325519,1.3088629373903318,0.9519057442826206,0.890744501027135,0.9939949731857268,0.7617488434456584,0.7334497242898844,0.8044381426168611,0.9812314679217157
2022-09-30,0.5602851398381327,1.3082872797605876,0.960766970207845,0.8984035999475003,0.9955647767137812,0.7715786468704582,0.7575196764425842,0.8134505641135965,0.9953706321678246
2022-10-03,0.5630674193531588,1.3117795700072001,0.9615352325147589,0.9120469983343474,1.0100826035010046,0.7744597596586882,0.7665576668241627,0.8152463240149367,1.0006329139434729
2022-10-04,0.5799474112501756,1.3436330206054334,0.9931913473908659,0.9421334911401757,1.0143844015014614,0.8034208818921905,0.780323458065336,0.8438146805837172,1.0325600075850696
2022-10-05,0.5647823556745207,1.3505837213329697,0.985897911357926,0.9327850595066535,0.998343075982843,0.791764595711286,0.7643518829597762,0.827347312452305,1.0214027299125725
2022-10-06,0.5700188823205241,1.337987081640304,0.9870000272308969,0.9279433287381766,0.9828578002988435,0.7890130666727767,0.7619200681878772,0.823897518523146,1.0164113824617635
2022-10-07,0.559817323386998,1.3429579021402656,0.9764447493902657,0.9164588584527285,0.983531633936267,0.77712393518609,0.7503031445038159,0.8104961587677852,1.0062647229707928
2022-10-10,0.5507421394832489,1.333397582665284,0.9762327008608989,0.9198669409067993,0.9734901884131792,0.7796008230986875,0.743293456408417,0.8148654239665098,1.0079059387876037
2022-10-11,0.548366762642993,1.3269126645318565,0.9630861689899831,0.905896779946042,0.9629289321960094,0.7763003887862869,0.7360613054640663,0.8011878630652421,0.9952047543429928
2022-10-12,0.5387601577335258,1.3202353007779568,0.9503271675729791,0.892762371102213,0.9483287364875682,0.7663011248669145,0.7223413754245818,0.7891166212919728,0.9738932949419055
2022-10-13,0.5192740423239361,1.3244506035008772,0.960132595625351,0.9062948010847212,0.952420624792525,0.7667583136755939,0.7338050839277837,0.7953914464511793,0.9973633213499914
2022-10-14,0.5064011782960596,1.3294750111348166,0.9645910282217444,0.9119237180984884,0.9685786944373078,0.7740692289794814,0.7383815148740668,0.8010607866283974,0.9986111558800604
2022-10-17,0.513642022644198,1.339098903579995,0.9746961071693083,0.9279482892458165,0.9961905668778769,0.7807099945416746,0.7609736140721867,0.8132780160370283,1.0174144104222782
2022-10-18,0.5136028650977695,1.3391281601561322,0.9830229594934825,0.9282944101981035,1.0017178641960047,0.7886462491776434,0.7576800256383985,0.8212776470138079,1.0231415088582614
2022-10-19,0.4994579183312686,1.333981316321074,0.9804242277528048,0.9132223493540086,0.9954564523185019,0.7786461406680651,0.7425548437993321,0.8156957199795039,1.017387490792364
2022-10-20,0.518190298805757,1.328768565153392,0.988505643977529,0.92159675881777,0.9862909238441777,0.7852523972535802,0.7524696622627878,0.8191170952157252,1.0188337258233142
2022-10-21,0.5241020647941667,1.326960565691151,0.9817143306091803,0.921698193063534,0.9912843591742106,0.7854026367375128,0.7481618639565959,0.8137409571624092,1.0144701226805355
2022-10-24,0.5148683389029148,1.3510264804112608,0.9931524872626007,0.9367480734020046,1.0133322259614952,0.7960987767630263,0.7567283595225955,0.820581352651522,1.0274876890615707
2022-10-25,0.5224263179249485,1.3562045978124269,1.0034333144576395,0.948475160798924,1.0264628482651612,0.8175441752156639,0.7817982211092923,0.8330696016055997,1.0379403909941844
2022-10-26,0.5396806886504989,1.3687827682555784,1.0140870927624193,0.963277509833074,1.0259466068601493,0.8232117609037254,0.7900447214930085,0.8382195482915556,1.042725039393883
2022-10-27,0.538511802726892,1.3713660862646577,1.0197923508955475,0.9554010878033576,1.0333661713162838,0.8244711555727084,0.7903012483742182,0.8336880358588852,1.0326271630611317
2022-10-28,0.5227368624585396,1.3816792408255896,1.011365802699162,0.9458193474175446,1.0436930577581962,0.8144181512120019,0.776907396028355,0.8271774165657039,1.0199014693693238
2022-10-31,0.5249733475412515,1.3891996917663219,1.0187272829408494,0.9499739758563633,1.0447738704642033,0.8183886569221523,0.7744124057858274,0.8311280933380304,1.0265558802544168
2022-11-01,0.530097134514735,1.3979568722146392,1.0297869189128046,0.9691083051226362,1.0534480414215914,0.8270707219870655,0.7902488237230589,0.8383081409271084,1.0433605771541843
2022-11-02,0.524067641965777,1.403287779617785,1.0244964911202479,0.9539131961768879,1.0578554965928544,0.8189399782468944,0.7830154101008926,0.8338278806603205,1.0414997784805289
2022-11-03,0.5057799141167685,1.4200235641140313,1.0263036731533097,0.9517204868718862,1.0492061810549924,0.8267790367574951,0.7741961029959211,0.8271892536421843,1.041299453800724
2022-11-04,0.5444676340477,1.4208485346574402,1.043346621516628,0.9668440721142129,1.0615353561168237,0.8330884435477535,0.7990592951544913,0.8506750394814553,1.0653231223381376
2022-11-07,0.5529869197831343,1.4078803621808165,1.0426969820686531,0.9676413378483559,1.0490348832502017,0.8425484977675546,0.8026346568835814,0.8538662635584432,1.0716272913871263
2022-11-08,0.5765012644474293,1.40668129374712,1.0455950375451915,0.9721153315918976,1.0682483063402084,0.8427384875997426,0.8005431766833249,0.8656815159971417,1.082370439258145
2022-11-09,0.5830375143661318,1.4108859040682338,1.0419806530163278,0.9689450162799113,1.0799285635112965,0.8489763620022909,0.8029295338170209,0.8613552199230058,1.0842423807722392
2022-11-10,0.602088631015518,1.4281152581587666,1.0680446800230188,0.99021642243799,1.108809175173259,0.8707360823999638,0.8423534492025622,0.896504045713958,1.106432868315816
2022-11-11,0.6057457068733253,1.3815897962850425,1.070034917288408,0.9944576340973997,1.0794824345276104,0.8772988836933712,0.8507147552912997,0.9059041254567792,1.1070731288318958
2022-11-14,0.6144138864116198,1.4044940742581922,1.070846492316699,1.0015730438051698,1.100759244557814,0.8914564868057474,0.8455282032707822,0.9048740368445067,1.11185750246644
2022-11-15,0.598078196568506,1.4155905441054044,1.0701358475828127,0.9998817982041523,1.0886837054958103,0.8778656874628663,0.8458860393110643,0.8971625895749027,1.1054268754772534
2022-11-16,0.5943653333923008,1.4220577141753499,1.062818115314193,0.983524717039468,1.0944818554420364,0.8622215366965439,0.8284265001513138,0.8898956934660116,1.0955212510504706
2022-11-17,0.5859554864321481,1.4338778937664316,1.0599331192656716,0.9792515152662905,1.0863316777284597,0.8565884158401273,0.8256250679942733,0.8878691158703405,1.104187556301413
2022-11-18,0.5986633800388813,1.4397530842364796,1.0707532294732613,0.9870059647217914,1.1084968680140268,0.866748872677092,0.8378740841131808,0.8994631916582786,1.1175821817987979
2022-11-21,0.6020591085411913,1.450874682180251,1.067682788815812,0.9816846567442362,1.120743312537399,0.8662035826367555,0.8348117440253164,0.8971277564434406,1.118516145169298
2022-11-22,0.6162889719021207,1.4661036243617696,1.0794855430854997,0.9921859508417388,1.123558211661112,0.8717901545806798,0.834610163241246,0.8961783520727195,1.1224010924819912
2022-11-23,0.6179908782882702,1.4656783084393632,1.085222825809017,1.0111957345475129,1.128203303021411,0.8790312262012787,0.8368742328157968,0.9034086180315637,1.129044199931815
2022-11-24,0.6235805149899445,1.4670304476982137,1.0882190566798988,1.0204428130448844,1.136807474312431,0.8847631753335741,0.8413076473814041,0.9075883712262166,1.132594673313121
2022-11-25,0.6172878665666623,1.4677647998585692,1.088892782816261,1.0215499222340478,1.1322408525571086,0.8862422888606218,0.8389844496042195,0.9083738508974277,1.133480847796735
2022-11-28,0.6126219315853463,1.4713255555069813,1.0816582421053527,1.0135451486317621,1.1216054317880846,0.8762203239502309,0.8294540353128521,0.9020645831552405,1.1212171868783345
2022-11-29,0.6132562934406408,1.4670786188154084,1.0788218238860339,1.0160909466963184,1.1095866929757086,0.8587112308908208,0.8317437090426297,0.8985676183950562,1.1265782063686673
2022-11-30,0.6255456996194594,1.4794156532282061,1.0854723061506395,1.0208212071025038,1.1129829542090321,0.862848050788325,0.8308939726252197,0.8983361852014442,1.129130296690291
2022-12-01,0.6316307067723781,1.4807848502610372,1.0858434025562798,1.0275038599507609,1.126004130681428,0.8744077853512461,0.8353604679873824,0.9100865134593655,1.12703491116628
2022-12-02,0.6276645184505071,1.474846808000027,1.0807537480361975,1.0313999624363828,1.126097999905158,0.8730159234947347,0.8414475961390053,0.9134918158210252,1.1303679768074988
2022-12-05,0.6282253112922511,1.472058422181638,1.0788082833400685,1.0329992054315686,1.131813086924387,0.869075697944027,0.8394839102440182,0.9107693137769199,1.127161528637621
2022-12-06,0.6123097291712292,1.46970498094443,1.0654849727909754,1.0258803325227763,1.1147240653584773,0.860035240560526,0.8362069562134962,0.9021394801009252,1.125921127468338
2022-12-07,0.6091267117248209,1.4642391332076847,1.059529518462874,1.0151868499333991,1.1310963191260999,0.8541791905251344,0.8317745258557975,0.8958562715464505,1.1158174225914808
2022-12-08,0.6188149380121122,1.4633685479232266,1.0611944229016712,1.003140532347813,1.1263402370274065,0.8467666935464542,0.8258631001524918,0.8907949202998774,1.1102299964644649
2022-12-09,0.615017163922112,1.4679201511404452,1.0662951923582893,1.006280700291384,1.1239188557537632,0.8581687270667946,0.8267569589052367,0.895787921539432,1.1218398089795056
2022-12-12,0.595730573314277,1.4659708854492333,1.0618755264249495,0.9975666625155613,1.1148361532490587,0.852654141717532,0.8153234229190149,0.8904185664166058,1.1142943417844542
2022-12-13,0.6067186604000274,1.4607454696976339,1.0797214296747002,1.0114411870947888,1.123484846329139,0.8595752992676574,0.8314076436561416,0.9049556905326814,1.1236665114830944
2022-12-14,0.6040994881590676,1.4701957403157317,1.0772350189146573,1.0114173217088025,1.1290130641009732,0.8597009006457121,0.832471972016449,0.9013978678371134,1.1181340468744236
2022-12-15,0.6031512603284961,1.4666433745165246,1.0607836492039233,0.9976830016899311,1.1286215558029096,0.8481570025130224,0.8216592443173608,0.8875767866610585,1.1050833156899256
2022-12-16,0.602863566982691,1.4514137001687362,1.0436655852011485,0.9833946978415118,1.1068148557142274,0.8368427760180699,0.7957963179220768,0.8690678562580951,1.0965569157667694
2022-12-19,0.6075572066024175,1.461382638867941,1.0475540824440446,0.9837424254699229,1.1055340841824755,0.8405050013730833,0.7946600330639542,0.8663418523854889,1.098711265188915
2022-12-20,0.613122403727844,1.4655381779845122,1.0470642009879834,0.9842547471795755,1.1034927714613743,0.840297428155418,0.7870307907592077,0.860387715632763,1.1014963898059575
2022-12-21,0.6235202187645066,1.4902549978485393,1.0680998151909504,1.0046366986514035,1.1124377995191588,0.8453703523122017,0.8061273626094312,0.8790192430426113,1.1173056268387263
2022-12-22,0.6184259901004254,1.4911858291644522,1.0591574237908754,0.9984423205695799,1.1044863178794828,0.8373821922892324,0.798754063745984,0.87037690442687,1.109962901805859
2022-12-23,0.6216794263014469,1.4916712678713553,1.06231248293484,0.9989453722129801,1.100549627402124,0.8384391141146141,0.8020008662244879,0.8743445612402967,1.1118248986916384
2022-12-28,0.6291360263443796,1.495114017690809,1.0663575117824495,1.0029563896749651,1.1071554770788121,0.8417919900263325,0.8073173823945754,0.8783423212657405,1.11564880562647
2022-12-29,0.6264989596492201,1.4957942158199664,1.0729923661112983,1.0037530275165365,1.1134960132370533,0.8447309865644073,0.8132265472257703,0.8835860998187002,1.1195792496954549
2022-12-30,0.6304552136665658,1.4874220873373865,1.0658727609317216,0.9882222834885253,1.1016984162744914,0.8364901951055095,0.8041948285803993,0.877056270198096,1.110262086572472
2023-01-03,0.6345245367432968,1.488256079000693,1.075754464568109,1.0050061135608623,1.1027429596324154,0.8525940199955409,0.8215741142753349,0.8881064330072036,1.1302939558772294
2023-01-04,0.6702545867277333,1.4896567677530852,1.0828630271087438,1.0048991336859798,1.1212136153310337,0.8762374613836854,0.8406731034411771,0.9043199512105261,1.1494948386858808
2023-01-05,0.6608410238510347,1.487171288396593,1.091982777227494,1.0193837339692822,1.1167926177862428,0.8767729320962587,0.8433803408583392,0.9034474919889858,1.1665716992541175
2023-01-06,0.680511983971452,1.4979956501931293,1.1003944546259303,1.0346418940863982,1.1312835982156508,0.8825071345694753,0.8504145670262602,0.9101313386494928,1.1709840324536136
2023-01-09,0.6673676953700638,1.4872126720825163,1.1103004494240756,1.0443184574912991,1.118443738050318,0.8858882718108569,0.8578916908862804,0.9190318272613993,1.1728171554571538
2023-01-10,0.6716739262260442,1.4913617248164168,1.1138418266663273,1.0323326528511358,1.1134310916660137,0.891477866738607,0.85072924684075,0.9178680567757401,1.1654808745501062
2023-01-11,0.6715349912015174,1.4921291239753913,1.1250058350242291,1.0423124580235397,1.1231402075481536,0.8801686869397525,0.8662387955523319,0.9288435152627154,1.1713021553412073
2023-01-12,0.6858629383249433,1.4967271089704857,1.1308043537245747,1.066221161143237,1.1267342700954344,0.8847214054394561,0.8897389054624726,0.9437978012770412,1.189172199905037
2023-01-13,0.6817873488141398,1.50568948322381,1.1376995560500676,1.0745325181332104,1.1231829457177505,0.8863880013081429,0.8915460997075514,0.946018484933497,1.2004359724320204
2023-01-16,0.6845649953018115,1.4957389702781219,1.1444530693891597,1.083755441584885,1.1202614191963884,0.8913500216102324,0.9012452055790916,0.9539435088038908,1.2022648108101675
2023-01-17,0.6723099704356731,1.5017217224981392,1.1434163236262742,1.0830373526183197,1.132546363111525,0.8886432029540481,0.8985329492392478,0.9508608289735409,1.2002133484296573
2023-01-18,0.6732172228838998,1.5022131665290415,1.1447824911539284,1.0854323380814224,1.120446353508902,0.8840591584141451,0.8991014026350476,0.9458570649998216,1.2016086420407792
2023-01-19,0.6668446524790292,1.4985508458388719,1.1293685453711078,1.0682461569993995,1.1299310573959225,0.8747423693755496,0.8825604707855279,0.9345366627355982,1.1849148644476981
2023-01-20,0.6713423540212173,1.497408974127965,1.1384193168522174,1.0785731913697083,1.1393439623476533,0.875522894785226,0.8840924944168347,0.942913552114463,1.1945580867576557
2023-01-23,0.6454803428357105,1.4935230160766277,1.144874280100475,1.088225278647692,1.1328705766825569,0.8814448321287291,0.8872685893688376,0.9456253570876921,1.1982511968471163
2023-01-24,0.6495936390302406,1.4933201209949865,1.1422898245086552,1.083539717202151,1.130797505860279,0.8794711876889004,0.8908084842219581,0.9502838957334484,1.2056946484886009
2023-01-25,0.6420700225277125,1.4891636494220428,1.1275581669316335,1.0735101812680625,1.1441387397113911,0.8714362790830098,0.8926494987257263,0.9444749566267594,1.2071116065324843
2023-01-26,0.6457484366504467,1.4971083603949278,1.143379314099901,1.0776521080396109,1.1416137178824635,0.8829216296658855,0.9010132321842802,0.950192427618125,1.21660927735952
2023-01-27,0.6407474460230493,1.49970234710591,1.1489798110571774,1.085393439616058,1.1431005439946549,0.8970831149078046,0.9094064235219105,0.9470282365843284,1.219134713097703
2023-01-30,0.629309847473466,1.5078167909238325,1.1532248406799934,1.0836196542700607,1.1449419548317277,0.9125682402866488,0.9093014617961053,0.9440232512735147,1.216531413593595
2023-01-31,0.6223797096584867,1.5066428043216769,1.150037351242744,1.0749786047553085,1.1361988445046103,0.9126382844421991,0.9037565510448218,0.943306232618878,1.2094418120685515
2023-02-01,0.6155083437848191,1.497438421578634,1.1573326235063155,1.0778827986057655,1.1292904392859988,0.9179051389741093,0.9039208970054443,0.9439792349219073,1.2115434217356646
2023-02-02,0.6214888085871586,1.4965903637572218,1.1863296496351823,1.1190972111300685,1.1555855016503824,0.9420896201600357,0.9463832566327522,0.9730050201339889,1.2263475246317321
2023-02-03,0.6233034546458278,1.5092213752137347,1.1944533487132907,1.1220105885087368,1.1516761001927127,0.9418539499315066,0.9366372544083789,0.9801561463223399,1.2351112166879465
2023-02-06,0.6283175731036705,1.5023228602486387,1.1792554853227388,1.1044900853044637,1.1541569415062396,0.9400526590621108,0.9191327127663028,0.9647559850589946,1.223853673501463
2023-02-07,0.632192341224774,1.49674189488955,1.1836682727098387,1.1034047070024875,1.1567716287789511,0.9373823741506853,0.9121249482922329,0.9571499435911635,1.2242055416958828
2023-02-08,0.6310462652661484,1.5045630349656183,1.189137313867031,1.1043042073680007,1.1568168206939315,0.9373042057627823,0.9114892555979277,0.9577056842661195,1.2279205094442072
2023-02-09,0.6167541992657211,1.5087510158781783,1.1911851493630872,1.0904994184618992,1.155747836325159,0.9349176107486552,0.9114664712126762,0.9483399737908557,1.2364707455663457
2023-02-10,0.6022053324031853,1.5069826710950298,1.18071703458019,1.0761178483568064,1.1467423255461926,0.9179863582176466,0.8958308971459276,0.9326777927596922,1.2194017741745122
2023-02-13,0.6035737601704478,1.5184252444437598,1.1901779361500586,1.081793068623619,1.159480201475637,0.9246280673582514,0.8992937805709189,0.9451930755299239,1.2292340937017672
2023-02-14,0.6017164882808148,1.5207235769390228,1.1900547519205587,1.0861550789542729,1.1475305981504704,0.9264013711120984,0.8939335705713239,0.9443905571825524,1.228764777020445
2023-02-15,0.5986445526264002,1.53471332059868,1.2024645268822804,1.0916597201234237,1.1465373428174837,0.9322262808469846,0.9016595834919652,0.9565258512929607,1.2369132665695235
2023-02-16,0.5940029686431882,1.547763139740847,1.1999201509177166,1.0944746613617236,1.1372078385211737,0.9317493060843945,0.906167878967749,0.9620665800252418,1.2439788994329994
2023-02-17,0.596648200754573,1.5509004778102347,1.1883671051547073,1.0913144600813613,1.1569412020950067,0.9296069870514896,0.9067392586716547,0.9607298260268743,1.241377076875901
2023-02-20,0.6022656718956061,1.5462713101026881,1.1874097878384846,1.0964908901974357,1.158389392586336,0.9273029104913235,0.9090681704427299,0.9622099878405179,1.236466988265361
2023-02-21,0.5905648571628144,1.5424796889935173,1.1761977949460904,1.0798740737747754,1.1597354570306138,0.9216783222576885,0.8909212199546326,0.9535671013094698,1.22819695326546
2023-02-22,0.5803534618199959,1.5382408116187418,1.1665083059873067,1.0761286968248716,1.154531270554161,0.9191581253304341,0.8810112879797392,0.9500887484292629,1.2207663052258275
2023-02-23,0.5703663213533361,1.5365219507899213,1.1748741463930081,1.0725291127970766,1.1433160688348403,0.9199962186387122,0.8790229620573707,0.9451938892355723,1.2333833521406348
2023-02-24,0.568638574934222,1.5425697487799965,1.170572498980843,1.0708849997420762,1.1378366381280183,0.9177515917731777,0.8674408140767846,0.939372455115983,1.2348281339197305
2023-02-27,0.5670970301227649,1.553193791352082,1.1862235263266903,1.0848173689483507,1.147201301093595,0.9301357036952003,0.8787462434200484,0.9480800266665427,1.2485233933705773
2023-02-28,0.5666294115062742,1.5414352762467516,1.1778046209788113,1.0793413892479304,1.1302417821143727,0.9225281381008358,0.8818488825582722,0.9453707326972932,1.2443635285568473
2023-03-01,0.582856400609922,1.5415751137357478,1.1798815997880843,1.0834649817863289,1.1051477824885412,0.9154577119760663,0.8706512450120883,0.9536827241159224,1.2557140132373479
2023-03-02,0.5783032411362015,1.5426685752896125,1.1871547148063624,1.0813587145896928,1.113815794912178,0.918845846760646,0.8696039470246123,0.9553286672068678,1.2517052818746661
2023-03-03,0.5834257911109049,1.531417051633386,1.1850524683834394,1.0914528014290914,1.1261937447114492,0.9141195874012717,0.8748617571753976,0.9612105117302115,1.2576062824139504
2023-03-06,0.5724987414878334,1.5203052177687073,1.191968954478409,1.092732951563341,1.1265716449992147,0.9133169960935644,0.8824614350777703,0.9569925792633013,1.2651880884396454
2023-03-07,0.5427550793606576,1.5259238890127271,1.1938005403055871,1.0772407402125062,1.1255698752911496,0.9123111490227183,0.8716167229104307,0.9541789731771705,1.2543800420087206
2023-03-08,0.5457601864872219,1.5302332800431542,1.1935920989919742,1.079801866390626,1.1294393705834342,0.9038794689427674,0.8658766684273173,0.9508236981993143,1.2548711496500284
2023-03-09,0.5350606257651168,1.5359514829069791,1.1883469116663725,1.072092109753469,1.1306325655288751,0.8976663274890062,0.849678241356773,0.9405469434712902,1.2487968635949578
2023-03-10,0.5429024598066589,1.518405394346981,1.1600480523689904,1.0549290743636335,1.1292473553989328,0.8768755492487212,0.8370071184508519,0.9195835065359181,1.2205162797197384
2023-03-13,0.5637563203110667,1.4836711597079268,1.1256144140644546,1.0223909098121435,1.1360243516489725,0.8610523221959504,0.8190203416081654,0.8941599564755437,1.1714228918545193
2023-03-14,0.5651178757546889,1.5057653061887786,1.1467575627389517,1.0360735433970811,1.1375800131905138,0.8706736216933999,0.8297867184316418,0.908470793085376,1.194610531895518
2023-03-15,0.563981337399746,1.463768597563717,1.1029629703237815,0.9894445089727433,1.1334568272838206,0.8383099094939042,0.8093424404202618,0.8748280399450363,1.1405256318696877
2023-03-16,0.5435820543564439,1.4784890317140185,1.1172500686191693,1.0116042946548682,1.1443917898097047,0.8484841866059636,0.8092934754497396,0.8942849054840123,1.150508441979857
2023-03-17,0.5549247737449998,1.4590826118115938,1.102734703348049,0.9945100935683835,1.1294750245111336,0.8312274119598388,0.7980813930167101,0.8760304822943198,1.132987494704386
2023-03-20,0.5794569618381764,1.4683940959964998,1.1128604612722528,1.0112909984043497,1.1424366951422587,0.8422237746827409,0.8084174810142055,0.8861921351979554,1.1414270403037126
2023-03-21,0.5568473137503762,1.4924737439495794,1.134852152525795,1.0272160521878155,1.1377378486499832,0.8652689870270647,0.8118182355941149,0.9031818691915593,1.1739938578270057
2023-03-22,0.5664990853576302,1.5028944096116783,1.1388890069163102,1.0277307118290238,1.138813133417333,0.867086905240651,0.8019648039129217,0.9034315069602334,1.1729132409487377
2023-03-23,0.5776967175050023,1.5011441083193613,1.138263357469018,1.0169547081119992,1.1473379434581474,0.8693146758041833,0.7994998308288397,0.8968057047312853,1.1633003364859253
2023-03-24,0.5793485527581319,1.4924460475713586,1.1187319833184188,1.0018417007133138,1.1343771940822085,0.8589562986421373,0.7852659241657365,0.8869263157012809,1.1427861152410335
2023-03-27,0.5747088301707239,1.505318424469795,1.1333569111696484,1.0099799082956402,1.1408111518475814,0.8650963933501741,0.7895901100509328,0.8914579328376767,1.1507269624693295
2023-03-28,0.5774367551637842,1.499663146544813,1.1373029623392326,1.012008923931901,1.136709609238892,0.8687310296517872,0.7879304634642216,0.8911710544616176,1.1518314113453099
2023-03-29,0.5865082716310804,1.5136590334665128,1.14529109760522,1.0241526057616341,1.1485369091136988,0.8769193541259626,0.8064244946862318,0.9024792418683825,1.1684327123186071
2023-03-30,0.6034281917357751,1.5271073546454712,1.1668714059385328,1.0356433018865385,1.164997961859498,0.8909131400632164,0.8312393402759634,0.9119899982689982,1.1808250061755627
2023-03-31,0.6059287631683561,1.5403117115282672,1.1710368368706483,1.036839544087521,1.1694408515845232,0.8973111360185512,0.8347869031988691,0.9158971507685284,1.181446723842581
2023-04-03,0.6108195290578796,1.5445204680709355,1.1780684201476783,1.0305879303386134,1.157421978993069,0.8927405251380456,0.8343945216433801,0.9132252397576478,1.1797534717148133
2023-04-04,0.6233877392638429,1.5390521023288442,1.174108871685169,1.0274029029194385,1.1642039622107414,0.8936405150536415,0.8284671357195275,0.9101030920807193,1.1742067893683652
2023-04-05,0.6298828841403474,1.5487541814360926,1.1686565531653061,1.0180406234558754,1.1930376409774304,0.8883650912224974,0.8129882660929485,0.9032136137770799,1.1658308316429733
2023-04-06,0.641424684726377,1.5671753043030412,1.167382234935687,1.0268126628540015,1.211909551012003,0.9028297509688662,0.8259164617004319,0.912857950777021,1.1735478853229007
2023-04-11,0.6562531825157354,1.5666822726899194,1.1764506605478164,1.0444021819652183,1.2077262920329468,0.9142054095545122,0.8347673366242604,0.9240937440189343,1.1806785472925092
2023-04-12,0.6406908181074213,1.5750738700222502,1.1792053296921914,1.0532991105936642,1.2178584135233779,0.9204299267125898,0.8401640686123325,0.9282010947857768,1.1847033133357807
2023-04-13,0.6518862867098292,1.5807440210696762,1.1843391094767677,1.0607838546288382,1.2108825608646885,0.9201473279766896,0.8439217175612899,0.9311701312255729,1.187488802863844
2023-04-14,0.6436979458654613,1.576723893367041,1.1895476433084715,1.0751071875299643,1.1947862137233254,0.9165176424638379,0.8516394104635826,0.933046149723382,1.1992042814468722
2023-04-17,0.6395453736848219,1.5809064014763046,1.193184044309342,1.079158288687833,1.1960793066767221,0.9183325244512918,0.8530849308789819,0.9321223506615918,1.2009009102257964
2023-04-18,0.6565497366252224,1.5840912653109622,1.194587618597871,1.0842557993459747,1.188962217819214,0.9240824349907448,0.854840726287571,0.9394872594198592,1.2061297265306798
2023-04-19,0.6513946813045519,1.5848342988973947,1.1837975786017176,1.0806946442687495,1.1894045699200897,0.9243748989601301,0.846364126625608,0.9380002014495181,1.203832296541969
2023-04-20,0.6474673105006953,1.593808238364989,1.198500708878924,1.0784219443352412,1.1924519707315686,0.9242812196002017,0.8481367289184912,0.9386578687611162,1.2014876430992625
2023-04-21,0.6294605282316943,1.598478162453483,1.2036377730323322,1.0788995086011406,1.199968885410422,0.9295089135096879,0.8445264198533994,0.9415940167308608,1.2075268784740558
2023-04-24,0.621499627481771,1.6002756567005114,1.2072906738155813,1.0756029819981352,1.1985047103407676,0.9317707134440589,0.844515488100391,0.9437349740547667,1.208866986614145
2023-04-25,0.6117892980900321,1.6013412152285607,1.2030041482959684,1.0685066097036375,1.2117701596351353,0.9339909900219532,0.8401592694652764,0.9420221339077687,1.2037616756094867
2023-04-26,0.6133524385902254,1.5918462736823467,1.2007401012864758,1.0740470997899965,1.1967025050363511,0.9292909190824479,0.8440407249883672,0.935479192508325,1.2116643706793366
2023-04-27,0.6065570752206677,1.5900180243950042,1.1964149543270965,1.0698182205729172,1.1951876556753842,0.9235120344596824,0.8462928995252011,0.9305382392082878,1.218515559247209
2023-04-28,0.6013345196448711,1.6103265493100754,1.2077670674721217,1.0745702249071833,1.1959269260668521,0.9353008056235186,0.8600578258985085,0.9399738607802515,1.2177330561864386
2023-05-02,0.5963931026828373,1.5741554994952753,1.1884949084104226,1.0696960888352889,1.1930163217676408,0.939048860573247,0.8483509429102409,0.9337403829683313,1.2108275260501093
2023-05-03,0.6060652137160407,1.5929870485921136,1.1931173347264754,1.0680880524988994,1.199424236489704,0.9398894856796695,0.851938936796857,0.9362992611614044,1.2121369197947527
2023-05-04,0.6120107974968996,1.5725227161078124,1.176201660765367,1.0437193342066085,1.209595048350864,0.935498496502622,0.8453012792137715,0.9229809252250252,1.1992212949232877
2023-05-05,0.6103227377237195,1.5772249642289033,1.186474627049652,1.0570815492377437,1.2099349799460133,0.9476936296420824,0.8557931559058745,0.931487590886757,1.215681382085432
2023-05-09,0.6066521870459775,1.5824639207584854,1.185543980765927,1.051152833248377,1.205062325139242,0.9499098612201046,0.8389419250604473,0.9281864526174366,1.2168257325990266
2023-05-10,0.6031920734321217,1.577950498091053,1.1824450215750597,1.0487799081048463,1.2051126624649675,0.939779377385366,0.8389612877665927,0.925195987049993,1.218189507246319
2023-05-11,0.5898475663357189,1.5821607578202694,1.1936705186776086,1.036816728992835,1.200986742651707,0.9514924647012275,0.8339084171788659,0.9313222439620669,1.21558542617187
2023-05-12,0.5883140995528942,1.5988814767015935,1.2000197906707566,1.036449939157445,1.2098796474986286,0.9505479446001144,0.8277034926728574,0.9284611689095573,1.2216161842715723
2023-05-15,0.5916027120605585,1.6054541194811767,1.202349196229244,1.0423607553951095,1.2088567422216752,0.9496502487380858,0.8338097560212702,0.9318708688277386,1.2260829776426874
2023-05-16,0.5837994748459427,1.610399092906061,1.1993657599737755,1.0343528560638922,1.209560970595684,0.9449882885910486,0.8353803162649602,0.9245779086629211,1.2258897623221758
2023-05-17,0.5761172703429334,1.6137568735489873,1.2046686360111585,1.0304060008554046,1.1904855675604327,0.9362021507352407,0.8283127813803991,0.9144397828958765,1.2242759184325336
2023-05-18,0.5708992790221457,1.6182320549784466,1.2174775730928544,1.0273954159119247,1.167291530855874,0.9445796888149658,0.8213458383865107,0.9224079245154481,1.2381892332291988
2023-05-19,0.5743658756978923,1.6224013088404712,1.215182389027688,1.028470641206509,1.1688294995814725,0.9455238083182885,0.8187399164526904,0.9201164315021612,1.2353859382186665
2023-05-22,0.5725100978040348,1.6242217012849454,1.2151649182652546,1.0366400717111446,1.1697025015509765,0.9425882197045056,0.8239881319814786,0.9225151629730587,1.2393609654854159
2023-05-23,0.573914932769273,1.6135857407398124,1.207764139810608,1.0337995876036956,1.17050664759969,0.9338063491446484,0.8258590256700056,0.9166785115625756,1.2307075616172656
2023-05-24,0.5710791500913949,1.5844787494830914,1.2095051902292122,1.0140886305548322,1.1582789945721377,0.9255482612978778,0.8045353799829612,0.8932554405945781,1.2091509569563395
2023-05-25,0.5636372971783621,1.5852641961547418,1.2065957653535622,1.0041265606744347,1.1410793462992816,0.9253561167068189,0.7918990030646322,0.8877661289753782,1.207794953822968
2023-05-26,0.5717628887709935,1.5973416706653982,1.214905291748215,1.0075511838220788,1.1412403689839934,0.9292966860125069,0.7920794474149502,0.8959087110934905,1.2159854104170833
2023-05-30,0.572487662715007,1.591987017217671,1.208080124490378,1.0072890613605496,1.1477898315378516,0.9273477780334625,0.7918875723874161,0.891069560396473,1.2069562233120037
2023-05-31,0.5903858629771277,1.5796509554256504,1.1972127225086693,0.9989276522957165,1.1504034385696325,0.9226199071416423,0.7856586801567096,0.877014415161083,1.1941741874881018
2023-06-01,0.6063874899408479,1.5965582758789543,1.2052794939908353,1.0074964035738498,1.1376811224569237,0.9266439038074445,0.7932104731240425,0.8813754908659744,1.2033773632756806
2023-06-02,0.6119287353488267,1.605321328803013,1.224085755451423,1.0227229891774163,1.1397956025115334,0.9465159554022953,0.816078068508216,0.8992557101049249,1.2228103548103872
2023-06-05,0.5949974854617057,1.6019749454500085,1.2234527451595847,1.0159204181466979,1.1495570924749983,0.9432327446202822,0.8133518976779374,0.8964079083634007,1.2185705335003059
2023-06-06,0.595478248950543,1.5979871270007149,1.2321671431093855,1.020338353822617,1.1620073783472074,0.9523193903258682,0.8210258360761054,0.9035630432394306,1.2256519521897418
2023-06-07,0.5911629650429616,1.5941694021187178,1.2340635435119611,1.0258855124504427,1.1503052616104008,0.9426229363472487,0.8160991833162172,0.8976131676288565,1.227473428910046
2023-06-08,0.5850143081761086,1.5897361318391754,1.2324758532812936,1.0234430247166522,1.1451726198448042,0.9256233239539553,0.8124319261072537,0.8918657462617977,1.2253797211039978
2023-06-09,0.5824076623840102,1.5800076070705587,1.2280291962544985,1.0249296128907974,1.1457821156159032,0.9235464411013135,0.8076426436200805,0.8806917785353776,1.2197539530602728
2023-06-12,0.572487662715007,1.5876117738757483,1.2354150544094262,1.028756890571644,1.144177174940477,0.9316491316729257,0.803891922494995,0.8812207144669414,1.222412864352202
2023-06-13,0.582441123016253,1.588190937339161,1.2397802374578937,1.0352937030604137,1.131753627568678,0.9262235729300041,0.7967797982323159,0.8828140100581353,1.233016578916505
2023-06-14,0.5827057306069068,1.5860143448989892,1.2412682469860032,1.0382193413205405,1.1301294018859038,0.928140315948257,0.7990487240851836,0.8843817820375234,1.236311980706842
2023-06-15,0.5767173094431582,1.5957859026268741,1.2356492896100049,1.0346525832484548,1.13152806938676,0.9160601824907061,0.7948186095220198,0.8820376126756692,1.228834380650975
2023-06-16,0.5791227144221791,1.6056593581070249,1.2363834376393024,1.0341102927714871,1.1381898946484834,0.9075931673381044,0.7972080024867906,0.8805665557503113,1.2276368560219846
2023-06-19,0.5674327745609982,1.595996838786639,1.2265941256482795,1.0265878249941967,1.1350840405960398,0.8955328803038346,0.7857062805968618,0.8693957562202075,1.2244457351985045
2023-06-20,0.5605192165756494,1.6034503552792252,1.220165251862989,1.015952569330378,1.1384534814384328,0.8886539026197068,0.7817994217533211,0.864819835021497,1.2211726468465611
2023-06-21,0.5451158397062204,1.6004998339039072,1.2202226778635408,1.006219139790873,1.1350517262547424,0.8776989818748577,0.7649889282287918,0.8587481760571832,1.2130160665555152
2023-06-22,0.5321095148946554,1.585987724288161,1.2080960655272752,0.9978059698025624,1.1207369700555034,0.8727212901697395,0.7535545746677883,0.8556146913470205,1.1966207611497386
2023-06-23,0.5341142648398041,1.5805885606998389,1.198813510393816,0.9858543850029116,1.128566653658018,0.8761633436003574,0.737187463962046,0.8517987445540581,1.1841347659289982
2023-06-26,0.5327634631684781,1.5741535912134783,1.1994571452741036,0.9902620231890553,1.1254841449240889,0.886079521319863,0.7387214384843817,0.8513591848725114,1.1848845097882412
2023-06-27,0.5314554368198846,1.5832638745835121,1.2003900857192165,0.991099373003396,1.1302921934097165,0.883541164969327,0.7423712703398727,0.8519143080460291,1.1908176287039964
2023-06-28,0.5272873661121023,1.599249572217552,1.2183965606609148,0.9983655993226753,1.132645294723634,0.8907379764589809,0.7505487642230295,0.8608101673138809,1.2029721403815428
2023-06-29,0.5258451980146315,1.5908652390554423,1.2173982458169292,0.9968219598302723,1.1109020931995288,0.8805586805471637,0.738834521985156,0.8523414894780271,1.1877263930811814
2023-06-30,0.5342009804769745,1.607355911559722,1.2298985294863038,1.0047604994824395,1.1076747430528378,0.8890246961878577,0.7447866648037097,0.8650734470823802,1.1971709140229565
2023-07-03,0.5436718262232921,1.596342438784336,1.2319089500197273,1.0152771322799277,1.1107159997443268,0.8901863879879026,0.7542816173252824,0.8660148079472587,1.204973453768481
2023-07-04,0.5442997238098701,1.5940618631223968,1.2265004970643512,1.0187820919403296,1.1058037410405945,0.8827619989967459,0.7589964417516909,0.8659545634150086,1.1939593441220908
2023-07-05,0.5373908541998447,1.5843099700706604,1.2164328210080284,1.0107048345054759,1.0785419407749932,0.8763836294333698,0.7513011522414614,0.8544050166928557,1.1819147873038072
2023-07-06,0.5224224927057064,1.5585521834846074,1.1943671849014224,0.9814097873908381,1.072067656739592,0.8624644286606886,0.7250091716672332,0.834922215837203,1.1534887735565325
2023-07-07,0.5240640072831809,1.5473636345077726,1.2000197048076016,0.9870305229302372,1.0525147211323318,0.8625108398337206,0.7266992135809188,0.837116860202702,1.1622887352945748
2023-07-10,0.5227886388040375,1.551839775762069,1.2039507518304866,0.987113328036394,1.0553668673394518,0.8651689004543879,0.7279372662978519,0.8393731405075086,1.1669202861587733
2023-07-11,0.5297152249733255,1.548601652209589,1.2033384118302028,0.994553477593701,1.0546504761910722,0.8640157062316246,0.7384411390846441,0.8436966020122042,1.1686162755779086
2023-07-12,0.5415701321799171,1.5761773985472922,1.2257939186544162,1.024442116133295,1.0721435651482054,0.8765671410122822,0.7594994193612261,0.8598529933385968,1.1918522650121866
2023-07-13,0.5426116150890736,1.5798234958214439,1.22921971024677,1.0241271450696945,1.0760427017093614,0.8842305282101893,0.7627986148841349,0.8653899327962953,1.2016948263093334
2023-07-14,0.5411844372494069,1.579858520837333,1.2286741951021798,1.0255426331433073,1.075185394447654,0.8872817087107696,0.7642808153020584,0.8669823472028547,1.2007271190418944
2023-07-17,0.5354809997450922,1.580104439841678,1.2298231928202625,1.0166748166357287,1.0721174358536203,0.8797352621277632,0.7549079193792994,0.8640810410514717,1.1975218342225367
2023-07-18,0.5454148622665427,1.5765844727628806,1.2410703103195309,1.0262352426456793,1.0729756040548877,0.8881194370636152,0.7676338566294327,0.8695005822168785,1.2088055500225163
2023-07-19,0.5544170673181528,1.5926170226632017,1.266327735156117,1.0516679902591022,1.1017752190407137,0.9148981594554391,0.8071455098922438,0.8904303203420295,1.233568794857477
2023-07-20,0.5491254995519076,1.605673823510262,1.266275536043281,1.0671913087376612,1.1074241405549015,0.9255075668125115,0.8094971474152004,0.8910496050598725,1.2472887725922954
2023-07-21,0.5492922257488102,1.6144273530266238,1.2706101623391082,1.0626051634780622,1.1140102592485046,0.9267614706252862,0.8066940110918613,0.8884591681332147,1.2479843499897343
2023-07-24,0.5477158971092877,1.603269207646018,1.2734768330352428,1.0628596421685872,1.1192020686972082,0.9284439631130805,0.8013444037340045,0.8903798617498244,1.2509083656172193
2023-07-25,0.5509272629450275,1.5914642203548157,1.2660394269907984,1.0603753587591827,1.1147491897605832,0.938147652400704,0.8083587988035495,0.8996941278501356,1.2504123084711896
2023-07-26,0.5463995855803285,1.5921762213483241,1.266103620815764,1.0591594023823125,1.115177311521862,0.9407731969847107,0.8104910423683193,0.8991829397267288,1.2617680987778592
2023-07-27,0.5321140979428388,1.6238707843124234,1.2795420860973838,1.0623672658894998,1.103150732311288,0.9366766717837156,0.8121246886106943,0.8941741330580498,1.2681668993630848
2023-07-28,0.5280671407999946,1.61711228403224,1.2746824311465117,1.060111555503684,1.0894294290573103,0.9207797885619646,0.8026785855642697,0.8893748859801021,1.2724356242062504
2023-07-31,0.5366371057253889,1.6212443818273028,1.2794766515264042,1.0600039189694472,1.09202601846906,0.9070128018241629,0.8042912372486538,0.8854120126584966,1.2722194229766883
2023-08-01,0.5180550510441122,1.6149418796264177,1.2765405072972806,1.0551397433107637,1.0833830865779954,0.9014919898729974,0.7986078919962151,0.8758328327388096,1.2670790330862178
2023-08-02,0.4998465383447739,1.6185548334396715,1.2652894974774596,1.0366017693489598,1.065445412696029,0.8843230315077458,0.786452115494323,0.8588487228590993,1.2475861754741746
2023-08-03,0.48892887939264496,1.6121377162804296,1.2594112557435702,1.033096821719004,1.0488466604434679,0.8837134723360598,0.7882967368843014,0.8518279465905272,1.2465921930298371
2023-08-04,0.49100732815229226,1.6187050984946387,1.2677871487032724,1.0403457636913167,1.0572419688611823,0.8867191180610027,0.7917720614606663,0.8572444849344676,1.2573781076718227
2023-08-07,0.4883186926846957,1.6202026188912173,1.269230843239712,1.0353828181786788,1.0524164396656965,0.8829657385174874,0.7876316050402414,0.8544800691967829,1.2580149052207912
2023-08-08,0.47717183478662983,1.6332306606712566,1.2679568376142212,1.0259702245873643,1.0574989376501536,0.8823236721414621,0.7846601057070685,0.8421683038180696,1.2465868075778823
2023-08-09,0.4794086812958315,1.6356673783039726,1.276387103399546,1.0355564968071018,1.0502403112571126,0.8869816739206723,0.7859586374615822,0.8443007471179634,1.2557977491233994
2023-08-10,0.47702431402318024,1.6439087162978343,1.2871983235213336,1.0458541195601274,1.0624050341780655,0.8932205226446974,0.7938138197199518,0.8507852835637003,1.2619788163316068
2023-08-11,0.47634889811029635,1.631885098014566,1.2691227515100052,1.0326361372535542,1.0507070976425987,0.8873874293871731,0.7785743030942266,0.8355917075772297,1.252706080805522
2023-08-14,0.4682614065776147,1.6352096033655423,1.2712398174542352,1.03124368119455,1.049188311375923,0.8876424147436935,0.7731293078608263,0.8319496384699241,1.253951050337783
2023-08-15,0.4620456261727531,1.6227122156849172,1.2706816074768066,1.0154939012670594,1.032370995818532,0.8755321127373984,0.7666272646013232,0.8186335703851603,1.2410109553080626
2023-08-16,0.4516980314858748,1.617005883927729,1.2782833951867276,1.0108050456650455,1.0271634810309178,0.890291625216562,0.7637045492549602,0.8160077234397369,1.2346384138709643
2023-08-17,0.4484569560976909,1.599567999311489,1.2586516596825847,1.0029474286342674,1.018584118405326,0.8849406278834542,0.7527478535622415,0.8054206785335558,1.2375742219515886
2023-08-18,0.4453238721246333,1.5958134550257566,1.2482217323397853,0.9919695346693488,1.0164167075150203,0.8776879065637548,0.7420635278615951,0.7983426161306478,1.2173409452344506
2023-08-21,0.4465666692682922,1.5965639815075974,1.251584009217625,0.985427945624624,1.0079414420592478,0.8729195892246965,0.7321246497128071,0.795761692940793,1.2133247161096965
2023-08-22,0.4617802778794638,1.6006856769166034,1.2526972164320325,0.9908825077294172,1.0111011124981446,0.8700866247595775,0.7399336816703384,0.7919017258986674,1.2135801248754405
2023-08-23,0.47808837886421407,1.609680744434767,1.2590163200702358,0.999496656407964,1.0255582426684327,0.8763506272888888,0.7537317491739337,0.7960695910071685,1.221072522541054
2023-08-24,0.4817609160896291,1.617417437439519,1.2603504969666957,0.9933554278297397,1.0338709576549072,0.880546976505977,0.7499893860723141,0.7961372302690475,1.2226283566920724
2023-08-25,0.4698826976097922,1.6225497127150064,1.2634492207615984,0.9921597529030127,1.0360953354281353,0.8843910089090228,0.748762590226643,0.7937694316594851,1.222667451409365
2023-08-29,0.4826795812106059,1.6386841682639712,1.2878483402291894,1.0189917330399312,1.0538491951871147,0.8995558106097166,0.7674262123048753,0.8135950561411184,1.252561974441742
2023-08-30,0.4878809532230458,1.6460400598749718,1.291361078415778,1.0222952730871808,1.0531139247801222,0.9052671612272669,0.7710571774074556,0.8154160043079975,1.2524208210040029
2023-08-31,0.47851381926925485,1.6460527662397963,1.290587450231955,1.0150748209246163,1.0509772473441121,0.9110453447122695,0.769511160188698,0.8117267165309041,1.2496311887519966
2023-09-01,0.4771063366778029,1.652764975547785,1.2985496564355228,1.016026922324084,1.0429277220297546,0.9044158464923726,0.7637408576992297,0.8102573860088178,1.2500706625146152
2023-09-04,0.4703109962054361,1.6521154303184933,1.2977902702926165,1.0195392849182183,1.0388552974518206,0.8987783472857602,0.7605310258007533,0.8071104211919206,1.2481995753625048
2023-09-05,0.46808476301884755,1.6612718151293837,1.2944488773745202,1.0196604189720821,1.0319103975884836,0.896100736229154,0.7546783500878701,0.7996596204154821,1.2440041753459878
2023-09-06,0.4673789161660946,1.6605851180346745,1.297036679338708,1.0157155166094052,1.0334655017372176,0.8967149201141058,0.753118600502749,0.7948598140423243,1.2409776327280577
2023-09-07,0.4602218793400854,1.681640162721477,1.30347299545185,1.0119387875026147,1.051047019298109,0.8888741482749122,0.7490356613827588,0.789675634544632,1.2385945001997931
2023-09-08,0.46102961040956364,1.697028154996649,1.3000167136192886,1.0149260914218705,1.0635020339983678,0.8945289812456054,0.7509690888349342,0.7947689391497661,1.240261666604791
2023-09-11,0.4660575360987353,1.6987990489425904,1.2951619798052671,1.0209516149432054,1.0720314359492427,0.8977159547152862,0.7564692603996426,0.797805667671316,1.247764203827155
2023-09-12,0.47028895715411956,1.7067897292015821,1.2997491003947685,1.0301798940146791,1.0673199695035762,0.9031107075162481,0.7547141219448873,0.7960241329871467,1.2568916906848442
2023-09-13,0.46565261357128573,1.7149946136191876,1.2980841733366615,1.0328464183050279,1.063191191263544,0.9011668736322638,0.7600263410820003,0.7963130815369857,1.2601612589612112
2023-09-14,0.47583705817004596,1.7409256759548881,1.310435481220965,1.050040573085484,1.0948414090421483,0.9157280577920983,0.776715041421907,0.8073957773016674,1.2828794062125413
2023-09-15,0.4907207155086123,1.7466686217353207,1.3153105743276061,1.054689121163427,1.0970814663707906,0.9196682217798142,0.7798039633602367,0.81113696836767,1.2945051622665378
2023-09-18,0.4831848238842993,1.7359579251718582,1.303126891471232,1.0424180056845878,1.0880680641606049,0.9076873205352041,0.763303844461035,0.8006927841296408,1.2765424370510021
2023-09-19,0.48096511702658445,1.7418009970568515,1.3070796818860229,1.043351034058975,1.0867038391350428,0.9008698352207531,0.7520053433322755,0.7978961500035253,1.278722929721172
2023-09-20,0.4923968010817852,1.7380809647253448,1.3117544295106678,1.0610669841160316,1.1093719555907215,0.9040745499595544,0.7718264724108028,0.8074497265321217,1.2898787357832513
2023-09-21,0.48428056953482235,1.7379651043496767,1.307236206789793,1.0504063547575682,1.1022140303674195,0.8903396505395876,0.7699112471914487,0.8018174592994218,1.2831587976232668
2023-09-22,0.4847482877978193,1.728570175632967,1.3062648403844834,1.0518852497223412,1.094102990798481,0.8809031868569674,0.7690863624702277,0.801066089725887,1.282080506297754
2023-09-25,0.47822802025652367,1.7240017654583752,1.302869491326661,1.0422957491301534,1.078975474655504,0.8726799813781281,0.7595295724878557,0.7842429197862063,1.2704652665782439
2023-09-26,0.4744623332796636,1.7133554669722268,1.3032984931680605,1.0417348381828515,1.081003892146792,0.8683574663746607,0.7620120413428655,0.7845546375709685,1.2727178615301482
2023-09-27,0.46371278682987255,1.6935932408689827,1.3025820815093747,1.0383722505811221,1.0589473869662647,0.8536007074596206,0.7487038470718489,0.7777268938414805,1.2674487027651167
2023-09-28,0.46144770597082785,1.6919727848073487,1.3058647971703197,1.0338949933680592,1.038111835978691,0.8474312269794844,0.7423220369313985,0.780071566349032,1.2773327706813569
2023-09-29,0.4646677817980397,1.6875520866205413,1.3045731010172759,1.0436931841447612,1.058688464319248,0.8528976488680253,0.7537737871476072,0.7891802627375802,1.2807568074794757
2023-10-02,0.4531040889576704,1.66083746838719,1.2894452415662796,1.027747281283343,1.0423403202588184,0.83543626371326,0.7422403410828159,0.7770120165030637,1.2626905624635225
2023-10-03,0.4519801653368277,1.6587625276097648,1.278740641264346,1.0129165821935502,1.0194495149243317,0.8323323547237628,0.7295398089680611,0.7691304931803264,1.2504285049002883
2023-10-04,0.4400288080601764,1.6430803901691922,1.2654933623891391,0.9980405169130724,1.0207677025470663,0.842004056962669,0.7272957782608422,0.7652518011671234,1.2427212202187858
2023-10-05,0.43583426928595004,1.660448336840022,1.2735442045558227,1.005645925396122,1.029408755143755,0.8498621332099258,0.7334455362317838,0.7676271469152891,1.2427926419041098
2023-10-06,0.4429219106261135,1.6619029088510964,1.281651889928788,1.0131185023999743,1.030272385044634,0.8564090142958836,0.7405494664419682,0.7721926799627911,1.2569252534913173
2023-10-09,0.44727020204155354,1.6747935483676297,1.2692687298806113,1.006772489718786,1.037229107011828,0.8448873737017419,0.7348645103275379,0.7633551438554781,1.2409049830665657
2023-10-10,0.45928864702113775,1.6976107779586533,1.2969006675087487,1.033402800109222,1.0590513993611534,0.8573385952849607,0.7556622946168682,0.7805882685001263,1.268045991634658
2023-10-11,0.461280962732024,1.6972094422743653,1.2889020960224615,1.0279418032246355,1.0676924778449022,0.8585764024377951,0.7542577665212173,0.7783162953287546,1.2689289444270668
2023-10-12,0.45584795655298666,1.707614631125279,1.2975135916591762,1.0244868048682767,1.0668632575176882,0.8606062178978272,0.7488860673738885,0.7779598985601213,1.266646702820462
2023-10-13,0.47621229617419925,1.7014260870392193,1.2910747217312755,1.0059871337319715,1.0756636913250028,0.8503720190876506,0.7379582976827035,0.7546801249735706,1.2509252917842775
2023-10-16,0.4793263068250738,1.7061476996506812,1.2947154052690721,1.018160368333164,1.0825051008172866,0.8501946270018992,0.7407947203766418,0.763116400923651,1.254013632108175
2023-10-17,0.4814571445374617,1.7180528641332984,1.3038030606305457,1.0202590426352416,1.0896170461029917,0.8548233359755895,0.7460565144131343,0.7624748081742372,1.258172745397622
2023-10-18,0.4804567510941565,1.7108343829570398,1.2933229763123442,1.0097187485040704,1.087082410353124,0.846163990303661,0.7272142712739277,0.7519221789885562,1.2408006529832027
2023-10-19,0.4781202416171769,1.6899144912693103,1.2796145380560586,0.9852352004378481,1.0755886882480685,0.8516353886665584,0.7139849844798399,0.7281848647005789,1.22756399290186
2023-10-20,0.4915811612507709,1.6772071708563552,1.2632121019853348,0.9683131236088849,1.0744200011172134,0.8366332003912582,0.7069540100367419,0.7163839761573978,1.2072795390131916
2023-10-23,0.4747878751606594,1.6704700109757418,1.2625513210661898,0.9682190746752887,1.0702582635569764,0.844802983863773,0.7070877219861748,0.7184172050656225,1.2128750819916807
2023-10-24,0.475233885402687,1.6811092657236266,1.2558313488703776,0.970776365625847,1.0887348767516987,0.8405799831643861,0.7081899206537727,0.7192082322914807,1.2043392712050307
2023-10-25,0.477117901575748,1.691381689357984,1.2586777712051929,0.9713826944086136,1.0955271708753807,0.8405450375056644,0.7012610416874122,0.7138956264429547,1.202740635809571
2023-10-26,0.4678449699136985,1.6900765964794833,1.2504216264812194,0.9686219124150397,1.102207873418563,0.844050990501525,0.7001011585908129,0.708511577155337,1.1903905574776448
2023-10-27,0.47525081814414116,1.6775868603120052,1.244182246139886,0.969431587444798,1.0936943511150943,0.8434140117971095,0.7031968341584096,0.7101300037531741,1.1783419896679397
2023-10-30,0.48079020741732215,1.6910907460991644,1.2480945959637886,0.9792928066555715,1.0995124425565899,0.8494050492134153,0.7056001849135001,0.7173342684698406,1.1908526991129322
2023-10-31,0.48323729974123164,1.691038737300253,1.2429589582103462,0.974899004350665,1.1065126963311418,0.8525930302450371,0.7150294454010951,0.7204890718220621,1.198178554596633
2023-11-01,0.47377622337594794,1.7118789055959303,1.2552412141234626,0.9785130922105597,1.1166656220278846,0.8619459753184188,0.7183428657197661,0.7225657308663401,1.2034855429045976
2023-11-02,0.4735748059923929,1.7146726779716424,1.2698512119094774,0.9933200251714828,1.1142547920405512,0.8845380949520003,0.7453423813342391,0.7343530966371755,1.2259441644650642
2023-11-03,0.4916243253644208,1.6900323890692632,1.262752951032142,1.0030420922982428,1.1162860140810766,0.8877940095099337,0.7614103364197317,0.7457626372256151,1.2324639105392623
2023-11-06,0.4895866487647454,1.6888628383477498,1.260057703119835,0.9984584472267267,1.1054738616480848,0.8787514817988344,0.7446059300533583,0.7424794131559203,1.2293084448593754
2023-11-07,0.48080543805703424,1.69564727287671,1.2683451715754004,1.0049156569518205,1.1095281172270175,0.8838325926411659,0.7484189421884138,0.7442030710607545,1.2324672882724774
2023-11-08,0.47612370911160307,1.6981378426737175,1.288152510261878,1.005127858561174,1.0974909616938349,0.8843058312073608,0.7474625703605527,0.7444434406222068,1.2415213012346962
2023-11-09,0.4781484628544792,1.7132510338558011,1.3026544000091735,1.015502501026263,1.1056591296257066,0.8937028538401213,0.7554355463852706,0.7524848616496168,1.2524276893753699
2023-11-10,0.46080079924372386,1.7084329812602732,1.2974987605604302,1.005145264118499,1.1048381363296549,0.888250877263381,0.7454723559588776,0.7367220375489292,1.2428301240744655
2023-11-13,0.4574376894250515,1.712113468384633,1.3136158663999764,1.0145368310007923,1.1066686390896474,0.8932370692919703,0.7492989544938595,0.7427730928425081,1.252689819612109
2023-11-14,0.4697095124272783,1.695269216496795,1.324391600993953,1.0368978654251704,1.1173004809844453,0.8970891711531226,0.7926351420224644,0.7525077507230938,1.255041144466169
2023-11-15,0.4767711668916277,1.6921820212316707,1.3400377690795517,1.0531909533636608,1.1205572116827507,0.8953807125689295,0.7948986992067382,0.7582559447205748,1.269078263100054
2023-11-16,0.47819839779338447,1.6836879685528874,1.331929401919714,1.0380280861431452,1.1258452364413087,0.8930542569894979,0.7769091384934104,0.7449243375020032,1.2532310406034004
2023-11-17,0.48362299310558177,1.6993280907194241,1.3452838746618436,1.0535222802141295,1.1374997827133508,0.9045709987035548,0.7929607069105735,0.752480103561791,1.2717937938036696
2023-11-20,0.481316657144662,1.6995191895542392,1.339962442670729,1.0530227744840859,1.132740665350278,0.9092252193235975,0.7975478304141107,0.7543161042184975,1.2809846495130814
2023-11-21,0.48184083667543787,1.6959515453542704,1.3387312299426102,1.048499597283619,1.1370544715282676,0.9154863169842932,0.7858087048099054,0.7498209890485751,1.2736293090182198
2023-11-22,0.4827828296847474,1.714086139791075,1.3412446275755512,1.0547747170000088,1.1401413995821303,0.9218233086016316,0.7864998026750906,0.7547251572041651,1.2722175060440888
2023-11-23,0.4787637515727039,1.7236236420275513,1.3398677311564378,1.0517512208659956,1.140820939066787,0.9279765090972798,0.7836878283820917,0.7491222365096166,1.2775391597322594
2023-11-24,0.4783696661346881,1.7194462454382666,1.3419063430537446,1.052252332062036,1.1472118121595036,0.9274189187799327,0.7839769008524862,0.7502812094623946,1.2786960150372297
2023-11-27,0.49150105847643955,1.7167523346702798,1.3432222338046316,1.0577318018497488,1.147544202800829,0.9348684967569704,0.7872698904015701,0.7450614404828472,1.27654808041534
2023-11-28,0.5003883155673134,1.7072751286787262,1.3435707184546988,1.0559233950165834,1.1534545463183883,0.9399812010777706,0.7815214793876036,0.7404542364011268,1.2802444440162515
2023-11-29,0.5185024984126545,1.6953430098230802,1.345935285092093,1.0582627568201195,1.1535692920161622,0.9437322593092871,0.7846177936742028,0.741187977757409,1.2833104366102503
2023-11-30,0.5162266368436996,1.6997928775753037,1.3460548933779855,1.055696442138474,1.139661193548422,0.9471998247535164,0.7817704749983635,0.7421740289279489,1.284552596983636
2023-12-01,0.5283080318335875,1.7149324361006109,1.358060808050757,1.072182642844228,1.1463574120752722,0.9485044289107188,0.7996298842931628,0.7502124342981121,1.2991776361027714
2023-12-04,0.5225283040829707,1.71272357116579,1.354915981718806,1.066498629207772,1.1440078794670305,0.9483016837421786,0.7944159998562801,0.7486691427735703,1.2980224889322118
2023-12-05,0.5023955610420066,1.7135144240601816,1.358532859712634,1.071357104128092,1.1500655370134591,0.9580958784124912,0.8004626020113802,0.7494032560833024,1.2970384766890115
2023-12-06,0.5114083683299663,1.7169723559080676,1.3741048626670052,1.0840941285356698,1.1588949592350979,0.9656977945130212,0.8123510868972746,0.7618097541773468,1.3087453261342246
2023-12-07,0.5090326744695498,1.7175466274625624,1.3789339604845552,1.0898061266275292,1.1686632777719583,0.9676846683918405,0.8127169525071822,0.7591030860230152,1.3013791615406283
2023-12-08,0.5031186528733863,1.7291602306268656,1.3963413983373867,1.090879824618448,1.1694697738571058,0.9867819612502102,0.7994260904982968,0.7665038069173397,1.3137615608801763
2023-12-11,0.49213078796570775,1.7228706492927612,1.406183682574264,1.0856410568927166,1.1672093984335834,0.9951726298821278,0.8055882904130723,0.7685211333878202,1.3187504638457832
2023-12-12,0.4837352592610793,1.7311899850472476,1.4107489617353584,1.0811792814287549,1.163262193054374,0.9900364687982566,0.8011123915728664,0.7638925819615273,1.3213457136636522
2023-12-13,0.48808996599761933,1.7402475546025753,1.412108547563237,1.0756392188600477,1.172991714010894,0.9911027191712882,0.8031020943133433,0.7632224164487533,1.3190040471043565
2023-12-14,0.5141302646147571,1.7262306836810215,1.4220949724175063,1.1072608046623338,1.1746774818813008,0.9921025992436838,0.8415506057625103,0.789670924544958,1.3419927308446498
2023-12-15,0.5082768795653507,1.7071034737109816,1.407003382981995,1.0987656403245274,1.1554110144977963,0.9798156507589804,0.8361386232577439,0.7870830219270947,1.334220257734861
2023-12-18,0.49647960027962645,1.718308816319993,1.4132602924255544,1.099541832999228,1.1467949016942354,0.9808194042950005,0.8309903546706603,0.78705218862763,1.3393239298455921
2023-12-19,0.510440450505,1.7163845007667826,1.4205358856192818,1.1079924254783349,1.1524155764046806,0.9885065662667096,0.832327142616343,0.791716399510096,1.3490350157889366
2023-12-20,0.5111809771831379,1.735883387080639,1.4352188097487328,1.1145047527475036,1.1627745808228327,1.0011242197082295,0.8484032033440891,0.7996120357542427,1.3686964571617968
2023-12-21,0.5073631322671517,1.733529467914624,1.4330987294656286,1.111171622401445,1.1514658186599145,0.996672582015607,0.8415468145144084,0.7977198572042246,1.365891541339305
2023-12-22,0.5091193337271968,1.7319592673612927,1.4379386724311374,1.111859198869328,1.1512471456321303,0.9982005726921268,0.8405081170859834,0.7919608112104586,1.370777584532634
2023-12-27,0.5156850054242642,1.7376194495198602,1.4419884821146258,1.1142154405967284,1.148743167111912,1.003355158616953,0.8476530498620636,0.7978907460787197,1.3737505263103515
2023-12-28,0.5102734251834654,1.7370279754221665,1.4425677608158816,1.10830867297601,1.1479621532702626,1.0016472200627315,0.8450631566909853,0.7968817129164869,1.3705631525565174
2023-12-29,0.5082659033066752,1.7377980243115292,1.4416225781749714,1.1086246808415805,1.1453305555961524,1.0025512042543134,0.8399190869122529,0.7947112769537296,1.3727846936670736
2024-01-02,0.4988917005409783,1.7421104059162558,1.4312330823592199,1.1025462571423847,1.1410874394980215,0.9898889528907864,0.8323227718412649,0.784469159869219,1.3708651872903275
2024-01-03,0.48545700659894647,1.7524756519851528,1.4199718133269017,1.0864463597768959,1.1498422415300058,0.9858233080792782,0.8181066923006507,0.770232291953951,1.3555938851236446
2024-01-04,0.4779882328320083,1.76844298827821,1.4296371390868543,1.0901412102851293,1.1626771351530556,0.9949335571412545,0.8195558961339778,0.7582674789455417,1.3644694955559993
2024-01-05,0.4603996364239137,1.7656953483976074,1.427696919467172,1.0856040102862594,1.1616464258101007,0.9898898076727647,0.8168284825510788,0.751527030139924,1.3564603008157259
2024-01-08,0.4531884404324046,1.7766346358622709,1.4405482230755273,1.0925696548459882,1.1582110233911467,1.0021387568996882,0.8236742429270213,0.7579069538315478,1.3699582566221018
2024-01-09,0.44888979619250546,1.774070083770278,1.435259790811169,1.0829146951125876,1.1729148331166317,0.9954903189973434,0.8170221792280519,0.7531841673419638,1.3679546945856473
2024-01-10,0.4350934793182559,1.7680562064875438,1.4341927360305036,1.0803325486923747,1.1683611020192401,0.9641062809259187,0.8209615087118156,0.749056638024566,1.368571538198841
2024-01-11,0.4264529891384587,1.757496389291396,1.413898943444869,1.0691916119384735,1.144582695692097,0.9590439335050417,0.8139399787767976,0.7413777551969593,1.346983144826292
2024-01-12,0.4410853562147218,1.768359419991227,1.4271531264175081,1.0795353667442713,1.1562386025122262,0.972069530961695,0.8163462603508975,0.7475313857940651,1.3572805712046379
2024-01-15,0.4372177850211363,1.7636873479198318,1.424774192051437,1.0786340179948657,1.1590714738268173,0.9730945216360734,0.8091605686736363,0.744152044878063,1.3517754678599903
2024-01-16,0.42329164565122646,1.7559335867927341,1.4241011289332823,1.0679326371609623,1.1571094700035092,0.9725654120366563,0.8052844548039194,0.7403698993387973,1.3430705065398174
2024-01-17,0.40825111551305526,1.74033618399499,1.4108796069641534,1.045658738433846,1.133487295925578,0.9614340336726206,0.7836632676383662,0.7277401676859314,1.3298328856485144
2024-01-18,0.4067429467389537,1.7342526074274198,1.416097006541955,1.0524526181929108,1.122777000433599,0.9534118895656145,0.7879192897128763,0.733853851041441,1.3372867558334782
2024-01-19,0.40373074513210655,1.7395823691871641,1.4191768684371306,1.0448658135679052,1.125327896004997,0.9514981529528974,0.7867273422361046,0.7338244421484288,1.3307632880389433
2024-01-22,0.3969785753296601,1.7473266397897869,1.4346014705402828,1.0503510226802044,1.1310899650804487,0.9614950256031436,0.7975766759070484,0.740184564681034,1.3460311585089597
2024-01-23,0.4043705913082287,1.7344348312228564,1.4304354011638158,1.048473110021955,1.1294066615795308,0.946670032455571,0.7919912250840698,0.7435456538789768,1.3390222014284132
2024-01-24,0.4217281384707237,1.747086790932011,1.4375361188130737,1.064009097995691,1.1279834611404094,0.9565418068613509,0.8049875877807692,0.7459594559180465,1.3508368990130535
2024-01-25,0.41858928827922104,1.7527145736743066,1.44130482162396,1.0773864946160758,1.1188019571694656,0.9387125509653207,0.8027128497411451,0.7427596931402052,1.3489167618091467
2024-01-26,0.4190753621453184,1.7520881593937683,1.4487139617650404,1.092781728653109,1.1317704023139958,0.9374158589604162,0.814717673486938,0.7622356490416973,1.3617440491398392
2024-01-29,0.4370267871627024,1.75515193103935,1.4509295124691288,1.0851398280105886,1.126079146624502,0.9272827221474116,0.8170918149498825,0.7497443974810211,1.354105276114303
2024-01-30,0.4317235554073454,1.7631694622569156,1.4690310095555923,1.0858805105648173,1.130130605366028,0.9252502298252552,0.8174520965496624,0.7479757271368194,1.3592483494723733
2024-01-31,0.4300627192670591,1.7617221745934535,1.4536811719783083,1.0792204702049237,1.1425697773044419,0.9287800526228696,0.8191507703886891,0.7480671865077554,1.348155867811112
2024-02-01,0.42667814592379905,1.7584368218820747,1.4376504293484225,1.074120618029727,1.1410948627567026,0.9201575651491044,0.80825791055234,0.7464483849326887,1.3412489133921723
2024-02-02,0.4111904949191266,1.7494267215887975,1.4376239214113544,1.0706657732140947,1.1387994735674893,0.9243870358525119,0.8049575473222028,0.7451612310671465,1.3491797419459308
2024-02-05,0.4082561870745674,1.7517579853523226,1.436601846980924,1.05709717953777,1.1461391116787414,0.9187456984795237,0.800380277683935,0.7397289932963012,1.3398202908741799
2024-02-06,0.410432454292172,1.756630766840899,1.4534427799835892,1.0612787980800251,1.1394777785761665,0.9222898016099484,0.8091321130901362,0.7450643424732681,1.3548634167661635
2024-02-07,0.40302208183486626,1.7544175661273418,1.4514149134959382,1.0530083634195053,1.1387724905666683,0.902675053431915,0.8001830080173673,0.7382605335707838,1.3395287605743191
2024-02-08,0.3959214752465574,1.7527470649820946,1.453694269226805,1.0516172373183368,1.113096954215861,0.9085236851831358,0.7960264559729094,0.7354080927848792,1.335228277878929
2024-02-09,0.38869644132254055,1.762177410386277,1.4643146851066329,1.0432882282453202,1.1041601226912416,0.9089278172865137,0.7881304090488789,0.7312275383813163,1.333730834335158
2024-02-12,0.40107549650510177,1.7665215519882986,1.4702102275854174,1.05477124191317,1.1068021715669805,0.9095747284484402,0.7935856776879001,0.7359628716309609,1.3402362479209553
2024-02-13,0.3861184639504769,1.7546885958126623,1.4468129781316437,1.0348754407246419,1.1044689894407553,0.8951349074374612,0.7736394067214836,0.7236493655933439,1.3214547905365448
2024-02-14,0.3819964399448509,1.763181302012411,1.4576910375286667,1.0429229598222491,1.111791587607962,0.9025449106404769,0.7807490570301591,0.7286028469676087,1.3389644419056224
2024-02-15,0.3905002559504006,1.7699651134589571,1.4572176634021679,1.0533861640265003,1.122463973706202,0.9088141842436137,0.7914253932821945,0.7379425662196104,1.3521313488115942
2024-02-16,0.39517554597656024,1.791443883388953,1.4747198980846508,1.0624918740819114,1.1287845926191173,0.9189110622890841,0.800016319282255,0.748340225025475,1.3704305584053706
2024-02-19,0.39147698996961566,1.7820007051496498,1.4815879132195007,1.0615973183211418,1.1280458830833955,0.9197704035705696,0.7977912952441195,0.745509229139169,1.3826821416948472
2024-02-20,0.3889055013400768,1.7852770520844332,1.4838670232559394,1.0591378222454537,1.1414468752465008,0.9226429490541366,0.7951227076892038,0.74416507019381,1.3882849083963587
2024-02-21,0.3899699506131624,1.7764893982716623,1.488275190453801,1.057068376638904,1.1374352678806123,0.9292851542026705,0.7916949525420433,0.74231476493592,1.3878080495986107
2024-02-22,0.38065751205927106,1.7954032703367,1.492761738605472,1.056847893086974,1.126758961087149,0.929121885522465,0.7938858330765227,0.7451584389773184,1.4112750016710849
2024-02-23,0.3842994163489898,1.7975565846065853,1.4976466173392615,1.0544899901453906,1.127244986384056,0.9285109188639447,0.7933767343531863,0.7464674735705723,1.4155114800833972
2024-02-26,0.3816554007139463,1.8012166179963744,1.5007379061836807,1.045056538915755,1.1153463292652335,0.9325558522054627,0.7891064171100018,0.7410917584796426,1.4178258590619661
2024-02-27,0.3838487110994635,1.7928770099103621,1.494110160735564,1.0436510863168698,1.1240504400788702,0.932770161607288,0.7856447908212553,0.7395783708828964,1.4132151470517351
2024-02-28,0.3773188298522548,1.7907249083671306,1.492812940394775,1.0390747921839605,1.124649139945645,0.9231489739025538,0.7763232410974731,0.7187161111102985,1.4179636963921745
2024-02-29,0.3785335495477369,1.797548065924362,1.489613317911382,1.0486102743525163,1.127311581074369,0.9252668964416326,0.7785227141628922,0.7226965642412467,1.420971454048882
2024-03-01,0.38935480391947375,1.8126985500600716,1.4962484969704777,1.0541521368269011,1.1276155880267649,0.9288876351987954,0.7884867621054108,0.7284944574904558,1.4447898531956478
2024-03-04,0.4011296681691936,1.807761823457599,1.4918696266841787,1.0497357924444655,1.1261695478520517,0.9205598160736989,0.7816806966940686,0.7162644177711885,1.4408448290249938
2024-03-05,0.41710082734181697,1.8203539027360678,1.4964180080739664,1.0540765420888372,1.1410274217695897,0.9253644229812233,0.7841087538024941,0.7127119834171067,1.4399077043934132
2024-03-06,0.41563856849713365,1.8250007935577894,1.512070957520023,1.0584280843088572,1.1438292996898012,0.9270949804116264,0.7911941818542695,0.7130574903229072,1.4548241513619578
2024-03-07,0.41864880944177485,1.8295498346209682,1.5113334981722097,1.0632208275932464,1.155881287304327,0.9241607442613831,0.7960432996592091,0.7243372832751352,1.4580106615838284
2024-03-08,0.41194151777132726,1.8227472957570194,1.5090058550811896,1.0659052111888665,1.1509212090528265,0.9186928700181209,0.7996012084663501,0.7185327903851941,1.457905211148463
2024-03-11,0.41444743141097856,1.8177009908280641,1.5060145825987739,1.0708195245526537,1.1470346179752595,0.9247683407743301,0.8000472243794999,0.7165045187856721,1.4534805091156273
2024-03-12,0.4094756677557458,1.837162732130009,1.528241123922337,1.0826058603718698,1.1321616682467082,0.9338086265389238,0.7979597073995721,0.7220963697931111,1.473887128215689
2024-03-13,0.41151012272334553,1.8417506974032698,1.5231493304668484,1.0862527405940925,1.1407053874606734,0.923337734200407,0.7998206989981421,0.7151254709899317,1.470864487621312
2024-03-14,0.40828529897835475,1.8447841877511095,1.5243921906139704,1.0816458998623122,1.1396893851725152,0.9291156437402462,0.7904254302245265,0.7083960999926727,1.4644393699250908
2024-03-15,0.41483658889149466,1.8414782853715985,1.525207950298911,1.085027433199134,1.135883050435021,0.9335046727766524,0.7924340515135697,0.7022384641804797,1.4617964739384932
2024-03-18,0.40961802336574615,1.8461423911139414,1.5212529597893623,1.0795676776109338,1.127643250465343,0.9340299057705908,0.7928004581318154,0.6986628278257804,1.4607509612363165
2024-03-19,0.3999941641932868,1.8469282956334698,1.5233978245877788,1.077905884739066,1.1269914300208381,0.9357779238839437,0.7874399077826703,0.6961530950605792,1.4600840740278114
2024-03-20,0.3981693208015543,1.8458818034454978,1.524330724271814,1.0764214475437235,1.1386194247866048,0.9432951068793232,0.7946528459165432,0.6971201700033716,1.4664556336463146
2024-03-21,0.40713064025760787,1.871721361844222,1.5681283922406635,1.1018749311839895,1.1423683071591832,0.9585282970540239,0.8138784989037293,0.7093219079423109,1.5030548083065596
2024-03-22,0.4065190366296642,1.879264018856846,1.5784532134541238,1.1051080022674897,1.148230301419538,0.9584575863594206,0.8161468671486714,0.7093933439417937,1.5082190174839762
2024-03-25,0.40654762804982275,1.87586691419369,1.5818448451388702,1.0985115616664343,1.148732291056856,0.9555999904318222,0.8164990222665806,0.7028930749864516,1.5024792017198645
2024-03-26,0.4096007430121609,1.8802502865701543,1.5850651382348047,1.105738010402722,1.140870370494045,0.9642309049970603,0.8243259936403431,0.7060801734486553,1.5187359338989859
2024-03-27,0.42623790841385967,1.8830226768841614,1.5792621207758166,1.1079345255797206,1.1507931497801143,0.9749008219027824,0.823938952213755,0.7073258053513721,1.5250092209857715
2024-03-28,0.4357121802744748,1.8791347899698627,1.5797837318788956,1.1151447459154806,1.1416394324398653,0.977922147182245,0.8287535518625115,0.7140575163630843,1.5260769465595279
2024-04-02,0.4525883850280653,1.8647307152100503,1.5748564158268188,1.1093936249900258,1.1386843314094819,0.965506522278232,0.815740286993666,0.7056076726773506,1.514285427888954
2024-04-03,0.4643060795500089,1.856157719722833,1.5816890054103716,1.1098284668388294,1.131985617177404,0.9606037990563472,0.815968867153966,0.7031712395023046,1.5229256340864443
2024-04-04,0.47322307608675085,1.8545805567049003,1.5768858819076466,1.1155962575558007,1.1341955887891533,0.9550163438673096,0.8220067199058755,0.7053526377283861,1.5314709769323156
2024-04-05,0.4796684332514116,1.8477704858453088,1.5656736793770245,1.1017008244708775,1.1100227832714897,0.9450705462953303,0.806490832154907,0.6918390064472957,1.52085005884362
2024-04-08,0.48466172999920126,1.852798577497084,1.5677071554421849,1.1090496192533421,1.1053747073665625,0.9435487782065064,0.8165009067090939,0.6971077336838991,1.529633804994168
2024-04-09,0.5008575949209768,1.8350676978181149,1.5571663516528609,1.1068758654695454,1.1037066482538982,0.9476381838706434,0.8152264638928401,0.69875268071768,1.5110741258835465
2024-04-10,0.5014119855541616,1.8405280538517184,1.5632042615802135,1.1067890175317825,1.0944243140416856,0.9534016658072384,0.8067298103315058,0.6975716399391548,1.517429517062534
2024-04-11,0.502134487474433,1.8478529341654157,1.562187412928037,1.1021518283900458,1.0949273413794676,0.9441120702921926,0.8082867967801933,0.6952997135076519,1.499643492409605
2024-04-12,0.5328343373098643,1.862054201104996,1.5640075112527547,1.1116324486005125,1.1184530072037944,0.942499364351217,0.8099192735026038,0.6917035240483264,1.4985056431158923
2024-04-15,0.5028713907382348,1.861664720342832,1.5608829791564747,1.108756864652328,1.110271910228905,0.9444196063445849,0.8103087949913395,0.6921697494872635,1.5029205297989212
2024-04-16,0.49669420084303817,1.8344021334124248,1.5316289624960684,1.083153218612277,1.0943272741479768,0.9330504551429206,0.7935799505075777,0.681054534439754,1.4696458048459198
2024-04-17,0.5067343731270982,1.8306394149772274,1.533334111179048,1.088150639542722,1.0939328981188616,0.9333025440778651,0.7920449725253261,0.6864620693546841,1.477348046837775
2024-04-18,0.5101533396627876,1.834124563955157,1.536232477256407,1.0943892340296815,1.1083865975358522,0.9395107285829793,0.7981556118128545,0.6850651294227558,1.4882281640124215
2024-04-19,0.5129465970431389,1.8378998283077,1.5270395028991388,1.0894976971504973,1.1209945632366622,0.935141153567494,0.7981959286844733,0.6903470717405781,1.483390971093745
2024-04-22,0.49970845072256986,1.8626660007530944,1.5509223448619252,1.1010089114666477,1.1342838535964734,0.9544212988072917,0.8080268639072699,0.700195864676594,1.5057269848039878
2024-04-23,0.49015106334726,1.8770847946659368,1.5683716030208856,1.1169139262176873,1.1374489140758448,0.9618539548076744,0.8132452426435672,0.7014280806620896,1.5245141546603693
2024-04-24,0.49664302182613174,1.8763834038879506,1.5646128038785372,1.110354743282304,1.1293965133592263,0.9537155234515629,0.8047031751245176,0.6953930434831784,1.5241844813548773
2024-04-25,0.4914279615813498,1.8700429360440862,1.554348399363073,1.1014939440477902,1.1253702325858925,0.9324514053472311,0.814555049433575,0.6798507293156468,1.5226400285173254
2024-04-26,0.49619958411352505,1.8802310143757832,1.562425589968494,1.109829411894298,1.1313418458326452,0.9436842054878236,0.8250842289547999,0.688010269553665,1.543922197466796
2024-04-29,0.5049557422744222,1.8767089744486947,1.5554558858739589,1.1121662588468948,1.1411631956186021,0.9524489378845771,0.8304667658280483,0.6919301006468148,1.5456230127453963
2024-04-30,0.4854756064918343,1.8692249365685243,1.54724672948256,1.1154712384254877,1.1377073441854766,0.9503437912513465,0.824540538890826,0.6836883344247865,1.5455889273791086
2024-05-01,0.4862018593067913,1.8631814994977922,1.537112443268403,1.108654125030731,1.1494462453154601,0.9508596682584507,0.8244843639145347,0.680056769820975,1.5420776383606736
2024-05-02,0.4805539559880494,1.8581664706693417,1.5415870739646096,1.1094790981264546,1.1539165014834931,0.9528778577561556,0.831975721052862,0.6838285466791598,1.5415852016905
2024-05-03,0.47391872674756397,1.8698675187446334,1.5533168552127308,1.1221178258271065,1.1685016648436133,0.9597702629379338,0.846780321598825,0.6928131339917281,1.5413789341527233
2024-05-07,0.48635932700761475,1.8925633174418197,1.5698329151786232,1.1385624702683705,1.1948293173019773,0.9703630391287028,0.8618789955461204,0.7023577855500777,1.5602818279739727
2024-05-08,0.49020814829234405,1.9169079871727865,1.5789579781847287,1.1383280763953652,1.1987593763635487,0.9831398402165743,0.863155411107258,0.7049839388230887,1.5767359346341634
2024-05-09,0.49475086696464565,1.9247467281116555,1.568465257533488,1.1456184195605434,1.2097620221300698,0.9821878117961594,0.86504047742304,0.7098728118170481,1.5838715892664028
2024-05-10,0.4963639143514843,1.9338516622498798,1.5797047587848432,1.1533740280202305,1.2118835692164398,0.9870051264486224,0.8635446850146103,0.7161159738883724,1.5910041252081937
2024-05-13,0.49195021312206333,1.9201791556063794,1.5841044752238107,1.1544922662722543,1.2099346089941339,0.9844915089914417,0.858946762562453,0.7119224701392608,1.590822865645136
2024-05-14,0.4954088385299854,1.9239638515017001,1.5879786843734494,1.170246899190193,1.2230960364211427,0.9857689886835127,0.8587242554380631,0.7171214552195124,1.5899120575495451
2024-05-15,0.5064509554103724,1.9282191313576915,1.5974005283841237,1.174493422756983,1.234206448114421,0.9873079292759357,0.8741560561081615,0.7232735462979385,1.5799484409600544
2024-05-16,0.5018369115867944,1.9141370665748623,1.5936138800343926,1.2003032988388906,1.2258140403003015,0.993053024561772,0.8775022819124848,0.7251423843698175,1.5825872287458773
2024-05-17,0.5156939356284971,1.9072944977404056,1.5851275453609934,1.201333738643787,1.2231535251929677,0.9948308218184827,0.8710423100065411,0.7172764280906364,1.5788509358711034
2024-05-20,0.5342760674221294,1.9054681187247782,1.588599026939241,1.2032205114929346,1.1949223007717955,0.9997886766292733,0.8653065892863023,0.7193348561828364,1.5935911975983037
2024-05-21,0.5289643377299447,1.9103468513186561,1.5752173331855261,1.1939991376925667,1.1859726321553445,0.9983085351163614,0.8608184361445047,0.7149635086930053,1.5896233615202118
2024-05-22,0.5148213869434415,1.903387680376958,1.5822647054344265,1.184595622500834,1.1932044018597145,0.9969199019085795,0.8554490714173034,0.7087177389898394,1.574591038611713
2024-05-23,0.5036471466583572,1.9022655519519294,1.5956012913177036,1.180645594009255,1.1367143961488477,0.9847642442596972,0.8484160315721969,0.7046878026047907,1.5729402094523683
2024-05-24,0.49731587853053283,1.8958808173206154,1.6017090215595104,1.178033275809356,1.1163902186495198,0.9899306462926334,0.8531544318035895,0.7056998058437457,1.5779038811115949
2024-05-28,0.515908537222021,1.873250358656155,1.5966997078043768,1.1784455505191749,1.098347818866703,0.9818468738787007,0.8513327886010666,0.70400182515018,1.5739578715160265
2024-05-29,0.508104294292556,1.8682669605887916,1.5831098310626943,1.1660336067931438,1.0866869659861096,0.9741111121933054,0.838616727887677,0.693159687428206,1.5585584234221057
2024-05-30,0.5159804828323582,1.8693029271401735,1.600468828185945,1.17293346270029,1.0857294590092357,0.9823703903245078,0.8540103409089586,0.7034021379237103,1.5642889636674464
2024-05-31,0.5122674925800288,1.8873471922171718,1.5977026300427624,1.1679430901336036,1.11206257328174,0.9839067062198738,0.8520012148582652,0.7016488236863709,1.5651848603741532
2024-06-03,0.512757475227323,1.8858934368189535,1.6071390315164331,1.172273391577002,1.086775433625665,0.9929737477483331,0.8614713667247196,0.7088333397409232,1.575385340935442
2024-06-04,0.4836839397132275,1.8848953655087273,1.6099868616616264,1.1676298824360605,1.1048878482341529,0.9940798837566099,0.8618787759234586,0.704074050513114,1.5568805468472604
2024-06-05,0.48728959245808257,1.881324408442407,1.6132213046317245,1.1720404826105009,1.105800288131874,0.9940203115393828,0.8578752500679079,0.7036893851372571,1.5558388027609569
2024-06-06,0.5078029353710583,1.8894734238717705,1.6197489569184873,1.1769761162942347,1.0939795176106497,0.986509671193301,0.8608712605087138,0.7070131192512566,1.5710239528225043
2024-06-07,0.4780323230861492,1.8892133260838138,1.6105747912130584,1.160406847415258,1.0943006287705577,0.9731554919432668,0.843754717225033,0.6978148051763022,1.5634769562876356
2024-06-10,0.47797157378034494,1.8830489986529628,1.6133789355693473,1.1579153870485084,1.0938537486216318,0.9640690443417133,0.841893518498307,0.6880954825642943,1.557490007231584
2024-06-11,0.471905061913202,1.8643353876948454,1.6058751408871996,1.1473198349379072,1.0833742543458087,0.947361656971155,0.8311153729122545,0.6815488197636158,1.5388454859819194
2024-06-12,0.4726920697145969,1.8838971702401714,1.6347787490724357,1.1639671232203468,1.0934002842063029,0.9589864824965365,0.8499493628047385,0.689560127298554,1.5594769731819815
2024-06-13,0.463560085684033,1.8692923426667838,1.6209523628108904,1.147640686172375,1.1095432567570156,0.9885831886876641,0.8364874560662089,0.6794968530930661,1.5488566211904482
2024-06-14,0.4661641478271437,1.865862940379654,1.6135830813524796,1.1414945900080526,1.1022539687838766,0.9868688644598317,0.8275236856462069,0.6732956115401406,1.5399216671549587
2024-06-17,0.4663930272132092,1.8694956271218282,1.6037022382963029,1.1406273928927169,1.0834248441912506,0.9909180293809965,0.8234421790335276,0.6741893799426785,1.5460660155316657
2024-06-18,0.4708067341232639,1.8817008652852634,1.6179249063276506,1.152226279034596,1.0984630773110204,1.0000212643541655,0.8314763397391522,0.678246038408323,1.5573465933506891
2024-06-19,0.4709748454103506,1.8940101912251368,1.6177537109839148,1.1435056957617624,1.101758093713136,0.9933092341961596,0.8201561192144149,0.6773028905384166,1.564376754672337
2024-06-20,0.48843381456920554,1.9023128957672863,1.6286761155301326,1.157939196530677,1.106723017762704,1.0078972633968095,0.83090841495052,0.6869370616796034,1.5905348666915455
2024-06-21,0.4841056786972535,1.9060455911707335,1.6148806207098403,1.1484095695743337,1.105991520482974,0.9971064557126842,0.8240967759965135,0.6853546913007672,1.570818291096278
2024-06-24,0.4848033702464939,1.9126509225533261,1.6163836052852447,1.1590623842614296,1.1073109340449692,1.0054977147396709,0.8295659872382561,0.692369862346598,1.5870931847451102
2024-06-25,0.4793092457940472,1.907549090672176,1.597812618777442,1.143250868002343,1.1037889835266907,1.006331220752843,0.8211829531957509,0.6837347280799625,1.5686380340448243
2024-06-26,0.48404861254534387,1.9068382020608532,1.5991983206156588,1.1415776854434667,1.0966486031354767,1.0028228996577098,0.8174718849530784,0.6816166139837831,1.5631886603326162
2024-06-27,0.4867420154144173,1.9043544187822308,1.5944956997837816,1.1362152996559782,1.0749019607525667,1.006320554700515,0.8171327264577943,0.6791194212025459,1.5649314587316847
2024-06-28,0.4844635134660422,1.8992485453305585,1.5929352732474162,1.1324826377685462,1.0746590109372491,1.0011339484066504,0.8189657470949006,0.6731664634698086,1.5595897469040454
2024-07-01,0.49020068976995584,1.881855416724007,1.5844909912182046,1.1375415359298091,1.0781503548213407,1.0015211672175814,0.8166610537401131,0.6734958216417997,1.5613218474609982
2024-07-02,0.4796416628452851,1.864069687400658,1.5869410622499402,1.132813115044946,1.0650261516012276,0.9882160658216166,0.8154144344025693,0.6686847863538082,1.5484045848937273
2024-07-03,0.4989605857129977,1.871313941331706,1.5907044118540719,1.1494593676272862,1.0837641916952212,1.0022444525142116,0.8264193568428294,0.6794752228021187,1.5726319133176287
2024-07-04,0.5021153610160323,1.8862495510027875,1.5999605715100287,1.1572682008697137,1.0931238656137394,1.0019290552722033,0.8290683175426813,0.684207373938854,1.5825634781625313
2024-07-05,0.5133398180284311,1.8825014268172733,1.597395819104345,1.1620077628410794,1.1107767889216023,1.0078606306380662,0.8342735460490093,0.6848395976567572,1.5811061144352512
2024-07-08,0.5009351754963279,1.896001726822979,1.6003997462645054,1.156305475133613,1.1083669486074152,1.0042776039706125,0.8317495089955489,0.6823288444464457,1.5938469443466086
2024-07-09,0.5057210137608874,1.882339644061725,1.5822770273226383,1.1468815931479817,1.1160079347661518,0.9992586909377537,0.820902598141948,0.6784911474585017,1.5730249039553823
2024-07-10,0.5251936853404532,1.8886317963337211,1.5962344605281251,1.1550755565956623,1.130061673386037,1.0099340268530663,0.8323205638378322,0.6886496283024207,1.593408677917065
2024-07-11,0.5353880394330075,1.8932976151576983,1.6051759624064503,1.165648606603624,1.1528615064450864,1.0195084126934717,0.8429289565436174,0.6957322905358754,1.601901515887519
2024-07-12,0.5269252420654911,1.8949406258880952,1.616115788061785,1.1774115920594899,1.138964173929947,1.0177198651319737,0.8466024604797696,0.696770184343429,1.6052894377457443
2024-07-15,0.5273115760398391,1.8818444050014749,1.6088414243901341,1.1647146984082057,1.1151038887947915,1.0102708732026418,0.8356143766756128,0.6876206922993466,1.6000624851474445
2024-07-16,0.5310816022896362,1.886697290244716,1.6168116544998155,1.1586882205640392,1.095794367584121,1.0191365951353053,0.8342641513199249,0.6864031582602711,1.6086201870297947
2024-07-17,0.5300086677434408,1.8861283552580328,1.6093566225545146,1.155398553231082,1.1109461536590133,1.0099947383505448,0.8278022089390417,0.6887488781298928,1.5952743223885928
2024-07-18,0.5256520326659294,1.887160198913984,1.605199949043673,1.1549632401306777,1.123646786123149,1.0166964703636123,0.830480879189608,0.6954700813496079,1.5865965272920732
2024-07-19,0.5204010334863743,1.8742834985473407,1.609784721167455,1.150617874003974,1.1114722827164603,1.0144999641198422,0.8200780533341685,0.6834329552970138,1.5803091410361356
2024-07-22,0.5102104302885055,1.8822591807266351,1.6148533318470164,1.1538136941699766,1.1144672410567147,1.025387573908135,0.82460912939239,0.6922132582513627,1.5865234683907685
2024-07-23,0.5073775018718701,1.8918889717066667,1.617867023568502,1.1479317522410541,1.110900244991108,1.0244817552558003,0.8158033045995973,0.6901327050986303,1.5906824081757418
2024-07-24,0.520948027657328,1.8905383249054883,1.6002925598756335,1.1462537548659026,1.1104194584603222,1.0162930849539507,0.813435864727932,0.6880466400010752,1.57918601686178
2024-07-25,0.49155326571589386,1.8699941754041,1.5895139256408974,1.1441056754331786,1.1093227133616308,1.0251093451876905,0.817041651466951,0.6876284993032931,1.568222331506075
2024-07-26,0.4955806141777922,1.896236414551855,1.6029443860611565,1.1564679612782642,1.121920817519469,1.044876498008599,0.8310767249754266,0.6948480397769861,1.6042302952526017
2024-07-29,0.4915458504604883,1.9010756831846214,1.6042333529526303,1.152155727376802,1.1320981613808159,1.0458811351997528,0.8315973721021847,0.6910530116405755,1.6050429031428004
2024-07-30,0.4975763556520672,1.9051916920130243,1.6120350172989164,1.148953546912895,1.1316191235359798,1.05718404604454,0.8339595488891101,0.693513196355944,1.6167057887347143
2024-07-31,0.501647169311918,1.9210678429257184,1.6203186284761264,1.1631087333409675,1.1349679997464124,1.0646723722384137,0.8410476844127677,0.6992649447495298,1.6283146625558713
2024-08-01,0.49212936075829294,1.9044002094988681,1.5905439837628579,1.150309015407518,1.1367164088517538,1.0563584169387725,0.839856929273513,0.6922653469213077,1.605922158621678
2024-08-02,0.48702476845661025,1.874795799886184,1.5349339608980492,1.119845140607238,1.1610926996280775,1.0385450664384968,0.8253010514761608,0.6764741758121021,1.554763583745809
2024-08-05,0.47012021440474827,1.8337063508837825,1.50313342209815,1.0930869264171141,1.1189186326978633,1.0098085175641531,0.8016734160803238,0.6650429673482309,1.5220409039716851
2024-08-06,0.45331237874790553,1.8346084977300892,1.5184731520258443,1.0942460782187984,1.114529614517119,1.0076128810199223,0.80113703795443,0.6650361879712198,1.5328223156543619
2024-08-07,0.4585813690283385,1.8548728735926243,1.5399190499775741,1.1090691620978892,1.1270466109201964,1.0324378304494808,0.8110092732945926,0.6744438515092238,1.559794900551555
2024-08-08,0.45454824220435575,1.8621894484568244,1.5331405510993983,1.102192959120906,1.119228542579079,1.0267710136284767,0.8084818024375718,0.6679581744803919,1.556083137868736
2024-08-09,0.4509034956152944,1.8628994870436981,1.5349399730861715,1.1118579938365978,1.1256934891137529,1.0302427062328114,0.8120274691406973,0.6694757649107583,1.566825124460212
2024-08-12,0.45736712620526454,1.8848966473356563,1.5406910276467343,1.1230846133112111,1.1269933646087125,1.0389438895185121,0.8089571081917527,0.6706074048619479,1.578189943837149
2024-08-13,0.4581076983284723,1.8944773124698784,1.5413304568741153,1.1246908574526564,1.1410839340745471,1.0481626555741952,0.8137827675046704,0.6724203947620501,1.5808166392823944
2024-08-14,0.45750671949361743,1.9024490835951264,1.5568651044781183,1.138267699511739,1.1480742340126178,1.0646147175327854,0.8241039474604192,0.675304104778576,1.5964599546619627
2024-08-15,0.45995330082336394,1.9218431788743742,1.578561941020421,1.148636602468472,1.142911651248029,1.0882041792220638,0.8278960595284066,0.6811432210942026,1.6234174176194192
2024-08-16,0.45769923077762914,1.9120584109834136,1.5794955838208111,1.1362342677278505,1.137127775340377,1.0843434285368538,0.8244361319334768,0.6815986167336682,1.6222870270842564
2024-08-19,0.4694140733795213,1.9204610242537548,1.5868591247341017,1.1458390322641314,1.1432161737957693,1.089454313332387,0.8342886316547173,0.6852503424517102,1.629417991134742
2024-08-20,0.4731376206841486,1.9036488585372593,1.571685824055153,1.1307355999167037,1.1327799498089772,1.0779445919120652,0.8275345976618925,0.676821924405896,1.6133768867201814
2024-08-21,0.47244748555252936,1.9015888341574039,1.5794458779076408,1.1352675322664085,1.123008571897811,1.0826464919199277,0.8315854106459911,0.6831249308235032,1.6162159135833174
2024-08-22,0.4686593099977375,1.9058089380454666,1.5855550518461583,1.1349623186736866,1.12664424749922,1.0926106559582516,0.8315209544284377,0.685686716947942,1.61972002583534
2024-08-23,0.47534131579845207,1.9022449763429947,1.5846359725045411,1.1495552207479698,1.136284547576943,1.095926048882525,0.838534468467623,0.6934562760786347,1.6310435921215798
2024-08-27,0.4740966921384152,1.9025281359912753,1.583434441393821,1.1425928899919569,1.1383085363797727,1.095276128057268,0.8295827016937662,0.6913185927435174,1.638009069549863
2024-08-28,0.46366265686941527,1.9091558641073825,1.5834141324241395,1.1400040004621885,1.1522760150598266,1.0990609079331697,0.8240801973075453,0.6877373684373794,1.6367763549148817
2024-08-29,0.4719434641701423,1.925050371477605,1.5994179785121054,1.1446322087144982,1.1479506298290922,1.0977991397348945,0.8179030294603812,0.688430029384195,1.6476595868159916
2024-08-30,0.4651967925329143,1.9212185522678773,1.5971420628447213,1.1431889457643936,1.1566919516064227,1.101477419586129,0.825444936358757,0.6889907489264208,1.648240059587064
2024-09-02,0.4610906735098918,1.9181851225012494,1.600452646314259,1.1713090548452625,1.156137282656904,1.0987023596061036,0.8277214185635626,0.6860341425635601,1.6319362044886054
2024-09-03,0.4413340863822422,1.908852739474126,1.583426945705888,1.1525570962664433,1.1623673228726261,1.1002430514935941,0.8218582953150951,0.6804770112964865,1.6207182595379674
2024-09-04,0.4373636384362296,1.9006073341229348,1.5711218755323928,1.147646639961617,1.1668176126579606,1.099306296727611,0.8131929541209144,0.6779795325524564,1.6151041056541442
2024-09-05,0.4434730920618605,1.8951445243576828,1.5680176386621463,1.1434260881136482,1.1863915277649122,1.0825248080403997,0.8185463765972438,0.6798769937403762,1.6113861651035832
2024-09-06,0.44382332234104827,1.8795340911014542,1.5617059557395303,1.130501035962466,1.1944933592577915,1.080423287745555,0.8127688264703105,0.6741999454250985,1.5775734730653288
2024-09-09,0.44206683287593823,1.895834445352283,1.5801648084664779,1.1368630506539246,1.2048430890176562,1.0938478218039989,0.8131561369932828,0.6822488289964198,1.605805839161973
2024-09-10,0.4498720511346832,1.883734713129359,1.5753690366818502,1.1369995341890835,1.202232732661176,1.0942551485944176,0.8170981827135472,0.6812465448409213,1.597743772675733
2024-09-11,0.45628908041044236,1.871547951138176,1.5708871273296021,1.1380618485939242,1.1982788209843402,1.0910310177452147,0.8164461104974203,0.6720903981846628,1.5983353318987406
2024-09-12,0.4708876810516154,1.8888822550709217,1.588296775596007,1.1514874878106578,1.1887308805721735,1.0925574085434837,0.8263090432384383,0.6772168436187322,1.6168042342528115
2024-09-13,0.5100301728461432,1.894229585723689,1.5987554858150426,1.1611689620145096,1.1946950653777781,1.0933668090838882,0.8366729233106808,0.683753051233967,1.6289925731934092
2024-09-16,0.5122803018873603,1.888656197017833,1.606908797448254,1.1649354063068549,1.1960893194475455,1.0991954583528085,0.8385069676119129,0.6833195246476683,1.6266846020718975
2024-09-17,0.5101231084407616,1.87885436421268,1.6222314320544216,1.1725348821134955,1.2037186961089745,1.1027042385964196,0.8492929239758412,0.6916151110956964,1.6332896189856418
2024-09-18,0.5027962288266157,1.8656550338625848,1.610766178231299,1.1666639013205258,1.1930667107798332,1.0930605983683472,0.8437907752035182,0.6814729834604559,1.6233666732307983
2024-09-19,0.516243852314789,1.8827054863166168,1.6365596116495205,1.17321857386298,1.1720732814287314,1.0895362475464345,0.8543354445483126,0.6937820766568041,1.6570104348469068
2024-09-20,0.5149809836326117,1.8637260303167693,1.620663585689381,1.1614592020808923,1.1655714733040747,1.0770789690119753,0.8363522377656367,0.6787115827121708,1.6325778655847782
2024-09-23,0.5255098207011393,1.867487700672921,1.6317358303349911,1.1676723835487097,1.1704244738241587,1.0758719901377685,0.8419132166754898,0.6821868090064239,1.6370476409465111
2024-09-24,0.523989167836219,1.8645739800317669,1.6346531175873034,1.175444723205927,1.1694956598147415,1.0694260344427147,0.8428985214029292,0.6870343570783958,1.6378351410295873
2024-09-25,0.541279412802611,1.8613864926549262,1.628190469542307,1.1717129564388644,1.1686372666959934,1.0765558242078452,0.8405634269133478,0.6893935785981457,1.632968783119511
2024-09-26,0.5437832213775871,1.8510828793044005,1.625559089591803,1.1805416343256034,1.1654666301750818,1.0771411538853566,0.8515985797165465,0.7020874345336248,1.646072950804998
2024-09-27,0.529727007395344,1.8513840845971368,1.6375615663205778,1.1850280010943663,1.1659439774134222,1.090284036194967,0.8560903326398535,0.7123212254876371,1.6477376313008458
2024-09-30,0.5174594372613099,1.8319728586505164,1.6160441743852074,1.1593415298476086,1.154787087619367,1.0793245458894523,0.8454460879862722,0.7018249663916023,1.6260700519724833
2024-10-01,0.5256662812427307,1.8407135455649877,1.6171995377219675,1.1549699259672304,1.1713785681785944,1.0791979734123032,0.8468351692700076,0.6978824170672374,1.610996487666814
2024-10-02,0.5281345525446914,1.8494679912868275,1.6141054543465914,1.1534758142837191,1.1456541732355539,1.0733147317463116,0.8376944724310678,0.6945786870393773,1.6113054576935133
2024-10-03,0.526932521453557,1.8486840918052796,1.6137085461375003,1.1478579630677341,1.1375121708213436,1.0753067044633788,0.8356508476290107,0.6906455174980538,1.6102029390408665
2024-10-04,0.530660222168255,1.851861800940019,1.6182817955194742,1.1527401863670081,1.120456152751204,1.071251721353494,0.8352948563947014,0.6932218916843313,1.6280965692880867
2024-10-07,0.5105146291952248,1.848498313294449,1.6219568979526249,1.1499851012119529,1.115119469578696,1.060792469533786,0.8309538867195901,0.6895627342097437,1.630027056820793
2024-10-08,0.5047726172463247,1.8359722674471124,1.60776967243031,1.1361907834774942,1.1089688785040688,1.057665447147026,0.8186418792739315,0.6780070734292485,1.6196302023351927
2024-10-09,0.5109043499888497,1.8618250317922342,1.6237732815440276,1.1457698776087748,1.1154268190091758,1.0632351372124451,0.8267271887242386,0.6859101471861575,1.634121496062703
2024-10-10,0.5237188420103425,1.8600016104288244,1.6198864871274397,1.1375085967184144,1.1222078059926521,1.0522863875918569,0.8191099316656316,0.6818036836636403,1.635747610179248
2024-10-11,0.5342941807465748,1.8706464575677522,1.6268118316828108,1.141498515990544,1.1226786606937256,1.037211821235633,0.8244320450730882,0.680938751002776,1.6490217392285387
2024-10-14,0.5297972378132657,1.8915524064370048,1.6360000278861635,1.1418934313337328,1.1425590895339757,1.0464841873371948,0.824874943450354,0.6799415627192479,1.6543230284591404
2024-10-15,0.5302266193220646,1.8868364259434391,1.6295835567101067,1.137968721274663,1.154824254185957,1.0502810049786513,0.8263095550272042,0.6754938708112908,1.6549606222509134
2024-10-16,0.5463436706800227,1.8909347172112236,1.6475388488574885,1.1574909387843675,1.180246086852851,1.0450712492833063,0.8421573388938715,0.6840623085414617,1.6735253101185337
2024-10-17,0.5573230416594098,1.9110535398061355,1.6640553129376408,1.1603490589421999,1.171883499654276,1.0547368784451965,0.8456353942818218,0.6901520441438596,1.6917945155039151
2024-10-18,0.5696582601825756,1.913435872139556,1.6572652838437862,1.1533037818257281,1.1666365483321464,1.0560353566210932,0.8404417097128035,0.6922081835017562,1.6915736208922225
2024-10-21,0.5910262545808491,1.8777993635249908,1.6451420230187757,1.1444884476537187,1.157273416277684,1.0487755036108468,0.8273000226112841,0.6846964318120313,1.6808810266814072
2024-10-22,0.6021020061049284,1.872949626860595,1.646269801766554,1.1447777534551067,1.1480547453125942,1.0404098352856195,0.8220649958596885,0.6854525459635042,1.6806758634641872
2024-10-23,0.5940523802592426,1.8688263409099415,1.6277773635072392,1.1322384543933992,1.1503317888817561,1.033062681462264,0.818775413819223,0.6836157883159824,1.6666026301230341
2024-10-24,0.5911040778648113,1.8581550233612223,1.6269892363284149,1.1346259736671536,1.1365751241730355,1.0290819588577689,0.8211847872279942,0.6757911817596602,1.6703068588874137
2024-10-25,0.5878953227248818,1.8593347023976368,1.6272092541280672,1.1352918324808292,1.1310034123577397,1.024668293433946,0.8209171174880512,0.6728529873413617,1.6579531165955577
2024-10-28,0.5813841362981618,1.8666172427904593,1.6480408515427962,1.1389854896069778,1.134341184541317,1.030934696541713,0.8277900193444567,0.6750844276802039,1.6600996592065806
2024-10-29,0.5876012493556138,1.8538516456125116,1.6189412099014426,1.1259533427961133,1.124425348760774,1.0138509991910307,0.818665946145358,0.6678419391231676,1.6460483135672694
2024-10-30,0.5806039860643849,1.8395741349828352,1.6130414928948176,1.1260397040210157,1.117229800672646,1.0134207748524755,0.8168843058907295,0.666599611876769,1.6565066673551316
2024-10-31,0.5632063773654369,1.8283544250786556,1.5980623169993415,1.0978276919454701,1.0973415289479613,1.0081878199147987,0.7929215200619019,0.6529162908906161,1.637474412331011
2024-11-01,0.562988253897868,1.8480199159187611,1.6136191596625737,1.1135724270584326,1.1101343432034567,1.0083809966039197,0.7967484409899546,0.6598948822956036,1.6586983245057607
2024-11-04,0.5519944792543516,1.8319707303854527,1.6081712728294126,1.112465966670309,1.1038505962796903,1.0086599705196477,0.7975285675697601,0.6596303936403939,1.6629823580399958
2024-11-05,0.5507063102541467,1.8420708371563779,1.627105614247541,1.1224249315348962,1.114264717906649,1.0125919845680134,0.7965341674082178,0.6536870246302304,1.6783491685127598
2024-11-06,0.5331337270198602,1.8634027850762147,1.6639603830912215,1.1119549370529922,1.0967233101366332,1.0229008203518506,0.7777110238608008,0.6501624168085232,1.7027542729892944
2024-11-07,0.5311726849844689,1.858350747143322,1.649786428133421,1.1145140620761425,1.097672954568745,1.010039403967038,0.7871413885678877,0.6529282603704376,1.699690527875468
2024-11-08,0.5372265511760489,1.8633862915535915,1.632115184685624,1.1006756698358189,1.1001600022777271,0.9974458626738467,0.7807196587493331,0.6453511292415492,1.6865885076850466
2024-11-11,0.5125341853403387,1.8826651618587846,1.6448906530370566,1.1025455409628837,1.1158173112622098,0.9993993546114359,0.7816330836760973,0.6501925248749096,1.7206982720047193
2024-11-12,0.4885297371096802,1.8633901310052312,1.652762730559934,1.0907912926842547,1.095317000942231,0.9851015287434379,0.7785050853017135,0.6363119898253538,1.7002631861013906
2024-11-13,0.49027528097327533,1.8567637093395917,1.64391097065325,1.075587293510624,1.0874102461218296,0.9909219378053494,0.7674728823468178,0.6343536865263161,1.7115262590374107
2024-11-14,0.4849339297388812,1.8689574957149075,1.6509297476801463,1.0841803960513536,1.107419204421623,0.9925183317936825,0.7804065484204104,0.6411384001446139,1.7117301406641576
2024-11-15,0.4948542383734963,1.8501688693007576,1.6445152271094534,1.082809592166959,1.1020724473467318,0.9928828312603701,0.7839056552806145,0.6424675104563659,1.7129134473287961
2024-11-18,0.5078157662039864,1.8604497471694297,1.6549299086310976,1.091232735440375,1.1058608617336367,0.9973960567965097,0.7801931895703832,0.6453811489170843,1.7202009862111298
2024-11-19,0.5075114803535388,1.8604132784144338,1.654873226522846,1.0950203421335312,1.107499346499319,0.9998890350699421,0.7838531699958924,0.6444189206475319,1.7059335637891668
2024-11-20,0.5039198208987067,1.879406157613073,1.639758666891337,1.0866572437958437,1.1075644801461402,0.98599606223523,0.7749813904018777,0.641693466179512,1.7031437948877886
2024-11-21,0.4994229457061886,1.9091801391307417,1.6651530335317084,1.0897121914184398,1.1100181418652517,1.0073347002867594,0.7798635922780294,0.6341891779990888,1.7258507604986428
2024-11-22,0.5063491589251948,1.936008874560498,1.6916809406290034,1.1041221989350274,1.1339594497235308,1.0182577150849341,0.7940653200146349,0.6432278263516618,1.7398527679293554
2024-11-25,0.49622857543721366,1.934547522707204,1.7024277605103053,1.1146507366630762,1.1314188860617809,1.0272972604765314,0.7915402687744533,0.6546111002063819,1.752575485167442
2024-11-26,0.49843222160390066,1.9307490607079645,1.707708521744542,1.1035472304104508,1.123808673461704,1.0172835608813287,0.7890272571562912,0.6482650875906233,1.7464660444353308
2024-11-27,0.4962607110271382,1.9284971083554803,1.7172386024258883,1.109047807443229,1.132633158005897,1.0222513852080326,0.7952250835538586,0.6495181381579409,1.7511660177729078
2024-11-28,0.4939243763360595,1.9363927530200638,1.7184774857487817,1.10858081145751,1.1343184305777565,1.0358243894898247,0.7926187152535028,0.6537986796930384,1.7594802089572208
2024-11-29,0.49636048757428736,1.9247011815451882,1.7199545167246384,1.1105359505943067,1.1266248136393258,1.0433954874267495,0.7954777815831147,0.6523351356894064,1.7599412114931274
2024-12-02,0.49403851328035514,1.9330984426710855,1.7287764234756928,1.1164577315246946,1.1294047194322805,1.0478664407838076,0.7925231257563223,0.6562974189047948,1.7703486321149084
2024-12-03,0.5062198664032602,1.9462046823640395,1.7480756177871664,1.1177606976955763,1.129105063291092,1.0504555190441427,0.7948328490612044,0.6542576541658625,1.7826058151413713
2024-12-04,0.5058835070230453,1.946233672627449,1.7472562730194676,1.122385532084851,1.1211334821248884,1.0575778187886953,0.798052729606442,0.656616018299361,1.789759993803698
2024-12-05,0.5013722036925898,1.9559584916376531,1.7420285016771553,1.1269519894026243,1.1223243238755358,1.0702895562697445,0.7908664339220949,0.6577764247735252,1.7923377761457653
2024-12-06,0.4924747792239954,1.9485477616722484,1.7326688606239806,1.1287428348795017,1.1009039057089463,1.0718281636050178,0.7900686745090651,0.6579729753802009,1.7855347949246034
2024-12-09,0.5110025436069209,1.9431076697141318,1.7244691327491282,1.1339029353214667,1.1074169969957308,1.0736673179160494,0.7934023316538055,0.6634929447559313,1.7829055798283544
2024-12-10,0.5036147831347493,1.931439345326187,1.714185850719157,1.1246404052895287,1.092820445531603,1.0726504101743397,0.790059205216115,0.6601259775239761,1.7663184539044954
2024-12-11,0.5245186351385266,1.9388938223904562,1.715143501718584,1.1230772871703774,1.0773886512634736,1.0777545697594597,0.7862144951822813,0.6643378191118267,1.7816236553204172
2024-12-12,0.5108596670751578,1.943978337683392,1.7208957675440149,1.1101008958419674,1.0846864713640971,1.0747501150982466,0.7858590348694654,0.6626684291536002,1.7816587930697994
2024-12-13,0.49817366103383975,1.94804990723841,1.7241160072471176,1.105774466804542,1.0855827120255075,1.0765655116948265,0.7818539268734777,0.6629924453644302,1.7824510349083869
2024-12-16,0.4874909830388597,1.9321725495804962,1.7183998039934851,1.1006059558963786,1.0756780000430073,1.0782026831557812,0.7731880031734361,0.65434036679247,1.7857609932243164
2024-12-17,0.4830405605664299,1.9178356277964443,1.6968368645435155,1.0848026646231375,1.072121840391984,1.0721965845188264,0.7695547587245246,0.6474611728998709,1.7677750108975208
2024-12-18,0.48120887311313043,1.9169381972174537,1.7068175947790614,1.0865900664138286,1.065759791367682,1.0765758106355676,0.7702653859321273,0.6458833373960204,1.7814531646892802
2024-12-19,0.4716283631281702,1.897455038073231,1.671207549403435,1.0681439774534374,1.0632574805313946,1.0642839967960116,0.7534234134991634,0.6382847197011599,1.7597211925657559
2024-12-20,0.4782790602386382,1.8882234464209633,1.6707678937742771,1.0650701187784497,1.0565629495325588,1.063157171811155,0.7576571099194293,0.6362737896127751,1.756198668996133
2024-12-23,0.4769088767715214,1.896507002403327,1.6693939952305996,1.0645455164883748,1.0597018721428317,1.0647339645529008,0.759732560549158,0.6335147443533589,1.7561674511538727
2024-12-24,0.475323990313101,1.9024243548557527,1.6825128379354055,1.0684907112629813,1.0642204275898024,1.0727324739454014,0.7621047515244966,0.6373399271619683,1.7683187215200955
2024-12-27,0.47045850346203605,1.912159437740838,1.6760305378499367,1.0648352346741552,1.0650951247134826,1.0691331071287697,0.7596382480478875,0.6379421742682688,1.7649548949485951
2024-12-30,0.46095669847549603,1.906102816357006,1.6719482346461376,1.0597096197856917,1.061509433672625,1.0669058004057874,0.757188321993177,0.6348693251072198,1.763057860686014
2024-12-31,0.46823709521511175,1.9167845724757508,1.6801623503183714,1.0643418954677517,1.065624300428411,1.071414427378182,0.7663198656978601,0.644171219079842,1.7666891753674119
2025-01-02,0.49022458812262104,1.940987280923444,1.7064190573873774,1.0766427240362326,1.0739832429873828,1.0792912409009514,0.7650013831239574,0.6442952069953203,1.783862476843054
2025-01-03,0.4871013111928513,1.9338942307755804,1.7000604027992028,1.070003490531672,1.0621266073056632,1.076971169407126,0.7602929042022791,0.6359863402017748,1.7758870147423547
2025-01-06,0.4826365283232751,1.9311676848311006,1.7020732755757992,1.0798562196006631,1.0571954420493808,1.0795626693321179,0.7638970552424382,0.6407782655553624,1.7848683249758284
2025-01-07,0.4848832556814014,1.9426777048832176,1.7026784912733932,1.0673033969829844,1.055472585952141,1.0780678728855186,0.7586051608855852,0.6399265496336101,1.7799266066779458
2025-01-08,0.4880852188164168,1.9473883823627645,1.702938376876856,1.0559309030239103,1.031641726809775,1.0665834918767205,0.7446634503446808,0.6302997210260871,1.772933840758242
2025-01-09,0.4998836920982277,1.9523509264825272,1.6907393347388164,1.0587440823363063,1.0310932959970294,1.0606827651669815,0.7482468234540577,0.6364932639612639,1.7838315384408063
2025-01-10,0.4976368969993104,1.93648631751314,1.6760899590561436,1.0413684441690134,1.017195471788987,1.0370806969129123,0.7420842110017561,0.6224635585830376,1.7645184467826394
2025-01-13,0.48668286960493357,1.9286935820115303,1.6700447415061297,1.0412358327716715,1.01339208042313,1.0353156213896368,0.740710161900813,0.6221286615914775,1.753692064903626
2025-01-14,0.49519743302560815,1.9298120750170409,1.670998754015101,1.034262978777,1.0016625386195719,1.0376353435151675,0.7435598165914148,0.6180045144395985,1.7549036021100084
2025-01-15,0.49560486127122017,1.9445343092255767,1.6953513022421667,1.0542810104468088,1.0369216599197393,1.0606463680641303,0.7650224326454713,0.6327106599142693,1.7945572946952253
2025-01-16,0.5067989653963528,1.9685404704286835,1.7154012140638295,1.0582674437787722,1.049022145362462,1.0778591615230482,0.7734720857810143,0.635334540435519,1.8149578144799814
2025-01-17,0.501758479536141,1.9937134956927431,1.728890429251215,1.0754792037258014,1.0571236843666894,1.0883323646615937,0.786162438985784,0.6466742130567139,1.835727419852316
2025-01-20,0.5075715660310719,1.9919136817027665,1.7396892932378398,1.0802772393908042,1.0531080342207508,1.087519834107905,0.7868543296031958,0.6503418649368805,1.8424058845216484
2025-01-21,0.5176997179112852,2.0023798463708697,1.7412803744601495,1.07076069104479,1.063136670410296,1.094022146237282,0.7915806222937648,0.6524924750041899,1.854511389280817
2025-01-22,0.5133709950947496,2.00079841296902,1.7470428436866527,1.0743650255871584,1.0465978809214198,1.1045484114140112,0.7895471130240276,0.6523297175723676,1.8675618455711671
2025-01-23,0.5090744380225803,2.006003858380248,1.7482595369141734,1.0755784833511153,1.0528021730827,1.0796723809417283,0.7932468460314546,0.6491753665370124,1.8784371725826112
2025-01-24,0.5135713621627149,1.9798825424582258,1.7226613902013932,1.0740404426786834,1.0382585791722796,1.077028429758189,0.7945079952314232,0.6524314952795546,1.8677330035991835
2025-01-27,0.5027314472388255,1.9788287733526484,1.7214553777148878,1.0723031717450515,1.050037388609447,1.0724551342573438,0.7856378423760826,0.6556768444805989,1.848139442249276
2025-01-28,0.49892173205721546,1.9921139063390851,1.7406040630876647,1.0872121364417893,1.0554521377285586,1.0876256052960223,0.7960351670035232,0.6610455291472753,1.851886269812053
2025-01-29,0.5075182478846447,2.000528808492961,1.7432623138508474,1.0821889454049098,1.0602591060994553,1.1015307649748225,0.7946488028934815,0.6630947853492917,1.8768393660969986
2025-01-30,0.5396195755422036,2.0184182181197063,1.7681194868129828,1.090830607668128,1.0751366715509538,1.1051225927714063,0.8053664519425987,0.6742884998827833,1.896101343538419
2025-01-31,0.5316240197564548,2.0330970502422536,1.7724049104960784,1.0903916402428222,1.0798306949495924,1.0981916619327277,0.8110497827317968,0.6778154357248203,1.912317808957507
2025-02-03,0.538263727998425,2.019883945841856,1.7569557708363752,1.077557252497679,1.074705587037277,1.0951244763883579,0.7999488020165555,0.6680816619309379,1.8881366586350374
2025-02-04,0.5420201870937651,2.0112103925115905,1.7577386507002328,1.0785513537616076,1.0666631816301098,1.0960731233521082,0.8000506708049202,0.6664740368902816,1.8949488296949089
2025-02-05,0.5663398610957524,2.0209803691610246,1.773799780098385,1.087917290935157,1.088414372758957,1.1020855768805684,0.8061482388484258,0.6663890983288627,1.9028766776638224
2025-02-06,0.5663077442990024,2.0239743833781234,1.7871325315450661,1.1001183821583302,1.0709345736594547,1.098318028724747,0.8117526997261091,0.6764294921186413,1.9380244865908582
2025-02-07,0.5718849076597781,2.0171517110536756,1.7837886034965897,1.0937006044678232,1.0650854939649401,1.0887591645187567,0.8018571446537222,0.6706870286373864,1.9328356370444975
2025-02-10,0.595324636087665,2.024757514587153,1.8066389435434902,1.1066674167433428,1.0679615358895798,1.0954167364886127,0.8103311600874453,0.675242435823821,1.943330008460911
2025-02-11,0.5882555030699129,2.0384243945385117,1.8042287530548342,1.0999615238822409,1.0586426837854799,1.0975709790560695,0.8068788986797727,0.6681004106399943,1.957381811344619
2025-02-12,0.5881946597982363,2.040298294363908,1.8078680325844767,1.0996585606903282,1.047258848010576,1.090031210313155,0.8130668400042024,0.6738826588858571,1.9663569045389429
2025-02-13,0.5938757908891107,2.0380165877692797,1.8117796944111966,1.093401708631703,1.053723817570831,1.0961424410836338,0.8212411514081945,0.6804897686540808,1.9669957829899685
2025-02-14,0.589460918802237,2.0357812220406735,1.8094117297853118,1.0971454071980467,1.0521648156656394,1.0914144936876653,0.8233471320133738,0.682088309402111,1.9630647240343586
2025-02-17,0.5827747145731956,2.061918460680283,1.8217165674328184,1.0950674963317677,1.0470515387702588,1.0936434438626392,0.8179764060371382,0.6863399244714399,1.9781331671170035
2025-02-18,0.5838051238644659,2.054848344286248,1.802210521514043,1.0896809279285697,1.0376769098012155,1.0823981629562813,0.812784054525446,0.6858850971154882,1.9858234822886849
2025-02-19,0.5765500274428778,2.0484101449238534,1.7939943148325457,1.0679807346925794,1.0409570099079175,1.0743450120909452,0.8007795575893069,0.675525956578229,1.9676082561996218
2025-02-20,0.5930068529766823,2.0446073874857196,1.7768178347181718,1.068051456087942,1.0380035806393468,1.0688806005423537,0.8018900572401334,0.673194765042419,1.95337864903736
2025-02-21,0.5788001997510777,2.0391037830094305,1.7763897601933323,1.069683571053863,1.0390422246301825,1.0725157272023227,0.7989251248980138,0.6749090565580713,1.9615058677204544
2025-02-24,0.5612343464615481,2.0526028447424824,1.7713082922431995,1.0679310059527318,1.058254202282501,1.0722664984088357,0.7944191419453432,0.6744005446279702,1.9495832713525505
2025-02-25,0.5451604440358204,2.0598920520739115,1.7606680270345807,1.0597221064225377,1.0616085892409342,1.0664351086891017,0.7914659460568075,0.6726375930339791,1.958686767528872
2025-02-26,0.5540647094569453,2.0595243019429383,1.7777706821297874,1.0730896483100432,1.059382154575935,1.0783832264584114,0.7966859708029427,0.6821051994921659,2.0004404480944276
2025-02-27,0.5387845600679974,2.068948976122763,1.7690296033268695,1.0549288340193328,1.0472260293961166,1.0726768044038104,0.7889922371998187,0.6741012690511322,2.0373441004365636
2025-02-28,0.5350246992895664,2.085187457847048,1.7683737449397696,1.061483345898798,1.0626954515040106,1.074165691229276,0.7887594481425785,0.673039373937575,2.0548303783845836
2025-03-03,0.5442476052776519,2.125594684563233,1.7855694315020403,1.0687618970871107,1.0483815480309069,1.0729387355198838,0.7890720673566456,0.6792837879491251,2.0737000852937983
2025-03-04,0.5488189566992916,2.105072768485299,1.7476186559963929,1.0445299526225942,1.0651176492533003,1.0610164291965916,0.7767085200748223,0.6701103801625611,2.028776447751277
2025-03-05,0.5768663257353432,2.0893511854097633,1.757000368876375,1.0412339188342634,1.0312676167860093,1.0641276975438005,0.7745514757954847,0.6775367437567494,2.065190303352107
2025-03-06,0.59287259288448,2.0668534548835766,1.7094287583192482,1.0487628054593459,1.0284056290146957,1.0693033737586828,0.7715176556658275,0.6801774013815516,2.0614573485730685
2025-03-07,0.5879564752429179,2.04444149898579,1.6939092582487023,1.0509300171330642,1.040426394785675,1.0672975522719572,0.774528069136733,0.6775245369135916,2.0461231705067187
2025-03-10,0.5848728459157815,2.0385438607411945,1.6758127969064363,1.0418068551829462,1.0617770185979203,1.0696744055224559,0.7751856489428948,0.6701184799686734,1.9857005455178747
2025-03-11,0.5913908488212241,2.027128270460825,1.6493744422682068,1.0352832447516007,1.0621995915542572,1.0548126041289798,0.7728774923201563,0.6560091819422775,1.9662798159602877
2025-03-12,0.6077716567125385,2.040702736693996,1.6575505595240039,1.0296421984698003,1.0532973276753215,1.057357174562005,0.7703279840469768,0.6530100295828452,1.9971080513046071
2025-03-13,0.614479536510844,2.0359395562590747,1.6366196454663706,1.0250993555546404,1.054741773206161,1.0627091362509544,0.7616548084049239,0.6502736567694452,1.98565440571197
2025-03-14,0.6242148533060632,2.061445861512738,1.6436757621319449,1.0368184971433407,1.0657300853668124,1.0512115646939593,0.7678955413983226,0.6558396180938088,2.0253369915002013
2025-03-17,0.6388310697672657,2.066566677771283,1.6431560313595035,1.0440480412277628,1.0691446496987216,1.0458361981047435,0.7736831394071064,0.6617164161019815,2.0255868768066616
2025-03-18,0.6512436400617813,2.0649487271851563,1.6509217803035197,1.046038326727433,1.065870322152945,1.0432908640199,0.7734880013557499,0.6644463512567101,2.057269726817125
2025-03-19,0.6469292081503277,2.0693338143649287,1.6532223526564713,1.0461213485956173,1.0597768664082703,1.042639549510786,0.7732292963471024,0.6618720457567859,2.0599440571614
2025-03-20,0.642184919220079,2.050095379437574,1.6573269184386794,1.0518288143532826,1.0784826213885506,1.0412563655322007,0.7760842667607992,0.663350442208908,2.0431868054420383
2025-03-21,0.6330797587708294,2.0368414875677274,1.6468224642863811,1.0386445965261997,1.0700229560706755,1.0396746347016204,0.7689969124049474,0.6552668652253014,2.028961762999853
2025-03-24,0.6406259965214275,2.040616901643319,1.6536196104925047,1.0411934467938264,1.0567767762227143,1.0385416557608154,0.7697816766696982,0.6550128619333438,2.040440289505469
2025-03-25,0.6495281569885021,2.051176119886928,1.659045942826067,1.0421756956819768,1.0558659697680302,1.0390815732046175,0.7623854508003387,0.6563286886939967,2.0591200494237887
2025-03-26,0.648113922516779,2.06642779405189,1.6585506769293665,1.0396038815321358,1.0653760199179936,1.0299736951248082,0.7624876551054698,0.6570410019171802,2.060456147956383
2025-03-27,0.6546412284671415,2.075445784809151,1.662219531400513,1.0324366225368367,1.0618748641578408,1.0289407506891517,0.7581605361404835,0.6479812560820004,2.047950923144712
2025-03-28,0.6603353536155512,2.0802690208703187,1.652617123265684,1.03185918329295,1.0886212962243111,1.0329220267459993,0.7639753431322455,0.6458850442140308,2.021847917825367
2025-03-31,0.6549582264775069,2.0726294068844138,1.6338329565749599,1.0174774909684414,1.087104782974286,1.0243503566451169,0.7543050780282771,0.6335854506673421,1.990192781746282
2025-04-01,0.6671558437888166,2.089385172165002,1.6469983378519288,1.025290715726087,1.090753629055507,1.0290399304833664,0.757801486735491,0.6368455511784137,2.013443372075073
2025-04-02,0.6554345099913088,2.0786397521891176,1.652816424875937,1.0230730573549254,1.0846405895461217,1.0402233135278942,0.7551685651227077,0.6333487113599965,2.0102208686521523
2025-04-03,0.6513641163595765,2.0824817832560725,1.6276036051083458,1.0148833541368034,1.132805849011571,1.040156413101128,0.7495758238606316,0.6135368857383974,1.949980173952607
2025-04-04,0.5910152711077301,1.9896188348263812,1.554838220699114,0.9683510215162561,1.1042357770901963,1.0129258533941765,0.7108379217920208,0.5853460077021042,1.8238649464881396
2025-04-07,0.5951147933029606,1.8858227354614583,1.4924349521598907,0.9411057974845983,1.0442018026290107,0.988848217555597,0.679446992493363,0.5627188259044202,1.7584155180088124
2025-04-08,0.612843453851465,1.9506360366493876,1.5395885496296116,0.9635392877027924,1.0626024580459972,1.0167811091369046,0.6947870445159906,0.5769662797904739,1.825504419991185
2025-04-09,0.6274132494982946,1.8995144675750735,1.5124722285561902,0.9468256223860207,1.0347327906708093,1.009298467047394,0.6686324817968917,0.5636876997466731,1.7847528131856618
2025-04-10,0.6595988654783733,1.9626496857153246,1.5753309540525142,0.9783252532745885,1.0594042379636872,1.0335570940048218,0.6980017874317336,0.5832053704277399,1.8559810538610226
2025-04-11,0.7054654043497512,1.9692957697073898,1.5760856485164467,0.9935106796549523,1.0756674715949033,1.0458327503855256,0.7058271774744781,0.5844504315393162,1.8608590401025087
2025-04-14,0.7217015747130271,2.007825364578537,1.6139924015615172,1.0142330461691398,1.0924370653655127,1.066837089487363,0.720323479716513,0.5996835335598308,1.9116867923479905
2025-04-15,0.7396969858953032,2.0426044308937867,1.647573294128919,1.0290477957908926,1.1169975967957655,1.0928744298336441,0.7363569065643414,0.606040385325742,1.9548134658120762
2025-04-16,0.7692264483960065,2.045836814185001,1.6422219397745343,1.025622680066364,1.130406601051988,1.1027738110694527,0.7410018721449603,0.6062476510621019,1.9370622793001964
2025-04-17,0.7407632556564565,2.0397186029618326,1.64796345591255,1.0290853643827322,1.13137890850742,1.1077113864359158,0.7471491465280415,0.6095427552346177,1.930974610466279
2025-04-22,0.748901970047839,2.0408478704143214,1.6512956491119446,1.0309680384638724,1.1402926750899198,1.11921019517256,0.7462584645889472,0.6128935602191561,1.9467885760782007
2025-04-23,0.7084805839761714,2.038713603256538,1.660882307206884,1.038624860022285,1.1215194052340531,1.1155641725413543,0.7516413345660168,0.6180823300009036,1.9937622258617265
2025-04-24,0.7188669470180443,2.039960363822366,1.6629849321265688,1.0389571681737373,1.1322120005900136,1.1214168070748423,0.7546721082999404,0.6154391148006977,1.9958806579839998
2025-04-25,0.7047083598226036,2.0398699027529976,1.663514550432209,1.0411684865430193,1.129450059823677,1.1273140351599695,0.7576943512785719,0.6179928940891766,2.018507114517596
2025-04-28,0.7106138288008107,2.0382560081972443,1.65987686193919,1.0478605832439052,1.1354815348816252,1.128698903897149,0.7610442549419761,0.6201008304250021,2.0155720102561463
2025-04-29,0.7168413846205113,2.05027094833409,1.6627181049255477,1.0470506210099721,1.148268977144741,1.1332852818919417,0.7671771768201907,0.6225013555680559,2.030584688772588
2025-04-30,0.7119094790019205,2.0764671685669476,1.6748453510488892,1.0486542532046579,1.1680374011052481,1.1430204862131392,0.7664126668641928,0.6241215625887064,2.0380016546262243
2025-05-01,0.7160752926603999,2.077075614235051,1.6823041174508402,1.0575026097695934,1.1645497010403403,1.1447702367082866,0.7774249984234695,0.6348266860106765,2.052133114184166
2025-05-02,0.7306633640868786,2.101669108710998,1.6985142336436831,1.0613404477606971,1.152217141478906,1.1501985813214344,0.7804524647552902,0.6423990387369196,2.0758968644471314
2025-05-06,0.7668328565695456,2.101713680956714,1.6850036729736255,1.0629041999531939,1.1635667892682773,1.1698293009196417,0.7827861293537848,0.6427803149976158,2.0895634558501164
2025-05-07,0.7650719025839692,2.090716018546637,1.6835710032562596,1.0605610534852956,1.151951240146494,1.1793506208430276,0.7772764405268997,0.6426253326973488,2.082209423957196
2025-05-08,0.7526812439046964,2.0633732528422146,1.6905881614977203,1.0660555948767878,1.12918852892868,1.1779376165669364,0.7778346158673002,0.6452279187364781,2.098690376564256
2025-05-09,0.7728025236247613,2.0599182326887013,1.689931346882458,1.064503004146142,1.133977982249911,1.182007463118506,0.7829375440015591,0.6480662282211167,2.1082464239410044
2025-05-12,0.7290669069169493,2.0521352028011535,1.6975751631019955,1.0708227149935994,1.1195858578285505,1.1683195140666025,0.7890816984797497,0.6587777476129117,2.129419401350876
2025-05-13,0.7323525417327428,2.0565524126668007,1.7072531886774096,1.072631200677498,1.0980817526761306,1.1841348568389893,0.7877695876411033,0.6626544570420736,2.14517402973338
2025-05-14,0.7129256209000597,2.0602796788561117,1.7153585954640784,1.0725909429715872,1.1052224445326446,1.1887162046246638,0.7961828958638271,0.6618233510844205,2.143271251627208
2025-05-15,0.7286018636962363,2.082609038943915,1.7012425471923491,1.0793555271039998,1.125624649930702,1.1878224544792446,0.8026245104811347,0.6643692648429635,2.1432616105147195
2025-05-16,0.7175713400839172,2.0929994152671854,1.7006112236060338,1.0849595631714901,1.1443103963497714,1.1989795511958372,0.804196869435099,0.6658337619315922,2.1569748427754236
2025-05-19,0.7307636741867845,2.099413035952536,1.7022981570456799,1.0899537043606322,1.151560229442709,1.1961237379420369,0.8046964950724165,0.6636248216806071,2.1726032326826568
2025-05-20,0.7407778386041938,2.118762116913492,1.7102368904490042,1.1061420932126371,1.1675273763713954,1.2081621086804988,0.8107183878965988,0.6700982020577577,2.201809400877118
2025-05-21,0.7676491149408773,2.1309634078567834,1.7091292094229416,1.1026049279888988,1.1739528581721612,1.2112491819076632,0.8057254115097816,0.6629812538895207,2.2077568448590164
2025-05-22,0.7800683694405011,2.1439533698099456,1.7149238155493236,1.0932148620455355,1.1676284483540804,1.2021955889729357,0.7841941072682324,0.6593558600399155,2.2101123602048105
2025-05-23,0.8019718773381828,2.1316097405911805,1.711924322890252,1.0933781604486223,1.1694477966374097,1.2029886956014322,0.7848994486696971,0.6524666193367276,2.200620770922673
2025-05-27,0.79294564761199,2.140657752395466,1.7297753459717378,1.1038288222265753,1.1734298588350884,1.2103707585124692,0.7949018368032175,0.6592962998761498,2.2242978296704066
2025-05-28,0.8048351265738443,2.1309345432066467,1.7166338648779615,1.1069791074725173,1.1659092336560206,1.1984792494748513,0.7926794679227267,0.6556969651323287,2.2102023901743815
2025-05-29,0.8199745008619792,2.1211448275505833,1.697670683657234,1.1030031250541488,1.1527446759649893,1.1987469361485803,0.7972048994223618,0.6595847929940307,2.2138719620511362
2025-05-30,0.8127663940395298,2.135618758623531,1.6968343738192357,1.1119559470128004,1.1743993913986883,1.2024491792910483,0.7973926533492685,0.661341056295073,2.224897010212321
2025-06-02,0.8645260983354683,2.1360657258681433,1.6949481340168793,1.110778592217076,1.179447248991987,1.2052423590526713,0.7970773583023472,0.6633421444526915,2.242356741350798
2025-06-03,0.8599737448753673,2.1501226739861585,1.700552349913295,1.1074184693273312,1.1614026830933153,1.1968558908513574,0.7939581937838873,0.6603977051919634,2.2593049929013804
2025-06-04,0.8672249815182882,2.1548653730750895,1.7027105765352786,1.1142973939507386,1.1603254757646677,1.1897182950673402,0.7976847094889261,0.6632322127075502,2.2715724314467156
2025-06-05,0.8983268903644728,2.1610362803298346,1.6959530511285825,1.1181694415788876,1.161724245524014,1.183649627937017,0.7963909805079338,0.6661030853899174,2.275687722673975
2025-06-06,0.8937531761783659,2.160933383336618,1.7100248679671948,1.1168381452059775,1.163359116653745,1.1877271042049484,0.7926900496894191,0.666645984137509,2.277932259897085
2025-06-09,0.9010403451337623,2.1489391102915794,1.7137200793514331,1.1215972186640244,1.1623854556448305,1.190047054069038,0.7953346173433999,0.669360828126814,2.2811949200551194
2025-06-10,0.8791009311486867,2.151012733810455,1.7294591595452793,1.127884216621271,1.1734733128284718,1.1887501183367806,0.8069426157660999,0.674263496783463,2.2585064635806296
2025-06-11,0.9004964326030649,2.150631234586255,1.7242156310688939,1.1338426341294119,1.1823587328141958,1.1935512050596369,0.8057432275820487,0.6719157314498463,2.2697664106624242
2025-06-12,0.9256926551742715,2.149633659050449,1.7144546494327593,1.1330419049173894,1.1931043484961552,1.2046863213814023,0.8089098378204981,0.6662597844955357,2.2662551160163087
2025-06-13,0.9485840374542861,2.1527988598192795,1.7082141473081576,1.1261233407215459,1.1848040272275013,1.2043806748464303,0.7984484466205765,0.6594365050140157,2.2480274813649377
2025-06-16,0.9253562647419689,2.164390000384037,1.7139475583363775,1.1348253055414044,1.1779255269274667,1.2094455809314937,0.7993157416975603,0.6681386963308575,2.2687627980532237
2025-06-17,0.9314621366232172,2.1545587603271756,1.7047241123784764,1.1294188020806042,1.1738293454514472,1.205056699791776,0.7958250258721555,0.6648847985237438,2.2562991942041837
2025-06-18,0.9349196405818581,2.1536092651398473,1.7096794987765875,1.1306506798868192,1.172296486760029,1.210473984202032,0.7985279023438857,0.6643478999740119,2.270877124674479
2025-06-19,0.9218847854970632,2.148321443205661,1.694514896967358,1.125390608271004,1.1664672500059554,1.2115055253622526,0.7867843475600681,0.6598383023142298,2.2449076942870048
2025-06-20,0.915807471849817,2.145600833798746,1.695853613323355,1.1192240082309697,1.1543818657266405,1.2119893996965012,0.7872132441545274,0.6627772391239064,2.2501968039737688
2025-06-23,0.9410109671017179,2.1446099397636416,1.691275298270473,1.112564340612054,1.1724044877939672,1.214412097702188,0.7850057804719123,0.6582968135866555,2.2367584993019207
2025-06-24,0.9056218155417213,2.1191644065537547,1.6925482498674562,1.1149615508039743,1.1784844856352827,1.2125040327964236,0.7936668655988283,0.6671848476868002,2.2739874461855223
2025-06-25,0.9224790629425775,2.1139819362755987,1.6836265900190475,1.1059566913673569,1.168038437038592,1.213236403574879,0.7904913292959701,0.6650620423503427,2.2936433132549214
2025-06-26,0.9493290537259531,2.1208954475139357,1.6985155827163352,1.1218823465626635,1.1726587985079515,1.217084792378118,0.800952065089207,0.6753078480573458,2.3073809097917706
2025-06-27,0.9093013004261798,2.1290021453181764,1.7153607261142114,1.1286223320225828,1.169778600495207,1.2119393047489764,0.8108141104130783,0.6816262302945747,2.330970357315209
2025-06-30,0.9201097810525243,2.1199019088496764,1.7012142939503798,1.1186075898576633,1.166269853752162,1.2133290888701975,0.8062024640464748,0.676781998277115,2.339296954029302
2025-07-01,0.9359719303379701,2.120935741343423,1.6983584453808456,1.1296570702836266,1.1811112755215383,1.2109897874701614,0.8120332625171958,0.6826098247188285,2.311993380781437
2025-07-02,0.9251275060378827,2.1007952651197117,1.6867824670925022,1.1164225078326226,1.1507261542220277,1.1943580704402332,0.7978480663067268,0.6820957024524459,2.2910620943685096
2025-07-03,0.9333593443824423,2.1168760197811376,1.7056057434021303,1.1325120056189815,1.159041236200973,1.207396251977031,0.8020441758312289,0.6867516834255302,2.32637875392022
2025-07-04,0.9513905410040548,2.120324917102994,1.6992618525310694,1.1249132940840239,1.1609885394385682,1.2099977402709514,0.7958310853337702,0.6826167848710329,2.3176374834896594
2025-07-07,0.9492932455337921,2.109626590439136,1.705605815616861,1.1216025662499014,1.1517989443607746,1.2205388126861534,0.7937303202545045,0.6805410276874461,2.333063795233657
2025-07-08,0.9295801081119338,2.1126360690149344,1.7106777030234914,1.1269913426135545,1.150077776242832,1.211969979008147,0.7894832919627645,0.6849335517076017,2.339803447440374
2025-07-09,0.917253891031522,2.114370633426225,1.7062254072199252,1.1307467928092376,1.156434140147758,1.2108505587124436,0.7896554038265852,0.6850322172721092,2.3522805404298484
2025-07-10,0.9289000283415529,2.1182853307904153,1.7224576823679714,1.1483049925647206,1.1507665442653672,1.2108966787040465,0.7908814189997986,0.6969939166750627,2.3634108641463842
2025-07-11,0.9585773736344638,2.1205580984481647,1.7170926401465607,1.1464491233697822,1.1407282808729167,1.2087640053750397,0.7841462558726905,0.6908211041231768,2.3637637257066797
2025-07-14,0.9730008372375221,2.1332009116141433,1.7203792007369743,1.151277643046603,1.1563719827800116,1.2138530820155418,0.7871825129862493,0.6916090713251524,2.387392085876466
2025-07-15,0.9345977955109432,2.1200113050479064,1.7108708831843364,1.1469362459541184,1.1494162491210789,1.2004851457856462,0.7787761724064867,0.6860076533329079,2.3744936112797124
2025-07-16,0.933552729487909,2.1154256764821207,1.703638969715094,1.1510919595502265,1.1556024931985502,1.2061771298944086,0.7742363287185252,0.6837021153473393,2.380419507317793
2025-07-17,0.9195087747763577,2.1291886827364572,1.717505840140759,1.1613368637705204,1.151733311648742,1.2213988035674364,0.7781314688216919,0.6894321832824222,2.410570526778986
2025-07-18,0.9168816058730931,2.1359388187021566,1.7331691350149903,1.1713705554615923,1.156879316944892,1.2257846186314905,0.7890780127372765,0.6927948646167296,2.408806970836976
2025-07-21,0.9515767137377114,2.1316814893349085,1.739966173717265,1.17989787360035,1.1735431416627509,1.2331518788890077,0.7952559482470283,0.6978840586944836,2.4171213345013522
2025-07-22,0.9465371444851891,2.1491576952890794,1.7327222831292204,1.1823936314883488,1.1932844134539904,1.2304906548077872,0.7949186998737425,0.6987077947695111,2.3919137307663765
2025-07-23,0.9462579343323206,2.150344158775397,1.739459941134026,1.1858041834949984,1.17226907362614,1.2321135996668489,0.7928331707802594,0.7042049285403185,2.3940506768088223
2025-07-24,0.9296154065378556,2.1574951157464852,1.7365601268777433,1.2200095548880745,1.1603654446878031,1.2611713655006564,0.794854021181583,0.7159263206515081,2.4143941306036782
2025-07-25,0.9183342441192106,2.1610279936842,1.7258362066580082,1.217164819110379,1.1594542379373685,1.2601173627429283,0.7935140979587391,0.7137489192555009,2.413099642681239
2025-07-28,0.9083201662357667,2.142167893142734,1.7129031841516988,1.2035176218007575,1.1522061881132952,1.2465611388221034,0.7920271703941133,0.7086648937514903,2.404511260812329
2025-07-29,0.9317054782750405,2.1591249383218494,1.7125255461630602,1.1934343940366112,1.14977702144483,1.2464024570903507,0.7841052822607443,0.7026982321209364,2.4345752313051063
2025-07-30,0.932106310306204,2.1471239738249355,1.7143270048782093,1.2005668812612067,1.1644735246752709,1.2480152206759745,0.7802681726243157,0.7019944743565454,2.4346814411024056
2025-07-31,0.9151560744337526,2.1628349131226012,1.7218205749011255,1.1982920348500075,1.1619471669593686,1.2646883493559806,0.7782567339202302,0.7079190818770997,2.4671499547198015
2025-08-01,0.9329366567228474,2.1584840492901676,1.707314988942686,1.1893158730630333,1.1663328501675385,1.2565032513688508,0.7637451050313545,0.6980333873330253,2.436474830893374
2025-08-04,0.9484836897680311,2.1618346300473075,1.7105976244392347,1.196134600010584,1.1730902164109416,1.2659165938577606,0.7678686848517464,0.7021315677143934,2.474191801804075
2025-08-05,0.985419581970906,2.1594338717447084,1.7112519620344206,1.1975664509078479,1.174646014628403,1.2608657569048707,0.7702611895631412,0.7147970539600381,2.4639422436741905
2025-08-06,1.0444597150303214,2.158443419785129,1.7130690957728587,1.1976704637223783,1.1720668387534716,1.255462879147401,0.7768422931750424,0.7176197512345651,2.4721385742423907
2025-08-07,1.0529061750860391,2.134609587426238,1.7168082593713165,1.1894708067491464,1.157666428736487,1.2612895485054116,0.7734191199545468,0.7161814821047298,2.456508802922033
2025-08-08,1.0564353933242348,2.11414232275682,1.7102268744615672,1.1939359661232483,1.1492470669949073,1.2550144507332104,0.7739045550545562,0.7160108481136924,2.462953111905325
2025-08-11,1.075118047670796,2.1069870917289157,1.713089888816679,1.200145214857382,1.1482813735980653,1.2569511235088253,0.7677585995544134,0.7163876904181326,2.482624485215269
2025-08-12,1.0737579746639996,2.0937817913036985,1.7243076286265564,1.2054551693631799,1.1314448124326184,1.2563333616287133,0.7636320563369228,0.7227059948617273,2.5012422414995896
2025-08-13,1.0579742912112957,2.0681529034677415,1.7269055828100128,1.2078964322283778,1.1400498599431708,1.2611663693897794,0.7635264978361231,0.7216675212812698,2.494957700134578
2025-08-14,1.0526097928774998,2.079439266334957,1.7262048560665244,1.2068214432253594,1.1500396189336894,1.2748955141005889,0.7600900413350579,0.7194388161033848,2.511107624593211
2025-08-15,1.0626890465740513,2.0769116876585723,1.7191329448309445,1.203441049485452,1.1487049463233947,1.2674216722964775,0.7598020688023766,0.7175981010655177,2.477958507359765
2025-08-18,1.06249517199242,2.0787220798313912,1.7236664456920137,1.1998482886708515,1.146690414081291,1.2763648303387658,0.755604570588712,0.715481812400158,2.492360131060171
2025-08-19,1.0263371357450437,2.0731775870768936,1.7406290679802887,1.2054087859425033,1.1435559685595318,1.2799244540530137,0.7659429418158974,0.7236239875130341,2.479238998472906
2025-08-20,1.0437748983918893,2.098172877725561,1.7508075955255094,1.2107666506572654,1.1686808025075168,1.2927295192559476,0.7716972387084055,0.7293243122803734,2.478939481677185
2025-08-21,1.0623221800218976,2.1018398795322395,1.7450763800268236,1.2124149122305523,1.1741980284069302,1.2950007380709145,0.7682782963372644,0.7242006154287348,2.485057412777675
2025-08-22,1.0698460656287048,2.098636665646893,1.7587543149651175,1.218480708718066,1.1673386473968324,1.2927990200131163,0.7792869174111658,0.7293859875889649,2.5017979311887095
2025-08-26,1.0946936321453735,2.08261973709088,1.7458846779220558,1.2022360918671484,1.1619757078768302,1.297589905215181,0.7690400727816366,0.7219734446332678,2.5019340631338776
2025-08-27,1.0958754790045702,2.084452900904964,1.7466659076487014,1.1989669366182314,1.1661512959022375,1.2884691117682936,0.7685961595099692,0.7220392193942381,2.4905048013478415
2025-08-28,1.0862694079377513,2.069787723646515,1.7396907634273426,1.1942054006332334,1.1533062403930934,1.2803859340039452,0.7668483999808936,0.7224616259718271,2.4820682885408227
2025-08-29,1.1070719535322595,2.061765875241919,1.7369260993947577,1.1871176371097947,1.146725223321886,1.281201727430208,0.7601700732367334,0.7192107712009663,2.467396034029873
2025-09-01,1.1354477163221852,2.064147931589375,1.7324855752551207,1.1813867230185262,1.1237591737890804,1.2764535982563203,0.7579771283793993,0.7158238085624541,2.487077339104777
2025-09-02,1.1792872867598259,2.0455764533435405,1.7072150166976086,1.1563981831193633,1.1018504874494583,1.2570000279974751,0.7387568552232954,0.7020007291606934,2.440761187311334
2025-09-03,1.2561994561316303,2.0429991098167757,1.7183032354728889,1.160200294507323,1.109912040836919,1.2602358208778583,0.7472189816318165,0.7057258475169745,2.458625916697109
2025-09-04,1.2552267896547813,2.054531001876353,1.7326463743478904,1.167752043311341,1.1154373698687838,1.2659374321603385,0.7478117059658949,0.7083159920362889,2.478482826379432
2025-09-05,1.272915324838261,2.051860540570615,1.7392626630553287,1.1741177237318807,1.1298344598756154,1.2699107890638466,0.7554856591883689,0.7107439936495624,2.481543220325504
2025-09-08,1.3000466794696293,2.0597515731953955,1.7541400999473462,1.1804851620635495,1.126526083484701,1.272764352574524,0.7592643753740937,0.711340292934741,2.5011301952984017
2025-09-09,1.289057211339089,2.0634461160557716,1.7492415039602873,1.183633348747179,1.1270283708281539,1.2614431142358742,0.7592391502836388,0.7110836833409535,2.516916020705267
2025-09-10,1.3055223188703529,2.0571191652055525,1.7255054643572014,1.160540106590015,1.130840163521277,1.2643845877984865,0.7571009811413372,0.709639723420377,2.523002371095969
2025-09-11,1.3146497283922802,2.088200133229084,1.730673264512953,1.171767244750919,1.136885554339094,1.2746592091468318,0.7574329313688293,0.7118195423455725,2.548242409359396
2025-09-12,1.2979985084362435,2.104140031479655,1.7214943287785365,1.1741906019750128,1.1465901158076979,1.2728047597375214,0.7539584688467437,0.7081920737258273,2.55685281729841
2025-09-15,1.325730146490799,2.1170089533179572,1.7264203947104642,1.1723732912739144,1.1457244635147004,1.2830732092188997,0.7584888598107942,0.7103685178845595,2.573366665286383
2025-09-16,1.3389387277603628,2.101057574880848,1.7101673196438725,1.1669419415056406,1.131950378945604,1.2786476871666042,0.7572286960022089,0.7038634984974347,2.5413760523363242
2025-09-17,1.3075629121760781,2.112803256289279,1.7260301603313308,1.1717581946885667,1.138577411613086,1.2828886975253626,0.7627441936019674,0.7071008626283143,2.545275951473355
2025-09-18,1.2818147588179656,2.118236369374426,1.743494645832667,1.1767231710773405,1.1319960871228825,1.2805597809764877,0.770149492525484,0.7082918507320739,2.5636580306300822
2025-09-19,1.3476443361060524,2.114791432493591,1.7345724720695357,1.1723884588616131,1.1360932417900027,1.2757874231140987,0.7685975673368426,0.7055024304536871,2.554191981447132
2025-09-22,1.4191927965514533,2.117652351141191,1.7334565786648959,1.168677854954035,1.1420269866562625,1.2735113484214848,0.7673784342847234,0.7054080880193407,2.5598362495439178
2025-09-23,1.4130710314980912,2.109834426831401,1.7455100058129212,1.1714783307705336,1.138126858247086,1.2706555105533517,0.7851581314170344,0.7041546903526558,2.567256972430246
2025-09-24,1.3980802709985267,2.118874038259563,1.7368762874703614,1.1732044801856556,1.1427805411371605,1.2603340326675394,0.7895224980013947,0.704484543233887,2.585912813872167
2025-09-25,1.3815311960242318,2.119621177941531,1.727520485389212,1.1665377132716126,1.1361520218082382,1.2608347645063387,0.7843334924400178,0.7025167435336868,2.568186744057362
2025-09-26,1.4029289106289902,2.1328108962232175,1.7461911650722,1.1714337046315186,1.1434087800299075,1.2641313622851449,0.7899679639730094,0.704725769173038,2.597134629396763
2025-09-29,1.4058213981554823,2.14504509087026,1.7501833805146527,1.1781309989802755,1.1493241739758315,1.279703433370495,0.7993959646709535,0.7099495055503338,2.598161013704063
2025-09-30,1.423274590723359,2.160753041747433,1.7556702518259544,1.17980904781468,1.1712903123718295,1.297794930056255,0.8048150783869084,0.7148056586394671,2.6305524354337644
2025-10-01,1.4264105248020007,2.1772157906158465,1.7625781390143913,1.1750453047243221,1.1920819429668588,1.2940194281872726,0.8111127236715596,0.719943117822425,2.616817584991682
2025-10-02,1.3881315474497877,2.170958703981445,1.7773086230020108,1.175971775757686,1.1807054245740967,1.3004723457594571,0.8121367118561547,0.7226653852363333,2.6123592268884432
2025-10-03,1.4066806821721645,2.17752946108626,1.794964485277911,1.1802940078229736,1.1838630171990512,1.295313636904834,0.8194836117100199,0.7284024278467418,2.6293763301144804
2025-10-06,1.4311432546903151,2.179201244199422,1.7938874610150988,1.1782734287763303,1.186266320373188,1.300240570377529,0.8158860677900606,0.7236749241714019,2.6179531224272097
2025-10-07,1.4084565764741845,2.179365477501395,1.799606470995952,1.1798371126359903,1.1916199648622228,1.2973892276478218,0.813444595296278,0.7194661447221814,2.611536563183347
2025-10-08,1.4486469851125163,2.192938024376034,1.8106103831430753,1.172373303033912,1.1922295377629715,1.3056705447727412,0.812968858965359,0.7228617655752059,2.6411940007570585
2025-10-09,1.4489110451482885,2.1883170009746613,1.811064164827137,1.1737222320203184,1.2058843148255096,1.310665554785104,0.8110717020800903,0.7227521949787941,2.6253988636973657
2025-10-10,1.4278416407438717,2.1757126163716363,1.7898777607518417,1.1597528103039785,1.2092038463529753,1.3030344556328688,0.8039640329282812,0.7154635662202081,2.600586921457299
2025-10-13,1.5680004441991573,2.1780022545628177,1.7949813128364733,1.1667003385723804,1.207733646463677,1.3013203119969252,0.8156319549043191,0.7212394561832471,2.6049333300942408
2025-10-14,1.5755818894514355,2.1840929179855153,1.7956132874279922,1.1679259245099465,1.2131340807671964,1.301979771320088,0.8137007165251221,0.7188187995443933,2.592471676871093
2025-10-15,1.5914752323714871,2.1630293218287346,1.7950503260231159,1.1645019195768809,1.2227933495167167,1.2994099569686473,0.8206166089297194,0.7192079244557973,2.575486641056816
2025-10-16,1.5999801139097838,2.1684737433909107,1.7888784726270475,1.1522168121497414,1.2307089267206421,1.294349068135763,0.8227656395706657,0.7215140186173419,2.588728959729307
2025-10-17,1.459472484665767,2.1489539036419743,1.784051646777183,1.1421513482873127,1.2338672583426948,1.290617836912091,0.8164999955244435,0.7149045338454798,2.532379772874182
2025-10-20,1.4883872964630012,2.152537829598858,1.7901503369826701,1.1424499344433139,1.230751419602791,1.293300515150138,0.8209449043283618,0.7182455669893058,2.562785132871717
2025-10-21,1.3197295733222287,2.1743948136321767,1.8073298783210587,1.146783364716354,1.242805821435955,1.293626235324461,0.8270777504047184,0.7203600155391561,2.5678096236354406
2025-10-22,1.3033285507463241,2.1925415263201056,1.828367983385258,1.169302520636525,1.259088941915366,1.3077372182696343,0.8457209551244177,0.7308481781270271,2.579484209071347
2025-10-23,1.3615878539354829,2.2013001103160783,1.83783497549857,1.174128008012492,1.255078625298412,1.3154315754997046,0.8527684061689407,0.7321056803844074,2.6020482454494345
2025-10-24,1.3759488470008971,2.212319694042747,1.8536181173554385,1.1800071347253185,1.25562102198829,1.3291412335923756,0.8590358529620995,0.7369421264463386,2.6312901202342482
2025-10-27,1.3072226101015794,2.2040583412182886,1.8553472960781947,1.17997005146807,1.2529958977376128,1.332797149527991,0.8558338133963143,0.7385821641869744,2.655260529940454
2025-10-28,1.332744216198731,2.2061680831106676,1.8469494690204948,1.1748185073455353,1.2537133783884549,1.3327973440532188,0.8521898321051917,0.739357252080865,2.6933963930610565
2025-10-29,1.3772718427204378,2.1965185833186003,1.846957922617343,1.1761117409305455,1.266583721457268,1.32480256182882,0.8547592292001062,0.7357389332846123,2.709734374603609
2025-10-30,1.378682480660268,2.2061270534750643,1.8472402657447353,1.1698583939271248,1.2742849180022007,1.329511344335249,0.8463178930522582,0.731616579062601,2.72360986321811
2025-10-31,1.3639494655408675,2.192125561668622,1.829875768748019,1.1659349810408133,1.2687353463013473,1.3198709982422445,0.8387506482395674,0.7297253378646043,2.7232832345262805
2025-11-03,1.3514999264841072,2.181129828858382,1.8233375856013203,1.1644468453413228,1.2565120058044312,1.3186013475463243,0.8305587246417616,0.7271922352117557,2.7360214853067575
2025-11-04,1.3285122044840072,2.176379136696546,1.8205959595581545,1.1520472433929414,1.2664625929816224,1.304801654322166,0.8326339884946811,0.7233571412581777,2.722432239788287
2025-11-05,1.3208597809617122,2.187518665460338,1.8329935435237963,1.1660631814293387,1.2757779456947642,1.3169926812434347,0.837857492222745,0.7252918343160999,2.734367242189485
2025-11-06,1.3594533562040225,2.1574069283455013,1.8144821097455752,1.1563367946721237,1.2797263588481187,1.3197858579337942,0.8343925908373446,0.7118540129856757,2.71731509403948
2025-11-07,1.3417635054983277,2.148416909877906,1.795943691372397,1.1351370086633747,1.274066383899451,1.3098300062405006,0.8301543232272814,0.711073785914622,2.6912502604764303
2025-11-10,1.4096948440271149,2.1528673018415994,1.8216410174052717,1.1398215795148108,1.2801048763752876,1.3164308670126081,0.8385275681530927,0.7201688735534754,2.740284763104387
2025-11-11,1.400638510670437,2.1736329829388263,1.810751346708718,1.1558938209390692,1.290226955460307,1.3120172013617695,0.8471847193795194,0.7280622473920367,2.7504894500365755
2025-11-12,1.4344078621660261,2.1587507679857896,1.7880687443740422,1.1518393453853433,1.3336189576275967,1.3053725806235996,0.8470540916042577,0.729462719590729,2.76953251609965
2025-11-13,1.4898047604035118,2.144936220178178,1.7227953532972435,1.1404129951101272,1.3265568540912294,1.274377014048202,0.8442718715598349,0.7253792515833777,2.745185533138963
2025-11-14,1.4599800664263864,2.130016618423888,1.7049241960458608,1.1217354200447356,1.3103106947550072,1.262429595864893,0.8295164922988203,0.7159259015515235,2.7020458233845517
2025-11-17,1.4276925269311103,2.120266380365671,1.699272459780091,1.117502923847523,1.317480023584782,1.2577313059084854,0.8186755530818923,0.7107652543460976,2.6817151967445514
2025-11-18,1.4008684407028078,2.1126757357353796,1.6713600290030848,1.1145103980435895,1.3068023381892797,1.251810046240996,0.8100165289195835,0.7007941602495467,2.642166108479732
2025-11-19,1.4599431202645385,2.0881968533370916,1.673574634313961,1.1157249178363169,1.2902371850792906,1.2403152481141895,0.8085278583485985,0.6992363518917376,2.62450075805392
2025-11-20,1.433233882364014,2.09236318924576,1.671818693429131,1.1117854010991657,1.2891255176802416,1.2728097732131816,0.8015364582667098,0.6989884329273537,2.6634732623887873
2025-11-21,1.404755538575801,2.0889342462794644,1.6653596209711194,1.1137825656217728,1.3001587661846434,1.2649784585194392,0.802941357583144,0.6996814678541389,2.650062689427576
2025-11-24,1.5084591764672375,2.0756821883021668,1.6619398078596055,1.1157579227894046,1.2950221394397061,1.2678611680380583,0.8056950693007544,0.7024917923678826,2.660249506616813
2025-11-25,1.5011788353078128,2.0563676449778727,1.673541235092297,1.1325555500303315,1.3022053306387602,1.2662786661744316,0.8174778253216283,0.710054409176595,2.697711357211697
2025-11-26,1.5768132934173364,2.0622720105723187,1.6893415148111757,1.1382173092831205,1.3199812254029895,1.308833457443062,0.8275164103349412,0.721221505499027,2.7362338572329126
2025-11-27,1.5715661557677216,2.0753978265088375,1.6841332121895116,1.144456188320379,1.3220238211868858,1.308468644011973,0.8294912592121199,0.7237631779123509,2.7460252751320957
2025-11-28,1.59314993034709,2.0792449716802923,1.6833885432212832,1.1375167290627854,1.319816620542862,1.2971736640132612,0.8286323765225055,0.7246054657165877,2.7561079062821965
2025-12-01,1.686494754750698,2.058035143722777,1.6680729977829243,1.1312003388138656,1.3207391574312388,1.2920465248463275,0.8288069758778124,0.7230497187866403,2.74356162938294
2025-12-02,1.6222138935434347,2.0568781383477837,1.6566055183137107,1.1190325393607758,1.326467631546549,1.303039315009293,0.8310644678005761,0.7229870896718044,2.7640697917271644
2025-12-03,1.6202381517838624,2.0557132148179282,1.651509758956558,1.1225744998558005,1.3256697116248783,1.2875154459633102,0.8337914742997513,0.7246274977104192,2.7636805168177596
2025-12-04,1.6246124137243183,2.066944114490925,1.6685159465191994,1.1303010595971095,1.3194655009302634,1.2942594846029012,0.8363657369259413,0.7240679286956941,2.78731832107924
2025-12-05,1.6224506495764859,2.0613358391262775,1.6699097982276143,1.1297945612178182,1.3040000027680516,1.296263128154596,0.8362498540691207,0.7253317987150767,2.7689064445462837
2025-12-08,1.6043954070270194,2.053984430816509,1.6540091183307466,1.1214753015895218,1.3009452154985688,1.288565244734707,0.822553143455932,0.7227772854218054,2.7907795290643613
2025-12-09,1.639230580515941,2.0635140034478776,1.642591804968575,1.1215574099739072,1.2920193301847462,1.2895370191474087,0.8200239292305352,0.7210815812526942,2.7925511811937276
2025-12-10,1.640654908043481,2.0558101283697767,1.6371963791096802,1.1239052143864672,1.2783166174541054,1.2840546844088558,0.8156874037155307,0.7199427908741352,2.7968521557468438
2025-12-11,1.691261652228763,2.0552756374208583,1.6452324964892298,1.1272091995398108,1.2785302921537107,1.2917276394494506,0.8207822931782253,0.7242294257092161,2.8035305588862824
2025-12-12,1.7087790949612087,2.057159087414353,1.6442629797972215,1.1182305237858732,1.2830822798058095,1.287125263009566,0.8168170434115557,0.7178281303980015,2.7859691748736477
2025-12-15,1.69938758781716,2.075983164490061,1.660455132047687,1.1311237653722026,1.2894729310561976,1.300786068451257,0.8227880003598559,0.7224886165313289,2.832998660749487
2025-12-16,1.7429643385685454,2.0538164911972694,1.6579299713028126,1.1274866657073193,1.284877363845323,1.3299577374551208,0.8260493326882528,0.7260368277988395,2.8132592753531283
2025-12-17,1.755420703625986,2.0689798191576374,1.6649494478214324,1.1344925433279696,1.3083815393236857,1.331715128975182,0.8320123967066901,0.7318150236623562,2.822687461340914
2025-12-18,1.8189271068784105,2.0850473064990322,1.6736553507043022,1.149920482247202,1.2998640155520864,1.3453199257590096,0.8374925019068953,0.739310287071623,2.855165190011999
2025-12-19,1.8726767466245966,2.0947770954968368,1.674107219193352,1.143565366632006,1.3033154721833735,1.3479918399046469,0.8369374524665631,0.741669234923993,2.8813815939117995
2025-12-22,1.9204552910343051,2.0913237450392814,1.6640257881337548,1.1392710232790808,1.2921547082857574,1.3497350003339326,0.8332543839257002,0.7402067799354702,2.8761590760118234
2025-12-23,1.9105329455554978,2.0861603227953425,1.662428001907984,1.1424273056533638,1.2969723662481576,1.3470552501271686,0.8371414227554026,0.7403332156524353,2.8836727768092
2025-12-24,1.8948625711855547,2.083502529255217,1.6613763667068155,1.1422075659696767,1.2950352375691883,1.3478830048732677,0.8384757897649762,0.741446567189014,2.873345926613953
2025-12-29,1.868136902711572,2.082570484959684,1.6591382306052438,1.141202576354655,1.305196405307241,1.3455535249458843,0.8420074993110183,0.7422460463462638,2.8662635394788483
2025-12-30,1.9684610847995194,2.0938807917006215,1.6675169420736204,1.152124568138947,1.3170169710617672,1.3531957257212621,0.8491423626757277,0.7487404274942115,2.901842231631878
2025-12-31,1.932573703732277,2.0892898974698606,1.6734064061638139,1.1499426150281271,1.309176330213155,1.3496065656913412,0.8487710328518746,0.746107627384567,2.8952802385089864
