Date,Cluster 1,Cluster 2,Cluster 3,Cluster 4,Cluster 5,Cluster 6,Cluster 7
2021-01-04,1.0,1.0,1.0,1.0,1.0,1.0,1.0
2021-01-05,1.0058155043701227,1.0155312044953098,0.9899685714984582,1.0008032944855716,1.0062645187625257,1.0045268407153767,1.0012882052897119
2021-01-06,1.0402789728977997,1.0481834171912576,1.020303689710223,1.0287598797128414,1.017835329246602,1.042850627789569,1.0254634085862444
2021-01-07,1.045360957582809,1.0534122907381953,1.0155631094640047,1.02888123176069,1.0098929986089245,1.0437325181672892,1.024247173468802
2021-01-08,1.0426548979348726,1.0511526094994232,1.021948430188494,1.0338516831967095,0.9893394053749743,1.0388889530003522,1.0262504935016423
2021-01-11,1.0224279896541881,1.043598870163782,1.0137312545851989,1.018773411611339,0.9795191306581452,1.0242045414073964,1.0125545079170373
2021-01-12,1.018588642616263,1.0466247034052252,0.9974360376471776,1.007985953347425,0.9621999085019792,1.0217147262210213,1.0041035937515383
2021-01-13,1.0024151043851037,1.0461726667163833,1.0097108197164224,1.0083298664439087,0.9618572854995525,1.0204659302409036,0.9999445324555082
2021-01-14,1.0257711898171655,1.050583738568047,1.004527087798596,1.0185683695324388,0.9638134023398701,1.0293769454230202,1.005095420396047
2021-01-15,1.0116728099809469,1.0397910404475939,1.0076892355804428,1.0058970899764366,0.952025326978551,1.008589354032061,0.9987165054408231
2021-01-18,1.0102026430950757,1.0370788434609541,1.0020084602615498,1.0098765157858285,0.9406428708255511,1.0079432818074336,0.9940600165323119
2021-01-19,1.00192197187969,1.0372914642838547,1.004889449546321,0.9999017660072425,0.9307376317977882,0.9982088434458455,0.9921402527292048
2021-01-20,1.0148230895419894,1.0424549361853281,1.0024988275117472,1.0115288494573045,0.9381922939590005,1.0123950340912902,1.0025900531222254
2021-01-21,1.01023256259755,1.0365532719833288,0.9941892861935451,1.0107525165878781,0.9334188162033662,1.0079421587972175,1.0070508354578322
2021-01-22,1.0012505669420564,1.0257190770679905,1.0053713548841918,1.0090363876690047,0.9389090618316155,0.9948238120403471,0.9996892738237705
2021-01-25,0.9897509584095294,1.00830638218166,1.017585027720394,0.9976807678701571,0.9331124775916164,0.9768662148574905,0.9906690329079716
2021-01-26,0.9814121265375516,1.010412491056705,1.0122026417668488,1.0011672822014663,0.9372250093668368,0.9824823134779791,0.9936611028907243
2021-01-27,0.9567176690136505,0.9950382078981989,1.0030290838213856,0.9889537947844745,0.9057687310859756,0.9710158214484289,0.9860757116941856
2021-01-28,0.9511567729232246,0.9953335870705179,0.9963503344555725,0.9887289549755953,0.91694302000699,0.9757586107772529,0.9829828884057757
2021-01-29,0.9290593435046018,0.9779249728234286,0.9832293515575744,0.970426348783346,0.918421742979249,0.962033115959379,0.9653951943034127
2021-02-01,0.9521862893197298,0.9869950525204498,1.0003621616799312,0.9876920572273262,0.9418359954344785,0.9717968965468015,0.9777650173173278
2021-02-02,0.9698058779419574,0.9914792303783848,0.9998591443654442,0.9981814963509874,0.9389193433242905,0.9825914725342749,0.9957101139833501
2021-02-03,0.9662758937192386,0.9930744267217301,0.9866921999406923,0.9977445180483332,0.9416791912041262,0.9835972769712974,0.9914307925236833
2021-02-04,0.981752725603075,0.9931516724286755,0.9766094193588863,1.0035509926839203,0.931093260343937,0.9896669618871873,0.9928585316265471
2021-02-05,0.9969501764823431,0.9951139629442167,0.9609372100576387,1.0053397201546967,0.9270188666858179,0.9946239570836355,0.9983960010173106
2021-02-08,0.9929996165621572,1.0022533320482505,0.9560635871795562,1.0068965540541877,0.9310132494174719,1.003536844017978,0.9958148297326115
2021-02-09,0.9995743877104973,0.9999518553410567,0.9627966771515581,1.0070655073533257,0.9268514023884833,1.0006287551541089,0.9968039192275936
2021-02-10,0.9924856511547215,0.9994352308533769,0.9651242437320506,1.0056946267184779,0.9260982447138162,0.9985519199357534,0.9901652618640899
2021-02-11,1.0016965380037488,0.9989497285091005,0.9654204660818035,1.011643206983337,0.9198090759121893,1.0040054511170478,0.991899589337507
2021-02-12,1.0035309749814185,1.0077914475288845,0.972988384126305,1.0173855411771235,0.9227497394909514,1.00656580840458,1.0000893376380664
2021-02-15,1.0498460145306538,1.0410824536582342,0.9863806482680214,1.040733912160834,0.9409502133603512,1.032263280992877,1.0103062614750082
2021-02-16,1.051979974789266,1.0390577722581051,0.9656528054619413,1.0373317553105383,0.9376139602646149,1.0378554956729193,1.0105400253242476
2021-02-17,1.0408752866526287,1.0377694072456174,0.9720912124972884,1.0273372355445394,0.9151200050569027,1.0280515756726738,0.9977069916279351
2021-02-18,1.0412618812550585,1.0273910582847765,0.9543956125976545,1.0154257965008975,0.9106276403724619,1.0123321952116937,0.9838264880519144
2021-02-19,1.0536817774094889,1.0355224763376791,0.9450950557551032,1.0211381222319753,0.8994663479718616,1.0286847573222118,0.9809143008280334
2021-02-22,1.059669826933771,1.041512020458715,0.9268979793707637,1.0119690838336954,0.8983297022087895,1.0370786802275385,0.9756597505517199
2021-02-23,1.0552696218282742,1.0471179116521887,0.9343759804675742,1.0115373453353567,0.8967028732517275,1.043240558757085,0.9771095328393627
2021-02-24,1.0684585719135151,1.0561819731093776,0.9285160166375903,1.0183985321398628,0.8916699904436166,1.055207728593222,0.9807479168740022
2021-02-25,1.0540303512412306,1.047596779291928,0.9259536326408867,1.0131795842854383,0.8877921233447544,1.050504812349724,0.9769445397534491
2021-02-26,1.021204968982511,1.0183040713772569,0.9042054605773107,0.9853737716041752,0.8650468584506843,1.0287595619446768,0.9569278435295985
2021-03-01,1.0504880014855356,1.034448294948084,0.9178449635176312,1.0076594318727514,0.8714759223955328,1.0483296756604161,0.970228410687608
2021-03-02,1.050691680949779,1.0344865877837655,0.9207607730333628,1.0088442571235339,0.8746895215429038,1.0489282220159277,0.9734858916651683
2021-03-03,1.0828680329827938,1.0522000461067653,0.9038444289464266,1.0217875255196704,0.869479206461633,1.0644828996530065,0.9771091855057796
2021-03-04,1.0378158247648253,1.0545692125113126,0.9199643880766478,1.010707285105003,0.869120617434367,1.049548506390754,0.9756103570522842
2021-03-05,1.0219480705753805,1.0498862096243966,0.9277499931381155,0.9968910117536515,0.862246447684728,1.0377976560194198,0.9710335571599455
2021-03-08,1.059505171472004,1.0607742124665467,0.922650919379335,1.0120294064230362,0.861722869181795,1.0546886969668618,0.9864385639387468
2021-03-09,1.0438226650075584,1.0639271946473137,0.9332307712833,1.0214730747144836,0.8812572020244366,1.0591942952201487,0.9942035523263428
2021-03-10,1.0329267369404478,1.064340994523388,0.9371588274409042,1.0241652706532434,0.8812208664611392,1.055998293676417,0.9930259190632712
2021-03-11,1.0405389390412816,1.063823702286539,0.9400538083502703,1.0301064552513925,0.8809679807178366,1.0627072309642682,0.9925742218219225
2021-03-12,1.0210022659734466,1.0685135647165016,0.94109848727611,1.034070757348102,0.8775503768099329,1.0657042807355428,0.9946065783765267
2021-03-15,1.0155550379700282,1.0640251404521992,0.9446827093727235,1.0322781673286483,0.883269133382016,1.0664044191463908,0.9970717299673233
2021-03-16,1.026698287395604,1.0758505619475576,0.9611539315079165,1.0500304914648464,0.895100653619459,1.0785210734028767,1.007548396382009
2021-03-17,1.0055308318700353,1.0759593442444764,0.9416153580238953,1.0387127801227618,0.9039557176467866,1.0686666701938428,1.0008438638594732
2021-03-18,1.0119294229400746,1.074248810740201,0.9435324688850486,1.0424049349262452,0.9195067267289867,1.072009702347092,0.9994541119892218
2021-03-19,0.9952654203415294,1.059902007501786,0.949583559610403,1.0324100385639985,0.9281353280806787,1.0544416673328223,0.9918563059978116
2021-03-22,0.9904408912118366,1.0621465266656613,0.9524470995295223,1.0363033220748963,0.9224718053344485,1.0468085922191657,0.9928876579556607
2021-03-23,0.9828415012741277,1.0497271281413203,0.9684453284647028,1.034215012833782,0.9104186942192296,1.0360748829620912,0.9908607047423934
2021-03-24,0.9964012629492377,1.051507400131299,0.9630517660747066,1.039681973271269,0.9024472869286987,1.0449848263306698,0.991107233298057
2021-03-25,1.0024489787643416,1.0409827907677598,0.9719453769528537,1.0360008995542185,0.8896986707774344,1.0386047350745193,0.989651975259147
2021-03-26,1.0200809352106228,1.05991359442181,0.9676050921328907,1.0418715211288108,0.8986646199866923,1.0540919577097012,0.9933615386682163
2021-03-29,1.0096561777559006,1.0592189220349757,0.980788314922099,1.034580545618553,0.8903205144915842,1.046018279945292,0.9924422819551024
2021-03-30,1.0215614244118199,1.0676311744176048,0.9686403557450352,1.0443055597069972,0.8845115888141727,1.0653469112106717,0.9986656325766409
2021-03-31,1.0152758491933047,1.0595571846467866,0.972914957475848,1.0340037017659658,0.8878269532047846,1.0571668020052198,0.9979617972189472
2021-04-01,1.0245347703217478,1.0664557370371932,0.9722059110027143,1.0495623714603142,0.8972955030973788,1.0694674015631025,1.006611183451921
2021-04-06,1.0343024662513798,1.0736172121552843,0.9897622266064732,1.0620944406692454,0.9064652823160413,1.0832346106358082,1.0167071243023764
2021-04-07,1.0452313927078338,1.0826488046879572,0.9957153335153194,1.071853347481342,0.9112357759408951,1.093248211575865,1.0276365066053914
2021-04-08,1.0413117908890621,1.0832023884540405,1.0122401476301783,1.0813960072718234,0.940393911621469,1.0941211639317392,1.0386422994109754
2021-04-09,1.040088912280723,1.0776520261569962,1.0126202819925054,1.0853396411188652,0.9287414661668076,1.0957011863521147,1.0363704528097648
2021-04-12,1.033925511140535,1.0796012261458061,1.0128798100153475,1.0767623667008885,0.9237696132081613,1.0908925459002183,1.0372372375252938
2021-04-13,1.037518872022567,1.0813688766529221,0.9988695493945363,1.0829205992489068,0.9356734487624712,1.1058198700064934,1.0366620890526426
2021-04-14,1.0515022873953812,1.0960428364830064,0.9955814541570666,1.0843049398425992,0.9037045543138378,1.1095783261297867,1.0392013228631785
2021-04-15,1.0645659234781786,1.1005128434362248,1.016740125892683,1.0892580423510383,0.9192932768639995,1.1134300743148786,1.0405068914172526
2021-04-16,1.0680081255208227,1.100604669190624,1.012293736666733,1.0963861342566406,0.9246596487625652,1.1222157036752394,1.046781290702957
2021-04-19,1.0684354328121586,1.0962492295545403,1.018742098051807,1.0928964726653756,0.9247340976043154,1.1204861946270268,1.0450342948698355
2021-04-20,1.039588195006606,1.0694251652180122,1.016223166407272,1.077565634288945,0.8969917369722902,1.0906569167611257,1.0244373978438255
2021-04-21,1.0428118565142501,1.0776847995080123,1.0088977772182557,1.0802745517075278,0.9047569399200341,1.0905576169130549,1.027837927354368
2021-04-22,1.050714885086329,1.0846569345379824,1.0215214062697469,1.0918107233567587,0.9090611083214704,1.099453654583177,1.0340532181559963
2021-04-23,1.055658520434949,1.0817552724991908,1.0133977878755185,1.0929462558988041,0.9100051878856977,1.1006116738736051,1.0311442263225539
2021-04-26,1.0623967535934529,1.0956594278429115,1.0039173954134264,1.0969495800920808,0.9126955753877473,1.12039635055376,1.037978192468777
2021-04-27,1.0456827697052697,1.0881802653048032,1.0071190474464171,1.0952772687530283,0.9062214390211485,1.1165989741800082,1.0309828143239732
2021-04-28,1.048011488044466,1.0896629524438568,1.0066195700283513,1.095816056789471,0.895645002048558,1.1183443984612766,1.0316947177695515
2021-04-29,1.0465768481147777,1.0914252967162552,0.999784292742936,1.0947679473351488,0.8721661174020806,1.1180310655282462,1.0356407347199101
2021-04-30,1.039012605687901,1.0975684567826163,1.0166073283490575,1.0931602235971642,0.8772310384556112,1.112862301904374,1.0380531694953632
2021-05-04,1.036374432760281,1.090984254229099,1.0119248521599167,1.0842057960188702,0.8843132188504793,1.0943487552374431,1.0279034558664542
2021-05-05,1.0600482481758915,1.1080614352880878,1.0133434233881409,1.0977618236045439,0.8876372780431605,1.11352992800463,1.0357982898825688
2021-05-06,1.0717948241945887,1.1045183551850692,1.0265246674332076,1.102156755768348,0.9063113127395932,1.117115568721182,1.039941639831996
2021-05-07,1.0796536348461039,1.1142589057315262,1.033537574298153,1.110125132640318,0.919549709085284,1.1314995784722668,1.0503428407205866
2021-05-10,1.0857337770609303,1.116276250779839,1.030284112696831,1.1052102622141977,0.9076106054245592,1.1337109908961998,1.0431023813612046
2021-05-11,1.0505435148628492,1.085210283211376,1.0087881518198047,1.0740803471354068,0.8903866528994835,1.1018622385254087,1.0128592594463401
2021-05-12,1.05168609417815,1.0947346404465237,1.0159962599073085,1.0753326284225493,0.8982257188580359,1.1063908576746246,1.0137451617620619
2021-05-13,1.0355352983767563,1.0829091103499187,1.0257945083765818,1.0685922139860164,0.8963298076469413,1.1049011127165735,1.0148212050944818
2021-05-14,1.0420378468669582,1.0995032553141795,1.042972713932783,1.0867406362825134,0.9053472884648756,1.1176508333924826,1.0313651455808104
2021-05-17,1.0359686924100586,1.1004806529090396,1.037097754358975,1.0816153287100063,0.9155415340959147,1.1060686669764903,1.0281573676199514
2021-05-18,1.0344799221945615,1.1037193837521921,1.0389864230174486,1.0830782622363997,0.9137145852113303,1.1111324754535452,1.0307320671843723
2021-05-19,1.012435129643434,1.0900914614241037,1.0347604079933095,1.0708234118048818,0.9109267920945406,1.1024928366224793,1.0221203779716803
2021-05-20,1.0197732931385466,1.100715324896664,1.0478102753514462,1.086544231946859,0.9171854462912282,1.11085940466525,1.0325118187278453
2021-05-21,1.0175737193087766,1.1038196604529935,1.0433881082071121,1.0819329125763748,0.9131383966097996,1.1137862044017417,1.0343267748073983
2021-05-24,1.0241162434680793,1.1107394836623798,1.043117275382449,1.0894082422578688,0.9109250284539225,1.1185876249641193,1.0428702111920571
2021-05-25,1.016375200105988,1.0999607310764707,1.0451136905133538,1.0865629689367584,0.9084648724487085,1.120786972700015,1.0441092027593861
2021-05-26,1.028272670606953,1.1067931658462846,1.0501702421317716,1.0872916755793254,0.915508900269074,1.1207365081752159,1.0521085291088388
2021-05-27,1.031883366338768,1.108518680112631,1.0341102674657983,1.0846956521837607,0.920236725470248,1.133605404540194,1.0480063674508964
2021-05-28,1.0351611769169804,1.110590810694563,1.0347975734459312,1.090642429549564,0.9147640773769993,1.1320280892922752,1.0461836754600888
2021-06-01,1.0591659849027286,1.1299940180255086,1.0470354138393556,1.098450673031885,0.9194352407011636,1.1453066794330866,1.0476856156817262
2021-06-02,1.0587084280417647,1.1333228235227966,1.046406342211606,1.1032078348154877,0.9192808547261466,1.147645693912108,1.0492492858889642
2021-06-03,1.0425339425588087,1.1260436288399702,1.036731941966698,1.0953043126802098,0.9155248920433305,1.1382651540065807,1.0444911260409162
2021-06-04,1.0497078505473014,1.1275813543573698,1.0356226017426917,1.096221184400409,0.9211076331125552,1.135779609326947,1.0441640051110677
2021-06-07,1.0474820961811249,1.13207502188205,1.041947605862306,1.0997342300852568,0.9216747810396095,1.1429627238710667,1.0481291886171704
2021-06-08,1.061593712093326,1.1368878774515763,1.0410549495482468,1.1048907864614461,0.9197295543064822,1.1431671072693947,1.0513062410110428
2021-06-09,1.0464538501007326,1.1337668495378999,1.0407718907981374,1.0949717624995159,0.9240845940149267,1.1358606790434325,1.0504839529617471
2021-06-10,1.0362441467905887,1.1406966114655808,1.0458003109552125,1.0918149844453702,0.9249345258981709,1.1285227585358248,1.0481187529417502
2021-06-11,1.0463650604745878,1.1507150412815448,1.0535874891338415,1.100923487004727,0.928271261774373,1.1361743432736404,1.0538170547562253
2021-06-14,1.0371789994645695,1.1567930750630486,1.0597520877533737,1.1053402480155508,0.8545692021343825,1.1312111823187625,1.0536761037354594
2021-06-15,1.0338962683066037,1.161780381253294,1.0635399926019111,1.1056344033005718,0.8504052354873959,1.1309461050241532,1.0558875003285568
2021-06-16,1.0425511100829543,1.1626243692240439,1.0680540983342417,1.1069237881558582,0.8552636069960237,1.1347853629359717,1.060855225232571
2021-06-17,1.0387410011424516,1.1553094829718864,1.0643587998986483,1.1019243942486483,0.8627951107699534,1.134219920187044,1.0601402423880002
2021-06-18,1.0123647805950693,1.1284339746906313,1.0536995943772225,1.0802371175241317,0.848638428670831,1.1135896229016748,1.04505497691747
2021-06-21,1.0185661663775125,1.1392688399804667,1.0543293286354198,1.090569790387481,0.8585727430530848,1.1240056287801201,1.0540006332444052
2021-06-22,1.0308410348386425,1.1532795906240996,1.053191817522753,1.0980979753365931,0.8601255050502044,1.1244040445604873,1.060233259143749
2021-06-23,1.0304122780784672,1.1522058588574604,1.0481849582302327,1.0950527362599964,0.8588281274598794,1.1226290354180508,1.0507892845312885
2021-06-24,1.038251804455566,1.151220538125312,1.0440276582329222,1.09814897647472,0.8406746980319483,1.1247040560399002,1.0513755646939444
2021-06-25,1.0333965181922864,1.158624160468964,1.04513785037348,1.1034630260117515,0.8457736210556968,1.123682731213514,1.0547531212428232
2021-06-28,1.0208301131676984,1.1437320336810328,1.0493501020529659,1.0894075830204935,0.844762287468232,1.1085923560210684,1.0509408457089269
2021-06-29,1.0262896901483372,1.1440692677526063,1.0470876234853699,1.091668420744301,0.8360856806622101,1.1101588900541972,1.0494393213450048
2021-06-30,1.0159041099603356,1.1339854003676686,1.0383775229184862,1.0840456822386564,0.8287897841495437,1.1038156448135217,1.0422601401726288
2021-07-01,1.0291480978920862,1.153115282605472,1.0479176459827677,1.0968840780391782,0.8437750001343234,1.115622533791601,1.0597009117372274
2021-07-02,1.0324272158370926,1.1536596050461216,1.0517216661099174,1.1010098578364074,0.8474185660629253,1.1132217523494534,1.0646180482750587
2021-07-05,1.044009948107938,1.1613440339195682,1.0540663104074075,1.1106779371126663,0.8581198330796518,1.1273169349525494,1.0697871816239535
2021-07-06,1.0342440341766468,1.1403013200244778,1.0625070286529574,1.1036137548962535,0.8594298416503442,1.116229019500698,1.0685648194478223
2021-07-07,1.0474200374982887,1.1452595195084958,1.0772761396003894,1.1128349898244023,0.866626281139877,1.1217287471168793,1.0733079123088096
2021-07-08,1.0123944526600515,1.123418168968091,1.0665343545209043,1.0914953246367116,0.850830224496321,1.1023565148353895,1.0593873609971691
2021-07-09,1.0381240363456465,1.1392679096372502,1.0736752042703743,1.1116452786314746,0.8564176959979362,1.116885438720637,1.0727869851757557
2021-07-12,1.0251773084823883,1.1402780623305693,1.0809791085446137,1.1142063894953318,0.8588884642590591,1.11444386792215,1.0741126649990704
2021-07-13,1.0169225851104888,1.1394509282281795,1.0878473169730953,1.1165320302243844,0.8628392957194787,1.1102924405974641,1.0792064156957324
2021-07-14,1.013713060170151,1.1357732609008306,1.077012285308448,1.1097522729249272,0.859475931792136,1.1053109974294015,1.0739031023054744
2021-07-15,1.0023984737234835,1.1165215502938879,1.0651110359249096,1.0989027890278669,0.8600350187889607,1.090990788443191,1.064116930773336
2021-07-16,0.9967548696601792,1.1136923003995969,1.079801477608008,1.0987740279507159,0.8620025051466456,1.0855028559894355,1.0674189864678316
2021-07-19,0.9734648565960929,1.0793883489008347,1.0675570272529902,1.0731030242245896,0.8394895420205115,1.0543045355315337,1.0412350045200836
2021-07-20,0.9886758593765034,1.0895831886957845,1.065342630880239,1.0820940801898955,0.8367539736197415,1.0633201969610355,1.0455714977808679
2021-07-21,1.0235608041898219,1.1190728756146564,1.0680504549487388,1.1061765576577722,0.8397685379935922,1.0927670519359842,1.064478476800654
2021-07-22,1.022981073765141,1.1168097031284807,1.0674073836145337,1.1115418312748557,0.8492762742370707,1.0955885855561667,1.0663796573703466
2021-07-23,1.0288806281382286,1.1273291484169208,1.0801437966409249,1.12027793452034,0.850334135795826,1.1052544977954724,1.0796164227441423
2021-07-26,1.0396179118155586,1.1347485579940224,1.0752912813504265,1.1171359240891743,0.8543084584725855,1.1127816850431218,1.0759903845097742
2021-07-27,1.028131382451278,1.120767456024168,1.0800110707221813,1.1141676822624882,0.854979231526017,1.1072182900189367,1.0713910152168475
2021-07-28,1.0368480885514388,1.1244049012412438,1.081580390854854,1.1235172771006423,0.8607218167093393,1.1156262059166497,1.0716227223714188
2021-07-29,1.0523366978473876,1.125939838420212,1.0769024727368612,1.130041855322336,0.8684215520722613,1.11899721975918,1.079006607727445
2021-07-30,1.03407077432009,1.1140057783172241,1.0790366213013547,1.1230749689510549,0.8867611712908932,1.1008937411810182,1.0710886378811184
2021-08-02,1.047237549303774,1.125222828074942,1.0870979602343183,1.1345545329732505,0.8897541277195222,1.110568739289388,1.074599889992153
2021-08-03,1.0502716798391605,1.1339059017833748,1.0849968138427164,1.1317935168418811,0.8983971144906642,1.1108133108877558,1.0746282940145602
2021-08-04,1.0524160913820788,1.1333701269275547,1.0936388213520885,1.1453994908487422,0.9002777755687706,1.113619500285324,1.079964986199019
2021-08-05,1.0539533970707806,1.1389806680557726,1.0927229912436076,1.1532284133264257,0.895815579235683,1.1187624906489158,1.086509538089529
2021-08-06,1.0538040840660872,1.1372855264658777,1.092343224689896,1.147805326487551,0.8891711996418387,1.1247467202805705,1.0881952402077488
2021-08-09,1.0532899871971848,1.1358772074434402,1.1087203677406416,1.1467445769573632,0.8865063335068232,1.1211622939355135,1.0862002030505464
2021-08-10,1.0596227341467677,1.1427324933826914,1.111024392866211,1.15049116437155,0.8931258418798672,1.1268203118592826,1.090374279106194
2021-08-11,1.0532805628006077,1.1591913629543744,1.1180475409723205,1.161985018207956,0.8975521428393993,1.1371016223296346,1.0968181191209947
2021-08-12,1.0217172066514149,1.1566577348232905,1.1174964019515023,1.1590475664963602,0.8922337659146076,1.1335408504477231,1.0981023390030777
2021-08-13,1.0232759230138415,1.15743492686978,1.1294665210759005,1.1647927216821181,0.893419279832972,1.1394104256424251,1.0974578015144005
2021-08-16,1.0122084231524857,1.1453369709636385,1.1304134999670001,1.1536083219714681,0.897035177410823,1.1308311340194181,1.0926718004817064
2021-08-17,0.9965061590002913,1.1478545804382712,1.1382276194781054,1.1508391005529548,0.9074061634696445,1.1260200842639045,1.0921033242666043
2021-08-18,0.9952380572678451,1.1468678769330802,1.13589986224736,1.1514488623422119,0.9035810638520857,1.1283075674425203,1.0912599372068068
2021-08-19,0.9752356437927027,1.1233447882501664,1.1363791002550143,1.1335954422776984,0.899288287161423,1.11341631529094,1.0784746330125028
2021-08-20,0.9840002532277236,1.1298762780414666,1.1416729398671812,1.1410248812346924,0.9013492453172113,1.1183491000338903,1.090072018985705
2021-08-23,0.9826504076346217,1.1295504721726586,1.1294275120321944,1.1433397222903166,0.9053822913208917,1.135230096015056,1.0897351397577841
2021-08-24,1.0091420688619734,1.133700792451676,1.1269044705949152,1.1477221956594834,0.900278551254592,1.139061184497856,1.0969281770115036
2021-08-25,1.0109820567579615,1.139576606287338,1.1161861561528588,1.1525421755408196,0.9034929295797056,1.143852949832674,1.0999215383410037
2021-08-26,1.0003447036760515,1.1349042757687156,1.108881562573482,1.147072435117564,0.9054099486072044,1.1380888339520037,1.1006133260093969
2021-08-27,1.0101353287988484,1.1436104994268697,1.1053231765683251,1.1525807141242872,0.9049252174755326,1.1378579920426237,1.1016199534831816
2021-08-31,1.0092141693158467,1.1266116395276595,1.1070945705358446,1.1537917715397226,0.9088058047658677,1.1317070994207097,1.1055595462825212
2021-09-01,1.0101242876796028,1.1338743204073778,1.1179314119724668,1.1669888752341016,0.9149444363901715,1.1374435270744894,1.112873240486676
2021-09-02,1.0112061162327335,1.1370925396516098,1.1169943298110625,1.167295628543081,0.913103986156883,1.130732917796777,1.1125266229003126
2021-09-03,1.0051054317190953,1.1353023682836842,1.1165215346356854,1.1651524707565324,0.9183406437800018,1.1246973697159073,1.1082289049613427
2021-09-06,1.0020362173326263,1.146939277183893,1.1172736994508652,1.1730132724742424,0.9295893926365281,1.1297661389046096,1.1113535000457275
2021-09-07,1.001682566357168,1.1410732343609309,1.1090397936072511,1.1662115778078468,0.9193155373511166,1.1222620849466844,1.1083070311224297
2021-09-08,0.9882328442804322,1.1310468543121461,1.114047856108659,1.1513845307347228,0.9206944483124196,1.1139150093716792,1.0990783203775347
2021-09-09,0.9866189233686207,1.121193397100314,1.1026739160281962,1.1483038157400445,0.9152124547620184,1.1075282275390792,1.096295726321344
2021-09-10,0.9903552013915858,1.1247608822051542,1.0977456299779915,1.1489536795492366,0.914237839667283,1.105406829449841,1.0978953542150263
2021-09-13,1.0005959095297616,1.1292536515834095,1.1096917406284157,1.1506595817423846,0.9123614655479141,1.1136191846254369,1.0974654350518476
2021-09-14,0.9926668067950359,1.1224797622560052,1.116708647546413,1.1512007371520196,0.913535310700798,1.1063410494830792,1.0936813227551132
2021-09-15,0.9824354548534643,1.1245151477232265,1.1071992393929928,1.1403169640445219,0.9171014605338575,1.099203704777948,1.0822173491981326
2021-09-16,0.9810888424123684,1.1263388513268953,1.1169911439987708,1.1497507555951751,0.9149203538953691,1.1082756147396873,1.0931620531585073
2021-09-17,0.967282128391887,1.1197117840186295,1.0997321266561992,1.1382505282687976,0.912891798742762,1.1040461197380511,1.0927283290954348
2021-09-20,0.9543423590122208,1.1071177371133478,1.0997677782689868,1.1171292706096816,0.8988587314849745,1.0927451472106955,1.0838910095998744
2021-09-21,0.9612810875579371,1.123093952853492,1.1100189585581266,1.1356323789448612,0.9174408963443706,1.1014248482184525,1.093962454488983
2021-09-22,0.9755701278349204,1.139662724247992,1.1013177380836177,1.1499917822014218,0.9180666998498017,1.124946534608992,1.1082050727074113
2021-09-23,0.9737239511737649,1.1404373048301257,1.0914763039072921,1.1472266316037034,0.9163448123756623,1.1289100078344,1.1069687874442138
2021-09-24,0.9718766361900159,1.1374472321286448,1.0739709082050095,1.1304111967275399,0.9098627046190619,1.126867428732927,1.0976525835364148
2021-09-27,0.9736976697254346,1.1418461153697312,1.0649120791679667,1.1265098982799995,0.9120429468336377,1.1288605705242851,1.097053711638952
2021-09-28,0.9574525827982997,1.13259723732968,1.0515287863927827,1.1072669104047352,0.8976964158702728,1.1115795384724876,1.082644563719465
2021-09-29,0.9613015739509411,1.1410256826539966,1.055217617965047,1.1135300797790186,0.8976760319017447,1.1222991646564042,1.0918731814234055
2021-09-30,0.9609526589547315,1.1376875364678622,1.044664212413389,1.1079671493331145,0.8974006189033702,1.1148159725907185,1.0838190098165374
2021-10-01,0.9598745931269898,1.1298778858684564,1.0462758910550545,1.100966409303063,0.8859821441372764,1.1103511687629681,1.083664448617119
2021-10-04,0.9520571265919511,1.1244180206147176,1.0486681656038686,1.090617512885949,0.8820318709454364,1.1058352855799412,1.0763458022562116
2021-10-05,0.9499789414679741,1.1330238360072096,1.056051493026625,1.1002402642100955,0.8775610044273332,1.1174008825119193,1.0866580810149045
2021-10-06,0.9276178960480385,1.1107132108619047,1.0487585303214053,1.0824703516440466,0.8741565412759915,1.0998368598929376,1.075329069338163
2021-10-07,0.9432106332922111,1.1183461568435475,1.0493605818132117,1.0951415501839645,0.8797212000125004,1.1103632564701127,1.0875669464602178
2021-10-08,0.9464052814196657,1.1207486978675354,1.0449671802752518,1.092291465993224,0.8864555163128447,1.1129443609515397,1.0892188027345935
2021-10-11,0.9521931181281497,1.1249926033994813,1.045351636550522,1.0929769103535039,0.8894236286741588,1.1216054418073984,1.0889457824266127
2021-10-12,0.9435872227796374,1.1226926260689796,1.0531557322420824,1.09222922808783,0.8858101362236102,1.121478227423494,1.0876177092489276
2021-10-13,0.9468889981502988,1.1234811318636582,1.0623104901694034,1.1068750465192023,0.894083371860494,1.1191156427905673,1.0912409569108152
2021-10-14,0.9676753302108035,1.133500814838007,1.0633473612759305,1.1165842390345349,0.9050799900056934,1.1319123529750548,1.1061110083639165
2021-10-15,0.9689161286649602,1.1431171244508318,1.0499630004377498,1.1214039570684389,0.9155288922680793,1.1297397709741124,1.108311946856996
2021-10-18,0.9565641558162158,1.1376595287853346,1.055753216770986,1.1151770595829775,0.9193742133205681,1.1216423858821398,1.0984299684206353
2021-10-19,0.9588278180129821,1.133984505898491,1.0575423939103872,1.1220555254492528,0.9184886551081884,1.1240043926245813,1.103404825758062
2021-10-20,0.9375153576580857,1.1328424668749248,1.067358428870688,1.119930531996702,0.9297344894402011,1.1200752049680238,1.108999050337181
2021-10-21,0.9202786711277913,1.1277042363911556,1.0664378364703129,1.1182487845384397,0.9254597742175816,1.1146100346761985,1.1063591370761003
2021-10-22,0.9173421284970528,1.1278840260044591,1.0738025202696426,1.125224838625874,0.9321722906752118,1.1126100933694152,1.097246419460221
2021-10-25,0.9275438539994258,1.1325620209246186,1.0718764536032401,1.1263412444656526,0.9313594165151846,1.113158454971337,1.103220784136056
2021-10-26,0.9442834309275154,1.1494840039681529,1.0834375767091937,1.1366571744193963,0.9275793575140229,1.1209251294369866,1.110018424066065
2021-10-27,0.9459455456803166,1.140188133775139,1.0971827033289803,1.1373124446146725,0.9232569944795184,1.1147989656826622,1.108540200607268
2021-10-28,0.943001560932859,1.1333986441502213,1.1160275633601493,1.1354945015766515,0.9534300543696654,1.1125263500074496,1.1094841067877006
2021-10-29,0.934899232818192,1.1301364835960666,1.1077436399258147,1.1333021452212935,0.9443086650359735,1.1052262516363287,1.114704890853034
2021-11-01,0.9323592869883592,1.1417686180601172,1.121511802818841,1.1381107552681082,0.9508502628567008,1.1162382476298467,1.1237292055368122
2021-11-02,0.9244996191069123,1.1368655476977685,1.1285132989737172,1.138363908359881,0.9444988185633226,1.1079026460089925,1.1246790639661142
2021-11-03,0.9231480983733752,1.1287285365622048,1.1268482031383424,1.1390903534065497,0.9484757648662778,1.1029695361413603,1.1264370648871094
2021-11-04,0.9351748958796847,1.152133911250029,1.1379754900081724,1.1547991840359426,0.9531838125886347,1.103898105332845,1.138533208586752
2021-11-05,0.9396965462693756,1.1604184860317306,1.1302755394104034,1.1546430709819917,0.9923065270863691,1.1199723218381725,1.1510504512817268
2021-11-08,0.9347732734747112,1.1587147271884366,1.125093928056947,1.1532053718116346,0.9997872340859242,1.1188102127190618,1.1457078783182302
2021-11-09,0.9241048850338048,1.1627618497122538,1.1139709111546676,1.1461540373855306,1.0057031117699895,1.1118032751039215,1.1412824418209548
2021-11-10,0.9335091072745915,1.1742095930857575,1.1382049895171282,1.155071551274408,1.033573821833527,1.122397509561443,1.160718203032754
2021-11-11,0.9368271106501854,1.1791161563785135,1.1412921362191675,1.1638099548457121,1.0402099462298777,1.129378007696335,1.1757256396596025
2021-11-12,0.9247279799937068,1.172417611534384,1.1457607142254347,1.1707605041178641,1.0526451139724151,1.1261320598701199,1.1768990694776313
2021-11-15,0.9165737065228772,1.173935552820654,1.1455818995446139,1.1654874983501033,1.0590993356189835,1.129053371368102,1.1761917545648932
2021-11-16,0.9084335453533571,1.1711572757698443,1.132506128278012,1.1712356975602733,1.0569950126482475,1.125219707110161,1.172426889323715
2021-11-17,0.9018327592898624,1.1646683078321693,1.1234312686778083,1.1595692834673978,1.062940146883093,1.1182989465334776,1.1694953621006006
2021-11-18,0.911111334587502,1.1569833185775256,1.123080457403021,1.1646979125538133,1.045325717202213,1.1175843794791815,1.1781996469554321
2021-11-19,0.907423266894909,1.1431237719835534,1.1245640293447414,1.1635636764591188,1.0385305767824111,1.1070129899273793,1.1759819668270235
2021-11-22,0.905563915393902,1.1494780357128556,1.1235825471441792,1.1638303745228793,1.0376592785996182,1.1112695713625305,1.1806265049523983
2021-11-23,0.9157581672374521,1.1488383439997276,1.129535042525477,1.1512713618974875,1.0299564960022392,1.1056677275651488,1.173269497598387
2021-11-24,0.9209117532853158,1.153062463618439,1.1386033310176336,1.1572876106310561,1.025318922358938,1.1054626103908094,1.1707748416537276
2021-11-25,0.9324720083920585,1.1555757420387016,1.1473423149861959,1.1621979476869688,1.0202770750534238,1.110907212265646,1.1766378121354863
2021-11-26,0.8816289913282285,1.1029544034661325,1.1391760959542594,1.1269594235230105,0.9878491963782701,1.055985327349125,1.13781711144
2021-11-29,0.8926804948390772,1.1222303148076966,1.1393829973840695,1.137914321320351,1.0085702902307507,1.0647989118908447,1.148989674879733
2021-11-30,0.8812662028528728,1.1065318629484653,1.1371497768541836,1.1236127491928676,1.0032873039056671,1.0522453962048481,1.1378341455832823
2021-12-01,0.9057814112572086,1.1346493949056322,1.1424350592733234,1.1414728807460546,1.0109372022496828,1.0733988842959106,1.1535686292497085
2021-12-02,0.9094016000099412,1.1275424457191117,1.1316879233555321,1.1279441473169447,0.9992927033154546,1.0650463204233764,1.1452090497196281
2021-12-03,0.906973573133604,1.1279896442974713,1.1416863472872338,1.1267277684438257,0.99008586629839,1.0621027411313537,1.150568077598495
2021-12-06,0.917205404224941,1.1463731362628478,1.1569817851020245,1.141792803321714,1.0048186170603521,1.079945910770772,1.1667766827915274
2021-12-07,0.9347444601254095,1.1595957912056474,1.1638253642994139,1.159903181565998,1.026513365388647,1.0967073303246375,1.1856819297854875
2021-12-08,0.9383828601532344,1.1604226992211708,1.1732650908840982,1.159703605612212,1.0165601614073014,1.0921778491853251,1.1796343810792498
2021-12-09,0.9377546073983752,1.155087682935625,1.1809513515589691,1.1580219884630465,1.010737492160018,1.0845038895102472,1.1800088275811138
2021-12-10,0.9308800104521121,1.1479995755571737,1.1817263691416184,1.1476929060288248,1.0146511120747415,1.0763116879378851,1.1765008613046226
2021-12-13,0.9178148084379639,1.1342703165227588,1.1820383244722525,1.1388116170539873,1.010031931402533,1.0600709293121309,1.1682607697233858
2021-12-14,0.9242789012337184,1.1293195098979367,1.171812294325329,1.1253660815352229,0.9972559504049251,1.061375713415696,1.1594174586910144
2021-12-15,0.9024701026298243,1.1149375597293112,1.1804927969366024,1.124727813007546,0.997241389139224,1.0486935076719341,1.1543539082515433
2021-12-16,0.9151607962458566,1.1336593953105896,1.1670858208872272,1.125193369757218,1.0168700688980092,1.0684225161192755,1.1618846969824532
2021-12-17,0.9241348168172171,1.1349333711912324,1.1802898018664094,1.1286560314423493,1.0207955557518966,1.0681715687352262,1.1607418747879117
2021-12-20,0.9134013299587656,1.119949651127366,1.1783381977173768,1.1180457885378023,1.0157217882912302,1.0529369802058073,1.151630158004913
2021-12-21,0.940769092843385,1.1410553113866406,1.1855540987037145,1.1337908640744294,1.0176354086593076,1.0718719206863563,1.1657042991509226
2021-12-22,0.949268713275763,1.156073495091295,1.1862337473249114,1.1428690698039474,1.0293450808826807,1.0855602879085418,1.1753431428516068
2021-12-23,0.9510006699083421,1.1604332490337887,1.1877811860109584,1.1491885420381167,1.0276511260556755,1.0964619578396102,1.1811777347133245
2021-12-24,0.9536017534656436,1.1583484815729292,1.1857889757107387,1.1510934607616885,1.0282747556060268,1.095041212625721,1.1839488731889587
2021-12-29,0.9567277469110738,1.1675670026598863,1.1984472175200875,1.1633639022062383,1.0310533133306432,1.1068583897301352,1.1992727745791516
2021-12-30,0.9594237392401578,1.1601083575480269,1.1893818292903002,1.1637396896620662,1.0433163061474746,1.1047582552575348,1.200471179809621
2021-12-31,0.9535741711414248,1.1600284946889468,1.1800259623054736,1.1616966410847451,1.0479616408475256,1.1003797577709251,1.199194039604648
2022-01-04,0.9807116021918555,1.1846818202602716,1.1846306107549505,1.169612958744031,1.0617360341509259,1.1315075719915397,1.2154257730471276
2022-01-05,0.9851180104897986,1.1915649328784694,1.1769090584617339,1.1667625306558118,1.0591807679959404,1.1346139868574456,1.2181800256571789
2022-01-06,0.9854271161069191,1.1803677242042498,1.167325848684465,1.147827921806807,1.034578149126165,1.12913340439534,1.2025395383374304
2022-01-07,0.9900600067493147,1.1867637289520252,1.1680002711205095,1.1462481229206827,1.0398927952173502,1.132855398906785,1.2049745784906698
2022-01-10,0.9768658121186101,1.179967643072695,1.1631663944999704,1.1260855111677122,1.018765528758078,1.1301632545831168,1.1918255326802827
2022-01-11,0.9908129335488761,1.1872856980656048,1.1609701431937212,1.1298761188042736,1.0338991485567557,1.131098877579635,1.1968483927270583
2022-01-12,0.9871701274105158,1.1973518666469318,1.1592880110773198,1.1299489700924803,1.048092294709873,1.1395060051822727,1.1975696735220223
2022-01-13,0.9821914229443661,1.1982566458279316,1.1615080181110862,1.1206692036217907,1.0455520054115761,1.14188140239135,1.189198356793045
2022-01-14,0.9706020835655519,1.194458527879834,1.1705839017104058,1.1072740132989958,1.0441815267637287,1.1323396478803809,1.18044876341129
2022-01-17,0.9779970432563645,1.2119466840469866,1.1808982046441492,1.1185042082396466,1.055631954890472,1.1426830308395561,1.1893941903594702
2022-01-18,0.9718169528986218,1.2103385294141444,1.1816169602445281,1.1098843953925648,1.0511236583602388,1.1338254334763578,1.1781615978101156
2022-01-19,0.9834169360476963,1.2164196830699474,1.1778529248222198,1.116442689852252,1.0624991851513645,1.130899307249691,1.1813506816224932
2022-01-20,0.9835898803381191,1.209574864137384,1.1773939253775905,1.1241211745136064,1.0639090069041766,1.131584444493748,1.1805265254475068
2022-01-21,0.9674223851238853,1.19221812478875,1.1705949348149782,1.1054024844475874,1.0570074541139025,1.1079869077271747,1.1640992241956545
2022-01-24,0.9206639864266296,1.152169922705056,1.1591610206606278,1.0662728651711615,1.0457467806630014,1.0628233243045477,1.1329960567325914
2022-01-25,0.9255913464729947,1.170396585752414,1.157582135410542,1.0691153640039348,1.0521980813044791,1.0829377043333468,1.143172897782722
2022-01-26,0.9437233259678912,1.1906791840741004,1.159546836167773,1.0810574029493494,1.034793729929075,1.0981946267720788,1.155014899763344
2022-01-27,0.9441462367895816,1.198178048209155,1.1831483649336638,1.0855241041991521,1.018660345281225,1.1004920380902037,1.1608743276532163
2022-01-28,0.9338071756846662,1.1849025005956983,1.178393029900993,1.0788943636425425,1.0111377794317231,1.0844047744849201,1.151458880332054
2022-01-31,0.9325853860227907,1.1769313954590244,1.1701264197615568,1.0903936567133217,1.0401099576273054,1.0913769019803676,1.1633051877879832
2022-02-01,0.9503845315404145,1.187066677294485,1.1799551227896738,1.0956966300494075,1.0633597997005795,1.1046852959501072,1.1714124352271025
2022-02-02,0.9512344989693009,1.1940842030854655,1.1885883280531904,1.106726365153575,1.0713108411091157,1.108554033367629,1.182228494115687
2022-02-03,0.9426647523523061,1.1796234782868495,1.172055409263026,1.0934760755139397,1.0530125629462694,1.10021056569364,1.1694343251783728
2022-02-04,0.933344198283235,1.1793499107312175,1.1540159912621697,1.0809175228901318,1.0502850713020417,1.0829256570184598,1.1600420556530593
2022-02-07,0.9472884747482704,1.1907004697272652,1.149852209503559,1.0835934760699786,1.0534519240025073,1.0905521698637615,1.1627833935623935
2022-02-08,0.9585746501450609,1.1845483539834147,1.1555644684597925,1.0838985404391912,1.023195692066458,1.0940247305752093,1.1647020141108733
2022-02-09,0.9730385226073718,1.206102373076684,1.1598937147896868,1.1018843513387366,1.0189643975925218,1.1089307698176922,1.1823145487147075
2022-02-10,0.9850033137590519,1.2071656954404633,1.1673502408363456,1.1038069717314205,1.0297176412376838,1.1140033615410723,1.1837606640887934
2022-02-11,0.9831923075627591,1.2047050517234603,1.1654748219280613,1.0895950806507844,1.0445273621613471,1.1065522164265633,1.1790562474894806
2022-02-14,0.9753394924372163,1.1821865334722745,1.1424214966072408,1.0725798197624128,1.0428014719630252,1.0810770215593437,1.1617138523688226
2022-02-15,0.9723749049135332,1.1976526994058518,1.1519812002451233,1.082569952859386,1.0582584954395813,1.0970873647656114,1.1761446047065844
2022-02-16,0.9713325404789973,1.2003750742013628,1.1552316468454962,1.0820640570219509,1.0663124105834296,1.0919637887795128,1.1689726168942165
2022-02-17,0.9535638784521051,1.1895987339604486,1.1561757192360735,1.0718530235293389,1.0726757960907913,1.077523703262086,1.1534836788538796
2022-02-18,0.9521149612836814,1.1844336995709062,1.1619811093540744,1.0683213972280812,1.0765537109799928,1.072138916151115,1.1463599533887479
2022-02-21,0.9446837138467178,1.1813872454507839,1.1547619739396286,1.058245802009359,1.0737927316194078,1.0607109568710946,1.1332705989269567
2022-02-22,0.949763847488966,1.1838848763106646,1.1402069482678887,1.059688168057247,1.0714056156276943,1.063617108156694,1.1418439388139139
2022-02-23,0.9340854336260023,1.1853048641283535,1.1538063064536175,1.0544982706787538,1.0646379736963927,1.0640090785169327,1.1370681875932305
2022-02-24,0.896868020318022,1.1515849963454534,1.1191652792463838,1.0157676347294586,1.0302489560414698,1.0098616500184836,1.0994752811773154
2022-02-25,0.9229691904089647,1.197100271223923,1.1656382248115467,1.0528983918378276,1.0618874081601555,1.0521598989167669,1.1389481745321304
2022-02-28,0.9354708215147381,1.1907951995513686,1.1852624544080774,1.0576354821282055,1.0631259374294078,1.043415447704618,1.1461135194317853
2022-03-01,0.9056987232571525,1.163844210254367,1.182201812396208,1.027734556505138,1.063687863558848,1.0052178196708155,1.1210926414995985
2022-03-02,0.9375208486246285,1.1839471322795168,1.1704074437564453,1.0375619201442778,1.0847309914194176,1.0203871932445019,1.1326039826050875
2022-03-03,0.9174615865353865,1.1450280211520825,1.1535101309958478,1.0085677175195733,1.0407912702637887,0.9887258118725935,1.1006466941168462
2022-03-04,0.8920854541916001,1.0953153903261177,1.1525483016996048,0.9709017713196788,1.0180268083671267,0.9443761355007886,1.0603828915658045
2022-03-07,0.8885178571531043,1.1006865290224197,1.1537509159967059,0.9569845594393902,1.0044853261092452,0.9305951556150628,1.0474928065953
2022-03-08,0.8745026628889673,1.1087085397225869,1.1538249864513515,0.9484469371273015,1.010337733658606,0.9429003727274179,1.0418547360117143
2022-03-09,0.8979122044908876,1.1365103078036431,1.1858818066382608,0.9950704054631943,1.0302845103478484,0.9883961842093882,1.0887990668633234
2022-03-10,0.8726937676530171,1.1315695308771083,1.1796827200091309,0.9779350979746355,1.0350148272571669,0.9812045192017095,1.0807035844939967
2022-03-11,0.887968621649799,1.1450121061848155,1.1649382031287305,0.9887892840349201,1.0282121987120045,1.0038750241562413,1.0881588410766085
2022-03-14,0.8797588342789381,1.1471758349385532,1.1752349986957973,1.0050666890381017,1.02876875969597,1.025988183880119,1.1018452313748912
2022-03-15,0.8710197226235284,1.1390970568232714,1.1964078231251132,0.9952971563676201,1.0331113085056074,1.0224387398599515,1.0990458057887513
2022-03-16,0.907839848968934,1.1570569397154673,1.1755464695239597,1.0308789030927903,1.0360276209671464,1.0511831793618438,1.1237542040818653
2022-03-17,0.9180419902207574,1.1685326226091381,1.19950179826763,1.04149474682,1.0619383647903982,1.0469151999665858,1.1357517216325552
2022-03-18,0.9283548967950134,1.1690977127770596,1.2015286115454986,1.0502844599343173,1.063315609500648,1.0510724085661227,1.142046962207468
2022-03-21,0.9306220151024184,1.1840915714585403,1.1992879799365583,1.045082188976808,1.0822068227629047,1.0506232389371009,1.138459359883517
2022-03-22,0.9312930362383881,1.1879639791564132,1.2009344747903339,1.0501267005284753,1.0677009541593838,1.0597520543415853,1.1408014660503556
2022-03-23,0.9164182947492278,1.1907597579249578,1.1787324362619036,1.033998372968014,1.0715078491972496,1.050540342968336,1.1346647625973783
2022-03-24,0.9222434669821511,1.1861502476968184,1.1928361769808913,1.0299986958155178,1.0966408791466484,1.045618225301307,1.1348976533585884
2022-03-25,0.921843551207652,1.1869624512580723,1.1949228500206353,1.0335510684653249,1.0466597651348277,1.0509417364624147,1.1398097094010213
2022-03-28,0.918016304380053,1.1808642315558862,1.2088032122315184,1.0397565574730374,1.0434329139995355,1.0458287968155673,1.1429795325019827
2022-03-29,0.9401260752537463,1.1894657002541338,1.2144940077816455,1.0670525426551107,1.0447771013044234,1.0606947741435404,1.1654035464146737
2022-03-30,0.9438377434707373,1.2000541655684964,1.2393811816842855,1.058454855672667,1.0451297049379957,1.0420444253653862,1.1558881641299363
2022-03-31,0.9340300912819796,1.1886161767284875,1.2435048548561904,1.0466264757778818,1.0366325670446792,1.0292763722941187,1.1460547995239632
2022-04-01,0.9433032718584263,1.1981820168106874,1.2395947462782546,1.0479634772939892,1.0468507255885924,1.0267121187939698,1.145735711755069
2022-04-04,0.9483029998346492,1.2003637201882738,1.2440963736855084,1.052597752085957,1.0659615453024034,1.0278861826961292,1.1528820520547085
2022-04-05,0.9466044623682212,1.2040125256144354,1.285675827190734,1.0597032416022394,1.0455823245273337,1.0241132832715354,1.1564441279129805
2022-04-06,0.9405222056099426,1.1974176366097864,1.2961493750454651,1.0489027469499461,1.0496368087691295,1.009052053949048,1.146878662448447
2022-04-07,0.9362742118665186,1.193462397372066,1.290689759181739,1.0382880546906514,1.0519835689859665,1.0031668504304607,1.1461387723351046
2022-04-08,0.9506782424994121,1.2178884570674098,1.2974483027442656,1.0446159280506444,1.0702123183575327,1.0140042660259065,1.1524199598065388
2022-04-11,0.9491219857027309,1.2072898025517285,1.2813712626757217,1.0368830116917538,1.0686350673678269,1.0141237401308085,1.1479137845195504
2022-04-12,0.9513858685535417,1.2099399879949648,1.2747773411260452,1.0308968473317244,1.0870851675271065,1.00467000828985,1.1453634404784772
2022-04-13,0.9492768849931946,1.2109771350717535,1.2740343276380233,1.027458559373876,1.0930163081686417,1.0049535466734998,1.1428587136998565
2022-04-14,0.9642272256337465,1.213747515876678,1.2713428531650424,1.0353301550144907,1.0860481494640504,1.0138044236169932,1.1487400255980134
2022-04-19,0.9609611649397896,1.2117359675014123,1.2567838078421227,1.0270595358536359,1.0845315802301927,1.0160915847402803,1.1437022576943365
2022-04-20,0.9522417007172111,1.2127344850632842,1.2664040087178474,1.0323941838719444,1.0859119949040372,1.0236119459997908,1.1566647965770103
2022-04-21,0.9535946796413016,1.2132535126460227,1.2583409158206547,1.0359971951739904,1.0782936258122837,1.0321902975847008,1.1637243953265792
2022-04-22,0.934014303105462,1.1905420300508422,1.2658724202339529,1.0190279711432675,1.073410428869503,1.0133440444502415,1.149270924608266
2022-04-25,0.9096902305435842,1.1608087917278294,1.2687424081308738,1.0028690477252309,1.0568176453138292,0.9984524849264449,1.1386249530811918
2022-04-26,0.9163400352026368,1.1614413653195403,1.2864596302770233,0.9959403423407946,1.0566472284006032,0.9905438528727545,1.1247932676585195
2022-04-27,0.917099627710073,1.1670848154008542,1.3012159955158156,0.9946781927500472,1.0590615539528896,0.9898720533382107,1.1279203040070367
2022-04-28,0.9315938032349567,1.1812581399236355,1.3097713434083627,1.0024992382751974,1.07294908502014,1.0021459849874026,1.1382029534131366
2022-04-29,0.9319868225005875,1.1870632538985084,1.2974627446242457,1.007675040880795,1.0724413890726985,1.0067572192126484,1.1439478444456574
2022-05-03,0.9423389300172835,1.1928166259938158,1.2838426541956875,0.9916854383260488,1.068930051961009,1.0138777042347291,1.1439607102973297
2022-05-04,0.9213964591463392,1.1816538915307842,1.2693547929639946,0.9732212808058679,1.0605099952174464,1.0016969813682923,1.135051038911883
2022-05-05,0.9147778872014056,1.1804013469723338,1.287815106623929,0.9767377895955947,1.073945364147276,0.9873858233161324,1.1293433579782475
2022-05-06,0.8988845008850129,1.172227433359212,1.2590354889572117,0.947782066900996,1.054080955208374,0.969220152188603,1.1100282948908242
2022-05-09,0.8578143620862552,1.1354614858268826,1.244850648525173,0.9193414268728733,1.0366056412321805,0.9469955020047514,1.0875612066846685
2022-05-10,0.8577280112430327,1.1399076012953449,1.2556235761405592,0.9241406314817527,1.0210979382709717,0.9486365914465769,1.0919398552273016
2022-05-11,0.8774922899022792,1.1602222534409277,1.267482189454133,0.9382123415424856,1.0204721010895326,0.9609952862388841,1.1116974891583071
2022-05-12,0.8643414138941665,1.1425189886645686,1.2542681181292141,0.9299467713994346,0.9992049319495852,0.9545152137772855,1.1013979935636449
2022-05-13,0.885419088165429,1.1678002263664125,1.2818521885015166,0.9549477201451301,1.0208120994676253,0.9755040874606627,1.130090316777667
2022-05-16,0.88672684381175,1.181363057041693,1.2969879590214313,0.9562039628639121,1.0347409397298182,0.9739681619794169,1.1378706613359113
2022-05-17,0.8966022590258312,1.1930197542370904,1.3014795334663765,0.9638651976707051,1.0519785192019304,0.984334145860426,1.1449317919876276
2022-05-18,0.8856994443722561,1.1814796309907556,1.3097507154805246,0.9498547956741134,1.0358906862349517,0.9793773707602923,1.134556989544549
2022-05-19,0.8861891272171049,1.1630500628218878,1.2826040120979059,0.9312024630788577,1.0382143073405194,0.9653771904759421,1.1035108900400208
2022-05-20,0.9034851285382803,1.1780066706412355,1.2947255756187304,0.9445414455297447,1.049487829270436,0.9713417594753868,1.1182886836393884
2022-05-23,0.9132150503154545,1.2025698934897517,1.3034410999051005,0.9581435691543375,1.0710137579852645,0.9897375031885719,1.1342907379780751
2022-05-24,0.9041622913756197,1.1978523953358808,1.28530022473541,0.9481916887254085,1.080267163166387,0.9844444663829909,1.1218339573365546
2022-05-25,0.9158735034105859,1.2051440444192347,1.2867685706180954,0.9501784109443774,1.093213347490268,0.9922669179433808,1.1288186278969365
2022-05-26,0.9301972908781009,1.2187200146629344,1.2360412055394807,0.9657528496911747,1.1137742777228792,1.0104917431795901,1.1353303027216237
2022-05-27,0.9331901085385953,1.2209754878732386,1.2250913415593503,0.97369915364782,1.1104939226910955,1.0173987647946119,1.1440655112878273
2022-05-30,0.9417009452333197,1.2252143921368477,1.2286792569879585,0.984522686173014,1.0837329552756407,1.0294439842677234,1.1490641654053935
2022-05-31,0.9327178791460241,1.2232098330074286,1.230146735138957,0.9757369781612959,1.0889985716277268,1.0160393112361914,1.1451678323986385
2022-06-01,0.9254966046269789,1.2169187845597418,1.202851323285627,0.9626012007414246,1.0851682121221624,1.0150282814762057,1.1386015807895697
2022-06-06,0.9463930119351796,1.2324103313734738,1.2145414537289867,0.9768390552401273,1.1002824071369062,1.0275532045880515,1.1554786385680205
2022-06-07,0.9551913845884114,1.2295459283743637,1.214362230123473,0.9686007032897879,1.095310334303806,1.0187249575753512,1.14816730029838
2022-06-08,0.9591581003240947,1.2399074228827007,1.2108692081067445,0.9619875026293173,1.0622369941945087,1.017835398643162,1.140884172373655
2022-06-09,0.944390541380201,1.225545505543137,1.2019555066526275,0.946827957680299,1.0496223431732596,1.003856424589748,1.1254806766544188
2022-06-10,0.9137172767374387,1.1914972786077769,1.2031014314430686,0.9226109208022142,1.0471804502736064,0.978666092808595,1.1040214408537545
2022-06-13,0.8847600631080264,1.1697860529250343,1.2004253209242086,0.9010975027254616,1.0344727227966903,0.9583795003016369,1.081361969548903
2022-06-14,0.891632487453192,1.1685884787713952,1.167143973885955,0.8886431657509481,1.0351119923898169,0.9556743021967418,1.0759300485768082
2022-06-15,0.922225178384893,1.1775082286258731,1.180770617223989,0.9078291782249805,1.0356094380470795,0.975599347341578,1.0959218965108435
2022-06-16,0.8749109018610378,1.1326838075519527,1.1624179134694452,0.8789827091236903,1.0095968800359572,0.9388780860496794,1.0628426372711626
2022-06-17,0.8647084648151159,1.1229497303104596,1.1598877296783747,0.8859671389997521,1.0150135229666888,0.9462248937615432,1.0775615506922496
2022-06-20,0.8558930972178076,1.144360351288878,1.1588123693981431,0.8871708018628117,1.0281050740667006,0.9601906419421511,1.0926413335824678
2022-06-21,0.8618059582019159,1.1509741309502346,1.148909875178654,0.8887622172969333,1.0328904658939437,0.9623805453048964,1.092064711015414
2022-06-22,0.8332036070191465,1.128952309242846,1.152096531212693,0.8870849554943059,1.034794175743621,0.9534110905036748,1.0916019519758924
2022-06-23,0.8232554196598829,1.1219670074237824,1.1413613632430637,0.8739596693841007,1.0185710895161253,0.9308501354129224,1.0834991280978026
2022-06-24,0.836578017490727,1.1505028282797634,1.1697121143875495,0.9016563938620342,1.0377442655268505,0.9492847952975317,1.1106116867591418
2022-06-27,0.8486933995221301,1.1573777981069335,1.183642539961472,0.9080153699984964,1.0436777624126534,0.9579676714300006,1.1200481603443833
2022-06-28,0.8616905290047109,1.1711571578877995,1.1765320042999483,0.9143317163088527,1.0480676053562472,0.9673507148164191,1.128308874720132
2022-06-29,0.8447072619693841,1.1687844464718327,1.1896650415381367,0.8961048837612737,1.0408202026721327,0.9541964601664836,1.1195134525227497
2022-06-30,0.8234823784972418,1.1419778812858221,1.162701921354711,0.8761822970331201,1.0215164606875455,0.9371711494809347,1.104675739922956
2022-07-01,0.82349641627431,1.1355269718979557,1.1810945635450854,0.8742156957474069,1.0219674679685122,0.9403120794626236,1.1097925201107137
2022-07-04,0.8182308991512981,1.1523494048573708,1.1908571916892616,0.8741264949571168,1.038242110073256,0.9460682568214686,1.1140189274642531
2022-07-05,0.8013774790122904,1.1076542667582023,1.1809145095296105,0.8597960181548524,1.0049977873327907,0.9161297090480939,1.0928771753224653
2022-07-06,0.8124786406323783,1.1207970162146343,1.1888450867493219,0.8780307267123257,1.0203559944361646,0.9280654323071709,1.1114226246056886
2022-07-07,0.8303884036859399,1.14390350725549,1.187717097842451,0.8882465307352888,1.027946712397481,0.9471671451471845,1.1236602394476203
2022-07-08,0.8332135324145197,1.1485420497954077,1.1749728506833228,0.8925767339799892,1.041192235428835,0.952370270631787,1.1297973810267594
2022-07-11,0.827241910815243,1.1446747777259474,1.197115105220949,0.8864233435733703,1.0406673507293067,0.946252659366145,1.131300977154798
2022-07-12,0.831196585643768,1.1486073541337378,1.2027729849771056,0.8920364507189912,1.0405930496584757,0.955136689642282,1.135086641492384
2022-07-13,0.8307178320615382,1.1418447862463694,1.1968439500315722,0.8856116367855023,1.0441038082906737,0.944318715409597,1.1268448637930428
2022-07-14,0.8152998637013367,1.1016554457008165,1.196205990210015,0.8739190429002802,1.0305175186723692,0.9254494195790373,1.1168727642632659
2022-07-15,0.8347811027716885,1.112835511289609,1.189847676981671,0.8885357117922565,1.0590057297085027,0.9464663978881471,1.13702294286735
2022-07-18,0.8506317348413254,1.1244292437737906,1.205776122048066,0.8982168768635775,1.0733438093086078,0.9593738919714806,1.1420700368058347
2022-07-19,0.8572765260411798,1.1333099404758196,1.2141897731324094,0.9102204729914825,1.0870544197433882,0.9791951760716063,1.1561062965426965
2022-07-20,0.85843334549402,1.132996898880208,1.2123550763798554,0.9115483468703653,1.087917129693218,0.9785809273644738,1.157846891449831
2022-07-21,0.8609653197590158,1.1332418543693827,1.1999193904042371,0.924134570142334,1.092466129927192,0.991102733865223,1.1667891877010497
2022-07-22,0.8703922252158597,1.131329894291875,1.214572369876148,0.9280948161187367,1.091640548613102,0.9918539082760586,1.1726726916213652
2022-07-25,0.8734120132793857,1.1385170423545061,1.2121192903001963,0.9224149912466464,1.0957789374323683,0.9951594983000749,1.1733014009196499
2022-07-26,0.8630455084407819,1.1370600252688325,1.22073664008313,0.906870871633492,1.0953702823504483,0.9830590542571602,1.1662810319591428
2022-07-27,0.8682439475969739,1.1495146936390312,1.215841242550549,0.9092805788025956,1.1023965166646588,0.9954756623973487,1.1769652033731448
2022-07-28,0.8671499691084824,1.1457812380656442,1.213888554866764,0.9246764965407601,1.079935274999047,0.9960410233243195,1.181002316130271
2022-07-29,0.8736957025062839,1.1658241589097633,1.2283928502864716,0.9422239030646702,1.0741760267178502,1.0144538583272948,1.1894623458127729
2022-08-01,0.8764615875198206,1.152953615361523,1.2243180824541458,0.9370690618726143,1.0801356917485012,1.019533526369225,1.1962806488418563
2022-08-02,0.8512173398440367,1.1507348494458802,1.2395064751439633,0.9256548603995972,1.0733758062725265,1.0183779953943748,1.194766977371363
2022-08-03,0.8595425678609506,1.1542185027311846,1.2274980519011278,0.9328006798099792,1.0635160440405655,1.0273030107261525,1.201507393705969
2022-08-04,0.8710596639203289,1.1555396334656203,1.231791990583414,0.9390882248631236,1.0532731480816255,1.0262914973355228,1.2100298664806117
2022-08-05,0.8657525015397916,1.1580176697532159,1.2211131258262016,0.9256026723015931,1.0627908986651344,1.0228094454274927,1.200699461224125
2022-08-08,0.874499948179818,1.1640916305540643,1.2266013807484644,0.9378528634388019,1.0706936057230119,1.031694568357143,1.2057672577953227
2022-08-09,0.860916804346064,1.1636281580294459,1.2354693135242556,0.9233586811687052,1.0741507265106989,1.0244141196114378,1.2057140929373922
2022-08-10,0.8811724685884398,1.1796546365692253,1.2164245254712813,0.9464232623104897,1.0815290915065454,1.0446630740226317,1.2150883312190286
2022-08-11,0.8635947966365705,1.183488961492913,1.189364568128352,0.943223628088928,1.0656520450481075,1.0418536115261412,1.2100295292978047
2022-08-12,0.8663333362150846,1.185100854365551,1.2013831711857892,0.9475664292877742,1.059748223065386,1.0414091876078169,1.2146594780758795
2022-08-15,0.864017302474099,1.1834730684216381,1.2019907164435613,0.9500013820672768,1.0582140288473236,1.0444184397640917,1.2237399667774782
2022-08-16,0.8698805590312317,1.1893352340178553,1.2154153130811354,0.9459498399650088,1.0603806788354917,1.0457820643344826,1.2294526013575497
2022-08-17,0.8529568844282358,1.1857976759549085,1.2113788175931348,0.9283815600201696,1.0614774353787326,1.0351382512046239,1.226009604520626
2022-08-18,0.8588488125646782,1.195873296214632,1.2125604943079566,0.9303052967457246,1.0598825275907493,1.0383375418884133,1.2317726851026891
2022-08-19,0.8483271485571534,1.1940657774631573,1.2141634158623238,0.9168123453402098,1.0517230477469226,1.0254489904487807,1.2311470505234516
2022-08-22,0.8431496060507889,1.1882065776632609,1.2235159403365947,0.8989610777388367,1.0513994447082278,1.0108089374099305,1.2241154685482614
2022-08-23,0.8458302566958465,1.1931689994667862,1.2031822305938187,0.8901056619219037,1.0320689468919013,1.0027272305192787,1.206506489473297
2022-08-24,0.8368731606760934,1.1875386668079737,1.195791529245155,0.8849603038086002,1.0365452003095341,1.0001749054710902,1.2085759491680763
2022-08-25,0.8351575911857814,1.191582263777211,1.1821446415603685,0.8810765154340889,1.0348164746076616,0.9972057333343162,1.204809199846359
2022-08-26,0.8295196085158665,1.1805885219828214,1.1767614129369068,0.8700590671660421,1.0270281629287838,0.9848629211794246,1.188359537977956
2022-08-30,0.8188973069966673,1.166805585597695,1.1545138486477984,0.8687258992919545,1.0116898282883298,0.9778700877020383,1.1752140271421188
2022-08-31,0.8131472776903191,1.1501037573905186,1.1296285901268104,0.8604994714623941,1.0071579693350161,0.9750667834340668,1.1720335353564362
2022-09-01,0.7944382615909302,1.1131588819801626,1.1235656842524206,0.8310321647395944,0.9896884827290637,0.9493036346655566,1.148945640602984
2022-09-02,0.8027823862441493,1.134466058719926,1.1311206804931737,0.8561905919333432,1.0049669322325603,0.9758746459499265,1.1699070143043426
2022-09-05,0.7997884184909095,1.1434114662351689,1.1383880641893669,0.8495703451572119,1.0014993960943335,0.9706213989275383,1.1665171486800694
2022-09-06,0.8122172203709609,1.1479686413188306,1.1322173974681458,0.860680413556638,1.01369811823861,0.9857603618404877,1.1771964911972512
2022-09-07,0.7991598842691761,1.1310596235336052,1.1358352362275708,0.8560136511281528,1.0201024023621714,0.9771136683642335,1.1766138041821794
2022-09-08,0.8029164578453559,1.1201654805751664,1.1272882334854286,0.8552835627678723,1.0308169361805721,0.9835776351361628,1.181058490149383
2022-09-09,0.8211171995102161,1.1384961156936635,1.1393425277853875,0.8707421590755272,1.047564514432935,1.0007308410209252,1.1993043453836838
2022-09-12,0.8462211239926988,1.1603851287992428,1.1558215150376323,0.8897723188747937,1.0681065631070177,1.0195356044521318,1.220362451403615
2022-09-13,0.8375168970967218,1.145729708244197,1.1487062262941303,0.8690580048242192,1.0550881415652245,1.0038556781243941,1.2030835091296332
2022-09-14,0.8201609078213047,1.1321761233279628,1.1168388290890552,0.8534470839337815,1.0309433472628575,0.9867667643802936,1.1824003545634667
2022-09-15,0.8289412138527464,1.1284158651950096,1.1062316960078973,0.8553580367714984,1.0277560997062645,0.993208124494468,1.1821005907504223
2022-09-16,0.8237577799200451,1.1170796893520605,1.1062994082646944,0.8487840327501679,1.0174434998751127,0.9871125323281188,1.1734727411544237
2022-09-20,0.8138848414488368,1.1016143107187795,1.0875177261716016,0.8314181771969662,1.0161431657828728,0.9804025702762069,1.1614698689638925
2022-09-21,0.8092715776291467,1.1102956018090488,1.1007805307073315,0.8424711628985163,1.032520652365617,0.9791053348910783,1.1737256462563104
2022-09-22,0.8098064930501919,1.1006795243609855,1.080153827288878,0.8181609141781723,1.0233528096396165,0.9663259223698784,1.156447890715079
2022-09-23,0.7911581293652944,1.0607532579995531,1.073716953624268,0.7985978783234883,0.9971982523391845,0.9439931350974802,1.1408153574284583
2022-09-26,0.7749042698638311,1.0533962661565661,1.0574090188643832,0.7916659780347024,1.0025772634769738,0.9408040280973696,1.1393455758750897
2022-09-27,0.7704750836959445,1.0509726809268725,1.001170985694523,0.7773347477935827,0.9906178815930395,0.9308226363893067,1.1321821654899116
2022-09-28,0.7860461913260122,1.0595836020099763,1.0240515936554604,0.7893807799077768,0.9766029677767121,0.9156584861498431,1.132821284177598
2022-09-29,0.76130661054006,1.0446966760134493,0.9939949731857268,0.7648191119932664,0.9454345513624354,0.8856461411128936,1.1045665687842199
2022-09-30,0.7726730012434467,1.0469468016442116,0.9955647767137812,0.7825445908436806,0.9543536412146818,0.9017437563114938,1.1091893573004488
2022-10-03,0.781610487209878,1.0596858679431773,1.0100826035010046,0.7879496143036447,0.9680124018059171,0.9080417095110604,1.1073316264842576
2022-10-04,0.8153207177259775,1.091485480054675,1.0143844015014614,0.8103271690054555,0.9913629595488682,0.9387757301055504,1.1380905609321186
2022-10-05,0.8113146910631941,1.0870397862354029,0.998343075982843,0.7930311503071853,0.9724624122527613,0.9289330366419055,1.1348844447467603
2022-10-06,0.8094557005322534,1.077198243619552,0.9828578002988435,0.7899926417533372,0.9666070676628491,0.9250089787769222,1.1313544166343754
2022-10-07,0.7974253022099886,1.076357660960332,0.983531633936267,0.7765829244132766,0.9549572982401402,0.9164858134627142,1.123199434996453
2022-10-10,0.8002451332796383,1.0726820385071967,0.9734901884131792,0.7754923935914344,0.9531334502580748,0.918542767397431,1.1212838512722538
2022-10-11,0.7912649613162225,1.057469048937339,0.9629289321960094,0.7647107617957374,0.9393032783329819,0.9057599328932827,1.114346096806029
2022-10-12,0.7747866739248557,1.0473163818317563,0.9483287364875682,0.7511924461889223,0.926717909640743,0.8840106594445022,1.1041071108866403
2022-10-13,0.7907535515738321,1.0573148995499673,0.952420624792525,0.7617207898232375,0.9233098224782491,0.9088684474138996,1.109337404075455
2022-10-14,0.7912980238242938,1.0562122635047932,0.9685786944373078,0.7678378054549069,0.9225953765015035,0.9104455077416016,1.1157515496648556
2022-10-17,0.8115363571134925,1.0640323425977511,0.9961905668778769,0.7854150559455173,0.9337991115051292,0.9254826028352017,1.131023935546204
2022-10-18,0.8079553612164942,1.0623339807300047,1.0017178641960047,0.7887939538545052,0.9296213924930946,0.9350720953725046,1.1353809249765634
2022-10-19,0.7957783146976212,1.0596962255475157,0.9954564523185019,0.7780710047831741,0.9207973441398938,0.9247322788631366,1.1312542273747896
2022-10-20,0.7983866174898111,1.068049108505724,0.9862909238441777,0.7848216208969598,0.9309944001292679,0.9283454273115208,1.1302298669641273
2022-10-21,0.7975216106358647,1.0744473780478516,0.9912843591742106,0.7790275937804731,0.9251348354647406,0.9243159373205255,1.124952390158048
2022-10-24,0.8077007600206492,1.083839280209469,1.0133322259614952,0.7874732265595961,0.9328237224989927,0.9394250823725774,1.1409891159180716
2022-10-25,0.8132867813628412,1.0859921336617577,1.0264628482651612,0.8070892040302324,0.9472275202307566,0.9512673120018745,1.1520506917706432
2022-10-26,0.8180312067989403,1.0976070651847498,1.0259466068601493,0.8146121295592836,0.9612364304234259,0.9557562347571019,1.1623953709151587
2022-10-27,0.8104066233269421,1.105837696655387,1.0333661713162838,0.813915304751523,0.9063906410705183,0.9557554361898609,1.159165495687498
2022-10-28,0.7940117702443347,1.09942554650324,1.0436930577581962,0.80428690410133,0.9154646966536653,0.9369643858823484,1.1596306194983437
2022-10-31,0.7940067947549035,1.108219765076657,1.0447738704642033,0.8045405426999552,0.9149286106983595,0.9451331550358937,1.165716890278979
2022-11-01,0.8089435190818158,1.1292702635421807,1.0534480414215914,0.8153067517681386,0.9292186538021887,0.9583491576227263,1.1766107982512068
2022-11-02,0.800617522377021,1.1208883900937072,1.0578554965928544,0.8099504169576052,0.9176430180399493,0.9548135166106587,1.1769228324386531
2022-11-03,0.8041102727060294,1.1268121102616766,1.0492061810549924,0.801397646977992,0.9150259241525258,0.952215330410422,1.184731173520472
2022-11-04,0.8310985408924595,1.142780254885262,1.0615353561168237,0.8250396317967997,0.9447427303335294,0.9691894426005625,1.198440948783236
2022-11-07,0.82731930022483,1.1419993914362405,1.0490348832502017,0.8290972046394408,0.9453740864042993,0.9781566098307828,1.1932679909058737
2022-11-08,0.8322515688382054,1.1330348006626472,1.0682483063402084,0.8344082799381363,0.9565638376343891,0.9911263133801043,1.1991021288186023
2022-11-09,0.8343644740954662,1.1258883299556257,1.0799285635112965,0.8329637742310793,0.9611694471543434,0.9919651836789313,1.20312019123924
2022-11-10,0.8538347184891938,1.1369726690294548,1.108809175173259,0.872598411298877,0.9731193518191326,1.0155105401645586,1.2284667542568746
2022-11-11,0.8716651959667057,1.1389846344368293,1.0794824345276104,0.8812590515835939,0.9688114064555486,1.022471232682676,1.2032672546382197
2022-11-14,0.8662149544849406,1.1522205703685287,1.100759244557814,0.8774815359670131,0.9738332666269308,1.0289621942882095,1.2139516200376488
2022-11-15,0.8666465017739619,1.1509203505235657,1.0886837054958103,0.872726741191442,0.9625962494433935,1.0248292990477523,1.2149777474653976
2022-11-16,0.8475275388274158,1.1440740624175414,1.0944818554420364,0.859924780067127,0.9531947616400126,1.0126075920833075,1.2139100812520542
2022-11-17,0.8477095843926962,1.1399886499924607,1.0863316777284597,0.8573804230534569,0.9519494847648294,1.0168708594954374,1.2224821541666582
2022-11-18,0.854893384684878,1.1437547448746956,1.1084968680140268,0.8699451308537883,0.9678225920662911,1.025618516128482,1.2362555263684718
2022-11-21,0.8495176861090469,1.1285219225711662,1.120743312537399,0.8673479609637971,0.9740100404724725,1.0243600862619573,1.246418264741299
2022-11-22,0.8584893523549977,1.1558358233812778,1.123558211661112,0.8659443589646109,0.968112665622377,1.03246125505601,1.250533600006727
2022-11-23,0.8700074530049206,1.1621266138718218,1.128203303021411,0.871486388640664,0.9781865527578472,1.035893905260114,1.2585345954561573
2022-11-24,0.8747919663645383,1.1676161290473208,1.136807474312431,0.8758124528499552,0.9907871450543793,1.0407665097782495,1.259398416813525
2022-11-25,0.8760381013067131,1.1728416393136305,1.1322408525571086,0.875318153321541,0.9922998478341842,1.0402221680707207,1.258656979484572
2022-11-28,0.8663827820478743,1.1638373719967596,1.1216054317880846,0.8667223880021946,0.9859044574389296,1.0304989061574477,1.2548159734984805
2022-11-29,0.8773092803565609,1.1734489767508889,1.1095866929757086,0.8646151419622691,0.9924865087823094,1.0288824300701962,1.2510648629174623
2022-11-30,0.8803539167489927,1.181933865112487,1.1129829542090321,0.8638832143608459,0.9984793452470051,1.0341809307013126,1.256155509524708
2022-12-01,0.8860952497984501,1.179495125083081,1.126004130681428,0.8724214187285434,1.004092547204903,1.0296231351822753,1.2634327509701084
2022-12-02,0.8857558130644526,1.1757234754979486,1.126097999905158,0.8774605428018203,0.9995378327469095,1.0322790527623722,1.262848474692707
2022-12-05,0.8881171431682455,1.1780531433800876,1.131813086924387,0.8746135473986866,1.003073909148069,1.0282209125493795,1.2591762654427725
2022-12-06,0.8859097423685197,1.1664768949761763,1.1147240653584773,0.8681805309027536,0.9910696156909108,1.0252374929210033,1.2557170793182408
2022-12-07,0.8827219577256017,1.1517119208672941,1.1310963191260999,0.8628342581298318,0.988172094286923,1.0145183312083887,1.2512633029816
2022-12-08,0.8909746759466936,1.146386469114684,1.1263402370274065,0.8561054059026186,0.9703885058293039,1.0109419343270387,1.2500302148552123
2022-12-09,0.9006545338056986,1.1460267711037455,1.1239188557537632,0.8593582480837327,0.9733889414862936,1.0223414520825138,1.2576967710864257
2022-12-12,0.8886767700862186,1.1401818003930346,1.1148361532490587,0.8518854288455296,0.9626964222821904,1.014303914473574,1.2533163446388698
2022-12-13,0.9003264042278075,1.1570641718768255,1.123484846329139,0.8677400078102457,0.9669698582503405,1.0241362756872894,1.2575999043421233
2022-12-14,0.8927684656339848,1.1564021397794761,1.1290130641009732,0.8668194928603339,0.9576341173148866,1.0220367000582216,1.2592738430764947
2022-12-15,0.8960231098322545,1.1404853899754992,1.1286215558029096,0.8536233527605671,0.9457145888474378,1.012294520954143,1.2472436641203881
2022-12-16,0.882987195950475,1.12121127196808,1.1068148557142274,0.8306240133972804,0.9394503352187366,1.005076653645952,1.23375128013479
2022-12-19,0.878331894808122,1.1326861566381372,1.1055340841824755,0.8284153030379896,0.9479832598647088,1.0075603849788481,1.2352417770323787
2022-12-20,0.8831560861736899,1.135041893530619,1.1034927714613743,0.8212257232094062,0.9417200014107051,1.0081025117565519,1.2396609030645918
2022-12-21,0.9023505805159591,1.157426407941976,1.1124377995191588,0.8404640852115587,0.9579885405469908,1.0243086069889022,1.2576126156088856
2022-12-22,0.8957348550119141,1.1549650831219065,1.1044863178794828,0.8322120418854113,0.9472181873628163,1.016385537777787,1.2531229445771552
2022-12-23,0.8994966817953132,1.1574762642621617,1.100549627402124,0.8356157982160768,0.9520060289965488,1.0168901284024265,1.2548847727409376
2022-12-28,0.9007084658924086,1.1612840343919408,1.1071554770788121,0.8402288530334531,0.951678851104357,1.0208361390940281,1.2599840918381104
2022-12-29,0.8995938363250137,1.164406495151717,1.1134960132370533,0.84613282837161,0.9584156209554223,1.0228680553619527,1.263540571558694
2022-12-30,0.8884772874158354,1.152051513284369,1.1016984162744914,0.8381032547672798,0.9486834328862577,1.0141049749901283,1.2563308608696893
2023-01-03,0.9104494287006369,1.1689309884892944,1.1027429596324154,0.8524707369284407,0.9649745558211589,1.0338090691869941,1.2607876057001959
2023-01-04,0.9214805389996674,1.1562821950548123,1.1212136153310337,0.8714871167582813,0.9927792054087581,1.0514632549890963,1.2740750220581765
2023-01-05,0.9349583588571128,1.1722284355648986,1.1167926177862428,0.8712782928292447,0.9879681458201516,1.0635046712485345,1.282008664196723
2023-01-06,0.951499150927074,1.1882807446585637,1.1312835982156508,0.8776898348990206,0.9989937209404305,1.0680537987289547,1.2892331450676104
2023-01-09,0.9534391259612981,1.2012414688620223,1.118443738050318,0.8861984374907366,0.9813103244635937,1.0735300693936283,1.2864725746822603
2023-01-10,0.9572071760054189,1.19448103192616,1.1134310916660137,0.8821107915251883,0.9652006093779854,1.0705989887101621,1.2875856317176042
2023-01-11,0.9678930442589926,1.199990360881917,1.1231402075481536,0.8955919038954739,0.963051304219929,1.077230524517776,1.2921097832981476
2023-01-12,1.0091024282795045,1.213957423088328,1.1267342700954344,0.9147844559769752,0.9799389810133899,1.0937141698970205,1.2980238817319556
2023-01-13,1.011999176307202,1.224138373292388,1.1231829457177505,0.9169240996452224,0.9872846020100882,1.1026859824719162,1.305865346786855
2023-01-16,1.0088102995397747,1.2272443299679305,1.1202614191963884,0.9271713203231982,0.9933057436961146,1.1054852404882416,1.3046960466466688
2023-01-17,0.9994427791705821,1.229318921540398,1.132546363111525,0.9237577783981081,0.9843980955677099,1.105198788485413,1.3058543001301754
2023-01-18,0.9989459340045626,1.2305271708616135,1.120446353508902,0.9215134295084696,0.9770121009457868,1.1081656886344815,1.3062551423041708
2023-01-19,0.9818173571182514,1.2071609600892672,1.1299310573959225,0.9071500610737372,0.9670974408973818,1.0913907526802502,1.300913579977803
2023-01-20,0.9909412911565879,1.2074085332755977,1.1393439623476533,0.9126593574486997,0.9819412512770128,1.098162076101268,1.308655695205633
2023-01-23,0.9934659621234038,1.2152242597823764,1.1328705766825569,0.9157053407045128,0.9716521343064853,1.1053221973321201,1.3079372533370415
2023-01-24,1.0034799601748163,1.2023545250274124,1.130797505860279,0.9204073506695392,0.9741238218850693,1.1121961993889515,1.3104319549043557
2023-01-25,1.0032756927792044,1.195164596047671,1.1441387397113911,0.9176649279010017,0.9667261952196984,1.1139648688808628,1.3012430480701271
2023-01-26,1.0079205517443357,1.2023544571053553,1.1416137178824635,0.9248920041019418,0.9690196115709702,1.1242852166742212,1.3124599838784028
2023-01-27,1.0061617011460628,1.2097621276596817,1.1431005439946549,0.9279734599444356,0.9758671607409154,1.1275233505118345,1.3151924314254684
2023-01-30,1.003429895364828,1.2127004984427883,1.1449419548317277,0.9251923125226299,0.9707738760454072,1.1270376996914107,1.3206786271893933
2023-01-31,0.9971756785952496,1.2035733687037218,1.1361988445046103,0.9218508482430887,0.9696432015738944,1.1199975507609632,1.319139895839207
2023-02-01,0.992030235728651,1.202058480115505,1.1292904392859988,0.9234988002969934,0.9642197807646685,1.1215071181560385,1.3212325453459242
2023-02-02,1.015608874062244,1.2210492605878733,1.1555855016503824,0.9624058992811456,0.9625493641425752,1.1414937439417203,1.3383633140471352
2023-02-03,1.0096283406497948,1.2397002588131245,1.1516761001927127,0.9605549208628316,0.970719378790897,1.144864048349671,1.3476903574609143
2023-02-06,0.9973748417781364,1.2243730652391025,1.1541569415062396,0.9436435542668413,0.9781425668194723,1.1312824899964389,1.3377770370994144
2023-02-07,0.9984414303463799,1.2401825638333634,1.1567716287789511,0.9357066780240173,0.9854174245932453,1.1283609129037238,1.3309895113282135
2023-02-08,1.0006840834999684,1.2461092198231862,1.1568168206939315,0.936098283899742,0.9869485281641659,1.1328492340575373,1.333702619386636
2023-02-09,0.9998951794096168,1.2491723026394175,1.155747836325159,0.9304877140134424,0.9755765803561598,1.1423445078548105,1.3317301724858683
2023-02-10,0.9818712691031287,1.2502303177343053,1.1467423255461926,0.9145428062237847,0.9702320976596415,1.123588162886733,1.3178114199905946
2023-02-13,0.9819875091672383,1.2561145716950703,1.159480201475637,0.9229174877853459,0.9796000052778563,1.1319652705526762,1.3298248586243573
2023-02-14,0.9870431885408014,1.2607385288152384,1.1475305981504704,0.9198696819879912,0.9860128771937864,1.1336286274521887,1.3266943965875857
2023-02-15,0.999516786000935,1.2640174583546495,1.1465373428174837,0.9304725911663686,0.9909479667366901,1.1382027338502068,1.3423932859898975
2023-02-16,1.0004220646026,1.2681820544243854,1.1372078385211737,0.9355089186948761,0.9925391653054525,1.1443838186994741,1.3482041643181484
2023-02-17,0.9953802711321922,1.263311014107068,1.1569412020950067,0.9349728627222765,0.9916627785104282,1.1358551251434934,1.3511013620408838
2023-02-20,1.0059880650548425,1.266623407314446,1.158389392586336,0.936274789392923,0.9864225581336455,1.1354182630225447,1.3447502613878248
2023-02-21,0.9975603040866533,1.24946178255871,1.1597354570306138,0.9227664611874409,0.9732388232628544,1.1258590680815326,1.3408105343339036
2023-02-22,0.9829603426669107,1.2396696783210006,1.154531270554161,0.9168133647192237,0.9656738051109555,1.1217653640223,1.3344421634060404
2023-02-23,0.9737620035554778,1.2387264153496171,1.1433160688348403,0.9141987502377946,0.9607339739051539,1.1360099188835684,1.3370878208604753
2023-02-24,0.9651486207091141,1.2382973905453605,1.1378366381280183,0.9060005735343326,0.9649764608639074,1.1366654754599472,1.3374139571025734
2023-02-27,0.9713673466353122,1.2549722522897224,1.147201301093595,0.916639147243144,0.9616118572688419,1.151508126226294,1.3500070178463977
2023-02-28,0.9708535593140887,1.2465271300361802,1.1302417821143727,0.9164860380426701,0.9519596582795078,1.1506752472145274,1.3395920439063198
2023-03-01,0.9758674202330312,1.2564197308649823,1.1051477824885412,0.9138620525388309,0.9567712125222687,1.1602319722446415,1.342033095685045
2023-03-02,0.9751240079769716,1.2634821608883355,1.113815794912178,0.9136649350490614,0.9578489267020203,1.1554946677297446,1.3426653607498793
2023-03-03,0.9849652153707528,1.2650471559757552,1.1261937447114492,0.9191094389335631,0.9604832573534983,1.1582172702124276,1.3415902338296315
2023-03-06,0.9790733303721004,1.2652197458494228,1.1265716449992147,0.9218703600174888,0.9688162784375771,1.1605429168306338,1.3418316355667042
2023-03-07,0.9722400765124886,1.2577870698333518,1.1255698752911496,0.9153317950787717,0.9508690235922035,1.1510655818502615,1.3416180682255219
2023-03-08,0.9757487833292965,1.2567417708166033,1.1294393705834342,0.9101757875191532,0.9526927322469003,1.156465261654324,1.3392776695087327
2023-03-09,0.9558259351825639,1.251791005165623,1.1306325655288751,0.8979953264241088,0.9460580940817632,1.1507588607711792,1.337843919037347
2023-03-10,0.9443903106535151,1.2308945933877367,1.1292473553989328,0.880171728587125,0.9338754044625966,1.1247796889964639,1.313789427997573
2023-03-13,0.9228004967418073,1.1933916465268597,1.1360243516489725,0.8569460164906888,0.9152229407017215,1.0849778907320542,1.2756396469907367
2023-03-14,0.9374611989036771,1.20845000268592,1.1375800131905138,0.869697766377942,0.9180261603978727,1.1053648840001984,1.3003364513222808
2023-03-15,0.8998757830788889,1.1414704207294426,1.1334568272838206,0.8420147992651058,0.8984070889003327,1.050693791242849,1.266355404871565
2023-03-16,0.9111664394754092,1.1555790520275968,1.1443917898097047,0.8533934874906031,0.8983870706970956,1.0615651769109147,1.2810755801590026
2023-03-17,0.8980582094798253,1.1411573305092462,1.1294750245111336,0.8377710113667518,0.8934542709645937,1.0427564007526926,1.2639603624770863
2023-03-20,0.9106417709705593,1.1573326544582179,1.1424366951422587,0.847906500468637,0.9115258000009335,1.049734058361287,1.2739755355875795
2023-03-21,0.9241018633421559,1.1815162891642126,1.1377378486499832,0.8593039658719263,0.9060050652364604,1.0822902224684734,1.2972223541562045
2023-03-22,0.9209567265485851,1.1864962694885728,1.138813133417333,0.854275087035746,0.9030164422856245,1.0815689750936484,1.3040107543593575
2023-03-23,0.9127803529969647,1.181691879670825,1.1473379434581474,0.8495694877464465,0.8951260984549367,1.0744333386635185,1.3007830688375872
2023-03-24,0.9017990825082228,1.1639488019912732,1.1343771940822085,0.8364320461388687,0.8910420084416749,1.0534274280260878,1.288604251261802
2023-03-27,0.9063474866651487,1.1791137686846596,1.1408111518475814,0.8411601980117764,0.8934344883987947,1.0595957083523428,1.2999348647033566
2023-03-28,0.9153371611925287,1.1859337396132152,1.136709609238892,0.8395179266611689,0.8898435258778907,1.0627476945292669,1.2962273732712848
2023-03-29,0.926572383714178,1.1983340365578012,1.1485369091136988,0.8546484746681018,0.9006185495816986,1.0752979792254451,1.310642641911593
2023-03-30,0.9426428967234708,1.2082132033444704,1.164997961859498,0.8718917986732253,0.9107898736685491,1.086871647676694,1.3290838331944883
2023-03-31,0.9462181338880088,1.207426623599034,1.1694408515845232,0.8756963124033388,0.9084246558750741,1.09158412225559,1.336035240790476
2023-04-03,0.9377643455546868,1.219021817140507,1.157421978993069,0.8741111051204398,0.909097593189594,1.0876609623439575,1.335826066051443
2023-04-04,0.9268310337267675,1.2155331076236309,1.1642039622107414,0.8697340966476377,0.9076724789942874,1.0834936658514989,1.3321393721796868
2023-04-05,0.9202860638170258,1.220445930334514,1.1930376409774304,0.8579706574324447,0.9060532301833053,1.0739378593208884,1.329594427076046
2023-04-06,0.9320774677342651,1.2273662393306444,1.211909551012003,0.8704061623426876,0.9180039591916724,1.0819407462833315,1.337869326983702
2023-04-11,0.9515980568719163,1.2440028349461796,1.2077262920329468,0.879844645366494,0.9316799291362695,1.0902550982457364,1.3402626840903376
2023-04-12,0.9478449452284222,1.2574117230079827,1.2178584135233779,0.8848297636255678,0.9286194377656953,1.0935300876719347,1.3449739374511156
2023-04-13,0.9588140260740244,1.2627396125920243,1.2108825608646885,0.8883324279679344,0.9320793357856477,1.0961008178710117,1.3498528116989335
2023-04-14,0.9672329358370632,1.2675973837950147,1.1947862137233254,0.8933709284728231,0.937084298181183,1.1067270558165367,1.3525920871392276
2023-04-17,0.9758034669907669,1.2675205493170318,1.1960793066767221,0.8925626544290123,0.9428167977714917,1.1049640385947836,1.359824447015239
2023-04-18,0.9815948079488485,1.2777792804492167,1.188962217819214,0.8972451315597669,0.9429791515127388,1.1128769679458985,1.359888990584563
2023-04-19,0.9748993884354208,1.2687709955652249,1.1894045699200897,0.8928907794733395,0.9421185334869744,1.1103617940632609,1.357956799541675
2023-04-20,0.9627019292778725,1.2837006188989746,1.1924519707315686,0.8943303971181082,0.9367377540956424,1.1092759182613123,1.3618621385211247
2023-04-21,0.9511083871991329,1.2813762149815864,1.199968885410422,0.896131553316184,0.935301081593167,1.11322273002579,1.3694972548943296
2023-04-24,0.9523677925068817,1.2807204074581586,1.1985047103407676,0.8972976925456857,0.935841326588738,1.1138309916183535,1.3714985125763313
2023-04-25,0.9586097519176017,1.2678982832866117,1.2117701596351353,0.8950750503988324,0.9367493856352109,1.1085395107051168,1.3702447029062355
2023-04-26,0.9650048011986231,1.2629007550153206,1.1967025050363511,0.8939516014286167,0.9489444818344179,1.1121588691587785,1.3691290205840823
2023-04-27,0.9574335467101731,1.2585660343159668,1.1951876556753842,0.8918661493649082,0.9493831592447839,1.1137596115694868,1.3720636329660314
2023-04-28,0.9677768970445794,1.2710165117723895,1.1959269260668521,0.9034082296805731,0.9529211865385939,1.1171868133340217,1.3794601296731113
2023-05-02,0.965367206011892,1.2424365572477665,1.1930163217676408,0.8948878330887565,0.947417694255325,1.1006224533498603,1.3725529124052962
2023-05-03,0.9657283930995298,1.2438360220456444,1.199424236489704,0.8976582983445458,0.9538549071248106,1.103863995659392,1.381029298484341
2023-05-04,0.9543261169705813,1.2227478332572372,1.209595048350864,0.8871153888734651,0.9437297011037838,1.0948284922641156,1.3613660080122836
2023-05-05,0.9664782161421979,1.243033843640488,1.2099349799460133,0.8966719760357641,0.9487499538163764,1.1094270007628406,1.368232350133289
2023-05-09,0.9646449686541105,1.2393662334834916,1.205062325139242,0.8861905509300827,0.9404289374516448,1.1108737529053543,1.3721236748162116
2023-05-10,0.9626259331839245,1.2411718604288666,1.2051126624649675,0.8850516865017859,0.9321117905648932,1.1082479310309057,1.370008181224623
2023-05-11,0.949615649505971,1.2363222841854744,1.200986742651707,0.8866343213347387,0.9089425583290958,1.1056417199290227,1.3809662951286268
2023-05-12,0.9493759775789421,1.244455721059156,1.2098796474986286,0.8815287404446738,0.914102564367736,1.1067652215314745,1.3925378077662716
2023-05-15,0.9564141216155311,1.2477196511280269,1.2088567422216752,0.8860864387661848,0.9192584675926112,1.1090514619489888,1.3987218033349107
2023-05-16,0.9565774841722292,1.2377017417424119,1.209560970595684,0.8824931747325618,0.9145733710586132,1.1091474638825614,1.400599454538855
2023-05-17,0.9565341940882011,1.2399309442162953,1.1904855675604327,0.8732475711505182,0.901733954228124,1.1121940309845952,1.3981578140420634
2023-05-18,0.9596592934406241,1.2403783142744038,1.167291530855874,0.8746628030593963,0.9024906849431152,1.1239501452481173,1.4091306054154815
2023-05-19,0.9533312464121803,1.2440962864665088,1.1688294995814725,0.8720022873811144,0.9057638871211117,1.1230797133290686,1.407308526960773
2023-05-22,0.9540309148578178,1.2498012522954,1.1697025015509765,0.8759079244029216,0.9086059071030024,1.1265972337412569,1.4084197002235248
2023-05-23,0.9508156780177969,1.2497083294311315,1.17050664759969,0.8739674620533303,0.9123298179171734,1.1198763907212432,1.3936726511766417
2023-05-24,0.9254811824238051,1.2336209442553585,1.1582789945721377,0.8510053814214814,0.907580338446569,1.0954273366881204,1.3807080258004376
2023-05-25,0.9220895698720124,1.2208447272339045,1.1410793462992816,0.8419026657286309,0.8972757985458347,1.0918233713685959,1.3851899974457251
2023-05-26,0.9282148629085233,1.2273646204077868,1.1412403689839934,0.8454419713277447,0.9053458503545413,1.0995296372243935,1.3951581755268216
2023-05-30,0.9293413427815084,1.2158276740224125,1.1477898315378516,0.843722131161305,0.9003548708675707,1.0947051101465457,1.3886917607119578
2023-05-31,0.9196332845237888,1.2029568171201144,1.1504034385696325,0.8330055575416808,0.903479211294627,1.082175883623197,1.378929344219567
2023-06-01,0.9327682230567144,1.215425702899141,1.1376811224569237,0.8383689910153449,0.9181430755141703,1.0914409563936005,1.3879512337861417
2023-06-02,0.9544644031756281,1.2355400553531848,1.1397956025115334,0.8586345253664289,0.9267300897407141,1.113240378617682,1.3988399258505197
2023-06-05,0.9493078048564186,1.2313108404847337,1.1495570924749983,0.8557857822158819,0.9220206772611006,1.1067971479360657,1.3971449963554725
2023-06-06,0.9541291828077672,1.235381378385282,1.1620073783472074,0.8634173888385382,0.9299472239921078,1.1135801208603904,1.3999163068552969
2023-06-07,0.9465561815712386,1.2450823085403322,1.1503052616104008,0.8579063601097344,0.9275822507511352,1.1150056804299633,1.3963538569433496
2023-06-08,0.9488578840184667,1.2426022200320197,1.1451726198448042,0.8531917868160767,0.9261079407486672,1.1094726345989032,1.3927441139883343
2023-06-09,0.9526800792527164,1.2387966865717095,1.1457821156159032,0.8447142101207765,0.9262962242537551,1.1057281857059897,1.3842486792768947
2023-06-12,0.956440489134887,1.2393432260596677,1.144177174940477,0.8438300022960715,0.9305913002070552,1.108648428247359,1.391016908432413
2023-06-13,0.9592159593605736,1.2426369506437511,1.131753627568678,0.8405113427757077,0.938589851999153,1.1191564743540203,1.394801361171644
2023-06-14,0.9656602409818019,1.2421007833902042,1.1301294018859038,0.8420877284901077,0.9414015528230921,1.1234174581005492,1.3948509289925266
2023-06-15,0.965311552862062,1.2401327207699724,1.13152806938676,0.83798491101334,0.9295312564781544,1.1173345313675815,1.3949622432778588
2023-06-16,0.9679280121401724,1.2376800959756544,1.1381898946484834,0.8382898164458569,0.9190015567187644,1.1156416991659497,1.4017541089570436
2023-06-19,0.961812451544616,1.231001791153959,1.1350840405960398,0.8270696869495064,0.9086880565473207,1.1107650353071528,1.3929311256336578
2023-06-20,0.9526737274556863,1.2202370928467245,1.1384534814384328,0.8225646768093556,0.8985869557663682,1.1074321782095977,1.395485187424728
2023-06-21,0.9447803432216387,1.2202978037038514,1.1350517262547424,0.8110841573742557,0.8843577723177841,1.0967452897469565,1.3920647034869618
2023-06-22,0.9407314992182378,1.209509743557703,1.1207369700555034,0.8040470896819815,0.8591328497989107,1.0851784066016021,1.3779515744257327
2023-06-23,0.9181176718184103,1.1969362388375282,1.128566653658018,0.7943979508577557,0.8603400391173673,1.0774951004124755,1.3689325939949615
2023-06-26,0.931749689126388,1.1989574523651283,1.1254841449240889,0.7947502729728583,0.8563553509037325,1.0777892113539875,1.3681208003070824
2023-06-27,0.9372221139894702,1.1923242128291174,1.1302921934097165,0.7968679452379708,0.8597879234666983,1.0824726841413876,1.3762854097984782
2023-06-28,0.941790991303324,1.1962003812608364,1.132645294723634,0.8068530658142055,0.8577404687768778,1.0939748973383834,1.3951514519037977
2023-06-29,0.9361974348695478,1.1947590366967977,1.1109020931995288,0.7966746720061241,0.8550846205427017,1.0841758036751448,1.3824734612361045
2023-06-30,0.9422894742921487,1.2044360585010578,1.1076747430528378,0.8067617509703277,0.8541868529708297,1.0965132856082536,1.3952754669461547
2023-07-03,0.9519921096369717,1.2052694936194506,1.1107159997443268,0.811144803969949,0.8613350315895589,1.1032817437452456,1.3956069949862087
2023-07-04,0.9511017590224196,1.2080323346415194,1.1058037410405945,0.8137530778077094,0.8619843108189901,1.095882136569236,1.385671247331301
2023-07-05,0.9445921700923954,1.1957314756388597,1.0785419407749932,0.8034167422174889,0.8513556167795133,1.0857709567368106,1.376540248418324
2023-07-06,0.9212289583321063,1.1626503805616335,1.072067656739592,0.7805067499774752,0.8360137147123797,1.0592371389352446,1.3533131951655355
2023-07-07,0.9260650647825225,1.1669401627441756,1.0525147211323318,0.7828698928798983,0.8358273744251938,1.0674595676793825,1.3518088660536498
2023-07-10,0.924950437291618,1.1723025179480455,1.0553668673394518,0.78493924948594,0.8365198716749811,1.0700727762290188,1.356046055212665
2023-07-11,0.9341182546973453,1.1765724254592393,1.0546504761910722,0.7922487823993306,0.8397621254538963,1.0726212235971544,1.3534989767941026
2023-07-12,0.9591696989798347,1.203559167723106,1.0721435651482054,0.8106618910735907,0.8517505233264389,1.0946088247600994,1.3792748493828015
2023-07-13,0.9590491571590603,1.207428370400338,1.0760427017093614,0.814941757836533,0.8497353702956694,1.1025840825374127,1.386298445549056
2023-07-14,0.9578353341446414,1.2022461407911131,1.075185394447654,0.8165165680722998,0.8522558900468317,1.0997241438932612,1.3904799819236462
2023-07-17,0.9495697229224849,1.192216065274122,1.0721174358536203,0.8111740702440408,0.8452909704977761,1.097801167681497,1.3904434308213
2023-07-18,0.9575527030751309,1.2049136439145893,1.0729756040548877,0.8203252781646411,0.8498951175002455,1.108505322361447,1.394332884532877
2023-07-19,0.977137711760783,1.231536213931622,1.1017752190407137,0.8513836334821913,0.8764279238378698,1.130678874191155,1.414570760795504
2023-07-20,0.9846118010570407,1.2499603893946825,1.1074241405549015,0.8522155872321514,0.8776385627216474,1.143708489436561,1.4219553754141598
2023-07-21,0.9847122794464226,1.2525010766661633,1.1140102592485046,0.8493098862084947,0.8746359951178443,1.1453314761153066,1.4254156280794934
2023-07-24,0.9818186656080584,1.259002184416991,1.1192020686972082,0.8478411645497225,0.8785518110480117,1.1476037874213145,1.4193343510860987
2023-07-25,0.9933411339982711,1.253455982522509,1.1147491897605832,0.8550862445637777,0.8767551120260755,1.1479218408729652,1.4137157713392525
2023-07-26,0.9875296591829628,1.2472455027210103,1.115177311521862,0.8572244989841725,0.8735595750263782,1.1603430268642159,1.4171266709654589
2023-07-27,0.9977751290839599,1.2468014432845864,1.103150732311288,0.8551133577511744,0.8804325484194658,1.161735658330872,1.4405539980445525
2023-07-28,0.9929007931081603,1.2414879713540303,1.0894294290573103,0.8481908269922674,0.8908052784729044,1.164685500073004,1.4336771126711412
2023-07-31,0.9943688931197917,1.2462048153695844,1.09202601846906,0.8468072392357429,0.8939258145514589,1.1610154322855843,1.4361398412609145
2023-08-01,0.9883333356966636,1.2384773485313632,1.0833830865779954,0.8389459050023873,0.8877929441908646,1.151262401961282,1.4356935530830257
2023-08-02,0.9713647365988739,1.2184193653663726,1.065445412696029,0.8241143074238155,0.8694703240874091,1.1352483957120876,1.4287732549806753
2023-08-03,0.9724164576701279,1.2174791942447625,1.0488466604434679,0.821034902252162,0.8638541901518237,1.1371130082913494,1.419401647687406
2023-08-04,0.9781166092456369,1.2298578263640978,1.0572419688611823,0.8261671669744687,0.8670280303839935,1.1494232513545721,1.422846042763058
2023-08-07,0.9774923868241934,1.2270763121279367,1.0524164396656965,0.8226085452660212,0.8679680964691304,1.1491944750760803,1.4234931865483695
2023-08-08,0.9716636035278267,1.2174769841286823,1.0574989376501536,0.814236400665396,0.8600144017861757,1.1407286271260064,1.426498899755006
2023-08-09,0.9772430872404915,1.2354255551571094,1.0502403112571126,0.8154625769221192,0.8647947898538538,1.1478757347166237,1.4302357946518172
2023-08-10,0.9741054768508944,1.241655724305464,1.0624050341780655,0.82376366836036,0.8710596582122717,1.1517162496819606,1.442163725570733
2023-08-11,0.9646334831500173,1.2300406718626198,1.0507070976425987,0.8079534041634667,0.8636390263495024,1.14198048168684,1.4287752029211938
2023-08-14,0.9615196364005677,1.2268506416594471,1.049188311375923,0.8036178919730607,0.8718389943638571,1.141527242199316,1.4315459204329377
2023-08-15,0.9521861532330208,1.206541780737044,1.032370995818532,0.7934972482801098,0.8578664352991971,1.1291910398165073,1.4264722674129298
2023-08-16,0.9477895894028951,1.2099492322194065,1.0271634810309178,0.7908130674660683,0.8434179837691704,1.1236060154702232,1.4268276800643502
2023-08-17,0.9360876356799276,1.205226024835624,1.018584118405326,0.7788650933964383,0.8362781469821794,1.1152151010103877,1.4216536237678536
2023-08-18,0.9250914679880878,1.1937047076744371,1.0164167075150203,0.7697883382969026,0.8226158618200712,1.1040020543797733,1.4075624866842855
2023-08-21,0.9177693449597016,1.1946482600464385,1.0079414420592478,0.7634511995028007,0.8170750506366236,1.0997448732880744,1.40754885960908
2023-08-22,0.9266027900322212,1.1957697736732522,1.0111011124981446,0.7647383056511589,0.8234828079163974,1.097183482732943,1.4126294023271064
2023-08-23,0.9366631427937886,1.2000100885068543,1.0255582426684327,0.7730188016326879,0.8377251444630591,1.1048523254346396,1.4211569792828795
2023-08-24,0.9268463044568428,1.1992748429623636,1.0338709576549072,0.7711775065491392,0.8426212129956505,1.1041277857724787,1.4270758426824544
2023-08-25,0.924377189892561,1.2009371516571397,1.0360953354281353,0.769181939926064,0.84209500149503,1.1039432789134465,1.4300121497840457
2023-08-29,0.946197691610697,1.2288025841357586,1.0538491951871147,0.7889290327581231,0.8639481879128986,1.131378908076467,1.450365618222929
2023-08-30,0.9538222171352767,1.2300699886680015,1.0531139247801222,0.7916083853081629,0.8670543959790205,1.1315672010706643,1.4557147191207207
2023-08-31,0.9516119232031389,1.2216879730894705,1.0509772473441121,0.7889169883246512,0.8609953501798909,1.1334431942078818,1.4533108730322248
2023-09-01,0.9595608271016481,1.229108488903769,1.0429277220297546,0.7845787048611029,0.8617609121154052,1.1330881021006407,1.4563474856771916
2023-09-04,0.9610798080191815,1.229868668575165,1.0388552974518206,0.7810564037451456,0.8558363973662303,1.1332063284558087,1.4542594889760792
2023-09-05,0.967685211098318,1.2326329566257752,1.0319103975884836,0.7739954809586135,0.8553799081490443,1.130071348875927,1.4529132541233774
2023-09-06,0.9648975351371979,1.231993885435022,1.0334655017372176,0.7704759229855079,0.8598749873078961,1.127060827330829,1.4514804371973722
2023-09-07,0.9567365516880998,1.238827132844747,1.051047019298109,0.7659262243739663,0.8489343472917238,1.1279446010205703,1.4576094385780503
2023-09-08,0.9607613904579329,1.2353648680331357,1.0635020339983678,0.7696173070187611,0.8486059508941703,1.1302996798047453,1.4665659388770083
2023-09-11,0.9689829228389586,1.2309129826927359,1.0720314359492427,0.7728809388815634,0.8565248047931717,1.139567028986278,1.4686759427422305
2023-09-12,0.9704535598447012,1.241467108989788,1.0673199695035762,0.7712469059409848,0.8699595938883492,1.1431745433687968,1.4775762821506797
2023-09-13,0.983126772496087,1.2371797063429908,1.063191191263544,0.7743697488477127,0.8707347983974923,1.1445709598705727,1.4830168325164081
2023-09-14,1.0006657735924405,1.263561017706596,1.0948414090421483,0.7873616330706824,0.8990231840860121,1.1589891222349227,1.50354132915792
2023-09-15,1.0126190478587314,1.2667596102497518,1.0970814663707906,0.7905067012053187,0.914131946001784,1.1667944694916743,1.5119000630335122
2023-09-18,0.9953243403061277,1.2594451239097042,1.0880680641606049,0.7763307212235433,0.8930195631899709,1.1481899903462278,1.5017133326473058
2023-09-19,0.9902004421167977,1.2609880953885717,1.0867038391350428,0.7692259678245091,0.8984064700479386,1.1463808714130133,1.5080511341923792
2023-09-20,1.0062516489542512,1.2706924786162273,1.1093719555907215,0.7837151622077955,0.9142204011757074,1.157839676031089,1.5090598154708892
2023-09-21,0.9944756885808573,1.2604798529119465,1.1022140303674195,0.7803084777801611,0.9045964926636456,1.1481901140257418,1.5087444576676632
2023-09-22,0.9966505163236774,1.263453035961665,1.094102990798481,0.7794288931450363,0.908517116358438,1.1459916322267718,1.50136754734287
2023-09-25,0.9895676329950405,1.2598278465956094,1.078975474655504,0.7658514712314118,0.9000963531320574,1.1381794778455756,1.4902424870079434
2023-09-26,0.97667825844802,1.2630135849098605,1.081003892146792,0.767650144564062,0.8980680103460786,1.1400121349175871,1.4849546844038446
2023-09-27,0.9739100995364071,1.2651145626634497,1.0589473869662647,0.7572530967665465,0.8840038996988504,1.1371482653771416,1.4699216637461887
2023-09-28,0.9741907672248846,1.2684500871114117,1.038111835978691,0.7547702898435622,0.8791556754791306,1.1410201446619674,1.47501209522026
2023-09-29,0.9750481210188591,1.2676241933151877,1.058688464319248,0.7655298040349541,0.8840878382670143,1.1449752171649024,1.476500209230551
2023-10-02,0.9643899378196705,1.2478975328816657,1.0423403202588184,0.7533002398532241,0.8691440707161039,1.1273719537727507,1.4566337950638248
2023-10-03,0.9516856144580167,1.2338767696729427,1.0194495149243317,0.7430305785858835,0.862464113493238,1.1144259180488907,1.4521146085310437
2023-10-04,0.9315610845938743,1.2150118886065557,1.0207677025470663,0.7404399920065651,0.8514640872294607,1.1141655362173712,1.4382719912276967
2023-10-05,0.9401901378773779,1.2193865417168563,1.029408755143755,0.7442254765297809,0.8538809460592732,1.116488468850241,1.4490268167804945
2023-10-06,0.9511738278309142,1.2308089098181292,1.030272385044634,0.7505280885708271,0.86278372080968,1.1266866172189227,1.4550053025448264
2023-10-09,0.9334997631230605,1.2382814235506385,1.037229107011828,0.7426796218431643,0.858095130607742,1.1099836874321864,1.4496363958558132
2023-10-10,0.9559318667322341,1.263069151561408,1.0590513993611534,0.7616488260894457,0.8711759562171053,1.1355493876275498,1.47615882328435
2023-10-11,0.9577005324082816,1.2543927395596577,1.0676924778449022,0.7595139405606963,0.8761669056998139,1.1364404237892736,1.473700895741323
2023-10-12,0.9548462026968325,1.2641956765524687,1.0668632575176882,0.7568301670421794,0.8736314439043475,1.1353804122597098,1.4761034714751482
2023-10-13,0.9399951467574184,1.2620514037077548,1.0756636913250028,0.7377945763125223,0.8665189614249454,1.1226170323164009,1.4626382140825476
2023-10-16,0.955495847668692,1.2710623694797818,1.0825051008172866,0.7434594350656349,0.8651686488753253,1.1285001269283073,1.4643456045622505
2023-10-17,0.9613409397842986,1.2777327103232121,1.0896170461029917,0.7452912865735748,0.8707708143065249,1.132033424972552,1.4725317304161296
2023-10-18,0.9512104814803927,1.2627314488479,1.087082410353124,0.7303722492855791,0.866454461243026,1.1168355200595803,1.4627431617118594
2023-10-19,0.945349407695392,1.2528433986317724,1.0755886882480685,0.7102056944585677,0.8316595861761249,1.1074533104362874,1.444756359427567
2023-10-20,0.9260179823758188,1.2363690199112276,1.0744200011172134,0.7006116472632614,0.8260339702793621,1.0879831851007677,1.4299087442451102
2023-10-23,0.9310493144652042,1.2262246695906964,1.0702582635569764,0.7020407690554026,0.8196784918442722,1.092529805897536,1.4330905423035447
2023-10-24,0.9421915364969132,1.2337092137684604,1.0887348767516987,0.7021864199541648,0.8265876440206228,1.0861540543794899,1.4271646416275439
2023-10-25,0.9448442670276299,1.2340805955550822,1.0955271708753807,0.6963763663405641,0.8232453052938105,1.0854562153577292,1.4321212618701589
2023-10-26,0.9434050072465446,1.2267847219007015,1.102207873418563,0.6931638187329937,0.8107777575678432,1.075597593708022,1.4278158814138766
2023-10-27,0.9480211927906765,1.2222000637302288,1.0936943511150943,0.6960342572246513,0.8076470083662877,1.062341977742484,1.4206268744241215
2023-10-30,0.953585880073977,1.228542762010367,1.0995124425565899,0.7007279970396489,0.8273698609604541,1.0719719631292668,1.431706792826266
2023-10-31,0.9596847218728227,1.213026184218667,1.1065126963311418,0.7072418774328341,0.8220672184501823,1.0810571241830298,1.4352134319770895
2023-11-01,0.9682832776404496,1.2180862028888455,1.1166656220278846,0.7098040833981035,0.8287390329694727,1.0844110230816937,1.4509216590030294
2023-11-02,0.9737914271001276,1.2391129164068941,1.1142547920405512,0.7291950418121773,0.8350593177670363,1.1062974963328103,1.4611816986307864
2023-11-03,0.9691365612756879,1.2340536401730557,1.1162860140810766,0.7445579559582636,0.8432316825378259,1.1122589733799375,1.4534461011629238
2023-11-06,0.9714796868211456,1.237764723019797,1.1054738616480848,0.7340737741224357,0.8339078880271042,1.108582171990748,1.44882684691479
2023-11-07,0.9693752293179349,1.235123029850274,1.1095281172270175,0.7373729799851477,0.8282837794136304,1.1116098488044457,1.4608482461971655
2023-11-08,0.9672276607953275,1.231905301545509,1.0974909616938349,0.7374324120483009,0.8279672886920156,1.1201507128927233,1.4737658776008957
2023-11-09,0.9747591690905245,1.243193165746034,1.1056591296257066,0.7453059489133608,0.8341527140082217,1.1318506135820767,1.4875296579941144
2023-11-10,0.9675133975668585,1.2354194187338385,1.1048381363296549,0.7315479325762155,0.8180288578722118,1.1246143552294419,1.4804505198936175
2023-11-13,0.9759249738095158,1.2497444021101005,1.1066686390896474,0.7365038603993097,0.8225728481079685,1.1315466683999786,1.4896609587638079
2023-11-14,0.9964170364119668,1.25652120655603,1.1173004809844453,0.7626008722239092,0.834254217549909,1.1412289322351574,1.4826931917139903
2023-11-15,1.0085654321186606,1.2668664478711311,1.1205572116827507,0.7671865298987777,0.8356314855249123,1.1529706947757463,1.4921368112763531
2023-11-16,0.9925014554881454,1.246790949737243,1.1258452364413087,0.7513250187046039,0.8304871188766599,1.1401737365725657,1.4845889112456485
2023-11-17,1.006813180576194,1.265120869491281,1.1374997827133508,0.7630681725838857,0.8380156243512997,1.1571869687661354,1.4993719399231358
2023-11-20,1.012965760085151,1.2643058824406792,1.132740665350278,0.7662973738188191,0.8345570285849273,1.1596856826189952,1.5052470166174132
2023-11-21,1.0145008017319874,1.2612072018124756,1.1370544715282676,0.7574390234496101,0.832178779311681,1.1547675545603133,1.5013272422832924
2023-11-22,1.013819598437028,1.256288781701701,1.1401413995821303,0.7606406470057621,0.8349429656082525,1.1551373475650575,1.5144256678852523
2023-11-23,0.9979426643324955,1.2635935692273368,1.140820939066787,0.7563067393146107,0.8355419186392694,1.1592163676618812,1.5181212033115716
2023-11-24,0.9981260232776655,1.2637664643980433,1.1472118121595036,0.757126722398726,0.8359509067983371,1.1618271511208893,1.5158049450647237
2023-11-27,0.9979309274389543,1.260695407119773,1.147544202800829,0.7558614002223464,0.8504143739292207,1.1607234306787972,1.5162635684420098
2023-11-28,0.9928097553318377,1.26176099969618,1.1534545463183883,0.7504259785037054,0.8503152462920202,1.1657811578696171,1.512237224391023
2023-11-29,0.9873823024940549,1.2623174655299991,1.1535692920161622,0.7526893250821489,0.8591983008210342,1.169191877538041,1.5088939919044384
2023-11-30,0.9845144570131931,1.2645886846217154,1.139661193548422,0.7518654660669614,0.8513017107829215,1.1731102811561291,1.5093394337749524
2023-12-01,1.0115880600019649,1.2778619485993703,1.1463574120752722,0.7638384659488977,0.8635601628308361,1.1866030999799007,1.5222955384398207
2023-12-04,1.003659243480191,1.2686526680211008,1.1440078794670305,0.7612025470613563,0.8560109153185159,1.188046679265386,1.5205000513554738
2023-12-05,1.0122847768923904,1.2711529043582501,1.1500655370134591,0.7649263703004715,0.8497518390428931,1.1877440076112464,1.5221285518580203
2023-12-06,1.0276039159108874,1.2803259755838126,1.1588949592350979,0.7776032193261591,0.8448086148311299,1.2005669418514042,1.533599012476457
2023-12-07,1.0380252647616588,1.279263129261151,1.1686632777719583,0.7759470853883665,0.8516331921924145,1.1923405610024949,1.5358608156557016
2023-12-08,1.030437864976641,1.2904753221274319,1.1694697738571058,0.7736179977205496,0.8603804025010471,1.207059282779492,1.5465571232458637
2023-12-11,1.0243388798774304,1.2877097520667828,1.1672093984335834,0.7784851037565262,0.8540072953716444,1.2123550028702303,1.5494367849237376
2023-12-12,1.0274165330135878,1.2773556587705126,1.163262193054374,0.7732320929280183,0.8521214756445538,1.2160283568309884,1.5567527880095653
2023-12-13,1.0246888860034744,1.279930712561,1.172991714010894,0.7740268837077643,0.8462446629034771,1.212094724385131,1.561366478541312
2023-12-14,1.056162300636693,1.297831822441093,1.1746774818813008,0.8070676537350954,0.8784147478507981,1.2316278482209595,1.562527389551927
2023-12-15,1.0615307583599154,1.283728510165271,1.1554110144977963,0.8024848181933735,0.8705018421228384,1.216997174076129,1.5536280063321533
2023-12-18,1.0597425110120149,1.2939445636023168,1.1467949016942354,0.7996754311292009,0.8749977817512706,1.2192242345654258,1.5597615075861482
2023-12-19,1.0733694208601003,1.2973369964631905,1.1524155764046806,0.8028819148678755,0.8901005543612506,1.227154770515259,1.564617550193268
2023-12-20,1.0794145248643878,1.3079914222724234,1.1627745808228327,0.8153314279194656,0.8970043826087475,1.2409646227417672,1.5863283950040081
2023-12-21,1.0778479071185458,1.3051751166044057,1.1514658186599145,0.8107435618840683,0.8868553953994898,1.2375437431255845,1.5857768684579887
2023-12-22,1.0798822792763014,1.3057183587023533,1.1512471456321303,0.8065689559809545,0.8944613246700239,1.241203361220632,1.5879245954885557
2023-12-27,1.0770878926932455,1.3099268533955604,1.148743167111912,0.813493308418092,0.8987709657019872,1.2422024029361507,1.5944882196758778
2023-12-28,1.0769273755741957,1.3051336625953496,1.1479621532702626,0.8115207855165821,0.894967776239527,1.2407431380353033,1.5926225491746093
2023-12-29,1.0763794691343636,1.3051689247237475,1.1453305555961524,0.808016095856089,0.8976328530277715,1.2410523268871385,1.5939506950078453
2024-01-02,1.0761163303638772,1.3053283234675928,1.1410874394980215,0.7977761741229299,0.8895067355511476,1.2392749444876423,1.5881936823290952
2024-01-03,1.063489469710145,1.2932439518395278,1.1498422415300058,0.7830384290273975,0.8797838409508296,1.2277585120505754,1.5831348402135788
2024-01-04,1.0691582023075907,1.2973807627892442,1.1626771351530556,0.7766478695939694,0.8791328414487369,1.2380982095839075,1.5950015551473689
2024-01-05,1.0652944033973955,1.2922468584253768,1.1616464258101007,0.7717217163658749,0.8642610918202875,1.2317434148085273,1.591529195519924
2024-01-08,1.071005055926456,1.2910102348513381,1.1582110233911467,0.7788734925600552,0.8705936267875598,1.2422787026837112,1.6096033733816468
2024-01-09,1.0557186968241672,1.286398268645874,1.1729148331166317,0.7732845275841429,0.87227271114375,1.2384673728011177,1.6055145539009794
2024-01-10,1.060001764408657,1.2746882623327704,1.1683611020192401,0.7729820357187488,0.8671368827843111,1.2333690635364232,1.6056308181823449
2024-01-11,1.0562531435766547,1.26362074185045,1.144582695692097,0.7654476319744126,0.859568750790084,1.214536640067868,1.5866461340811755
2024-01-12,1.0619303054379918,1.274362618659933,1.1562386025122262,0.7698147540582458,0.8744804242837058,1.2243718847805976,1.5988080523324693
2024-01-15,1.0617911208338426,1.2731721555522044,1.1590714738268173,0.7645837945249125,0.8706713806853209,1.2192145117579656,1.594914427738397
2024-01-16,1.0619416021002424,1.2632999575564623,1.1571094700035092,0.7602711391051619,0.8534263963398703,1.2118303795764411,1.5912863271176547
2024-01-17,1.0430629828469744,1.2389916087936885,1.133487295925578,0.743152887611519,0.8354567748615931,1.2010360054898799,1.5784278591773588
2024-01-18,1.0535372619352907,1.2411923469552437,1.122777000433599,0.7487342128953016,0.8341863917607526,1.2083238707218176,1.5783105978399015
2024-01-19,1.0442212877648414,1.2377249160890402,1.125327896004997,0.7484388291188755,0.8328978266464908,1.2032010009620149,1.5792509975527085
2024-01-22,1.0460683313578996,1.2413265187782456,1.1310899650804487,0.7582594272916613,0.8375481661864386,1.2195057310639874,1.5906889640674509
2024-01-23,1.0449094634659246,1.2422370388895299,1.1294066615795308,0.7566978093565658,0.8299502927420173,1.2151412498456962,1.5789537873713027
2024-01-24,1.0572881869972477,1.2532754074839816,1.1279834611404094,0.7640401652217403,0.8402351890847409,1.2280906371131963,1.5895778011375046
2024-01-25,1.057637644684189,1.2631758946419207,1.1188019571694656,0.7610561838222473,0.8363011652116524,1.223317037737276,1.594233908129717
2024-01-26,1.0708224720404373,1.2785617260266375,1.1317704023139958,0.7772282747768545,0.8480211363271242,1.231946705200624,1.598858544413815
2024-01-29,1.0672905755269977,1.2779353129764297,1.126079146624502,0.770716370478692,0.8420801447766564,1.2266443860601461,1.5972500987282698
2024-01-30,1.064379631084379,1.2825821772094883,1.130130605366028,0.7701694514168537,0.8237915681875407,1.2334388275521715,1.609558527004478
2024-01-31,1.0580792072626892,1.274082506813617,1.1425697773044419,0.7709903474625172,0.8163083026814812,1.2247288530204692,1.602320622877406
2024-02-01,1.0498646236048763,1.2718178973950796,1.1410948627567026,0.7649879906235363,0.8136552991882443,1.2168628290038426,1.5922376888562924
2024-02-02,1.0411813425535683,1.2640537876882243,1.1387994735674893,0.7630085632340798,0.810255772205115,1.2249622416647883,1.591951636496823
2024-02-05,1.0342704098993483,1.2551818739367528,1.1461391116787414,0.7576887858807121,0.7939537330421126,1.2181948235571696,1.5907022858014406
2024-02-06,1.0443982146376192,1.2708234141369767,1.1394777785761665,0.7646208253115256,0.7951279073321935,1.2292080123423264,1.6007975429718402
2024-02-07,1.0416770614255855,1.2638846495179015,1.1387724905666683,0.7563833972449201,0.7841509222589462,1.2137686197244095,1.595236464265149
2024-02-08,1.0263281592478621,1.255364295815991,1.113096954215861,0.752948048757318,0.7882037284368945,1.2114643772625138,1.5973631686120757
2024-02-09,1.030917305073418,1.2523393259861733,1.1041601226912416,0.7468725054113503,0.7740632480202247,1.2098808189499424,1.606275595483337
2024-02-12,1.0353132831009042,1.2554670791381344,1.1068021715669805,0.7522014410321721,0.7835913045548896,1.2131513530657712,1.6163728598156937
2024-02-13,1.0129866518702988,1.2461536341313117,1.1044689894407553,0.7359866517930412,0.7597536963887841,1.194605246891317,1.5973205872470086
2024-02-14,1.018118923296715,1.255242347663426,1.111791587607962,0.742306014508331,0.7647002970489009,1.2114438593612855,1.6077665441252227
2024-02-15,1.0259787819704564,1.2591862189970244,1.122463973706202,0.7528038285161044,0.7691267855041287,1.2247387215071872,1.6148864279934645
2024-02-16,1.0404262987698443,1.2731260511617848,1.1287845926191173,0.7615448762145776,0.7632402810526852,1.2470601477054026,1.6325446474158707
2024-02-19,1.0408963079596145,1.2797447966667763,1.1280458830833955,0.759335714635048,0.7562524722410504,1.2525924950598741,1.6362725567962486
2024-02-20,1.0364245719427745,1.269945877996571,1.1414468752465008,0.7582811478849736,0.7470165706397743,1.2589791664512495,1.6440094055795598
2024-02-21,1.0353785313160584,1.2687764584531762,1.1374352678806123,0.7560989071281577,0.74547205248238,1.2611249718079043,1.6400887568817952
2024-02-22,1.0290005036534289,1.2671423673555768,1.126758961087149,0.75866161222056,0.7458870083161904,1.2824656819670721,1.657509669723542
2024-02-23,1.024507814185175,1.2652571137298343,1.127244986384056,0.7589851317102422,0.7552196321194729,1.2845486500154402,1.6623360448265916
2024-02-26,1.0128744430558598,1.261174571586756,1.1153463292652335,0.7543094632822254,0.7537477912268384,1.2882863406329639,1.6644858305153025
2024-02-27,1.0098379996189262,1.261301656927178,1.1240504400788702,0.7516412123462085,0.753575903831265,1.2883528309948633,1.6528726804478617
2024-02-28,0.9986921516886024,1.247951112988161,1.124649139945645,0.7394823424476127,0.7470292558889715,1.2894344232925403,1.6549999364818015
2024-02-29,0.9898458424119566,1.2583993123406392,1.127311581074369,0.7430109906272142,0.751441431832123,1.287533214864403,1.660999358532221
2024-03-01,0.9873697058834076,1.2727994945958583,1.1276155880267649,0.7501366440823384,0.7610727010476586,1.3073393386446224,1.675203958157162
2024-03-04,0.9757169023296042,1.2720930131552146,1.1261695478520517,0.7399275765178449,0.7600170967346133,1.3077288972363716,1.6660613665244424
2024-03-05,0.9728589705504502,1.2755286874357996,1.1410274217695897,0.7394920791030718,0.7679191714305866,1.3063891998359443,1.6746304853047034
2024-03-06,0.9762589401826917,1.2816729452034608,1.1438292996898012,0.7433384130761423,0.7688415206677345,1.3163447509276305,1.6886825409171433
2024-03-07,0.9720462470636043,1.281494028116164,1.155881287304327,0.7526044357746573,0.7620153297959751,1.3240079251519303,1.690291494002357
2024-03-08,0.9669585833180826,1.2771100450966975,1.1509212090528265,0.7511252318253819,0.7632750223703798,1.3214919156973661,1.6896817781952296
2024-03-11,0.9685620397787448,1.2837121592556398,1.1470346179752595,0.7504927532420718,0.7646630577441791,1.3196835704264671,1.6821167061255844
2024-03-12,0.9794347469667227,1.2979473225600742,1.1321616682467082,0.7519406733916617,0.7691163663209254,1.338075795809605,1.7040381948064067
2024-03-13,0.9763728217995365,1.3062383598207943,1.1407053874606734,0.7484283796874183,0.7639206394280638,1.3387935242898228,1.6980833098413814
2024-03-14,0.9690141405964964,1.3080081138251096,1.1396893851725152,0.7403970884536926,0.759801055741009,1.3326686637465024,1.6982117395622387
2024-03-15,0.9705869315449233,1.302280125042214,1.135883050435021,0.7417716422593158,0.7640437115002758,1.3408864157077554,1.6865494340088514
2024-03-18,0.9671361331367357,1.3011904710783861,1.127643250465343,0.7391878534446382,0.7669758498499395,1.3375712084342029,1.687578830134121
2024-03-19,0.9668880939374015,1.3013106743353324,1.1269914300208381,0.7359213211555409,0.7549017995382238,1.3434699077602879,1.6834527404956126
2024-03-20,0.9679359341914328,1.3046363745404734,1.1386194247866048,0.7401359382284047,0.7579323093208588,1.3489782946752678,1.6832850245190567
2024-03-21,0.9944759644694382,1.3296979035614165,1.1423683071591832,0.7561094596367623,0.7762038319616665,1.3822421483074678,1.718756274784483
2024-03-22,0.9932402574829355,1.3371175051028212,1.148230301419538,0.7569941355795559,0.7799391947194861,1.389514407963401,1.7234009322378652
2024-03-25,0.9897978157270874,1.3369591834232004,1.148732291056856,0.7538094039071759,0.7769625309572296,1.3840308717764431,1.7198296427777529
2024-03-26,0.987162142562898,1.3414067636519282,1.140870370494045,0.759770901086363,0.7812832346332403,1.3967341443156363,1.7304719851054582
2024-03-27,0.9903599853891277,1.3440675489872425,1.1507931497801143,0.759468523808458,0.7931760245964439,1.3935719505474369,1.7393747249179927
2024-03-28,0.995768307118141,1.3504327973997354,1.1416394324398653,0.7651196060187793,0.8030450896121648,1.3952162447978176,1.7365237340208726
2024-04-02,0.9925834168973311,1.3552443537351186,1.1386843314094819,0.7544958385846678,0.8016755360403796,1.385551273023237,1.7188148315714218
2024-04-03,0.9858494010206265,1.3582272514980758,1.131985617177404,0.7537144807095785,0.8065059425133476,1.393065020995875,1.7183223088469444
2024-04-04,0.9850898704152824,1.3638708929844687,1.1341955887891533,0.7572044237420755,0.8133026677166157,1.4003066825656658,1.7168773983847945
2024-04-05,0.9706777409714041,1.3542856769914768,1.1100227832714897,0.7428034802722245,0.8068178403295997,1.387415688878803,1.7089754092866192
2024-04-08,0.9887112104787397,1.3626895356820905,1.1053747073665625,0.7494743279552819,0.8137667897315092,1.394153458529771,1.7124122330759275
2024-04-09,0.9868122349263301,1.3640911107136098,1.1037066482538982,0.7495120783143244,0.8127635998315546,1.3794583981949342,1.69422157420198
2024-04-10,0.9905390014571468,1.369743249686597,1.0944243140416856,0.7444693816877818,0.8159547627192447,1.3836583371887343,1.7000477297778291
2024-04-11,0.980666612667771,1.3665532244359044,1.0949273413794676,0.7444397702835255,0.8184130056009966,1.367371775724162,1.697337273693845
2024-04-12,0.9872950041671581,1.3890231279521965,1.1184530072037944,0.7421910581177392,0.8261222770306279,1.3643620156882073,1.7007828459336574
2024-04-15,0.9897239011288755,1.3810428692807564,1.110271910228905,0.7425272321840906,0.8110191682286368,1.3679538521029224,1.703905095326548
2024-04-16,0.9701908052164244,1.3505979718669485,1.0943272741479768,0.7291228450550342,0.7992461430824387,1.3371993708157206,1.6756332966309162
2024-04-17,0.9766531888545557,1.3539910531725645,1.0939328981188616,0.7308868241944568,0.8078843625111235,1.344724875196259,1.6753694151938887
2024-04-18,0.9812370772577627,1.3579835832814373,1.1083865975358522,0.7329524486490359,0.8154278679914093,1.3532966028197069,1.6818396256990997
2024-04-19,0.9733468379453595,1.3573904417634652,1.1209945632366622,0.7358907360803926,0.8197986743406689,1.3479045918686567,1.6776462153303928
2024-04-22,0.9842715162719138,1.3753126045174633,1.1342838535964734,0.7458806264160901,0.8234626175174897,1.3676509895953781,1.7027615920995245
2024-04-23,0.9872537954851964,1.3873782710087055,1.1374489140758448,0.7496564449932566,0.8238200065680606,1.379895295337108,1.7259604401843531
2024-04-24,0.9906591720027814,1.3870992643345337,1.1293965133592263,0.74043060247848,0.8210326667227305,1.3769141196987293,1.7250375738520844
2024-04-25,0.9776764117879816,1.3882362603292655,1.1253702325858925,0.7365207515876527,0.8138297739445719,1.3704152420250557,1.716478005340611
2024-04-26,0.9871865378678324,1.3962585525777174,1.1313418458326452,0.7455815346050712,0.8214465938992352,1.3911024668784029,1.7287479366272498
2024-04-29,0.991270516283327,1.3967072053361742,1.1411631956186021,0.7502843221426433,0.8331370405088212,1.3901603017865716,1.7267357821581246
2024-04-30,1.002845519752688,1.392147296616493,1.1377073441854766,0.7423899463857788,0.8220608440935393,1.385798205043678,1.7256313259719571
2024-05-01,0.9922315674813262,1.3794252616297522,1.1494462453154601,0.7404642130013477,0.8262487113554483,1.3795344134555247,1.7235784419218214
2024-05-02,0.9890091848783897,1.380962690751246,1.1539165014834931,0.7462412185696539,0.8302869464570397,1.387654005261018,1.7146236059992512
2024-05-03,1.0080303464730087,1.3810110859110323,1.1685016648436133,0.7584938512151617,0.8348581337614517,1.4017730812264708,1.7148814303820106
2024-05-07,1.0193494447348956,1.3912989601637202,1.1948293173019773,0.7702143936990111,0.8504115041502709,1.4219143914459857,1.7358933719597684
2024-05-08,1.022664665387371,1.392053868014365,1.1987593763635487,0.7728084655176052,0.8554849520550409,1.4381547577580807,1.7544806029167321
2024-05-09,1.0298976924598184,1.39649135207907,1.2097620221300698,0.7759837201116397,0.8654685978603475,1.4425688169420081,1.7558613795430567
2024-05-10,1.037463664377017,1.40960384820314,1.2118835692164398,0.7788220932300582,0.8625045905714283,1.4448402643600193,1.7683556805509426
2024-05-13,1.0367935929898857,1.407640215274039,1.2099346089941339,0.7743770950317975,0.8579016391250516,1.4408209063333055,1.7683154019164662
2024-05-14,1.0370439886413994,1.4153323832048281,1.2230960364211427,0.7774035020444704,0.8686333189975308,1.446630080752798,1.7663123385280832
2024-05-15,1.0405873062096873,1.4124315974245023,1.234206448114421,0.7887142882332829,0.8750536747498696,1.4544654344678334,1.7572148620700248
2024-05-16,1.0508734308051704,1.4269363897200866,1.2258140403003015,0.7904924636586896,0.8743398383642207,1.4548208938774372,1.75460451588695
2024-05-17,1.0609409714966835,1.42389355926115,1.2231535251929677,0.7819791323506103,0.8758988239717687,1.4535184303253628,1.7472304305407476
2024-05-20,1.0592648376053708,1.4267744500953425,1.1949223007717955,0.7806842580043493,0.8936668612102338,1.467921852630189,1.7486083667652932
2024-05-21,1.056833173719131,1.4239336451936617,1.1859726321553445,0.7757281897698894,0.8828751509879975,1.4648234154142286,1.7436019803355025
2024-05-22,1.0397048137424976,1.412659879444428,1.1932044018597145,0.7707180557870988,0.8777472762685022,1.4505999902650843,1.7421695550382228
2024-05-23,1.0286933363024222,1.4153929524215474,1.1367143961488477,0.7651339573276542,0.8682498302213197,1.4520588252493616,1.7420503400899994
2024-05-24,1.0255897327308166,1.415145641438832,1.1163902186495198,0.7683350736732188,0.8660349694946168,1.4560984766764684,1.7432387483125587
2024-05-28,1.0167887981756474,1.4142798171904496,1.098347818866703,0.7670583834503298,0.8719417361497681,1.4573077585145158,1.7249470249255148
2024-05-29,1.0001069794842279,1.4064154135483729,1.0866869659861096,0.7557141646132957,0.860759539507432,1.4434076563270302,1.7128607827536804
2024-05-30,1.009142619532798,1.410717112879223,1.0857294590092357,0.7687046009161587,0.8797348060566479,1.4532586997420696,1.7164804748530946
2024-05-31,1.0168596423603655,1.4089567255255089,1.11206257328174,0.7663166306285724,0.8726333706354629,1.4553655485156647,1.722835493793228
2024-06-03,1.0145289864610985,1.4084003625517807,1.086775433625665,0.7752137662317453,0.8847851427449133,1.4644405455446894,1.7299688308131629
2024-06-04,1.0150282510338053,1.3957639986848538,1.1048878482341529,0.7730098629767063,0.8636730232905485,1.446487480346322,1.7327445844370366
2024-06-05,1.0135367885566333,1.3989030923712138,1.105800288131874,0.7711682586546198,0.8713420619661558,1.4452515449666878,1.7312495058865576
2024-06-06,1.018806999475611,1.4063037577153592,1.0939795176106497,0.7737944706414958,0.8830764068927179,1.4558354563176992,1.741341326747096
2024-06-07,1.0143032470741984,1.3899108201340047,1.0943006287705577,0.7605797457290143,0.8622943046241908,1.4498055259068878,1.7355481974721747
2024-06-10,1.0108994060970107,1.3917376595381683,1.0938537486216318,0.754361770611927,0.8572991369490233,1.4475279543177797,1.7273762709408482
2024-06-11,0.9977532254846095,1.378849302910433,1.0833742543458087,0.7461522542861062,0.8491782948265223,1.4280969958633767,1.7137724724214494
2024-06-12,1.0071714754852272,1.3893236900093417,1.0934002842063029,0.7599699039107237,0.8574031242918085,1.4465920618525414,1.7415907245073747
2024-06-13,0.9890665610498796,1.3778477290938018,1.1095432567570156,0.747242576303623,0.8421109069885144,1.4396599917849735,1.7322645326520583
2024-06-14,0.9824741762058306,1.3688026083918279,1.1022539687838766,0.7397114716712001,0.8487352208010958,1.427243047475371,1.7296816473022971
2024-06-17,0.9792707669721054,1.3647739585538872,1.0834248441912506,0.7384448290276326,0.8539260946891447,1.432917354326238,1.7297649267068016
2024-06-18,0.9851667669134772,1.3741917228740137,1.0984630773110204,0.7447066752990099,0.8574303110468016,1.4453948350580654,1.7430772974529054
2024-06-19,0.9626908916122634,1.3714776840137988,1.101758093713136,0.7384071553525763,0.8569663966864791,1.4535153087928572,1.7491733301794141
2024-06-20,0.9708974369721671,1.3851951135162537,1.106723017762704,0.7488213353655702,0.8683929735632783,1.4772354264173315,1.7644260609315148
2024-06-21,0.9663474556131186,1.3771885414167109,1.105991520482974,0.7449194274805339,0.8668251722185772,1.4598044013469065,1.753520095616762
2024-06-24,0.9601430408833368,1.3898055307891395,1.1073109340449692,0.7516611869466898,0.872832414262842,1.4710318653356078,1.7636753241603658
2024-06-25,0.9641134509606175,1.3786231186568008,1.1037889835266907,0.742797490009332,0.861079801268706,1.4553786715149941,1.748119813567843
2024-06-26,0.9642416527665113,1.3738209141388766,1.0966486031354767,0.7394817505225257,0.8587780844420541,1.4500842386165909,1.7494490996513263
2024-06-27,0.9559759871123735,1.372847176079276,1.0749019607525667,0.7386613525893004,0.8587787624113877,1.4491549101241696,1.7481943410739993
2024-06-28,0.957019002816414,1.3708185318640567,1.0746590109372491,0.7362373847858982,0.859044895196113,1.4424210345308586,1.743546846943486
2024-07-01,0.9591102548248792,1.3759915097580573,1.0781503548213407,0.7350715122439588,0.8562186754870316,1.4435788806117136,1.7329169480580027
2024-07-02,0.9540794859481124,1.3716512597261714,1.0650261516012276,0.7322030625280902,0.8464998408374779,1.430576855897919,1.7226176782815097
2024-07-03,0.970883079942079,1.380867751292915,1.0837641916952212,0.7430167860556687,0.8628490262970814,1.4560858723251975,1.7318900806544644
2024-07-04,0.9798421640600875,1.3958430403670439,1.0931238656137394,0.7467605948780227,0.8642585320868733,1.467066292565387,1.7392276439238858
2024-07-05,0.9729860636658602,1.3948807757927784,1.1107767889216023,0.7501943670276005,0.8712705204382896,1.463717772942478,1.7405309420482544
2024-07-08,0.9678375765309614,1.3884194347143548,1.1083669486074152,0.7477679302210509,0.8604573334050624,1.4707702602062496,1.7570832254391215
2024-07-09,0.9613205204104309,1.3681398923062837,1.1160079347661518,0.7404068184957956,0.8647943354203138,1.4508998645872255,1.7432608249163286
2024-07-10,0.9659316131337029,1.3794163089006066,1.130061673386037,0.7514809915585466,0.8791137026271668,1.468665159799759,1.7563035231889323
2024-07-11,0.9717682001724133,1.3828493648238547,1.1528615064450864,0.7606070255049265,0.8899370572533478,1.478364801088472,1.7647455376690637
2024-07-12,0.9744174339362569,1.3926877704507328,1.138964173929947,0.7627075912820025,0.8912775315189952,1.4789693934136645,1.772001548623031
2024-07-15,0.9697705811675976,1.3782675343830881,1.1151038887947915,0.7528933803473954,0.8801095885481921,1.47171343348925,1.765898027027138
2024-07-16,0.9657363547508769,1.370021511943387,1.095794367584121,0.752308669718657,0.892216269025424,1.477747170841459,1.7757163893222632
2024-07-17,0.963337262477551,1.3693069499096375,1.1109461536590133,0.7501447032246581,0.8926838754306665,1.4606422551995946,1.7715898125002099
2024-07-18,0.9631367496356789,1.3661854241994726,1.123646786123149,0.7557188904924446,0.8865516077205372,1.4548883174724514,1.7691600957467721
2024-07-19,0.9557007105000436,1.35877492029926,1.1114722827164603,0.7441016046493645,0.8822215928384309,1.4514809499139085,1.7635727162924366
2024-07-22,0.9528257193990098,1.366652427434864,1.1144672410567147,0.751105554705583,0.8838845144942205,1.4581718044388872,1.7692410443160438
2024-07-23,0.9493382313352164,1.357362166965475,1.110900244991108,0.7462048647929563,0.8759378592793172,1.4642558297475623,1.777149365509338
2024-07-24,0.9547706702573149,1.3581394817329537,1.1104194584603222,0.7429412037824307,0.8811729337659155,1.4495438345120926,1.7678476530500928
2024-07-25,0.9584477614015782,1.3490121803833455,1.1093227133616308,0.7448072092108184,0.8564830620171742,1.443231664983673,1.7537868999288373
2024-07-26,0.9715734751356616,1.3646410689333826,1.121920817519469,0.7548610815173864,0.8646085294224518,1.4768744870657593,1.779054203346668
2024-07-29,0.9641706435712054,1.3584230042758814,1.1320981613808159,0.7553176234624942,0.8733980767132044,1.477565047653786,1.7796824052364426
2024-07-30,0.9624451553661753,1.3561167133705079,1.1316191235359798,0.7579391227790622,0.8782684767397833,1.4884917235115303,1.7889622466934987
2024-07-31,0.9746124870182,1.3777330869646482,1.1349679997464124,0.7640338025581728,0.8850216032423243,1.4984350105685886,1.798633174413854
2024-08-01,0.9723390860958853,1.347116559215335,1.1367164088517538,0.7598875869458946,0.8821345868632934,1.4857239001212312,1.7724303449839345
2024-08-02,0.9552303470571596,1.3155212845068354,1.1610926996280775,0.7435891700532937,0.8696297941986095,1.4446756192823862,1.720826701553149
2024-08-05,0.9443559308388835,1.2791548473273138,1.1189186326978633,0.7255501404015346,0.8451547470044524,1.4119248563510747,1.6883984240672176
2024-08-06,0.9501101745766424,1.2878827937324366,1.114529614517119,0.7254833743969779,0.8323808306355813,1.4273472585792004,1.689756085325005
2024-08-07,0.9517645838540334,1.3134788674334514,1.1270466109201964,0.7352768640197264,0.8404972469605323,1.4552862976305305,1.7096075495352443
2024-08-08,0.9490114253807741,1.3026810787439265,1.119228542579079,0.7302610652821656,0.845645395340687,1.449329910630782,1.711817300280931
2024-08-09,0.9577907804534059,1.307872178659266,1.1256934891137529,0.7331130207377603,0.8473392307156956,1.4607287163420606,1.7138924041157884
2024-08-12,0.9584094630968588,1.322875599883661,1.1269933646087125,0.7321276977802399,0.8481018102211193,1.4694521199970203,1.7304387322943953
2024-08-13,0.9610317490429909,1.3256952750181306,1.1410839340745471,0.7354728124814022,0.8517018079802048,1.4750473617144808,1.7330208487772536
2024-08-14,0.9718161009676757,1.3356009123490293,1.1480742340126178,0.7424998208506084,0.8545276831486843,1.4882442783472987,1.7492158612274304
2024-08-15,0.968435146412388,1.3561401399174604,1.142911651248029,0.7481901141811849,0.8566388426815383,1.5109539910217271,1.774335333233715
2024-08-16,0.953656532326974,1.3497302263092759,1.137127775340377,0.7468740974340291,0.8481701100810113,1.5096272430641884,1.7709796244491534
2024-08-19,0.9638601571415563,1.356192060759504,1.1432161737957693,0.7532981270741992,0.8607449660682345,1.51563700230885,1.7795329344763788
2024-08-20,0.9534014584457511,1.333485094590282,1.1327799498089772,0.7455880222597218,0.854100321928596,1.5016079261599453,1.7654644395255883
2024-08-21,0.9591944893182882,1.335520527589338,1.123008571897811,0.7506004140333444,0.865510387217939,1.5027173813764227,1.769049104163467
2024-08-22,0.9553011293578985,1.3359197858342702,1.12664424749922,0.7523490958135874,0.8624750196226298,1.5070380261252034,1.7754022878846174
2024-08-23,0.9613422542998799,1.339998650640308,1.136284547576943,0.7603333683567995,0.8740185111597398,1.5174733863736494,1.7773672483370941
2024-08-27,0.953937975955779,1.3403157078171186,1.1383085363797727,0.7542314676941496,0.8730025096035128,1.5155577682009196,1.7847135607134823
2024-08-28,0.9433585053738353,1.339060045057643,1.1522760150598266,0.749529695700518,0.8717285301584429,1.512540877721449,1.7900990682813909
2024-08-29,0.9557230965223202,1.342776182766891,1.1479506298290922,0.7470681202708696,0.8742306933116651,1.5191807724128472,1.8086427076186167
2024-08-30,0.950227139778764,1.33742181702409,1.1566919516064227,0.7510455891401034,0.8755869613872476,1.5217033995858438,1.8064441954935089
2024-09-02,0.9537592942437311,1.3378575698238642,1.156137282656904,0.7507555839884875,0.9231991937962162,1.5016510513792625,1.8059523151905084
2024-09-03,0.9452789299155945,1.3147767806435882,1.1623673228726261,0.7449733738579994,0.9003707474935277,1.493677337781483,1.7966252259906323
2024-09-04,0.934535011864697,1.309639194914718,1.1668176126579606,0.7392190428791453,0.8851073945721206,1.491002331305347,1.788245997448671
2024-09-05,0.9538408539729154,1.2898483371111806,1.1863915277649122,0.7427471079180096,0.8895413083048362,1.4897499454616925,1.7834700835831159
2024-09-06,0.9448387794849915,1.2722343136699579,1.1944933592577915,0.7368779088701506,0.8937483515042999,1.461476097516491,1.7656445866036035
2024-09-09,0.9426731090099266,1.284373056703697,1.2048430890176562,0.741724311840247,0.9045456236010218,1.48535946326504,1.787110633159417
2024-09-10,0.9452176914610746,1.2708262315618488,1.202232732661176,0.7429513499816798,0.9059980247298085,1.4780041977618388,1.783467404088918
2024-09-11,0.9427825496129806,1.2741521142763959,1.1982788209843402,0.7364837537064817,0.9085248783814972,1.4818269982861536,1.7723862604024785
2024-09-12,0.9516086621400107,1.2881265751421358,1.1887308805721735,0.7437273353977392,0.9197033621958429,1.4973458583395869,1.7913063626552057
2024-09-13,0.9543396662453277,1.2981652860990385,1.1946950653777781,0.7521635378180257,0.9447890301992082,1.5088769138638247,1.7984490966282738
2024-09-16,0.9509009707447449,1.2996583541218494,1.1960893194475455,0.752750937489625,0.949175274127413,1.5077799534735048,1.7993151756172279
2024-09-17,0.9627992975679902,1.308875391363367,1.2037186961089745,0.7626232791875471,0.9464587015915426,1.514314973697595,1.8009110580485457
2024-09-18,0.9553834181093951,1.3042796379360388,1.1930667107798332,0.7538073825220337,0.9439239132535038,1.5054941015661285,1.786318569859143
2024-09-19,0.9738179863503186,1.3140542457515072,1.1720732814287314,0.7657330464935652,0.9458718992798879,1.5403516318453037,1.8066171368217134
2024-09-20,0.9626913584318474,1.2957250878191457,1.1655714733040747,0.749186869185363,0.9349468906925757,1.5201199519146213,1.787037699323293
2024-09-23,0.9618224397581238,1.299376920534293,1.1704244738241587,0.7536181532142225,0.9447524431097196,1.5229027511350162,1.7956671479476225
2024-09-24,0.9741593998761567,1.3015580740318915,1.1694956598147415,0.7555964174830575,0.9462368692727345,1.5256113620822973,1.7943738638481528
2024-09-25,0.973124538266514,1.2965563341178803,1.1686372666959934,0.755366759764953,0.9471826722960606,1.5238588841818013,1.7903414943412852
2024-09-26,0.9868961565077842,1.2949300402427062,1.1654666301750818,0.766897337430499,0.9401369484376613,1.5368498974066385,1.7917879202488713
2024-09-27,0.9943823170431596,1.3005312565997789,1.1659439774134222,0.7743567114760885,0.9338026286894564,1.5433289110014732,1.7945699836397202
2024-09-30,0.9780952798150672,1.2874392290132577,1.154787087619367,0.7637104409517318,0.9019864289750389,1.5242781197241448,1.771356838521198
2024-10-01,0.9793562352727889,1.2906358008626448,1.1713785681785944,0.7621969887013649,0.9102601915788814,1.5124992663114336,1.7664331910997615
2024-10-02,0.9801701145517113,1.2993788610860928,1.1456541732355539,0.7551479068222996,0.9081718707653333,1.5092458702398175,1.7683950195696356
2024-10-03,0.9826810744327844,1.2983375083420212,1.1375121708213436,0.7522123303688586,0.9014042385924368,1.510351164178016,1.7650258724742534
2024-10-04,0.9815564907662422,1.3042823356371904,1.120456152751204,0.7538404843388458,0.9015004924199322,1.5247613463355802,1.7731041699071834
2024-10-07,0.9776008130562858,1.3059328173009872,1.115119469578696,0.7495909447294937,0.8949175323312909,1.5270573251381199,1.7698724273850197
2024-10-08,0.9614757340214973,1.2814470492427594,1.1089688785040688,0.7382119556918126,0.888417380121254,1.5167925452943998,1.7624124040849685
2024-10-09,0.9658396215433944,1.2900706037748748,1.1154268190091758,0.7463851433604849,0.8972164279784571,1.5289302523428558,1.7854406905399782
2024-10-10,0.9539818166047193,1.2886913390562609,1.1222078059926521,0.7401101893367756,0.9011703583266341,1.526859964404988,1.7840944361305842
2024-10-11,0.9598166179748526,1.2878088971802901,1.1226786606937256,0.7422461336347255,0.9073207812002672,1.5353807732444826,1.7967935001274322
2024-10-14,0.9611656678060513,1.288480496319309,1.1425590895339757,0.741455497979851,0.9109372407012156,1.53808270071332,1.8145381108674128
2024-10-15,0.9607680492428358,1.2694694021798134,1.154824254185957,0.7399363992931095,0.9135122669625935,1.537616902198861,1.8171908310485156
2024-10-16,0.987174493239715,1.2836662358843143,1.180246086852851,0.7525698666555642,0.929414312316581,1.5563648009812334,1.8248359791827338
2024-10-17,0.9813479789812961,1.2955346422699796,1.171883499654276,0.7580931880361772,0.9372242708009416,1.5744958559971762,1.8419146007120515
2024-10-18,0.9853822707899038,1.2888339655398753,1.1666365483321464,0.7564748117311455,0.9326576023507442,1.5739162268325926,1.842749700984388
2024-10-21,0.9800644589019335,1.285490993866921,1.157273416277684,0.745643466318837,0.9307002686156421,1.5645748435014453,1.8173415705876088
2024-10-22,0.9820926324821512,1.284557935122532,1.1480547453125942,0.7436589570969111,0.9400905365704965,1.5628325437161443,1.8146755575139948
2024-10-23,0.9766693607868575,1.274623650469403,1.1503317888817561,0.7402935713704935,0.9306543502373552,1.5510585741452674,1.8016085997760638
2024-10-24,0.9728209565914746,1.2742361875633124,1.1365751241730355,0.7374037520993492,0.933211428233421,1.555711589977921,1.7953710698787557
2024-10-25,0.9750386478643479,1.2744088568208398,1.1310034123577397,0.7350340742425951,0.9110617424760938,1.5463584952902827,1.7953212364018127
2024-10-28,0.9755591382365196,1.283505125773002,1.134341184541317,0.7393102908871478,0.9126177236405522,1.5552568468138797,1.8002037631656345
2024-10-29,0.9722146219026749,1.2610309052530504,1.124425348760774,0.7304022647556694,0.8912523701475636,1.5408504516837247,1.7872130942336524
2024-10-30,0.9605079381303249,1.259508617834129,1.117229800672646,0.729678390854093,0.887918051711163,1.5471764028671053,1.7842780512778795
2024-10-31,0.9281481282402692,1.24884613015891,1.0973415289479613,0.7106811488495568,0.877082973305747,1.5233853073194268,1.7710997009013525
2024-11-01,0.9342564134614121,1.2654094978871353,1.1101343432034567,0.714899915028499,0.8830873597867109,1.5431052323693115,1.7904633215131596
2024-11-04,0.9337096631200458,1.2639619566778764,1.1038505962796903,0.7154060509819895,0.8760465783672,1.5461260245257866,1.7827269988531325
2024-11-05,0.9333572048526526,1.2673273100215992,1.114264717906649,0.7113158082646018,0.8754720333209901,1.559387117015785,1.803102244320967
2024-11-06,0.9253264402218694,1.256615276108742,1.0967233101366332,0.7004032185096138,0.8655818356271844,1.578654474159351,1.8418549605371002
2024-11-07,0.9360924111464914,1.2556401647771207,1.097672954568745,0.7061853157567268,0.853666126008355,1.5726293556278683,1.8359653654602912
2024-11-08,0.9159735091764918,1.2425388486818756,1.1001600022777271,0.700327035245944,0.8535064872579433,1.5664240734924213,1.822278203015142
2024-11-11,0.9116080249815242,1.2451304191577852,1.1158173112622098,0.7041302339564106,0.8510343114242103,1.5943166797441415,1.8464362730968191
2024-11-12,0.8952566564072244,1.2288355531410566,1.095317000942231,0.6952245577558993,0.8375630521301047,1.5710141549139005,1.8423963533759455
2024-11-13,0.8891595826076797,1.2249238362871404,1.0874102461218296,0.6887952658523674,0.836994260341241,1.5809915806039967,1.8363719653574864
2024-11-14,0.8960647953079764,1.2297443999495807,1.107419204421623,0.6992364748194947,0.8400872841293413,1.5772070183585145,1.8480002673277087
2024-11-15,0.8966764207480299,1.224936322430594,1.1020724473467318,0.7010717772735796,0.8505122998193124,1.5787496707266067,1.8370360930861411
2024-11-18,0.9018485822333671,1.2421415516817471,1.1058608617336367,0.700515206983355,0.8574772987326191,1.5864163995692828,1.8431284456069243
2024-11-19,0.9025954982076222,1.2387580916704055,1.107499346499319,0.7017099611416647,0.8640119800953778,1.5749897858888218,1.8401305587154138
2024-11-20,0.8944870895124121,1.2274518595081487,1.1075644801461402,0.6955822673529694,0.8532685502039088,1.573190223590062,1.8441147960633473
2024-11-21,0.8957809638110131,1.2379519483575547,1.1100181418652517,0.6935759291193193,0.8585210785292446,1.5951900006189481,1.8720665183382688
2024-11-22,0.9043987317761953,1.256653314096914,1.1339594497235308,0.7050581335784145,0.8733918136217221,1.6094919623657764,1.8946143064425183
2024-11-25,0.9075051967954736,1.2615851476011897,1.1314188860617809,0.7100309533777828,0.8741976103971651,1.6188794902594545,1.905936695187124
2024-11-26,0.8957011796775748,1.259491867730848,1.123808673461704,0.7054492015146523,0.8790698288747869,1.6093609709781056,1.903979443882126
2024-11-27,0.8936403491879311,1.2630519505770808,1.132633158005897,0.7090317616399785,0.8964395445514306,1.610922406008021,1.9085695677009646
2024-11-28,0.8869181920731636,1.266917620809849,1.1343184305777565,0.7108563926225725,0.898007066219801,1.6222111766557417,1.9116397750414262
2024-11-29,0.8864472401677892,1.2703491062724104,1.1266248136393258,0.7111189731841184,0.8984348773663495,1.6347329686075562,1.8969756524592345
2024-12-02,0.8852383902289409,1.2750329164332612,1.1294047194322805,0.7118334390504167,0.8979322171954756,1.6450466787987195,1.9077095996254883
2024-12-03,0.8849647594681499,1.2867299655331739,1.129105063291092,0.7116215104202191,0.9036017650546684,1.6581900534151701,1.9194080835749334
2024-12-04,0.8919340649315751,1.281195607293347,1.1211334821248884,0.7148009561998506,0.9045988767080253,1.6672034917644671,1.9224968749800733
2024-12-05,0.9038769072719762,1.2770086980624689,1.1223243238755358,0.7123972639048115,0.9072914704110921,1.6727930352832103,1.9254159167249107
2024-12-06,0.8989176426832358,1.2740416071786655,1.1009039057089463,0.712761750572568,0.9060475534108917,1.6669177527693906,1.917481487039987
2024-12-09,0.9075655953866688,1.2877471414332107,1.1074169969957308,0.716258473088211,0.9173992815521531,1.6636979056598433,1.9071468531651403
2024-12-10,0.905461593030522,1.276517640215738,1.092820445531603,0.712909514424897,0.9099619761540115,1.6475673189931603,1.8962819942620444
2024-12-11,0.9042149288596537,1.2744534878001283,1.0773886512634736,0.712961855603814,0.9231400794282413,1.6650696461501135,1.9017851294720345
2024-12-12,0.895265435944844,1.2650667849278259,1.0846864713640971,0.712326685661285,0.9150163010777946,1.664116364256416,1.9076487727182352
2024-12-13,0.8836611603930532,1.25895021159544,1.0855827120255075,0.7111269701722875,0.9138360300243693,1.6664850603892782,1.9112178454961801
2024-12-16,0.8792710364458028,1.2475287021182664,1.0756780000430073,0.7022139303466934,0.9050596624700062,1.670900754590866,1.9050748243632334
2024-12-17,0.872159264941775,1.230535257172926,1.072121840391984,0.696594766111874,0.8991176807526573,1.6560977952904705,1.8853160475441184
2024-12-18,0.8708234978438186,1.2345965853834835,1.065759791367682,0.696518215810776,0.9025012556493218,1.6660528040421902,1.8930782586492736
2024-12-19,0.8617153424388984,1.220325736159784,1.0632574805313946,0.6843360712060964,0.8813313735794969,1.6457234008881876,1.865114726927147
2024-12-20,0.8607697263167964,1.216354106467073,1.0565629495325588,0.6854099524860492,0.8861441007681943,1.641598113905288,1.860355297799367
2024-12-23,0.862337117858881,1.2196187316988716,1.0597018721428317,0.684570009200194,0.8935753277397481,1.6428127173221905,1.8596892037145463
2024-12-24,0.8674672370432631,1.2246118358900804,1.0642204275898024,0.6879327418905347,0.9062117058050564,1.6505257848673105,1.871434935367774
2024-12-27,0.8605759399525161,1.2256241955198317,1.0650951247134826,0.6870784427734998,0.9038935295162952,1.6502952778196593,1.8685495725300028
2024-12-30,0.8619523056752231,1.2208489411424264,1.061509433672625,0.6843477421049904,0.8998526609204858,1.6443666452934247,1.866581420480611
2024-12-31,0.8676416975059004,1.233211856454334,1.065624300428411,0.6937689011214231,0.9001854441950213,1.6476477919630177,1.873521260532435
2025-01-02,0.8764365920727472,1.2490488701276787,1.0739832429873828,0.6928005587710379,0.9256781746469791,1.6666569258577788,1.892588626897073
2025-01-03,0.861239009161321,1.2473378263950605,1.0621266073056632,0.685981428066728,0.9266439306047196,1.658387434614767,1.8843396242350778
2025-01-06,0.864606863867,1.2617092682259528,1.0571954420493808,0.690784296025492,0.9263439503058596,1.663623005158867,1.885340559051915
2025-01-07,0.8554873343054054,1.2588675932963778,1.055472585952141,0.6878449025479836,0.9236684106629867,1.6630509362845094,1.884674701923543
2025-01-08,0.8517776783185976,1.2503162348671395,1.031641726809775,0.6747158100504808,0.9133700375227404,1.6562828354827586,1.8870941783549733
2025-01-09,0.8521609696262145,1.2578675641779817,1.0310932959970294,0.6794889864701346,0.9265630657152482,1.6663792142058036,1.882234924916736
2025-01-10,0.8415274503998144,1.2480130764466637,1.017195471788987,0.6679827780033177,0.9222796054007179,1.6474999378815094,1.8612028550819029
2025-01-13,0.8434231515460473,1.2530783246082982,1.01339208042313,0.6670069983285829,0.9129343516737194,1.6349378562917558,1.8529290264439735
2025-01-14,0.8376723241430885,1.244357925656104,1.0016625386195719,0.6658804717535618,0.9267550976717891,1.6355844768328518,1.8549406749753365
2025-01-15,0.8618019638266433,1.2576309957995155,1.0369216599197393,0.6850553175763626,0.9366786729422945,1.6707696409042534,1.8830634513937945
2025-01-16,0.8562768969676854,1.2654820286954638,1.049022145362462,0.6903229702835271,0.949618922573784,1.6933591578739908,1.9048353687614425
2025-01-17,0.8701447230213186,1.2849203281739945,1.0571236843666894,0.7017622448283332,0.952302002394253,1.7170713757660645,1.9218043714016957
2025-01-20,0.8727383430288249,1.286895154605512,1.0531080342207508,0.7038255328540273,0.956082074328719,1.723557534165812,1.9275346364143056
2025-01-21,0.8688563182422069,1.2843776534656846,1.063136670410296,0.7076508680345052,0.9630895498402197,1.7339138939254477,1.935034013261295
2025-01-22,0.8628715633453264,1.2900733725425326,1.0465978809214198,0.7068595785915334,0.9618926807021128,1.7473644437660634,1.9393262984517108
2025-01-23,0.8607267637403458,1.2904676604302032,1.0528021730827,0.7069423580401373,0.963510424287185,1.7561980971246556,1.941585953020987
2025-01-24,0.8601493603363087,1.2813574954765452,1.0382585791722796,0.7092239662201277,0.9600499247573648,1.7482733339349317,1.9180544638276331
2025-01-27,0.8566994189760432,1.2754539794567537,1.050037388609447,0.7069386296237066,0.975560689264271,1.7268489347413805,1.9131119332777464
2025-01-28,0.8654624633670519,1.2825156037252219,1.0554521377285586,0.7153679109614273,0.9874297894022481,1.7297874373912443,1.9299212055667123
2025-01-29,0.8661810370334102,1.2835026099108526,1.0602591060994553,0.715587789146084,0.9922857141208921,1.7475972857152817,1.9453741902763597
2025-01-30,0.8637086774276553,1.2990275625679564,1.0751366715509538,0.7267970223939714,1.0422471135216724,1.7655004032072705,1.9595343802241458
2025-01-31,0.8614735372558687,1.3015027207176209,1.0798306949495924,0.731440609353511,1.0400466826754902,1.780946508186846,1.9696484664841796
2025-02-03,0.8493490333267554,1.288727370907909,1.074705587037277,0.7208281950499354,1.044214990955739,1.7582104064520623,1.9524896904765356
2025-02-04,0.8514683613980871,1.2844342435578961,1.0666631816301098,0.7200185333586304,1.0514883271004012,1.7644292970523365,1.9511715786960255
2025-02-05,0.8537231568228926,1.2936690359401246,1.088414372758957,0.722655841986588,1.0663007600012697,1.7758819709974731,1.9603456878118708
2025-02-06,0.8597123715797951,1.3168224068321608,1.0709345736594547,0.7304683277936542,1.064981212993324,1.8027042119311814,1.97464679777523
2025-02-07,0.8546480821176402,1.3113936298929934,1.0650854939649401,0.7224047213134358,1.0664166372873451,1.795919608986229,1.969678110071709
2025-02-10,0.8620747434998327,1.3294185302586186,1.0679615358895798,0.7292325104672129,1.089435097284587,1.800214049539872,1.9846486149954616
2025-02-11,0.8469502055822401,1.329203089294254,1.0586426837854799,0.7239134500192468,1.0837593421517622,1.8093169260734092,1.9965400067811863
2025-02-12,0.8523091199833202,1.33365394268155,1.047258848010576,0.7302582488176269,1.0846825659442383,1.8117630903218824,2.00218183255094
2025-02-13,0.8471630148304018,1.3375879916319613,1.053723817570831,0.7379165614227103,1.0666949477643042,1.8134181245310799,2.0038878580280954
2025-02-14,0.8482154502332083,1.3427104064075917,1.0521648156656394,0.7394638649218356,1.0594758457170188,1.8078117137179974,2.0023671422524525
2025-02-17,0.8504250343256272,1.347358839024601,1.0470515387702588,0.7386067686310658,1.045556109270525,1.8247220810380063,2.0215182976840054
2025-02-18,0.8509578840726125,1.3461898800811243,1.0376769098012155,0.7357865315138594,1.0308504282681683,1.8325158264144945,2.010471716589637
2025-02-19,0.8383916553319694,1.3267255275642507,1.0409570099079175,0.7242241353133734,1.021807331113721,1.8196858050532945,1.9979279337370002
2025-02-20,0.841499834536091,1.3174931703773909,1.0380035806393468,0.7234280801535293,1.0237560485202213,1.8080587945439988,1.9876903855976256
2025-02-21,0.8441919149995556,1.3148272522063376,1.0390422246301825,0.7230183950589832,1.0197418805597578,1.8122601520749766,1.9912986944424786
2025-02-24,0.8426397248657582,1.3131728028909797,1.058254202282501,0.7208133382558292,1.0238394423449029,1.798507869898067,1.9929764486973554
2025-02-25,0.8286319016332606,1.3059464577674829,1.0616085892409342,0.7194364671513069,1.0230844811897941,1.801400721060172,1.9973759329292369
2025-02-26,0.837036926363453,1.31381050117216,1.059382154575935,0.7274586409172653,1.035494496562208,1.839367215902904,2.0153331967849466
2025-02-27,0.8223986626864557,1.3069499000736164,1.0472260293961166,0.7194703417841928,1.0224275651659915,1.8918665562545423,2.0064107605315247
2025-02-28,0.8211337923193365,1.3109232019270591,1.0626954515040106,0.7189965886524747,1.029036679340066,1.9158345356293354,2.0101003175849272
2025-03-03,0.8265569510521845,1.3157018247754864,1.0483815480309069,0.7221473220120654,1.044512605445756,1.9385878569081272,2.0347328955576396
2025-03-04,0.8096757565704182,1.28227745143761,1.0651176492533003,0.7108453651637012,1.0443151681507052,1.9001633560734346,2.0016896942946043
2025-03-05,0.8132167075073422,1.2889457382376983,1.0312676167860093,0.7144054295721405,1.0472469176091337,1.9325620928680678,2.0050268597435177
2025-03-06,0.8050010255893966,1.2733344402158726,1.0284056290146957,0.7146379900046701,1.057490427290681,1.9278741305757554,1.9840260032129573
2025-03-07,0.8059850290800554,1.2616885469741088,1.040426394785675,0.7137631965079339,1.0673814797817895,1.9085976327595255,1.9713616934247211
2025-03-10,0.8167822887880517,1.253582443242874,1.0617770185979203,0.709818213560842,1.0630848994615358,1.8491509519407783,1.9498841782588352
2025-03-11,0.8143784852162433,1.2375243184784042,1.0621995915542572,0.7013351525317476,1.0610803797437287,1.834650000568017,1.9278165986050204
2025-03-12,0.8016285738566716,1.2462821931588193,1.0532973276753215,0.6994245373482967,1.0737905918900947,1.8635908843706737,1.9381627849009189
2025-03-13,0.792794530626069,1.2462396120418442,1.054741773206161,0.6929672113304262,1.0863200884772488,1.8517250064099926,1.9242400618270605
2025-03-14,0.8037464519545635,1.2670603290913847,1.0657300853668124,0.6991718146826301,1.1040543946364338,1.8831276962985257,1.9424656241566782
2025-03-17,0.8149104638133636,1.271636478165314,1.0691446496987216,0.7047865986088112,1.1161647727567334,1.889078276183311,1.937561651783906
2025-03-18,0.8211021644783241,1.277547620997752,1.065870322152945,0.7064880273117431,1.1283463257331285,1.9110632511775487,1.9491355321955597
2025-03-19,0.8241415536320128,1.2818820807952418,1.0597768664082703,0.7048521130175476,1.1249387626761547,1.9181116171922137,1.9468062192558
2025-03-20,0.8234061893991265,1.28683270911876,1.0784826213885506,0.7070430364520605,1.1300539774414236,1.8938801614957002,1.9416792391091564
2025-03-21,0.8086261321846054,1.2731233115595493,1.0700229560706755,0.6994288925008081,1.1176042780434874,1.8794939982380496,1.9324934261290792
2025-03-24,0.8107551470837687,1.26757139849709,1.0567767762227143,0.6995505016446757,1.127868616746708,1.8913058649054968,1.940428272254788
2025-03-25,0.8135570296171085,1.2690651871846057,1.0558659697680302,0.6964865273449161,1.1439303376745205,1.909822608986621,1.94826801479668
2025-03-26,0.8118369622258893,1.2729310863345895,1.0653760199179936,0.6966857169104504,1.1443707784905723,1.9084438716137904,1.9541887066873238
2025-03-27,0.8023610188393677,1.2659113938933706,1.0618748641578408,0.6897256611738362,1.1447409307179863,1.8984921909389072,1.9572806519701618
2025-03-28,0.7973105343337199,1.2582087699367164,1.0886212962243111,0.6915087203682085,1.1450114921158354,1.8721738924611864,1.9559658993939708
2025-03-31,0.7832202808008181,1.2434227350477691,1.087104782974286,0.6804118144128402,1.1503891510624062,1.8374527715446625,1.9408935842907278
2025-04-01,0.7910234251507245,1.2498425994865279,1.090753629055507,0.683642414867513,1.1617916298406663,1.862144393426895,1.9560939431177276
2025-04-02,0.7871202196642049,1.2461040134794317,1.0846405895461217,0.6805903454492139,1.15292067528283,1.8558632863392577,1.9593020397292562
2025-04-03,0.7846210753357633,1.2134943036372865,1.132805849011571,0.6666287593130243,1.15011186190076,1.8058526868029843,1.9428276018300543
2025-04-04,0.7637095020522519,1.1450919393681283,1.1042357770901963,0.6339515664890228,1.0682334461173861,1.6876707209657111,1.8592280833609798
2025-04-07,0.751285911254551,1.0912932943708165,1.0442018026290107,0.6073010727303874,1.0423466261031138,1.6261976631168045,1.782962114558048
2025-04-08,0.7640641987854688,1.1142921898181246,1.0626024580459972,0.6221310667456312,1.0808121013350769,1.689488558689564,1.8445929644034689
2025-04-09,0.7505426422311888,1.0769485661474,1.0347327906708093,0.6031422855898261,1.0834740531790652,1.6493809041867122,1.8109185469027855
2025-04-10,0.7734123289818292,1.1075487127778754,1.0594042379636872,0.628456686047563,1.1176020119518753,1.7157218571275097,1.879764496244038
2025-04-11,0.7806453017862274,1.1122299881040887,1.0756674715949033,0.6323123225282322,1.148942439072141,1.7193309793412879,1.8877900931253322
2025-04-14,0.7889585776484864,1.1440719052224149,1.0924370653655127,0.6476646150568357,1.1738134077073892,1.764681529624468,1.9287598440853913
2025-04-15,0.7971011407451488,1.1574824324250086,1.1169975967957655,0.6586635384814753,1.1971141019665645,1.8066374538799637,1.9680878843178662
2025-04-16,0.7981352262244193,1.16233162387241,1.130406601051988,0.6610469368986925,1.2066803810271252,1.8041132739882473,1.9495610646271464
2025-04-17,0.8062587942180558,1.160025094169075,1.13137890850742,0.6656795171254095,1.1961866620602497,1.7982564575549964,1.9501739876164672
2025-04-22,0.8116432954227294,1.160905842110255,1.1402926750899198,0.6665717152755312,1.2008322976043835,1.8091556749169635,1.9609610734097842
2025-04-23,0.8227499836842749,1.1671792764519564,1.1215194052340531,0.6730145237577584,1.1802178726188057,1.8521567426714993,1.973297235323969
2025-04-24,0.8214905250855042,1.1711469136798685,1.1322120005900136,0.6726737922988489,1.1875192574094253,1.8574217521978311,1.9714751901700294
2025-04-25,0.8204784634470408,1.1804171880104044,1.129450059823677,0.676296733910062,1.1774191257107582,1.8793062382384458,1.9739006733056577
2025-04-28,0.822430573822627,1.187437936631107,1.1354815348816252,0.6790414812861444,1.1819178817589744,1.8744576264959756,1.9717464303578647
2025-04-29,0.8260432021796961,1.1817118405323337,1.148268977144741,0.6828951949736903,1.1926887658704004,1.8813045645593902,1.9897873019833727
2025-04-30,0.8312074171328819,1.178125128163851,1.1680374011052481,0.6836708944569343,1.209920432300079,1.8885494724487382,2.0080897356025695
2025-05-01,0.8487192593409197,1.1788903650143914,1.1645497010403403,0.6953830211128736,1.2071036427131512,1.8968751261808592,2.0208862501820417
2025-05-02,0.8527101913976356,1.192641044022816,1.152217141478906,0.7001518703116714,1.2210626419964568,1.9251789117956557,2.034996970752298
2025-05-06,0.8572918713328375,1.1883325245794394,1.1635667892682773,0.7015876746817704,1.2425137071361263,1.9304565178648205,2.0422026933905637
2025-05-07,0.8603791228509438,1.1843411036901828,1.151951240146494,0.6985581841064773,1.2328660327732985,1.9237273440274765,2.038728835547596
2025-05-08,0.8620003586771471,1.1887163444178943,1.12918852892868,0.7013900035896822,1.1857445388091215,1.9517966605591364,2.028093937095306
2025-05-09,0.8639700961832751,1.2040099055496336,1.133977982249911,0.7052890774062722,1.1993227982758186,1.9520555713135819,2.02813677564766
2025-05-12,0.8718906435351718,1.2168254247079693,1.1195858578285505,0.713766034136003,1.1906227351368264,1.9634643530202347,2.0323764817500023
2025-05-13,0.8769639865717002,1.2204940204180912,1.0980817526761306,0.7154845237815566,1.1914578533315485,1.9834061527044353,2.0385882846750403
2025-05-14,0.8718069591395307,1.2154001020466931,1.1052224445326446,0.7192797389254919,1.2027284846478588,1.9861420574536905,2.0390718564467267
2025-05-15,0.8739056596562461,1.2111619996992733,1.125624649930702,0.7234062686013999,1.2178631974989471,2.008536800327396,2.0265161880086864
2025-05-16,0.8742891957383986,1.2149711726221808,1.1443103963497714,0.725036149959064,1.2277566538048101,2.0151192407847525,2.038909028033899
2025-05-19,0.8733222453704887,1.2120388850041424,1.151560229442709,0.7241506407673476,1.242698264123775,2.027270967984764,2.0489065217096556
2025-05-20,0.8851728377433498,1.2235121964896598,1.1675273763713954,0.7305225192977686,1.2556672618144424,2.0456057183357,2.075810641560655
2025-05-21,0.8792323850785729,1.2195744215146949,1.1739528581721612,0.7239775949505025,1.273575932520441,2.0528284324677717,2.0811605541234437
2025-05-22,0.8602308332328983,1.2100774593966293,1.1676284483540804,0.7118134888128722,1.2732050836549382,2.0546521708556944,2.093108474171443
2025-05-23,0.8625438135122266,1.2065989155871195,1.1694477966374097,0.7081250161388021,1.2814074331019065,2.0455222169840104,2.085518572767577
2025-05-27,0.865088452377047,1.224107765642999,1.1734298588350884,0.7173963189854381,1.2730255529183299,2.0698378274942644,2.0983900980144834
2025-05-28,0.8589419513144719,1.2219493345650638,1.1659092336560206,0.7145440541254805,1.274402329153483,2.059850188039345,2.0832863656761447
2025-05-29,0.8625981390808422,1.2221286280717139,1.1527446759649893,0.7188310035769944,1.2769670298887736,2.0606774835825354,2.072335420219882
2025-05-30,0.8653580052378542,1.2329856235875687,1.1743993913986883,0.7198731733643661,1.2725361867317975,2.0702324170387634,2.0810853695643186
2025-06-02,0.8600769374192119,1.231087638882711,1.179447248991987,0.7213324614790309,1.2991433361772942,2.0907879137473158,2.0803912123401735
2025-06-03,0.8555681319153275,1.2337903286122833,1.1614026830933153,0.7181757607784718,1.3159714622976348,2.0994780002436304,2.0925567185332907
2025-06-04,0.8559088256913526,1.2355503499198506,1.1603254757646677,0.7215177398175188,1.3231442378195515,2.1098990050544306,2.0991776700153006
2025-06-05,0.8529879331121825,1.236410208638889,1.161724245524014,0.7218573999013956,1.3364272032130204,2.1124516480458335,2.1022244372259653
2025-06-06,0.8534758260403996,1.2377058771022347,1.163359116653745,0.7206375344842427,1.3253050808228914,2.116088899921624,2.1086436245394067
2025-06-09,0.8574099433522813,1.2423524109063928,1.1623854556448305,0.7234448316700572,1.3309391696888042,2.118219411280463,2.1051354226431203
2025-06-10,0.8681348307225137,1.2563208325570736,1.1734733128284718,0.7317251519648335,1.314947795902437,2.1003201873585366,2.1015082399121883
2025-06-11,0.8670505003270187,1.2576415676679482,1.1823587328141958,0.7298446312682965,1.3345481302218745,2.1129279578107285,2.0997919590348637
2025-06-12,0.8596267055579121,1.2617462852519965,1.1931043484961552,0.7282654253020375,1.3476777617408158,2.107648370899703,2.095712861856687
2025-06-13,0.8500461254077195,1.2606078442677104,1.1848040272275013,0.7196364031255418,1.3530088926302066,2.0932361006319566,2.0876009982471087
2025-06-16,0.8553118746713976,1.2639641802991401,1.1779255269274667,0.7251718255436287,1.3477504268820368,2.116326698624876,2.098002475239873
2025-06-17,0.8432362889441475,1.2643985470463155,1.1738293454514472,0.7217251735465156,1.346293193462612,2.101620661193184,2.088418349183763
2025-06-18,0.8403525334786973,1.2668379314206237,1.172296486760029,0.722545344101694,1.3538435270478972,2.113755441660202,2.0941509955276967
2025-06-19,0.8301383325745285,1.2721094183228108,1.1664672500059554,0.7151686423306776,1.3333466544332337,2.090367080429104,2.077722270198099
2025-06-20,0.8081269805966812,1.2722671002161248,1.1543818657266405,0.7170347165899696,1.3268969601291754,2.0955133190563013,2.0792991624013784
2025-06-23,0.8107954151694424,1.2639352470438396,1.1724044877939672,0.7134090158367944,1.3393199918374648,2.0819278422254404,2.075556488611994
2025-06-24,0.8177161646909946,1.2497001768274965,1.1784844856352827,0.7227802874248268,1.3337870657632231,2.1109507872404842,2.081417876621463
2025-06-25,0.8062289655727817,1.2433506831805292,1.168038437038592,0.7205627886979805,1.3401595532955735,2.132283658392312,2.0771807133372118
2025-06-26,0.8204667625454611,1.2558251786236518,1.1726587985079515,0.7311155227686983,1.3473637572965977,2.146596850100731,2.0892006155915226
2025-06-27,0.8299059295331186,1.2636350088375368,1.169778600495207,0.7396215636179677,1.3324563126030549,2.1701786716222506,2.1010835802880976
2025-06-30,0.8236911258233399,1.2493215503431316,1.166269853752162,0.7347007392321045,1.3482941156328452,2.1755186124906163,2.0956255492914355
2025-07-01,0.8385908954045901,1.2606620728480578,1.1811112755215383,0.7405928392148388,1.3474839354755894,2.1513786656115563,2.086367739191461
2025-07-02,0.8221748116061115,1.2681470638989645,1.1507261542220277,0.7327677967281305,1.3351006271755883,2.124840866341743,2.066797435753178
2025-07-03,0.8262856317924178,1.272896231350613,1.159041236200973,0.7376044119958943,1.35982260744376,2.1586347534387818,2.0907369523034385
2025-07-04,0.8184250074933613,1.2703324267981038,1.1609885394385682,0.7324516768599741,1.356497058633763,2.1525639046771072,2.087400004895552
2025-07-07,0.8169564413368496,1.257156380082046,1.1517989443607746,0.7304201465188563,1.3661219191905822,2.1708646841060766,2.0891436428116164
2025-07-08,0.8247270049233236,1.270443425050127,1.150077776242832,0.7304555519682088,1.3633196238013743,2.1715537396130142,2.092560801981887
2025-07-09,0.8289764304357243,1.271379412415743,1.156434140147758,0.7310089837590676,1.3702263783240647,2.1837241924632447,2.0911391397927344
2025-07-10,0.8531321946017111,1.2848092667138862,1.1507665442653672,0.7371998896631494,1.3805324378993054,2.1911305456142376,2.1032161612058453
2025-07-11,0.8461219279435294,1.2862014374813582,1.1407282808729167,0.7306970004896458,1.3999849763703287,2.1918380620653597,2.098964084245649
2025-07-14,0.846264285993874,1.284031922229367,1.1563719827800116,0.732673071198943,1.4191331386772252,2.2121193644096646,2.1139679337988007
2025-07-15,0.8406206610100849,1.279827041363715,1.1494162491210789,0.726063791276737,1.3872880835570143,2.201520141893281,2.1006703603718884
2025-07-16,0.8375612092726041,1.279741378980407,1.1556024931985502,0.7221396189019982,1.3946348649753122,2.1982439397751175,2.105993688057299
2025-07-17,0.850637125704847,1.2884975236279863,1.151733311648742,0.7273415537508625,1.3948784385076656,2.2276038038276886,2.1238259492221703
2025-07-18,0.8614403506571128,1.297105049899404,1.156879316944892,0.7340659591147236,1.3928581436406469,2.227017429028475,2.1326457832975567
2025-07-21,0.8707019416322668,1.3024831067975124,1.1735431416627509,0.739024112427517,1.4030329472535885,2.2337578380966114,2.1389346536838367
2025-07-22,0.8802552195313208,1.3019573500597792,1.1932844134539904,0.7387575813317669,1.402657553785384,2.2098441540736955,2.1388332600130475
2025-07-23,0.8818144380119838,1.3141507576078213,1.17226907362614,0.7409056166390651,1.3918767601138118,2.2112713492587757,2.1415167227658016
2025-07-24,0.8838720820264725,1.3432319317233161,1.1603654446878031,0.7461571855639066,1.4302207688888091,2.2240918568354697,2.1513495862031444
2025-07-25,0.8803095964191954,1.3428016519460897,1.1594542379373685,0.7442473276869966,1.4165050037773474,2.2246775247357102,2.1477022731452027
2025-07-28,0.8736355503482885,1.335959800941705,1.1522061881132952,0.7405648695281889,1.4210691704366762,2.209004739480954,2.1327844585674818
2025-07-29,0.8641312991919193,1.3349859235816075,1.14977702144483,0.7330003297396721,1.4355300350122067,2.2380287192564676,2.1436070815002544
2025-07-30,0.8630141182051766,1.3391190485115096,1.1644735246752709,0.7310173947822475,1.448963219271354,2.2343098728900226,2.1402048251763994
2025-07-31,0.8497543686790662,1.3379909975532047,1.1619471669593686,0.7341058664184019,1.4619501020213874,2.2753485319711433,2.1480896051658043
2025-08-01,0.8429781092252383,1.3294932261264791,1.1663328501675385,0.7218926588225458,1.4774994923308569,2.2432547811557586,2.1336001824778794
2025-08-04,0.8423638810335609,1.3367319719395179,1.1730902164109416,0.726311859026054,1.500887103983872,2.2776411913582617,2.1430285663972253
2025-08-05,0.8438426171264344,1.348501215464398,1.174646014628403,0.7351430166281179,1.5086683026431826,2.267735209513118,2.1357842465322436
2025-08-06,0.851141428158475,1.3505853842475155,1.1720668387534716,0.7399530874185299,1.5498039018994096,2.270841942096064,2.135808634611862
2025-08-07,0.8518687920101708,1.3361613343408796,1.157666428736487,0.7378238267642698,1.5434688018762504,2.251637744863032,2.132439843336384
2025-08-08,0.8593620227461717,1.3406671925932636,1.1492470669949073,0.7376532395166705,1.5303045401268187,2.2575544301023864,2.1221794662126108
2025-08-11,0.858013990929774,1.3431943765881915,1.1482813735980653,0.734750349172812,1.557265351395397,2.2725483974481615,2.125146072542256
2025-08-12,0.8669564749921065,1.3534542245751295,1.1314448124326184,0.7360811668489022,1.5708319207906993,2.2862837578958297,2.1248825032768024
2025-08-13,0.8751701269068425,1.3579488203668477,1.1400498599431708,0.7351725903131199,1.5593364812461716,2.2819155005206526,2.111018898301351
2025-08-14,0.8639715969899552,1.3621056386750436,1.1500396189336894,0.7334459794856594,1.5617932294268015,2.3016977870708506,2.114570934126774
2025-08-15,0.8659124627591436,1.364943346967143,1.1487049463233947,0.7320469812005762,1.5478976519187118,2.2732375104955653,2.1006903355100737
2025-08-18,0.8545156695896532,1.361427707773991,1.146690414081291,0.7292280570421058,1.555538508095235,2.2902949558273593,2.1045368417795536
2025-08-19,0.8618327069319941,1.3669930761374678,1.1435559685595318,0.7386725470806087,1.5326458593360666,2.277848167276368,2.1079635300702533
2025-08-20,0.8612298488572344,1.3731039729903758,1.1686808025075168,0.7441171033766182,1.5460481210321046,2.2741120525508842,2.1282521853839134
2025-08-21,0.8653958516437316,1.3757203845011565,1.1741980284069302,0.7389792486956743,1.5603274933603652,2.2856969424854796,2.122083959513544
2025-08-22,0.8818085366155776,1.38173170994312,1.1673386473968324,0.7470969254256169,1.5674255502752144,2.300064642146788,2.1280065078603356
2025-08-26,0.8659573188234311,1.374283995890312,1.1619757078768302,0.7382320304104266,1.565249686741621,2.3009736689632003,2.1160196733087844
2025-08-27,0.8711089232563927,1.37304544716652,1.1661512959022375,0.7379493876904464,1.5807474847673293,2.2872756615539283,2.1118131965742775
2025-08-28,0.8716885168709568,1.3715503906248159,1.1533062403930934,0.7372751314235673,1.561039963828156,2.278694240999542,2.1013260575743478
2025-08-29,0.8646153329631957,1.370310766208458,1.146725223321886,0.7319586978999546,1.573516097776242,2.2642341918630957,2.0920554137095144
2025-09-01,0.8603805458627306,1.367604096935966,1.1237591737890804,0.7292057539174011,1.584202029369461,2.285785261347529,2.0914229322489724
2025-09-02,0.837973553684526,1.3581490109349532,1.1018504874494583,0.7120380270847511,1.5776429393309457,2.244828380727482,2.0585222810665176
2025-09-03,0.8458235279949151,1.3603640871776024,1.109912040836919,0.7175004958147746,1.6003078491210334,2.2646397223105494,2.0657840737431674
2025-09-04,0.8511094494753947,1.3598634256508084,1.1154373698687838,0.7189884276636248,1.623632517060755,2.2766891476755458,2.0865111184971914
2025-09-05,0.8684120619112677,1.3522190702806562,1.1298344598756154,0.7234493925963267,1.6339556561627504,2.281673897656829,2.091228268323756
2025-09-08,0.8737403848865976,1.3558134777244661,1.126526083484701,0.72499693214764,1.628794598389718,2.3028293885347506,2.107721509312962
2025-09-09,0.8651685777090189,1.3593458717116256,1.1270283708281539,0.7255129001722302,1.648724898941629,2.305312132543667,2.11476845371137
2025-09-10,0.856763939336688,1.3423622655452574,1.130840163521277,0.7238902486281144,1.6530675870792504,2.3065607146241556,2.107322276304183
2025-09-11,0.8615458602522548,1.3495488866209597,1.136885554339094,0.725362202407584,1.6664208430108225,2.3327161319654994,2.1277351406521077
2025-09-12,0.8610776699860875,1.3480622402318543,1.1465901158076979,0.7213843301679028,1.6606761510080268,2.342016973299357,2.1333882903051578
2025-09-15,0.8646552092868874,1.341020845369705,1.1457244635147004,0.7249272038922727,1.6566643934201806,2.362263844563455,2.147690932583062
2025-09-16,0.8678168779970026,1.3373769292260917,1.131950378945604,0.7205024147849639,1.6587315630285828,2.3338271715019556,2.123801033370592
2025-09-17,0.8688902371851489,1.339409839358838,1.138577411613086,0.7252442777081682,1.6498789586518943,2.334719350400676,2.1401577327302
2025-09-18,0.8689790076484994,1.34357357040313,1.1319960871228825,0.7299033811103627,1.6420876969407778,2.349954543090663,2.1548120203503522
2025-09-19,0.8680195133263208,1.3413244022431723,1.1360932417900027,0.727241140672362,1.6513120557628074,2.355243874104079,2.137218575418518
2025-09-22,0.8679260852791527,1.3457488152965373,1.1420269866562625,0.7262171108760515,1.6842077753717313,2.359198810443661,2.136411355126562
2025-09-23,0.8740614355795221,1.3471670168254881,1.138126858247086,0.7344339403793915,1.671777942191116,2.366274478465003,2.1402095274426207
2025-09-24,0.8819689738368157,1.3504145461398047,1.1427805411371605,0.736340458829053,1.6709351279454103,2.3802515283500294,2.143834974448124
2025-09-25,0.8850318330560745,1.3441143496295198,1.1361520218082382,0.7317869069890229,1.669021422151975,2.3670864367565123,2.1333308173859584
2025-09-26,0.8890014502029885,1.3511878285650862,1.1434087800299075,0.7365081730297214,1.6851134823730387,2.3980367458919356,2.147185977086938
2025-09-29,0.9034101269392938,1.3519879607271656,1.1493241739758315,0.7437237230679846,1.689237556086033,2.398082949770255,2.1585227454210023
2025-09-30,0.9033720921614422,1.3540212510820095,1.1712903123718295,0.7482289856733751,1.7318136386661922,2.423410266677427,2.1764257107918326
2025-10-01,0.9055568274187554,1.3755681245172156,1.1920819429668588,0.7544656936682755,1.731575837818664,2.4083306367116752,2.17441684985416
2025-10-02,0.9094068961533432,1.3726743436340672,1.1807054245740967,0.7566586871540643,1.7034568519596138,2.412568573091637,2.1741738075263313
2025-10-03,0.9176329278559283,1.3826160931019467,1.1838630171990512,0.7633631039198865,1.6988139471649082,2.4241355459156546,2.1906481549888848
2025-10-06,0.919641403164786,1.3895129229768497,1.186266320373188,0.7586057109400608,1.7098747100989147,2.412109190821123,2.1864515678550767
2025-10-07,0.914599544016338,1.3918612874355034,1.1916199648622228,0.7551218069713733,1.7011819507098103,2.3995840264705723,2.1927971906976422
2025-10-08,0.9172774640609296,1.3870264964783348,1.1922295377629715,0.7561822782414536,1.714449982713937,2.4274665882064634,2.2122469439627337
2025-10-09,0.9179423909191925,1.39276000112042,1.2058843148255096,0.754797210292432,1.709748040112667,2.418415170394979,2.2018498445206784
2025-10-10,0.9121322458352474,1.371088060699062,1.2092038463529753,0.74732605843457,1.6886412220501685,2.3938369092143614,2.188529020442803
2025-10-13,0.9253563505723458,1.3732421533005352,1.207733646463677,0.7559815858316559,1.7348525289445356,2.3962791208234497,2.196323244652585
2025-10-14,0.9318021208988535,1.367407885404069,1.2131340807671964,0.7536828943667444,1.7316242232965977,2.393796514744974,2.1922710151030524
2025-10-15,0.9303558496796748,1.3662219671706126,1.2227933495167167,0.7566979292004083,1.7316068502959432,2.384777227816235,2.1731008740840494
2025-10-16,0.8967401322441712,1.3596000763131546,1.2307089267206421,0.7587576654861518,1.7311352496867776,2.400330939513032,2.1759420549013173
2025-10-17,0.8890501041706423,1.3497628693971147,1.2338672583426948,0.7518132502536093,1.6762666834657847,2.3480751108899565,2.1526061799302796
2025-10-20,0.8982623828916091,1.353088636571061,1.230751419602791,0.7555255371882063,1.6962116748521363,2.3729329564575568,2.1634889974763714
2025-10-21,0.9105668954668561,1.3610827128360916,1.242805821435955,0.7600212629124365,1.6203035758875834,2.37858523661445,2.179784972109094
2025-10-22,0.9381341262677353,1.3759932453278287,1.259088941915366,0.7745147400232673,1.619098995229411,2.3866385362115072,2.2029855466018446
2025-10-23,0.9409240018427306,1.3916112660084001,1.255078625298412,0.7779013681571478,1.657491446165682,2.4066559366055507,2.2107621590510935
2025-10-24,0.9439701506471957,1.3967970098781306,1.25562102198829,0.7836955685878605,1.6601462144907753,2.43920817717899,2.227139072607849
2025-10-27,0.9413988586402037,1.395448155995718,1.2529958977376128,0.782712411096915,1.6417498085868463,2.465636573054356,2.2257079028393014
2025-10-28,0.9342637747075827,1.3899642229207578,1.2537133783884549,0.7813159028598798,1.7525939970995865,2.4807957239038654,2.230743701466863
2025-10-29,0.9364308621933599,1.4014591780237138,1.266583721457268,0.7796480859223555,1.764168351813116,2.4938600246098854,2.227548089454658
2025-10-30,0.9243982707599194,1.4019752085082697,1.2742849180022007,0.7737230819935538,1.7813008889488031,2.502419692668148,2.234958990564416
2025-10-31,0.9156823517771951,1.3943614707758962,1.2687353463013473,0.7690050952718425,1.7803080193508567,2.4971851224359,2.225275691350031
2025-11-03,0.9031194832535278,1.390700437614087,1.2565120058044312,0.7644069871955594,1.828317782461776,2.5035653589977533,2.215620692511684
2025-11-04,0.8889417284636102,1.383416765645529,1.2664625929816224,0.7633414030192118,1.8280043811987106,2.48678356481948,2.2090027174526434
2025-11-05,0.8970617836507744,1.3952796773827474,1.2757779456947642,0.7668984998751425,1.8334037605280968,2.497298915049451,2.222186427856285
2025-11-06,0.8912943975449634,1.3897462385880972,1.2797263588481187,0.7576414447527683,1.8385277672477944,2.4879473918606596,2.1918134277848105
2025-11-07,0.8858003195736032,1.385921513586978,1.274066383899451,0.755253304543861,1.8101292903394508,2.4602203028090064,2.173891489687154
2025-11-10,0.8969889061487964,1.3953134896468868,1.2801048763752876,0.7641350731755036,1.8495735474144943,2.4989695004106554,2.1996268624978956
2025-11-11,0.9090901572460671,1.4167044144754952,1.290226955460307,0.7726681492201045,1.865165682670235,2.5047507460385834,2.2010387979738897
2025-11-12,0.9050596221807887,1.4160697867808578,1.3336189576275967,0.772923032906762,1.8973900090335345,2.518063499299541,2.1870544897105777
2025-11-13,0.898637682342953,1.4020866232513165,1.3265568540912294,0.769463410711478,1.9062540325418182,2.485999805284138,2.1547840163064143
2025-11-14,0.8925357607659589,1.3901915142025374,1.3103106947550072,0.7567903011135755,1.8760377783923616,2.4490349511642897,2.1283749288337983
2025-11-17,0.8845226402978382,1.390125861889807,1.317480023584782,0.7482568798393499,1.8696498065068288,2.429605592138796,2.1148476548848767
2025-11-18,0.8742131441051334,1.377870073622568,1.3068023381892797,0.7392837030499894,1.8450706569372664,2.3891626577282707,2.0995631231127643
2025-11-19,0.870438709831785,1.3755896723105252,1.2902371850792906,0.7377506723925535,1.8521173024237485,2.3727458871728406,2.0881180599912637
2025-11-20,0.8654955761142356,1.3804534284991805,1.2891255176802416,0.7337920420680115,1.8669431578479376,2.399715864358667,2.1037563475902314
2025-11-21,0.8757075431954777,1.3672916687060306,1.3001587661846434,0.7346072239885297,1.8597245935837912,2.377113309928486,2.1087025611134615
2025-11-24,0.8804140688800343,1.3714324600372556,1.2950221394397061,0.7376227991311709,1.8702509156730869,2.3876190908904946,2.1071364322223287
2025-11-25,0.8914851450962628,1.3802680612959315,1.3022053306387602,0.7473663407194119,1.9277109286262621,2.41512994980999,2.106668253077105
2025-11-26,0.8868848358390086,1.3923265302068222,1.3199812254029895,0.758302666448171,1.9612369668801886,2.456564024256441,2.124050519936193
2025-11-27,0.8820683868833541,1.391495965404434,1.3220238211868858,0.7615432944831233,1.9507086018287894,2.4683256470069392,2.131862769200292
2025-11-28,0.8483041766990471,1.3968688399202067,1.319816620542862,0.7613161365378988,1.9651531951967744,2.4734931120183923,2.135878109094953
2025-12-01,0.8448870326258372,1.3906805444840014,1.3207391574312388,0.7594237482299968,2.0034847355885383,2.453428786528457,2.1245458655388414
2025-12-02,0.8270104584445149,1.3849857178624085,1.326467631546549,0.7608604024677257,1.9907164233192205,2.4680981988654453,2.126386989358933
2025-12-03,0.8344570015307523,1.3902079582652502,1.3256697116248783,0.7628894098399668,1.9862579923851829,2.4714722535226765,2.1168217971348695
2025-12-04,0.8399576312103285,1.3963389862799451,1.3194655009302634,0.7639603501350839,1.9732083716554711,2.4946942111726047,2.1371299669853117
2025-12-05,0.8401206941083377,1.391004902920499,1.3040000027680516,0.7642756570475365,1.9593841378656123,2.4814000318591733,2.133067480333204
2025-12-08,0.8278026643145711,1.3819146975566299,1.3009452154985688,0.756683242340833,1.9557687745916355,2.497104348323255,2.1314432568298147
2025-12-09,0.828137954990745,1.3797804647111307,1.2920193301847462,0.7540369905823757,1.9775315877511357,2.499523349896027,2.130683262220216
2025-12-10,0.8378131598055184,1.3718491601521992,1.2783166174541054,0.7505666743063052,1.9742191880610505,2.5032828712505886,2.129613383614849
2025-12-11,0.856536630863567,1.371125687660102,1.2785302921537107,0.7546511249414158,1.995060072284439,2.5167346973998757,2.1293512155105456
2025-12-12,0.8436626887339705,1.366639261838107,1.2830822798058095,0.7497222217316198,1.983282151952381,2.50719392327118,2.1224323590122247
2025-12-15,0.8534491146941066,1.3773612978621184,1.2894729310561976,0.7552122075060047,2.014655198051731,2.5464766502218077,2.1470020517797734
2025-12-16,0.8592160274022554,1.3605588628873333,1.284877363845323,0.7587941235328062,2.02891872125864,2.534166669684368,2.136345667089168
2025-12-17,0.8741040596094517,1.3675553230168915,1.3083815393236857,0.7642669737520102,2.0343157528252713,2.54375078984046,2.1468274774298144
2025-12-18,0.8954001972792668,1.376720857066687,1.2998640155520864,0.7709702974297066,2.0702142206452465,2.5827911637046967,2.1572420838439186
2025-12-19,0.8890219589922733,1.3866409751976896,1.3033154721833735,0.7714908919085036,2.0975623071861755,2.6073305866132466,2.161810986603895
2025-12-22,0.8947372895092292,1.385021723633055,1.2921547082857574,0.7686435526474527,2.1322873112957055,2.6010583651185324,2.1516665004043602
2025-12-23,0.8975816084345186,1.3884428174376369,1.2969723662481576,0.7702837242942797,2.1403235505803204,2.6081082299136322,2.146886059850625
2025-12-24,0.8967046979843224,1.3872352467682008,1.2950352375691883,0.7717266699737393,2.127885951565049,2.5996643127489025,2.1436101415346123
2025-12-29,0.8946442710490904,1.3890290419821978,1.305196405307241,0.7739983487082683,2.136642062539785,2.583289113161017,2.1439514086116
2025-12-30,0.9021486754285358,1.4017885209191066,1.3170169710617672,0.7807143646191723,2.209310681497313,2.612274081004083,2.15730747341531
2025-12-31,0.8983628102923973,1.401069092484265,1.309176330213155,0.7792369244521483,2.1965398652388397,2.6066742944409347,2.154610355883102
