Ticker,SHEL.L,SHEL.L,SHEL.L,SHEL.L,SHEL.L,ULVR.L,ULVR.L,ULVR.L,ULVR.L,ULVR.L,BP.L,BP.L,BP.L,BP.L,BP.L,HSBA.L,HSBA.L,HSBA.L,HSBA.L,HSBA.L,AZN.L,AZN.L,AZN.L,AZN.L,AZN.L
Price,Open,High,Low,Close,Volume,Open,High,Low,Close,Volume,Open,High,Low,Close,Volume,Open,High,Low,Close,Volume,Open,High,Low,Close,Volume
Date,,,,,,,,,,,,,,,,,,,,,,,,,
2021-01-04,1313.9876158123602,1349.1123866218732,1292.4336518328564,1299.418701171875,6288131,4746.202809638061,4823.0472023837,4724.857144986495,4761.14453125,6080704,256.6500856904295,267.0417291462634,252.112457381007,253.80783081054688,68541911.0,381.2447448747359,385.28144177114416,375.91229595444025,379.101806640625,29343345,7415.789735712346,7550.6222763616615,7393.3176456041265,7412.79345703125,4373741
2021-01-05,1308.5993769225886,1388.6280517578125,1306.0049538873352,1388.6280517578125,9980143,4738.73104639931,4771.816943831644,4709.914281303785,4734.4619140625,2861087,255.0045686017363,271.7588806152344,254.85498264427682,271.7588806152344,51679499.0,379.4008042363888,383.1883519212748,375.0650736687539,377.3575439453125,18431746,7435.765995723552,7475.324780344306,7356.8639791134565,7429.7734375,2800020
2021-01-06,1414.5722424322967,1479.9273522704711,1404.1944305600368,1470.45263671875,18249583,4734.462438744773,4808.104857893866,4690.248334703186,4767.54833984375,5715957,279.2384758227689,290.20855880152055,274.9501828321792,289.0118103027344,86834204.0,387.72337829851466,417.1265650846488,387.72337829851466,414.7842712402344,53328129,7397.812852170901,7573.594553532057,7365.852542832509,7502.6826171875,2567664
2021-01-07,1492.4056485295557,1502.2605318186827,1448.110442805389,1471.2509765625,12637268,4779.2885419420545,4807.038151477074,4706.713764592807,4746.203125,8297513,292.4524826567052,296.5413384585152,249.07078446210443,294.1977233886719,128597618.0,413.38892598244945,416.8276163764,405.8138606163436,415.6813659667969,36442644,7565.604482389213,7573.594559730351,7394.816579222407,7465.728515625,2874639
2021-01-08,1469.4549583801193,1481.2298059606487,1453.888299507778,1465.0643310546875,8404958,4736.596899389993,4764.346016963375,4672.133047444285,4749.404296875,9395439,295.94289522305417,298.4859475237605,292.2928460898052,297.8876037597656,78224628.0,412.5915656906904,415.2328631869553,407.1594386144197,410.3987731933594,22570269,7434.766401178306,7489.69817872597,7388.823459956624,7461.73291015625,3028898
2021-01-11,1460.474121799079,1467.6588176317387,1435.9266851091,1459.2767333984375,5101102,4749.405063206818,4764.346785706089,4709.9152157900335,4713.1171875,2647667,296.3917111062678,298.83502952918286,291.7044816209206,297.9873352050781,37867052.0,409.6512423315429,412.8407532222642,403.27225096753045,406.8604431152344,16564968,7482.707796111948,7595.77734460428,7473.718958663335,7546.62841796875,1728696
2021-01-12,1472.0493089495326,1501.5861885197278,1469.2553621047857,1487.6160888671875,8016191,4674.6949331902915,4707.780836793235,4585.043137396997,4611.72509765625,3356643,301.12880886572674,308.259357163136,298.4361397915199,304.1705017089844,54675065.0,408.7042764769865,413.33904033584867,408.7042764769865,411.44525146484375,14890862,7488.700079918552,7488.700079918552,7386.826592568366,7395.8154296875,2085461
2021-01-13,1498.5928503094415,1512.9620006596074,1471.0516945825034,1474.4444580078125,6649949,4602.119703514555,4648.013006851463,4572.235771365369,4644.81103515625,3388111,307.11258269992015,311.1017052266431,301.67739108342425,303.0735778808594,51923962.0,402.97321586614333,405.21583214879115,400.2322404095738,401.8269958496094,19141900,7378.8369855309475,7519.662109375,7370.846907582349,7519.662109375,3474528
2021-01-14,1468.4571949059957,1501.5863653549723,1463.4678730139465,1500.5885009765625,8454360,4642.6766676580555,4668.291466397222,4627.734458082707,4646.94580078125,7081895,302.42528361857853,309.95473852247096,301.8269092870745,308.4089660644531,48245526.0,403.2223967995138,408.85387981757765,402.7240376239279,406.8604431152344,30898467,7470.7224960518915,7589.764605218574,7439.76094560034,7549.62451171875,4881492
2021-01-15,1489.21271249672,1500.1892198469498,1451.0942229765215,1479.832763671875,14273873,4648.011100802677,4697.2588768903925,4643.741969389186,4689.63525390625,3050512,309.0571927113094,310.3037932227576,295.79337544333424,301.6274719238281,44676583.0,404.7174654146223,408.45515914921407,398.6873316897861,401.9266662597656,19699147,7523.656674930745,7582.58349609375,7493.693884508878,7582.58349609375,4424316
2021-01-18,1460.8732881727437,1468.8562023157642,1449.0984410879473,1466.4613037109375,4371189,4674.695721977197,4700.006457122917,4651.215729427881,4655.48486328125,2972873,297.3889955468069,300.1813681933787,294.6963265818718,299.53314208984375,47700699.0,399.8334944705264,403.32200812362134,398.43809509277344,401.67742919921875,8564292,7578.588366543086,7681.46061242526,7553.619374824111,7652.49658203125,2403380
2021-01-19,1469.6543583807218,1481.628728095471,1456.335819865087,1468.25732421875,3932193,4665.090104753104,4706.714279969229,4649.08073162561,4675.7626953125,2108991,301.3282713844754,303.4724181903719,298.4860161140623,300.43072509765625,29146696.0,412.8406451584094,417.27602240967485,406.81048246179915,410.09967041015625,31443356,7740.387144684019,7792.003218006884,7670.47397047397,7712.421875,3108910
2021-01-20,1470.6520985794293,1477.0383311080707,1457.6798658150633,1473.84521484375,4902363,4642.676446456829,4668.291243975573,4611.72486732211,4645.87841796875,2498969,299.8323381920682,302.5250073742271,298.3563827174884,302.0263671875,37313657.0,409.8505210326254,410.79738503757534,402.92331762874824,406.6610107421875,24043501,7676.46672406393,7737.391063143803,7626.28100199977,7635.517578125,2316591
2021-01-21,1469.455038539799,1478.6354637773375,1433.7315673828125,1433.7315673828125,4847780,4648.012740784488,4670.425566791311,4625.4503172652385,4645.87841796875,2824926,301.7271456508864,302.3255199238702,291.7543425497554,292.55218505859375,42797551.0,415.8308060113612,419.71800054147474,410.89703921944067,412.24261474609375,24604870,7679.462856349572,7737.390915351818,7626.528595537174,7640.51123046875,2370049
2021-01-22,1409.9821136904434,1428.1431933948902,1394.215810616776,1416.9671630859375,6161341,4658.685498914694,4683.23313591857,4630.788241917873,4672.560546875,2199540,288.0145551079563,290.35817003528877,282.82871550906066,289.2113037109375,57008357.0,406.6112511873676,410.69777196920705,404.2689570497135,406.0132141113281,17135283,7653.496363036136,7769.3525000728305,7601.560853330031,7767.35498046875,2646689
2021-01-25,1417.7655832097205,1418.5638015285124,1364.2799616569976,1378.050537109375,7689705,4672.560778970732,4783.557757148304,4658.685730321224,4765.4140625,5370204,290.2085762606185,290.5077481860241,277.54310388572156,279.88671875,66487011.0,402.4748244612667,402.8735361024185,394.60075622735974,396.7935485839844,27757862,7857.242288161247,7938.141821063378,7793.7703311403775,7887.205078125,3777537
2021-01-26,1375.6557533947716,1413.1754281795572,1372.46263623379,1390.4241943359375,12548320,4755.80811457201,4799.56660416001,4712.04962498401,4720.587890625,2054863,279.08898233487156,287.4661332980979,278.03685860489884,281.5821838378906,43495648.0,397.39154992953587,402.42496456392274,397.3416957701566,398.8866271972656,13941779,7826.28108077174,8004.06030899754,7815.2947239712685,7942.13720703125,3357229
2021-01-27,1379.2479179348638,1397.0887611244343,1352.1060590526292,1393.6171875,8293193,4689.636855953004,4754.741010427213,4667.223542909363,4671.49267578125,4511633,278.44075603100436,281.931238135231,273.2050328746643,281.5821838378906,56403948.0,398.9863852296328,410.8473591739207,396.89330080881336,398.8368835449219,42279943,7899.189328214383,7988.078928696249,7707.427493466987,7769.3505859375,3983116
2021-01-28,1354.101498942647,1387.6297062420974,1340.330926500756,1363.880615234375,26670437,4642.675650810897,4680.030191991137,4597.849519191087,4613.85888671875,2937150,274.8005878525242,281.6319643265953,271.06078654568756,275.7480163574219,50159927.0,391.5109015780123,395.049269481713,385.7797718579674,394.05255126953125,19922592,7600.561068287113,7708.427112357416,7562.608200929043,7639.5126953125,2654940
2021-01-29,1349.112556491732,1371.664265692468,1335.1424560546875,1335.1424560546875,9794785,4575.4378280579385,4582.636538867878,4503.930211695968,4525.275390625,4247174,272.1079618172072,277.64285583469956,270.7616271972656,270.7616271972656,37482798.0,383.736481769345,387.424351033838,379.45060595811134,381.4938659667969,30397410,7476.715185827159,7609.550227199723,7475.716426117591,7481.708984375,2802519
2021-02-01,1341.3291782226113,1594.7368968842236,1307.2022669988519,1313.588623046875,7444503,4594.649605370171,4594.649605370171,4530.612600668225,4562.630859375,2454466,273.504144837725,275.548557447547,265.7253700298467,266.37359619140625,63605096.0,383.58701577609685,386.32799090057307,376.1614528173634,382.4407958984375,15826568,7475.716113558832,7526.652856617149,7378.83642578125,7378.83642578125,3269241
2021-02-02,1334.5435257588474,1340.3310646875277,1304.607601546265,1313.987548828125,85357701,4559.427908391221,4599.984421349476,4547.68767281584,4586.10986328125,2175444,259.8413973702702,263.18229281421134,249.6691554991839,254.30650329589844,127749256.0,385.7299663351637,390.86305928688773,382.789635303364,390.1653747558594,14652650,7387.8251053972945,7449.608240582595,7354.866037061738,7370.84619140625,3016614
2021-02-03,1316.9808929314067,1333.146240234375,1286.6458044204483,1333.146240234375,7789267,4580.773428161592,4657.617814891487,4562.629736450214,4627.73388671875,2621189,254.30655091804394,258.1959391392846,250.36729562375268,257.5975646972656,72784840.0,390.21526438960205,391.36148449780916,384.63363511178153,387.2749328613281,15630586,7370.846576680223,7448.036851404595,7286.950761986302,7290.94580078125,2455388
2021-02-04,1323.567022858696,1354.899981292386,1293.0324044627716,1306.4036865234375,5793604,4535.948211596661,4626.667166082828,4322.492048747931,4340.6357421875,6711335,258.44518123290163,261.0879679161865,252.96013963437184,254.25660705566406,69690819.0,387.2250523422704,395.29847650547896,383.6867146101037,394.700439453125,19801539,7360.858410077416,7437.762900928971,7309.921669383529,7373.84228515625,2098692
2021-02-05,1314.7856967681112,1369.08146480584,1298.2211772845824,1342.925537109375,8049875,4350.241424634485,4414.75109313104,4247.7822265625,4247.7822265625,7674442,254.85501393467996,257.9795043198599,249.81874477891225,251.36453247070312,91285362.0,393.25514363595727,396.1456506763437,386.9260075609538,391.2118835449219,32313469,7381.833179700923,7412.794731394974,7231.020460158935,7265.97705078125,2527456
2021-02-08,1355.498654548129,1367.4730240727422,1338.5349643882603,1362.6832275390625,4950892,4291.541542743829,4301.1469725811685,4221.10107421875,4221.10107421875,3266614,252.61109586512268,263.1822576147714,251.41436258254026,261.2375793457031,77358530.0,387.125429122277,393.903132644104,385.3811718833221,389.1188659667969,29504175,7242.005632483987,7355.864223313276,7208.047807148936,7279.95849609375,2161268
2021-02-09,1380.6449074510651,1398.6064633723095,1356.8958121520668,1358.292724609375,46397499,4248.851050401804,4248.851050401804,4170.938981520985,4215.76513671875,4208091,264.7779271079984,267.37086204794946,256.58925979490806,258.99371337890625,65410333.0,390.7134895421282,394.9495414057865,387.9725148068199,393.7036437988281,43412309,7241.007564886916,7339.8847716350265,7215.039813619735,7302.9306640625,1672152
2021-02-10,1366.475528631788,1368.072087303917,1334.743392106143,1360.2886962890625,23854049,4212.560992107399,4230.704682273623,4194.278424794015,4202.95556640625,3124586,261.835954310541,262.7335310095149,253.30921914694713,258.3953552246094,71473243.0,395.6971986594004,400.43161098592975,392.4578639096698,397.3916320800781,15922602,7272.967327805903,7350.870575755485,7188.07276273264,7238.0107421875,2047837
2021-02-11,1360.2887164084716,1366.275902874723,1324.5652435789439,1329.1553955078125,8767568,4179.476613755128,4222.167951588914,4145.324030776511,4165.60205078125,5262134,258.69453169249743,259.79154622797745,254.5558240871065,257.098876953125,64183771.0,397.3916269104914,400.2821041045478,393.30507550358305,396.0460510253906,11963996,7350.871299682583,7457.738586240469,7179.084633440001,7237.0126953125,4709264
2021-02-12,1323.7667079625546,1359.4902973295557,1312.1915068646804,1355.2991943359375,44010701,4182.676799470261,4237.994243738283,4167.735081254334,4227.50244140625,3290582,256.15146273015495,261.3373022640136,254.0571679184936,261.0879821777344,36714525.0,393.55424061784066,402.12602438144677,391.5358920731588,400.4814147949219,15552548,7243.004559557372,7461.73291015625,7231.019444456064,7461.73291015625,2896751
2021-02-15,1378.4496227369896,1434.3300176327502,1368.5607544621428,1432.9329833984375,11597154,4226.437221414571,4270.195722280614,4178.409586627731,4250.98486328125,3926548,265.32642109372074,278.6900019374769,261.08797966772147,278.1414794921875,102213508.0,402.47476644769256,410.3986877032863,401.92658364626647,409.10296630859375,20588851,7460.733915928784,7460.733915928784,7353.866642969698,7412.79345703125,2452965
2021-02-16,1440.5170378024102,1455.8841740771431,1412.9760044504692,1426.74658203125,9320703,4264.857687624697,4301.1450675103715,4246.71399768186,4275.53076171875,3902723,280.23582419067543,283.776157838467,274.5513130919768,277.4434509277344,94624303.0,418.57180195318756,427.8412686408716,415.63147122479546,426.34619140625,32478957,7424.778791017223,7435.76514650568,7306.925159413775,7324.90283203125,1537830
2021-02-17,1431.735776556427,1480.0034433697715,1419.9609288442753,1435.527587890625,29614914,4248.849875342014,4263.978229522201,4204.0237325413445,4247.7822265625,6051288,279.7371189122952,286.8178149966345,275.22640997383354,279.83685302734375,69601073.0,426.79472455265136,431.8779627903305,422.35931661240693,430.8314208984375,42302915,7324.903802606203,7474.717760936026,7297.937290106834,7411.7958984375,2090098
2021-02-18,1430.2581395909738,1440.2376134140193,1381.358717858051,1387.74560546875,4961084,4242.446425730824,4249.917531615459,4207.226194115271,4236.04296875,4646057,279.575209170435,280.66339155383764,267.80573289823315,268.7033996582031,59756797.0,429.6353660697166,430.53243677974564,415.08330474710755,417.82427978515625,22011312,7431.770519145027,7444.75439453125,7347.874708957124,7444.75439453125,3103690
2021-02-19,1370.1817533707815,1401.517325481157,1364.3936098362174,1394.33203125,25294247,4236.042459920431,4248.849859632074,4167.736328125,4167.736328125,4554718,264.7137708588608,272.84269198331475,263.2176492860654,271.64581298828125,84957417.0,417.5751547095038,425.79808089634207,415.5817180581491,422.5587463378906,24541348,7385.827487382801,7407.800199312811,7217.037109375,7217.037109375,3463584
2021-02-22,1396.726682757859,1432.8524394720118,1382.7554238983953,1427.4635009765625,9211653,4144.2556102951485,4172.0052183649495,4086.4571242084494,4086.62255859375,3300297,272.3938116900601,281.2209330453895,268.00519549785804,279.2261047363281,76247048.0,424.6518006401182,430.6819643370782,421.61182212744677,430.2334289550781,26100864,7247.999047932988,7250.99532699373,7165.101993919148,7187.07470703125,2518774
2021-02-23,1442.8321784878303,1467.1819938596434,1404.3113172965807,1430.8568115234375,8364367,4096.228131458339,4183.7451171875,4057.805933196876,4183.7451171875,4006741,286.50730250121427,290.69645539210615,276.1341982459981,282.7669982910156,113795489.0,425.1999681076387,448.6387833206039,416.03014897718526,426.5953674316406,26381160,7188.073264973046,7239.010007576023,7080.207221813801,7127.14892578125,2434121
2021-02-24,1426.0664760032057,1478.9576749032547,1413.891569512592,1478.5584716796875,24870653,4167.7368493044205,4170.938334166418,4067.41220568419,4097.2958984375,5621405,283.2656551198959,298.62582892246644,281.6588282658752,298.0273742675781,93109121.0,417.32592464116044,428.43932654450884,412.69116065351795,427.89111328125,22364322,7021.280573812764,7114.165224362491,6992.316542996182,7111.1689453125,3921728
2021-02-25,1489.137250205436,1511.9393522621926,1484.9459193223522,1491.5323486328125,17251914,4064.6286481692714,4098.785232384018,4056.089258446311,4078.504638671875,3116631,299.3240669168706,308.00155391595837,299.3240669168706,303.7625427246094,81321149.0,432.2267856855008,444.2870804358933,431.67860291306454,433.72186279296875,28806605,7064.591790745363,7064.591790745363,6975.685021885587,7002.65673828125,3561144
2021-02-26,1477.1614635380272,1485.1450414991996,1429.659199032998,1441.834228515625,18337876,4084.9096901578796,4128.672942930749,3981.3726485533557,3984.57470703125,7595584,299.2243043561215,300.0721126395312,288.3026050716549,290.9956359863281,85542566.0,434.61894977785465,438.6058224937801,423.0570432356107,424.8013000488281,46520447,6993.666929754995,7164.487818911987,6887.777957529023,6937.7255859375,3965074
2021-03-01,1466.7831043095116,1477.1616595806477,1443.4311113099586,1463.589599609375,12553166,3992.045546140892,4050.479869567851,3971.7649542605454,4028.336669921875,6482301,297.3292664002768,299.17448929974677,293.23986089194,296.7806701660156,42542178.0,424.70160323183615,428.32964142467966,417.7245762897135,418.7711181640625,22514919,7017.640847804553,7067.588469497112,6936.725700662608,6972.68798828125,2480464
2021-03-02,1442.033664738218,1475.1654621482587,1430.2578393709439,1467.181884765625,13652467,4045.4150550028585,4098.784957934086,4032.606580449244,4068.897705078125,5270767,291.0454322220948,298.4761796983205,288.95088689093234,295.8330383300781,42466979.0,416.92721803243273,427.3429355677602,416.32921143613294,422.3593444824219,33604121,6942.7201346463935,6992.6677615143535,6861.804979120299,6872.79345703125,5440668
2021-03-03,1480.5548508190734,1493.9273713595237,1463.3902029622188,1487.3409423828125,22437552,4087.0435110618237,4112.660947507569,4025.134706317939,4068.897705078125,4311142,298.97492541509763,304.1116027832031,295.53383403135,304.1116027832031,52751425.0,424.153394120695,433.5723927508732,424.153394120695,431.4792785644531,25977899,6878.78693099495,6911.7523635716025,6728.944055646526,6786.88330078125,3509730
2021-03-04,1479.9559620219293,1523.6661059194582,1462.9908565907947,1519.67431640625,17057630,4067.830727183242,4152.154673065704,4058.224065988428,4113.728515625,5330880,304.211343825103,313.63692058793777,299.31105325462846,312.2904052734375,59360830.0,428.8379429485147,430.1835184055736,423.2064920240754,425.1002502441406,23702449,6771.8986040582395,6865.800133602637,6753.917460102929,6849.81689453125,3965042
2021-03-05,1519.0753863880352,1575.3596405118963,1506.7009368753384,1545.2216796875,22191172,4101.986806366586,4166.030398017729,4064.6284100739763,4153.2216796875,4802914,312.2904340498776,325.60592149594635,310.8850806624623,317.9756774902344,79113852.0,426.24652138787917,443.5395878048802,422.9075094186721,436.16387939453125,28806313,6792.877644037985,6913.750907998073,6771.899639549044,6850.81689453125,2900654
2021-03-08,1566.9765662481336,1574.7785102451585,1517.478411970624,1542.8262939453125,14688694,4140.413337119983,4214.927890981819,4095.5830625648778,4152.15478515625,4193605,322.16486981832054,323.7218384133779,311.69201801308105,317.82611083984375,54714912.0,442.7421940257394,455.3008178039592,441.84512339807577,454.0050964355469,28111104,6919.742850391462,7021.226262396868,6841.824567970423,6997.6611328125,2465768
2021-03-09,1548.8140650687956,1591.9912401503955,1528.6555802178273,1547.6165771484375,14236898,4157.491712833336,4315.130634126562,4151.087596628339,4180.974609375,3372681,318.6239661074271,323.01258233085593,310.3454103027186,314.434814453125,48901741.0,452.16120952369596,453.9054663898098,443.04124399292846,445.88189697265625,24713798,7004.654445872336,7174.47635913507,6988.671206977019,7123.52978515625,3075466
2021-03-10,1531.2505095481813,1569.9707954403952,1527.2587199621953,1561.588134765625,8027675,4168.165044644005,4217.264883390572,4154.288568892204,4205.5234375,2796453,310.1957987467448,317.82601085969554,309.09863710074376,314.1854553222656,45089517.0,442.94155325459616,447.6759646111576,440.3750221907047,444.635986328125,15073056,7092.562197472017,7220.428107510949,7078.576863561509,7184.4658203125,3741793
2021-03-11,1579.3511314947082,1584.3408672329194,1543.225493477946,1566.9765625,9408522,4221.534705036418,4222.601976360813,4170.16873934579,4179.90625,4885454,318.32484009994477,320.5191642340956,312.2406053995045,318.82354736328125,39594966.0,434.52481040413056,434.8737523191028,420.9661549243332,423.75762939453125,24306145,7152.500178291257,7152.500178291257,6981.679294144915,7003.65625,3617643
2021-03-12,1555.7997651402918,1584.3410321701954,1552.2071793987188,1580.3492431640625,6176877,4182.042142336909,4228.432878803154,4170.330420986829,4216.19873046875,4653834,317.17772768829707,323.2619606279129,316.828626617259,322.6136474609375,29485852.0,421.26522348185364,429.24089946153447,420.2184281794362,427.0974426269531,23815506,6951.709881067584,7006.652264090823,6901.762260137368,6943.71826171875,3044203
2021-03-15,1575.559505795317,1581.3475279979834,1539.433734485929,1547.2177734375,5275718,4229.007086221416,4278.106933756251,4218.332909681674,4240.748046875,3413616,322.5637418667011,324.1097521191686,313.4872666806831,315.3324890136719,36594480.0,427.74538682294866,429.8888737145407,420.06881826452224,422.71075439453125,19927579,6943.718712633679,6997.6621467413215,6892.567272674187,6970.6904296875,2798398
2021-03-16,1550.2109949543244,1561.1884126680454,1505.702580224452,1520.2725830078125,8060152,4255.692946937229,4298.388689960337,4230.075501123365,4284.5126953125,3613882,315.48221333791093,316.5773969283006,306.95433102037055,310.4452819824219,54169289.0,425.70164576943927,431.7332377140571,418.4238546276041,421.514404296875,37983724,7110.543733985023,7271.375082843072,7060.596110116064,7224.42431640625,4760163
2021-03-17,1506.9005188669041,1529.8533082271285,1496.721504487225,1520.6722412109375,13002054,4285.57875234518,4311.196190898015,4274.904575945554,4296.25244140625,3931964,309.14859597209255,314.7839810714883,308.35064621336716,312.9886169433594,69755338.0,422.0129187996219,431.1351220158311,420.5174796395598,429.2907409667969,24330254,7188.461702004238,7224.4239895629025,7062.593695548911,7130.5224609375,3490906
2021-03-18,1527.8572386205296,1532.24823088123,1498.7172276699644,1506.7008056640625,6567380,4286.647101402648,4306.927700523283,4252.4905080789185,4273.83837890625,3138086,315.5321117623907,316.2801727051945,309.14866447153355,311.14349365234375,39066697.0,431.63360114571174,442.8992306328622,429.39044240868543,440.2074279785156,26913400,7192.458274147727,7212.437324909249,7096.558830492424,7120.53369140625,2289202
2021-03-19,1468.1796639598501,1714.832293085614,1458.9985997481422,1493.3280029296875,22109577,4259.95998951083,4285.577420100048,4218.33154296875,4218.33154296875,9825102,303.7625172948399,308.998942445781,299.87260755616035,305.906982421875,129349678.0,431.284626394513,433.8268605995165,423.15941367336075,429.5399475097656,88043442,7120.53241198576,7151.853568138956,7065.590032263647,7102.55126953125,5123972
2021-03-22,1478.7583553706809,1488.1389625190486,1465.5853779410832,1481.752197265625,6573360,4224.737609322719,4298.387625972176,4194.082063673581,4293.05078125,5350830,302.2165252213754,307.00410156426653,300.7164163438738,306.4555358886719,64448673.0,426.9478511137121,429.6894893870634,422.162458297413,423.7077331542969,30841465,7152.499393637663,7336.306640625,7117.536058612898,7336.306640625,3091682
2021-03-23,1464.1879472433345,1466.982247871929,1425.667213261797,1433.2515869140625,16155660,4259.96093102117,4360.295646001765,4259.96093102117,4348.55419921875,4556087,301.66791635099247,302.26634047916656,293.38936079350805,294.9852294921875,93977665.0,421.7138520604776,424.20625071331733,419.8794503029622,423.05975341796875,44358201,7263.383723552279,7314.330301726005,7133.519896834936,7207.4423828125,4635566
2021-03-24,1422.0751115376638,1461.9930094053877,1418.0833217508914,1460.1966552734375,13385527,4352.826656498775,4359.230775419217,4295.187149520895,4329.34375,3068613,291.94323089710144,301.8674867243657,290.8520348599417,300.77032470703125,55064907.0,417.12774926620745,422.7605630133114,413.389152032539,422.4116516113281,19449602,7202.447449158486,7202.447449158486,7121.532297510519,7122.53125,3299087
2021-03-25,1455.8057123093351,1456.4044563839295,1395.7292058835098,1418.083251953125,8253153,4331.47678595018,4386.981242406045,4317.067157891503,4333.61181640625,2799390,299.4236814293527,299.5732874348525,288.95083490315074,292.94049072265625,50280532.0,420.816597175838,423.95701341245405,414.1369565759087,420.11871337890625,31983020,7080.575545032941,7202.44775390625,7080.575545032941,7202.44775390625,3857585
2021-03-26,1434.848783226648,1456.4044221435254,1427.8631516078615,1447.6224365234375,8229509,4334.678277303048,4353.435936943656,4294.117579609409,4316.53271484375,2685478,298.526057469954,303.2139163789101,296.33176449620083,301.8674011230469,55768753.0,419.3710096818072,422.86036794921165,418.4239164069569,421.414794921875,23059660,7196.453002509971,7414.224623074542,7169.481288036377,7263.3828125,2276342
2021-03-29,1447.4228427503504,1456.2047062289678,1428.8610466358193,1440.237548828125,9315225,4340.014809863158,4378.440470426597,4294.116789145762,4374.1708984375,4024702,300.8201843713241,303.2139728057404,296.42057880807585,299.7230224609375,44177690.0,419.1715346714988,422.81042989973247,415.68217724789184,416.82867431640625,17013250,7292.353346569009,7414.225553182901,7175.1061730266165,7386.2548828125,2706941
2021-03-30,1448.6202185745474,1460.795248241098,1434.6489569314372,1443.03173828125,7406182,4392.318306590395,4404.059267696491,4325.072405080112,4335.74658203125,2724947,300.91998458919954,305.7574208488203,298.4264481920026,300.7204895019531,31140489.0,424.2062713003876,430.586806076352,423.3090138267783,429.3406066894531,22486811,7390.250072615842,7400.239596909727,7243.404065495739,7281.3642578125,2384481
2021-03-31,1444.2294167201935,1448.0216655370257,1410.8980712890625,1410.8980712890625,8733112,4334.680596990165,4380.578650718658,4324.006903009835,4329.34375,4346695,299.2243263165516,300.8201954779743,293.8881530761719,293.8881530761719,42616572.0,425.7016413581822,428.84205721767086,421.21532429468846,421.9132080078125,26354562,7263.38306125595,7291.353729075393,7220.428107104664,7239.408203125,2336138
2021-04-01,1415.2885861643072,1421.4759315282665,1406.9397935204609,1409.3009033203125,5598365,4349.6225049176355,4359.762558623626,4286.6461777125305,4293.05078125,5185861,296.08241717342827,296.18216468312073,289.0506286621094,289.0506286621094,48976567.0,421.1156222749872,425.75147715564043,419.71988527352386,421.9132080078125,15520905,7261.385201959987,7274.371583529045,7140.252464623007,7164.48681640625,1776199
2021-04-06,1414.8897898807752,1443.8302627919288,1410.8980005137196,1422.6737060546875,9513054,4321.868678239954,4371.502634387038,4314.069314152863,4364.03076171875,2887551,294.2371811671383,305.3084845801433,292.6413124018886,299.07464599609375,86433178.0,423.90711670632635,430.83596575279194,422.9101573823931,425.5520935058594,29457451,7127.526352436416,7175.47607421875,7101.5535864709855,7175.47607421875,2690288
2021-04-07,1432.652920133133,1445.0274892949067,1422.473907817646,1437.443115234375,7080480,4368.300484856157,4429.672476332269,4365.631819571258,4412.0634765625,2944429,302.56570173362775,309.09875468583374,299.07475090204497,304.6602783203125,52343064.0,423.9569950408146,433.7271852257498,422.71079576085924,432.63055419921875,27542092,7102.5524426030515,7172.479119253152,7091.56396484375,7091.56396484375,2254793
2021-04-08,1444.428579566459,1492.6254505932177,1390.539439051787,1406.506591796875,10319449,4371.503479740924,4470.896657229731,4347.486950379333,4446.75439453125,5443166,306.25599016511893,307.625456052669,294.78572790517194,297.6782531738281,45881462.0,434.92357236688787,438.66217041015625,433.42813314958056,438.66217041015625,26354216,7071.583918578714,7304.339823795388,7037.619537559972,7235.412109375,3832186
2021-04-09,1406.30721009142,1413.692044074486,1388.3441596665352,1392.934814453125,8326906,4441.95019978662,4445.152500458127,4390.964368322037,4409.39501953125,3498424,297.6284464745009,298.7754669298181,293.2288713453685,294.23724365234375,48119553.0,437.16672986703225,439.5594265225098,433.37829603125846,436.070068359375,20578781,7225.423265465791,7340.302800310055,7209.440025835284,7279.36669921875,2771607
2021-04-12,1392.1363288514747,1413.0932198234323,1378.3646089134409,1399.720703125,6833734,4402.459719804911,4419.004382417597,4377.9095438416525,4414.201171875,2140810,294.08757926114504,299.72296333257685,290.79609417931846,297.6283874511719,57939614.0,430.08830495207,434.7241603560372,426.88706958645173,431.23480224609375,13920714,7252.394977292387,8250.190463623785,7186.4641138624565,7217.431640625,1497166
2021-04-13,1398.3233757364706,1441.92569537396,1379.7615847314166,1392.335693359375,9282429,4406.7276226314025,4427.008216269644,4382.711091690969,4416.86767578125,2737304,298.4263459650202,298.725558054717,294.6860426504786,297.4787902832031,27915019.0,430.18800937244947,431.9825242404725,422.81051541254936,425.60198974609375,13338764,7150.501615477187,7226.373224472657,7138.514186113436,7159.4921875,2468700
2021-04-14,1394.7310900631358,1437.6428229769626,1387.1467151213833,1435.4473876953125,9102632,4396.58642578125,4424.338399466106,4372.036265518047,4396.58642578125,5970165,297.67827888988955,307.90177439608095,295.7831675670776,307.55267333984375,59314326.0,426.49922479100695,429.7892091093924,423.25910669815283,427.59588623046875,15837444,7167.4833832605555,7300.344050852703,7157.493859381447,7263.3828125,2226444
2021-04-15,1441.6348840546875,1441.6348840546875,1415.488709190892,1425.667724609375,5454705,4398.721284944785,4466.500804667334,4386.979839537609,4446.22021484375,2703459,308.64980551565475,309.49758314998604,301.31880579066126,302.7151794433594,35133837.0,427.0974635465549,428.8421427525659,419.8695068359375,419.8695068359375,16406575,7244.403564453125,7441.197207889041,7229.419276881863,7392.24853515625,2958186
2021-04-16,1429.6593082861093,1437.6428868573787,1405.3093692797895,1409.9000244140625,7185758,4449.956472717196,4458.877691126764,4427.007703193184,4444.61962890625,2996243,304.5105248553147,307.1038077078036,299.97230269245716,302.1666259765625,43216302.0,423.0597492061336,428.39348835506735,422.0129235274898,426.15032958984375,26675355,7413.226093207465,7435.203046994093,7339.303612288808,7372.26904296875,3481109
2021-04-19,1401.3174513022584,1407.7043379366737,1387.9450558792475,1393.9327392578125,7291369,4428.608941624791,4459.563222851454,4393.385087562087,4410.46337890625,2555257,299.9224764701041,304.95042683887874,298.57596114792517,300.07208251953125,32154886.0,424.7046885792046,429.39040975457004,424.7046885792046,426.7983093261719,14652396,7340.303785976678,7438.201141859328,7293.353013257448,7410.23046875,3059836
2021-04-20,1396.5274231198098,1404.7105419421505,1344.8337062087278,1347.4283447265625,8163323,4401.924762588022,4424.873536589499,4383.779197687383,4406.1943359375,4427855,300.1718601620506,302.5157595285707,289.44865144650356,290.9956359863281,68849957.0,426.15032162437404,426.5490993124468,415.3831414976847,415.9813232421875,15849093,7442.195993122623,7499.136284613628,7414.22532361827,7486.14990234375,2743439
2021-04-21,1361.7989384761738,1379.3627875886912,1350.222773503361,1363.3956298828125,5348511,4408.862333136598,4424.873354372452,4376.393401200187,4418.46923828125,2619677,294.58626274416616,298.426313145856,291.5441314530283,294.93536376953125,38325296.0,415.8317705351973,418.17463120288784,412.1928748214411,414.5855712890625,17988868,7509.125477003363,7638.989293953002,7352.289944225722,7612.017578125,2705954
2021-04-22,1366.7888658760994,1408.3034573371951,1344.8340209686219,1360.4019775390625,7501703,4391.783151400143,4498.668660674105,4356.025666061224,4409.92919921875,4010152,295.28451658140045,296.1822138790736,291.8933137592433,294.23724365234375,28044703.0,413.4391084045091,414.83484559114146,410.89684347638234,414.2366638183594,20981752,7589.0415301880375,7718.905344710144,7568.06352938062,7664.9619140625,3711060
2021-04-23,1348.426279360611,1359.6033616846823,1344.634152891515,1353.416015625,4655766,4386.980371541212,4412.0641722236,4346.4196743137545,4390.71630859375,2739373,290.3971707908289,292.7411005112765,289.05065538217434,291.3447265625,43951601.0,412.94061995188315,417.75093108510293,411.1460746714005,417.72601318359375,16694407,7652.974557474137,8639.650797498472,7540.092933013287,7556.076171875,2157879
2021-04-26,1352.81733452358,1371.7783332096697,1334.8542831367583,1365.7906494140625,8294744,4359.762862204694,4381.495240080012,4329.875847405402,4361.36376953125,2165795,292.14267710264147,297.03000166575316,289.4995349812449,295.7832336425781,31857250.0,417.72600174175784,423.0597407845158,413.6883282146462,421.464599609375,26820836,7534.100712773905,7601.030538782371,7489.147844559263,7522.11328125,2132317
2021-04-27,1370.581299054776,1374.9722929896068,1347.428840952841,1352.4185791015625,16179013,4350.155633886046,4380.576278798749,4317.599958930049,4325.60546875,2614532,306.20619776590235,306.6530374354142,293.6886601629921,294.53643798828125,57745765.0,422.06276750865914,439.70893061011077,420.7168662355077,439.0609130859375,42467373,7549.083291959769,7638.744147618317,7535.097958350209,7553.0791015625,2268551
2021-04-28,1363.994501072696,1387.146831108625,1363.473478018387,1379.36279296875,9287150,4323.470304379527,4376.839712387264,4320.268003444297,4352.28955078125,2860891,298.9749887651215,305.6576779204955,297.22951343454946,303.71270751953125,65529537.0,438.5126255249472,443.64696067021794,438.06398159705077,442.0019836425781,27305438,7535.098028949023,7611.018412112237,7499.1357421875,7499.1357421875,2249361
2021-04-29,1400.7187375837411,1418.6329383945726,1362.197998046875,1362.197998046875,13223907,4410.99822387917,4526.53062549838,4408.329557373076,4496.92333984375,4659904,307.2036019634727,307.452955536495,301.2191162109375,301.2191162109375,63107741.0,443.4973622435762,457.55449482473745,442.64994073154327,452.9186096191406,39604013,7486.149432278994,7548.084482292511,7384.256285482563,7390.25,2082611
2021-04-30,1367.5869375679301,1378.1651540679372,1357.6074650547662,1362.197998046875,16629617,4513.4671309281175,4549.397628786832,4475.040972268425,4516.6689453125,3892577,302.2165222167969,306.6550278703654,300.96975438586946,302.2165222167969,60595958.0,449.0304605145372,455.6103979484207,447.58488779123377,451.42315673828125,43602212,7511.1242449520005,7858.759733347172,7494.1420515533855,7706.9189453125,3798456
2021-05-04,1388.3439395520923,1411.2967225670718,1369.382944887544,1378.763671875,51834143,4533.7475918323835,4556.696854075994,4477.709500331495,4487.31640625,3256433,305.1090721121464,314.3182013715323,304.95946603338876,309.34808349609375,67583503.0,443.64692345884504,448.5818845526274,438.3630509223956,439.8584899902344,25192150,7819.7998398893205,7821.79774480498,7602.0282040824895,7621.00830078125,3190761
2021-05-05,1385.1510260575965,1408.5030201692043,1378.764138172919,1404.51123046875,74406069,4465.433929516042,4531.07891979038,4437.681948341718,4505.9951171875,2820330,311.9911789854921,318.1751597837152,310.7444111180011,317.67645263671875,57920336.0,444.6438583138138,453.66632802224103,442.84934370129497,453.018310546875,24038092,7614.01541120993,7684.941033644449,7599.031124780102,7665.9609375,1661936
2021-05-06,1410.0995621835166,1429.8589678337298,1403.3134716843194,1418.681884765625,41865410,4508.66424068897,4594.58935546875,4507.596969036712,4594.58935546875,5675552,315.46897524301505,317.96280113426417,309.6334165690499,313.7232971191406,64006211.0,453.21773676120824,455.4608953490252,450.5758005094032,453.76605224609375,28433897,7690.9341963450115,7741.8807665507,7627.001245498657,7671.9541015625,3626177
2021-05-07,1430.2580020151877,1437.6428362978475,1411.8958694028272,1427.26416015625,11836624,4589.250453894849,4605.032909134092,4546.021097958549,4560.96484375,2749779,317.2646142891092,317.31450908744944,308.4863566565308,312.7757263183594,61513557.0,454.1149769339331,455.26147408382593,446.43837788719986,449.82806396484375,13250579,7673.952979304703,7736.886985773877,7664.962406951963,7726.8974609375,1778622
2021-05-10,1439.4392377351473,1445.2272590952944,1414.6900954883893,1418.681884765625,12018438,4530.011178326613,4631.882956621907,4517.35499744797,4566.8359375,3294671,316.56639084694,319.06021773175564,313.37428025748693,314.92047119140625,68548250.0,448.2329179636355,454.4140475149212,447.4851984709553,453.018310546875,24292352,7681.944299618537,7734.888779186779,7659.967345835493,7708.916015625,2009219
2021-05-11,1397.525445292759,1399.3216773692036,1362.7968299779427,1364.792724609375,23587231,4540.684240742772,4561.498465266124,4471.837452809302,4504.9267578125,3600417,311.03001046683545,312.7756889133605,303.8478088378906,303.8478088378906,59601706.0,443.6469678011808,444.9559639129449,436.020233877871,438.66217041015625,26077793,7701.923664980714,7715.908999780939,7548.084982178246,7624.00537109375,2468207
2021-05-12,1367.1876364975894,1415.0891011340013,1356.6094207543265,1410.099365234375,53826862,4509.731666064983,4560.432913860336,4495.855673596177,4530.5458984375,2726459,304.3964926363603,315.7683367378644,303.09971487930744,314.52142333984375,52081645.0,435.6214430586683,443.64695444672196,434.126003886376,442.55029296875,21222905,7670.9563197741745,7800.520655352812,7633.995076925933,7777.84423828125,2280112
2021-05-13,1377.8856191005045,1388.787117400241,1344.625212479905,1379.68212890625,7467145,4522.5395672662935,4572.248097287395,4486.782077332585,4564.70166015625,3942656,308.23695217655944,326.9406507309623,300.7365072531717,307.638427734375,54553767.0,437.16671971280806,443.6469561509683,430.93572313765407,442.4007568359375,14556496,7761.860315494858,7862.754510072075,7691.933645985895,7843.7744140625,1574450
2021-05-14,1387.466777976547,1418.006714958343,1379.0833900830457,1416.210205078125,7855520,4589.785952920719,4627.6784810322215,4569.5058430249965,4583.3818359375,5646811,307.33914528936975,313.2245690006201,307.23938615347447,312.87542724609375,39477078.0,443.9459453320465,447.58487096287183,443.19822588869044,447.435302734375,26648183,7871.744467967161,7874.30184449927,7815.803136722724,7855.76123046875,1699711
2021-05-17,1416.4094209595053,1425.591404374169,1394.6523587425172,1423.5953369140625,24236460,4589.78583872867,5255.838842682673,4572.707544080141,4600.99365234375,2386835,313.1247980944589,316.21714853768646,307.68827547798736,314.62109375,33293068.0,441.75277367625324,444.1953062690402,437.46582944385125,442.0518493652344,17414188,7846.771394697,7910.144878784564,7834.607392802248,7886.7294921875,1602777
2021-05-18,1437.9671870796828,1445.552219800964,1416.6092388097927,1417.4075927734375,6778501,4617.537723163418,4618.60499460838,4567.3701171875,4567.3701171875,2655625,318.76081715663594,321.5040256706938,314.6210722147727,316.0176086425781,52448720.0,445.1423013040645,447.3854595973101,443.6468624419008,445.3417053222656,12363616,7911.704321997163,7962.650902858509,7891.725270678989,7921.69384765625,2248563
2021-05-19,1394.0537193871903,1403.634819905357,1364.1127041239802,1377.885498046875,59619393,4552.959796069322,4592.986855195933,4514.5336438659215,4570.0380859375,3781381,309.63345681387125,313.6235787584887,304.8453226572162,307.5885314941406,57021039.0,438.26329537191623,444.66975044471576,436.5684524654524,441.9520263671875,17759870,7896.719297582191,7973.638637988747,7880.736058017193,7945.66796875,2108822
2021-05-20,1384.073487325029,1387.2671471330664,1357.1265715174081,1382.2769775390625,14208037,4562.981764947016,4586.46630859375,4543.767182634495,4586.46630859375,3094374,311.22953606001624,311.22953606001624,304.8952108883001,309.5337219238281,43136062.0,442.0019546591271,444.8931308249087,437.76487722269934,444.59405517578125,14884638,7991.619169690075,8122.48193359375,7967.644312181005,8122.48193359375,2451518
2021-05-21,1388.6643297966536,1399.84226023718,1374.2926179229023,1396.0498046875,6571920,4578.994454911334,4591.8043395101695,4543.767394110263,4566.1845703125,3078475,310.28189256174323,313.8231445895635,306.7905353311205,311.4290771484375,36899531.0,441.15454974540194,444.43056915653926,437.04108806029865,443.0986328125,25976940,8116.488990713352,8137.466993027811,6492.991206964541,8126.478515625,2027991
2021-05-24,1400.8406400410076,1406.6292865599476,1388.0658766441882,1405.830810546875,5869880,4580.063683522898,4594.474626780632,4556.579129245506,4558.7138671875,3062130,313.22455488365654,315.6186218261719,310.4314818577575,315.6186218261719,21611246.0,442.65005648366144,445.5412332000603,440.8056751633544,445.1922912597656,8302302,8126.478603096242,8164.438798169095,8119.485935582822,8141.462890625,1531224
2021-05-25,1407.626666540478,1410.0219716362687,1371.2982177734375,1371.2982177734375,12625421,4560.848141613458,4599.277315621918,4556.0440074794105,4597.142578125,3013648,316.46656435247513,317.1648479085476,309.2843322753906,309.2843322753906,26412542.0,445.29189450119475,451.57275675851247,443.64691763313004,448.5818786621094,16887707,8091.514417314889,8137.076499575629,8054.553178618512,8074.5322265625,2112047
2021-05-26,1371.2986895950557,1384.871927367633,1364.1128936655502,1375.6900634765625,18049465,4605.681970148791,4638.774296587232,4590.737347250003,4593.939453125,5678022,310.1822135098015,311.8779975993986,307.48886818096184,309.9328308105469,35538722.0,446.737562914001,448.3327042163802,438.6372668880336,445.4913635253906,13881888,8041.567696359686,8084.416808198664,8004.606453531698,8011.59912109375,1798925
2021-05-27,1361.1188370930374,1366.6728379026683,1346.946680995338,1348.9427490234375,10941593,4583.26411696217,4592.337723703923,4472.77880859375,4472.77880859375,10113604,308.2369614625342,309.3342512325598,303.8478328246506,305.7929992675781,72964180.0,443.8961547242525,450.67546619751624,443.42359696154176,448.83111572265625,31335939,7992.617875976563,8091.51416015625,7916.697496202257,8091.51416015625,7954127
2021-05-28,1351.1381736881765,1355.9286627112797,1341.7566318346105,1342.9542236328125,12968578,4472.780303799395,4533.627150162742,4457.301993693927,4511.74365234375,4090109,307.33920945952264,309.03499335495246,303.94761122644235,305.3940124511719,44691217.0,458.5017000373922,461.14363681223864,452.5199426189662,453.9156799316406,25724503,8006.6032771888795,8112.492228827309,7988.622134457824,8037.57080078125,2488145
2021-06-01,1346.148377573894,1379.6822973426765,1344.6313463225604,1371.8975830078125,17349945,4524.019071314848,4552.307751940882,4487.190954190265,4526.15380859375,2274939,307.83791094689946,316.01764258383713,307.43890484498786,313.97271728515625,85199886.0,447.4353611162155,452.91863774962394,444.84329104752396,444.9429626464844,29401330,8086.520484002883,8098.507913997699,7936.677609067684,7948.6650390625,2816821
2021-06-02,1378.6843906236682,1406.248017686679,1375.29105016865,1399.0443115234375,7759060,4527.756954986515,4667.297177231088,4518.14965905775,4536.83056640625,2006415,316.11747534776276,320.95550537109375,314.571314926904,320.95550537109375,47207068.0,445.7406399452408,450.924811571988,445.7406399452408,450.32666015625,30451463,7926.686798418885,7983.627081658945,7876.239705372866,7923.68994140625,2356409
2021-06-03,1404.8323871325247,1404.8323871325247,1377.0871199069904,1398.4449462890625,8129939,4534.69316173339,4564.582891556644,4511.2086177065585,4556.04296875,2248798,323.1999234659456,325.29474387315014,316.91549268655086,323.2996826171875,43079004.0,446.03962115093265,450.5259383672078,443.09860923069044,447.933837890625,18353108,7923.690589417149,7964.647638606017,7861.755539424226,7939.673828125,1516340
2021-06-04,1402.2374728361578,1403.0359485990728,1386.4684902458105,1390.85986328125,7670040,4568.852437332673,4593.938519217974,4536.2942892084475,4561.38037109375,1734269,324.29726726368625,325.1451745271509,318.6113295601929,318.6612243652344,22659543.0,445.79041066711983,446.4384282227501,440.2572979058619,442.60015869140625,13491800,7984.62647508826,8050.557333008418,7923.69037913175,8046.5615234375,1553314
2021-06-07,1395.450903764328,1397.4469714978372,1374.2926345212502,1389.8619384765625,4515418,4577.927900349534,4577.927900349534,4540.565608447363,4553.9091796875,1783686,318.6611563269295,321.50409412944794,315.0201453519389,318.4117736816406,15193805.0,443.29796421866524,445.8900645862926,441.0548057048158,444.1453857421875,12770451,8020.589606044562,8037.571798509721,7953.659788681878,7996.61474609375,1775673
2021-06-08,1387.0674264434817,1387.0674264434817,1359.3220380219282,1381.0792236328125,27690427,4564.582046653421,4597.1406790957335,4557.643665271615,4565.64990234375,2711419,318.51146233763296,323.79839201832897,315.3692474905269,322.40185546875,51039366.0,444.04572762893775,446.26296444559983,442.1515107815728,442.9490661621094,12739911,7973.639246366965,8035.5743044068995,7915.699998523157,7926.6884765625,1981881
2021-06-09,1381.6779434980863,1403.5827862245528,1373.4939936757837,1399.44287109375,11002835,4561.9160504691745,4580.993197728813,4546.970936689358,4564.58447265625,2293069,322.9006641394845,325.64387326181117,319.9080723696736,323.94805908203125,33239619.0,439.8086585108419,441.15455986317875,436.41900244091863,436.7679443359375,10447701,7955.657292147141,8160.442543891259,7922.691861378575,8121.4833984375,2538781
2021-06-10,1390.0616224572032,1424.4867248042556,1385.3188904608962,1407.0281982421875,9409767,4551.774647381631,4594.474276799814,4542.70103705315,4569.38818359375,2591856,322.85082175570454,327.45143309627366,319.9090984541335,322.55157470703125,23746817.0,434.1758045176092,439.45967699509646,432.8797695098588,434.8238220214844,16203227,8170.43211605364,8285.311648190353,8152.450971893111,8273.32421875,2958647
2021-06-11,1407.0281653988181,1420.601401343913,1400.2414865111189,1417.6072998046875,5816744,4563.515603567163,4580.595449481797,4547.297450597887,4561.91455078125,2130752,324.44681170813567,325.8433483910725,321.25470176809444,323.4991455078125,29358280.0,432.53087946666017,435.6214599609375,431.2846801080636,435.6214599609375,14677283,8325.269957003147,8415.175680080936,8298.298240079812,8331.263671875,3224225
2021-06-14,1426.5894914493024,1463.9159787151186,1421.9985604854444,1455.532470703125,6838891,4579.528880003631,4603.01342854244,4555.510159726758,4584.8662109375,2612870,324.2971163212798,333.4743770905344,323.9479746173919,329.5840148925781,79496123.0,436.9673028902335,440.00804738497214,436.6183914320457,438.11383056640625,20425384,8345.249574654857,8387.20558161386,8296.300899869355,8339.255859375,3210991
2021-06-15,1451.9396946229622,1484.2758939190046,1445.1530157065833,1481.6810302734375,8273567,4608.885051605111,4654.882795619698,4602.443798069856,4630.23486328125,3214615,330.33225776449075,333.77375057037597,325.7535958850642,331.8784484863281,41382961.0,432.1320499842831,435.57154154706,430.48704268818835,434.8238220214844,22796045,8381.21150988291,8400.191607461908,8322.273312137608,8334.2607421875,1938063
2021-06-16,1485.4735447789294,1497.4499504796513,1466.111664530036,1471.3013916015625,9484214,4620.094019179193,4677.738762145185,4617.425596975338,4640.37646484375,2723759,333.62417553883796,336.11800244392055,327.5890961632043,328.13775634765625,61740304.0,438.6123259242066,440.95515631178273,434.2755461949003,436.71807861328125,21410009,8317.27896639621,8411.180506492445,8310.286298516703,8395.197265625,2643652
2021-06-17,1464.5151662544597,1498.04908543988,1460.0050075693168,1461.121826171875,12326997,4603.547925429262,4653.185935171238,4582.880936395832,4645.71337890625,5228279,326.59148922114474,333.6240977184003,322.90064452787476,323.249755859375,59260059.0,441.10467861257206,448.73141159030314,438.0639343261719,438.0639343261719,26168290,8307.287964202105,8374.2177734375,8270.326726266141,8374.2177734375,2213978
2021-06-18,1453.9355761177155,1463.5166754906074,1400.6405509537508,1415.411376953125,18989071,4654.786339293558,4669.731449739612,4575.792287282226,4597.67578125,9359487,322.00281289556017,322.6013372462192,312.3267859217222,314.62109375,86947519.0,438.86150884322046,440.2572458190147,427.44631235502106,428.0943298339844,40994082,8403.187463658456,8429.160225671667,8338.255558625433,8375.216796875,4454445
2021-06-21,1403.0359075550575,1430.5816149456593,1380.8794850004376,1421.2000732421875,11322588,4585.400030777323,4643.418101559963,4573.989907666668,4595.00732421875,2904872,311.82806101257034,318.11249140133293,307.93769789370697,316.06756591796875,36399543.0,423.5582693016705,426.1005039746461,420.81663054953225,425.2530822753906,16108235,8355.238474053729,8467.121150894238,8344.249996864035,8399.1923828125,1289177
2021-06-22,1442.9573396350243,1455.133303455827,1437.1686947711871,1449.743896484375,6569692,4590.203820418708,4630.235023309376,4584.866489160953,4605.6826171875,3018616,320.0077743729482,323.05026068371683,319.25962649292205,321.9031066894531,35455597.0,423.05972957949547,425.9010699685872,420.7168688928835,422.4615478515625,15405899,8348.24657419536,8401.191060067365,8259.910486706489,8341.25390625,1751286
2021-06-23,1451.1411850204156,1498.4679929740064,1447.7478456412402,1469.70458984375,10598972,4590.73821510592,4616.891675660179,4549.10595703125,4549.10595703125,2563031,322.70113050584814,328.9855607468499,322.58642423496735,323.3994140625,34230187.0,423.85725539848744,426.64875979272927,419.62017822265625,419.62017822265625,15134224,8307.288511907444,8423.166995238525,8254.344032454452,8313.2822265625,2123818
2021-06-24,1468.9064865868036,1494.4561325625516,1462.1198066701309,1479.6851806640625,6602492,4557.64520629572,4592.338587083588,4535.22802734375,4535.22802734375,3663661,321.20483741743175,326.54163195364913,320.20730686644595,323.4991455078125,25287877.0,421.4646397872883,424.80446028569975,420.8664579864879,423.30902099609375,14424278,8328.266281960226,8484.102858664772,8299.296661931818,8406.1845703125,2616506
2021-06-25,1492.6596282024234,1503.039206183567,1483.6773221893743,1491.4620361328125,7754900,4536.828743088584,4554.975958634824,4510.141604063771,4546.43603515625,2543301,326.0927035574745,328.43690624324955,324.6961669921875,324.6961669921875,27770412.0,425.70165399496557,428.3934564828808,424.7545304168658,426.2499694824219,16595517,8371.222303726909,8503.084039298741,8343.251632545005,8490.09765625,2527540
2021-06-28,1486.4717058879685,1491.8611132808992,1441.1609427404549,1441.5601806640625,8488734,4550.706356101246,4575.2587598858945,4531.491770449228,4573.12353515625,2175431,324.6961815018832,326.14261292048275,314.0674951192567,314.3717346191406,34241648.0,425.1035220999206,426.25001943290977,418.67315161935215,419.12176513671875,14324818,8505.081103594508,8681.89568608643,8467.120910743135,8656.921875,2790416
2021-06-29,1439.9629700950047,1464.1153352088752,1436.968869205007,1445.951171875,12856846,4590.203737725113,4590.203737725113,4557.6455789946485,4562.98291015625,1470729,314.2719688668694,318.8107508641426,312.92532705841586,315.2196350097656,20719788.0,418.72294688695337,423.25909997498087,417.8585787082818,420.01898193359375,14806045,8652.926632392782,8718.857497982477,8592.989481856699,8664.9140625,1687252
2021-06-30,1439.5643143628643,1456.7304510078445,1428.186702014295,1443.9556884765625,6624432,4551.772950569424,4564.049150373706,4503.7360072269685,4516.01220703125,3450863,314.37173041988103,317.46408105274986,310.4315032173125,314.22210693359375,29392103.0,416.9285074419224,419.2713381089977,412.791100855846,416.0312194824219,20976997,8664.912749094854,8730.424122743914,8648.929511374597,8673.9033203125,2065659
2021-07-01,1450.3426746889068,1495.2541958518204,1448.7458449691737,1485.673095703125,5897988,4517.61467305674,4562.114688010551,4511.209486027442,4548.57177734375,2390834,317.3643442360492,326.392014145059,315.21965960251345,323.69866943359375,36468096.0,418.4736541611278,423.6079883237706,418.4736541611278,422.0627136230469,17878406,8690.88579647821,8734.8397016558,8647.930843691018,8732.841796875,1890059
2021-07-02,1487.8689312927252,1491.8610667436524,1467.9082540380887,1473.69677734375,4831093,4562.450139041846,4577.394766762389,4536.584718400383,4558.18017578125,2026316,324.1974394289206,325.09521086504947,320.2571814497436,320.6063232421875,31187847.0,418.1246638011268,420.46752390189636,414.43593318003207,415.3830261230469,18873319,8740.83603605728,8801.772150137223,8726.85069839959,8769.8056640625,1427145
2021-07-05,1474.2957946180697,1489.8652226782285,1465.7127264761384,1487.0706787109375,7368845,4544.835549646401,4552.30810546875,4516.707215823335,4552.30810546875,1230065,321.0551822696918,323.94801449389666,319.45912745702975,323.4492492675781,13395844.0,417.7259978818738,423.85729224315395,416.6293364325487,421.81353759765625,9157516,8741.833691788863,8767.806457871196,8654.530702672264,8668.91015625,908882
2021-07-06,1497.0506365943586,1518.2238886521095,1454.5344228811373,1456.330810546875,8349369,4525.619416867049,4581.66259765625,4525.085732630744,4581.66259765625,2530402,326.64137806832645,327.6887729281971,309.4838410988528,310.032470703125,55173904.0,421.51444444280804,422.2123282296317,412.53983175705133,415.2336120605469,16569695,8662.916559167526,8768.80553002451,8652.92703361498,8711.865234375,1611520
2021-07-07,1476.0921939599082,1505.2347362106284,1439.3644963178942,1448.3468017578125,20701149,4586.467700296589,4658.523380598626,4560.8484119003515,4654.25341796875,2599301,311.8281415289623,316.90754851235965,305.19456764082554,306.94024658203125,51089435.0,413.6384244565408,417.87550165538715,412.4919272994569,416.6791687011719,15259344,8666.91180889423,8699.877241085738,8605.975706964477,8648.9306640625,3443578
2021-07-08,1440.9614159029027,1457.9279924660716,1421.399853695235,1457.1295166015625,6311624,4633.4358914124,4636.841235539163,4565.65068157267,4587.00048828125,2311824,306.94024658203125,308.5861663524374,300.4562962289815,306.94024658203125,37798725.0,412.04333480119277,412.49197873045244,405.46342667064044,409.3515625,17494290,8626.953696679619,8658.920176333828,8542.042735098126,8580.0029296875,1981323
2021-07-09,1455.5324796477487,1465.5128173828125,1435.3721243247433,1465.5128173828125,7311825,4606.749706411041,4619.025908727022,4562.119072836362,4584.8662109375,2204135,306.84036393232896,310.48134388462177,303.5484952740078,310.1322021484375,31130565.0,407.70654667530135,412.84088134765625,405.5630596892165,412.84088134765625,20736593,8566.017872177816,8667.47691426511,8525.060818794807,8638.94140625,1426900
2021-07-12,1456.5308451665303,1461.521015170643,1436.3704852517208,1453.5367431640625,7214721,4564.048807856843,4600.343720299975,4553.907833180075,4598.20849609375,2555929,309.6834047997778,310.6809354572843,304.37653439571056,308.3865966796875,20909471.0,408.80322176932685,412.59168604046425,404.2172325105223,411.5947265625,12387291,8617.962709511778,8767.805575679247,8604.976327777264,8752.8212890625,1538438
2021-07-13,1458.7266695345672,1470.7030791725035,1442.9578032761544,1444.1553955078125,4956637,4599.8109997448,4635.57174809105,4579.528558759299,4633.4365234375,1400460,309.23447367053245,310.3317633752261,304.3964443649856,305.14459228515625,19229617.0,421.5144000187561,422.71076340585637,409.55088784689224,410.9466552734375,23439650,8692.884901199837,8755.818910482254,8647.932037426683,8749.8251953125,5039988
2021-07-14,1438.9653987614854,1469.505213284934,1435.9712969095724,1440.362548828125,4984664,4614.222896716611,4622.229137909956,4561.382289700185,4595.5419921875,3046800,304.3964426568461,309.8329963564653,303.3490477513715,303.9974365234375,50621963.0,410.04938022549555,414.83480349738124,408.8530472261134,409.8001403808594,12465401,8731.842538337034,8750.822633089168,8586.99444680759,8659.91796875,2336481
2021-07-15,1425.192532391696,1426.7893624036617,1395.2515128036353,1404.633056640625,8327879,4590.2024401838435,4635.037276463337,4566.184213054522,4575.79150390625,3111765,299.95738813305184,304.39637992095123,293.2240582770354,295.31884765625,67202302.0,412.79107541310674,413.1400173286506,405.4634473106365,407.5072021484375,17123923,8604.97507460535,8623.955168222426,8299.164949867783,8337.255859375,3788349
2021-07-16,1406.6291437091145,1422.3980078080406,1387.866055780413,1396.6488037109375,7567358,4609.418542502458,4653.18553275576,4591.537923667013,4652.1181640625,3066826,295.16930094481125,360.8167878499492,289.533259095648,291.5283203125,34118331.0,409.50109108382696,410.39834849728805,400.5284560996409,402.0238952636719,21137554,8218.382041788445,8331.263671875,8166.380419376085,8331.263671875,4072238
2021-07-19,1372.895449095359,1385.470652241374,1330.1796700096647,1336.367431640625,9938197,4650.517430019889,4663.861490531301,4603.5483255425615,4639.30908203125,2730582,285.29373351234347,288.48584340685056,275.61767512891953,277.76239013671875,65451501.0,398.7837521854185,400.6281331242332,389.06339822589894,390.6086730957031,20668481,8274.322993197566,8306.289471017477,8181.420417033451,8298.2978515625,3265971
2021-07-20,1345.948785801723,1363.1150457120903,1321.3971708899262,1344.551513671875,11882373,4663.860646295256,4684.142600844489,4607.8169669646995,4613.15478515625,4695064,280.20633886640644,284.2962204063092,275.1688215238134,279.45819091796875,81703580.0,394.7959311539454,397.2883297092102,388.1661570818984,394.5965270996094,35484539,8339.255705083668,8504.082872230147,8288.309126147484,8447.142578125,60291388
2021-07-21,1348.1441590728432,1392.8560019824083,1340.7586842947887,1385.0714111328125,7082587,4622.227634884668,4647.847403419289,4588.601627760118,4593.4052734375,3624391,280.55549646915483,290.3811795006074,278.90957697831305,288.7352600097656,53660767.0,395.9424219333154,403.86826137943615,394.99532875266584,400.6281433105469,18849481,8508.077913271,8664.913446015338,8414.176384111966,8450.138671875,5158277
2021-07-22,1385.4709396554406,1391.2595863796867,1358.9232559887253,1361.9173583984375,5813672,4472.781252868177,4477.8485752535125,4303.050565807411,4323.86669921875,8023918,290.0818710843508,291.02953728151994,281.9520032093172,283.2986755371094,34370652.0,403.07065778039413,406.5361016652995,398.68404267370795,399.48162841796875,14896047,8474.113530383689,8493.093626703068,8341.252856148038,8450.138671875,2992786
2021-07-23,1373.893111011642,1384.4722434340529,1355.529267314662,1362.5155029296875,5155016,4307.318474293111,4427.411081966696,4290.9687276706345,4423.6748046875,3432527,285.2937701926517,287.3885906776152,281.3535118889771,283.3984680175781,24361379.0,399.2821839430276,403.7685006165447,398.88340632367135,400.37884521484375,9358354,8443.146517541274,8516.070049933667,8431.159087558963,8471.1171875,1865735
2021-07-26,1351.9367919704318,1404.2337963867187,1347.1463020105873,1397.24755859375,6972090,4388.982247728416,4421.00672164377,4302.5156320356755,4303.04931640625,4461507,281.00438457049296,292.42609177163973,280.30610096770744,291.5283203125,37157587.0,398.2853012222862,403.9679822707171,391.7053627516788,401.6749572753906,18758188,8480.108103301753,8484.103913457626,8248.351114261111,8283.314453125,1967668
2021-07-27,1395.8503277789546,1404.633075709479,1383.275123747316,1396.6488037109375,9667756,4282.23299564015,4368.699607427793,4255.012169672325,4324.9326171875,4233460,295.0196842572127,295.0196842572127,288.18659334320034,290.680419921875,30263430.0,405.7624925711299,406.161270262655,397.8865190705544,402.07373046875,18925080,8212.388986864626,8353.241297672059,8180.422504979249,8244.35546875,5105316
2021-07-28,1390.4605390656295,1407.0279963902126,1390.4605390656295,1402.836181640625,12527622,4315.858491943401,4346.538271140283,4309.987477451985,4322.796875,3036930,288.58561058148695,291.92734441359,287.588079911738,291.0794372558594,41006903.0,393.450081739644,397.68715984240487,392.55282422637055,395.3941650390625,26888237,8234.365888173315,8288.309325994662,8202.399406501407,8257.341796875,2210869
2021-07-29,1432.7773987351222,1475.8925349971198,1432.7773987351222,1455.732177734375,11509918,4328.668716928179,4391.116606257919,4311.055184687331,4384.17822265625,3027903,294.52091571522664,299.15942701230637,292.42609532364327,294.919921875,37771558.0,395.54359323782217,401.92412652708634,392.65241741883494,399.7806701660156,21830715,8241.357386479476,8390.201295641347,8133.470526147381,8268.3291015625,3008574
2021-07-30,1444.9536024653112,1460.7224657871961,1438.1669228688486,1440.362548828125,9645280,4371.368479558236,4441.288926481834,4361.760699254147,4431.14794921875,3534063,291.42859828325123,293.3887425254109,287.1392282975582,288.48590087890625,45682999.0,395.49382704136207,399.1327229586247,392.8020243492565,396.2415466308594,20636760,8209.391244623474,8272.325249054147,8171.151559407145,8259.3388671875,3871533
2021-08-02,1454.5344936235163,1490.5715304635012,1450.5423583984375,1450.5423583984375,6391004,4452.497996784527,4452.497996784527,4370.301334474876,4411.93359375,2359340,291.4783854040737,295.0694703713792,288.9845594866611,289.034423828125,31427948.0,400.5285057795433,403.81846017856884,393.8488645151079,394.9455261230469,17109614,8262.335174095811,8291.30479325296,8165.157300728025,8265.33203125,5217517
2021-08-03,1453.137049017768,1500.3620002209746,1448.346438585596,1476.2913818359375,42655184,4409.263060302529,4467.441464974986,4402.324677900758,4435.95068359375,2135982,295.26899225694984,306.34158555502773,294.91985053577133,305.34405517578125,83908375.0,394.9454743194677,399.38195597770704,392.15400006976284,396.8396911621094,15536542,8270.327449398126,8326.268787381734,8243.355732870314,8288.30859375,1397670
2021-08-04,1481.0823427151447,1483.876886433525,1447.14918931062,1459.924072265625,65237134,4445.024819916975,4464.773088393642,4402.85888671875,4402.85888671875,2258036,306.44137975114336,309.88284168806445,298.46113580389704,302.2517395019531,73708367.0,398.783747971751,400.3290228252273,393.8986531440541,399.1825256347656,18661817,8328.266729448496,8348.24577881745,8233.366244945964,8261.3369140625,2569377
2021-08-05,1447.548362350124,1479.6850045191916,1446.3506485972368,1479.2857666015625,45137773,4388.862277653345,4413.950244892164,4370.712861291631,4377.11865234375,3464803,297.71300378687323,305.2942115866799,296.9578541672118,304.9949645996094,54836534.0,398.68407891827707,403.6190403774296,397.23850596721167,401.6749572753906,12040460,8341.253338715236,8365.228198610945,8233.366469184548,8333.26171875,2390496
2021-08-06,1470.103647325944,1503.4568811302158,1463.5166492396243,1480.083984375,75926266,4378.718591057596,4383.317969150791,4351.495205525271,4368.57666015625,2617769,305.04487640442585,307.2394561250648,302.251802616541,306.6908264160156,37607345.0,399.58134971747575,408.9029269941679,398.534554427357,408.6038513183594,16132397,8349.245019495334,8374.218832068604,8132.472326359358,8148.45556640625,1781801
2021-08-09,1470.5030394928679,1475.4932085410787,1451.1411592197494,1467.70849609375,12975421,4368.57727709078,4408.078024646054,4347.431638195398,4403.27392578125,2102390,304.8952581421181,305.6434061812901,299.25921566880004,304.6957702636719,37437060.0,404.6160636655918,410.54795508819495,403.6938577717804,409.50115966796875,11323935,8194.406169622769,8215.384169081757,8102.502552945298,8186.41455078125,2194047
2021-08-10,1467.9083884990182,1479.685116059823,1458.327165074905,1474.6949462890625,4272139,4409.679763450733,4416.085554333544,4378.719740660936,4384.591796875,2921041,304.44633179542166,309.35118164823115,301.6033636790858,308.1371765136719,41907557.0,405.1144617725717,408.80319332954707,403.02084092953885,408.7035217285156,33137155,8155.448154585685,8184.417776888844,8120.484817323253,8140.4638671875,3726224
2021-08-11,1484.2758771983538,1490.663318136466,1477.6888782244862,1487.868896484375,12156809,4401.672664531159,4427.508343600481,4390.46277570699,4416.0849609375,1941016,309.7332793637932,311.9278590595232,307.23945263783673,310.9303283691406,27870340.0,408.7533876581209,412.09320800809013,407.4074862723376,411.4451904296875,15908675,8154.448960462351,8210.390298424607,8141.462578435399,8171.43115234375,1886529
2021-08-12,1471.2734848333864,1481.2549874441966,1460.0942506470851,1467.2808837890625,2791875,4409.14599609375,4446.511809489338,4402.10411052094,4409.14599609375,1836249,308.57527385363755,310.3211734674627,305.08347462598726,306.2308044433594,51710456.0,410.7472763462461,412.6474868206109,407.0585143644841,408.7035217285156,19911635,8097.152676056603,8315.94063855585,8097.152676056603,8290.96484375,2794210
2021-08-13,1461.2920321520965,1465.8834991410479,1449.7933212564326,1456.900146484375,28294166,4420.3548536224625,4452.3823380297945,4416.618224412993,4440.10546875,2258526,305.5823690501247,307.777226931145,303.17502797931894,304.6346130371094,80590108.0,409.1521483448154,413.48892799646273,409.1521483448154,410.2488098144531,20477872,8319.936682218728,8424.835019350448,8299.95604657459,8417.841796875,1739398
2021-08-16,1436.7374083286704,1436.936989628934,1409.5876500450145,1422.7633056640625,5457603,4429.964085165165,4445.444340159757,4357.367884462068,4409.14599609375,1948937,300.09527738217963,300.5941059884972,294.658063840968,297.3018493652344,72501819.0,408.50410959244573,410.05038849323023,402.92113092977604,403.96795654296875,27120773,8417.840403168131,8483.77648987702,8371.884948795268,8468.791015625,3866338
2021-08-17,1409.7871638278234,1452.507913128976,1409.7871638278234,1444.9219970703125,47224101,4397.93614877799,4444.91015625,4376.050592588957,4444.91015625,1970575,293.95971006351624,303.8864121306981,291.8646236962722,301.741455078125,36927308.0,406.4104814947234,407.60684490981265,400.5284272909031,404.615966796875,22465004,8476.782395484493,8576.685546875,8436.82113492829,8576.685546875,2777291
2021-08-18,1441.7282153358515,1441.7282153358515,1424.7596614405054,1438.7337646484375,17813563,4440.105534451347,4450.781200268826,4375.515855283232,4378.71875,1880255,300.2449191509899,302.6392901235257,298.3992474100073,301.94091796875,31215425.0,405.01474893920465,406.01170832120886,397.3979646567954,404.2171936035156,12047961,8633.631101167044,8746.521672149673,8586.676615891083,8723.5439453125,3635886
2021-08-19,1402.4013556628734,1409.7876932217484,1380.0427616378465,1382.0390625,7004581,4356.2993914580475,4386.725672203739,4327.474314330465,4385.658203125,1665397,289.8692023091853,293.5605450455361,286.02824757198965,287.0757751464844,72940536.0,394.84584178451865,396.6405834393586,392.3531281368891,392.9513854980469,14897497,8634.631066626245,8738.530364431304,8599.664956788003,8727.541015625,1745582
2021-08-20,1389.8243408203125,1396.4121076669956,1380.242123421091,1389.8243408203125,8045717,4395.266960504233,4434.767708316903,4355.232478084091,4415.017578125,2231951,286.97608504537715,288.6721144493574,285.4297285769867,287.1756286621094,39110800.0,394.2475168444426,396.8399446793297,392.75188891223405,394.9953308105469,38496222,8726.541048285204,8750.517806746435,8627.63691963263,8722.544921875,2727142
2021-08-23,1409.388372609213,1424.3606286921722,1395.4142669317846,1419.5694580078125,3735146,4424.626036685044,4429.963870503211,4372.314192923437,4393.666015625,2102721,291.31586665783897,296.70320878763823,290.31820958024366,294.308837890625,42383976.0,397.8371236898867,398.2858243467054,392.7021393319975,394.0980529785156,23577771,8751.517725787047,8765.504169641046,8599.664906800788,8615.6494140625,1155660
2021-08-24,1427.5544037016155,1434.7411584315657,1418.371470365274,1431.9462890625,9124564,4382.988303845407,4397.401083693007,4325.338646741173,4358.43408203125,2782045,296.3541008629208,299.5466165314488,295.10702918710297,298.14990234375,32580211.0,392.4029590165602,392.4029590165602,386.0714908755534,389.26214599609375,23988818,8571.689853824737,8608.654017530042,8438.818670775938,8521.73828125,1722880
2021-08-25,1435.5400545038021,1435.5400545038021,1421.5659469767663,1429.7508544921875,6625085,4352.563247173366,4364.840605233099,4298.650203544934,4313.0625,2727244,298.2995331685203,299.09764683134006,295.90516173397657,297.65106201171875,20469164.0,388.8632951730954,397.63763427734375,386.71956770850835,397.63763427734375,23474559,8517.744892143108,8656.61030851748,8508.75360619081,8544.71875,2711109
2021-08-26,1423.3624197981314,1441.329126359398,1417.6789818400266,1429.5509033203125,3928417,4294.912137754741,4347.223960094198,4279.431889849569,4337.08203125,2214008,295.9549658887414,298.8481653236657,294.8575370145073,295.8551940917969,24901687.0,391.8544923154665,396.79007633669187,391.3061076147197,394.29736328125,11171478,8529.731105905814,8631.632320804196,8516.743696163863,8571.6904296875,1273495
2021-08-27,1432.1459856471529,1459.239696287302,1428.3529660700297,1451.11083984375,4854860,4344.023067459911,4346.692228220095,4318.40087890625,4318.40087890625,1766901,295.80528751089554,302.58934263457076,295.5060026024676,301.7912292480469,25936073.0,391.80474873201325,394.24758988334133,389.7607052554688,393.7989196777344,16377892,8568.694434448884,8609.654731966944,8554.707991393936,8556.7060546875,1607899
2021-08-31,1445.7205070872415,1449.3138227748111,1427.9533880702525,1428.9515380859375,26364398,4328.543702457136,4340.821063209652,4288.508724475244,4319.46875,3880426,298.39925976257854,301.69151618034215,296.1545311742634,296.2543029785156,75469744.0,386.2708554913801,389.3618261379967,381.28542878026616,385.0743713378906,32462404,8517.742283848662,8573.688045975747,8473.784899320237,8505.75390625,2941351
2021-09-01,1442.7264860203459,1452.9075704697832,1425.3586462143758,1425.5582275390625,8525091,4321.069148853613,4345.623863012675,4302.920224226837,4317.33251953125,2423575,297.4015629990794,300.24489158810377,293.5605773925781,293.5605773925781,32877687.0,387.3676716385923,391.1266725815245,383.9277148927431,385.6227722167969,18015714,8526.732572212417,8556.703512712284,8468.788753912671,8507.7509765625,1535206
2021-09-02,1423.1625433771997,1457.4988113214295,1420.9665399238816,1452.707763671875,13149348,4282.634703423624,4283.702172244307,4189.754680021857,4228.72119140625,4873148,293.06177212292954,300.9931582192411,291.8645714285918,299.1973571777344,41292118.0,385.47320797189764,387.76649213861975,381.6344232331406,386.1213073730469,17756137,8535.725991119109,8615.648519125842,8507.753106316752,8605.658203125,1286043
2021-09-03,1450.3125060509358,1455.9021238251032,1430.3494983971034,1430.9483642578125,17696562,4237.263385562582,4290.108953569056,4219.647708798292,4246.87158203125,2957178,298.8980615145277,301.2425616966987,295.90509033203125,295.90509033203125,35754065.0,385.0743671031383,386.4204079574325,382.13295320447656,383.3294677734375,16217771,8611.652271675579,8660.6048193916,8466.792691699597,8500.759765625,1257456
2021-09-06,1432.545436276008,1443.9243754506267,1429.7506882023781,1440.5306396484375,6063266,4262.884968697919,4280.500645000882,4235.661583606697,4272.49365234375,1736568,298.0001772054617,300.4943198655473,296.25525161787834,297.7507629394531,16758821.0,384.12713664419965,386.7195646774271,383.080209183007,386.1213073730469,8646481,8543.718959658761,8657.608571609311,8511.749945777907,8636.62890625,800437
2021-09-07,1440.730202128407,1453.3068718427573,1433.7431498599321,1439.5323486328125,8416035,4271.42730653393,4276.2314064539705,4247.881562749691,4258.6162109375,2366233,297.3516196683011,300.943190510571,296.15444968492557,297.7008056640625,24785686.0,382.0831342992099,383.8778758329504,380.23852023870194,381.3851623535156,20202903,8633.632287208531,8633.632287208531,8448.81141551985,8461.798828125,1496230
2021-09-08,1434.940609828186,1450.7114307003164,1419.9683578019226,1431.546875,6825477,4246.338406713597,4304.521815150746,4206.303437107125,4294.3798828125,4250667,296.7531254881273,302.5395246635239,294.05943905877547,297.5512390136719,44406666.0,378.3939598128672,380.6374022623506,374.5551744246907,379.4408874511719,18780216,8462.796194319259,8489.77004595975,8292.617415045728,8305.9482421875,1765026
2021-09-09,1417.5731979414998,1422.1647874145403,1403.0002259707942,1415.177734375,9516909,4278.364444752137,4301.851196521722,4233.52587890625,4233.52587890625,2659719,292.7126099205511,295.1069810584087,290.61752375764536,294.00958251953125,48860637.0,377.2472085654923,378.29413590138597,372.4113390410809,375.3527526855469,18675621,8291.961714559971,8341.913291153705,8169.080836139384,8196.0546875,2589320
2021-09-10,1424.1609841398347,1424.1609841398347,1410.7857449304563,1416.17578125,6672645,4231.926702020136,4247.220273904784,4208.973671039511,4226.5888671875,2232360,295.7055487088054,298.0999195815172,293.85987704477094,294.9573059082031,34101685.0,376.5991618089607,379.3909887134548,372.7105044674159,374.30584716796875,13489555,8163.0873859741105,8200.051555999939,8127.122247570603,8165.08544921875,1560501
2021-09-13,1422.5637362725097,1451.110931875611,1420.7671388677,1449.5137939453125,1045330,4232.994655304573,4281.569878355034,4228.723802527338,4269.0341796875,87181,296.4049717857905,302.4397810862529,296.242328814426,301.5917663574219,50617176.0,378.1944362370733,379.7399366852157,375.7515955472402,379.24139404296875,12230682,8185.066702728008,8218.034748766093,8066.18193065128,8090.15869140625,67933
2021-09-14,1448.1161957609654,1464.0865971618275,1435.7391103063987,1447.317626953125,9485967,4269.292234383159,4318.934923626625,4259.684034842998,4278.36669921875,3436861,301.24262402535726,304.5847515137866,298.6566859151858,299.29718017578125,46189094.0,375.9011971091039,376.20031055869293,370.6664987408737,371.8131408691406,25672101,8089.158423842539,8141.108064208083,8065.18166675075,8122.12646484375,1969925
2021-09-15,1444.523002904339,1479.059099265258,1444.3234215907842,1473.4693603515625,14190892,4271.960815486586,4285.839867220953,4237.2646484375,4237.2646484375,3687071,299.24725300450666,310.52076581802305,298.59875154633767,308.52545166015625,71019810.0,371.01548545790905,374.3058551244789,369.9685275249955,371.3644714355469,29158430,8135.113915564903,8179.071303786058,8091.15652734375,8117.13134765625,2585986
2021-09-16,1478.6600819141981,1491.8815543363191,1460.2940895023362,1461.4918212890625,11653122,4200.9653614721365,4240.106384288841,4191.6700936035595,4212.708984375,3585415,309.6727713544096,312.86528639308506,304.98380104607475,305.23321533203125,81654031.0,369.32039604479655,372.8101946610407,367.475782119056,367.82476806640625,28536650,8151.09877963875,8253.999033873679,8133.1162109375,8133.1162109375,1724034
2021-09-17,1473.6690521459352,1476.663502893247,1443.9241259848332,1453.3067626953125,18491622,4238.864872637187,4245.27017490172,4179.613511403319,4182.81640625,9414241,307.77717314160566,308.8247007745169,302.04064560330994,303.9361877441406,98600571.0,371.91282043458074,378.7428608902177,370.96557721912694,374.95391845703125,79991043,8214.037423066788,8256.995779815981,8021.224333471568,8055.19140625,4835361
2021-09-20,1431.14788322175,1442.3271173310782,1419.768945954872,1434.142333984375,8109781,4190.290940446946,4267.157028160583,4181.216475143454,4257.548828125,5386325,300.2947478416125,305.4326751457009,298.9978059595968,302.9884338378906,50856932.0,368.024239100632,369.8688532358778,360.64581298828125,360.64581298828125,35684967,8210.041182892277,8550.7109375,8142.10703827842,8550.7109375,4536066
2021-09-21,1456.5010404999302,1510.4011630457348,1456.5010404999302,1486.2459716796875,14254492,4257.548621367731,4307.725532895244,4237.798487523593,4284.23828125,3275019,304.58470763599615,312.56596462425495,304.5348369582512,308.0765075683594,50626001.0,361.94197384726266,366.67812915242655,357.4052477790311,358.7014465332031,37801875,8551.710686351895,8701.5654296875,8498.762010373313,8701.5654296875,3430306
2021-09-22,1498.4230407428377,1526.5709496631273,1498.4230407428377,1514.992431640625,14329333,4278.899400286331,4322.136775201325,4273.027832525483,4291.1767578125,2343776,312.5161341883201,318.95103564213935,311.72700215967836,316.0079345703125,51097066.0,362.3408225567691,376.300017936502,361.78543918171925,374.30584716796875,33258547,8681.585564871766,8711.55651618893,8544.718220523384,8608.65625,1471718
2021-09-23,1522.977623641852,1525.373086645844,1504.4119324493668,1520.9813232421875,33298702,4298.115802988511,4300.784475569188,4260.75,4260.75,2115674,317.65399466683306,318.5518799114131,311.6181817680838,317.0055236816406,31378887.0,374.7046291322218,379.59037125689053,328.5894357839118,375.7515869140625,32792317,8645.61902706074,8726.757169466498,8584.680053791033,8659.60546875,1533110
2021-09-24,1526.37109375,1533.9571320331477,1510.001529482986,1526.37109375,13167540,4258.080926177892,4280.500700882064,4245.80356977193,4259.6826171875,3765897,317.25497121035454,320.4474862437334,314.56128474806115,319.4498291015625,39785130.0,375.60213083666923,375.90124432382817,371.36451733965,374.35577392578125,28302653,8891.383274007208,8973.3038839475,8817.390527971915,8836.4365234375,4861722
2021-09-27,1544.7373823811351,1594.6448974609375,1539.9463340401858,1594.6448974609375,10575959,4275.696808279214,4278.899703388757,4224.005463967556,4232.99365234375,3400252,323.639975421534,330.5737048364017,323.09127616398916,330.5238037109375,63674198.0,380.08891819597426,386.270828630697,377.24721908252076,384.8250732421875,25948496,8860.41266929971,8890.38362206541,8547.715728777577,8558.705078125,2153124
2021-09-28,1603.428639201762,1662.319505906903,1603.428639201762,1638.76318359375,26088736,4224.987434995034,4315.732571969377,4215.378747899969,4283.70458984375,5084819,331.47152644734325,342.69516729770476,331.2719828760182,335.81134033203125,82346561.0,383.2298127071582,389.76071047032235,381.58462774065305,384.2268981933594,21830054,8515.74650862196,8666.600300597784,8436.823001561763,8465.794921875,2345573
2021-09-29,1615.605836721408,1650.5410925833633,1280.4071010883658,1648.1455078125,18614211,4315.1973686943265,4349.894012569696,4299.290129987435,4338.150390625,3647382,333.41695519923115,337.95628201165965,328.1293552499289,337.50732421875,54608329.0,391.35603346091517,393.64931779127124,387.8662344364229,392.3531188964844,23497827,8599.664174827352,8841.42982658249,8550.711625505031,8824.4462890625,4161391
2021-09-30,1651.3398549013807,1672.7002953567173,1633.1734466183582,1651.938720703125,22171312,4353.631291491443,4357.367433758529,4275.163042734166,4275.69677734375,4434340,337.0584440160289,341.4910275163942,334.06547283420133,339.502685546875,60020400.0,393.0012648632744,393.5506538912937,388.4645377658771,388.9132080078125,27715937,8898.374583015007,8989.286459859553,8881.353972143721,8949.3251953125,4365829
2021-10-01,1630.7778502839872,1658.3267715159395,1626.186261874906,1644.751953125,17682457,4263.953959537686,4322.137372903133,4239.93297573916,4241.5341796875,4075895,334.8635737042929,340.5003297954242,333.31721749696453,337.158203125,58623676.0,386.8691429943096,388.01578514168483,381.63444453884534,387.5172424316406,18812613,8872.39931510387,8905.367356698109,8654.610434269207,8764.50390625,2357783
2021-10-04,1647.3472164414993,1687.8720927016243,1642.1567619734374,1669.506103515625,19266001,4240.466380835138,4245.804214343672,4182.282971991493,4215.3779296875,3236904,338.15583117911854,346.9850707200502,336.509672875214,343.6429443359375,48266571.0,382.88083195903624,388.7586400265989,381.28548907348,383.08026123046875,24988392,8739.528658225696,8878.394054144006,8714.552867592907,8817.453125,1763044
2021-10-05,1667.1104070387917,1702.6446514582638,1665.3138097944009,1696.0567626953125,11851725,4216.980259040251,4228.723397050188,4181.56367229768,4183.35107421875,2866699,344.0420616145859,353.68938885050113,342.54557594461915,349.8284606933594,73082543.0,384.92482765785326,393.54964118486424,384.92482765785326,391.8545837402344,17570733,8839.431575344399,8907.365723979505,8814.455785405022,8847.423828125,1889685
2021-10-06,1695.8571616295612,1695.8571616295612,1647.0256612805854,1649.54296875,13807711,4154.525578709116,4163.600042379178,4095.808432171725,4140.11328125,3766764,349.3296752162979,349.57908952538367,339.86292250687643,340.74981689453125,72011909.0,397.58783108343493,408.95459935344775,396.7403023483767,405.1158142089844,56111967,8730.538737090417,8824.732604692346,8607.657827986159,8769.5009765625,1590300
2021-10-07,1660.722572133463,1674.6966767899958,1625.986891820844,1669.306640625,16387591,4159.328060590575,4190.288556872286,4135.84130859375,4135.84130859375,4582544,343.5931611947346,346.5861330351871,337.50744569659764,343.9922180175781,54104479.0,409.8020423929185,418.3769817257951,406.81078660902864,414.8373107910156,50053445,8806.463362459692,8884.387825564838,8758.50984670268,8868.4033203125,1486907
2021-10-08,1686.6744226952069,1712.2270459611177,1676.4932165464993,1705.4395751953125,12273814,4136.9104012033995,4152.390655420313,4102.213750303733,4127.8359375,2667223,347.3343070162267,354.11839344161297,345.7879507175261,352.7216491699219,51878353.0,411.64669481747643,420.05211705562164,411.34755095385646,418.3271484375,38626487,8868.404197999283,8963.312207327877,8829.05269145869,8880.392578125,1121443
2021-10-11,1711.4283936946356,1742.171470121906,1711.4283936946356,1733.58740234375,13561196,4111.287370207434,4135.308348559709,4090.2528680704218,4126.23388671875,2015702,354.61734891192805,360.8028067667889,353.1707334467755,359.4559631347656,39709454.0,419.22450357701194,429.5443115234375,419.22450357701194,429.5443115234375,46087488,8900.373248522194,8999.2773849689,8809.461365525727,8994.2822265625,1436256
2021-10-12,1716.61886518035,1734.984732481191,1711.2288294096622,1727.9976806640625,21145437,4107.017678373204,4124.415477130886,4087.26730416084,4111.82177734375,2604635,355.7645213888135,358.7075915118953,352.32259227885226,357.36077880859375,58381512.0,420.6204493026855,427.7496032714844,420.6204493026855,427.7496032714844,24356723,8912.359575340217,9072.204607517599,8855.414782627024,8887.3837890625,1385930
2021-10-13,1717.8167724609375,1722.607942934839,1696.0570458383804,1717.8167724609375,16922905,4092.6051534709563,4144.383257459905,4073.9222495308622,4126.76806640625,4028783,354.4676249348605,357.1613118113126,348.8308673041503,354.11846923828125,70908431.0,429.39475662545186,429.39475662545186,421.21867583646144,423.3125305175781,31662586,8873.399637387069,8882.390922766093,8676.590390757341,8846.42578125,1912408
2021-10-14,1735.983136231028,1757.9424451485272,1730.1939369867703,1741.5728759765625,9911190,4142.781780573383,4145.450453327482,4112.88923372578,4142.24755859375,2542719,359.1565682238054,360.2539971603718,355.11606900971935,356.8619689941406,49581753.0,427.25110590401954,428.6968919460929,423.91086363444595,424.7583923339844,17208553,8832.438697934394,8870.401900119838,8772.496799746852,8805.46484375,1784691
2021-10-15,1761.136250759456,1772.3154843474147,1755.3469308172405,1768.72216796875,9212701,4136.909073900648,4141.179437063239,4065.1244689832834,4113.9560546875,4042480,361.10197987394656,364.3443652725111,359.7551367730198,362.74810791015625,35439104.0,430.7408484167618,434.7790316992176,429.4446497017739,432.9344482421875,38201023,8831.438841316089,8839.431093661171,8741.526002433911,8786.482421875,1701134
2021-10-18,1773.712970036646,1781.099306154716,1757.7425662546616,1764.92919921875,17784393,4092.071303384541,4117.511676408511,4080.327680537291,4097.94287109375,2755340,364.14485054619246,365.5415644316743,360.15422204705607,360.6031799316406,39953467.0,429.4945308274791,434.6295144893129,428.3478887171482,431.5385437011719,28464618,8698.567447475105,8760.05959366124,8658.60618666208,8690.5751953125,1112241
2021-10-19,1766.1269997042327,1778.3043834854143,1759.539232710405,1775.1103515625,11944358,4099.545098697929,4100.078833338715,4035.489630370008,4042.962646484375,3441792,360.6030697833374,363.58605393252657,358.7074974683978,361.1018981933594,64669036.0,430.7408615533821,432.8347468272147,428.7466908980424,430.840576171875,16373660,8637.62717103287,8753.514836061764,8598.66493882488,8730.537109375,1408339
2021-10-20,1772.1157997764756,1791.879099629711,1763.9308954439432,1782.6961669921875,7439623,4074.4558397356964,4106.483569477609,4063.2461952546305,4077.125,2771516,359.5058016511995,365.0587410431257,358.35850188528565,362.2493591308594,34756900.0,430.2422461895989,433.931473450044,428.54718924752973,432.0369873046875,18024030,8782.4865151287,8808.461335899186,8723.543652611057,8759.5087890625,999913
2021-10-21,1771.3174049395116,1780.1011758557872,1752.5522533922137,1752.951416015625,7317624,4131.571848162194,4215.377432884545,4090.4699013330182,4124.63232421875,4676400,360.35370222642666,362.4367921558315,354.866589005873,355.36541748046875,38745935.0,431.139722852196,435.32749372286065,430.09279534884564,433.4828796386719,18850390,8735.532232843,8858.413118552022,8734.533201251868,8854.4169921875,1144096
2021-10-22,1753.7499760981686,1771.3173959975234,1745.96435546875,1745.96435546875,4992546,4142.783099382386,4179.928598800233,4128.904046927575,4156.1279296875,1925334,354.0685021256005,357.95935876402007,351.175302596831,354.16827392578125,27345718.0,432.8347428603771,436.6735274224503,430.99012893536747,433.5326843261719,24993076,8883.390732252528,9020.25808833874,8864.409128123783,8987.2900390625,1620095
2021-10-25,1761.1363215951885,1780.349739109324,1755.5467045763858,1772.5152587890625,7466673,4163.5994211431625,4193.491968302159,4132.639404871407,4141.7138671875,2479632,357.70993721645925,362.2492952407559,356.66639788728816,359.8050231933594,26259746.0,437.02254161091497,441.7586975097656,432.2863857120643,441.7586975097656,31589508,9002.273018567574,9056.22072059872,8911.361150329903,8933.33984375,1079881
2021-10-26,1769.5207706717147,1782.2970204670587,1758.5411181777656,1770.5189208984375,7826592,4167.336154015065,4189.221708514532,4149.187228931922,4182.81640625,2189076,359.75514275307677,362.09964293868734,355.7146133831324,358.3584289550781,30731421.0,440.06356707662275,446.6443356015457,343.45995184303445,445.8466491699219,30569575,8944.330642498508,9027.250272044736,8936.33838904827,8994.2822265625,1290577
2021-10-27,1757.1437737375857,1771.1178776294066,1747.3618522755044,1762.3341064453125,9888626,4186.020486051067,4203.3632087574715,4155.059972817075,4156.1279296875,2267758,357.9593161173979,360.9024164186616,353.51976077602285,356.76214599609375,31054647.0,444.8994670411905,446.84376509283476,441.210239309412,443.4038391113281,19739782,9051.226123405186,9140.139934109719,8978.296817995852,8985.2900390625,1609568
2021-10-28,1733.5874498727499,1750.9551672173511,1690.2677034810135,1710.031005859375,49765882,4146.51864051218,4175.343232432727,4139.045381527369,4163.599609375,5999254,352.6717123322227,355.2157252356811,348.38179986276316,351.22509765625,31937639.0,439.9140806019251,441.9082513563697,435.22776715752804,439.11639404296875,24700050,8970.30403268574,9135.14423375414,8901.370857693502,9051.2255859375,1268051
2021-10-29,1689.069736543349,1719.8128117476808,1671.103032764209,1677.8905029296875,13574405,4152.391122538153,4180.148251408831,4118.7619371313685,4176.41162109375,4323528,351.37480004118345,354.46751231798214,348.39278969230793,349.3794860839844,51773323.0,435.42716795667195,442.05777919627644,434.3303680276585,440.2131652832031,31198853,8970.302797088052,9100.176877010254,8960.312483247882,9085.19140625,1581992
2021-11-01,1673.0992525778927,1719.812728890908,1668.3082049076488,1680.0863037109375,18154137,4211.641471320421,4216.979304428317,4118.76093307043,4195.09375,2115384,350.277403591185,357.66005982471114,348.3928218341174,356.16357421875,35798802.0,439.7146691197377,446.1957243335207,434.33041395093676,445.1986389160156,18056181,9168.112621445132,9180.10100015902,8963.421396443138,9129.150390625,1191987
2021-11-02,1674.8958084759672,1676.8921086052592,1643.9531564719416,1658.526123046875,58292912,4200.966675076063,4235.129597891312,4171.607852353085,4226.5888671875,1933626,356.1635390020739,358.00921048947885,341.0989126357405,344.14178466796875,86162288.0,442.5563614547814,443.60328895469854,436.8729624958924,443.2543029785156,22235552,9181.099647496883,9417.8701171875,9148.941369288064,9417.8701171875,1829972
2021-11-03,1647.1471750620028,1652.5372097378447,1618.7998109232965,1625.587158203125,27526762,4210.5741755045865,4228.189368725104,4193.4927169357325,4211.10791015625,2488799,338.75449183688215,342.1465506913239,333.21750652662394,334.0655212402344,83459281.0,441.11058231240355,443.2044677734375,439.11641147877725,443.2044677734375,20371732,9383.904734655212,9434.855351227918,9290.99478678734,9330.9560546875,1646165
2021-11-04,1630.1788104216246,1670.7038048368995,1628.1157392919674,1654.9329833984375,29315521,4177.345617881435,4213.646950839212,4143.1794280503045,4163.9990234375,6236189,334.0654301586038,342.0466856239021,333.05778691336644,338.70452880859375,105959776.0,444.2014416757339,444.8984093191263,429.69483839059217,432.2364196777344,44495714,9323.961026748484,9465.823500315213,9316.216581359147,9433.8544921875,1936557
2021-11-05,1646.1492020206788,1686.2749117272415,1642.356304503513,1680.2860107421875,37742725,4165.600868258084,4198.165213268631,4157.775422456247,4163.9990234375,4651910,336.75908523635,345.88767052150155,335.41227273493604,344.5906982421875,38450352.0,430.4417742051146,440.4634743286856,429.64408763747275,435.9755859375,25668001,9434.853629552046,9513.777119252873,9240.042484087979,9299.984375,1544225
2021-11-08,1688.6705491160596,1713.025316405338,1678.4893440174785,1683.080810546875,43605474,4173.608493661422,4173.608493661422,4123.9605678807675,4142.64501953125,3713639,344.8401578102884,349.8284431263524,343.44344401100597,344.44110107421875,36700886.0,434.3303990142237,437.4213697879168,432.7599773642075,432.8846130371094,22919247,9321.9638671875,9431.857343276946,9303.981298372863,9321.9638671875,1050140
2021-11-09,1681.484111906111,1698.6902652599836,1662.5192546170065,1673.898193359375,7145115,4144.248020163961,4178.94800432187,4112.471427897304,4172.0078125,3185380,343.7925867873633,347.43402852040117,340.9991290944295,343.6429443359375,33226420.0,428.24817207027354,431.63825628731547,427.10152996535754,428.4476013183594,27383781,9300.983568434438,9351.934176596646,9224.05814042483,9280.00390625,1775163
2021-11-10,1681.68352612989,1699.1969683772447,1665.9127040404753,1678.090087890625,19238549,4177.345642329257,4188.556118760956,4147.984011836841,4183.2177734375,3767405,345.18936728231216,352.59297086421213,344.5408962364601,346.9851379394531,77184530.0,428.39769253998554,431.98720570136015,426.7525078827055,430.0428771972656,22695358,9267.017666789881,9399.2137505437,9258.026381860913,9374.9130859375,1771177
2021-11-11,1650.9182159256893,1667.48926518776,1642.333104388473,1661.8990478515625,5390333,4193.3614678137355,4214.181554718326,4169.872451482719,4184.2861328125,2930505,341.8376445076883,346.5271676872836,339.0438568637776,344.3819580078125,54009703.0,434.081087699678,437.67060083446813,431.03995930371025,432.28631591796875,21402810,9415.872891663192,9448.840934679096,9359.927121696812,9434.8544921875,1376773
2021-11-12,1654.1128509279858,1657.9062785687554,1631.7518562119922,1638.34033203125,13503946,4163.999030681057,4202.4359943079435,4162.3976733332875,4180.54833984375,3046079,341.8377091126256,343.4341551466246,339.49293185484663,340.1414794921875,72994977.0,434.62947499035414,435.72627490306695,430.86548407891945,432.9344482421875,33985190,8914.358410088342,9227.797725696128,8750.517237920407,8792.4765625,4680272
2021-11-15,1636.74295743393,1680.466684271067,1636.2288402032902,1673.4788818359375,37838692,4180.01557614809,4185.8877086680195,4110.940266661616,4172.0078125,3155225,338.7445821580052,345.1303354960859,335.95082458811794,340.7900085449219,38450672.0,429.9930577228758,436.2248411681349,429.0458144677444,435.42718505859375,19055419,8949.326089115466,9027.25056276483,8818.452934653073,8959.31640625,2242704
2021-11-16,1679.4683424324276,1709.4160656503468,1669.685370771535,1697.8363037109375,33976323,4149.584290587595,4167.498039373544,4112.7486937316735,4136.77197265625,2985041,342.5361065863473,349.81988153250813,341.7877754209681,343.7833251953125,79506785.0,436.025386832011,440.29291067257185,434.77903021469035,438.717529296875,21088100,8917.35717733703,8920.354272512024,8477.783218337669,8593.6708984375,3755766
2021-11-17,1683.2615579331848,1695.6399739087744,1668.8867490403363,1686.4560546875,30925775,4118.622935589638,4134.253842888663,4083.743564058293,4116.4873046875,3548831,342.4861404017398,345.08036051947914,340.1413639405203,341.2389221191406,50057127.0,438.2190109652933,441.7586517834358,436.87293965817224,438.3187255859375,30262172,8559.701970860011,8739.527642516734,8530.850057948204,8581.6806640625,3454922
2021-11-18,1665.0936558866804,1665.6925860676345,1643.7309191434697,1657.90625,9049249,4111.149234472595,4128.766118825596,4081.787841796875,4081.787841796875,3012841,334.50398259142077,337.69385943169624,332.8257186529656,335.7013244628906,33627717.0,438.06944493489476,440.8612716817944,435.7761304233571,437.720458984375,21729565,8576.686234232378,8618.645561179117,8320.93414617606,8372.8837890625,2354891
2021-11-19,1668.8868709518877,1693.5407350394257,1599.8073815812847,1606.5955810546875,22515554,4058.2980743034595,4136.773365247336,4048.688710751214,4109.54736328125,4256846,341.0394626243195,341.88757741403083,322.6804098014485,325.8233947753906,93905289.0,438.21899521601455,444.69308159674125,427.45048600331836,430.4417419433594,37640643,8402.854912688701,8535.726117466682,8372.883964242541,8470.7890625,4284864
2021-11-22,1603.2015601181167,1619.173680268733,1575.8492799886649,1612.585205078125,7070904,4090.86316291089,4139.976824152756,4086.592144826994,4119.15673828125,3313713,326.2723862729668,334.154801747425,323.4786287844436,333.6559143066406,51379697.0,432.9843403691499,436.6735685667762,430.1426408578574,435.6764831542969,18174274,8474.785484739577,8543.718668571599,8385.538006951625,8434.82421875,2069463
2021-11-23,1602.4028404382448,1645.3279116037043,1593.8178505766732,1635.3453369140625,16711654,4103.142079126908,4171.474483094499,4102.412815370377,4166.669921875,8190176,329.36548153699573,341.6380999175598,329.3155745250771,338.644775390625,50332934.0,432.73509985059167,445.5476543996367,432.53567058243266,441.6590270996094,18623327,8394.862651666606,8508.752255652085,8342.913007743404,8471.7880859375,1618987
2021-11-24,1638.939032129146,1660.3016427953828,1627.9582008359025,1654.71142578125,34323502,4168.270147922008,4179.481112707089,4139.442788432898,4173.0751953125,4733003,341.239052472163,346.12814391764755,339.7423899613202,343.7334899902344,47066212.0,441.5592576131365,446.0461417316266,440.8612856899192,442.05780029296875,33193526,8480.77846556911,8509.75037928115,8395.860787447615,8462.7958984375,1393828
2021-11-25,1653.7131434234382,1654.7114007986615,1637.1420953662491,1646.725341796875,2732202,4174.676886469654,4253.6859696799875,4165.601551741148,4243.00927734375,4124393,343.98291015625,345.0804686788807,341.78779311098856,343.98291015625,39639265.0,443.2044722143564,444.45082899786127,438.5680310654445,442.5065002441406,14178917,8486.77430662685,8563.699747663963,8478.537173171642,8499.76171875,1385060
2021-11-26,1544.503842336541,1578.9646830751267,1531.5264957853294,1553.4881591796875,15387564,4183.217319774735,4232.330968880331,4151.720549558948,4218.98486328125,5909603,318.2901477650305,327.3699041517097,309.83999918684646,316.9431457519531,106509613.0,426.0046772492388,427.9490056772983,412.19504031529345,412.8431396484375,43810097,8374.88160837092,8551.710195354297,8335.919377340684,8402.8544921875,2355956
2021-11-29,1587.029830637661,1625.8829096151476,1571.6566406848233,1592.0211181640625,19319164,4197.631864251292,4218.451949280421,4162.303041438929,4186.42138671875,5268101,325.27468687587736,333.2568877808069,318.0906938815688,326.9709167480469,77994066.0,418.22746210379233,422.6146315567534,413.8402622222012,415.2362060546875,24982386,8377.879061482237,8428.82967347074,8271.981711074757,8358.8974609375,2477175
2021-11-30,1558.6791617268614,1586.8299722597428,1541.7606969032397,1574.251953125,21107768,4184.819519181877,4193.894853316709,4120.22412109375,4120.22412109375,9912474,319.5872353175413,328.36767125196053,316.9431383607434,324.7257995605469,98727251.0,410.5997339508289,420.96944590828303,408.65543578027876,418.12774658203125,53457448,8253.998909450142,8325.929183170841,8143.106404130733,8267.9853515625,4277661
2021-12-01,1602.2033140684555,1624.9636341889193,1598.0106812419733,1604.1998291015625,10140155,4098.871095975294,4135.172927479656,4067.908098866933,4115.42041015625,5323408,330.5129183138199,337.3476821107721,329.5151434660801,332.15924072265625,41342015.0,417.280240202912,428.1484649850752,417.03096885273106,427.9490661621094,30867746,8294.958895222855,8365.89013472193,8224.02765572378,8305.9482421875,2140088
2021-12-02,1582.2380439928504,1637.940857943966,1581.4393892970074,1630.35400390625,11497584,4091.397717267483,4169.339241854136,4087.1266983813507,4134.10546875,4445968,326.3721819741762,337.5502573107694,325.5140797103229,335.8510437011719,76610491.0,423.5618724487698,432.0370984828374,422.9636455422119,430.3420715332031,25779831,8297.955683211714,8338.915974929952,8205.04575321669,8223.0283203125,2117981
2021-12-03,1659.503170561176,1667.8885573171951,1642.93212164904,1648.5223388671875,11226261,4145.848410502799,4158.660731854946,4125.5621131596645,4141.57763671875,3339685,344.2323739165633,345.59734156134556,340.0417067498824,340.09161376953125,53379455.0,433.73214167769265,436.02542588752453,426.2639818949329,428.4476013183594,24162272,8242.010735749413,8261.635267703674,8090.157931890756,8183.06787109375,1759208
2021-12-06,1658.9045125132332,1690.2497033665215,1658.7047878805781,1678.4703369140625,9930699,4174.1426949271345,4200.301124831899,4140.51028862797,4192.8271484375,5077074,343.2345363512356,349.37084537339473,342.4363286791243,345.7289733886719,43105316.0,432.73502129810186,437.5210185787953,431.6382213795929,436.025390625,15759616,8204.047593847154,8422.835516771233,8193.959716051088,8354.9013671875,1426244
2021-12-07,1691.0483200753329,1704.2252712289785,1677.671644293533,1692.6455078125,6563345,4228.061869517183,4237.137205418543,4184.820333763296,4220.58837890625,3794816,348.27322095973705,351.2466003065356,346.97612612604775,350.1191101074219,43238986.0,441.21034245883465,444.5007125023278,439.3657281616978,442.2074279785156,21436027,8268.984817499315,8311.943177672381,8082.485416839262,8215.037109375,2643791
2021-12-08,1680.0675103992908,1702.6281073795349,1668.6873495936907,1688.253173828125,11561169,4225.926631124696,4267.032534729363,4218.986439131673,4221.1220703125,4266010,347.82428869932585,350.318725608458,343.3343022628879,347.924072265625,52399146.0,439.71460394032334,442.8554164541715,434.7291775917936,439.0166320800781,20735551,8291.963022656628,8355.901050783135,8221.031772703782,8275.978515625,2153590
2021-12-09,1688.4525242168456,1692.046226343757,1652.115931916766,1666.2911376953125,4612481,4265.964951930853,4265.964951930853,4229.663609231527,4251.55126953125,3076856,346.57702328370857,347.62467446372005,339.4429407801898,342.78546142578125,65304586.0,439.66477189429116,441.01081269624814,435.92570204745897,439.1662292480469,19513056,8377.879102450072,8402.854892762645,8297.956573449832,8353.90234375,2004757
2021-12-10,1649.9201560131198,1679.268831006301,1649.9201560131198,1656.907958984375,5074471,4259.023811047617,4299.596407058087,4249.414691588787,4287.31787109375,2443444,341.2390059892305,346.3775404865607,340.39089125867946,341.8376770019531,44281078.0,438.2189885501162,440.61198718002254,436.8729173118475,437.3714599609375,20544102,8271.982160838521,8323.931807259245,8114.135158252472,8185.06640625,1813213
2021-12-13,1660.301500212076,1661.8988093854473,1610.189032265867,1612.185546875,17753339,4281.979371358336,4293.72412109375,4255.287157166978,4293.72412109375,4164080,344.48176993754373,344.5316465006057,334.25457763671875,334.25457763671875,39065742.0,436.2248182212235,438.79232503706265,428.2979779243807,430.0428771972656,24598736,8143.106629424368,8252.772787489439,8100.472175098183,8240.0126953125,1398781
2021-12-14,1613.5832308315805,1630.952933372119,1604.1995872193274,1616.5780029296875,7605809,4300.663823797165,4327.889823775276,4275.572966966071,4293.72412109375,3680911,336.5993003760106,338.94407700565733,332.2589743508631,336.89862060546875,45420398.0,431.0897965520537,436.52389268840545,430.24226803798024,433.4329528808594,28401947,8290.962487086777,8354.900503615703,8189.061273243802,8220.03125,1440320
2021-12-15,1604.7986714317328,1610.1892860976902,1584.8335221930759,1591.4219970703125,5963194,4281.980397889301,4295.8602940992,4226.460325573983,4238.205078125,2850365,333.3067118276884,335.55170547839043,328.36774406594907,330.1637268066406,55703450.0,434.2306632698947,437.23588601503633,431.03997802734375,431.03997802734375,35016471,8229.022052308308,8305.947473945766,8220.030769259773,8279.97265625,2734663
2021-12-16,1618.9736618081997,1628.7565097739598,1603.9998030118145,1624.16455078125,25703617,4252.618746850539,4270.769417796735,4216.851190871185,4252.0849609375,5848144,335.0028485923019,339.0438238638092,334.35430114065673,338.19573974609375,67205372.0,434.5796596027944,448.4889820971663,431.03998832282025,446.9435119628906,45901767,8417.839504697833,8503.756214572508,8279.973156294283,8459.798828125,3895327
2021-12-17,1601.80400612506,1616.97759367534,1581.6392527890612,1590.2242431640625,32026435,4265.431166005949,4283.048051430708,4233.934384106491,4251.55126953125,10129162,334.4042334303064,337.64700167867517,330.16369033628575,333.0073547363281,138032247.0,445.9962252363232,448.43909629811407,440.51225629882543,444.1516418457031,39711829,8551.709361784917,8567.69386526489,8473.784907320054,8504.7548828125,4797230
2021-12-20,1539.3131185016816,1576.8475774347403,1532.8823268905332,1570.8580322265625,18087106,4226.459529257875,4259.5576620645115,4198.699254592728,4251.0166015625,4115680,320.88442830522234,326.57172722020334,319.2381057364035,322.58062744140625,81696810.0,438.7175571127027,444.1516844802099,432.73504497025675,440.5122985839844,25448907,8444.81414282402,8539.72214513897,8340.914856079231,8482.77734375,2263606
2021-12-21,1587.6288486223223,1616.5783178773984,1580.4413210720118,1615.7796630859375,11421200,4257.422438755864,4262.226998468494,4190.691901107542,4207.2412109375,2952631,325.27454487183263,331.61042016402405,323.75394941754666,331.0117492675781,35667539.0,440.612035202938,445.1986341601915,438.3685930375171,443.9024353027344,30771804,8526.73475527852,8599.6640625,8495.764775499536,8599.6640625,1772193
2021-12-22,1612.9846364213222,1625.163330078125,1602.6027332827155,1625.163330078125,15358360,4201.902671563131,4205.946282115195,4152.789011921057,4191.759765625,2657075,331.21138033746263,334.20470494801475,328.4674994444565,333.95526123046875,37755442.0,439.71459468490326,444.7100015181441,439.216052060544,443.3041076660156,20280418,8601.663044562536,8619.645615387406,8511.75019043819,8606.658203125,1328336
2021-12-23,1626.7604062760329,1655.7098739299229,1624.164961133757,1642.9322509765625,5408126,4181.0833447199575,4221.122164844478,4174.143640047252,4220.58837890625,2904497,336.649203649756,341.0893135870086,335.6015523138364,337.197998046875,30092509.0,441.4595597456037,448.23972827718916,441.3100030217042,446.59454345703125,10517995,8624.641912617424,8644.62254950522,8547.716460599408,8587.677734375,1560376
2021-12-24,1633.1490728002395,1654.234213501623,1633.1490728002395,1641.1351318359375,1467856,4215.782936355231,4233.400308048326,4214.181578690267,4220.0537109375,355137,335.95083152059794,340.2911281116519,335.40203703862403,337.0982666015625,9597346.0,446.3452385606786,449.9845939023165,445.79685380471926,446.3951110839844,3277695,8604.658219229039,8667.59720306875,8600.149894509244,8602.66015625,234238
2021-12-29,1643.1319644187595,1665.492958415422,1620.7709704220968,1626.5609130859375,7247562,4251.549924841678,4275.296322591257,4231.797414488939,4239.80517578125,1774331,336.2999706539946,341.68797871734324,333.1071096920253,335.2523193359375,41545288.0,449.7851755543754,451.6796314992205,446.993318515305,448.0901184082031,16327229,8648.61524238516,8711.554223587686,8643.166423405495,8647.6162109375,1406164
2021-12-30,1618.9740026479633,1629.3557827797217,1613.583387974873,1616.1788330078125,5996572,4251.549796120899,4251.549796120899,4229.127870191049,4235.00048828125,1211790,334.1547686830079,336.05854294364906,331.5106715984173,332.2590026855469,19793695.0,445.7470103782891,449.58579520647476,444.9493542396201,447.2925109863281,11869230,8640.623828868147,8702.563784630642,8621.642229521576,8664.6005859375,697022
2021-12-31,1604.3992216350955,1626.161281387492,1604.3992216350955,1618.973876953125,2164944,4213.647161460436,4228.594626520912,4188.022517806227,4212.57958984375,914826,329.2656695067251,331.71022983899115,329.1658859411832,329.7645568847656,10633768.0,443.70302093758244,447.49193343930415,443.70302093758244,447.3423767089844,5751616,8680.587005664467,8695.572482138741,8579.684797404356,8669.59765625,482453
2022-01-04,1655.3104392554142,1708.2180836070713,1652.3156669336222,1697.8363037109375,11535044,4225.390215725642,4268.6317236018185,4218.4500280515185,4266.49609375,3271311,339.04396203303565,351.61593420620466,338.3954143170904,350.21905517578125,57430776.0,455.568339684194,471.2225935465813,453.6738833996802,470.12579345703125,36059821,8617.646759836392,8651.613834938924,8436.822036496444,8464.794921875,2662591
2022-01-05,1697.437034770108,1728.7823438549406,1688.2529928860415,1719.198974609375,7927910,4248.348505487563,4254.754424724067,4208.843955681079,4226.99462890625,2348850,352.2144851672351,357.5026791386037,350.5162766915214,354.0104675292969,48899585.0,464.84117331482497,469.6271705245153,463.7443734125877,466.9350280761719,27632008,8434.824079422466,8515.745641714688,8417.840541657431,8451.8076171875,1775049
2022-01-06,1689.8500498868655,1736.768144200287,1689.8500498868655,1715.2056884765625,8784429,4193.359793863807,4214.030217478801,4168.119774914357,4182.68310546875,2661463,347.9740180604947,357.95176768230095,345.0804767601059,354.3597717285156,57860437.0,463.54501296694144,478.0775453635884,462.59780006021475,476.8561096191406,35001580,8349.906266361746,8417.84041641111,8277.975989838887,8347.908203125,1714291
2022-01-07,1718.7997154853174,1733.5738525390625,1705.6226441125416,1733.5738525390625,12539647,4163.999351817543,4200.8349609375,4161.33042269876,4200.8349609375,3127903,359.0991886769506,361.7432861328125,355.6568834626046,361.7432861328125,51426584.0,476.7064255846798,481.1933088470627,474.41311143784264,480.8941650390625,31774685,8333.921411077585,8397.859431972929,8262.990169146811,8390.8662109375,1727026
2022-01-10,1738.5650598930424,1758.130880521286,1722.2785489371809,1727.584228515625,15195516,4217.383608961769,4245.143392290781,4181.081791367412,4235.00048828125,4383569,363.68897337367486,368.47828100777906,360.97703393967424,362.2421875,74320649.0,487.3254517035756,492.1114490833815,481.99103913884386,490.56597900390625,34726983,8400.85706049766,8426.831883136849,8304.950023060655,8325.9296875,1438582
2022-01-11,1731.976568178983,1757.7316575324044,1716.2040527055556,1755.3358154296875,25016695,4208.308499388054,4234.46692688319,4172.006679870428,4208.84228515625,3274618,363.68883981434146,370.1244981308395,362.24205447197704,368.7774963378906,43912140.0,487.8239800193093,494.5044636595994,487.8239800193093,493.5572204589844,38635805,8415.84234806365,8477.782308365164,8359.896577468735,8467.7919921875,1648710
2022-01-12,1765.3185354516106,1806.4466944989454,1765.3185354516106,1803.2523193359375,22162823,4225.926094719793,4226.464267859341,4154.390502591816,4166.13525390625,3019314,372.4194608977392,381.99810549971187,368.777588803409,380.6012268066406,139200949.0,495.5513958138311,499.93856506327813,493.3478458132263,499.7391662597656,36029176,8458.800683121535,8502.758074175905,8397.859754614341,8470.7890625,1769946
2022-01-13,1796.6641051919516,1810.0406597540925,1789.476577245492,1803.0528564453125,13064341,4156.526432111248,4178.09040739327,4134.6387729611715,4167.203125,2280012,378.5058826157634,383.0457458496094,377.8074280645544,383.0457458496094,60031350.0,500.0384289181953,512.4023147139183,496.7879201216627,511.5049133300781,39474358,8464.794139492285,8521.738936606773,8428.829004472607,8440.8173828125,1245471
2022-01-14,1806.2471768497883,1829.0073751381776,1797.0631345726285,1817.4276123046875,16149387,4146.916852166459,4202.97021484375,4133.036470480936,4202.97021484375,2509359,383.14552919457304,390.21576007640743,382.56582836023466,387.8350830078125,70163258.0,508.1147318634757,515.9917005297984,507.3170452769751,515.0942993164062,25485065,8394.860216119316,8576.68391709917,8384.869902878665,8535.7236328125,1623488
2022-01-17,1819.6237183005403,1840.7867273776783,1810.040349348721,1839.5888671875,15059522,4034.2754059032136,4044.952342099044,3845.82778671911,3909.88916015625,17449753,391.07779705709885,394.7475908846704,388.5334533594714,392.873779296875,60591123.0,515.4931947564803,517.7665788694096,514.7952227468651,517.4873657226562,28851318,8571.689882946122,8772.495205378777,8548.712159483679,8761.505859375,2606595
2022-01-18,1845.9776998244483,1886.1077239948254,1841.5854643591483,1868.9376220703125,21534091,3899.212092701917,3906.6860696563244,3742.111846483045,3754.539794921875,14029169,394.6200020573821,399.30955661315556,392.72423569748406,394.86944580078125,74852832.0,512.0032586386037,517.487227328988,507.5562670933256,514.4959716796875,33497255,8738.528481450348,8757.510079843803,8622.64082810083,8718.5478515625,1942280
2022-01-19,1868.9373814790638,1882.7133817962176,1846.5765140912024,1866.142333984375,21852392,3683.5382566333283,3924.302978515625,3683.5382566333283,3924.302978515625,11717171,396.2164388646519,399.65874417347385,387.8351353718429,393.2231140136719,60553500.0,513.2994789918495,517.7863626558643,508.912309939427,511.0061950683594,40907595,8718.54877914591,8763.505201176571,8680.585578320022,8724.54296875,2383199
2022-01-20,1871.3334044011774,1871.5331290071244,1807.24532440891,1835.196533203125,26399527,3973.4167540163367,4000.109216417144,3890.6706811708714,3902.94921875,9191605,391.1277526303031,394.0212936899295,383.20742733221385,388.2840881347656,43887033.0,507.61613795419936,514.4960205148936,503.12925405436016,508.8126220703125,31029949,8705.561453856593,8860.411353483374,8679.586631983713,8833.4375,2357929
2022-01-21,1817.228080659484,1832.0022193846564,1784.0858566611769,1804.250732421875,14771039,3867.1806817161664,3940.851405622137,3865.045294882112,3923.7685546875,5653369,383.94366615871303,385.6897717644628,375.56236534104715,381.39935302734375,68009741.0,502.03245439406334,504.02662501727707,500.63654104353947,503.9269104003906,37487844,8788.480835295682,8883.388835676846,8731.536035066985,8743.5244140625,2592713
2022-01-24,1795.266376518952,1812.6360820111174,1730.7789640862457,1744.155517578125,53705254,4145.315630085005,4247.280439843333,4099.938952296452,4210.44482421875,17869772,381.24974053839503,382.7962792310611,359.1989123304005,363.289794921875,67979261.0,502.0324391659062,503.72749631567325,488.92077380171787,490.71551513671875,39820858,8698.5676213164,8732.534693686304,8300.953068280462,8307.9462890625,2765458
2022-01-25,1763.1225113439532,1808.0441030118927,1746.351856902492,1807.6448974609375,27968469,4193.8944876005835,4232.865237388861,4158.126940014582,4202.43603515625,7111682,369.57578916568957,379.1045570161921,365.53481330348114,378.8052062988281,55892544.0,498.0441141661772,508.1146819197277,491.5181773997674,507.9152526855469,28153744,8339.915118605184,8476.242920630451,8246.00615584178,8450.8076171875,2046027
2022-01-26,1834.9967484592394,1908.8677978515625,1831.4030461035643,1908.8677978515625,38802745,4185.353464005814,4213.647526629422,4081.787552534732,4090.328857421875,5723984,384.14335587576426,396.3162224496195,383.9437887058289,393.2231140136719,53943299.0,510.10892017258664,524.4669445068185,510.009205542277,521.1765747070312,23928972,8542.720306903851,8631.634130703927,8472.7880859375,8472.7880859375,2360742
2022-01-27,1880.7169783958693,1941.610680987243,1859.5539698448563,1915.8555908203125,31658142,4078.5848945468792,4144.781905229761,4056.697234207167,4107.9462890625,7053919,387.4360113835876,399.6687423453257,384.44268645263116,391.6266784667969,104731641.0,519.0826546775878,545.4316597786811,518.8832862758011,536.7310791015625,39544346,8326.928519736377,8888.384287953755,8316.938203575926,8827.443359375,2743645
2022-01-28,1912.6611411255744,1914.4580531535928,1874.3280333411012,1891.8973388671875,31360872,4094.065202062162,4095.236605904079,4004.379199341439,4042.816162109375,9590616,397.0146253880535,397.0146253880535,382.49701281797377,384.59234619140625,146985725.0,533.4406770731822,534.4377624508891,524.0680501798328,526.7601928710938,75762199,8866.40418648679,8866.40418648679,8657.606611841637,8758.5087890625,4743488
2022-01-31,1906.6719961084507,1915.656314414721,1871.533377698085,1883.312744140625,8153468,4065.238884708603,4089.2619330849852,4023.5989504387317,4043.885009765625,4111139,387.78520080458287,388.40083228995053,381.2996640882202,381.9482116699219,50951787.0,526.660482535504,531.6359285861439,524.6663118790707,526.0621948242188,30969436,8744.52456263781,8760.509070006963,8578.685298682836,8608.65625,1976888
2022-02-01,1895.091926436587,1943.2078857421875,1892.2967568940426,1943.2078857421875,8692774,4051.358193071195,4072.1780342527686,3996.9057007801275,4002.778076171875,2853465,382.29739686641483,393.1232592060587,382.19761329952513,392.4248046875,65719741.0,531.8452958533302,542.7134885468213,531.3467532291172,541.9158325195312,34086223,8491.76848135063,8533.72780796436,8427.558262761464,8500.759765625,2628186
2022-02-02,1944.0068225836262,1953.6260189117322,1917.6527982774214,1929.032958984375,12044193,4017.1920275366224,4059.899525600552,3976.619672824955,4038.5458984375,3828171,394.121082363072,394.46930482601084,388.1344330107215,388.6831970214844,47610113.0,546.2032558007999,547.7986286217504,538.5256876538363,544.807373046875,28072534,8464.795969557468,8577.686556664748,8452.807588625721,8573.6904296875,2186678
2022-02-03,1965.3691863785593,1970.3604732986007,1930.6297806720345,1956.58447265625,21868899,4042.81637395965,4078.0501364743345,4027.8686654332787,4060.967041015625,4241722,392.32503248020095,393.72191099967847,388.1343664721003,391.52679443359375,55250427.0,544.9072539888202,550.690338017064,541.7165680520148,544.7078247070312,32378166,8636.628323911224,8649.615734924622,8348.907218383585,8349.90625,2281492
2022-02-04,1996.515033405437,2037.4435915902484,1986.1331308602073,2033.4505615234375,20565060,4058.8321691929787,4087.6597745691824,4051.3584358501994,4073.24609375,4772682,396.2662360698717,408.3393166408168,396.16645250488824,404.99676513671875,73990562.0,546.602122823149,547.7986372433808,539.5566788258834,543.4114379882812,23255009,8434.824571076582,8463.796490129196,8251.002739846203,8273.98046875,2007468
2022-02-07,2033.9500188538384,2071.8838106165113,2020.4735402013098,2057.908203125,31177267,4058.8310563841924,4136.772546068071,4054.0264974283964,4119.689453125,11610870,405.1464410785752,408.5388997224603,397.11436620332574,407.74066162109375,65339642.0,548.3968216565745,555.3764175685673,543.6108252026573,555.2767333984375,35614557,8229.024468692913,8350.906341362639,8206.04673859944,8339.9169921875,2440699
2022-02-08,2043.4331052241203,2076.375602768036,1990.126130281535,1992.52197265625,34154866,4123.9612260011845,4148.518299928325,4114.885891609777,4138.9091796875,3445412,409.08767508982413,417.0698736281622,397.4636045583036,398.1121520996094,112333300.0,556.3736958947982,564.5009405875799,555.2769262135399,561.857666015625,45308014,8339.91654375151,8402.85554018854,8242.011438182792,8275.978515625,2227859
2022-02-09,1997.513234335995,2035.447018896099,1973.355451859181,2024.4661865234375,14058788,4149.586390929226,4167.737061983516,4072.712444430877,4087.66015625,3411389,400.9558145119827,414.0266706462837,394.52015479118563,409.3869934082031,72690506.0,561.8576089934129,562.2385145942512,555.2768698591987,559.1654663085938,32315290,8357.89747705008,8437.81999655331,8292.960429953708,8355.8994140625,2618498
2022-02-10,1995.317042962525,2037.146004276861,1991.5236159034787,2014.982666015625,22355253,3959.002958971711,4071.1106641096662,3915.7614294892333,4034.80908203125,11334675,405.4956827951436,413.4778813952435,404.6475681039487,409.7861328125,59632180.0,555.5761031245933,563.1539292684814,552.1859877744316,560.06298828125,20729864,8491.769271585983,8792.477806968027,8491.769271585983,8641.6240234375,5701787
2022-02-11,1994.1187782641966,2045.9283570293821,1990.525076319389,2035.4466552734375,15497829,4017.1908528170047,4201.901416489211,4017.1908528170047,4179.47998046875,10970981,405.8449084216663,418.21731011151985,404.58173426784805,416.27166748046875,79062950.0,556.8720992832781,565.5467529296875,554.8779288292645,565.5467529296875,25062386,8713.55348510025,8717.549611440585,8446.812051882895,8501.7587890625,4601471
2022-02-14,2026.46255573053,2041.4364169797705,1984.535744232657,2002.0052490234375,13697109,4157.059946650184,4161.3307210220455,4042.2828244719585,4067.907470703125,6202442,413.12869220210126,416.221800534722,397.30399663439675,399.7585144042969,77689204.0,556.8722335859771,562.7051592278115,550.5906073123247,556.5731201171875,30648498,8438.81987426452,8458.80050614392,8278.974819229321,8372.8837890625,2940867
2022-02-15,1996.5145972467237,2008.9928134795157,1945.8030777336248,1980.54248046875,29779779,4108.480236389782,4128.003637882723,4059.8998712816174,4094.599853515625,4859725,399.4591446931913,404.79724592869155,388.38383839469935,396.4658203125,83837943.0,544.9070662716617,555.77531938375,544.009665241397,553.182861328125,48395580,8539.72014197335,8860.8433607876,8461.795695193528,8856.4130859375,3096131
2022-02-16,1986.3327708862757,2023.4679001831025,1980.343226041136,2019.9739990234375,28571334,4075.9151887532225,4104.209251458969,4059.36587730983,4076.448974609375,8139114,397.16429431714323,404.8471733731013,394.85645262223466,402.85162353515625,126156554.0,552.1857506182989,557.4702898061588,542.613757404713,546.7017822265625,20125755,8818.452393892476,8964.311015112404,8791.478539283311,8907.3662109375,1983937
2022-02-17,1993.301004942924,2004.6821931622899,1948.9743424335406,1966.14599609375,15649572,4067.907009583379,4088.7270932205893,4011.3193774396586,4056.6962890625,4219724,399.79964428797086,401.3463728007301,391.61706644558046,397.05548095703125,70519486.0,545.8044664955601,545.8044664955601,532.244071169963,538.5256958007812,24230834,8933.341017420877,8978.297441686582,8815.455282679692,8909.3642578125,2198212
2022-02-18,1968.9413160223496,1990.9049657662576,1945.3803343071536,1953.7664794921875,53226493,4067.9075394180068,4124.495178932123,4066.3061818048864,4118.623046875,11438241,395.5586627535561,399.43841123390376,389.9705422696369,390.56927490234375,54052070.0,541.4172887341708,546.5023991473361,539.7222316440311,542.813232421875,27292257,8871.40005397114,8951.322576979888,8779.489152511078,8792.4765625,2061222
2022-02-21,1953.3670846769726,1968.7416636246408,1929.207119093934,1940.987548828125,26743871,4129.8339628795,4137.30745245978,4096.2015536033805,4110.615234375,4459950,388.17438572569336,392.6648349178929,382.77787415003354,387.5756530761719,60707310.0,546.4027523418112,553.8808922005038,540.420240454857,545.2062377929688,17811934,8927.345920423497,9166.11446059597,8874.877251774522,9141.138671875,3314751
2022-02-22,1951.370361328125,1996.4957498251879,1940.9875210272053,1951.370361328125,21582887,4079.65201085193,4132.5026581637485,4030.004322284241,4049.756591796875,6275522,388.274236763342,395.4589382573808,381.7381192603345,385.67974853515625,63257007.0,528.4553084295019,550.4908733626171,524.6693777542228,545.40576171875,33523088,8958.316040526694,9129.150438087758,8958.316040526694,9003.2724609375,2109444
2022-02-23,1935.9957450783554,1960.555195155812,1925.533081038093,1939.9891357421875,16512673,4027.868358152086,4118.088388226168,4027.868358152086,4104.20849609375,3503534,383.03530665204806,388.47372107037364,379.4429413534072,382.0873107910156,42269953.0,547.2003933925753,551.3881637698736,544.5341761371174,546.2033081054688,23322309,9012.263777575316,9073.204703241216,8941.33253622648,8999.2763671875,2396077
2022-02-24,1937.5933136268918,2028.1434035462648,1903.6494909733979,1949.573486328125,59734951,3988.223533831754,4003.172717080294,3879.8421381012304,3880.3759765625,5795069,371.80916639233374,377.34737439284044,360.13398734183244,364.5745544433594,133425410.0,529.0534017229951,535.2353423558263,511.6044100981304,512.2026977539062,52435586,8611.043204982085,8733.943914452124,8564.08114526589,8575.072265625,3848689
2022-02-25,1928.2088960205592,2009.174875318036,1925.0041168270277,1997.1947021484375,30292765,3879.3084395588057,4005.8422976311654,3851.5456696673127,3992.494873046875,4814146,364.22530825575876,378.59473898405486,363.7323686801675,377.6966552734375,91620798.0,520.0797208795622,539.323517806925,512.2027827250982,536.4319458007812,44629598,8575.072630410992,9023.710198699799,8554.089581560069,8987.7392578125,2741333
2022-02-28,2014.665694230952,2016.163215807437,1922.4183407457617,1968.74169921875,30758831,3979.1474411682884,4007.4440494884343,3951.994319746567,4000.50341796875,12631478,351.45252476296224,364.77416718937883,349.1075061665306,362.7784118652344,219782031.0,517.0884390631614,517.9858402226206,501.9327599740761,513.10009765625,60091700,8892.81584611988,9081.663283750966,8849.85055607683,9051.6875,3070446
2022-03-01,1944.182096142805,1983.1176516521991,1924.0154019629326,1947.776123046875,28305404,4004.2405388645434,4026.130352854503,3918.8166366970445,3934.833740234375,6567153,367.26887510577933,368.8156038116315,353.64785059868836,356.3421325683594,78717225.0,513.4989327779799,519.780558036628,493.9560546875,493.9560546875,56713395,9187.577121863651,9343.451187226427,9123.628787355845,9216.5537109375,4678616
2022-03-02,1968.9409590435987,2060.58931146978,1965.546674920744,2044.1165771484375,29579832,3912.943521729317,3941.7742094073374,3843.7673246497,3893.72314453125,5060693,362.0299906415896,378.2455020690127,360.0971204383708,373.6053771972656,73748792.0,488.47206510112466,510.806768945151,487.62453654038626,506.31988525390625,44212228,9242.53340518687,9350.44622764743,9197.569729161636,9310.478515625,3312616
2022-03-03,2053.600762904689,2076.063581166894,1927.01025390625,1927.01025390625,33730815,3863.2911647890096,3889.986256542974,3792.2826058671917,3805.09619140625,5660848,376.8984155444004,384.7816432017067,357.68927001953125,357.68927001953125,85445300.0,506.31996198792945,509.4109328627344,493.3578515821162,494.0059814453125,34114061,9210.558250858323,9265.513849013803,8870.832734988087,8912.798828125,2402470
2022-03-04,1919.4231670811166,1922.617952681558,1830.37060546875,1830.37060546875,38075813,3780.0031515867927,3791.7488166023854,3633.714836665602,3641.723388671875,6350240,354.24650814122043,355.64353053347,340.8749558963098,347.4110412597656,79610876.0,491.1144080027124,493.30800808276973,466.23714520549015,466.2869873046875,54131412,8909.802022347405,8966.756010827141,8667.997369503615,8671.994140625,3515520
2022-03-07,1851.7350319422808,1996.0960592021474,1850.3373210382229,1977.7264404296875,44658036,3594.7403210651432,3641.723469696553,3502.9096214673878,3553.630126953125,9171113,352.2508276468491,363.12768847229444,350.2031806601034,360.7327880859375,149892296.0,459.8557802197795,473.4659892985366,447.89075589935464,464.6916198730469,68194453,8486.145103573648,8715.959465262325,8319.27989313013,8644.017578125,3319255
2022-03-08,1976.3290755607738,2050.1069947037226,1948.1757192677305,2036.130126953125,30496164,3550.426795272763,3641.7234111655052,3489.0283024485234,3562.706298828125,8214916,360.83262713291487,382.26403891992464,358.437726446648,379.1935729980469,87217840.0,468.1316277596477,480.54535402185223,465.8881854540903,468.9791564941406,47760237,8652.011453145544,8775.911374636482,8514.12283084111,8739.9404296875,3887164
2022-03-09,2056.0971124296507,2065.0822418357525,1975.929742425539,2001.18798828125,42261024,3608.0873545648024,3666.816162109375,3562.1721316221547,3666.816162109375,6661836,382.6362129827702,383.783766237421,364.27523909711516,370.7614440917969,68459736.0,484.2345258395296,487.57476806640625,474.06427286096783,487.57476806640625,34475941,8938.77895211771,9113.6376953125,8802.888728834901,9113.6376953125,2785222
2022-03-10,1981.720309446175,2009.1748729271671,1944.7814422172032,1952.568603515625,26208821,3651.867136351536,3668.482917652793,3578.1889047745844,3592.604248046875,13493616,368.21684254642366,372.30814688750115,361.19177556021504,362.728515625,185905473.0,475.64444652282987,479.03548916441423,465.02249115022323,474.2481384277344,29138274,9128.624622044148,9244.982760126077,9044.692434188226,9211.5576171875,2655485
2022-03-11,1982.319117583124,2016.6623019504582,1937.1938514552419,1960.35546875,29522526,3614.4946710089866,3637.9862461857306,3530.1386820279768,3621.435302734375,3908276,366.96950818432515,370.7614310979681,357.5395521491107,359.6351013183594,86039063.0,476.59195811240085,489.35824704856606,470.9568391000443,478.38720703125,37140644,9229.543371062164,9376.424704346362,9212.851778221233,9267.5126953125,2381186
2022-03-14,1952.1690519026424,1955.7630791291576,1907.043664245162,1923.6163330078125,26819608,3621.4353193692923,3659.3422404281755,3592.9892840535053,3655.071044921875,8661415,363.5767544182161,363.8761055539525,348.6584702801863,355.743408203125,52431444.0,487.66267240932166,491.4526553441361,480.0327894834191,488.2112121582031,53449416,9250.526440149066,9452.36337479047,9208.142713484636,9388.4150390625,3006352
2022-03-15,1880.887083954172,1937.5932825787934,1868.108184530179,1936.7945556640625,33783377,3623.0370725981593,3675.3590955823715,3594.206624859524,3610.757568359375,7701308,348.30917578247323,360.23382568359375,343.94148170346926,360.23382568359375,141706131.0,481.72839348760664,483.2743005878804,471.60512174089354,478.38720703125,45165553,9247.529106412529,9375.42578125,9163.596913550437,9375.42578125,3133639
2022-03-16,1950.9710826108167,1962.3522710913282,1893.8656412785936,1900.4547119140625,22226989,3662.011393919262,3665.214912182565,3610.757295563082,3642.791015625,4957589,364.27523826145057,366.1213180770332,356.1924533411763,359.88458251953125,54161889.0,483.72301299455563,493.99588130181746,480.38182733281803,493.04840087890625,52092680,9467.351789320539,9473.365485836615,9358.742264021426,9408.3994140625,3369420
2022-03-17,1905.2468876965277,1962.1527099609375,1894.6644258245901,1962.1527099609375,25658316,3643.85900700511,3672.689453125,3612.3588810267142,3672.689453125,4694642,363.5267582323237,370.26243130476604,360.8125302353903,367.268798828125,86427408.0,498.1849334121206,501.47623310962,488.95928649708134,499.28204345703125,35435903,9371.430097490782,9553.283203125,9267.514037128372,9553.283203125,2515303
2022-03-18,1954.7644900499936,1956.9608058981169,1914.6309675512578,1938.59130859375,38356956,3674.825020232071,3676.4267793814993,3606.485896649599,3652.4013671875,8550259,363.87608135855896,368.16697355326994,358.2380786897967,359.6351013183594,257457024.0,499.7806509987948,500.57853248969707,494.4945872005767,499.680908203125,57945933,9642.209727652122,9642.209727652122,9503.321939865215,9528.3017578125,6352349
2022-03-21,1956.3618638066114,2024.6488616195713,1950.9707625824253,2017.1612548828125,29667833,3652.4013813765437,3686.1116959638557,3632.1130821032525,3636.38427734375,4995254,362.72850911458335,375.20197916666666,362.72850911458335,374.2041015625,41146800.0,498.18491065990975,502.1743794139431,497.18754347140145,499.4814758300781,21108516,9479.341198300706,9693.168437305276,9474.345234772562,9621.2265625,1728666
2022-03-22,2036.1301094102682,2044.116890913226,1996.296012290544,2004.1829833984375,27410289,3659.8758673468583,3681.231843643761,3631.0454212269683,3672.689453125,7681834,379.19354194437005,380.81210889948215,367.76782961781623,370.5119934082031,51647059.0,507.5601590312084,519.4288225545147,505.4656818359823,515.2398681640625,27931525,9615.232911176265,9648.20627562278,9507.320082078579,9566.2724609375,2602834
2022-03-23,2011.670593408086,2086.7943071102354,2008.6755503409772,2081.554931640625,35208023,3667.8843241210143,3699.384449281157,3610.223189617194,3614.494384765625,7104769,376.59903591394635,390.07038479328094,374.6531926808399,387.0767517089844,102246139.0,510.9512237301115,514.24252343983,508.35809326171875,508.35809326171875,31648296,9612.234304743704,9722.1455078125,9552.282739433453,9722.1455078125,2800281
2022-03-24,2087.5450002440234,2109.5586153498525,2070.5730896729337,2077.5615234375,35081465,3616.096403514921,3632.647103082009,3593.672749256611,3598.477783203125,5935433,388.723225734598,393.26757662427855,385.43024167615835,388.3739929199219,71889985.0,509.7543872232427,518.2319780727538,508.45779158763713,516.2372436523438,38211757,9722.14514224691,9851.041002817297,9684.175818978116,9828.0595703125,3168157
2022-03-25,2072.569461564943,2118.992621469938,2052.1033373057517,2107.012451171875,25600441,3584.0624693499076,3628.9100220256623,3578.894230173953,3616.096435546875,7186824,384.83147483544656,393.2635523966411,380.4907013598778,390.86865234375,51967724.0,513.1453380205689,520.6255907613935,509.9537513429265,515.4392700195312,32835545,9842.048059812494,9925.980246312418,9789.090846901827,9835.0537109375,2563789
2022-03-28,2075.565326891447,2115.000069754464,2056.0975424400845,2058.09423828125,18334330,3644.92654956516,3675.6171412848244,3630.511205155722,3659.875732421875,5584630,385.0310587883865,390.4195914682497,378.6446485584447,380.091552734375,46068031.0,520.8250741484593,524.9142546131013,516.1374369424011,517.3342895507812,40024764,9852.040143094931,9989.928737389768,9832.056288849302,9886.0126953125,1488881
2022-03-29,2068.5763177315157,2110.0077449447676,2005.6804161788682,2018.658935546875,24886605,3702.0539916728535,3824.316651607133,3688.1724851606946,3769.3251953125,8879029,380.1913720434992,386.42810714919966,366.32087925898304,370.5618591308594,51529814.0,519.6283452361539,531.7962380480551,517.5338983287508,525.612548828125,24471275,9982.93502233476,10089.848649338044,9914.989913585008,10037.890625,2764533
2022-03-30,2046.6130821450242,2111.0065181442214,2045.1155603776012,2108.011474609375,27576785,3768.2575972813775,3788.5458984375,3754.3763333424545,3788.5458984375,5022608,374.20410116383795,382.5363852403143,373.0565480108304,381.9376525878906,45830134.0,525.8118966684594,528.2055409533197,521.0245472242883,525.2134399414062,28460293,9987.930248446728,10161.579987145315,9968.945587110144,10151.7978515625,2704406
2022-03-31,2081.056009981455,2117.994878952102,2072.5700535963065,2105.016357421875,27422464,3789.6128240366124,3793.8840188265726,3689.239990234375,3689.239990234375,4532035,375.90045488316,379.3431138807161,373.4556429021448,374.5533142089844,45119366.0,525.8120335676333,528.8041353585631,523.0194174043255,524.0167846679688,24854170,10165.787385997026,10253.716351002702,10123.8212890625,10123.8212890625,2293648
2022-04-01,2089.0419346511744,2117.4948355532333,2079.0584606504517,2115.997314453125,23746500,3719.6724868730275,3778.4012980070083,3718.070727759431,3745.83349609375,5068015,371.95895830813356,378.14581298828125,368.1171226012425,378.14581298828125,24976836.0,526.0113957447084,529.5021803482014,524.1163740387454,527.5074462890625,19607032,10125.819390794028,10127.817776306321,9938.970345394533,10067.8662109375,1726028
2022-04-04,2116.4972973771264,2133.469209667415,2098.5270373050566,2112.50390625,31493888,3777.8680863445943,3793.8849488523742,3729.987888382382,3758.647705078125,3433117,378.0459309715764,380.7401821922472,373.1563368723082,376.798583984375,33237341.0,525.5127165942594,527.6071630239684,519.8277123036096,523.7174072265625,16925503,10169.782457655972,10223.738858983683,10085.85027781287,10133.8115234375,1292042
2022-04-05,2119.9914748764218,2128.9766047440403,2089.4009879741507,2117.49560546875,30037972,3768.2575605995876,3783.2067451831485,3741.5627100098814,3776.26611328125,15718426,379.4429413534072,383.2069386685202,376.499190376775,382.0873107910156,52462429.0,522.1217751965484,527.5075829007986,520.4262386322868,526.3107299804688,25395152,10103.837405651248,10341.645287627613,10070.187832343594,10325.658203125,2529617
2022-04-06,2120.9893504175648,2138.4604323814656,2115.997612713593,2127.977783203125,30445059,3750.638686692833,3776.426010077732,3715.9128596714413,3734.621826171875,9566433,379.2433666664176,383.58414028226997,377.39731748342484,380.04168701171875,49193103.0,526.1111233367716,527.7068862805232,517.5337909838116,522.81982421875,34022245,10233.732279619097,10472.615460385055,10218.852699106954,10453.5546875,2251895
2022-04-07,2100.0243067389365,2118.493738483491,2074.5664413613076,2082.55322265625,32360312,3742.630226473193,3766.655394398988,3721.808089255037,3740.49462890625,5428308,376.14994189527323,382.88561512931096,370.61170340893693,376.5989685058594,48300305.0,523.1190966867534,526.5101695183974,519.029915514297,520.0272827148438,19791994,10545.479727814785,10671.378007680682,10514.772116305456,10659.3876953125,3462762
2022-04-08,2121.4882966777054,2164.9164100449902,2101.5213480030916,2164.417236328125,20149288,3742.6300973895304,3783.2062060001217,3728.7485918022508,3777.333251953125,3726534,381.83787465422614,390.6690979003906,381.2890541307642,390.6690979003906,50221963.0,526.0113624246616,529.9010570689193,523.019261525487,528.6044921875,21797956,10725.335937857388,10991.121233131289,10704.590977149259,10921.177734375,2542196
2022-04-11,2150.4410190555473,2172.9038430707515,2123.984804104307,2131.472412109375,14785163,3754.9099874519206,3759.181182879042,3698.316769923499,3727.1474609375,6848244,389.2221848288081,393.0141383617117,384.6319717695833,385.82940673828125,38512438.0,529.402516967306,534.3893531498815,527.1085844982144,531.8959350585938,28233381,10879.210156106097,10941.160103725364,10737.324792203905,10849.234375,2561255
2022-04-12,2128.9761615366506,2173.402627744567,2116.4968170962247,2161.921630859375,32918440,3717.537010581259,3717.537010581259,3648.1302093622176,3664.680908203125,6702301,388.4238575273479,397.15528656617715,386.73244767915224,395.1096496582031,43879867.0,525.2135690366495,526.5101951600777,516.5354878029606,517.9328002929688,31542404,10711.347135615004,10745.319691828709,10389.607044414628,10495.521484375,2791098
2022-04-13,2153.4358404703253,2199.8590053205203,2152.936666654732,2178.39453125,23058254,3659.87552951631,3677.494147394476,3643.3245884735065,3669.48583984375,4317423,392.5152030301257,399.84961028378893,391.6670008866879,396.5067138671875,35639692.0,519.4288237202801,523.4182925059573,516.7359201150555,516.835693359375,25845426,10599.43651284491,10631.830263190446,10455.652288240528,10501.515625,2102995
2022-04-14,2173.4034431624586,2195.367097617936,2160.424920075131,2188.378662109375,18969125,3660.9432127414266,3675.3585563768297,3638.51956154132,3661.477294921875,5792917,394.81022014366107,399.5501381889348,393.1138466938771,398.6021728515625,62698869.0,513.6441164518948,521.1243705749806,512.8462348536584,521.024658203125,27738362,10423.57906819476,10565.464442781002,10383.611357043706,10527.4951171875,1980089
2022-04-19,2199.359911824471,2255.7665550464785,2195.3665211538864,2224.318603515625,37456700,3603.282572827121,3653.468994140625,3587.1672330493975,3653.468994140625,6857099,402.14466496712805,406.83470177689975,400.19879150390625,400.19879150390625,41992367.0,521.0246601187578,527.706971793712,518.4314688218755,524.2161865234375,23158857,10469.543146949405,10573.459207961308,10419.583502232143,10491.525390625,3260649
2022-04-20,2228.8113262342367,2233.8030649268107,2198.8608940787935,2204.351806640625,33788460,3699.384322197638,3712.731745637504,3654.5367746797415,3703.6552734375,5122974,401.9451065392179,401.9451065392179,397.15530598484594,400.2986145019531,75442419.0,524.8145765699308,539.6753097326118,522.4208711966817,536.58349609375,31162658,10385.609204311426,10487.526862464183,10382.901431052254,10461.5478515625,4070091
2022-04-21,2232.3049898739873,2232.3049898739873,2196.907526635995,2218.328125,50457293,3714.3337510169117,3760.4851867188477,3702.054246588216,3753.308349609375,6098826,403.9907767618025,404.73918500684,399.35065173313194,402.29437255859375,67003362.0,536.5835297166964,536.5835297166964,532.394575488254,535.4864501953125,34172720,10491.524713055742,10597.439153016114,10413.328116380251,10495.521484375,4003183
2022-04-22,2172.4045932358317,2217.8294135447613,2172.4045932358317,2184.384765625,38105811,3739.426527973715,3807.7656468214345,3732.6085093607903,3781.070556640625,3153138,394.4111006983841,399.30069459118045,392.3155517578125,392.3155517578125,34518582.0,530.1006023970616,533.4916748148589,521.5232698689234,521.9221801757812,22119300,10273.699557316999,10399.94716730563,10251.71731745501,10271.701171875,2235621
2022-04-25,2120.989649708514,2143.242858530901,2067.0788748983186,2071.072265625,22495633,3751.706551226128,3875.037131052633,3735.689447183135,3851.01171875,4520076,378.34529657703945,382.3368070891597,368.0671691894531,368.0671691894531,62955005.0,513.2451627647627,513.9433320150157,499.2820516947984,500.2794189453125,36966972,10135.811904558335,10289.68759790435,10081.855492605837,10225.7392578125,2847515
2022-04-26,2126.4808094434147,2150.4411565920727,2057.095637492092,2120.49072265625,27470781,3886.78285937487,3923.6218580069644,3868.630401176568,3888.91845703125,6162520,376.5491650455993,380.3910003715581,367.11920837759226,378.64471435546875,47728719.0,487.9619276070374,495.5917809906053,471.3557689634525,472.60247802734375,52251410,10329.653358875943,10427.574236141358,10209.75024385707,10323.658203125,3205465
2022-04-27,2115.9979118270176,2144.450820761705,2099.5251750753564,2126.979736328125,33645111,3883.578755383643,3883.578755383643,3793.349834611575,3820.044677734375,5991536,377.9462176671134,381.9876105857946,374.2540576170286,377.5969543457031,53157809.0,480.8306688680105,495.3423475113258,478.98553370745975,485.01959228515625,46378373,10341.644454328982,10729.331222278704,10291.684819283913,10503.513671875,4758681
2022-04-28,2137.4623511691934,2184.8838652656605,2115.49870253504,2181.3896484375,21290934,3877.1723741982364,3932.1638251055942,3805.629982296141,3924.155517578125,5782650,380.9897046254933,387.6754975887141,377.5969264385739,387.2264404296875,42181626.0,493.19815609706075,500.77815406790063,488.1614631389114,492.74932861328125,29883159,10541.484295484403,10651.395506148221,10503.514968164174,10553.474609375,2289793
2022-04-29,2191.8722457499534,2194.3681148523788,2146.4474280858117,2169.409423828125,25987772,3931.0971254207725,3994.0971432772617,3920.419135634766,3971.139404296875,5226021,391.3676389960646,392.81454336303653,387.17654055124154,390.718994140625,61462460.0,491.7020580280835,514.242533701491,486.8648207409691,499.9801940917969,52447082,10609.428578085528,10753.312333523869,10413.586799850007,10679.3720703125,3226261
2022-05-03,2134.4677337756657,2219.826476169407,2127.978472658013,2212.3388671875,22164751,3906.537353515625,3923.0880526709775,3846.740618631885,3906.537353515625,8356665,404.14045077170243,413.3708190917969,394.21155591112574,413.3708190917969,112955426.0,502.5733281068224,511.44989013671875,500.17965290419875,511.44989013671875,30790263,10489.52611399786,10701.35498960917,10463.54710095119,10675.3759765625,2234172
2022-05-04,2219.825964876668,2247.7796986372014,2208.8441408993153,2221.323486328125,17713767,3877.7066498595027,3909.2067763906634,3855.816834711519,3867.5625,2585429,418.75934460851386,420.8548937384371,410.0279152778409,415.0173034667969,79063745.0,518.6308941140749,520.0272324095495,514.0430297851562,514.0430297851562,23531567,10783.288671354465,10783.288671354465,10449.558276966733,10497.51953125,2213731
2022-05-05,2261.2572060346706,2321.158059174662,2248.2786878543393,2289.2109375,39787127,3897.9947961238686,3919.884855540854,3856.3507625302736,3876.10498046875,6853506,424.0979228886575,426.44294102342604,415.76563996016665,418.0108642578125,88308896.0,520.2267061651017,521.6230445921891,504.8672878394549,506.66253662109375,36324977,10523.497525893026,10623.416795983161,10469.541120044354,10503.513671875,2501672
2022-05-06,2290.7089447731505,2330.642855337947,2283.7205104243108,2295.70068359375,38425736,3881.443784998944,3891.5879342789854,3828.053846369577,3840.867431640625,8840253,418.31033637844877,429.83581142175007,418.31033637844877,425.7445068359375,156245671.0,508.0588251039019,508.2583107107497,499.48146144235767,500.6783142089844,30037627,10455.55334479752,10465.54527268819,10213.748689843296,10313.66796875,2591818
2022-05-09,2313.6706425013167,2333.85525252077,2217.829269608058,2221.323486328125,27546889,3843.5366385329025,3888.918022722389,3818.44355169419,3882.51123046875,7140775,425.34534451617645,430.03538161044025,403.94085693359375,403.94085693359375,88818514.0,502.37387124054555,503.9696344121125,491.1036036086576,491.40283203125,15352245,10363.62717039571,10454.025816535384,10109.832212694157,10131.814453125,2216925
2022-05-10,2201.3566610875587,2256.2119182255115,2187.379793398114,2229.8095703125,27778656,3912.409684509445,4003.706293407035,3900.1299381331005,3951.38427734375,6789705,404.68921728829935,410.7762762694127,399.30068475443704,404.09051513671875,60263673.0,498.53396495415956,501.4761797190438,494.3948974609375,494.3948974609375,22181402,10157.793098755003,10329.654245025498,10005.915806702005,10237.728515625,1759026
2022-05-11,2234.8012455018684,2318.6624492642795,2232.396290326309,2312.67236328125,35526868,3945.511576637732,3952.9862901333518,3900.130188488989,3940.70654296875,4341669,406.73496627707783,419.5577011173867,401.74557765849937,419.00885009765625,83263501.0,496.9880132520034,502.2740771389893,492.6993469012362,498.135009765625,49916373,10201.757711200877,10253.715732844605,9893.007159510273,10017.90625,4552005
2022-05-12,2264.751585034381,2286.21605895029,2226.3152015105443,2236.7978515625,44155433,3905.469887278506,3991.961481276616,3886.7833445123115,3938.571533203125,8908922,402.58557115549803,409.27205673290894,397.3062425890694,399.3421325683594,71800335.0,489.70728547528034,490.4054546763085,476.6916559486403,482.1272888183594,36686103,9939.968802527597,9975.939739086803,9756.11734900276,9956.955078125,3585647
2022-05-13,2272.737978127713,2308.678486457429,2241.549613426636,2299.693359375,29333239,3962.062755849703,4014.9186168917604,3953.520364922276,4001.037353515625,6951647,409.17226940537455,416.05833321393004,401.58760661300823,413.86279296875,52225780.0,491.15344710059856,500.0798645019531,491.15344710059856,500.0798645019531,48084577,10045.882624137177,10291.68400921155,9987.929452046472,10277.6953125,2551525
2022-05-16,2294.203202080548,2336.6329827978775,2287.9145372581224,2333.637939453125,41640631,3950.316959688272,3985.55419921875,3901.19821347843,3985.55419921875,6879331,408.32393341112885,419.6011373534749,406.228167151404,417.50537109375,30922807.0,495.09306288711787,502.0746331587173,494.1455823268822,497.2373962402344,20455046,10169.783284116425,10457.55078125,10127.817190784444,10457.55078125,2366936
2022-05-17,2346.116548922437,2359.594239735395,2330.1429894404114,2346.61572265625,46574952,3923.0880449778,3957.7914461785945,3886.782884583867,3914.545654296875,4603449,421.9463946471759,427.9841985435532,417.5053970494415,420.3995361328125,57290742.0,498.43425353996923,503.5706884845007,495.34240916142966,501.0772705078125,28301054,10451.55678103845,10523.498663278866,10387.608441269189,10479.5341796875,2102049
2022-05-18,2343.122322434943,2404.5336311487076,2335.6347138204296,2366.58349609375,29832609,3920.9519926731277,3947.647082336655,3871.833251953125,3871.833251953125,20411554,420.64905490165336,430.0300716243994,420.1999512015777,421.4973449707031,102756117.0,497.3371657916184,498.0851912180885,492.3503296151513,494.1954650878906,49059172,10449.55771594958,10449.55771594958,10203.756300944455,10235.73046875,3461990
2022-05-19,2353.8031573353956,2371.1260479582415,2297.042207448606,2324.8486328125,18826706,3800.152964523886,3808.162350307202,3638.8986797091575,3685.88671875,8686559,419.85067026617276,424.0421727055755,408.37388736157675,411.8668212890625,62607968.0,492.6495519460682,494.04585997073764,482.82547871266354,484.6207275390625,36961812,10173.781449695121,10267.705576219512,10079.857323170732,10241.7265625,2367764
2022-05-20,2349.809770201657,2375.7690028446327,2325.348185595776,2332.83642578125,56252402,3690.1581539465897,3761.174102610445,3690.1581539465897,3755.300537109375,5778873,416.65710919835766,423.99227637364174,411.86681210133787,416.35772705078125,77194004.0,494.69412450649514,499.5812176329236,489.358203971247,489.45794677734375,38422967,10317.663944687143,10569.46050812518,10299.67847587014,10485.5283203125,2900943
2022-05-23,2348.8109878619925,2385.383430469473,2344.8172603587204,2383.756103515625,46137281,3770.785577147734,3779.8627514921973,3729.6711017752414,3779.328857421875,7439956,422.8446162644831,427.9342956542969,421.76878968434846,427.9342956542969,78874531.0,492.4001406776513,499.680908203125,489.55763840581665,499.680908203125,37160656,10555.472419663914,10625.41591354658,10445.561214991156,10591.443359375,2274183
2022-05-24,2349.8098822986285,2372.773819962902,2341.323209683571,2362.290283203125,54757120,3776.125171441628,3806.5605458446134,3754.972971415395,3781.464599609375,3411959,419.0522394038441,424.46030508218945,418.1321037938077,422.7447814941406,91363183.0,496.5890153363761,520.8250513143144,493.4473154236503,517.5337524414062,69815063,10461.54670434575,10657.38845735929,10461.54670434575,10589.443359375,1817364
2022-05-25,2386.751446419011,2397.2349813227547,2359.693844545281,2374.770263671875,25067855,3790.007793667445,3790.007793667445,3730.1675348906306,3730.205078125,3823311,426.28754618937353,430.2295830270505,423.2427115026085,426.98614501953125,77303012.0,520.2267492788566,523.3186243737996,515.9380821466121,519.9275512695312,41656525,10565.464347361438,10637.406226783609,10505.512781176298,10591.443359375,1610331
2022-05-26,2387.2510958908006,2409.715817621266,2384.2557996600717,2400.230712890625,15569600,3736.6126116286637,3767.0479879256864,3712.0508017114767,3724.86572265625,3274374,427.1359138291571,435.5189490374146,426.83653167942043,434.37127685546875,39717396.0,516.4366778210011,524.6151003048273,515.4393107101555,523.9169311523438,21981132,10583.450173644036,10637.406585027795,10511.508291799024,10537.4873046875,4008193
2022-05-27,2379.263851185005,2406.2215196625525,2350.8085344587053,2376.2685546875,20270792,3735.5447611269256,3748.3596818579194,3705.109385337628,3711.516845703125,3863631,431.27751972296505,433.0239866214373,425.0401379427071,429.7805480957031,35604740.0,522.819868272251,532.7935396972292,520.126964812615,530.998291015625,22322780,10543.482562175095,10603.434130951679,10445.561666506675,10571.4599609375,1192233
2022-05-30,2379.7619566174244,2393.5403628270465,2344.816847122308,2370.27685546875,21868059,3728.6033598100294,3755.045743853244,3706.7110209959906,3732.875,3736615,430.0799468747687,434.76644981783977,428.6408416286257,432.6247863769531,67097357.0,531.397206164476,531.5966917696755,524.6151217089106,527.208251953125,21786919,10645.399657923253,10667.381898628559,10387.607926015595,10459.5498046875,1253111
2022-05-31,2380.261431924574,2418.2018406549155,2372.773193359375,2372.773193359375,30917763,3988.638594494913,4084.75048828125,3929.369776167089,4084.75048828125,20174914,433.82233359288506,440.493833844766,430.4790913003465,433.37322998046875,88970553.0,523.8172282572087,533.3919283445736,522.3211775639044,531.5966796875,98756041,10457.55183702859,10469.54215061968,10373.619641890964,10445.5615234375,4155173
2022-06-01,2357.7975559258857,2386.252872607608,2353.304611186666,2357.29833984375,21562120,4092.22650725044,4092.22650725044,3945.3888118668087,3956.601806640625,6614118,432.47513989659063,436.2624613269795,430.42926025390625,430.42926025390625,46327181.0,532.5941288694689,535.3867450856511,526.9091231841709,528.2056884765625,41941708,10519.500885845624,10545.479896391975,10411.588072806933,10433.5703125,1920774
2022-06-06,2375.768881720724,2419.6998885691005,2370.2775058646766,2390.745361328125,20531283,3982.231262723972,3996.114214165646,3956.6014235583266,3970.484375,3443727,435.31940153152084,443.6026331171247,435.31940153152084,439.5608215332031,38340956.0,529.3027819811725,537.3814319020316,527.9064435599181,532.0953979492188,51595327,10391.606371624304,10491.525663659153,10039.890463661635,10063.87109375,3078078
2022-06-07,2395.237841372458,2422.694715335669,2387.509014110815,2412.211181640625,21689744,3970.4849896691503,3977.9602386894217,3933.1082569932555,3946.990966796875,3362670,438.5627870012079,448.428814071144,438.3132917373446,445.5985412597656,45203419.0,527.5075227604834,532.0953874118129,526.1111843668816,527.9064331054688,21263058,10091.846161336143,10229.73475245143,10091.846161336143,10221.7412109375,2440406
2022-06-08,2420.6981337250254,2447.0366501581475,2410.7138147573,2436.173828125,27992220,3972.085859237088,3972.085859237088,3903.974879532876,3927.23388671875,7314498,449.0915409044737,451.61143734835497,447.84406440196125,450.48870849609375,74146887.0,521.7226500225064,524.6150386538382,515.6387357110918,518.830322265625,25291277,10351.638355510428,10351.638355510428,10149.801391435803,10301.6787109375,4477140
2022-06-09,2435.6744079780938,2455.378567062398,2391.743408203125,2391.743408203125,44141701,3915.4868862320413,3954.465538373112,3866.897166456066,3885.051513671875,7995361,450.88783117441426,455.07936381297236,447.3948974609375,447.3948974609375,57899416.0,515.2398957797828,519.1296523953556,509.5549207305884,510.4525451660156,36643147,10223.740745574782,10273.700385652844,10029.897342071898,10047.8828125,3152703
2022-06-10,2380.7608227497294,2387.7498459240837,2320.355693885666,2334.333740234375,25257302,3869.0333537318065,3891.9934807324526,3830.054697889553,3886.65380859375,2987249,445.7483034324528,446.69639776875863,434.4212105549757,436.56689453125,50515237.0,509.6546126820438,511.3201987745317,496.48935415215584,497.78594970703125,24271324,9953.958247616041,9977.93887378978,9764.111623740611,9843.0478515625,2216657
2022-06-13,2274.927441566342,2321.3545322105533,2255.957232485912,2283.913330078125,34145448,3877.041825453567,3911.214695173446,3841.6266162003008,3874.906005859375,5471656,428.2835525613319,431.07791771648334,418.50335065821184,425.4393005371094,69576254.0,505.6651698549921,506.8620226685947,498.2846586703931,501.5759582519531,46714611,9823.06382985099,9850.042033838983,9680.179267988646,9769.107421875,3013591
2022-06-14,2303.8816434175965,2333.335384904409,2263.944366825309,2304.380859375,24859895,3884.5181820813295,3899.658833789903,3846.07341840087,3854.61669921875,5608348,431.8763287722904,440.40905514796975,424.74076987048113,434.0718994140625,53900332.0,514.1427232116782,521.8224618050559,510.90128024283644,519.0298461914062,45899669,9700.162812499999,9798.403751831054,9391.412265625,9742.12890625,4907668
2022-06-15,2287.9068198764653,2300.387219286658,2247.470325787442,2267.43896484375,30775060,3908.0119467286872,3945.62246791862,3859.4222231202984,3873.304931640625,4749330,432.42519168167894,432.7246042805739,421.74681235233777,426.537109375,70081548.0,523.6178314458753,535.8854370362849,523.5420427321302,529.2030639648438,100899252,9792.088179154829,9907.99452903054,9717.148728804155,9848.04296875,2263863
2022-06-16,2262.4468862049616,2268.9366941309686,2134.348988345143,2140.63818359375,38708916,3847.675083990907,3870.634966793994,3771.319699691259,3794.8134765625,12909047,420.4993810203993,423.86756754083615,401.088634668383,403.5835876464844,63534857.0,526.8094474392441,530.1007475255619,509.1560331360289,510.2531433105469,73852136,9806.078483406442,9878.020367531699,9646.207629794762,9752.1220703125,4868717
2022-06-17,2131.6522300406677,2138.4364971918603,2023.3223626123715,2040.794921875,60234410,3798.551089875287,3859.955975397376,3786.8042018501565,3836.995849609375,12311695,400.9888466379678,404.3820071898749,378.6839904785156,378.6839904785156,132698179.0,516.0377937362448,522.819878259899,506.064091683505,507.3606872558594,80376964,9816.06997871322,9944.285734126954,9720.147470777913,9915.9892578125,4419170
2022-06-20,2043.290554239128,2126.659604460954,2040.0606421883342,2107.190185546875,33108109,3836.995782708051,3850.8784904763515,3818.841435043776,3845.5390625,2594511,378.08516962565767,391.80741061443655,376.7378889646567,390.7096252441406,55876190.0,511.1507185115371,540.822394366597,509.9538656298851,536.0848999023438,46212984,9920.98469679745,10045.8837890625,9920.98469679745,10045.8837890625,2361443
2022-06-21,2116.6753245220248,2161.10553770185,2110.6847339809246,2147.626708984375,27007551,3840.199598190559,3861.0239047552072,3823.1130376836154,3848.208984375,2913940,395.10072680925623,399.49183772933327,391.75748390266364,394.5518493652344,50454312.0,531.5966310133592,544.263204565116,530.3997783934104,537.38134765625,31728545,10023.90074700089,10137.80871003499,9997.921737887847,10119.8232421875,2162246
2022-06-22,2066.75379405821,2089.2185092110167,2050.647987588034,2072.744384765625,39340963,3865.829694345402,3889.3237165945716,3821.511607943097,3854.61669921875,4543930,383.27460883195704,386.79748070883795,378.03520833638277,382.526123046875,64956072.0,530.5993053247228,536.2843100566649,528.3053731344887,532.195068359375,53508538,10091.847285868958,10311.669701996798,10041.887645839905,10295.6826171875,1868013
2022-06-23,2062.2611243415786,2106.6703814731673,2024.8199274581075,2025.818359375,39906031,3833.792341295784,3882.9159584471636,3820.443283200291,3872.77099609375,6601815,381.42845827017976,390.85936311415196,374.89166259765625,374.89166259765625,45686408.0,532.893178046874,538.2789842180983,523.8171626605173,525.2134399414062,37274569,10237.729260747832,10395.601720556358,10149.800295791185,10371.62109375,1518253
2022-06-24,2002.854363772455,2088.5447316563773,1999.3598521706585,2084.2265625,23785753,3890.9250183655868,4009.462898799715,3882.9156329371767,3990.7744140625,4304136,371.2988863106995,386.81751195309545,370.7500088433862,385.7197265625,47387512.0,526.9091313302009,535.8854370117188,523.1191477728984,535.8854370117188,30932525,10455.554548301781,10783.289820840293,10413.588446330386,10767.302734375,2343039
2022-06-27,2070.747869822485,2128.6569230769232,2066.254926035503,2109.1875,31627846,4021.74416475619,4025.48166689764,3961.9412050461387,3987.571044921875,9381139,382.17688701644363,393.3043705567941,381.57809224552585,390.8094177246094,87244319.0,536.5835498347653,539.6753637832848,530.5993466767568,537.1819458007812,49272132,10705.351606601656,10841.24182673399,10643.401653306033,10797.27734375,1825901
2022-06-28,2141.13738635181,2198.5472253423577,2141.13738635181,2173.58642578125,33749625,4013.200817442889,4025.4815993368056,3969.950280538042,3996.1142578125,2730381,395.2005450352768,404.18237560426036,394.30236806957214,396.2484130859375,48021884.0,539.5757469454185,548.1530819740591,536.5836448366639,544.3630981445312,38416400,10751.313957328945,10835.246148073891,10735.326873377526,10777.29296875,1713046
2022-06-29,2170.5907365113703,2234.6112756598186,2170.5907365113703,2181.573486328125,31166272,3973.6879349814462,4022.277898759264,3953.9316618101498,4013.734619140625,3081509,395.150658188928,407.47570132808244,395.150658188928,396.8971252441406,42314657.0,540.8721767088604,553.9875786795569,540.2737807869669,550.6463623046875,24696936,10743.319024787406,11045.0751953125,10727.331942905283,11045.0751953125,1738135
2022-06-30,2144.6318560728096,2172.088735049533,2110.185953356556,2130.65380859375,20169850,3960.3394179653665,3980.095692615469,3936.311503186201,3973.688232421875,5808755,389.1128587542056,397.6955030543515,383.52415801532203,387.5160827636719,41015966.0,544.462749644846,548.7523901914212,527.1085369453019,534.1898193359375,30622073,10833.24734375,10937.163385416667,10669.379739583334,10791.28125,2526095
2022-07-01,2120.170640886982,2176.2225137509754,2091.2161089417395,2117.674560546875,14490753,3983.2997601400334,4068.732323556747,3971.0187331576476,4058.05322265625,3613071,379.48233496538217,390.9092313959051,376.68799990805053,383.7237548828125,43140059.0,533.990531464657,539.1767932562933,530.4997455571074,532.9931640625,16750917,10713.344192785824,10773.295755140529,10559.468516075414,10745.318359375,2197334
2022-07-04,2149.624293842913,2211.8895514407486,2149.624293842913,2199.5458984375,17631705,4060.188762188694,4075.673396477273,4049.637894115967,4060.72265625,1748336,391.9071618551189,403.1763558259106,391.20856295317407,400.6394958496094,31108039.0,537.6805959311456,541.6700644548401,534.8879801394512,538.279052734375,9805506,10799.2763671875,10889.20372405712,10761.307038731436,10799.2763671875,943491
2022-07-05,2209.03061685108,2213.0243445199635,2004.851289779421,2012.8387451171875,30909100,4056.4512185249273,4073.003640766992,4033.680027574778,4060.188720703125,5620073,401.73727232859756,401.8869938556521,371.4984577300055,372.54632568359375,73064490.0,542.0689675128668,542.5676510156386,519.5284975373652,521.72265625,42429658,10849.234427083333,10891.200520833332,10659.3878125,10791.28125,3156736
2022-07-06,2061.762042834549,2072.7447946365733,1951.3354900008862,1971.1043701171875,34883756,4060.188841060843,4158.54334327722,4059.121052917488,4133.87451171875,6813039,381.02914513922974,386.9671444511691,364.5624581413077,367.90570068359375,77499983.0,520.2266174070431,524.8145422600915,511.7489976698249,517.3342895507812,34917031,10883.206152361541,11083.044678846329,10871.215840772453,10969.13671875,2232503
2022-07-07,2003.8527133286013,2048.7821463628748,1978.692279580963,2030.3111572265625,33726164,4155.7667329060605,4160.038373183876,4084.217123933549,4085.284912109375,5773524,377.83563061273435,390.7594669021613,377.13703169721305,384.4721984863281,91144870.0,524.1164355056881,536.6832372022823,523.7723730598732,534.1898193359375,31068840,11101.031620603871,11160.983186511723,10981.128488788168,10995.1171875,2583073
2022-07-08,2026.3177284742878,2077.7369760803117,2015.334976558438,2040.2957763671875,10824448,4102.370880286407,4118.92354491732,4068.197763003085,4096.49755859375,2901923,382.1269068056131,394.85116415592455,381.4093643366971,385.76953125,33547710.0,530.5992763305821,530.5992763305821,518.2319004272304,524.4155883789062,27594290,11067.060108995835,11111.024594802608,10827.253822777073,11035.0859375,1521595
2022-07-11,1994.2682075919893,2042.7919810054866,1989.2760473256026,2027.3162841796875,12008273,4077.2752879177947,4127.467180149325,4068.732007860278,4113.583984375,2914685,379.93145726903794,385.8694271705694,376.9375136513338,383.8235778808594,32272439.0,521.0246955296858,530.7988827758546,517.833108033629,526.3107299804688,21769234,10991.121371116864,11180.96801298161,10935.16657140936,11144.9970703125,1462016
2022-07-12,2034.8042195027058,2044.7885385385384,1979.6908271764669,1994.866943359375,15831310,4117.856139706673,4164.309798704554,4090.0902355455355,4154.69873046875,4007819,384.47221443421193,385.22070025076135,372.74593664160454,376.28875732421875,36790825.0,525.7123083694679,529.0036693399119,515.8384080815529,528.4052124023438,20932371,11166.97761708953,11228.92756450001,11103.02928427871,11154.9873046875,2841130
2022-07-13,1996.8639758678821,2017.331831620528,1955.329229545611,1998.86083984375,15023021,4134.40719128893,4142.950469075132,4091.156908443078,4137.0771484375,2994811,375.49044323301854,382.62600303980736,371.5484051349614,376.43853759765625,38576591.0,528.1060054563484,531.297593112754,520.7254628055646,525.8120727539062,22598546,11150.990426485656,11166.593054534307,10815.511480635068,10971.1357421875,2140416
2022-07-14,2005.3505664979027,2011.0415798469344,1905.6071905696506,1933.3636474609375,16717755,4137.077933890419,4158.436132410926,4120.525269090222,4144.01953125,4894484,377.13705881636844,379.63201161411627,358.4748301627948,363.2152404785156,62414862.0,524.2162562651653,527.5076172288781,510.2531437636469,511.0510559082031,32792257,10939.163913876902,10951.154228725873,10715.344703362796,10767.302734375,5021332
2022-07-15,1946.9423429438345,2008.845125129741,1936.1592289082769,1986.480224609375,14079237,4154.698963571503,4187.8042977683235,4146.022087560918,4173.38720703125,3447071,366.608349610003,376.3885518457042,364.3129748913627,372.34674072265625,39243191.0,512.6466483873965,517.4339979095089,507.06138698678114,512.5469360351562,28309814,10873.216263677148,11125.012854234641,10781.29052426727,11101.0322265625,2494991
2022-07-18,2022.323819249883,2061.2626634615567,2019.3285235412927,2033.8057861328125,12937440,4160.037252201303,4194.148443269355,4115.1852851575195,4127.46630859375,3949335,379.23286304523685,388.17476623568456,379.23286304523685,381.578125,31223799.0,520.6256775307603,522.7201242974783,517.2346047066369,518.4314575195312,24266711,11190.959016762798,11280.506789845189,11035.084944743601,11087.04296875,2472982
2022-07-19,2027.3161569781007,2047.284796790739,2014.3365410998858,2030.8106689453125,23609488,4110.3813341098385,4247.607732926532,4110.3813341098385,4210.7646484375,5244742,379.781740296631,387.2665994310224,378.7837590787122,384.8215637207031,30143535.0,514.9407500251979,522.7202031711648,514.0431559359355,522.0220947265625,24146732,11001.111833621293,11230.926158937633,10985.124750121027,11222.9326171875,1889018
2022-07-20,2056.270187500714,2060.763130372165,2027.3156667735861,2047.2843017578125,13623556,4206.492268792621,4243.869240865891,4152.563118267462,4157.36865234375,6637625,391.2086324605856,393.0299603425666,385.91934425511334,387.7156982421875,41561571.0,523.6178241991788,523.7175365778105,512.0483880523747,516.436767578125,37333213,11232.92598232277,11278.88885326983,10909.1875,10909.1875,1710262
2022-07-21,2056.7696963774033,2058.2673442145715,2001.6063343750482,2025.319091796875,16743380,4161.639469758616,4173.920493336939,4115.719226721055,4153.09619140625,2979044,388.9132476299969,393.45404946168946,378.3346418576523,383.12493896484375,42121265.0,514.7412643805378,522.0220947265625,510.6520826001302,522.0220947265625,30729054,10777.2935669556,10863.224147964147,10587.44693449486,10785.287109375,2554818
2022-07-22,2036.8012179379136,2054.772993390307,2013.3380666528446,2036.302001953125,10899647,4176.057211807378,4199.017095821342,4150.427369737341,4177.125,2681572,386.21866510233224,389.81140296191893,379.3326019707704,382.526123046875,27371435.0,515.9380748397708,521.8225660625259,512.6467750348684,513.8436279296875,22438652,10765.303112627425,10793.28051072967,10693.361231793087,10757.3095703125,1136593
2022-07-25,2026.8170104065973,2065.755859375,1999.3601297237494,2065.755859375,26203536,4172.853287459141,4209.162473550755,4156.834514548885,4182.46484375,3246688,379.7817633313555,386.76763228049805,373.50947779755893,385.91937255859375,30813587.0,514.8409007447511,527.4077016487081,513.045652169108,525.11376953125,45999917,10757.30992986095,10885.20661117455,10713.3454456594,10801.2744140625,809455
2022-07-26,2093.2128363325246,2120.6936065455347,2082.2300835542474,2083.228515625,17920505,4233.724113682843,4315.8462896308165,4224.113044797927,4305.80810546875,5365501,389.96116536938484,395.0508757302752,387.7655944824219,387.7655944824219,23914013.0,528.6045990135694,531.2476463584217,521.0246328869329,523.1190795898438,22351965,10803.270476619215,11035.08316165211,10755.309231439995,11011.1025390625,1342524
2022-07-27,2092.2139426491476,2121.1684663126293,2078.735112667872,2114.179443359375,19303750,4386.434017595565,4388.569593319016,4260.954804186141,4266.828125,4202710,389.41223624436583,394.4520286019922,387.3164698494049,392.35626220703125,23684384.0,524.6150727490841,528.1058574536883,519.3489454606861,522.81982421875,34224560,10989.123287407636,11021.097459547756,10921.17817160988,10953.15234375,2874837
2022-07-28,2160.6072085393125,2160.6072085393125,2111.1848162922256,2120.669921875,24750288,4246.538277559353,4254.013768725632,4202.754093713034,4239.59716796875,2878825,395.45006923665846,395.99894674027695,384.3724713006015,388.6138916015625,34532837.0,519.6283061401555,521.7227528899757,510.8514870405117,512.04833984375,21249908,10951.152936695033,10997.115804859994,10745.319222738903,10861.2255859375,3537670
2022-07-29,2120.669493872619,2186.066787586676,2108.688310291418,2175.583251953125,16790328,4235.860492629713,4280.2843853529275,4229.452787846935,4275.373046875,3915043,387.76557760414204,404.08257608501475,385.3045830445806,399.1924743652344,48528027.0,512.5469587322972,518.4313878874393,508.05877650538065,512.3474731445312,32529221,10891.200887299428,11007.107245366102,10523.497958260328,10835.24609375,3180395
2022-08-01,2173.087377312478,2192.057586441326,2129.517859555753,2132.65087890625,12319491,4252.41366550792,4280.179089327615,4245.472065765691,4259.888671875,2556491,400.7392997195466,403.68335615572636,390.11080706399446,391.5578918457031,45462794.0,534.7882829690219,556.3313892592101,534.7882829690219,543.7645874023438,31325308,10677.373229273675,10837.244061828773,10645.399062762654,10699.35546875,1422773
2022-08-02,2136.145311181235,2174.085728019228,2133.6492311261036,2162.603759765625,49102639,4262.021902106357,4297.796690277839,4257.750263776585,4267.361328125,2007927,403.33407830922096,410.27005952929926,400.83912541796514,402.53570556640625,63754353.0,531.6965377401157,539.8749626126983,529.4026048900496,532.9931640625,39732317,10609.427664076995,10857.227443761596,10599.43573747681,10771.296875,3725296
2022-08-03,2164.600111941373,2203.0397357004795,2144.905947460389,2167.09619140625,12973636,4249.7419711821585,4291.39057747546,4220.176921547331,4287.65283203125,2965172,405.62942993792456,415.25994145367173,401.5377013401556,409.870849609375,75060369.0,530.9982613616163,543.2658643543539,528.9037539546646,541.9692993164062,42409022,10641.403241176316,10746.596580049465,10549.477504257235,10653.3935546875,3362723
2022-08-04,2159.108714990292,2188.5624523739743,2126.659682279455,2129.15576171875,26244180,4249.08037817636,4290.732478668166,4217.573720769025,4259.76025390625,1954884,407.5256300784291,420.05028198576787,405.97874094117617,407.17633056640625,54555299.0,536.5835437342073,543.5651140058419,536.4838313658257,539.3761596679688,19328618,10723.336993134912,10841.241742034457,10649.396726875875,10711.3466796875,2394155
2022-08-05,2100.7007930595933,2161.6051411473472,2089.7180417650798,2146.628662109375,25367536,4259.2244326906675,4278.982827994714,4229.3201111504095,4241.068359375,1698234,404.6813889458153,413.56341580558984,398.1046962918932,410.3199768066406,40008266.0,538.5781839028933,543.465306588089,529.7015931887875,540.4732055664062,13580020,10791.281793553286,10907.188153558118,10723.336685964246,10857.228515625,1159145
2022-08-08,2157.112163782837,2181.5737458299,2144.342180521103,2158.110595703125,10493854,4259.2253266561165,4291.799866600175,4219.709015374788,4274.177734375,2783919,411.16822699976643,418.75288970551867,410.4197411496455,415.45953369140625,43982321.0,542.8669289802804,548.4522215594648,539.974600762443,544.0637817382812,14535469,10881.208501106905,10893.198813504818,10701.353815138194,10705.3505859375,1414290
2022-08-09,2149.124642422554,2206.0352601313048,2143.1340510847913,2181.074462890625,21369922,4281.120889296563,4286.2901602806405,4240.536675096602,4265.10107421875,5346956,416.557242575907,424.7905854161168,414.9564772332171,421.69683837890625,40670869.0,543.5651638234319,554.9351750862227,542.9667678093765,552.0427856445312,36065716,10689.364287536317,10853.231902338706,10677.373974258093,10833.248046875,1610653
2022-08-10,2170.0916277939723,2193.5547762886395,2140.637888194284,2166.097900390625,12399545,4238.933239706711,4254.953048737156,4199.41644295064,4217.03857421875,5162950,420.1001539867957,424.4912647121826,416.2080033527814,420.3995361328125,43226085.0,548.0532153768277,553.7382199587215,541.9693004840284,543.5650634765625,18967311,10857.227851042533,10907.187485917568,10739.323112737451,10809.2666015625,1615527
2022-08-11,2163.8177962026343,2213.2451062681766,2158.3258728620185,2210.24951171875,15811160,4224.51504479534,4229.854981476475,4156.162294889876,4187.6689453125,4078184,417.35696901105433,427.6374532525832,416.351890247643,426.7391357421875,37130077.0,547.3551827962272,549.2502050877889,544.1635951404518,547.4549560546875,8667223,10742.08099928761,10800.038273516324,10422.516775519285,10498.2607421875,1572867
2022-08-12,2204.2575981191803,2236.959494535218,2194.972184439922,2211.74658203125,11094503,4167.37615624817,4178.590460941159,4147.617758728392,4171.1142578125,2504409,427.338047457816,435.1172732010412,426.9388121123637,429.7334899902344,38848926.0,549.1503715527317,553.2396137134446,546.9562123500413,549.0506591796875,10238401,10560.215447628827,10732.088749766617,10504.256698095593,10704.109375,1554698
2022-08-15,2223.7293209981526,2225.726383702237,2137.3563590464955,2178.79541015625,17089466,4193.543344590778,4209.5636442328005,4171.1152176645355,4199.951171875,4242261,432.2287547646701,434.6242277888859,416.65836286549614,424.6930847167969,64380728.0,550.8459096389603,551.5440788757212,542.5677737945613,545.5598754882812,14941594,10822.022042945231,11031.867345717023,10808.032356093778,10953.9248046875,1475470
2022-08-16,2189.779449990633,2197.7677015181866,2164.316898246556,2165.3154296875,31593894,4218.6413996959645,4221.845556932632,4168.978669200948,4188.203125,3557611,423.2457658970141,431.2805171372284,423.2457658970141,425.6911315917969,41081602.0,545.3603764074697,551.7435508796528,545.3603764074697,548.3524780273438,15918386,11013.88112167926,11035.86491633331,10867.988666247835,10959.9208984375,962238
2022-08-17,2180.2932071843134,2194.7719117889264,2152.5839621651403,2178.79541015625,17541564,4186.066020356604,4209.562518564562,4177.52192784841,4208.49462890625,4711248,427.88698475439213,432.3285270755825,424.6431483633164,430.0827941894531,48669836.0,549.0506633808529,550.8459122306384,540.2738438795398,543.6648559570312,13002272,10929.942652649803,11085.827737108879,10798.03988887674,10993.8955078125,1321532
2022-08-18,2191.7757264215757,2214.24267578125,2176.7977601817925,2214.24267578125,15211830,4217.039503624419,4220.777606174974,4174.8534608304335,4205.82568359375,3141424,431.7796063061437,442.2297518015607,428.3940407351266,441.1617736816406,42248322.0,534.6660548476553,541.748360698491,530.4744860787935,539.3543701171875,35124765,10933.939756361222,11047.855780143453,10921.948595963091,11005.88671875,1189939
2022-08-19,2215.7405970299646,2256.68037372137,2202.260426655965,2245.197265625,17288683,4203.155216102516,4282.722279576322,4194.6111215397295,4276.31396484375,3275299,441.1617865118843,449.0467987761514,440.7126277127756,446.9507751464844,46023417.0,537.6587711717124,539.3545531275739,533.4692101287836,535.4642333984375,32406970,10975.909788194445,11285.681459201389,10969.914207465277,11241.7138671875,1721288
2022-08-22,2218.2366652871196,2258.6771716765543,2209.249886089468,2240.70361328125,11765513,4270.439071042335,4300.343394927889,4243.204471312102,4278.44921875,1985465,439.2653231158819,451.6417994849666,439.11561369418035,448.1484375,43508227.0,533.7683954996057,538.1574705861473,531.2746166739054,536.8607177734375,23996058,11297.670982094078,11509.514803799715,11155.775592083697,11431.572265625,1709107
2022-08-23,2241.202936640372,2318.0898273159387,2236.7095469255664,2314.095703125,17854461,4268.302770019148,4270.972981774001,4188.736213650516,4209.5625,2775672,448.19839994213277,458.97793687057947,445.10430321516117,458.5287780761719,39377788.0,532.272108496324,532.7708642429972,526.8855829622154,529.9778442382812,16359493,11305.664538310413,11369.617387033399,11141.78536345776,11189.75,1505012
2022-08-24,2314.096339701046,2320.586793296756,2285.638197012166,2289.133056640625,22734276,4197.279649663084,4266.700268223355,4186.065347191642,4262.42822265625,2924584,459.12765207145594,459.7265203182726,451.6917681311996,452.0910339355469,52844661.0,528.2820133355511,529.6785536495146,516.9104199001528,519.9029541015625,21197546,11145.783061329847,11359.625411618943,11041.859676142622,11341.638671875,1462807
2022-08-25,2317.091552734375,2335.564379162122,2302.1135853605265,2317.091552734375,16967703,4252.283226422337,4269.4074963694275,4204.756770056283,4236.796875,3769251,459.22746607303185,462.91744601490353,457.78020368925326,458.5787048339844,32948449.0,525.0900873392535,527.5838661338296,518.7059892718302,521.1997680664062,10572577,11441.565311186745,11531.49901232271,11361.62424351033,11413.5859375,1240502
2022-08-26,2324.5810772814907,2342.554642312018,2310.601637813303,2330.572265625,40379689,4246.942412704053,4267.768698434973,4191.940245726985,4202.6201171875,2504688,460.62478853344305,463.219863856558,456.4327414376648,456.9317932128906,35420028.0,527.3842520473835,530.2769983727806,521.0001551857143,521.6984252929688,34962657,11433.571448901135,11491.528724205826,11341.639219107488,11355.62890625,1998604
2022-08-30,2363.0238158944885,2389.9841552264775,2314.095792662361,2336.0634765625,20945943,4201.018857546992,4253.351307629584,4196.746810854109,4211.69873046875,4747056,462.271643210445,468.7094231542318,446.1522773144042,448.39801025390625,63076041.0,524.8905364081292,536.8716327789133,522.596272253098,528.1823120117188,19503771,11101.81482523359,11277.685159098677,10961.91796875,10961.91796875,3055491
2022-08-31,2327.576751309191,2340.058394119729,2234.838145226891,2286.636962890625,52745247,4202.620047575266,4218.64034212151,4149.753660717647,4192.47412109375,5394981,450.2444887695684,451.54201111790013,427.43781801528326,440.6626892089844,124438705.0,532.6710801733961,532.6910498837623,524.7907158699601,527.4840087890625,44929787,10911.956868306088,10937.93771799253,10596.189618270857,10636.16015625,4157924
2022-09-01,2279.6464435595854,2293.1266130681506,2248.5181636771495,2269.6611328125,14886879,4192.474242925711,4192.474242925711,4119.315513358269,4142.8115234375,3734917,441.1618130207684,444.9545947044854,435.672242949243,440.36334228515625,57245909.0,526.5863971996033,529.5789319950927,517.1100370138867,519.5040283203125,19962553,10668.136303230782,10702.111259610498,10515.548583380303,10568.2099609375,3336705
2022-09-02,2302.114083636443,2332.5692905550773,2282.143456148814,2320.5869140625,13297146,4141.744595703822,4176.454917876789,4132.666556454365,4171.64892578125,3256962,446.1522935402152,456.68227396673484,443.1080898509475,452.839599609375,56820686.0,526.2871466713177,533.9679989103124,523.3943992817052,533.5690307617188,21503657,10612.175284231376,10639.254926869953,10504.254857612073,10610.1767578125,2609789
2022-09-05,2322.084317416917,2363.024096825257,2309.0924415593963,2344.55126953125,10174681,4131.597688539392,4143.87939453125,4108.481535196398,4143.87939453125,3836556,451.89143894511864,466.6064928813873,449.3632528139856,462.4713439941406,54294811.0,529.2796490858549,535.4642333984375,526.4866286849951,535.4642333984375,18525092,10546.225494224267,10654.145937030427,10393.320635072634,10640.15625,1582601
2022-09-06,2333.0684969123113,2339.5589506807382,2283.1419294628718,2305.109619140625,14147385,4125.724576639685,4200.485650711521,4125.724576639685,4183.3974609375,3111040,460.7246072500581,461.373368469107,448.9469670208874,451.84149169921875,52588257.0,533.9678199980575,537.7583509976874,527.184754911889,532.371826171875,19060401,10644.152236006752,10644.152236006752,10434.306951594303,10506.25390625,2067257
2022-09-07,2281.6439575249256,2312.5404068429125,2237.209315901355,2259.67626953125,18633719,4165.23952284097,4201.018213168971,4149.219715915549,4192.47412109375,2950436,446.7013103321068,453.53832694630194,439.67468203292685,440.41326904296875,87143450.0,528.6810045989932,529.9777571506029,517.5088655327021,521.6984252929688,30639882,10342.373755821814,10444.298598632813,10198.479860088642,10392.3369140625,2970346
2022-09-08,2262.6721341977563,2289.6324817808713,2245.697100534313,2266.666259765625,15522846,4191.941413614555,4224.515469503106,4133.200641353868,4177.52294921875,3183290,443.3077284525806,449.09674787747144,438.9220790624849,442.2098083496094,45650262.0,524.3917752064687,527.9827920304634,519.4042180157722,524.1922607421875,18174238,10364.35899671209,10542.227864954932,10296.409091990106,10504.255859375,2120469
2022-09-09,2278.148998439623,2314.0961226753566,2276.183871429096,2296.621826171875,16834428,4187.6693250729695,4265.82618825833,4178.591285605519,4221.845703125,4476289,446.4517362134373,454.8857239706646,444.2060030726057,449.9450988769531,38650513.0,524.8905072938403,528.880552866757,522.9952112933994,523.6934814453125,20565779,10470.281830357142,10610.178705357142,10448.298035714286,10492.265625,1208126
2022-09-12,2326.0788271343454,2336.689198072168,2301.61480856178,2318.090576171875,28389401,4266.700946631004,4304.080985571045,4243.344395648862,4293.93505859375,4614375,457.88003765823095,460.9741649855737,453.8876231609385,456.98175048828125,38435954.0,531.4742102172337,537.7585216161809,525.4971158550635,534.666259765625,31988724,10502.25828101464,10614.17578125,10450.296584476793,10614.17578125,1811824
2022-09-13,2315.09427509902,2348.0458002567802,2304.1104333797666,2324.0810546875,14142044,4299.809971403821,4338.258392489573,4290.7314453125,4290.7314453125,3096964,459.97605887733545,465.1162864229007,455.48459259213575,460.6747131347656,46399900.0,533.9679326326252,534.0677203198493,526.0876277391017,528.2821044921875,17040989,10570.207432351677,10616.173545216887,10290.4137018678,10320.3916015625,1572156
2022-09-14,2302.612931673163,2350.542428949968,2281.1445110179275,2337.5615234375,18298486,4278.982190049534,4285.390014185282,4218.639611176188,4235.19384765625,2997078,456.58247055342764,465.06635053187586,453.33863409107977,461.4232482910156,52690774.0,526.7856357967548,528.2819025837745,515.9128003410295,517.6085815429688,22921832,10282.419826065676,10324.38888658023,10120.539164080968,10144.521484375,2513290
2022-09-15,2336.5628860681304,2362.025430339386,2304.2105743892253,2311.100341796875,13849101,4249.613702661464,4269.9060487303495,4220.243317261463,4239.4677734375,2363107,461.6229329361915,465.9147663990673,453.0891590084966,455.6842041015625,44965722.0,522.4965542876557,530.2771324478117,520.5015311243709,528.3818969726562,21711834,10104.551345014808,10266.43201331904,10089.661930247097,10122.5380859375,2604935
2022-09-16,2315.094393546821,2337.5613436675035,2278.148742237253,2293.126708984375,78571648,4234.127580544335,4264.031912527984,4204.2232485606855,4212.2333984375,6767820,453.43842092797234,459.6695927108167,450.0947984744164,451.19268798828125,192087202.0,529.5789182431787,535.663714482689,525.9878400518775,528.2821044921875,53237791,10190.485994499913,10431.44796842823,10086.562622914505,10114.5419921875,10442349
2022-09-20,2311.5995590093985,2347.546679581467,2286.636280834351,2299.117919921875,21934237,4224.5142450452,4276.312742574256,4224.5142450452,4248.0107421875,5626527,451.0429774953351,462.1219327304903,450.5878486229076,451.641845703125,50205810.0,536.2621028791174,539.6536659835209,528.8805550684509,532.7708129882812,31180004,10182.492178583392,10248.443550888249,9996.6292202697,10068.576171875,1442120
2022-09-21,2318.589407119914,2368.51596627409,2314.4704659896947,2331.5703125,20653671,4225.581743877311,4337.722820685408,4213.300039257848,4328.11083984375,5524450,454.98548448069783,465.1162288673051,452.3904093006567,454.68603515625,47779470.0,535.6636133973615,535.6636133973615,517.6086816938843,523.59375,60407934,10036.600295775519,10126.53399018211,9983.63934240275,10082.56640625,2145979
2022-09-22,2323.0830541663327,2361.5265089634113,2309.602881705019,2335.0654296875,13684030,4319.034715743935,4366.561183856859,4313.694778203616,4330.2490234375,5410387,452.3405100123208,463.6689601599016,450.344303049265,457.38092041015625,44199242.0,518.4067612546089,522.3968074280009,511.65657190386816,513.7184448242188,23443275,10002.62565156596,10098.554928544016,9893.33610714094,9926.681640625,1561591
2022-09-23,2320.086701562588,2321.0852325294754,2194.771065218235,2211.246826171875,22627001,4331.849910980157,4336.121957602258,4235.729105793341,4300.34375,3956145,452.3904365584938,455.3348542312831,427.53766411693965,432.2786560058594,105384380.0,518.0076481124386,520.7009410184972,504.2420032276827,508.7308044433594,35204699,10022.612735638602,10064.581801929413,9776.793918792431,10008.623046875,2219872
2022-09-26,2183.288670815199,2227.723313326645,2155.329794628222,2208.251953125,22555444,4399.669450879336,4462.1478384562715,4315.296394019163,4352.80419921875,5998115,422.7467077376443,433.8755856696236,421.4990784143013,429.2853088378906,51536820.0,500.0524405270577,504.8165558321552,490.77559690848875,498.356689453125,32819024,10138.525390625,10212.470874451754,9854.734614857456,10138.525390625,4845197
2022-09-27,2195.769954564924,2264.7734287914254,2183.2883154416577,2240.20458984375,22128397,4408.21282048955,4411.950922249377,4345.200010691258,4355.88037109375,5430246,424.34368186989843,434.2748235262478,422.2636498451016,430.28240966796875,79653935.0,500.7507096244818,502.8454895976913,494.11726507734426,494.4664001464844,43346266,9889.709582043453,9987.63739239409,9788.371199933654,9915.6904296875,2973886
2022-09-28,2212.246026479054,2272.1579026193126,2183.7878853124307,2257.67919921875,14687171,4304.081868118026,4361.327592129969,4276.313805633281,4341.46240234375,9915106,424.5932761901997,437.01967851139415,420.301442784488,435.0733642578125,56269353.0,482.7955062875236,483.9426382823185,468.38145471860923,482.24688720703125,40585129,9927.680058314621,10068.576171875,9810.76626195601,10068.576171875,3037383
2022-09-29,2258.1781420566235,2268.1634533193105,2216.239834753339,2238.20751953125,17127418,4368.697452548078,4409.815605526201,4325.976976972758,4358.01708984375,9995947,433.4763849745257,437.66843231398053,425.4416631102262,431.23065185546875,87126356.0,475.4139452371906,478.30672224481816,460.80040913388706,465.83782958984375,33273984,9971.648730183637,10038.599373025836,9823.757757935196,9925.6826171875,2232990
2022-09-30,2249.191137331248,2278.647802614831,2225.226392693756,2243.199951171875,16698217,4296.606478766967,4317.432771027942,4229.85555453617,4238.93408203125,5724341,431.1807360028005,439.11567145339995,427.28813822804915,432.2786560058594,40927178.0,467.3340496768454,482.4293839779033,463.8427600848092,466.13702392578125,35679383,9958.65859850318,10030.60556008177,9885.712373569331,9936.6748046875,2621284
2022-10-03,2251.688158367478,2312.099304079776,2244.199173361821,2296.122802734375,15578724,4177.523116045832,4193.543415960502,4131.598971467891,4140.14306640625,3702868,431.1807529838222,445.5534386580087,431.1807529838222,441.8604736328125,47579414.0,461.2492814545288,461.99741503077695,452.37143577137743,460.25177001953125,22714763,9798.7763671875,9828.754267556216,9659.878762145785,9798.7763671875,1970236
2022-10-04,2325.079871681024,2353.038744950111,2285.1386241537575,2334.56591796875,17764788,4171.115378078069,4244.375556771134,4135.337162614502,4232.52587890625,5719313,446.651366751055,456.03353461991827,441.8604815932497,453.6380920410156,78836406.0,461.09968299585535,483.10478387450746,460.2517921470169,480.75067138671875,50766235,9830.753429834995,9978.644414548919,9759.805727708721,9950.6650390625,3045275
2022-10-05,2336.5626580729713,2383.4936174445224,2291.628760802337,2375.006103515625,30943323,4172.183313616765,4236.797972726265,4169.513101004256,4215.9716796875,5171299,453.4385255148734,460.9243037071267,445.65332837881374,459.3273620605469,91652551.0,475.81295444075664,477.35908498817713,463.99243784902757,471.2243957519531,41395079,9869.724159885202,9971.855900863055,9779.790457911962,9936.6748046875,1860537
2022-10-06,2316.5922530547145,2321.584908772505,2255.6818532976727,2308.60400390625,19805108,4214.902855910112,4260.826991799896,4173.784223940414,4199.41650390625,2399413,459.52685222038554,461.3234568232315,449.69552650555977,459.4769592285156,76525774.0,472.8203986412975,477.259336501397,467.234328771555,470.1271057128906,41892928,9947.66476638338,9992.63160862218,9781.787081680252,9830.7509765625,1798787
2022-10-07,2288.134246793644,2357.032899653675,2288.134246793644,2342.054931640625,21076604,4183.931453206015,4220.243613075752,4183.931453206015,4194.611328125,2999953,461.4731891234389,470.2914255867913,459.67658443157546,468.21038818359375,63452909.0,468.8303638270376,472.17203314689726,462.74553812308363,465.83782958984375,18751759,9726.8303264036,10040.599046610168,9718.836218882414,10022.6123046875,2461182
2022-10-10,2332.568568743287,2361.1215353041794,2314.0957440336333,2324.0810546875,15530139,4180.191479172892,4194.075505399913,4160.433085511569,4175.91943359375,3189184,462.621025175467,468.9589892174926,459.876240236454,461.5730285644531,37919486.0,461.89766044501334,466.53611299763054,460.5011505163433,461.5984191894531,25125380,9902.698855595168,9927.680436966499,9796.77695058073,9818.7607421875,1802691
2022-10-11,2313.0972883302916,2313.0972883302916,2268.7855206040676,2282.64208984375,18042707,4187.133818436488,4229.854280043102,4172.715845502069,4213.83447265625,3241164,455.1352761419363,456.5825386556563,446.1024500602828,451.7417297363281,39754065.0,460.0523583976054,460.9999761450032,451.7231305162489,453.3690185546875,22331842,9796.777189885495,9841.988974056874,9735.822129850509,9817.76171875,2834609
2022-10-12,2285.6376135377645,2311.599421293108,2250.6890261748017,2265.6669921875,13943711,4226.118125658908,4241.070048573914,4179.125601664451,4200.48583984375,3505648,452.6898806606069,457.88003162255376,445.6033693890899,448.49786376953125,37645792.0,451.87267743928254,452.77043163725915,442.5299880720175,447.9324951171875,28862427,9969.649721726377,10076.570892441494,9871.721920510663,9927.6806640625,1949347
2022-10-13,2265.1678616038103,2311.5995590093985,2232.2163344127475,2299.117919921875,21598452,4189.269858524239,4194.075849242186,4055.7685451364086,4099.02294921875,3942729,450.19456315927505,460.3752308547399,445.35378564162556,457.38092041015625,35183819.0,447.0347339198496,460.65075862726474,441.24917989757944,458.10711669921875,30719721,9897.702832430663,9897.702832430663,9622.905429208206,9772.794921875,1708306
2022-10-14,2307.106781140298,2318.620852471842,2254.683883062018,2266.666259765625,23297522,4125.189825113451,4197.814617453595,4118.7819990115295,4146.01611328125,4803934,459.92613807835914,464.7310347575001,452.04112553516194,454.1870422363281,51560919.0,458.8552289423717,463.9924063954655,455.1145613151241,457.658203125,41288892,9878.716502652971,10008.620725325933,9792.779863038551,9810.7666015625,2036947
2022-10-17,2262.6716328521397,2293.126833559108,2254.1841179010175,2263.1708984375,21569202,4146.015813429611,4173.249925729683,4117.179379004276,4120.91748046875,6556667,454.7360179738676,461.62292689945355,446.45173960449745,448.5976867675781,54483696.0,462.8453125,474.01745290941204,461.2991819301556,470.0772705078125,35260400,9859.7326454684,9962.656782742471,9822.759897127231,9854.736328125,2392468
2022-10-18,2288.134371294004,2296.6218869632157,2243.699730437542,2249.69091796875,21030606,4157.229474312103,4176.453925748388,4128.927473403709,4158.2978515625,3135380,452.2406660406497,457.330999578492,444.4055480957031,444.4055480957031,34616457.0,470.97504029904707,475.2643579380948,463.49370418148845,464.5909729003906,25040138,9938.673891417044,10010.620857049662,9836.7490234375,9836.7490234375,1015462
2022-10-19,2269.1618672751456,2277.4536244636374,2229.9624529148164,2269.6611328125,19270617,4166.308376898004,4187.134177046636,4151.889915107868,4164.7060546875,2647285,451.9412613909064,455.13520483679986,444.6551178833209,454.3866271972656,32242924.0,467.83281685229593,476.56104104730144,465.48865912302557,472.82037353515625,24410156,9911.692397447498,9930.678399620247,9794.77859459425,9801.7734375,1150057
2022-10-20,2308.104770318393,2329.573190202384,2288.633412749192,2316.59228515625,25929738,4166.842137792888,4180.1922216463145,4144.9479612636,4175.38623046875,5628446,459.47699844715373,463.7688317441612,456.43276419070014,460.07586669921875,38979430.0,472.0722796166517,476.51121761326067,469.6283644604724,471.72314453125,26091880,9699.849148602552,9738.820418489799,9492.216085508626,9648.88671875,2590812
2022-10-21,2312.098748581401,2342.5539469539917,2302.1134376395685,2340.556884765625,10811624,4142.812038498624,4247.476938663808,4133.200055344862,4211.69873046875,3024856,456.3329029241852,464.1180975377122,455.6342183354099,463.56915283203125,36037227.0,473.56853621450097,477.1096895008528,466.73557704967254,476.66082763671875,21917926,9657.881330074106,9729.828299113458,9592.929205246914,9712.8408203125,1522417
2022-10-24,2292.1283696611804,2356.0343664628863,2263.670230460421,2341.5556640625,22589948,4203.155046069533,4214.903297523345,4172.1828264376145,4188.203125,3745787,465.91469921073383,473.2477809390648,457.3809265136719,469.108642578125,40237177.0,469.8278910747936,476.41147270684354,467.0847345982423,473.9176940917969,25541061,9586.932438287478,9815.763742057317,9586.932438287478,9774.7939453125,987863
2022-10-25,2338.061329361965,2338.061329361965,2284.994357329421,2286.1376953125,9019155,4209.563266956224,4222.379407997016,4160.96842741347,4193.54296875,2843987,469.0088127014869,470.0568396168754,463.8685859422115,464.71697998046875,33789726.0,459.1544704326712,459.23328381558423,435.114470821421,441.54840087890625,51977901,9761.804621414565,9846.742014476315,9690.85691662181,9745.81640625,1194303
2022-10-26,2292.6279430650684,2302.7819535942226,2262.6720030424412,2296.122802734375,27377459,4191.939989517995,4193.541823852919,4076.0605630530636,4132.13134765625,6150705,463.7688260370178,467.16237214401906,459.47699279282557,465.11627197265625,60655005.0,448.2318014065684,448.63079992072784,433.61826392882847,442.8452453613281,80604898,9792.780775830925,10030.60545181539,9782.464162473734,10026.6083984375,3656171
2022-10-27,2289.132613663821,2434.91815852529,2289.132613663821,2421.43798828125,49820659,4158.298133130649,4173.783996670383,4085.1393989977296,4127.85986328125,3978972,465.9646972029413,482.38348404391303,465.33689219734936,480.98614501953125,75447056.0,445.03967875657594,451.0247468033526,441.39876844977954,449.02972412109375,20824542,10034.60091872048,10092.55818353683,9891.706283052583,9943.66796875,1891142
2022-10-28,2383.493779537129,2449.3968333492157,2380.9974517412165,2414.947509765625,30611548,4138.005789619837,4196.746549899693,4127.3259173621545,4184.46435546875,3042764,471.10489000057174,478.39103395441083,470.106786420062,472.0531005859375,29398808.0,444.3414910955777,444.93997361700707,438.5559063748116,441.0995788574219,19656016,9942.670172092614,10126.534625526287,9932.997615290462,10116.5419921875,1111337
2022-10-31,2391.482456607152,2430.163599049936,2360.0287207478095,2400.46923828125,33217314,4206.35870944327,4266.167361941239,4184.99847640828,4244.80712890625,6338984,473.101117370812,483.0821536022637,466.21420846305136,478.8901062011719,39528766.0,442.19687382268745,451.8727483819133,441.3490133280404,446.1869201660156,29847740,10122.537634894004,10310.399142826884,10026.608354247428,10246.4462890625,1745228
2022-11-01,2433.420962705977,2466.3724981057712,2427.4297744514693,2450.39599609375,28203710,4260.293990756536,4269.906463588968,4208.495962090279,4215.9716796875,5478788,478.5906943879653,485.97665521671433,473.3007572908127,485.52752685546875,42001921.0,452.47109022473467,458.45615747521623,451.72295681842445,457.40875244140625,34411390,10278.422132685639,10428.31162519029,10278.422132685639,10338.3779296875,1360768
2022-11-02,2440.4098461471635,2459.8812013025927,2406.459791004363,2424.433349609375,15674188,4234.661919134067,4265.100195417662,4190.339123307697,4217.5732421875,3868960,482.48324696906354,485.97660937227727,475.94568094121615,483.43145751953125,38110483.0,458.85528748454584,459.8029355810049,449.1794138109351,455.6632385253906,15752022,10444.302035557272,10552.222492870724,10416.322657735267,10512.251953125,1219515
2022-11-03,2410.9536709480203,2492.833232355242,2400.469092962949,2487.840576171875,11069027,4193.541228225485,4268.835720826159,4188.735238282526,4267.23388671875,3670359,481.23566550626714,493.36261867994506,477.04364848039523,492.56414794921875,42181307.0,453.2692110611619,461.9974365234375,451.8228376781084,461.9974365234375,18286802,10492.264933854849,10674.130859375,10419.718806649433,10674.130859375,1993536
2022-11-04,2498.8245556572983,2553.2445110152694,2484.845117583691,2522.789306640625,13249089,4262.4297447223735,4340.928427191152,4249.267392574136,4329.18017578125,3329963,495.0094475357549,503.4434039120627,492.0650299999475,499.0018615722656,46266880.0,470.47617986212884,494.192003988946,467.3838888666764,488.780517578125,46287338,10618.171399355335,10794.041733092068,10618.171399355335,10734.0859375,1475146
2022-11-07,2482.348691382822,2523.2884726968587,2476.3575038734507,2497.32666015625,16388492,4338.791328914709,4346.800988110917,4293.400659491953,4306.216796875,5305706,496.1572594295649,502.34249784647096,493.512291227913,500.84832763671875,34010048.0,485.28933837775196,490.1771385752441,474.9152250022996,478.2070007324219,27647071,10772.057521604358,10772.057521604358,10592.190141837309,10638.15625,1604095
2022-11-08,2474.360191338956,2479.352847092263,2432.421883011177,2434.4189453125,41463115,4290.730729647162,4333.451190394732,4281.652692690907,4332.38330078125,3845609,496.6563261458656,500.8483427258046,484.7739047552465,484.7789001464844,52833847.0,477.2593782742987,480.9501524736535,474.65686206401307,477.4588623046875,12175981,10634.159745470803,10676.12880291393,10568.208369488742,10652.146484375,1684219
2022-11-09,2438.4130963853054,2440.4101587083073,2375.006367629995,2379.9990234375,11171252,4318.500239278466,4351.608725671605,4275.2458240452725,4346.80224609375,2787976,484.928649066856,487.6734340173161,480.437182784285,481.1857604980469,62100075.0,475.96250317033724,477.15952888803525,471.6732168249049,475.5136413574219,10679605,10628.16447235732,10838.009765625,10605.16580293892,10838.009765625,1673019
2022-11-10,2330.273984680835,2384.1993308015826,2311.799560546875,2311.799560546875,15708580,4348.937544195966,4371.365664203462,4317.431387224027,4317.96533203125,4970095,472.6504922422145,485.5273422212956,469.9054260253906,469.9054260253906,78155123.0,474.3167088424772,477.8578624205885,467.7830208237194,472.9700622558594,20113839,10945.931512143754,11343.638353647608,10911.956555834378,11149.78125,2832678
2022-11-11,2311.799756583521,2369.1954009771853,2289.8301692639366,2356.737548828125,11919170,4304.6159436910175,4313.795407269224,4172.7164387746525,4207.4267578125,6039397,474.4970802930835,482.53262390329405,471.13712262510245,477.5415954589844,41500170.0,471.0747935715002,475.4139745714968,468.481257650911,469.0299072265625,23946629,10997.890792336997,11019.874582763257,10590.19140625,10590.19140625,2913259
2022-11-14,2346.7515371126883,2366.224581782347,2323.2840217415614,2354.740478515625,17025226,4253.350645030764,4324.907050273624,4233.058304495543,4306.7509765625,4898247,476.5434040794368,482.43281172800124,471.50247738444665,479.6378479003906,31077051.0,471.5735370719009,481.7980294145492,470.1271332955558,479.104736328125,18085476,10568.209241005705,10959.92047611106,10534.234286940444,10859.994140625,2163702
2022-11-15,2337.2644897203945,2371.716796875,2331.2727841282895,2371.716796875,16664848,4311.5569488667425,4392.731186867103,4295.003197250017,4307.81884765625,3630065,476.9926136224898,479.7376793768213,471.70210498190363,476.19403076171875,33369952.0,481.29922882715863,482.6957386359475,474.7655416280225,478.8054504394531,19489207,10859.993851634837,11001.889244249132,10772.058678747106,10792.0439453125,1634491
2022-11-16,2385.198508265249,2416.1556586760607,2361.2316821407503,2367.223388671875,17282498,4332.918073782416,4358.016410221516,4318.991620270717,4340.92822265625,2942873,478.5898041488915,487.37400339202543,478.105658473824,480.48638916015625,43262475.0,476.91024737679385,478.705755874307,472.7705807996802,474.31671142578125,16851839,10836.01229407506,10852.000508452154,10724.094793435406,10740.0830078125,2124542
2022-11-17,2345.252835366307,2375.2113557244033,2339.261131294688,2361.230712890625,13336671,4308.234574285258,4341.346247898454,4285.270293887523,4334.4033203125,1971029,475.8446549171464,481.58433751775283,475.7448282576154,477.7911376953125,44122770.0,475.71321536032957,480.20201698859324,470.1271450234968,480.0025329589844,14773800,10750.075430467738,10810.031233203197,10687.121837595507,10806.0341796875,1234336
2022-11-18,2385.6977665063846,2396.6825615802945,2318.291069461939,2341.25927734375,24845761,4329.59728290453,4343.483139414486,4303.428534355653,4315.7119140625,4616173,482.1334353171565,485.3277062869967,468.6576560691615,475.1958923339844,43306864.0,473.5684945510924,483.2443664373715,472.9201182877422,477.7081604003906,34581612,10744.079807692307,10987.900071185324,10744.079807692307,10911.9560546875,2150528
2022-11-21,2341.259366297958,2347.7503818155255,2265.364415631016,2269.35888671875,15191057,4317.848906890614,4394.75268498939,4308.769992029424,4392.61669921875,3000611,474.4472271213779,476.74311884827335,455.680969373913,457.3280029296875,62668424.0,478.3565707963187,484.7905313833053,476.9101975581993,482.2967529296875,30785977,10945.930183809,11109.80936494326,10928.675326715726,11061.8447265625,1128012
2022-11-22,2324.7821197862017,2379.206787109375,2319.2897221664316,2379.206787109375,24780554,4378.19684777837,4409.172051700873,4368.583449870342,4396.888671875,2662398,470.15498083145894,487.1244812011719,469.65587787940854,487.1244812011719,59516989.0,483.04489202444086,488.2818268373027,482.3466218727399,485.638427734375,11529697,11065.841351765495,11115.804514813019,10967.913552192349,11075.833984375,1214034
2022-11-23,2395.683432129217,2419.1509438653725,2339.2615422103754,2353.2421875,28366371,4408.636825942437,4424.658175985643,4390.478515625,4390.478515625,2483080,489.12089098440254,497.70546781669407,481.8838982096333,482.2332763671875,50190396.0,485.7382042572296,490.2270057037079,483.49380353399044,487.98260498046875,15876477,11091.823784643278,11122.157869520253,10947.929854464122,10987.900390625,1085234
2022-11-24,2353.2426106944536,2367.722567348419,2332.2716389887105,2339.261962890625,7747763,4378.195696013656,4405.432430418124,4369.650780788591,4400.6259765625,1350819,484.2795695594117,486.97473758141774,479.08891733645714,482.68243408203125,23740889.0,488.33169322728395,491.75318046165887,486.31173873253823,488.2818298339844,10402601,10951.92464699286,11029.86717641489,10861.341047782507,10915.951171875,1020204
2022-11-25,2338.76186088172,2382.7010247923927,2337.263934839311,2363.727294921875,11638740,4395.285093426695,4420.919348908521,4372.854327419997,4393.6826171875,2738334,481.4845810271068,492.16536497144955,481.305886101825,487.47381591796875,27943103.0,486.5861024404062,490.7257995605469,486.5861024404062,490.7257995605469,23394528,10925.945397193662,11003.88793798213,10881.977810082219,10945.9306640625,839863
2022-11-28,2301.8137786742413,2364.2273843866665,2287.833130994658,2357.237060546875,17250713,4393.149203003959,4446.555168808047,4379.797833469891,4438.009765625,2551039,478.9391620863703,483.98011998488903,474.19768422519974,482.68243408203125,40608786.0,480.2019696468891,489.179572018341,480.00248563694674,487.3840637207031,44234698,10991.897182550905,11089.82499381363,10867.98852340215,11041.8603515625,1157755
2022-11-29,2379.2062808265046,2415.2874344120523,2378.7069720582303,2397.181396484375,10578540,4414.511039753037,4447.62270590092,4405.43212890625,4405.43212890625,2908059,485.12804209807126,495.8587549634093,485.12804209807126,491.16717529296875,73104465.0,489.4289373743157,514.1173737075194,489.07980231378554,509.030029296875,37036353,11025.87071795886,11167.766099683544,10979.904608386076,11051.8515625,2434217
2022-11-30,2409.6644343049943,2442.750714868112,2392.1886251046885,2440.62158203125,27289569,4412.374890051646,4459.5864926270015,4408.636429077762,4426.26025390625,11908196,491.61636229855327,502.3969728805798,491.16715749812556,496.6073913574219,118086790.0,506.03752784436267,510.6260864343581,503.244508063478,508.43157958984375,46323161,11099.817140552235,11219.7287409183,11047.855447060272,11157.7744140625,3794486
2022-12-01,2409.1651141393295,2416.06059836488,2376.2107312308954,2378.707275390625,9487172,4429.465054832795,4465.780699618842,4415.579202256684,4464.1787109375,3605448,492.6145596621287,495.0102474767355,486.07632389226933,488.57183837890625,38905995.0,499.75327202808035,505.4390998745152,496.1123610647059,496.6609802246094,22994441,11191.75,11213.733794642856,11093.8221875,11191.75,1282615
2022-12-02,2355.240143964014,2382.202825281389,2327.7781537333544,2362.23046875,10479990,4457.769718230733,4463.644164314219,4420.919590067647,4462.576171875,2573760,484.1299126780961,485.42756830014264,473.64874962011675,480.0372619628906,44398679.0,491.7232840491558,497.90783680681375,487.08483142887013,497.25946044921875,25331250,11159.771040212918,11221.725356517825,11065.84030258935,11169.763671875,1347226
2022-12-05,2354.740741463968,2406.6688663817486,2340.760092447643,2372.216552734375,17536845,4459.372561141944,4467.48881667943,4403.9159519241475,4463.64453125,2438312,478.3900721489828,488.39409264226396,476.5124353234422,482.6324462890625,42774634.0,495.76326354980466,501.54881863389164,493.16972731010986,498.75579833984375,38359432,11177.758621676565,11255.701154529306,11153.776303875722,11251.7041015625,1336663
2022-12-06,2361.7307608699252,2378.207952224832,2319.7888192392543,2355.23974609375,15845934,4480.2014726514035,4503.166243661178,4460.441655349901,4471.12255859375,4676378,479.8375645525296,482.63252874898626,470.0551289392812,473.79840087890625,59104182.0,495.46395903438963,501.74826911504164,494.7656888291464,497.4090881347656,20112726,11231.71884809417,11259.698218890135,11141.78515625,11141.78515625,1648969
2022-12-07,2324.781792370708,2346.2520709514515,2301.813587377355,2312.299072265625,15940423,4490.3479906992425,4517.584727555879,4434.645594014513,4444.4189453125,3577541,469.60595085650505,472.9499160590991,462.2192032506874,463.1675109863281,46500857.0,494.26685927006105,497.0598787905962,490.6259490388396,492.6209716796875,36138248,11231.719315570039,11341.638276843412,11213.732576452578,11249.7060546875,1599108
2022-12-08,2329.275331532292,2353.741460416554,2306.30712890625,2306.30712890625,10741116,4454.565850180381,4513.846265849858,4411.8412702084925,4444.4189453125,4187091,466.4615799621669,473.59877613609297,463.11761474609375,463.11761474609375,36084523.0,493.3691735739506,497.7572133300982,492.2719048810258,494.0674133300781,14697498,11297.671429005391,11357.627229973048,11197.745094059297,11307.6640625,2292719
2022-12-09,2309.802272045706,2325.9659299701843,2275.8492771258816,2282.839599609375,15274155,4415.579399884105,4450.827053793498,4399.024053099246,4406.50048828125,6361672,461.52046153346663,464.75064797415894,454.1836427503198,461.1211853027344,60905839.0,494.66587725285285,497.109792261096,492.37161330188934,494.96514892578125,15633060,11325.651450617625,11404.90943292776,11255.703012154307,11345.63671875,2462856
2022-12-12,2259.871829415739,2301.8137723390532,2259.871829415739,2292.326904296875,14463878,4401.695190811129,4433.204391574023,4394.218265996904,4402.76318359375,6103263,458.87521672257344,464.814522932584,455.9304974384981,461.2709045410156,37882663.0,498.3567192944787,498.7058543852516,491.8728949633338,495.11480712890625,16666852,11305.665192387114,11355.628358342512,11257.700553069933,11341.638671875,1214972
2022-12-13,2307.3060221108412,2326.279756982127,2286.3350519899464,2314.795654296875,13130629,4417.181859877892,4417.71585612692,4365.9123679575105,4385.13818359375,3392640,465.01421223772553,472.00165335185267,462.6684223425606,470.2048645019531,34093855.0,496.96020313455296,506.7358029036795,496.46144742303363,498.85546875,21965456,11281.68374429548,11387.605664303925,11215.73236013928,11317.6572265625,1746160
2022-12-14,2308.8035629219294,2324.2821335211033,2279.3443479105986,2292.82568359375,18030172,4379.264617553484,4442.817498981015,4363.776772546908,4433.2041015625,4195031,469.45620444489987,474.7766587454983,466.7111383259703,468.7075500488281,36570028.0,498.7556897775743,501.5487094636761,495.41402056773825,496.46142578125,43951829,11249.706174616227,11405.591248629386,11135.231000917,11391.6015625,3363995
2022-12-15,2274.8511016239217,2308.8041031406965,2266.862160090563,2286.335205078125,14734881,4423.057126420993,4438.544971185837,4394.217909951377,4418.78466796875,3819942,467.5596033479497,471.20304852450926,463.9161581713902,465.0141906738281,38854764.0,491.27439060084595,492.5711433130881,486.4364539654855,491.42401123046875,18123848,11313.658854739768,11405.591076488226,11273.688323544784,11351.630859375,1191977
2022-12-16,2293.3257089003464,2321.7863153465296,2234.9065693529174,2239.899658203125,56073586,4419.318178931405,4457.236304488903,4350.424854914206,4423.056640625,8903807,465.9125894862318,467.4098982901511,454.58294677734375,454.58294677734375,156646360.0,491.77309689345003,495.0648721807904,479.8029606607494,491.02496337890625,50367136,11357.627535596035,11357.627535596035,11053.851469185583,11147.7822265625,5753405
2022-12-19,2251.383789276003,2309.3036206257516,2247.389318148434,2283.8388671875,14075730,4428.396326729066,4457.76953125,4417.715427449321,4457.76953125,3611376,458.12660938561044,469.45622196539927,456.5793719649562,465.76287841796875,29797513.0,492.62106113963716,495.61359564435304,490.9252794103108,494.5163269042969,10334574,11161.770729007247,11173.761888250585,11035.863556952196,11099.81640625,1701253
2022-12-20,2264.86442434656,2315.793915370226,2260.370645726825,2304.309814453125,22457963,4448.692195151541,4465.248033795973,4430.000370962243,4439.61328125,5115231,461.27092083385065,469.9552932903027,460.2227864330693,466.611328125,33262806.0,494.2669754335918,502.6460664060963,493.4689783663578,501.5487976074219,35020690,11097.8203941289,11151.780622949624,11045.858692301535,11117.8056640625,809011
2022-12-21,2300.315620064305,2367.7223074332396,2294.3239145203997,2351.2451171875,13707976,4449.760405205294,4512.779296875,4436.409031894144,4512.779296875,2446794,466.11222017005394,479.78762163621525,465.313637235784,479.1387939453125,32751179.0,500.55122919584863,510.6261008438849,500.15223070755314,510.027587890625,15859353,11153.776234998943,11259.698137965248,11069.838123214326,11235.7158203125,1105988
2022-12-22,2368.720845094979,2395.184210354261,2344.9836862619322,2349.247802734375,11705479,4510.642328189988,4538.947548608579,4495.688967284174,4499.96142578125,3397886,481.23501801191725,484.1956998003409,475.64505948884363,477.04254150390625,57397378.0,511.42417545112215,514.8156781353838,509.32939514224415,511.025146484375,26334928,11227.722467260193,11359.625223194544,11193.747514974075,11297.6708984375,2227678
2022-12-23,2351.2443758934114,2363.227783203125,2340.259585859507,2363.227783203125,5855471,4511.175223891916,4517.584153907809,4486.6089592784165,4501.0283203125,838286,474.14771425631005,478.04071044921875,472.8999571135303,478.04071044921875,62024066.0,510.127297869271,512.0225633443384,507.63351949638485,509.030029296875,19354109,11281.683374592621,11319.655382407902,11197.745252053579,11229.7216796875,440196
2022-12-28,2387.1949827543217,2392.1880699384974,2336.764802194149,2346.7509765625,7447764,4525.061868297966,4537.3447589204425,4482.8712825909115,4491.9501953125,1835791,486.8749050534226,489.07097011629236,476.3937435914832,479.5380859375,61058866.0,514.0177050920053,519.4042919783072,509.42917617647026,516.7109985351562,24836592,11255.703555555556,11275.688824652778,11177.76100607639,11241.7138671875,1027336
2022-12-29,2327.77801273376,2353.742074651854,2318.291143955995,2346.25244140625,7601569,4485.007448364773,4499.427300170598,4443.351344965884,4488.2119140625,2191974,473.34915498873096,479.9872167992541,471.9516426388773,479.88739013671875,15838786.0,515.6136759698495,518.8555880761636,513.119897426531,517.5089111328125,8053077,11235.717235415932,11347.634731891083,11157.774693227882,11339.640625,699578
2022-12-30,2341.758157298776,2343.2560836254065,2322.784423828125,2322.784423828125,6999954,4467.917602048548,4487.357507046567,4458.838688987613,4466.849609375,2949954,477.59159209347166,479.63790186217636,474.0479431152344,474.0479431152344,12498129.0,515.6136517978919,517.9079157735368,514.3168383095486,514.4166259765625,8437810,11283.680833467975,11317.655784613735,11209.7353515625,11209.7353515625,646706
2023-01-03,2372.7148511763307,2432.1325841918997,2347.250108455373,2363.727294921875,23228380,4442.282681100157,4493.017689920425,4426.794838957793,4479.13232421875,5188531,480.5363353451782,496.00852747705403,480.42453676685636,482.48284912109375,40781538.0,516.8106756423845,530.3768683582974,514.4166846101193,528.5813598632812,33285725,11309.663014646914,11543.490647216924,11245.710157875628,11525.50390625,1827870
2023-01-04,2315.2947518313217,2327.520746328716,2277.8465943184146,2281.841064453125,28785006,4483.9393502128905,4537.344834801933,4483.9393502128905,4514.91455078125,2514927,473.14956207259587,475.04614705163004,464.1657096281795,465.0141906738281,48319569.0,533.7682204081196,543.4440912545248,531.174715633445,542.1473388671875,21604090,11527.501745388725,11737.34704415187,11527.501745388725,11593.453125,1332731
2023-01-05,2292.8261139952415,2321.286716891088,2280.3433934268874,2308.3046875,22924998,4498.893425733514,4523.459696300691,4464.179761459899,4487.14404296875,2710242,467.1602626006061,473.4489462581785,464.6148502779744,470.9035339355469,27641337.0,546.6363124097443,566.9855717505689,544.0417717980494,563.8932495117188,36654670,11515.510076190223,11721.358312540031,11467.54543859415,11701.373046875,2215897
2023-01-06,2315.294527302194,2356.2378422124334,2313.1276054812492,2346.7509765625,14030116,4500.495108974349,4507.972032740936,4472.831173772992,4487.677734375,2755917,473.3990669060734,479.28847461371123,473.3990669060734,476.19403076171875,45580214.0,564.5914313335142,568.4318257269126,558.207334258417,567.1849365234375,31225164,11725.35664622809,11799.30213726447,11681.389056963217,11773.3212890625,4153691
2023-01-09,2364.72638845103,2395.8532198630946,2357.236756730851,2375.711181640625,21820728,4488.211787141878,4488.211787141878,4436.408291776436,4480.73486328125,5052441,477.1424384596117,484.57908488433293,476.39378400596166,478.4400939941406,31000006.0,563.0952758009807,565.3895402130634,560.2024679227414,561.7985229492188,23530081,11685.38445907624,11749.337307150541,11593.45223996943,11727.353515625,1989665
2023-01-10,2371.2173645160788,2394.1855680889867,2363.2284241428933,2373.214599609375,20100244,4480.734987429106,4499.961293936585,4457.236710217617,4483.939453125,5420556,474.69679399716176,481.3847855775636,473.19948517732485,474.24761962890625,41713226.0,560.5017513745615,564.9905532460612,558.3511106775555,562.6962280273438,15239244,11705.370492190148,11877.243782667927,11657.405852987047,11793.3056640625,3318361
2023-01-11,2357.7360383221635,2413.6586211879157,2357.7360383221635,2402.673828125,13341853,4475.92822265625,4517.584810813521,4464.713324999346,4475.92822265625,4146142,476.0444638963873,480.2868396511641,473.3992239300928,477.6914978027344,27187699.0,565.0902339888255,571.574058385873,563.7934812860694,568.1824951171875,51986581,11747.338828071279,11807.294623382972,11615.436078385552,11625.4287109375,6368782
2023-01-12,2405.6696944453365,2439.1233825997238,2397.6807539905576,2429.13720703125,13545555,4490.347517923129,4506.689265715827,4436.941554747309,4470.05322265625,2775215,480.4863766338523,485.77685528464,477.74131063408385,484.12982177734375,28669324.0,570.8757536556395,584.1925671799381,569.7785154850666,580.3521118164062,27880378,11603.445589568048,11747.339506627795,11303.66659569357,11439.56640625,2689299
2023-01-13,2438.1248382899735,2448.7202781598066,2429.4327693919477,2437.126220703125,15339159,4483.405529119833,4521.323658740654,4469.520161104121,4502.6318359375,2622905,482.13343405257615,485.677052697439,481.6842292270243,483.48101806640625,32218369.0,583.5442372210999,593.1203234273172,582.7462401844604,589.7288208007812,72127539,11463.548637772392,11721.358570525641,11459.551584551411,11647.4130859375,3914240
2023-01-16,2436.127864512874,2443.6174972178737,2414.6105300843215,2422.147216796875,9172956,4506.37024514341,4527.198543010462,4491.950879389886,4518.11962890625,2351038,484.62885793578846,486.9746473777842,479.1387266924376,480.1369323730469,21938115.0,591.9234055802841,596.5119345698183,590.5956630942325,594.6166381835938,18356071,11653.409726515662,11699.375842740985,11613.439190667556,11667.3994140625,884693
2023-01-17,2417.153687986868,2439.1232732526028,2398.6792640134095,2415.65576171875,39788537,4467.383411269054,4486.0757205820055,4436.9422077226645,4449.2255859375,3796506,479.2386321346979,486.6752474000438,477.14239376825566,483.78045654296875,34124939.0,593.6190791856259,595.2151341421762,587.6340100859222,589.7288208007812,46847974,11655.40793372845,11697.376995218212,11511.51400862069,11591.455078125,1321499
2023-01-18,2403.6724074673,2424.144066940952,2395.631537122639,2400.17724609375,23546186,4442.817651429432,4449.760091968467,4365.913395449891,4373.92431640625,4666940,479.13886953905154,488.5719282182332,478.7894913541135,485.3277587890625,38676651.0,587.7337742887532,591.8235469901972,585.439510068839,589.2300415039062,41081237,11593.452044185362,11635.42110002537,11505.5168795682,11569.4697265625,3152528
2023-01-19,2367.7225463065624,2375.2121789920534,2343.2564128672916,2357.237060546875,30728141,4380.331473786869,4420.385579134288,4329.061984861638,4370.1845703125,5631658,477.64152843110594,479.88749173093873,470.8038118479385,473.8483581542969,33902832.0,585.5391135798062,587.1351072532972,577.259782242467,584.0428466796875,28885831,11515.510297518062,11571.46904245567,11375.613435174037,11411.5869140625,2912324
2023-01-20,2384.6990852630397,2400.1776597276867,2348.7488477967627,2359.733642578125,10275083,4355.766911541985,4383.537651727973,4325.859697982015,4368.0498046875,4002185,478.98910039871055,481.88389137499564,473.84834617935195,474.99627685546875,40442971.0,587.5342880402193,591.6240609381243,585.6389917900067,591.1253051757812,22978407,11405.592366071429,11435.570267857143,11127.797142857142,11191.75,3206265
2023-01-23,2357.7366885304377,2369.7201024492706,2341.2594943920417,2362.23046875,11599451,4385.672179842778,4404.364486897796,4375.525275775631,4385.13818359375,3972131,474.696766842464,481.58441138997154,474.1976639310692,479.9373474121094,24811193.0,591.5244328245249,594.0182120522843,590.6266479492188,590.6266479492188,13977254,11135.791058445824,11189.751280731904,11007.8853463603,11029.869140625,1673010
2023-01-24,2360.732073682109,2365.7251618244145,2331.772162456736,2344.2548828125,23320626,4389.411860313806,4395.286796020359,4350.95973069431,4378.73095703125,6915260,482.5826391716464,482.5826391716464,471.90182419666047,474.3973388671875,51300832.0,592.7212197287158,596.0129948036998,587.8982307314529,593.3197021484375,14234046,10792.0440519958,10901.963019192051,10664.138344712885,10702.1103515625,3434381
2023-01-25,2343.2560774997824,2356.7374144042133,2303.810684334966,2328.776123046875,12916774,4391.014687144287,4398.491124970782,4323.189336590066,4337.07470703125,3223505,474.44725733065746,477.1424254755875,467.7592960044071,473.8483581542969,33017334.0,594.815839443776,598.0078870475343,592.721090548033,597.0103759765625,28558123,10780.052340497803,10806.033185960627,10636.158427165241,10802.0361328125,1463315
2023-01-26,2333.269851818162,2348.748423486547,2319.289206440266,2338.262939453125,25334434,4362.708591637927,4372.855497307203,4297.553723951879,4318.916015625,2917207,475.2457651010167,483.7804121041304,474.4471822209148,483.33123779296875,39708502.0,596.611601413371,602.397216796875,595.0156073730546,602.397216796875,44789252,10776.057039177002,10871.986330326945,10636.16015625,10636.16015625,2313220
2023-01-27,2356.7379022424066,2393.187450306749,2351.185529010805,2367.223388671875,14943790,4319.450058386368,4335.471899230392,4283.936619664009,4294.88330078125,2819680,486.7251874423265,495.7090402564115,483.3312935829039,488.422119140625,39339742.0,599.5044320366167,602.0979376721516,595.0156301328483,599.0056762695312,24753721,10660.141897418094,10692.118326056769,10549.323196579924,10614.17578125,1234783
2023-01-30,2349.247900904605,2376.210576069079,2341.2589601151317,2371.716796875,12600868,4303.9618839053255,4352.561399050453,4297.771428189698,4349.35693359375,4406789,486.8749023319635,495.4594787167989,485.42749166732284,491.16717529296875,34439065.0,596.4121195036682,601.1003746057294,590.62650439486,600.5018920898438,53950303,10552.220850840336,10752.073518469888,10552.220850840336,10702.1103515625,4824076
2023-01-31,2362.7288340156383,2373.713625720698,2339.760633177785,2370.7177734375,9040306,4338.67575652087,4406.500597091584,4323.721910451985,4388.3427734375,4523725,488.6716567184104,489.2206882080283,481.334868165698,487.9729309082031,28682258.0,596.5117652320267,598.4070610802146,590.3271829141734,594.915771484375,31284255,10622.168773791607,10661.260070801593,10533.331925278142,10582.1982421875,2198543
2023-02-01,2380.703585529791,2394.2568406517453,2359.233314099887,2363.227783203125,10530720,4416.6486800901175,4416.6486800901175,4378.196554041576,4414.51220703125,3239520,490.16898520044066,495.75894422113777,485.9765387820372,491.5664978027344,44890407.0,590.5266849910863,599.8035278320312,589.2299324878587,599.8035278320312,27200209,10578.201328618981,10618.171860750546,10260.43559817303,10272.4267578125,2072186
2023-02-02,2394.684917279412,2436.127546164773,2328.776158088235,2334.2685546875,33033692,4419.85251543168,4427.863435724891,4345.618735138683,4381.400390625,3023848,490.61823761236786,491.6663417029087,477.64155991356665,477.9410095214844,54054450.0,593.4196775187115,594.5667793332408,586.3373086009925,589.5293579101562,32064061,10322.39028582317,10334.381445884146,10177.415130932319,10242.44921875,2173963
2023-02-03,2349.2480984540052,2435.6285280039615,2342.2577746753964,2410.6630859375,17062978,4380.332322323857,4459.373043562199,4374.457875121954,4455.10009765625,3859135,476.9927381966319,491.466725045034,476.6433600077253,485.1780090332031,35547116.0,583.3446175940401,597.6090175338738,582.7461351452539,595.2150268554688,31727455,10266.430992537578,10570.20703125,10266.430992537578,10570.20703125,1998719
2023-02-06,2411.16220785574,2417.65322228981,2373.7140476591812,2395.184326171875,21542892,4449.759336889186,4467.917161219509,4427.329054618326,4447.08935546875,3066947,487.6235744029518,487.6235744029518,474.6468979091169,477.4917907714844,39657484.0,596.6116567207938,597.5094415037424,590.127831395628,594.5169067382812,14693528,10446.299839762523,10603.470119463698,10398.335195386342,10572.20703125,4571397
2023-02-07,2403.1730083892885,2451.60595703125,2403.1730083892885,2451.60595703125,21778307,4427.863683970163,4432.670138881984,4376.060184993097,4383.537109375,4172572,493.26334233920835,515.4734497070312,487.1243833546594,515.4734497070312,112423187.0,601.1003938938837,604.7911985489886,599.4046730833728,603.4944458007812,23450768,10558.215906105352,10618.171703414297,10532.235060604808,10578.201171875,1392341
2023-02-08,2454.6018211311657,2475.5727886835475,2439.62255859375,2439.62255859375,16196086,4379.798949825918,4404.365710110915,4371.788028530029,4378.73095703125,4367582,527.0526647992107,534.0401054310184,515.4735018367597,532.2433471679688,83266622.0,607.3847475154301,611.3747933236886,602.6964315140732,610.8760375976562,38881905,10674.130669911703,10836.011326017833,10654.14540372576,10744.0791015625,2590923
2023-02-09,2446.612939888737,2483.0624796054467,2439.123308440098,2462.5908203125,10775812,4416.6481736987835,4438.544459785194,4374.991586672029,4388.876953125,5140567,531.943924506591,544.720947265625,530.9776436923513,544.720947265625,97964110.0,609.4794139157979,618.955771415307,608.48190260006,614.2674560546875,50067355,11033.865860806245,11339.640444523571,10869.986672147286,11181.7568359375,9530658
2023-02-10,2458.5964379507805,2538.985151701811,2437.1261603651014,2535.489990234375,43578076,4385.672808413802,4423.056940214065,4378.9971228424565,4413.97802734375,4999683,546.5176072801862,569.5432341663566,540.6281694250846,558.9951782226562,115397585.0,609.9782900859351,612.0730399095366,606.6865142703022,609.0805053710938,44206705,11153.777334833187,11383.60790166813,11121.800908143108,11381.609375,5534265
2023-02-13,2536.488357993615,2546.9738413632736,2518.513243645629,2541.4814453125,12768958,4420.91966170837,4557.638301512919,4394.216924288491,4552.2978515625,4447444,558.8954166870111,559.6400498975418,550.710117455986,556.39990234375,76344432.0,609.0803470411906,613.6689353372994,608.781105841788,612.1726684570312,17575858,11367.619823586061,11457.553524722027,11287.678755909648,11413.5859375,4321426
2023-02-14,2545.975169072508,2567.944752802492,2538.984846976604,2556.9599609375,18049528,4571.524343771599,4592.352638098732,4552.832522341848,4557.10498046875,3649272,556.9987631689812,564.1858561691927,554.9025556348374,559.094970703125,81010130.0,609.678921534938,610.2774039643816,603.7935804846223,607.6838989257812,23568066,11467.546562988366,11591.455222260809,11467.546562988366,11509.515625,1576817
2023-02-15,2566.4467693919037,2582.9239568218513,2551.4675080919505,2575.434326171875,8918071,4535.742083032747,4561.376828364692,4532.003621713365,4558.17236328125,4156949,560.7920698639144,564.0861371924217,556.4000004011226,558.6958618164062,79287029.0,602.4967918912456,612.4719043397762,600.402042630356,610.776123046875,28899482,11519.507981338607,11592.354670412808,11425.577225765583,11559.478515625,3028574
2023-02-16,2572.18001953125,2585.412939453125,2555.7012890624997,2584.16455078125,10501349,4568.321019320733,4576.865936796693,4505.836127402305,4519.1875,2892023,559.250397935855,566.7376844283958,550.3654602586957,566.6378173828125,47259232.0,613.2700063569517,619.4545893125709,611.2749835250272,616.861083984375,22110105,11551.484020886508,11617.43540024451,11288.579206626067,11353.6298828125,1937907
2023-02-17,2571.181427326225,2577.673048719746,2529.90462434897,2537.724609375,11956209,4513.846746395625,4540.549489803879,4505.301829491553,4523.99365234375,3649547,563.0438918952859,563.6428503863292,555.3569329578958,558.9508666992188,59214984.0,617.9581447296814,622.147703650261,612.471833517392,619.5541381835938,49880459,11307.66428967874,11477.5390625,11307.66428967874,11477.5390625,1809735
2023-02-20,2513.2562494776707,2544.216290699132,2513.2562494776707,2520.74658203125,5127359,4528.799722878525,4535.208653846736,4492.48407295152,4497.29052734375,1597228,557.0541720349429,561.247065086062,555.0575620993337,557.2538452148438,24159385.0,620.5518750672072,624.8412231911325,618.2576108113468,619.1553955078125,28987969,11491.528489560766,11557.479870457377,11449.559428990196,11531.4990234375,902044
2023-02-21,2524.7418558891573,2528.7367005978426,2476.8037193849327,2482.296630859375,14364239,4494.086081649684,4535.7426701229215,4493.018089039565,4527.19775390625,6153748,555.6564346010615,559.2503684872503,548.7362397439648,549.3671264648438,58925165.0,607.9831788523317,652.1729202821735,606.3871850166887,645.8886108398438,90988771,11523.504556503889,11671.395527225584,11507.516343452895,11561.4765625,4363971
2023-02-22,2472.808370091473,2476.803213984997,2436.3554195630645,2446.342529296875,17484015,4523.459311760908,4563.513911493034,4513.846402892343,4557.10498046875,5703942,546.0726872780064,549.3670807004763,535.4906815133004,538.485595703125,68447518.0,637.9085921978242,640.4023709007085,630.0781514240749,634.5170288085938,61497084,11585.459073539403,11597.450233525815,11431.572520380436,11491.5283203125,1708966
2023-02-23,2443.346539616489,2493.2820912129837,2436.3555623929797,2478.80078125,9430319,4510.531821631407,4520.680168173573,4475.280851265455,4479.5537109375,1925144,535.7901662337156,550.4652581005008,533.8933628547248,546.0726928710938,63107361.0,628.4321945980253,630.4272174380189,621.0505857367423,628.5319213867188,20973923,11325.25452685939,11379.222382882193,11163.35095879098,11203.3271484375,1727667
2023-02-24,2493.281543281375,2512.7564041241494,2481.297013531975,2495.7783203125,8558426,4498.7812909030035,4500.383918085155,4459.44962045121,4477.41748046875,3063325,550.3655060905387,554.9577454140665,546.7716326475156,549.2673950195312,48017492.0,628.7314557999567,635.5145214945408,628.7314557999567,634.1180419921875,26410291,11185.33879856419,11222.756944634464,11089.395935388513,11093.3935546875,1649984
2023-02-27,2529.235624722797,2552.955011134314,2515.2536706275873,2533.23046875,14471333,4479.554332337373,4507.283298249218,4475.2814720726,4480.08837890625,2638241,553.0609521637247,559.4501283303537,552.5617996798223,557.2538452148438,48174573.0,628.8312426674091,634.3175556444517,627.2351878168547,630.2277221679688,59154081,11029.432404416899,11155.357420995055,11023.435975056034,11091.3955078125,929834
2023-02-28,2541.7195621915507,2560.9147588598735,2522.2446971767235,2523.243408203125,30207790,4466.734941460686,4472.075893894582,4395.164423077252,4418.13134765625,4186783,556.9543757968117,560.847728681337,549.56689453125,549.56689453125,132842967.0,626.7364884806545,638.2078711920329,626.2377327105946,634.018310546875,35947658,11053.417281206917,11107.385141350242,10820.655508825885,10873.5244140625,2325200
2023-03-01,2542.7182699075543,2575.675733735892,2536.2266482443965,2560.695068359375,16214281,4401.040307652944,4448.041766291334,4395.699354736101,4419.73388671875,4420322,552.7613872020737,559.0506953382915,549.1674533158848,549.3671264648438,100023591.0,634.4173167122229,639.7041155081707,631.5245089965478,638.7066040039062,79309751,10867.526997583152,10891.512711022733,10779.579381638025,10809.5615234375,2258745
2023-03-02,2564.1902742698935,2603.139999955006,2559.196719694879,2601.142578125,12781702,4405.847133849982,4480.087889955213,4403.710460093909,4474.212890625,2098861,551.0642410231719,562.844225293489,549.3671107032484,560.2486572265625,77874419.0,620.0331729777121,625.1219304936768,610.055169298643,617.638427734375,20312797,10809.561775128865,10857.533203125,10745.59987113402,10857.533203125,1455371
2023-03-03,2600.1435315982317,2600.1435315982317,2523.2428010689196,2576.673828125,10906069,4486.4976862115,4486.4976862115,4417.597878891541,4428.27978515625,3402449,560.0489304558622,560.7477559244074,541.8797729320984,554.3585815429688,35685967.0,615.6429349510134,619.8337094112513,612.2503887448894,616.9400634765625,19436809,10841.542960056566,10877.521531826666,10777.5810546875,10777.5810546875,1621692
2023-03-06,2579.1708408655813,2596.14892578125,2568.6843766529623,2596.14892578125,9453043,4428.814321168092,4430.416948684535,4385.017622757672,4387.154296875,2210143,549.8662634800136,559.050679689827,549.8662634800136,558.4517211914062,39342667.0,615.1439726794068,617.2393292478795,610.5541150051783,616.4411010742188,32648244,10811.56121070477,10811.56121070477,10681.638585691679,10735.6064453125,1662736
2023-03-07,2599.6446779411144,2606.136299303626,2579.6704583641563,2594.651123046875,6750477,4380.209920026229,4414.392797984263,4365.789201280321,4401.57421875,2413027,559.5497709733627,562.3250872202237,554.1589013495638,557.5531616210938,33730187.0,617.3389791344747,624.7226638731745,616.1416067468535,622.9266357421875,68429480,10731.608655493952,10899.508660534275,10717.616988407259,10843.5419921875,3187734
2023-03-08,2589.6574609374998,2610.1310351562497,2584.16455078125,2584.16455078125,27666684,4396.23322237795,5200.744278100376,4370.372691290418,4405.31298828125,11629727,557.4534912109375,563.1997158021734,556.5549924110481,557.4534912109375,90878064.0,621.1306479413482,633.603150912058,620.5319921591115,629.3126220703125,74246652,10837.545499041304,12820.816473715011,10781.578831027075,10815.55859375,3574135
2023-03-09,2579.670704491353,2581.1687711025556,2548.2113056560925,2569.68359375,9973583,4405.313698360766,4411.188698505846,4377.539861961803,4392.4951171875,4196485,557.4534372569897,559.4989141180336,551.4636083219863,556.0557861328125,51064103.0,628.5143325306151,628.6140881842576,619.733642578125,619.733642578125,39594179,10843.541750248769,10939.484608131155,10779.579844993845,10859.5322265625,3708991
2023-03-10,2541.719081981357,2548.710057845353,2521.245509808226,2541.2197265625,13384708,4371.130591356352,4413.859193078812,4329.470082748516,4346.5615234375,2406433,545.8731476932034,549.8663675899081,541.6802546153233,548.2691040039062,49786469.0,599.1791565241806,600.1759825368853,580.7198486212708,591.2965087890625,52951644,10791.57329494999,10987.456640551973,10583.69709145401,10691.6328125,3024311
2023-03-13,2528.2369005236105,2536.0069013750876,2394.908981811423,2434.857421875,19306371,4345.492405619008,4392.493856430375,4300.627628246796,4332.673828125,6733561,543.3772266766457,543.6767058951575,514.027105560528,521.6141967773438,66961684.0,593.8907032709361,594.1900311568317,561.8612796604859,566.8502807617188,60769749,10691.632505987682,10853.536082915145,10551.715834568888,10679.6396484375,3796358
2023-03-14,2419.3774760080796,2479.7994934687563,2392.1026191947963,2466.31689453125,19015334,4316.651590578677,4350.83447265625,4293.151103007227,4350.83447265625,3726942,521.1151369375737,532.5956428279608,511.93072003892524,529.9002075195312,58061156.0,561.2626695550294,578.5246025896091,555.0762955059768,575.7307739257812,41114192,10695.630125171077,10723.613459454835,10567.706311302463,10679.6396484375,1699355
2023-03-15,2455.8302378239796,2455.8302378239796,2255.588691388962,2256.58740234375,48427247,4352.436740564313,4363.652692998481,4295.286934490334,4316.1171875,3684519,526.1066599412643,526.3442326121432,485.1262577242084,485.97479248046875,80860103.0,578.2252915029584,580.4543862109408,541.506251522122,547.1937255859375,44631420,10697.629329023393,10791.57338329546,10625.67218107032,10637.6650390625,3311202
2023-03-16,2297.0352884329727,2301.5294879103417,2160.2118821219656,2206.152587890625,26462458,4349.231184121765,4428.812880616369,4340.151419432509,4365.78857421875,3950686,499.15247225585654,499.5248258640054,470.00195568977483,481.6322326660156,91002516.0,563.9568566373124,570.6421321895092,548.0918042747045,556.8724365234375,41625099,10673.642507582423,10823.55321695858,10633.666318415448,10791.572265625,2264805
2023-03-17,2244.1032089605565,2297.034882336128,2192.1702464033915,2211.145751953125,47314667,4365.789278250059,4381.44781464815,4308.105426822049,4323.5947265625,10860741,488.52044173309554,503.3452735527441,475.94179562958027,479.1363830566406,243758899.0,561.4622549706338,564.6552281903186,535.8187744419297,540.9075317382812,83900837,10817.558501999723,10915.500180972003,10739.604920776887,10807.564453125,5013166
2023-03-20,2171.6969525878035,2257.586093964005,2148.227245351283,2233.11767578125,13202298,4312.912387377692,4366.322885903609,4308.10499381379,4360.98193359375,2859060,471.05012682246263,491.66511488646205,466.208342440564,486.1744384765625,59602146.0,525.6411149905166,543.401945755742,511.17301259117136,540.5083618164062,66105483,10755.594789735866,10807.563840940686,10647.65906800278,10783.578125,1411596
2023-03-21,2240.108500087914,2331.490545454853,2226.625903230497,2307.521484375,12737186,4376.4711962820875,4423.472654435542,4366.323337073416,4411.72216796875,3887485,491.16599204469657,507.53818568635046,489.0695457415804,502.5466613769531,49719627.0,539.8099680325615,557.8701292939942,537.8143674113691,552.7813720703125,40361589,10877.52069517207,10925.492120509101,10801.565938388434,10897.5087890625,1201315
2023-03-22,2301.5289670349584,2336.9831993325242,2290.0437931920846,2314.51220703125,13380178,4398.369813637176,4496.111549298749,4395.165046636696,4489.16796875,4685440,499.15244746562826,507.0390500424157,496.55684864563744,503.54498291015625,81495865.0,554.7770941080856,572.5379313435939,552.3823484781899,563.358154296875,49464196,10877.522526065393,10977.463012339424,10755.595132811077,10969.4677734375,1294815
2023-03-23,2319.00683679715,2320.005547751843,2269.0712890625,2269.0712890625,13605957,4493.974201733025,4496.644921785367,4439.495609460088,4457.12109375,4280545,503.84444303749734,504.4434015427902,495.90790771807707,497.8546142578125,44282935.0,555.2758709951524,556.8723271264237,543.80116746156,546.994140625,121122873,10927.493164595267,11017.439605496453,10869.527680458947,10991.455078125,1477887
2023-03-24,2264.077353247131,2264.077353247131,2146.677876212331,2197.6630859375,22908167,4446.9739017924785,4508.396082777107,4424.541020504164,4483.29296875,3474948,495.1092511119327,495.1092511119327,472.8969705068425,485.4755859375,48133058.0,544.2003265872514,544.2003265872514,520.7520187355243,532.8253784179688,29131272,10999.450287680505,11087.397918546932,10946.911259972749,11073.40625,1365404
2023-03-27,2232.1188475468925,2244.1033782719765,2196.9142885419583,2229.6220703125,11519628,4505.7247877005675,4531.361945005875,4489.018155590585,4508.3955078125,2795147,496.40706737997306,499.55172144215226,484.37750659109,495.5585021972656,46212840.0,540.8077125159413,543.5017852566233,532.1268385296952,539.90966796875,18380201,11123.375349590628,11295.272974040725,11116.637175085703,11245.302734375,1617043
2023-03-28,2265.0763181651846,2275.562782601134,2238.6104793506443,2260.082763671875,15142069,4500.91832387587,4541.77751686343,4488.099743963817,4500.38427734375,4523697,507.7378100414631,509.64256505459343,502.24713382888814,506.93914794921875,43547632.0,544.7989133463171,548.2912140728961,535.1202391524772,539.90966796875,21067542,11221.317098106027,11292.66425544834,11126.259452268383,11127.373046875,1779061
2023-03-29,2268.5715180638567,2303.236729939675,2262.079898047385,2295.037353515625,10437181,4488.100097626257,4524.953212956355,4484.895330467276,4493.97509765625,2351818,509.53480697306463,512.2501974776314,506.3402496220637,509.6346435546875,28038788.0,542.6037967220514,553.6294779739602,542.3094626826769,552.7813720703125,21411453,11109.384249969215,11195.333066584666,11099.390201525557,11159.3544921875,1248968
2023-03-30,2290.543786378849,2336.4844945425407,2282.554098002555,2315.01220703125,13687748,4495.043722943981,4502.52086277048,4445.5480908722175,4478.486328125,3261276,508.4366647087509,517.321602539835,505.80414131299,512.330078125,48557333.0,552.7814239008753,556.9721977784994,549.8877783684695,554.0785522460938,12376544,11155.356872810038,11229.3128312931,11089.396153081902,11159.3544921875,1224253
2023-03-31,2320.505079520996,2328.494767765527,2293.0405261804203,2305.5244140625,15584534,4478.485173047349,4534.56638970753,4462.355019652195,4475.814453125,5034502,510.0340101755433,513.927393519539,507.13893181543625,509.9341735839844,50242422.0,548.0917612313866,554.8767919406989,545.796832434239,548.4909057617188,32527045,11143.364230859654,11321.258296607906,11137.367801677128,11225.3154296875,1620239
2023-04-03,2390.9140815845894,2446.8418963584977,2368.4430845772154,2401.89990234375,14392673,4488.099570050707,4521.21435546875,4460.326225174336,4521.21435546875,2541366,529.1013796557352,539.3839037155408,528.9046922232735,531.7968139648438,63834285.0,553.1805467308851,563.2583060572892,552.3822577181433,555.1761474609375,31929737,11253.299895671584,11275.2868048816,11165.352258831523,11263.2939453125,1660237
2023-04-04,2417.87905942004,2422.373258415245,2355.5496006883163,2355.958984375,10548752,4538.305346303698,4549.521297362909,4510.531516457677,4511.599609375,5447539,535.8900377520415,535.9899047972606,525.906989131729,526.3063354492188,90212520.0,560.7638423401711,562.0609707205634,549.9876098632812,549.9876098632812,21871508,11313.261399135094,11349.239968955666,11187.336404763097,11237.306640625,1885935
2023-04-05,2362.95047902395,2374.435656753779,2347.341716762725,2359.954345703125,10811306,4521.74819168461,4581.0341796875,4510.531752325201,4581.0341796875,3527389,526.7056525371514,535.6903968362199,526.106693956559,532.7953491210938,56824025.0,553.6793683326619,556.0740523283195,549.1892673273,552.9808959960938,12482936,11237.307918562403,11621.079373625367,11224.115579598358,11587.099609375,2157931
2023-04-06,2394.909012213294,2418.878076555712,2389.3012596212193,2413.884521484375,10266584,4569.817435243026,4624.296513515866,4557.532903730566,4601.32958984375,2915406,532.2961361155835,536.8314036638894,530.1996594585737,530.9983520507812,41038513.0,551.2845969782339,561.9610710365424,549.6881410577479,561.6617431640625,12780940,11613.084718883547,11727.616127870022,11583.102572449252,11693.037109375,1203186
2023-04-11,2435.8557413678386,2448.8389823017383,2412.3860366027116,2427.36669921875,10942850,4599.728070652822,4608.807836970206,4565.545191475037,4590.1142578125,2730895,535.4907021561509,539.4839212298532,531.3976160465935,536.0896606445312,52431560.0,562.0609476779192,563.158564647795,557.0719457264005,561.1629638671875,27308177,11731.014831826365,11778.986267499195,11567.112426610867,11623.0791015625,4498431
2023-04-12,2431.860948062289,2466.815828219242,2424.8699720308987,2442.347412109375,13463774,4590.648436567748,4608.807969725596,4576.761763430201,4584.77294921875,2711312,536.8883660904831,542.7783894066968,534.7919501612253,538.685302734375,31617199.0,558.9676792612086,566.4511806948176,557.5707346332454,560.3645629882812,18444217,11657.056940978684,11864.933127854847,11607.086703748837,11814.962890625,3148358
2023-04-13,2427.3669529814174,2451.336015672861,2420.875331835818,2445.34375,7491334,4586.909183963748,4610.40966796875,4579.965604202843,4610.40966796875,2982390,535.5905822540768,538.6853030910679,533.2076045574066,537.786865234375,36713538.0,558.6683777656468,566.0520629882812,558.6683777656468,566.0520629882812,31193339,11842.947482966705,11908.908203125,11784.982001615475,11908.908203125,1407991
2023-04-14,2448.8393062836362,2474.805791586807,2437.8534855784487,2458.826416015625,18778098,4618.955742495379,4623.228602435305,4587.705485601102,4604.0009765625,3083529,537.8865422538641,542.4328377921678,533.4940382792113,540.0828247070312,29093336.0,566.6508209146043,586.107926976953,562.0609029439731,583.0147094726562,46918588,11942.886372042392,11982.86256073542,11870.929232394941,11884.9208984375,1644644
2023-04-17,2471.8094226347694,2492.2829956303303,2449.338427883544,2451.835205078125,10229536,4615.216758422899,4661.418365545548,4601.33008606007,4654.20654296875,3206212,544.0760906835635,550.0659192048504,542.5786335532417,542.8781127929688,42722801.0,586.8063728337747,587.8041732030897,572.4380840561801,576.828369140625,17022897,11870.930752270277,11924.898613915553,11812.96527124387,11816.962890625,1092430
2023-04-18,2461.822226847397,2474.306112379077,2435.855744941501,2464.818359375,7933578,4632.309037984174,4635.286530702057,4606.13782803589,4630.1728515625,4285709,543.5769653320312,545.4737688307509,537.3874633659714,543.5769653320312,33195166.0,575.5312938001382,580.4205404200426,572.4381367309951,573.3361206054688,21150937,11906.908977561774,12384.624479599252,11852.941117498962,12032.833984375,2047219
2023-04-19,2451.835010113333,2460.928252426848,2436.0663028977046,2454.331787109375,10129787,4626.9670212668,4657.411084778338,4620.5579757603255,4637.6494140625,3169139,541.1810252723642,542.678482520967,529.9001928525616,534.492431640625,42764947.0,572.8370833099543,573.9347000951116,568.7461267585394,572.138671875,16476041,11986.861114278008,12029.875535704996,11940.888493696319,11984.8623046875,1072912
2023-04-20,2444.345107350113,2450.1276828981368,2424.8702433691824,2446.342529296875,15071622,4638.183553257732,4662.752130522946,4620.024021627102,4659.5478515625,2547793,532.6954626486398,532.6954626486398,527.1049796612739,529.8004150390625,38107704.0,576.5289727598123,580.3206015328559,569.943515464573,573.8348999023438,18149031,11968.872773339925,12048.825163275396,11934.333770319585,12002.8525390625,2691006
2023-04-21,2449.837890625,2463.320488066271,2440.8494923308194,2449.837890625,19417371,4662.75182723615,4722.571858598532,4662.75182723615,4691.59375,3560822,532.2960887543646,532.2960887543646,526.1065873056089,529.1015014648438,52359077.0,576.6288842753721,578.0257683160391,566.8503914861817,572.4381103515625,16475926,12014.844680723525,12224.719691782579,12014.844680723525,12178.7470703125,1604980
2023-04-24,2427.366625029358,2466.8157020458816,2411.5969423187134,2458.32666015625,14514607,4692.662730654497,4698.0041716789965,4666.491522946709,4687.32177734375,4982179,523.0118865130229,534.6920034234132,520.3164514830532,532.9949340820312,48007264.0,568.6465163825156,576.3794700817114,567.0499990782658,572.0390014648438,28074221,12144.767883842691,12194.73812694606,12114.852104709791,12156.7607421875,1344950
2023-04-25,2454.3320398560704,2465.8172152206052,2407.3926274966666,2422.373291015625,7852267,4669.695456848042,4720.168456442362,4662.751877383323,4717.23095703125,3532223,534.592273557893,539.6836041714805,525.607529464483,528.4027709960938,54938104.0,566.5510829983431,568.1476002579528,561.4623250666829,565.0543823242188,19470392,12104.790943498861,12340.650476413799,12104.790943498861,12286.6826171875,1694844
2023-04-26,2422.8728609108593,2447.840635652315,2402.8986411176948,2430.862548828125,10083774,4713.491998364812,4719.741073375791,4669.6953125,4669.6953125,4154513,528.7022221012861,534.5922450657235,526.406133141684,532.1962890625,37826711.0,566.7505705564575,574.432609733505,562.5597971151212,570.4424438476562,21487013,12156.760727346125,12202.733350945098,11770.99045105908,11836.951171875,3561383
2023-04-27,2404.396405774124,2426.368044788467,2383.533443102535,2397.90478515625,8775316,4732.7214575810995,4770.648032748456,4719.368341724057,4733.78955078125,4516142,526.1065403905644,529.5008005076913,520.1167126062317,522.7122802734375,29337723.0,572.7374544331315,578.0257846022458,559.366904133041,574.1343994140625,24614220,11902.91065794284,12138.770180635915,11747.003515823691,11788.978515625,1400645
2023-04-28,2402.3990547715352,2455.3307321371108,2373.4364388545223,2448.839111328125,14595736,4780.256342761192,4789.068842077088,4725.243209890838,4739.1298828125,4779803,525.008549329819,534.4924454832566,516.1655327234482,533.494140625,102346561.0,577.127821577275,577.327332952405,563.8570264820931,572.5379028320312,26012411,11808.96810749404,11848.944302847778,11633.072847937596,11739.009765625,1622067
2023-05-02,2446.8418990128066,2447.341254502401,2338.481757770811,2339.48046875,14405401,4742.868120623651,4770.749735530336,4712.424058111316,4746.60693359375,3921799,516.1236145310288,519.1185291221179,484.92658754051695,487.5221862792969,100298625.0,591.1967440278761,609.3567237039343,589.7419432320665,592.5936889648438,111897000,11719.021729386519,11848.944364967301,11645.065767594382,11766.9931640625,1794124
2023-05-03,2358.9551451048833,2366.944832302529,2305.024756520775,2322.502197265625,10695574,4759.960893794024,4785.06401098344,4735.391823219641,4740.19873046875,3151227,489.9680323574206,492.1643153220732,478.7371022410447,486.2743225097656,63327020.0,597.4827372292513,600.4761377773947,590.3983802923345,591.8950805664062,23152226,11836.949592151212,11897.813730446589,11770.988880138211,11876.92578125,1005207
2023-05-04,2369.4415115359698,2404.9957156250966,2331.989854346255,2342.476318359375,11200164,4730.049800727456,4730.450213669818,4692.128110203204,4706.54931640625,4046240,488.52051549079044,494.06109557410844,472.74727957874364,475.6922912597656,59405734.0,594.8885692798226,595.4872251178189,582.11673722841,582.7153930664062,39625040,11834.951051061445,11870.929622066193,11749.002242550107,11842.9462890625,1292780
2023-05-05,2363.948992124588,2410.888410219162,2359.057356248314,2387.418701171875,23005896,4715.629659833606,4743.403007225376,4679.13501510647,4699.072265625,2885632,479.186316916905,493.9891838150509,479.186316916905,491.4654541015625,45939194.0,586.7065597937464,599.1790631907223,585.2098593861093,598.4805908203125,20223115,11866.931892752107,11914.9033203125,11707.027134217466,11914.9033203125,877124
2023-05-09,2381.9253019007238,2387.4182114019627,2353.462043576124,2374.934326171875,15804749,4699.071950610785,4708.151716946092,4648.331678266885,4666.4912109375,5648578,488.4206273097444,490.6169100736633,483.82841909981545,487.7218017578125,104449028.0,598.7800397219693,601.5739297681921,594.7888378284026,597.9818115234375,35837955,11948.884182671121,11948.884182671121,11778.985361070747,11906.9091796875,1685343
2023-05-10,2386.419804614212,2420.8753322388993,2375.9333396849593,2395.408203125,13542418,4642.456443791363,4646.729303480732,4557.533296500953,4585.306640625,3686888,489.6685530739897,490.766694556316,481.88178704630815,486.2743225097656,30772404.0,602.0727605408367,605.265672966582,597.8819868559201,599.7777709960938,16305805,11828.956298580268,11838.95034749762,11745.006287674492,11812.9658203125,1262452
2023-05-11,2387.917695050665,2412.8854668516965,2353.961525401262,2383.9228515625,48169615,4587.44411391949,4644.059392743259,4587.44411391949,4635.513671875,2718144,481.6348179052856,486.6268869765866,471.50092378437887,476.9422912597656,104416824.0,593.2705997259587,598.7592259639616,585.8858782421612,592.3724365234375,25625911,11874.927343881038,11994.855914935215,11860.93567725805,11916.90234375,2240297
2023-05-12,2376.932156674839,2417.3799517779194,2363.9489138022454,2405.894775390625,16745260,4641.38800784615,4664.728522916567,4610.4098960604615,4650.46826171875,3161293,474.6459053720812,485.5126436452803,474.59398590544464,482.2338562011719,26990523.0,594.1688645989469,601.7531250620199,594.1688645989469,598.4599609375,20777766,11950.883485604445,12082.80492899797,11914.904910133482,12002.8525390625,1550380
2023-05-15,2398.404403914267,2411.8870020624418,2378.0307975762817,2408.890869140625,15909214,4669.162016514224,4676.6396434140715,4621.092463626419,4629.63818359375,1976399,480.1871332473564,483.881246056239,476.14353904259394,480.9359436035156,18786577.0,604.2480056687775,609.8364021668726,602.451739716458,609.7366333007812,14779925,12042.827661132813,12062.815756835937,11966.872897460937,11992.857421875,776116
2023-05-16,2405.8949345504493,2416.381400641267,2375.9336028623993,2381.426513671875,17840950,4634.444071102022,4658.906323251088,4620.557401136904,4639.2509765625,3372938,478.6894859766628,483.76440041317875,474.9454344035922,475.1950378417969,37094876.0,607.0421089677036,610.1357351490448,603.9485436953065,604.447509765625,107198858,12034.833070759114,12094.797361096727,11984.862828811103,12062.81640625,1187703
2023-05-17,2382.424581736631,2401.899442077802,2377.9303831963603,2393.410400390625,5296331,4625.365633095558,4664.355422091116,4593.853471500179,4609.34228515625,3642430,474.246464321548,481.4849629875085,474.246464321548,477.5911560058594,27699907.0,602.6513372571216,604.9465693536139,600.0566767449947,601.753173828125,16724626,12112.785676471822,12176.74758103405,11858.936867740482,11916.90234375,1555565
2023-05-18,2390.144775390625,2411.8688242267076,2387.14835486151,2390.144775390625,10026422,4583.059769041252,4609.767487301255,4553.237711145592,4556.35205078125,3351994,482.78293029563497,487.62524281288705,477.34159393638714,479.7876892089844,35282424.0,606.2438925012503,615.1155255627514,605.1481403847523,611.6327514648438,16947147,11962.875855083277,12088.800864084154,11962.875855083277,11970.87109375,1230986
2023-05-19,2400.6320510933933,2428.5986404133914,2397.136227428394,2406.12548828125,9483884,4563.830398184125,4586.264862160668,4552.612922316476,4562.76171875,3601260,482.7330274179587,487.2678146758296,480.6363525390625,480.6363525390625,31851791.0,613.3291789707283,615.4248733862642,609.4372794715133,609.5370483398438,17244865,12018.843017049594,12068.813260759263,11928.91219407335,12002.8525390625,1312211
2023-05-22,2402.629805594745,2407.623839694921,2388.1471067042344,2392.142333984375,18869323,4572.909805694332,4584.127279821584,4513.084740291693,4517.89208984375,5403961,480.2370234713221,481.2853457423752,477.09202618899263,480.885986328125,33987698.0,612.3311746182453,619.1171623171709,612.3311746182453,615.9237670898438,68467439,12056.819271352608,12100.793081692422,11986.860936721087,12028.8359375,1774287
2023-05-23,2395.1383687690627,2426.101375204359,2384.65089884743,2415.114501953125,9689083,4505.606193432391,4525.904269869281,4497.059686275664,4504.00390625,3743231,480.9359147786559,489.0729807340571,478.4897889074757,487.5254211425781,28870682.0,613.1295282232263,617.3207944638618,611.2334328027912,616.5224609375,18108144,11962.87500925113,12178.746437989497,11934.891675896159,12026.8369140625,1644235
2023-05-24,2401.630945245151,2412.6178200206537,2369.169724317529,2389.645263671875,14398543,4474.091060919948,4484.239855099642,4416.401894638925,4456.998046875,3636873,486.5269596995279,488.2242750930394,479.6379116049318,485.7282409667969,41234730.0,609.1378440418137,609.536980379589,595.2665619889691,598.9589233398438,23383150,11870.931457302177,11924.899322152683,11680.143694632696,11786.9814453125,2075369
2023-05-25,2383.1527351260415,2383.1527351260415,2326.3417036924016,2337.70703125,13639438,4460.736936195598,4460.736936195598,4413.731150401058,4452.1904296875,3111329,485.87804739876606,486.69675398982963,472.3994617167562,474.1966247558594,40900844.0,599.2582937453662,609.0380172483468,597.0628306955668,605.1461181640625,17076530,11749.003442210853,11814.964162454637,11583.102236749215,11635.0712890625,1076348
2023-05-26,2342.2015771328706,2365.6735332363346,2329.782333404174,2349.692626953125,15624002,4440.440086179806,4463.942741680897,4420.14200568426,4453.7939453125,4147591,477.24178541848465,478.93910102709725,472.00011308909757,476.1435241699219,34146765.0,608.040149861156,612.1317089149421,599.1585887663153,609.5370483398438,19691875,11683.041306836865,11824.95677865644,11629.073451356182,11776.9853515625,1441890
2023-05-30,2335.7096833639453,2337.20789355212,2275.28187244091,2279.277099609375,14020622,4447.918090482329,4452.725440411219,4305.832512526208,4321.32275390625,4261987,476.5428097229081,476.59274868552114,464.1125784071172,465.85980224609375,41562250.0,606.8425271704983,607.7406904855332,596.7634366343988,598.8590698242188,30198951,11772.987399642872,11832.951681814227,11491.1552734375,11491.1552734375,1980999
2023-05-31,2255.306090662646,2273.2846157432164,2216.7420470711077,2217.850830078125,57481265,4285.000579667164,4360.316383151704,4282.329612774168,4304.22998046875,11730472,465.46046275181453,466.70847983290673,446.49060311921306,452.5809020996094,143080245.0,593.4703193173116,596.1647485652962,588.3808283135737,589.2789916992188,45815294,11459.176006043632,11758.9974609375,11457.17719634434,11653.060546875,4150407
2023-06-01,2237.826332825359,2256.80365945945,2211.357956204126,2245.3173828125,27757224,4322.390805825122,4339.484309560296,4291.409836307444,4292.478515625,4416838,455.62608945463154,462.7148326841321,453.62926209247183,460.7679138183594,51707926.0,588.0813879655468,596.7135251940052,586.1853534770081,592.5720825195312,43366626,11719.020378273619,11774.586893307704,11513.142994858612,11663.0537109375,1609544
2023-06-02,2262.297408058133,2296.256839349072,2258.9035132633026,2287.267578125,9389052,4301.024171474583,4333.607421875,4294.079952200449,4333.607421875,4764760,463.26397637186113,475.4446362141339,463.26397637186113,473.5975646972656,37489819.0,594.5679186292382,602.6512049892538,592.4722856334603,601.4536743164062,25970681,11629.075440035005,11747.005218474687,11523.1385204197,11741.0087890625,1544750
2023-06-05,2315.733216106657,2330.2159125196595,2282.273193359375,2282.273193359375,15778015,4368.8621259761185,4384.886949007228,4330.402843356652,4349.0986328125,3271562,478.3899455961862,482.93274647226093,472.1997985839844,472.1997985839844,67794484.0,608.7387010437304,610.8343345034142,601.3539776838808,604.8467407226562,13828961,11715.02429217849,11810.967163023835,11685.04214503932,11786.9814453125,927474
2023-06-06,2278.2774250407206,2278.2774250407206,2219.8472499574755,2270.786376953125,20490225,4320.78857421875,4342.250932930599,4314.913032810566,4320.78857421875,3139585,471.10149570134337,472.2496653265915,462.8645829340191,470.50244140625,55937665.0,603.2500869111464,610.534980658969,600.5556574677175,609.5370483398438,15984257,11762.994908042016,11926.897300983297,11745.005621011875,11824.9580078125,1508766
2023-06-07,2281.774139011937,2294.259224036078,2246.3164975433783,2291.76220703125,11196181,4315.447272322666,4346.962339075879,4291.410034585636,4299.95654296875,2510986,470.75204337328904,474.79560653167067,466.25918187767974,472.99847412109375,32380470.0,611.2335786594693,616.0236418696213,610.8343813465574,614.8261108398438,35353495,11772.987452077485,11868.930303978965,11664.15091307812,11747.0029296875,1227113
2023-06-08,2309.7409413148957,2319.2296068035407,2290.7636103376058,2306.2451171875,15841892,4282.3285652363575,4301.557473575446,4263.900556562256,4272.7138671875,5010108,479.03892101102144,480.43672468289435,471.3511531615736,471.9002685546875,27698609.0,615.724227081149,616.6223905117856,607.7407687073254,609.7366333007812,17602705,11747.003478390958,11776.985621010637,11646.343704843886,11743.005859375,1399930
2023-06-09,2311.238939668909,2312.737149871806,2270.787264190694,2291.76220703125,19761723,4297.285613160857,4297.285613160857,4215.870398565621,4241.19921875,3385686,471.65057550717165,472.24962975714476,466.3090566877558,468.1561279296875,22650325.0,610.2356258439429,611.1337893134282,600.6554997445625,606.243896484375,11516255,11850.942401156399,11860.93644939485,11703.03048722731,11705.029296875,950706
2023-06-12,2276.2800565188763,2300.7508162313434,2263.7949750329235,2275.28125,15009365,4266.3046189324705,4276.987509344931,4251.347987044621,4268.97509765625,3646257,468.30593045749436,468.30593045749436,458.97078680440467,461.8661804199219,41930728.0,610.7344359592165,611.5327694453489,601.4536797514284,604.0482788085938,12581363,11838.948483562712,11850.94134037537,11661.05444084161,11822.9580078125,1391951
2023-06-13,2283.271943521001,2313.2361422548724,2273.483589831415,2293.260009765625,17859206,4264.701109429505,4272.713519738208,4203.273280740904,4236.39111328125,5326656,463.96285390362357,470.2029394657598,461.4298605782472,464.11260986328125,31504439.0,607.5411439178308,612.5607723906271,603.8487823970646,608.3394775390625,20669665,11756.997432655451,11796.973622497871,11637.068863128194,11733.01171875,2301469
2023-06-14,2287.2677883115916,2337.7075364817815,2280.7755434976066,2301.75048828125,20351949,4244.40386139437,4254.556070598924,4217.161075735587,4238.5283203125,5350964,462.0658334900706,471.0016480088,460.1189451184343,460.41845703125,47486230.0,607.7407823472096,613.6286073936299,605.1072618588054,609.5370483398438,27566717,11709.027799875108,11792.977811413988,11495.155151430821,11503.150390625,1781655
2023-06-15,2312.237381762523,2336.7081445500744,2297.255282096675,2331.714111328125,12134988,4247.0750240235475,4309.03696327768,4240.131291107778,4295.68310546875,7050309,460.4683846255875,461.41685930552745,453.03019079294586,458.97076416015625,132663040.0,608.6389197514907,611.133750442538,605.1461567840245,608.1399536132812,14676387,11471.16775665727,11699.032040375503,11471.16775665727,11679.0439453125,2984914
2023-06-16,2341.702504144956,2352.2948305770656,2318.7299481222076,2333.212646484375,33041843,4303.162023844234,4349.756643875277,4290.876355879429,4336.81396484375,12145263,459.56987359651174,462.9145660196466,455.9756081851384,458.8710021972656,148346033.0,607.9401911829995,611.2333546261367,605.8444974217767,610.5347900390625,72874430,11713.023874252418,11870.929827505992,11711.025064717562,11780.9833984375,5017591
2023-06-19,2320.2280491494726,2355.1862849308895,2312.237595256577,2337.207763671875,14725904,4327.732985914672,4348.565161293735,4297.820206250147,4309.57177734375,6094020,455.8757170842959,462.8146742547956,455.5262661835268,460.6680908203125,21983147.0,610.3353992104772,615.2252920755526,609.8364330368555,613.7283935546875,14392193,11719.02074377737,11739.217699866515,11609.086215224112,11639.068359375,2367195
2023-06-20,2336.7085028243123,2342.9261726786704,2306.24489549961,2318.72998046875,25853669,4301.025375603132,4360.316352834943,4294.615250208009,4332.00634765625,2794165,459.4200662031439,462.06585646177564,453.22991943359375,453.22991943359375,44022728.0,613.628610999919,617.3209118752177,612.0318827345619,613.927978515625,13163578,11635.071624598499,11768.991878652458,11617.082336740505,11629.0751953125,1206664
2023-06-21,2316.7324313266045,2360.679931640625,2316.7324313266045,2360.679931640625,6968504,4286.068335205196,4350.70124005872,4286.068335205196,4348.0302734375,2331487,453.6791990179657,464.3432559700731,453.6292905184512,463.26397705078125,32776702.0,613.628504221778,618.0193691423017,612.0317762342692,616.8218383789062,24314619,11575.107849047341,11655.060243100508,11505.14950425082,11579.10546875,1149726
2023-06-22,2355.1865885137668,2355.1865885137668,2321.2271550916007,2330.7158203125,12103766,4320.787746187592,4338.414854792815,4292.477748385891,4334.1416015625,4131869,461.0673959942292,461.8661451690709,455.92557196217064,459.270263671875,26326366.0,612.7303269269056,613.8280279047283,601.2541074486329,605.4454345703125,23174027,11451.180221241917,11593.095703125,11337.248073814655,11593.095703125,1939447
2023-06-23,2323.7240972430486,2333.212762157645,2288.7658580840084,2315.733642578125,9107176,4337.34732414481,4369.396484375,4326.664433320977,4369.396484375,3179643,458.17203009820906,459.0206878171531,451.73228016563525,453.92877197265625,24377511.0,604.7469644841683,605.9444954075117,597.8612073566585,600.954833984375,20464406,11567.110695436986,11625.076171533006,11385.219029066713,11415.201171875,1228732
2023-06-26,2329.2175256467585,2349.69306564494,2286.768235406627,2338.206787109375,10383466,4358.714908665504,4361.385876056693,4327.723199923945,4337.3486328125,3774201,457.8725217236206,460.91767127313375,446.7901237338197,458.2718811035156,32437972.0,599.7572038360107,605.5451979474815,593.96920972454,602.8507690429688,15576202,11371.227127923807,11443.184269179785,11232.409419191674,11285.2783203125,1066377
2023-06-27,2348.1943418318197,2354.9314094688593,2307.7426740971587,2316.73193359375,15218123,4334.142084903112,4353.906066206865,4328.266543965673,4349.6328125,3251305,463.5135693505372,464.71167800179245,448.98666191720235,451.9819030761719,55047258.0,606.4434862553503,610.6348142033236,603.7490567952992,609.0380859375,30993630,11289.276753798034,11325.255327021894,11157.355318643878,11183.33984375,1353695
2023-06-28,2318.729681584305,2333.71178161608,2294.7583215334657,2320.727294921875,10719622,4354.439618140296,4382.749615563577,4345.893111793907,4370.99853515625,4376226,451.9818711506026,455.5761359121516,449.4358980638111,454.4779052734375,34607059.0,610.2354727020183,614.3269699052094,609.5369080576114,612.03173828125,18360919,11293.27517538833,11331.252560933885,11177.344208986113,11227.314453125,2293497
2023-06-29,2320.727484155793,2342.0918532494857,2311.738223403737,2322.72509765625,12445453,4380.080000278087,4388.064610280316,4355.508667750764,4364.05517578125,2842774,455.82577627370824,458.6213529993929,452.9303825503523,454.07855224609375,28849470.0,612.5307251254779,618.5183178655294,611.732391608593,617.5203857421875,71288921,11239.307525580443,11283.2813412594,11129.372986383054,11229.3134765625,2529983
2023-06-30,2331.714379908868,2348.6940948193205,2326.220942731957,2339.704833984375,12447479,4359.247485200892,4390.228452449797,4348.030011378289,4377.40869140625,4139456,458.072192687515,462.6649017944825,456.5246636424958,457.6229248046875,38590046.0,619.0173602376043,624.4062187315485,614.6264948989744,620.4144897460938,22006052,11241.305726764811,11337.248592142603,11173.346197122206,11269.2890625,1408446
2023-07-03,2354.686896189293,2401.131409730248,2347.195845618171,2376.66064453125,16897005,4373.670113723408,4421.21000626388,4361.919030360132,4396.63916015625,4397682,461.9161259825916,473.6974267854422,461.3420563446213,470.0531921386719,58834740.0,621.7117821780059,627.200409468502,620.9134485720874,626.30224609375,21193781,10931.48949164528,11037.426398402858,10323.851384960297,10367.8251953125,4450775
2023-07-04,2374.163112705281,2387.6470008085716,2365.173853969754,2377.658935546875,6393436,4413.732669984467,4416.403149338518,4362.45361328125,4362.45361328125,2540766,469.4541198244791,472.04997099116093,467.20768906696566,469.5040283203125,34711932.0,625.7034960628075,626.901026897349,622.310502183098,623.4082641601562,8538299,10353.83501816517,10657.654115223299,10271.883814353438,10573.7041015625,4015254
2023-07-05,2373.164865050719,2374.822796488868,2317.731089793853,2326.220947265625,15663783,4369.396337428786,4385.421160884299,4347.495972993633,4356.04248046875,3281175,467.7568292540795,468.1561886494701,458.1221429203746,459.07061767578125,34390086.0,619.5162517876457,622.7096467734004,616.3228568018909,620.614013671875,39669655,10635.665615988406,10723.613236192032,10453.773946930909,10613.6787109375,2885595
2023-07-06,2309.7405748457854,2315.733415256196,2261.2984481949657,2261.7978515625,10705039,4359.247914334683,4362.452976850749,4296.7518779443135,4314.9130859375,3948316,457.57296622207144,459.1205256699147,448.6870907801276,449.2362365722656,29972317.0,613.7282194793734,615.7530153540074,606.8424638728583,609.1377563476562,19028428,10531.726545858346,10559.709876972793,10287.871803289601,10321.8515625,1911277
2023-07-07,2253.8071507799664,2297.754642308581,2248.31371433889,2279.776123046875,11206305,4290.8755149974995,4298.353831033817,4258.292259854132,4263.099609375,4451977,450.83364765897835,455.775807153124,447.1894441227809,452.8304748535156,29769711.0,607.0420660877159,613.4987182542059,605.445399139059,608.6387939453125,34212718,10269.88460952955,10301.865565884644,10072.002442082407,10103.9833984375,1800903
2023-07-10,2288.76537815847,2325.7212232345614,2286.7677649111138,2302.249267578125,7398367,4262.565460960508,4284.999921033612,4255.621240761339,4268.97509765625,3058170,453.8289489746094,459.7685173756966,453.4295895762753,453.8289489746094,21957479.0,607.8404214374278,609.6367479554891,605.1460534782201,605.64501953125,19834643,10143.959260652013,10237.903316859038,10103.983066521365,10173.94140625,1255741
2023-07-11,2300.2517321356413,2322.2254785998116,2289.7642622322874,2317.2314453125,8106256,4251.881486322686,4263.633054334784,4217.695461384657,4231.04931640625,4846095,455.37645652917524,460.2686771556517,452.880422488201,459.5198669433594,26070869.0,603.2501249854497,604.7470235586146,596.963163159949,599.6575927734375,33207359,10131.96569129234,10131.96569129234,10014.035926883927,10075.9990234375,1929561
2023-07-12,2323.224385164222,2366.173073282047,2317.730948311942,2349.193359375,13275230,4221.969645343618,4265.236281725228,4215.025912346284,4255.62158203125,5838613,460.9676660263385,473.0983876651008,460.2407934758104,466.0096435546875,67993693.0,600.4557922498554,615.4247746347997,599.2582614772708,614.526611328125,38283911,10221.91131996792,10269.88274579491,10077.997042486948,10241.8994140625,4075139
2023-07-13,2340.703422787041,2367.671202780747,2340.703422787041,2343.200439453125,11571806,4262.030598247438,4262.030598247438,4234.788790497497,4245.47216796875,3162137,465.2607667937288,472.6989607681193,464.76155996240504,464.91131591796875,58290659.0,611.5327413871343,616.2230341527567,608.1398089995103,612.9298706054688,35620549,10289.871799370765,10345.838468054211,10241.900369070667,10323.8515625,1250510
2023-07-14,2332.7134977315554,2353.1890390304193,2298.75406338222,2310.73974609375,11051082,4257.759474109117,4278.057069940362,4247.610188434668,4265.2373046875,2566564,462.6649091823649,466.40896061155297,453.08013142980974,455.7259521484375,53684148.0,610.7344523610184,615.7241129195233,610.4350849092965,611.8321533203125,16280360,10321.853088071484,10547.718579735325,10316.356361504444,10317.85546875,2472036
2023-07-17,2280.27568226092,2334.211243733583,2277.7786655260743,2305.245849609375,8690844,4275.385750276806,4306.366721610627,4274.317070896603,4294.0810546875,2182682,449.33612500665555,461.76638918425715,448.3876501644287,451.6824035644531,37740332.0,613.2293206991849,619.1171448872144,611.8321912925163,616.622314453125,28427958,10293.870174632353,10343.84041819853,10189.932068014707,10193.9296875,1161172
2023-07-18,2296.256558631593,2322.7249356667116,2294.258945270452,2319.728515625,10886884,4272.180505151288,4293.012679673732,4270.043634240897,4289.8076171875,2335646,448.5873042659487,458.9208931002568,448.47548240882423,457.8226318359375,34338027.0,614.3270518078436,623.1089040930091,612.8301534740926,622.4103393554688,19072737,10255.891573823566,10303.863001960724,10199.924907663546,10273.880859375,2368022
2023-07-19,2333.711770732317,2372.6652306332626,2321.2266874307315,2365.673583984375,12903636,4316.515285831512,4392.3656665417475,4314.3789027032435,4364.05517578125,2774696,458.8709770032469,471.55081366201784,458.3717701158346,468.80517578125,86547464.0,624.705497114759,630.6930897388621,623.2085989587332,627.4996948242188,23353423,10275.879971337305,10583.696644277577,10271.88235220821,10495.7490234375,2838541
2023-07-20,2376.161289967517,2408.2879485259896,2369.669046005857,2392.6416015625,7513562,4344.291019324818,4362.272729008461,4293.546074650671,4328.80029296875,5215486,469.2544541124189,476.7924656025146,468.1561929132156,471.5008850097656,41939441.0,627.9986885418591,639.2753096322413,627.898919690639,638.6765747070312,71414605,10481.756632152206,10703.624478484948,10479.757822725785,10689.6328125,1845464
2023-07-21,2404.127628701891,2423.10495522675,2396.137175428266,2415.114501953125,7112760,4333.073705365156,4363.520575735375,4320.78804052127,4360.849609375,2627055,475.6442508095343,477.09196277157076,472.1877371901946,475.0451965332031,20833037.0,638.3772534269526,644.4646156064331,636.2815592192183,640.6724853515625,17482257,10635.666027594012,10791.573178534123,10591.69221579039,10763.58984375,1297138
2023-07-24,2405.6258863713765,2441.582926815375,2390.827648548674,2440.084716796875,25675419,4345.893537317876,4361.918360226061,4246.540513252705,4293.01220703125,5534947,474.2464975449028,483.5816715377781,470.95174459173154,482.9327087402344,26569921.0,633.1880368057085,641.6704612546423,630.6932060854339,641.37109375,35895413,10793.57110244666,10851.536576885726,10700.988551416822,10773.5830078125,1168905
2023-07-25,2437.0879757196576,2440.084395361936,2396.1359318781692,2407.123779296875,8450261,4464.47598564716,4538.499703115741,4455.621214939381,4479.4326171875,5593566,484.62998299089816,484.67992195524585,478.5396535896547,480.2369689941406,21473322.0,643.2670798843368,644.2650120969461,640.7722493528137,642.9677124023438,14752048,10693.631045213386,10767.586998236358,10621.673901731578,10713.619140625,1638957
2023-07-26,2412.1180597437015,2412.1180597437015,2375.162213693798,2393.64013671875,9461932,4484.240408846874,4486.376791986984,4443.644739356392,4469.818359375,4429341,482.0340781529084,482.0340781529084,474.2464641917417,477.84075927734375,23917334.0,642.0695626360618,644.2150801896787,639.0757662188759,642.76806640625,15316016,10735.606560999004,10783.577992290007,10571.704170754745,10663.6494140625,1181359
2023-07-27,2355.186115090617,2378.1586683760643,2328.717738479124,2361.178955078125,18449530,4487.979467053971,4512.016215637929,4466.0791015625,4466.0791015625,3271897,477.84073435506883,481.13548690468303,474.74564623530665,478.9389953613281,41621236.0,643.5665231510966,644.2650269889099,638.0778958548781,640.9718627929688,54254940,10795.571130074475,10795.571130074475,10638.664569491093,10693.6318359375,3990122
2023-07-28,2347.195177161742,2358.681451432959,2323.7232253901243,2338.705322265625,15155389,4469.817674618972,4528.040447130734,4462.873454960019,4512.015625,6791190,475.69419612072,478.9390404858841,471.30115168177997,474.6458435058594,28998293.0,643.6662586646945,653.9449479778608,642.4188434347242,645.4625244140625,14606823,10793.572491352415,11257.296346536445,10789.574871911173,11051.4189453125,6645000
2023-07-31,2335.7095723349667,2374.1636320035136,2318.729857676128,2363.1767578125,10541736,4511.48143652758,4516.834099656774,4477.29541015625,4477.29541015625,2823022,479.2386148583074,483.4818734273654,473.54764411919683,482.2338562011719,27480160.0,648.9552293575518,650.6517261012606,644.2649363281012,644.9635009765625,17771442,11021.437768192383,11197.33303906669,11015.441338503486,11179.34375,1639504
2023-08-01,2360.6797728947117,2385.983527699405,2343.200654627033,2348.694091796875,19028458,4492.252341448378,4500.7988486136255,4456.464025603399,4488.51318359375,1947865,480.28687706168256,494.21475975143517,478.97097468808425,480.98577880859375,41593105.0,656.6394029309921,664.2236634644878,648.5561762858468,653.5458374023438,24505563,11169.347841863166,11247.301414846821,11141.364507971597,11189.3359375,955804
2023-08-02,2350.691881737165,2362.1781603179925,2309.2413981628747,2315.733642578125,10520783,4491.184207274584,4491.184207274584,4443.110225796578,4467.14697265625,3600065,479.7877121166897,483.3210998164653,471.09552840580386,472.8487548828125,31237504.0,650.1527303384677,653.5437136758356,632.7886883112094,635.5829467773438,22469669,11033.428839784607,11133.369318405845,10867.527645273352,11089.3955078125,1371970
2023-08-03,2310.2397674912822,2336.208740234375,2286.26840803612,2336.208740234375,17311576,4428.566261801605,4467.563274133768,4367.666844614617,4403.45849609375,4684715,470.70207834614644,477.0919189453125,464.362146236604,477.0919189453125,40240657.0,637.9780037135149,639.4749019206836,629.196213079914,637.8782348632812,176906451,11011.443452909978,11011.443452909978,10771.586271143922,10893.513671875,4910009
2023-08-04,2346.197036050018,2385.64990234375,2338.2065821171104,2385.64990234375,9238947,4393.308585606099,4398.6505282847575,4355.379865759839,4370.337890625,2265018,480.9857882631574,486.277368556642,477.3914929368437,485.6783447265625,25148934.0,641.5706043931901,642.8679040080079,632.2897866595397,635.0840454101562,15511434,10945.48183933891,10961.47231682516,10777.581825733272,10903.5068359375,1506764
2023-08-07,2378.6583405279393,2383.652374415254,2362.1780286998014,2373.664306640625,7618616,4358.585226488673,4373.114471551575,4330.806246512273,4370.337890625,2117520,484.8796220238027,485.9778832209607,480.33685173862926,482.33367919921875,17649617.0,639.3751336788056,643.5664608446548,634.7846092937541,642.76806640625,20496510,10887.516723386116,10937.486967205585,10797.57028451107,10879.521484375,853789
2023-08-08,2359.6810133421,2369.169677734375,2333.7120371106103,2369.169677734375,10392193,4369.803540110107,4390.637654489589,4346.832843642538,4367.1328125,5121109,479.38837291732,481.83449887897,471.25130666097004,479.2386169433594,30528232.0,638.1776116382679,640.7722108716555,630.0943855651453,633.2877197265625,62033025,10933.489109955803,11093.393886701044,10827.552195362081,11023.435546875,1977417
2023-08-09,2382.1541994600257,2427.1853646716636,2375.661955310554,2425.602294921875,9603429,4375.680293730003,4397.582700040848,4368.2012805104505,4392.77490234375,4646884,484.23067114204133,493.77849018029525,484.23067114204133,491.8685302734375,26026553.0,638.5768968185304,638.5768968185304,632.2898746635414,634.6849365234375,78117236,11103.387579333696,11205.32687124117,10974.107148069834,11175.3447265625,2545313
2023-08-10,2412.8773446532955,2437.4365877047594,2409.0623994767975,2429.85888671875,18028615,4400.787605759849,4423.75830078125,4391.705669044867,4423.75830078125,2294175,487.8816772891126,493.02409977961327,487.63204483352797,490.17828369140625,24406467.0,628.6763208228859,632.4689263987909,623.4864106532658,630.772216796875,59023405,11160.069164457254,11178.059603733649,11036.135027219863,11156.0712890625,2848203
2023-08-11,2417.8713336969845,2418.8702476956196,2388.40337073724,2413.376220703125,14382629,4408.800207635565,4418.416289690069,4353.777369533709,4361.79052734375,4858578,485.08581248981,486.5836073375217,479.9683467601283,485.6849365234375,41378261.0,630.7723297778009,630.7723297778009,622.2888411652831,623.5863037109375,48386496,11060.123460519606,11118.092659933136,10906.205241387126,11024.142578125,2243755
2023-08-14,2406.384047330335,2407.8824184681494,2383.4090232171766,2390.90087890625,8181444,4375.680209935318,4390.103602750402,4349.50415197231,4376.21435546875,1851409,483.5380419586134,484.4367126586253,477.8963548429001,481.0417175292969,19971382.0,622.7878683125502,626.3808508784849,616.4002760657838,620.292724609375,61518364,11076.115624332204,11120.092260992611,10984.164474951356,11108.0986328125,898615
2023-08-15,2392.899097081777,2399.3920397371858,2356.93818391336,2365.428955078125,6966637,4376.214065622655,4376.748211120709,4305.698567209645,4325.99853515625,1872942,482.4896048678019,483.25346430841455,471.5057772199006,473.2532043457031,20487257.0,619.6939323909367,619.6939323909367,597.5370434832827,599.1339111328125,24642980,11120.092852991967,11120.092852991967,10838.24257575453,10870.2255859375,1345290
2023-08-16,2357.4369274037444,2361.432583212903,2335.46082045337,2354.440185546875,13878783,4323.326949377296,4338.818629157709,4303.561130852755,4312.642578125,3560788,470.7568745272255,473.8023781513375,468.2106053178123,472.2546691894531,32815381.0,598.0359996629352,600.4313008465452,587.2569920452185,588.6542358398438,37789214,10878.219469629068,10910.20247431743,10732.297010738417,10872.22265625,1997373
2023-08-17,2352.942200661915,2375.4177682759646,2344.9508877324756,2362.431884765625,7103774,4305.699238910011,4311.041670332204,4277.920741853019,4290.74169921875,2496433,470.15783150582615,475.25034032862146,469.5087931350038,473.8024597167969,17517196.0,591.6483929384427,595.6406223927056,588.6542208477456,591.2492065429688,15492986,10888.214384244406,10890.213322078855,10735.212676180567,10786.2685546875,1467968
2023-08-18,2351.44377131058,2371.422053139897,2328.9682042525988,2357.437255859375,14291269,4269.372928096049,4278.347548402,4233.04713045807,4252.2783203125,4398612,471.30608682087995,474.4015354347969,466.08077843573506,472.75396728515625,24016116.0,586.059385725777,587.9556584566957,578.2745492823402,582.7658081054688,20736904,10736.296218033109,10748.28984627891,10574.382236714791,10652.3408203125,1807434
2023-08-21,2369.923744306305,2396.394968426059,2359.934603129039,2366.927001953125,9140400,4254.949270397735,4288.06970506012,4230.375651290083,4240.52587890625,2571647,474.40152461047563,483.5879806908699,474.1349188544264,477.5968017578125,24233966.0,582.4662751543225,587.5564044519747,580.570002641408,582.1668701171875,28590940,10672.329907221989,10800.261938325604,10634.350085488102,10668.33203125,4598853
2023-08-22,2366.926648343493,2376.4163310441736,2357.9364226270586,2365.927734375,6608153,4229.307822532859,4249.607792179637,4213.2815050325535,4232.51318359375,4585692,476.84795715948974,479.74371834241714,474.1019998446356,477.19744873046875,14469276.0,584.462393975449,585.46045138382,579.4721069335938,579.4721069335938,29208014,10684.32358395699,10762.282165766965,10628.353320093416,10692.3193359375,1105121
2023-08-23,2366.927152349145,2373.9195516175328,2337.5691718689645,2350.445068359375,14352885,4242.662945680573,4297.152132770955,4234.11564134499,4270.97607421875,2641819,475.25026719854344,477.6467326073581,466.6129601103593,470.4573059082031,25396149.0,581.2687000654918,586.0593637807899,579.9711766096744,583.6640014648438,100676534,10706.311076050371,10808.216888139508,10658.33656786792,10764.2802734375,2181058
2023-08-24,2357.93644776577,2371.9212434737647,2350.4445929222015,2363.929931640625,6042374,4278.988264254408,4315.848692985124,4273.64632159613,4293.9462890625,1130874,470.35750848647626,474.5513463561426,468.9595726874925,472.9037780761719,45301426.0,588.3548137168826,591.3489857968668,586.7579463075259,587.95556640625,61134863,10818.251716569768,10840.24003306686,10736.295264171513,10744.291015625,674424
2023-08-25,2378.4142772328937,2388.902874423547,2369.4240510694767,2375.9169921875,5839519,4309.437217968911,4335.61326900162,4300.889916088679,4312.642578125,1751638,475.8494029751605,479.2444289513976,473.35307827070005,474.90081787109375,17348826.0,590.3509667447692,594.1366282841752,585.4604609968152,586.6581420898438,9832360,10700.31541906074,10746.290994371482,10606.36533038227,10654.33984375,1044943
2023-08-29,2394.397223798414,2417.3722493083696,2393.3983096458073,2403.387451171875,12729397,4313.177426119819,4359.119303160854,4313.177426119819,4338.8193359375,5170375,479.5439921998907,488.13135557276587,479.5439921998907,484.9859924316406,60002080.0,593.7442909811404,597.1376491302829,585.7598328656318,594.542724609375,138408401,10844.239248412046,10894.212701169705,10686.323137697844,10798.263671875,2978845
2023-08-30,2419.8692673757287,2423.36546652364,2403.886642699563,2409.880126953125,6195472,4346.298656795088,4357.517176063258,4324.396251579815,4343.62744140625,1654904,488.83032658409456,491.0770189796408,486.78335236834994,488.4808654785156,24266637.0,596.3393297850213,599.6329072055364,589.5525512695312,589.5525512695312,36565404,10818.252010987284,10860.229707260516,10728.2998046875,10728.2998046875,913945
2023-08-31,2418.3712766909534,2432.8555325819157,2408.881591796875,2408.881591796875,26502801,4343.09266045471,4363.926771587876,4318.51953125,4318.51953125,3728108,490.1783207534139,491.6761156001687,486.7833251953125,486.7833251953125,67483521.0,589.8519016570873,591.2492063322161,581.3684140698026,581.9672241210938,45532273,10708.312238410947,10796.265521683315,10655.274003625118,10656.33984375,2367206
2023-09-01,2427.3609621887144,2456.82892448689,2421.367478331458,2441.84521484375,11959563,4305.699150515833,4320.235227093776,4285.933813193719,4304.630859375,1931400,493.5234228206896,501.86115391382197,492.62475196927693,500.06378173828125,51611884.0,584.5623013783328,589.1533416015815,582.1669389647963,587.1572265625,24327245,10672.33004125292,10728.300305563667,10578.379954731308,10694.318359375,759392
2023-09-04,2459.3262094274137,2460.8245803917275,2437.8495589389127,2441.84521484375,7828227,4311.575032779835,4332.943291174826,4296.617495805389,4301.42529296875,925748,504.2576305804982,505.95514370421205,500.9624938964844,500.9624938964844,33755811.0,592.7462884429851,593.8441271685949,582.8654962461503,584.6619873046875,36868212,10738.295547825071,10796.264753127924,10684.32421875,10684.32421875,510722
2023-09-05,2431.357095760872,2491.291946108305,2423.3657823812146,2466.319091796875,11150441,4285.931935622856,4304.628973613383,4258.6875966416965,4267.76904296875,2390129,498.0167608177207,513.5438877378398,496.4690517451166,510.7480163574219,39236536.0,580.0709543791287,592.2472664502453,577.9749973566862,586.3587036132812,20296700,10656.338124577938,10792.265904069835,10632.350869373486,10730.298828125,1302060
2023-09-06,2457.3286111233174,2497.2851739058106,2452.833497810287,2486.297119140625,9303742,4256.017929778857,4263.4969428162585,4197.789725484016,4253.88134765625,2007149,509.0505928977356,517.8876201574616,507.15339195095913,515.1416625976562,31596122.0,585.8596735719228,586.0602718937442,578.3742433303735,584.1629638671875,14699219,10616.358689951443,10654.338508273619,10538.40011550066,10600.3671875,1283468
2023-09-07,2489.2935752960134,2509.7713113688737,2485.2979194769187,2499.28271484375,7117643,4254.415650513523,4307.301913653421,4231.670318345255,4294.48095703125,2328234,513.2443401688047,518.137160785938,512.3456389304168,514.0431518554688,24270501.0,580.3702308260414,590.5504259060468,580.1706072133798,583.5640258789062,23007461,10590.37303171771,10826.247704753327,10580.378342182303,10818.251953125,1042230
2023-09-08,2488.295201868444,2503.2789144449303,2470.3147467766607,2499.78271484375,9916163,4312.108844570023,4323.861507728808,4277.919633783782,4319.0537109375,6640287,512.645138668946,517.2383506089299,511.74643761983884,516.5393676757812,56410630.0,584.0631431279515,586.4584440938374,575.7792797356693,583.2647094726562,37302909,10834.24342067352,10878.220054484373,10792.265724763161,10840.240234375,2242376
2023-09-11,2493.289859312749,2513.7676005450853,2488.295288280472,2507.274658203125,8328401,4325.998012621035,4340.956035976216,4297.151232385841,4325.4638671875,2577769,517.837444011393,520.9329224452189,514.5423084070209,516.5393676757812,27042179.0,581.2685492606992,590.2510642401747,580.7695206507283,588.853759765625,23844895,10840.24016835335,10840.24016835335,10360.495075156816,10496.4228515625,2011900
2023-09-12,2506.7749463952105,2527.252685546875,2496.286348293139,2527.252685546875,6312485,4334.0117798786305,4356.982963578844,4312.109375,4312.109375,2251938,515.7407067609746,522.5306980684513,512.2458520200968,522.0314331054688,39010905.0,592.7462899663392,599.1338205149526,590.0515229133144,596.1396484375,31541932,10552.393085235515,10718.304929538328,10536.401582170185,10678.326171875,1423103
2023-09-13,2530.2494203960173,2549.7282453852486,2515.2657088658393,2518.262451171875,10397897,4308.90380859375,4319.054036187823,4283.796531860427,4308.90380859375,2919785,514.2428716355752,525.2266999617719,506.1547737735605,507.452880859375,63569624.0,601.8287108775637,613.7056202515716,600.7308719241946,609.8131713867188,23549819,10662.335192573475,10684.323510368433,10556.391479561402,10576.380859375,1663183
2023-09-14,2522.7573482876205,2581.6932752521698,2519.2611492304013,2578.696533203125,11669030,4315.314666325406,4351.106317266742,4288.604464494435,4341.49072265625,2738087,511.3470499869029,525.3424948417907,509.2501619335789,523.3294067382812,42108759.0,611.3101990725461,628.4767997032897,608.116402992032,625.6822509765625,29081387,10608.364011640004,10814.2546265258,10560.389499433604,10808.2578125,1797197
2023-09-15,2587.187382661095,2595.6781520636505,2575.2004140927806,2577.1982421875,37465648,4364.9948884499045,4409.333836142572,4356.982219383402,4384.2265625,8485589,526.5247953116124,528.12247969226,519.9345224595452,522.4308471679688,116246149.0,628.1773569391878,630.6725004590978,624.6841560113138,628.0775146484375,77881497,10876.221229968864,11000.155381091465,10828.24671985689,10934.1904296875,4715880
2023-09-18,2580.694423992079,2592.2568052373813,2567.708541463766,2588.186279296875,9845707,4373.00898531629,4409.334783946798,4351.106579470696,4383.693359375,3408452,524.5277759577972,526.6247254416916,517.2874586186899,518.436767578125,40471624.0,625.7819018907379,628.7760736701194,620.5919919564938,621.7896728515625,15718615,10936.189086458917,11022.82274140821,10678.32610123625,10722.302734375,1017587
2023-09-19,2597.176228233831,2614.732091847663,2592.6811155311184,2610.162109375,12073801,4376.749260162069,4384.228274535653,4340.423455154756,4357.51806640625,2542892,521.9315541188308,525.6261266774203,519.7347763046351,524.0284423828125,31257833.0,624.7839106802231,630.2732261893944,621.889519954207,629.4747924804688,14145170,10608.363366800408,10634.349559332612,10533.802397985519,10610.3623046875,2034190
2023-09-20,2597.1764000469743,2603.6693410470916,2556.2209260462337,2591.682373046875,12343692,4382.624459652447,4413.608802105394,4373.543010245247,4397.04833984375,3923648,520.4338370921289,524.0285206373073,513.2444090563387,522.630615234375,50633664.0,630.5726273394406,634.4650754068331,628.6763549069722,632.1695556640625,18482939,10786.269444920092,10944.185546875,10736.29599493436,10944.185546875,1568781
2023-09-21,2576.199369127835,2622.64887306907,2556.720544894414,2593.180908203125,21229058,4377.816049683019,4451.002268022731,4373.008252893293,4417.8818359375,3098181,518.6363579810213,528.3220474533123,513.8533616444995,519.6348876953125,37642478.0,628.7760718765994,638.8564258051317,627.67823326059,634.8641967773438,31240282,10898.210168880902,11073.117246976477,10880.2197265625,10880.2197265625,5277686
2023-09-22,2595.179503048598,2617.6550761119515,2579.33173650806,2604.669189453125,16125296,4401.856171509264,4433.374171920571,4380.487911619192,4397.58251953125,5315652,516.239962666037,528.3221501800492,514.8419964160424,524.9271850585938,54784695.0,636.8603603038699,648.2382382753368,634.4650592528037,641.8506469726562,40235747,10904.206014726768,11184.057314829746,10882.217698290106,11040.1337890625,3547059
2023-09-25,2605.1683736204413,2617.155344664707,2584.79062039541,2602.171630859375,11106986,4395.978656465291,4412.5391153193705,4351.639709587872,4360.18701171875,11440383,525.1269359170126,528.7216194330015,521.1328160346103,526.5248413085938,73361478.0,638.2575898261482,641.85057143821,634.1655796059348,637.3593139648438,75173293,11132.08540167305,11254.020616164351,11038.135318376473,11188.0556640625,3471175
2023-09-26,2589.185390219273,2607.165844318018,2576.651895787079,2596.67724609375,8339221,4359.653655203157,4391.171654587533,4339.353687017977,4342.02490234375,2639557,524.6277136210656,532.5160644634315,520.4338752142008,530.11962890625,37341036.0,635.2634850023198,639.355495652983,631.6705030123027,637.958251953125,18876589,11150.075537511757,11256.019245559108,11114.09465553341,11158.0712890625,1606820
2023-09-27,2603.6697497834816,2628.6426037042897,2597.6762648424874,2626.644775390625,10811865,4352.173908358569,4364.815349828584,4301.958873576983,4307.8349609375,4394205,531.3178786329352,538.0080429554097,529.820083379192,537.70849609375,32127157.0,637.2597385360452,640.6531585346696,634.5649709979139,638.6570434570312,48649788,11202.047907953318,11303.99374009208,11082.111634848894,11112.095703125,1501177
2023-09-28,2635.135273635712,2660.8392637311413,2618.6541672518233,2657.61083984375,11501692,4306.767817518857,4317.451704257842,4254.949844885208,4310.50732421875,4014777,541.8023604485599,548.7920705366305,536.4103349478808,540.3045654296875,32567410.0,638.5569665983328,644.6451518987751,633.6165714125651,643.6470947265625,45263621,11112.09480943633,11184.05656751147,10872.222282519193,11000.154296875,1491439
2023-09-29,2643.6256915287886,2658.164815361625,2599.174022050976,2603.169677734375,14163458,4326.53259518978,4370.872036497616,4320.656507023148,4339.88818359375,4490357,537.2091704801195,539.5048022943288,530.5190069114467,530.618896484375,35035280.0,647.3398575304889,648.8369432888079,642.050166701077,643.6470947265625,22317823,11040.13325829524,11228.033407902292,11014.147067392138,11096.103515625,1752888
2023-10-02,2614.158531135778,2634.636272782046,2573.7025049565655,2579.196533203125,13744383,4346.832926586583,4373.008984489888,4290.741304250339,4299.82275390625,9216900,530.9184915212035,535.3119876021625,517.4383345323308,518.3369750976562,36107770.0,647.2401788297677,651.0327845023537,636.6607954930934,638.5570678710938,31837619,11054.127136843608,11182.059168807078,10864.228026897832,10944.185546875,3816373
2023-10-03,2569.207144156159,2602.6707675345538,2565.7109446987147,2574.701171875,11507140,4318.519830791218,4353.2431891536235,4316.916906559605,4330.80615234375,3751857,518.0372151865217,521.6319588057238,513.6437209124994,515.0416259765625,28338046.0,636.5610060480493,655.2246918609167,635.063919928032,643.9466552734375,25649014,10990.161281069513,11064.121988126548,10878.220751469678,10902.2080078125,1297146
2023-10-04,2572.2038685081734,2584.6902950543295,2504.2777080970836,2518.761962890625,20058487,4314.24580811573,4336.148209761867,4278.747819915485,4287.0009765625,7540094,515.0416983887976,517.6379126363611,494.7216397691787,498.71575927734375,65919171.0,641.052228364381,646.142357436197,637.7586512688451,639.2557373046875,35708961,10894.210594645152,10934.64028136134,10784.269019836807,10886.21484375,2200732
2023-10-05,2513.767374136229,2538.2407699901282,2480.3037512339583,2529.75,18742304,4304.629985966059,4339.353343431171,4296.617316231404,4306.23291015625,2887776,496.36916935456935,500.5629762282392,488.83025108580244,498.3162841796875,29909637.0,640.7529031710628,648.5377393440278,635.5629920835546,643.248046875,21812777,10906.20660486608,10984.165193134002,10852.23527452675,10896.2119140625,1102217
2023-10-06,2535.7432305001485,2587.1873023420853,2513.7671221404858,2578.696533203125,11014604,4306.767684832751,4312.109628037665,4151.847917261222,4194.05029296875,13643795,499.4646646433091,508.8508395425082,495.67023276646586,504.8567199707031,32751712.0,648.3380325675025,656.422333682058,640.752821046361,653.4281616210938,37660935,10950.182018683741,10976.168211864262,10852.23405977255,10936.189453125,1250802
2023-10-09,2617.155266801741,2662.206395853011,2612.6601527938756,2646.123779296875,12749107,4198.3233356468945,4225.033535598243,4173.7497175456965,4176.955078125,4836220,515.7405726019829,523.1297165101672,513.244248436436,519.5349731445312,41660240.0,650.1345392270374,651.3321592346873,640.2537477478501,643.7469482421875,18973365,10902.206757783715,10950.181264968682,10804.258805614407,10850.234375,2558599
2023-10-10,2649.1198564530137,2664.473281278585,2610.6616684916858,2660.10791015625,12817695,4198.857567948247,4247.470171889412,4150.779109480668,4223.96533203125,4444502,521.4324243111286,525.0271082509138,512.4955678315537,524.328125,29229090.0,648.7374407266319,659.316826931841,646.9409492279401,656.5222778320312,34573439,10924.196385491152,11016.147535304985,10778.27390861268,10972.1708984375,1237326
2023-10-11,2662.605779877055,2691.574291457034,2637.1334679705215,2643.126953125,18587051,4177.489684443071,4231.444235760508,4167.339943926993,4199.39208984375,3352305,526.9241170527157,535.0121829709218,518.636333012183,519.5349731445312,34467712.0,654.1268662390877,660.2149922163967,649.8351705420497,657.7198486328125,17751343,10964.175648828696,11056.12680285716,10862.229804144965,10938.189453125,2745784
2023-10-12,2655.6135406437224,2689.077168107166,2629.64177007508,2678.089111328125,14398149,4200.460424137731,4246.4023053021265,4181.763379477448,4192.447265625,4535681,528.2223512778902,538.0079327419669,516.9389748669007,535.3118896484375,44740720.0,659.1172141259437,663.2092256133527,653.3284317454767,656.6220703125,31737934,10976.1680114307,11146.077732969874,10878.220054308116,11114.0947265625,1536321
2023-10-13,2695.5697080232394,2735.526272159215,2688.577309299444,2719.044189453125,12659237,4187.638664231133,4227.704449103875,4163.599681111528,4195.11767578125,3438969,540.5041603889584,549.6906465993211,540.1437291665447,546.894775390625,57809715.0,654.12688501774,661.9117210386914,645.8429593491525,651.332275390625,15780448,11102.10169811885,11170.065590401175,10878.220641188833,10968.1728515625,1162288
2023-10-16,2733.028686545628,2764.494477344673,2702.5618097402034,2747.512939453125,15827912,4206.871127912841,4211.144779914244,4168.408259900218,4207.4052734375,5039663,548.7920868112036,553.085814748984,543.300171579141,548.1929931640625,27537172.0,651.3322525108788,652.5299336066289,646.8409940892594,650.0347900390625,26351027,10922.197192284906,10990.161084037778,10825.44878864549,10966.173828125,1702777
2023-10-17,2737.5243822621155,2777.0373409078284,2721.042297858786,2768.49072265625,10992832,4214.349292713854,4272.0438337016785,4206.870768203951,4247.47021484375,7777388,548.1930235166807,557.3795126025875,545.69669827298,554.1842041015625,29268291.0,645.7431617257789,654.2266499401052,641.8507133549219,651.7315063476562,36574818,10992.160057120675,11297.997570984915,10904.206785159717,11264.015625,2225240
2023-10-18,2781.4759814497156,2797.958062144246,2754.5053039495747,2769.489013671875,9289491,4258.154921822721,4278.988548353641,4227.170579178525,4260.29150390625,4451363,557.7787810653768,561.4733539063443,552.3867561406987,557.1796875,41580407.0,652.5298828517923,656.3224885961798,647.3399724516157,649.0366821289062,21094402,11170.064732879051,11238.028619943814,10587.931669243766,10606.3642578125,3678685
2023-10-19,2770.987752780264,2788.9682068357956,2729.0333599840237,2755.005126953125,12239056,4242.127700849246,4307.834902975418,4214.883358266107,4261.35888671875,3781206,557.9784475348895,561.2735837300015,546.1958079259374,552.087158203125,37415124.0,644.2461027501896,653.4282437411022,637.2597003965857,639.9544677734375,22582692,10532.404113071188,10646.343576811,10434.45615301416,10482.4306640625,2131732
2023-10-20,2757.003039785747,2783.47426462427,2719.0443022814507,2724.538330078125,14884245,4258.688262898585,4296.616977953832,4248.538036506765,4262.9619140625,6119209,553.3853180933814,558.577686093912,543.4000184559889,544.5982666015625,38451397.0,630.0737241590859,630.9590250923064,614.5040506214938,614.7036743164062,38831847,10468.437570409875,10528.405706196068,10358.495988135188,10424.4609375,2024298
2023-10-23,2701.563629502452,2742.519114364571,2690.575572588225,2727.535400390625,9886448,4249.607164961324,4274.180295323567,4226.635983186865,4260.8251953125,4950191,539.2059993818499,544.8976304532963,528.0224553537365,531.41748046875,50972360.0,615.0030053673107,616.3004678531569,607.5175745836691,611.3101806640625,13959110,10458.444439975246,10516.413646542389,10076.64725189511,10094.6376953125,2181139
2023-10-24,2699.0657949323004,2738.02344334176,2687.078826190928,2713.550048828125,12160050,4250.675250406478,4287.001042631895,4219.691400366436,4257.61962890625,4244167,527.7230897104828,539.1063557588536,525.3265934017417,533.6144409179688,28977543.0,610.3122174895408,615.7017528528181,605.9207397182331,611.6096801757812,18211871,10258.550392047087,10450.448450822714,10056.657642710228,10432.4580078125,2379083
2023-10-25,2699.56541509116,2728.0344675722326,2683.0833320758024,2715.048583984375,7458926,4257.620116132291,4298.754197616234,4230.909914344745,4288.06982421875,2765047,531.1180689474177,538.3264503193402,527.822871578407,533.9139404296875,29861833.0,610.9108573557426,616.6996385085325,607.0184703822209,613.905029296875,39620658,10460.442868223141,10560.389771225464,10366.492779400956,10540.400390625,2347407
2023-10-26,2718.0455218516076,2734.028148955476,2675.5916686069572,2685.580810546875,17989594,4161.997378439503,4314.780553583503,4138.492537234949,4166.80517578125,5449130,534.612820791156,538.6069395540471,527.4233948288686,533.01513671875,38413624.0,608.5155579514691,617.9971024566313,593.9438845830585,607.9166870117188,75777476,10432.45701753001,10508.416658585029,10362.494190242494,10386.4814453125,2652740
2023-10-27,2708.556172730238,2759.001345779427,2669.0990571769116,2697.568115234375,11441885,4138.492745258891,4201.528747178443,4081.866977515844,4082.401123046875,4280681,538.1077680079641,545.7963992032827,527.0240499519521,529.7200927734375,41695925.0,613.7054173761666,616.7993704340422,597.5368780067157,599.8323974609375,35680976,10282.536937290102,10452.446665064143,10096.635705725566,10118.6240234375,1707716
2023-10-30,2695.5695427346946,2719.5434797462317,2670.5966916810103,2684.08203125,19398255,4092.015418609122,4143.833372311619,4058.3606023117636,4126.73876953125,4520763,528.2222655364135,532.1165561444351,521.6319932179089,525.9256591796875,121755943.0,602.5272221927919,607.4176665589356,581.4681759837388,586.1590576171875,169130927,10134.614667819656,10314.519070206989,10082.64228490776,10212.5732421875,4438387
2023-10-31,2665.6025775309076,2678.5855357941077,2631.6394942871184,2643.62646484375,15831943,4133.150331078327,4178.557574082131,4131.547406863787,4155.052734375,5020747,504.35743915579025,508.95068261339316,493.6232431442907,501.8611145019531,76877717.0,586.6581555480543,596.5389486464718,585.8597217732491,591.1494140625,49522167,10272.542750190549,10324.515140053354,10156.604342035062,10244.5576171875,2913453
2023-11-01,2642.1280200112615,2687.079158347937,2623.6481075839615,2654.114990234375,9203612,4171.612535003503,4198.323222036109,4105.371182380224,4152.38134765625,2695470,494.27228074888313,502.54610989605635,487.7319223543215,493.67315673828125,68277080.0,595.5407665720861,598.3353146573953,580.9690943357365,588.9535522460938,29210099,10292.531896254595,10396.47667361044,10156.60411048157,10330.51171875,1837433
2023-11-02,2686.5793862756277,2771.986539102014,2672.095132287527,2764.994140625,18437050,4160.395532098596,4181.763794317612,4142.232631163478,4168.40869140625,3201932,496.0696627338318,500.7627656478329,488.3310556874296,497.8670349121094,45955885.0,595.8403229737328,601.62904424644,585.660124367747,600.1319580078125,25610068,10370.48963535635,10434.45564698538,10258.54911500555,10356.4970703125,1595747
2023-11-03,2760.498838755817,2785.4716887536083,2630.140561767348,2649.619384765625,13235087,4173.216203513466,4198.8581164195,4111.248491225959,4118.19287109375,2300450,502.3604041282353,505.455852945705,482.9389851775607,489.1298828125,42349431.0,607.7172095432635,610.2123531841595,596.8383589023199,601.0302124023438,21517497,10328.512892526778,10410.46935248296,10154.605282375853,10264.546875,1219573
2023-11-06,2642.127871152194,2685.0811786983354,2628.6425304109634,2670.596923828125,17633972,4118.19287109375,4141.698201826355,4108.5772757050245,4118.19287109375,3601006,486.33393491286927,492.62469104013104,483.9874142223812,490.77740478515625,22437947.0,605.6212504100035,612.0088424770315,596.4391096573729,608.1163940429688,67681095,10242.558811946526,10314.52058345903,10188.587483312147,10270.5439453125,1893919
2023-11-07,2653.6158116290517,2693.0729260876806,2620.1521829109743,2623.14892578125,9017796,4137.958196249408,4161.997181822518,4098.4270405704465,4156.12109375,2865079,485.7348281599316,494.0226132214548,479.2942988303149,480.3427429199219,45496434.0,606.8188201000021,612.5077587217559,603.2258382949899,607.1182250976562,15816453,10202.579065860216,10284.535519955096,10140.611990812868,10224.5673828125,1729632
2023-11-08,2622.1494713248303,2623.1483854091443,2590.6836776689324,2593.680419921875,21826840,4164.134234279625,4195.118086558792,4135.8211093841255,4171.07861328125,6758917,478.79509878031377,481.6409151595781,476.44854736328125,476.44854736328125,41605283.0,607.9167303720315,611.3101498562362,602.5272570293745,606.1202392578125,41676193,10242.557206397492,10394.476477999016,10164.5986328125,10164.5986328125,4678524
2023-11-09,2586.688332318804,2617.654672655503,2564.2127627195864,2612.16064453125,15839784,4200.993837213447,4267.7698213075955,4171.612423724183,4257.08544921875,5126032,469.715002285955,476.1063557646571,467.2952693524571,474.708251953125,57804997.0,598.9128434935468,603.80398941857,591.9255269861221,602.0072021484375,32529807,10594.370916329293,10594.370916329293,10268.544037204449,10430.4580078125,2005703
2023-11-10,2620.6512904496312,2648.6208868409367,2596.6773506856553,2626.644775390625,8032281,4248.538151806038,4273.64591405093,4196.186045578331,4219.15673828125,3359713,475.1576139052897,480.15086344391773,471.86208140034586,477.2048645019531,52311069.0,599.8112507944631,603.6662527308508,595.3693015857696,598.1143188476562,42157635,10396.475910748575,10504.418556236064,10020.675589421766,10084.6416015625,1775830
2023-11-13,2632.1388239746557,2653.615478515625,2620.6513110806486,2653.615478515625,13764075,4225.034223220167,4249.073211967083,4192.44744226927,4218.08935546875,4492694,477.35465718881926,485.59351894992335,474.10904497989947,484.0456237792969,88202438.0,602.4064712825535,608.2958049822325,600.4100952385352,606.7985229492188,57743902,10176.592667662288,10308.522566712712,10116.624531730276,10242.5576171875,1737947
2023-11-14,2653.1157460408317,2668.099456955972,2597.0897389451775,2617.654296875,10611680,4213.281148389585,4241.594274389884,4168.142195313575,4181.22900390625,2608280,484.89445493365224,486.2426384166687,476.60567281438756,480.3006896972656,35677953.0,607.9964189223676,611.4900776836921,601.807700713395,603.8040771484375,30938808,10298.529145395642,10326.514278942912,10140.613034664613,10180.591796875,1464278
2023-11-15,2623.647956444312,2643.126781934761,2603.6696738900055,2632.63818359375,5990952,4208.472883307728,4227.704558103287,4155.052485838832,4158.79150390625,3436685,481.54899828343537,483.0369768953217,476.7055401297808,481.4491271972656,35501660.0,611.4900885086079,619.7740638825856,610.8911999373228,615.8821411132812,35330298,10224.567253120355,10284.53538950229,10052.658595492134,10084.6416015625,1944444
2023-11-16,2610.42352843056,2650.8835946002646,2552.4807176196255,2552.980224609375,15779889,4144.783904409743,4182.716426021283,4098.30322265625,4098.30322265625,5220000,483.94578084075454,483.94578084075454,466.31961499162725,467.76763916015625,53854850.0,613.3865837345114,618.8766182512564,605.9001730298592,607.6968994140625,34804039,10060.655632323738,10172.59616787115,10006.684302684807,10160.6025390625,2120644
2023-11-17,2558.47409516814,2612.0003518608537,2541.990369057139,2605.92724609375,22086241,4098.303733435462,4109.611191514643,4065.71417374069,4077.4677734375,3933736,470.21438626583995,478.65296097659456,464.72181094262,477.0551452636719,31396118.0,608.5952888633948,616.0816995163201,603.0053990211376,614.2849731445312,34504146,10206.57724666484,10322.515648605018,10172.595301268579,10254.5517578125,1631489
2023-11-20,2610.9228692652378,2646.887370238472,2603.9297718537755,2638.395751953125,7589286,4060.3710435484527,4084.4129274762536,4033.6581644195653,4034.7265625,3524853,476.35600670656237,482.2979858570796,474.35870688808626,479.8013610839844,25351952.0,614.9835797075469,617.9781435969027,610.6913836510486,615.0834350585938,44783216,10126.619004180684,10240.55846001138,10036.666802209083,10100.6328125,1727350
2023-11-21,2616.4171785864846,2654.379703514429,2592.940353959993,2610.423095703125,7115652,4021.370725462864,4065.18017578125,3994.1236432112937,4065.18017578125,5485401,475.8567264189185,483.4464725368257,472.0119178121781,475.9066467285156,28546512.0,611.8892154668443,612.6877536446954,606.9980701251003,612.1886596679688,14585612,10100.63355795293,10186.587890625,10034.668604972037,10186.587890625,858427
2023-11-22,2618.414899062439,2630.4030634228925,2530.0021869040925,2553.978515625,15192138,4073.193704709688,4094.5643517168387,4033.6585809737994,4083.87890625,7422327,476.8553745013929,479.7015330936928,459.9282448285404,465.52069091796875,47631831.0,611.3902481878333,615.8820949092134,599.5117847103559,605.6007690429688,29910210,10170.597728286733,10232.564813502317,10066.652940183174,10080.6455078125,1785560
2023-11-23,2576.9561172803983,2592.4408313016606,2539.4930994870215,2583.44970703125,7041114,4089.755716971594,4091.358558140728,4040.603791221481,4046.480712890625,5674720,469.46537487652176,474.65833663252016,469.16576158828093,472.86077880859375,30356397.0,609.7931974625155,614.2850443751315,607.1978715804826,610.5917358398438,29132362,10104.6316399339,10240.559424605612,9977.699076306639,10168.59765625,735970
2023-11-24,2580.452751874097,2604.9285909840137,2565.4675442557805,2592.44091796875,7393629,4044.8785867427805,4079.0712367871624,4027.7822617205898,4060.3720703125,2411329,471.4126548619681,477.70416727432826,468.6164474407248,475.8566589355469,28715999.0,605.1016821348283,614.6842642175225,601.308579265619,608.3956909179688,18442241,10192.585169104555,10258.550125092093,10112.62764669542,10174.5947265625,1108994
2023-11-27,2565.9668162504863,2585.447584370745,2550.482103129255,2567.96484375,8217620,4063.5769622342254,4086.0157624948124,4037.398280621368,4061.97412109375,2147690,471.91200558127355,478.75276360065635,468.21701917816563,474.40863037109375,26852117.0,607.4972765379019,612.1887729723496,603.6043793536684,606.2994995117188,12741786,10136.613992527378,10230.564072915622,9970.7021484375,9970.7021484375,1447262
2023-11-28,2561.471835793693,2589.444227136214,2548.484654098951,2577.95556640625,7861727,4045.946552387488,4083.878834241865,4008.014026606587,4045.412109375,4806425,472.81083887319426,477.7541379219941,470.3641342644942,474.3587341308594,31685115.0,604.5027159297089,609.7931618351298,600.8094685347735,606.099853515625,16148874,9950.713428424873,10062.653957149621,9845.769182745424,9894.7431640625,3203391
2023-11-29,2558.97379970009,2593.9392820305616,2535.996482740066,2550.981689453125,8147694,4042.206954268312,4068.9200814837786,4002.1373854083818,4010.685791015625,2422514,470.4640381025535,476.3560672202745,468.9570725161553,471.3128967285156,25614563.0,598.7131691618486,599.3121185355391,588.5316390547338,593.7222290039062,18710486,9888.746131714452,10078.64523875162,9772.807729523338,10026.6728515625,1725710
2023-11-30,2550.482488632202,2618.9149408340454,2541.990870475769,2557.4755859375,24157147,4003.2063815209026,4033.1249500485806,3971.1507723841046,4027.7822265625,13497991,475.5071565604838,489.03888135473295,472.3614153862735,478.45318603515625,108153194.0,594.1215115027903,603.3048533142556,590.6278534926885,601.0089721679688,72256545,10030.670837293848,10152.606054726077,9889.745708950042,10120.623046875,9359776
2023-12-01,2575.9571745685325,2592.9404097702645,2537.4951419057875,2565.467529296875,8271247,4034.1931654281016,4069.4544558426637,4000.0005172329143,4039.535888671875,2340823,478.4032973496164,482.6975108781603,474.65835963794615,477.7541809082031,27229904.0,599.9109518150609,605.1015412868913,598.6133196782425,603.0053100585938,17159018,10182.590270840483,10298.528675965876,9987.693813948661,10192.5849609375,1154807
2023-12-04,2525.0076541190033,2580.9524330035388,2502.0303342199973,2533.998779296875,23212596,4027.7816092833286,4087.3870069699983,4003.2057680081107,4078.536376953125,2437655,467.26834579647743,480.6502501849575,465.0713340028831,471.3128967285156,32172134.0,603.4046096043334,606.5988231965795,599.0125582994253,603.0053100585938,21937520,10132.6158308144,10272.541478507634,10080.643447385484,10260.5478515625,1170647
2023-12-05,2519.513221480973,2549.4836404518014,2505.527025961253,2523.50927734375,15868046,4071.0569508963135,4102.043915580616,4045.412465394873,4062.5087890625,2532213,466.9687263080593,474.3088095923083,464.1225678333858,471.2629089355469,24907516.0,597.91471040266,606.5989596167948,593.9219577455472,602.3067626953125,34731522,10208.575126190668,10322.514578352968,10074.646296456034,10138.6123046875,1325441
2023-12-06,2523.5094267695786,2538.994144154744,2487.544921875,2487.544921875,35924846,4052.3584781927884,4084.4140886163023,4029.3852297409603,4063.577880859375,6899362,469.1158417303882,474.4086745875661,465.22809188148653,465.32098388671875,41030519.0,604.3029852252079,616.6804787573707,598.6133019519656,613.5861206054688,22067387,10188.586127799543,10250.55320057996,10076.645609228468,10124.6201171875,2642947
2023-12-07,2482.5492778318344,2492.0399088738477,2467.0645640264447,2478.55322265625,11443038,4070.5227634191456,4078.0022830818775,4052.892240568057,4068.920166015625,5139824,463.5233602346159,468.11715602097723,459.0793863192832,459.6286315917969,55747706.0,607.098003147644,617.179678397554,604.602532944739,611.2904052734375,31326168,10104.632300718584,10184.58982634247,10020.676898813503,10092.638671875,1517762
2023-12-08,2488.043988851961,2523.0094735376942,2463.5681495719477,2518.014404296875,9165537,4071.5912620141703,4096.167104526721,4043.8097369545485,4045.94677734375,3092741,462.37497660264694,470.1145145479397,456.83248097431243,467.6178894042969,24167396.0,609.3939359424613,621.4839917239183,605.8004825573488,618.0781860351562,16787704,10118.622961201467,10190.584720704283,10030.669699586915,10116.6240234375,1060358
2023-12-11,2523.0099250707053,2528.004995205472,2495.537039329488,2514.018798828125,16355109,4024.041957968396,4040.0696380623526,3989.849313579665,4038.466796875,3294858,468.56652001559,471.11306493278494,462.9740747817383,466.619140625,35796728.0,615.4827920163483,617.6788181423093,608.8947745630353,615.283203125,38937769,10090.638671875,10144.609995991605,9943.716734002017,10090.638671875,1756079
2023-12-12,2513.518388605442,2539.492743972589,2496.53515625,2496.53515625,10775615,4003.7401686753824,4055.029138016223,3978.0956840049616,4045.94677734375,5950982,466.46938873253174,469.9646634900363,460.07803527122735,460.32769775390625,38314237.0,616.8802946494912,621.0227999623544,611.6897039335456,617.6788330078125,34760601,10118.624120978544,10278.265868121323,10098.63474104773,10166.5986328125,2707895
2023-12-13,2481.0503957544984,2511.5203120301226,2466.0651910287816,2491.5400390625,18312047,4050.22039411001,4079.0703140957835,4021.3702301977282,4058.7685546875,3358221,458.3803284563388,463.12391573339244,455.983574664261,459.22918701171875,69403048.0,617.7787192835503,622.1707109363034,613.985555273779,616.081787109375,18329694,10206.577908069657,10492.426055514617,10104.632065274602,10384.4833984375,2683892
2023-12-14,2502.0299353221108,2531.0013340541295,2491.040784078931,2517.5146484375,28363345,4073.193792493903,4099.372719776762,3997.8634249193688,4020.83642578125,5879714,461.3762372015636,470.5138773625533,456.4329081838539,465.2709655761719,52321651.0,612.8875290308185,623.5681545066606,608.0962380571855,615.183349609375,45633145,10526.406439192659,10684.322525158519,10322.514783894967,10462.4404296875,5495627
2023-12-15,2531.0016615803224,2549.4834183354974,2493.039134191314,2500.53173828125,25836004,4022.4390687076593,4029.384388534484,3995.1917445543986,4012.822265625,8221526,469.465302760324,471.3128110866782,456.18324140782136,457.2318420410156,96522587.0,614.7840675851223,617.3793322433196,606.5989130810576,607.8965454101562,66718603,10356.498350600701,10424.46224635836,10134.616220333055,10180.591796875,5082046
2023-12-18,2497.5345357459596,2547.590103399392,2482.5493285314838,2534.498046875,7274796,4004.808687298935,4037.3984912473456,3980.7670446436505,4022.439208984375,4452460,457.531460144425,468.16707582248324,454.4855900430823,464.57196044921875,33098312.0,607.2978270742843,614.0854957874451,604.2034065807051,611.6898193359375,17678793,10214.573192397524,10376.48717059404,10118.624168281069,10350.5009765625,1600437
2023-12-19,2515.0173299033618,2549.982814132405,2497.53458778884,2539.99267578125,23359137,4027.7820100008626,4052.8922967895573,3997.8636870083637,4020.302490234375,5655727,461.57602369541183,467.3681812727709,459.0294480116243,463.0240478515625,53598202.0,611.2903918052639,615.2831440419421,607.7967335981704,611.9890747070312,29300414,10350.499571467839,10418.463454324135,10266.544186763002,10340.5048828125,2158756
2023-12-20,2562.470126589894,2656.527168374383,2558.474071811586,2578.454345703125,15147039,4055.0290409359936,4079.604882860182,4017.0965139541604,4048.617919921875,10313669,468.56654882314564,474.15896392444535,460.2278159996475,466.3695068359375,42991600.0,619.575403419856,624.8657884856995,608.3956838371147,618.2777709960938,62285389,10406.470851789036,10554.392258441434,10276.539886486253,10478.4326171875,3950260
2023-12-21,2553.4792576902864,2573.4595335720574,2542.4901059553126,2554.478271484375,13029100,4035.7955769029377,4073.193659919523,4024.5761763906144,4037.9326171875,4384820,465.87020692390666,469.2156903893754,460.36666064086614,465.62054443359375,33563181.0,618.1778563203582,623.7447774769312,614.185104061322,621.3720703125,21034187,10430.458909082776,10546.397317807729,10362.495014312977,10474.435546875,2224399
2023-12-22,2556.9761408068807,2574.9583914552586,2552.4805781447863,2563.96923828125,3698032,4035.261312559729,4051.2889924715055,4027.7815497214515,4046.480712890625,878475,467.0685998838418,469.16574042503106,465.6205452469461,466.56927490234375,13038240.0,622.3702789505026,627.7605190482084,621.0726466083338,626.6624755859375,10833490,10344.503677736622,10448.448448991174,10344.503677736622,10430.4580078125,651734
2023-12-27,2564.968397113639,2582.9506487779217,2548.48466642138,2553.479736328125,5772822,4037.398820583437,4071.057025475769,4025.110776740584,4047.015380859375,1418865,468.2669615536102,471.4626536257491,463.7231164125291,466.56927490234375,28098605.0,627.0617047231393,635.4454724542791,622.969097427546,630.355712890625,16151929,10466.439889461437,10616.360246930803,10422.463251270421,10522.41015625,1044256
2023-12-28,2545.987065287935,2563.0251800049846,2535.4974187564367,2546.486572265625,5805909,4056.63194850052,4078.0021083038037,4044.3439053742404,4073.728271484375,1438864,465.52065959857237,467.7177016390138,463.4234886465832,464.57196044921875,20417183.0,630.0563277293388,632.5517979271541,628.159746009173,630.45556640625,9952106,10558.390076041469,10706.31148187772,10344.50371895392,10568.384765625,708410
2023-12-29,2539.4934441382707,2568.96435546875,2519.0136582984455,2568.96435546875,3288599,4074.797155531615,4084.413960319879,4039.0019079613257,4060.3720703125,961298,464.1725073241025,465.52069091796875,459.52879092423393,465.52069091796875,7867412.0,631.5535355989772,634.3484497070312,630.9545862671782,634.3484497070312,5844099,10520.409420142983,10656.337187684258,10300.526266767394,10594.3701171875,455940
2024-01-02,2579.453795189951,2591.941468481924,2559.973024854473,2572.960205078125,8129974,4066.2482885588593,4094.0300558334006,4056.63172936319,4086.55029296875,4431933,468.1670936182331,472.06185288127756,467.6058711086947,470.3641357421875,33328827.0,631.553631013054,633.5500072382101,624.8657584738675,629.3576049804688,39992864,10626.354321642102,10832.244933968877,10528.406360438103,10782.271484375,1688733
2024-01-03,2569.963087500452,2597.9354748473957,2551.9808384917023,2590.44287109375,13649356,4111.660938818003,4197.142068789217,4111.660938818003,4117.00341796875,6557788,469.6151794765914,472.56120927364213,464.4221870983129,471.3128967285156,45614156.0,632.9510950894552,635.2469766232397,623.4683074615366,624.2669067382812,26407890,10680.325549930167,10804.259703794227,10620.357410963687,10734.296875,2972338
2024-01-04,2607.426120760262,2629.4044252264407,2591.94140625,2591.94140625,11815892,4094.0298481944137,4106.8520890893415,4079.6045222794833,4105.783203125,9744895,477.3546665239999,480.75007019061064,472.8108215332031,472.8108215332031,42735951.0,626.0636189042815,631.453798351269,621.5717722361738,631.35400390625,26385924,10762.281451353092,10896.210288136275,10740.2931348663,10858.23046875,1896074
2024-01-05,2574.4589273993583,2595.9377271428916,2563.469774042201,2568.46484375,20044598,4099.373093900338,4108.455455252601,4077.468245326602,4091.359130859375,4199792,468.56658034354473,476.3560379560481,466.6691210104156,473.2102966308594,24320784.0,629.8566872756949,634.448328137989,626.8621229938769,633.1506958007812,56358956,10750.288171447992,10836.242502309327,10708.310474980828,10752.287109375,1161094
2024-01-08,2540.9914339571674,2541.490940824468,2486.045678554123,2488.543212890625,23073449,4090.2898845907216,4098.303602521709,4067.8510841015254,4094.564208984375,10677207,468.217029817707,470.91336636615705,458.6299843116704,460.8270263671875,55325731.0,629.0581617324904,642.0346072166518,629.0581617324904,638.8403930664062,21200929,10710.310008369499,10766.2802734375,10670.331247606642,10766.2802734375,1921363
2024-01-09,2496.035964049432,2508.0212027779608,2478.55322265625,2478.55322265625,20183458,4094.5648306252924,4129.2916787113945,4086.016424466677,4124.4833984375,2882308,464.4720955830313,468.2669531840379,458.7298583984375,458.7298583984375,40706060.0,637.6425383900967,639.1398205220041,633.350341796875,633.350341796875,48042479,10828.24801659816,10912.203419348229,10808.258634991,10896.2119140625,3005457
2024-01-10,2478.5531426559305,2484.0477183450107,2445.086181640625,2445.086181640625,14059415,4127.687966714888,4131.962047182023,4091.8927257475266,4094.564208984375,4060223,457.1819543783099,461.6758793445831,454.38574658984714,455.83380126953125,37881695.0,632.2523710491205,634.3485417030173,628.5590628700274,629.5572509765625,19739089,10824.25005554759,10920.199086510895,10804.260674096904,10894.212890625,1411866
2024-01-11,2450.5807282012233,2475.0565650707426,2441.359850802776,2442.089111328125,17775114,4094.030202360869,4095.632799666491,4053.960635116254,4055.563232421875,3467757,456.38303019788856,459.32905976061437,452.98762644048844,453.5868225097656,58744356.0,631.2541235582387,632.7514055771866,610.2921752929688,610.2921752929688,69070482,10922.196983206371,11016.14706706631,10710.309560032894,10824.2490234375,2156932
2024-01-12,2461.5700394910605,2492.0399608402804,2452.0794082511397,2458.572998046875,10776134,4087.6183686418667,4127.687687364583,4078.536009245505,4108.98876953125,5162396,457.1320111222009,461.52606477337577,453.536865234375,453.536865234375,52003173.0,614.9837584254378,616.9801349318337,608.6951846152058,608.99462890625,22011630,10832.245165557102,10882.218616219388,10808.257909239206,10856.232421875,1212597
2024-01-15,2464.5670712850924,2475.5562232040775,2446.58482269039,2457.573974609375,5304073,4091.3586186427665,4119.827283323322,4065.1799361747126,4078.536376953125,2669358,454.9349729184875,457.7811313736814,450.59087001339884,452.388427734375,18140591.0,598.0144560566584,611.3902007364744,590.6279007984183,595.3193969726562,32884376,10818.252173418494,10894.211815434368,10798.262793940634,10846.2373046875,2283608
2024-01-16,2450.081625217727,2467.0648617635784,2430.1013469284894,2433.098388671875,11502636,4078.5362486911104,4091.358489977518,4060.371284905442,4075.33056640625,3038280,450.1913866426963,458.080745652864,447.5949211458784,451.6893615722656,59228159.0,594.5208534175293,595.3194526982037,587.6333915559982,592.4246826171875,25433948,10708.310569807616,10760.282956370058,10472.435892331921,10640.3466796875,2913853
2024-01-17,2396.134818846322,2397.1338327378567,2351.6787006730215,2376.154541015625,12812338,4049.6864266593834,4055.53139435171,3998.130357613293,4018.699462890625,3172796,448.39379515376777,449.8418496671977,441.6029881749514,447.89447021484375,31448085.0,584.9382608169157,586.6351928710938,580.64606392075,586.6351928710938,24131792,10494.424450746697,10564.387280418343,10354.498791403408,10440.453125,2279952
2024-01-18,2371.658935546875,2389.842890462483,2367.6628800531143,2371.658935546875,14093640,4003.7400157201514,4011.2197787598757,3962.284702368953,3962.60205078125,9879304,446.24673398921436,448.1940830960098,442.30205451617235,443.6502380371094,41131760.0,588.5316181602597,592.724019929002,584.9381657439435,588.4318237304688,56327281,10360.495981415357,10428.45987556317,10336.508724657304,10426.4609375,4541622
2024-01-19,2385.1455891240475,2397.133755435875,2368.162353515625,2368.162353515625,20216636,3982.903958626186,4006.9456005188517,3934.820430914334,3965.2734375,6351411,446.99567761002436,449.04289760581327,444.99837791603534,445.1980895996094,37796850.0,590.9273148494877,593.0234853465275,586.3356742728472,587.3338623046875,24400575,10452.44744536157,10648.343381419216,10452.44744536157,10502.4208984375,2568801
2024-01-22,2366.1642393378315,2378.6519121230217,2342.687414501674,2359.171142578125,14480930,3978.0956056479276,3978.0956056479276,3932.683559253512,3947.108642578125,4968789,444.29934311162333,448.09423109173184,440.4545348260882,445.4477844238281,49223741.0,587.0343720469652,598.6133900647792,587.0343720469652,596.117919921875,61548584,10462.441732324127,10898.210226333806,10446.450227956799,10584.376953125,4529556
2024-01-23,2379.151064465458,2388.6416943677978,2359.6702978238136,2373.156982421875,23836598,3947.642719897117,4009.144646299889,3936.9575184912183,3990.917724609375,10137337,450.39116966596106,452.7879236753375,447.64488204604663,450.5909118652344,73316873.0,595.818384322115,601.4082122152063,593.223059216744,597.7149047851562,65414910,10578.381094826349,10620.358797583596,10364.494704587041,10446.451171875,3506309
2024-01-24,2369.6611989018497,2384.1469018462326,2358.4432668365216,2376.654296875,13059828,3982.904188285014,4006.945831563948,3957.259703740408,3979.164306640625,5021296,448.3439012301356,452.58816346071416,447.3452512935289,452.3385009765625,32364493.0,600.6098626674546,606.0000424873251,599.4120246215144,603.8040771484375,27986792,10502.419564655274,10530.404694823752,10392.477981850547,10448.4482421875,1801745
2024-01-25,2389.141596763416,2409.6213804697304,2385.1455414060865,2388.64208984375,18481662,3964.2048697616974,3987.1778699942374,3948.1769455816193,3983.438232421875,3156618,453.4370050327757,459.9781805982256,453.4370050327757,455.03485107421875,35277281.0,605.401153926642,607.8966244704451,601.408401056557,603.8040771484375,16358428,10426.459669314701,10468.437363535486,10356.496845613396,10442.451171875,1237869
2024-01-26,2423.108192483102,2437.9794996052915,2420.6106577557434,2427.104248046875,19249757,4019.768120359004,4085.482177734375,4016.5626815225864,4085.482177734375,4723583,460.3775930521715,464.4221128613204,460.3775930521715,461.07666015625,62851396.0,609.6933033922587,618.1779025775992,609.3938591353369,615.7822875976562,49109073,10520.411010024534,10654.339860047648,10516.092991480762,10540.400390625,2343648
2024-01-29,2454.077104528032,2472.05935076516,2442.088940369947,2449.58154296875,17512786,4062.508834524084,4095.6330839640614,4059.505366945109,4088.1533203125,3995997,469.31559511299884,471.01328188295986,464.1725230628859,465.1711730957031,41911027.0,617.8785175836647,621.0727321211931,615.8821411132812,615.8821411132812,22053588,10544.396279599972,10608.36228546674,10506.416463616579,10562.38671875,1795640
2024-01-30,2452.0797745774807,2472.5595608389754,2444.587169847666,2471.560546875,8929539,4097.235999841836,4146.922377863715,4095.633402300407,4119.6748046875,4180519,465.37089358878245,470.06456071467153,464.7217771930009,468.0672607421875,37940033.0,616.0817104713996,621.272300801306,613.386590403509,620.074462890625,18308073,10572.383154195399,10676.327930905205,10556.391650086198,10580.37890625,1999073
2024-01-31,2477.5543714241926,2479.052892213361,2444.5869140625,2444.5869140625,13688507,4127.688119375839,4160.2781670879585,4110.591796875,4110.591796875,4068460,470.61375990344715,471.26287623562496,461.8256530761719,461.8256530761719,47790959.0,616.8802452148074,624.1670061529816,616.1815013605568,617.0798950195312,41490462,10604.366397879465,10648.343035156251,10494.4248046875,10494.4248046875,2715037
2024-02-01,2477.554447451117,2530.502183626484,2467.064801605054,2503.52880859375,28001858,4137.840016089354,4147.990776224668,4089.7564795354697,4119.6748046875,3848080,465.3708042753316,469.56514560312627,463.2736336114342,465.0212707519531,61323779.0,614.6841698136914,620.773153283322,608.3457002639137,610.092529296875,52940246,10542.398271212847,10560.388711948706,10386.481118168744,10424.4609375,2269904
2024-02-02,2491.540802255083,2499.5329138902234,2458.5733417601277,2469.06298828125,21342874,4157.607457180409,4167.216700615605,4119.674923593559,4129.826171875,4821959,461.57605512725985,461.57605512725985,454.1361002281866,458.0807800292969,49932383.0,615.9818077364774,616.8802013315425,610.3919791492527,612.9872436523438,48044233,10490.42483108108,10504.547208512151,10354.4970703125,10354.4970703125,2943228
2024-02-05,2470.061753202382,2485.5464679342876,2461.5701354461758,2468.563232421875,56024537,4141.044256710804,4198.744584846853,4138.907460481405,4186.45654296875,5185977,456.38302366541956,459.12931100695107,450.3412037046013,453.536865234375,80116015.0,619.5754684330493,621.7215366486166,616.3812537992955,618.0781860351562,99168504,10354.4970703125,10426.458826013513,10300.52575353674,10354.4970703125,1682816
2024-02-06,2483.049105566445,2502.2601237933573,2477.554528990056,2486.545654296875,21017786,4198.210752072381,4243.622554439367,4190.196789806898,4230.26611328125,6534054,474.4086163063868,484.89444011276055,473.90929136322615,478.3033752441406,82162539.0,624.9654639674397,632.7513788770766,624.7668499059245,630.8547973632812,38617671,10366.493236558406,10538.401917303492,10308.524030260643,10528.4072265625,1552211
2024-02-07,2477.0548501780813,2493.5385787636587,2458.073586958326,2468.563232421875,22136288,4216.910442966876,4229.198488163312,4163.48466856827,4168.8271484375,7696732,477.8040673278275,482.6474950679837,473.6596457708043,473.9592590332031,38147418.0,628.6588020768003,632.0526657106608,624.7659053580843,626.0635375976562,19790120,10598.369152168732,10646.343663608199,10484.4296875,10484.4296875,2075810
2024-02-08,2470.561088249571,2490.541363932948,2442.588702292843,2476.0556640625,11570355,4278.883989154696,4343.529404437133,4269.801627851299,4300.25439453125,7727925,473.9592588711735,480.00107870610566,467.6677460794726,475.6070251464844,56004480.0,624.5663772889714,625.8640097814344,615.5826833686638,616.5808715820312,22450255,10398.474645761224,10484.428972898428,9694.848525940395,9817.783203125,6500972
2024-02-09,2477.5547581658293,2506.526164612123,2474.5577161196607,2485.04736328125,12166053,4282.62363190529,4302.925637842486,4256.979146885595,4279.9521484375,5087466,476.6056850269648,484.34522208083376,476.285104010593,477.8040771484375,36801010.0,617.7786841058921,618.3775726393463,606.9982031071474,608.3956909179688,20501792,9885.747369554221,9977.69851281567,9716.837117258734,9755.81640625,5562493
2024-02-12,2484.547688084646,2508.1393927050553,2471.9131860040848,2493.039306640625,6934746,4281.021520776439,4286.898199649355,4248.965666934363,4266.59619140625,5123935,475.557122012711,482.1981381356575,474.05914707626994,478.802734375,34478010.0,606.4990692320558,609.9927276053386,600.609795957548,607.2976684570312,24285482,9694.84941141064,9728.831357801153,9455.976317665574,9495.955078125,4460371
2024-02-13,2496.535298407832,2515.513632382019,2474.5569964610645,2486.045654296875,13188617,4276.74745899932,4288.500816798867,4247.3630887941745,4266.06201171875,6295403,479.4019387780207,486.2926484245832,477.10505588008687,479.10235595703125,64524012.0,606.798595067434,614.7841001925876,605.9002013710266,609.3938598632812,20597163,9580.908802693686,9664.864189656577,9544.927922566732,9594.9013671875,2232817
2024-02-14,2492.539818627221,2512.0715658340846,2488.044255828094,2495.037353515625,18969613,4276.747222797488,4302.048748693724,4255.911016426313,4259.11669921875,2263592,480.10092084630463,483.69606644245687,474.109021678176,475.8566589355469,83053311.0,617.0799081173684,624.6661134613663,616.5808140572484,619.5753784179688,23022225,9643.875767270414,9730.829564736734,9535.933122139808,9718.8359375,6274728
2024-02-15,2463.833692278181,2479.3200759887695,2423.369270324707,2461.83544921875,10042426,4259.651092906087,4273.5417351701935,4230.150126083032,4253.7744140625,3458228,468.3728312186996,470.5201789150139,461.13175447716316,468.1730651855469,47956226.0,623.867523120013,627.7604808341069,622.3702410645249,625.464599609375,24051853,9723.833735215405,9861.76045486385,9668.862941152618,9820.7822265625,2047764
2024-02-16,2483.816059935986,2503.2989292717666,2477.8213309095913,2494.806396484375,27305002,4258.048073740126,4317.351013691877,4256.979675361607,4305.59716796875,5169694,471.4689936513334,475.31426120798056,468.47268601966294,471.4190673828125,68994296.0,628.3593803670308,638.4410553486064,626.4627986934763,637.6425170898438,29084164,9894.741713053547,10106.629111353279,9843.768801198421,10088.638671875,2703767
2024-02-19,2486.8130807587595,2509.7928721840112,2481.3179132440255,2505.79638671875,17068719,4295.445284801926,4336.583490152435,4290.637005502376,4323.2265625,5690682,468.97209853949767,476.1133232040588,468.17309531550023,474.21563720703125,42919187.0,633.050887846203,639.0400162819767,631.054511700945,637.0436401367188,21133312,10332.510255499796,10492.425291375204,10288.533620634058,10412.4677734375,1881311
2024-02-20,2501.3003460555983,2517.9307407484753,2474.3240691059273,2485.81396484375,17859865,4332.309628051331,4345.131869446787,4310.9392257255695,4330.70654296875,2438661,474.665104566288,475.2144154831943,465.2766793463044,465.9757995605469,74569340.0,635.0473993578056,642.9330502577363,634.8477495158096,642.6336059570312,34980834,10364.492898579907,10422.858370865993,10198.5810546875,10198.5810546875,2386943
2024-02-21,2482.3170346103407,2508.294190134538,2476.8218670956066,2505.79638671875,10394137,4344.598102133871,4358.4887430628,4315.4913234402775,4332.31005859375,2192675,465.87589444618385,470.6200480332936,464.128048387775,469.8210144042969,21160072.0,611.8892991129412,614.9836578218262,583.3411441114297,588.7313232421875,88244747,10120.622019077287,10174.593339344932,10062.65282323426,10096.634765625,1580412
2024-02-22,2517.7859907989227,2527.2776443356647,2498.3031230129786,2504.2978515625,13411266,4290.508442271523,4303.807597045999,4255.7783177461915,4274.47900390625,12664189,470.37042545619113,472.91727504106706,464.82723741848923,467.6238098144531,28685711.0,597.0163204729129,599.4119964522088,586.7349945005285,589.4301147460938,77946571,10026.22198659046,10032.2197265625,9818.300334226471,10032.2197265625,8891048
2024-02-23,2500.8006857081996,2515.287944974188,2466.3309998684344,2491.80859375,16289375,4278.754674609585,4295.852616833367,4258.985483850383,4276.61767578125,5440080,467.12437350808,469.7711058287701,460.0331059937654,465.5263366699219,38609321.0,595.1197318647133,600.0108167900672,594.2213382434422,596.117919921875,47054556,10004.230245535715,10250.137583705358,9994.234012276786,10216.150390625,4911338
2024-02-26,2484.814848315593,2488.811333797403,2451.0686458945393,2468.329345703125,38889651,4274.479563054946,4283.028532914839,4252.03863914753,4270.205078125,4555284,461.5811578135664,467.20822590198867,461.03184697160043,465.7260437011719,51036423.0,599.2122459119283,599.561648267654,591.62604146027,594.62060546875,89084463,10218.149748535632,10356.097769010874,10218.149748535632,10250.1376953125,5309043
2024-02-27,2465.8317363269407,2487.8124082066784,2463.8334934287827,2471.326904296875,15943347,4210.362803029234,4227.46074483602,4165.480949736051,4184.181640625,3982641,464.1779936353259,468.7223813810074,464.078110617615,465.6761474609375,26874287.0,597.9147295131514,603.8040642404555,597.4156354150604,601.30859375,60013567,10242.140264935128,10341.570568213252,10210.152319543959,10324.109375,6762881
2024-02-28,2467.8298861477815,2477.3215395560424,2450.7857920316014,2457.339111328125,14404397,4170.289278472329,4173.495264223482,4125.941679195032,4146.2451171875,3769434,464.87713490317185,465.8759041001021,461.0508259695588,461.7309875488281,44063707.0,604.3031437820323,612.2886491591345,600.8094851795502,608.3956909179688,52420210,10314.11404216294,10340.104250061395,10176.166015625,10176.166015625,2604518
2024-02-29,2444.3505337706997,2468.829008357817,2442.8518516531212,2454.84130859375,26817847,4144.6423025583645,4161.907103957223,4130.99283429593,4131.81884765625,6857097,460.4326752568093,463.37905706271744,458.4351365355217,460.133056640625,82613316.0,605.5009464516909,619.3757870009122,605.1017077206972,613.3866577148438,56956110,10198.157755293374,10198.157755293374,9978.24256338123,9979.240234375,4557961
2024-03-01,2472.326163653788,2494.8063975120263,2464.832752367709,2492.30859375,18744276,4149.451317065739,4168.686744666065,4128.078890787178,4133.42236328125,2847021,464.9270640225992,471.2692545580087,463.22914418539705,471.0694885253906,28020852.0,616.680761172759,623.6481574056785,611.5900248690342,611.6898193359375,25741180,10042.216905188183,10110.603252120813,9997.227993994857,10076.2041015625,2743747
2024-03-04,2491.808948178089,2501.8001628861,2457.2243682233525,2458.33837890625,21115815,4145.176553154707,4148.916788489427,4122.735629045597,4128.07861328125,2422833,474.41544464257504,478.95983302556357,468.7724038707256,469.1719055175781,28926170.0,607.9963513920342,612.5870175197346,603.4047104712608,607.2976684570312,29293343,10104.19246582906,10124.184932124726,9996.957484257831,10042.2158203125,2098271
2024-03-05,2442.8520477948205,2455.341066444078,2425.3674216858594,2450.345458984375,17048578,4136.09375,4144.108471109994,4121.666568943049,4136.09375,2730334,467.9732903673288,470.86974539358323,466.2254442901143,470.3204040527344,38759663.0,603.3050046026824,610.491911286047,599.41204604538,608.99462890625,50278186,10086.19969235191,10158.172574200207,10008.229070349584,10108.19140625,1476068
2024-03-06,2449.3462271664503,2497.304056619434,2441.8528163144215,2486.313720703125,28106873,4130.215472544824,4138.230191630879,4091.2106201691554,4121.66650390625,5117879,470.3203935574639,479.7587743558098,469.9708182538185,478.310546875,60267530.0,606.998155346396,612.5880452252778,602.3067200461439,610.89111328125,45095839,10096.195730476455,10154.17388417622,10004.23038322855,10136.1806640625,1953799
2024-03-07,2472.8259729820334,2484.8154322449764,2458.8382705085996,2479.81982421875,16960453,4111.515421000282,4121.667628966718,4092.814729960991,4098.15771484375,3591000,477.41172364798564,478.31060991868287,473.86610483800547,475.464111328125,45702232.0,585.5750193709466,593.4039551587381,582.7789099260208,589.8689575195312,43620401,10128.183924678156,10246.139481637496,10078.202756475046,10230.1455078125,2649188
2024-03-08,2483.8161689267376,2505.796842988036,2466.831102606643,2468.829345703125,14830911,4098.156180189214,4102.43066407459,4074.112513270901,4098.6904296875,2565378,476.3130622728726,479.70887171986345,471.3691726379949,471.51898193359375,28931120.0,588.8704298117673,589.2698305273345,578.884497683195,579.084228515625,43793152,10210.153377396773,10254.136806866663,10138.18049280968,10192.16015625,1607116
2024-03-11,2457.838619344034,2473.8245615836704,2449.8456482242163,2470.32763671875,9689786,4091.2116603319973,4122.736051188993,4091.2116603319973,4117.39306640625,3758664,469.67124868648904,472.5676734702105,467.0245162199853,471.1194763183594,35867890.0,577.6861429204253,580.1826258198221,572.0940456054922,574.9899291992188,51557214,10194.159358178827,10446.064453125,10194.159358178827,10446.064453125,8877859
2024-03-12,2489.81078896238,2516.7870695811534,2484.8151814403845,2494.806396484375,12187000,4145.711075051752,4163.343265716821,4140.368090465207,4152.123046875,4193365,473.41659979794287,479.8586733163141,473.41659979794287,476.86236572265625,31190073.0,584.376803668585,593.4639781994204,583.2783144834451,591.766357421875,55525865,10494.045983966258,10530.03242475715,10426.071595805684,10432.0693359375,3246477
2024-03-13,2490.8098499513167,2529.2760269361243,2486.3138032907545,2525.279541015625,18555468,4150.520499110298,4174.564174865152,4144.108526976162,4172.96142578125,4278117,478.3105777776272,486.20084859246447,476.21315630026083,484.403076171875,42579563.0,591.7662447390538,597.757803319399,588.470899709721,588.870361328125,35428913,10430.069587501794,10512.038698693585,10344.101983081135,10454.060546875,4183231
2024-03-14,2527.2777312679304,2545.7614782647506,2517.7860774046985,2535.770263671875,21882474,4167.083571539592,4178.838528147533,4135.024199782188,4151.5888671875,6071039,484.4030957903181,489.4468684101478,483.25451722620056,489.3969421386719,35567441.0,589.369838050239,589.7193213612172,583.1785467679783,585.5751953125,44407570,10476.052652134205,10486.048885580898,10384.08730442463,10398.08203125,2846632
2024-03-15,2547.7599127703797,2557.856016361599,2541.7651835638612,2546.26123046875,33727529,4142.504536083596,4153.190502571447,4107.774413149402,4115.25439453125,10108004,491.0449153781032,494.39079859591794,489.79645376548723,490.3957214355469,90759376.0,585.3753644994781,597.2585873848394,584.0772054883773,597.1587524414062,144608653,10386.08689110465,10484.049982089082,10282.126059855864,10290.123046875,5253583
2024-03-18,2555.2533677676024,2571.239312590391,2546.8466965888215,2558.250732421875,16264114,4113.652283692177,4120.063766999076,4070.10606088958,4073.044677734375,9368053,492.74276680415943,495.83895726865404,490.54546247967534,492.69281005859375,25477960.0,595.9604717961362,606.1461356895098,595.5610710440087,601.6524658203125,37891932,10336.106171039844,10336.106171039844,10236.143828960156,10286.125,3885042
2024-03-19,2567.2424726287677,2596.216993627497,2556.7516977844,2591.720947265625,11083889,4252.572978599674,4316.156004263032,4188.9899529363165,4198.60791015625,7794095,494.3907802003075,498.33593094138814,491.99374008927947,497.68670654296875,41509699.0,599.1558744083012,604.8378717219114,598.956143593641,602.0518188476562,23063736,10232.145424936449,10244.140906091123,10158.173291149296,10224.1484375,1773910
2024-03-20,2585.726219582047,2591.720948066395,2574.2363233203805,2589.22314453125,25023460,4184.715626448336,4184.715626448336,4129.6820566397855,4137.69677734375,4040830,495.53934248398167,496.78780400917566,490.99495472428276,493.04241943359375,38050619.0,600.0546705018469,607.1446577504664,598.1573190666602,604.54833984375,34999580,10214.151536673553,10232.144757231405,10150.17564135675,10160.171875,1102531
2024-03-21,2599.7139098410976,2630.686673563263,2594.7183027891356,2619.19677734375,27803191,4141.97124689869,4189.524838984988,4128.079290447486,4175.0986328125,5442494,496.7878342849862,498.88525587113907,494.3408678344909,496.03875732421875,51406366.0,608.6425398448247,623.1221408747672,607.9435124328314,620.2261962890625,46221272,10162.169996606193,10442.064507628202,10162.169996606193,10424.0712890625,1835813
2024-03-22,2620.196090048932,2640.6780804573223,2615.2004826322514,2629.687744140625,10605796,4200.7446184357095,4266.998887721382,4192.195648985999,4249.36669921875,10681882,495.938865871473,502.7894330318299,495.1897889234363,498.2360534667969,30594894.0,618.728342169541,628.8141703823509,618.5286722825755,624.0209350585938,31173104,10386.085443349313,10544.025914961361,10376.089210968803,10478.05078125,1243838
2024-03-25,2631.1863221746194,2653.666554659498,2631.1863221746194,2648.17138671875,10622000,4235.47496002442,4253.107149418706,4226.390764713752,4229.0634765625,3086884,499.68423000596795,506.9752636208729,499.3106973879816,505.27734375,33098744.0,621.6242920517683,624.5202368281931,618.9729977432596,623.7213134765625,20581329,10430.06989440272,10464.057087848158,10348.100780799019,10390.0849609375,1557853
2024-03-26,2643.1753903206313,2663.1578162538813,2637.180662540656,2644.674072265625,13828709,4204.484856158539,4249.366701847699,4195.935886703538,4238.146484375,5752964,504.5781923062928,504.72498406285894,497.2871591433144,499.184814453125,76471060.0,623.1221352127712,627.3162386973305,622.1235420473661,626.41748046875,19146886,10364.094504310346,10436.0673828125,10310.114845433729,10436.0673828125,1745893
2024-03-27,2618.697072405401,2629.7864413159223,2603.7102520749618,2610.7041015625,6453579,4219.980115470939,4245.627027221788,4201.2794252814965,4233.87255859375,5467539,495.03994925160157,495.6891431373916,488.79264301153995,492.1934509277344,36217347.0,620.6256825516864,621.2248141004181,611.6383436249523,614.1348266601562,21079290,10456.06031487095,10743.951841704873,10450.062574728578,10737.9541015625,2607662
2024-03-28,2621.694726190476,2634.2686308090574,2610.704390066964,2622.69384765625,11721252,4247.229840602162,4255.77881033326,4227.460165136798,4248.29833984375,3231798,494.840212485079,498.1361386540917,492.6928343204011,495.08990478515625,36119907.0,617.9294805892582,626.6172539090109,617.1306181924601,618.1292114257812,31683472,10751.950123428429,10775.941086887175,10669.98099827771,10673.9794921875,1759110
2024-04-02,2660.660238379014,2722.605764019081,2650.1694638754543,2714.61279296875,19834937,4248.832882165367,4252.038868010187,4200.209820633923,4205.01953125,4047974,503.47956806735743,511.07022020776145,502.18114979806785,507.9740295410156,87644567.0,628.3150177816403,631.5105290463488,618.5288140547832,620.5260009765625,25424009,10805.929262210899,10809.927755924946,10558.022651940011,10600.0068359375,1901480
2024-04-03,2736.5934059372157,2748.0833015809826,2710.116689888535,2745.0859375,23986290,4188.989615484361,4196.470085641968,4145.17626953125,4145.17626953125,5989450,510.07145071582,511.2699554868041,504.67807256632994,510.9703369140625,66997272.0,619.627034416634,630.2120971679688,617.8295789804642,630.2120971679688,28446283,10516.038277699536,10588.01116325033,10413.689140525421,10558.0224609375,2136096
2024-04-04,2743.587590660614,2797.5401507100214,2732.5972543542534,2761.57177734375,18581660,4145.176760488114,4155.863217393145,4125.269495974621,4137.69677734375,3527324,511.36984180812306,512.1688449939411,504.7779588450617,508.2736511230469,46518238.0,633.6074789893826,643.4935775093629,632.2094239231608,640.79736328125,30442640,10562.020088843901,10839.91537416461,10558.021595529934,10731.9560546875,2019893
2024-04-05,2760.572552621965,2783.052785135173,2754.0782632292603,2777.5576171875,16453629,4127.009840903294,4132.181084275233,4091.7454642227617,4100.29443359375,4482994,508.3735057858879,510.3710441190348,504.27854610693356,505.4770812988281,66027941.0,635.2050881280372,640.8970813606466,633.1080668604236,640.4976806640625,57354782,10582.012806026365,10647.987947269303,10536.030131826743,10616.0,2609662
2024-04-08,2779.0563840777972,2823.017728999395,2771.3461226718427,2811.52783203125,19999951,4099.226289269865,4104.569273614485,4073.5791349870215,4078.92236328125,3402604,504.67811605280383,513.1676551188654,503.27984512616246,509.2724609375,59384259.0,638.8001481244808,645.0912737435755,636.7030656185837,643.5933837890625,17801945,10584.012192212535,10643.989594132892,10500.043829524033,10606.00390625,1444515
2024-04-09,2810.0291928660013,2844.998445043889,2807.531389139009,2826.01513671875,20725997,4068.236323155581,4088.540006055563,4045.7951536875803,4083.197021484375,5106771,513.3673359582626,519.6595693237216,512.7680988606114,515.964111328125,57845460.0,643.293672211641,648.2866375952314,642.1951832576805,643.79296875,56964110,10588.010488653345,10709.964536955431,10544.027061396853,10703.966796875,1716381
2024-04-10,2846.9963810768804,2870.4757335791815,2841.001652778421,2866.479248046875,21922895,4092.8143177369475,4100.294788558946,4069.837923777585,4078.92236328125,10722721,519.0604287496348,522.8557399805992,515.464822615004,519.4598999023438,34307836.0,649.0856460721182,664.0645455968594,648.0870527704687,662.26708984375,53216145,10757.946708915219,10757.946708915219,10614.00094362217,10727.9580078125,1500522
2024-04-11,2871.974861291893,2895.9537782064886,2841.0020936105398,2854.490234375,15046402,4070.373464088736,4094.9518755611234,4055.412766133687,4074.64794921875,4423566,522.3562315720778,530.8457687964807,517.761918164059,519.3599243164062,36072573.0,658.6720998824586,661.967506449757,643.4935308602327,645.790283203125,39103496,10835.91704581737,11087.822128432312,10811.926085568328,10957.87109375,2698526
2024-04-12,2879.967798707759,2949.4067447650664,2879.967798707759,2934.419921875,10735186,4077.8537671733293,4089.6087234749907,4051.13835658711,4055.412841796875,4547380,529.3476268746715,540.3340870550893,527.4499411867698,538.4364013671875,57022457.0,646.5891105775024,659.171360781996,646.5891105775024,652.4808349609375,31007911,10977.862921835458,11179.806349407481,10955.871209553507,11059.83203125,2603424
2024-04-15,2898.950883164664,2909.4416583751513,2874.971968397836,2886.96142578125,17809474,4045.794961811698,4053.2754325961364,4015.8738105227703,4028.697265625,4674733,527.8495974145077,533.6424474079374,521.856981360606,526.6510620117188,45839250.0,652.0813112800585,658.8717323470224,649.085531902049,650.1839599609375,24347647,11025.846373360111,11075.827544590213,10927.883277749115,11019.8486328125,1392029
2024-04-16,2857.487362740342,2871.475063117393,2819.520747431205,2832.009765625,12566764,4012.66779772718,4036.1774652561467,3993.43261520348,4000.9130859375,4597104,521.0579219745606,522.3563097877619,511.2699651857465,514.9653930664062,40501558.0,641.5960726868116,641.5960726868116,629.6129553759295,630.811279296875,27235255,10877.900836981753,10961.869194848548,10817.92343850547,10873.90234375,1318970
2024-04-17,2830.5111765107554,2852.991409998751,2820.5199616272016,2843.499755859375,15235252,3997.7072067082986,4035.1088295259638,3985.9524946054707,3994.50146484375,8802618,512.6683086478953,519.4599282145291,511.36992065075196,516.1640014648438,41516392.0,632.1095852161542,640.8971944321427,630.3121293911817,635.2052001953125,19309290,10845.913699098635,10943.876790574364,10797.931776743175,10857.9091796875,2243525
2024-04-18,2836.506346281536,2852.492292579706,2815.524791765188,2839.004150390625,19792990,4011.599325488694,4056.481418346498,4004.1188547042557,4028.697265625,6284270,511.1700195834382,514.4659454626692,507.57447516246424,511.7693176269531,38651074.0,638.4005837693232,644.6917083768108,636.7029632373248,643.693115234375,56508011,10941.877596829472,11013.850480711413,10853.910738751545,10909.8896484375,2446630
2024-04-19,2834.5076605008385,2852.99140802261,2752.579698512446,2848.495361328125,9858971,4021.2169201797797,4090.67718217376,4016.9424350124696,4072.5107421875,6212930,510.17130600372315,515.3799143147659,503.9669764732409,514.2662963867188,50577770.0,634.605934861265,646.6888873687589,632.9083143484112,645.2908935546875,42777852,10909.889980322436,10949.874917028767,10759.946467673693,10941.8779296875,1407714
2024-04-22,2866.479429955576,2909.9412128775234,2860.984261999927,2904.446044921875,13320741,4118.461483973872,4154.794365253916,4102.432042044794,4151.5888671875,3208035,515.4647257164477,523.1552602408962,514.2662515235718,521.8568725585938,37823225.0,654.7776434415447,668.857784687338,652.3809951255678,665.5624389648438,25523717,11029.845009375,11301.742584375,10999.85630625,11245.763671875,3448159
2024-04-23,2904.4462452942844,2919.9326287831254,2885.462936501511,2892.456787109375,11082204,4176.1662361658555,4181.509708030695,4108.843467240555,4125.94140625,4407688,523.5547983589258,529.9468843152772,520.3587249007347,522.4561157226562,56993159.0,664.8632688615381,668.6579104235515,662.8660826763432,666.7606201171875,32647963,11245.763614154852,11357.721438580216,11215.774911183773,11263.7568359375,3561073
2024-04-24,2909.4416521542826,2919.432866619098,2898.4513162429857,2904.446044921875,22456375,4131.284598982325,4153.725523091435,4114.186659108868,4128.07861328125,4766132,528.5487310923534,530.7460357665625,524.6535063989808,524.953125,59957431.0,665.562387617037,667.4597391332471,661.3682838622997,662.6664428710938,21390323,11283.748713057172,11407.702012172966,11283.748713057172,11347.724609375,3596131
2024-04-25,2904.4461449008695,2916.935163411795,2881.9659115812033,2898.451416015625,11961757,4324.705066512427,4378.670136106463,4275.548243782054,4362.1064453125,11279964,522.6558533701448,528.9480864543509,519.3599275603251,525.6521606445312,65563155.0,661.5680036184008,662.9660584963303,656.7747683858165,660.9688720703125,26470399,11885.521924177303,12091.44433934808,11785.559586715763,12021.470703125,4952967
2024-04-26,2898.9509757889186,2911.0553227686237,2888.502155539787,2900.94921875,8894321,4381.342547961217,4430.498890373338,4378.136561658451,4416.60693359375,4566794,528.648452479536,533.3626741527711,521.6570690434869,524.1539916992188,26337593.0,662.1671462562273,664.8633601663652,660.1699597967613,662.6664428710938,15520886,12065.454470583865,12139.426602383634,11877.525270876346,11983.4853515625,2360260
2024-04-29,2896.4532763460497,2914.4374636431276,2884.4638181479977,2884.96337890625,4789618,4401.64551117525,4430.497917869082,4386.6845703125,4386.6845703125,3180783,524.1540987235583,527.1504065222372,522.3563262363585,522.6559448242188,22279994.0,665.462657287182,670.273873398057,665.462657287182,667.1602172851562,20180940,12249.384064878057,12483.295919878992,12013.472963253182,12019.470703125,3704143
2024-04-30,2888.959826118664,2901.448844907003,2860.48486328125,2860.48486328125,1679663,4393.097017644154,4436.9103699493235,4386.685045751119,4424.0869140625,231089,525.3525429867395,528.6484688020653,519.7594604492188,519.7594604492188,28971121.0,677.2459139808137,701.5117163198853,658.6720440681074,694.6213989257812,44382642,11945.498246850906,12139.425163996435,11881.522356658566,12057.4560546875,2553342
2024-05-01,2872.473742108516,2815.0242672663458,2812.026903361537,2816.52294921875,3437262,4426.223912760681,4416.6064428203745,4416.6064428203745,4424.0869140625,2961623,519.3600007284919,509.6719269844339,508.1737731361787,508.7730407714844,4659383.0,692.2247993412357,696.6255818988847,695.8197103823866,696.5187377929688,1752322,12189.40697572155,12151.421288902013,12151.421288902013,12165.416015625,264606
2024-05-02,2865.4804667105377,2891.9571865040625,2825.0160458940186,2870.47607421875,1095027,4432.6351777758955,4468.968053044891,4401.645286299546,4466.8310546875,3719836,507.87409771092126,519.759474627401,502.7803691010035,515.1651000976562,31294101.0,704.4077014249584,704.4077014249584,703.4450073117958,704.0082397460938,7966770,12109.437692806021,12253.383460328232,12043.46254935834,12151.421875,1961686
2024-05-03,2869.4766643071102,2887.960410229701,2843.499507875361,2855.988525390625,5653859,4449.733946903557,4475.380859375,4424.087034432114,4475.380859375,2185760,515.6645525585033,519.3600109825015,505.4771244772423,509.7718200683594,26147916.0,705.5060394092454,713.3949494384055,699.7142115020418,704.5074462890625,16832563,12087.44609666753,12173.41370866831,12005.476978248185,12045.4619140625,1642783
2024-05-07,2886.4620580169203,2909.44185287133,2878.968646651352,2892.456787109375,13614305,4460.419492249498,4511.713312313787,4460.419492249498,4501.02734375,3890870,505.7767061024607,514.865511726517,498.98508787790024,503.0800476074219,57493548.0,707.9027878694219,716.6903963858815,707.2027242580773,711.5975341796875,55817425,11961.492800289343,12157.418973518217,11961.492800289343,12113.435546875,2562233
2024-05-08,2896.952443702852,2903.4467326782164,2867.9779236589193,2888.95947265625,31072062,4514.919362589782,4552.321228896176,4507.43889174866,4519.19384765625,2760758,497.3870492300668,499.9838551814881,490.04608969663184,499.88397216796875,101765120.0,721.283839472355,723.4807566513546,716.9899010016185,719.7859497070312,31193174,12239.388392220117,12379.335662304306,11999.478786361506,12259.380859375,2091841
2024-05-09,2893.955609593581,2921.431452598526,2871.4753744077166,2905.945068359375,22289547,4521.330557953403,4558.732421875,4490.34066517228,4558.732421875,4225216,501.48201484881514,507.5745129850339,496.8377442256379,503.47955322265625,88510542.0,699.251438155726,724.4245021233095,690.1611938476562,690.1611938476562,24832537,12263.379572707185,12383.334377787463,12185.408949405004,12327.35546875,1329957
2024-05-10,2919.932268379662,2946.4089852700167,2888.459944528863,2943.41162109375,13034943,4556.594791267208,4588.653670156222,4526.673398657076,4582.24169921875,2933104,505.47711283071806,511.07022660843353,500.3833836674411,505.5769958496094,45039104.0,692.8581576904431,703.5706872002318,685.9655739489258,695.255615234375,21429600,12345.348353343523,12437.313701400819,12253.383005286227,12365.3408203125,1408187
2024-05-13,2937.4172864530133,2958.398838499106,2918.9335382219315,2934.419921875,7536239,4575.830487888264,4631.398791749523,4549.115079160536,4610.0263671875,3339170,504.57824504898474,508.673174652922,501.4820542303827,504.37847900390625,25990894.0,691.3598268406016,699.4512010832042,687.364104539035,698.4522705078125,18083633,12321.358315511345,12423.319904687247,12247.386182187653,12313.361328125,4031899
2024-05-14,2927.9254997014095,2952.403975982824,2897.4522945347508,2898.451416015625,41316273,4605.752450019082,4637.810846864304,4573.693565274597,4583.3115234375,6466879,506.9753194829233,510.17136306023394,500.6830543975552,501.68182373046875,65513117.0,700.0505444061922,707.242856839212,694.2567591853846,705.6445922851562,80125072,12319.357334792994,12401.326443966398,12215.396513402336,12241.38671875,6023670
2024-05-15,2922.4300454991667,2935.418623479163,2844.498577619189,2866.479248046875,7637008,4587.585447009264,4615.369355012319,4556.595065445359,4595.0654296875,2558339,503.3797207059813,506.4759115920418,492.0436832012216,496.3384094238281,28251819.0,708.2417658426326,712.5371550493942,700.3501900440211,700.9495849609375,15971090,12235.389424755587,12315.359290276865,12127.430106301861,12167.4150390625,1473536
2024-05-16,2846.764089045654,2849.761734629065,2796.8033293221433,2826.77978515625,31351272,4557.004527797006,4600.822301284228,4522.806063521563,4574.10400390625,2488535,491.15100678705625,499.39179528694973,485.00784915487793,488.753662109375,31637236.0,706.2438977112123,713.8357454910179,684.2674256466485,695.755126953125,35516089,12175.412695986766,12241.38783867438,12071.451865085073,12161.41796875,1649252
2024-05-17,2822.2836224601365,2832.27577548708,2795.8044169387367,2802.29931640625,25245178,4585.860799281173,4622.197436193507,4538.8372319460605,4612.57861328125,4947660,490.45178147997274,492.54944285387916,486.5561420618632,490.7514343261719,66722822.0,693.2578468268024,702.4480206790023,687.6638597706212,696.254638671875,27895752,12181.409849330357,12251.383482142857,12063.454296875001,12105.4384765625,1676789
2024-05-20,2822.2837190940954,2849.7621408590408,2783.813928623172,2801.7998046875,9161063,4615.784387217736,4649.983341572347,4578.379158906611,4579.4482421875,2703586,491.65042848733395,496.5449511184682,490.60158261269635,490.70147705078125,74139583.0,695.3555443858419,697.1536681851544,694.0569468406921,694.8560791015625,15407264,12085.4465956915,12151.421738397508,12009.475219242157,12091.4443359375,1582383
2024-05-21,2793.8056907102728,2818.7860706343636,2775.819817164928,2801.2998046875,17215410,4553.798725560214,4607.234344237359,4526.011833011385,4571.966796875,3350065,488.254216748381,493.6482117495162,485.0078455453106,490.2519836425781,74516350.0,693.0580038861668,699.0515871904056,688.0633511326346,696.953857421875,16019405,12145.42434183921,12435.315128599159,12061.455976019088,12359.34375,2178866
2024-05-22,2774.3211844813413,2786.8113752992836,2748.841195212739,2758.333740234375,24840671,4545.249691234787,4592.273257645832,4520.669068625052,4568.76123046875,5707309,481.21210238929126,493.19870379805405,476.5673004400964,481.16217041015625,48069299.0,696.953866179168,702.8185592260307,691.2589742564919,692.05908203125,19973504,12353.344503438511,12435.313612459548,12250.564877719324,12355.34375,1953010
2024-05-23,2758.333636017809,2782.3148014821913,2741.3469771472046,2770.32421875,17073225,4630.746164361909,4656.395380009255,4540.974397539273,4608.30322265625,6164701,479.31417221389637,485.9567402646994,476.16769581967384,482.0111389160156,35339546.0,695.4554992402059,699.4512216593166,687.863590061964,690.66064453125,16675622,12325.355025817025,12445.309819255634,12259.37988942579,12399.3271484375,1440381
2024-05-24,2751.8390748655643,2787.3112198030108,2733.853198559253,2769.824951171875,5380752,4565.555371869412,4636.090476397407,4534.562201268336,4591.2041015625,3924040,478.76481250048795,484.9079699393817,476.16773998721914,482.460693359375,30736913.0,688.5628562241244,696.4544324189886,683.0687378775416,692.6585083007812,15148768,12329.354829250875,12437.314154819149,12239.388724610646,12291.369140625,919468
2024-05-28,2780.3167901316083,2796.803843873629,2759.832874876371,2778.318359375,7716088,4571.966612772135,4618.990170009429,4532.424197990166,4548.455078125,2537782,487.70484209941884,490.25198269117567,479.5639481180648,486.45623779296875,96467106.0,692.258812482967,696.8538682355957,682.7689730622047,687.26416015625,20359945,12221.395151060286,12261.380085302264,11983.484792320523,12023.4697265625,2196897
2024-05-29,2796.8037194778467,2830.2774331622013,2761.3315751257696,2799.3017578125,11146569,4526.012360795602,4536.699778543131,4498.225952949608,4514.25634765625,5313301,488.65378848314646,494.84684748862185,486.905742472298,488.55389404296875,33714893.0,687.7636978985055,691.9592184892487,681.6702458054408,684.3673095703125,16614446,12047.46088740308,12089.445069055166,11874.767164022265,11925.5068359375,2028914
2024-05-30,2781.8156199722916,2816.288550607724,2770.824250784183,2794.805419921875,21291111,4509.982492738901,4565.555802863524,4483.264189221618,4551.662109375,5014454,484.4584395552591,491.50055519456885,481.5117213893058,484.7081604003906,59508416.0,680.9709771670381,693.357679569509,676.7754566073774,692.05908203125,23090714,12103.439595046453,12183.409463530408,11853.533756034098,12023.4697265625,1694793
2024-05-31,2795.3046875434184,2821.7838919115684,2792.307041765892,2809.293701171875,24113173,4545.249723706298,4579.448681340468,4518.531910040384,4573.0361328125,8331859,484.70816370700646,488.30414999813286,481.51172467411595,487.60491943359375,49747460.0,693.1578861960887,696.7540115451447,687.8635058629256,695.6552124023438,53598148,12031.46621269996,12209.39916267176,11949.497100915198,12185.408203125,4183291
2024-06-03,2840.768928290656,2854.2583340352653,2780.31640625,2780.31640625,14688170,4602.95947265625,4628.6086867132935,4592.272544104004,4602.95947265625,4134456,491.0510701467024,493.79799941061106,479.91352668246384,480.6626892089844,51535949.0,698.4523088563589,700.3502404718787,690.2730765621887,692.55859375,16041403,12299.36542959258,12375.336802532196,12083.446790711567,12341.349609375,2147969
2024-06-04,2738.3497948340096,2751.839202690335,2693.8847096779746,2720.863525390625,15059526,4643.570981769698,4690.594545912206,4612.578300116092,4667.0830078125,5022283,471.7726154966901,472.4718460669342,460.3853508848006,462.38311767578125,59374020.0,689.7614589259139,692.65838154831,683.4671729502923,689.4617919921875,22633804,12329.353518931644,12465.302284828735,12317.358039587783,12399.3271484375,1646266
2024-06-05,2729.8560527110167,2746.343104273876,2704.376063932052,2715.367431640625,10454373,4699.144637113052,4718.3817951304445,4639.2969480247275,4680.9765625,3284134,463.38204804919883,466.0290832189057,459.5863029549216,459.8859558105469,37366840.0,684.4672397608189,689.1622256406744,679.472586903501,684.7669067382812,23768135,12495.291183535075,12581.258786877796,12323.355976849632,12511.28515625,1815206
2024-06-06,2726.358573613863,2742.346016229887,2698.8801566175716,2734.352294921875,8822394,4671.358057189427,4709.831883878688,4643.57116060896,4690.5947265625,4796862,462.4330846266413,465.08011955369733,457.0890523121682,462.6328430175781,24191464.0,684.7668701318798,693.2078452034845,680.2716828005983,691.459716796875,13066947,12561.267827113532,12635.239959789516,12435.315276881454,12585.2587890625,1326464
2024-06-07,2741.347325934212,2755.8359485790256,2717.865765096066,2730.35595703125,12774048,4706.625422518065,4721.587221664067,4686.319670587043,4698.07568359375,3702596,462.8326482665974,466.6783556093412,459.8359979450053,462.1833801269531,28556083.0,690.6607093103393,699.151620247337,686.4651881827856,693.8572387695312,17531587,12621.245122787412,12699.215748446957,12469.302365091888,12551.271484375,2907425
2024-06-10,2715.3673291591113,2755.3359375,2692.884986967362,2755.3359375,12221002,4636.090342648259,4708.76312385425,4614.715995234733,4669.220703125,3294169,463.0823747533174,470.6738950902906,459.38649378504647,470.32427978515625,31405955.0,689.7614942068518,698.0526049700331,687.76363325332,692.858154296875,19224837,12545.272739955357,12627.241852678571,12475.299107142857,12595.25390625,1555931
2024-06-11,2759.8325281411903,2774.321149306305,2735.851362074793,2748.341552734375,12985012,4690.5944629476135,4711.96880990706,4632.883970128653,4656.3955078125,3256942,470.474091856899,473.270953245662,465.3797803069709,467.8270568847656,36666931.0,692.6584563824816,697.0537141483694,673.279179642793,676.8753051757812,22207081,12625.242207384757,12691.21734481052,12337.350698617789,12371.337890625,1720592
2024-06-12,2756.83481220253,2773.321863453469,2737.8497228832666,2742.34619140625,16206847,4679.907342335895,4716.243486711627,4627.540316409426,4694.869140625,4272442,470.02457504633884,474.020108674984,463.1322856336265,464.3808898925781,24703041.0,680.4714668708954,688.2631125548996,672.7796898486573,681.07080078125,18165743,12471.301898351016,12558.926115731032,12295.368174873156,12461.3056640625,3288083
2024-06-13,2741.3470018025537,2751.838761787583,2716.3666208858185,2721.8623046875,6430750,4700.212788365064,4718.380859375,4677.769360471927,4718.380859375,2576504,463.8814702641178,465.03018014031744,457.276853349404,459.48638916015625,34613400.0,679.8721525117262,680.6713457800238,670.8817769723534,672.4801025390625,18065040,12461.305138427262,12507.287814214817,12324.717926495301,12387.3330078125,2266844
2024-06-14,2722.361719191272,2732.353870849159,2704.8754537899704,2708.872314453125,6821729,4719.449987031657,4755.78662109375,4713.037926869577,4755.78662109375,4730093,459.7860420031635,462.8326548300886,457.7882750937715,459.48638916015625,24629988.0,677.874234638654,679.8720957026876,669.5831234168908,676.076171875,25618242,12463.302932029375,12551.945306464178,12429.315740844824,12505.287109375,853710
2024-06-17,2712.3698641804326,2730.8553467692477,2709.3722183552195,2723.86083984375,5825941,4762.198057873314,4769.679200369019,4714.105905152263,4738.68603515625,2370182,459.43648098792767,461.63400641202804,456.9892042037078,460.13568115234375,21606961.0,684.2674534631508,687.0644469183663,678.7733352236656,682.2695922851562,14710012,12551.27014164085,12557.267881434564,12413.322126385481,12423.318359375,1122267
2024-06-18,2722.3620429073017,2736.351056891777,2717.7067632988733,2731.35498046875,13056799,4741.892830771839,4755.786522062702,4727.9996274240575,4742.9619140625,4088612,461.4341824444199,467.47741460650957,461.0346047118015,466.3287048339844,32364208.0,684.0676140123238,688.9623979919977,679.5724266321715,685.7658081054688,25427180,12469.301395219625,12475.299135188467,12343.348855873974,12411.3232421875,1604675
2024-06-19,2724.8599856180913,2749.340759232922,2724.8599856180913,2745.843505859375,4334965,4719.4491177867585,4739.754865789029,4702.349643246531,4737.6171875,2826631,465.47973036687773,468.6262074260899,464.8993853698008,465.829345703125,22876709.0,691.0601822096011,693.4077057196163,685.5660638672771,692.2589111328125,15842521,12229.391492352108,12365.340261598461,12159.417861122367,12335.3515625,943032
2024-06-20,2747.8423438205737,2775.820374957656,2729.3568589621445,2765.32861328125,9209723,4744.029734424086,4766.472672772385,4703.418238419546,4737.6171875,8585220,466.0290987903052,472.3720153033531,463.0324481999052,469.9747009277344,49565069.0,689.4619226836876,698.0377029929433,685.4662002235907,696.254638671875,16016072,12409.32405144731,12419.320284773754,12259.380551550652,12393.330078125,1559325
2024-06-21,2755.8357106786775,2782.3149152954234,2743.345519821722,2774.82080078125,24287830,4736.54884469635,4766.472926736141,4701.281298563781,4738.68603515625,8350374,467.87698758881726,472.82147270865585,464.0312803271098,470.4740905761719,86474396.0,690.2610533487607,700.3502281486825,680.0719489056412,682.9688720703125,89803626,12427.316825940106,12521.281415840233,12313.359770103782,12467.3017578125,6183289
2024-06-24,2761.3316963374623,2801.7999191352433,2742.3466041607257,2792.307373046875,7487402,4729.068944729444,4766.474179092896,4702.351129302617,4741.8935546875,4180061,466.079047236508,474.56955698723317,462.8826078428329,473.62060546875,41705397.0,682.2695870755695,700.4501358504766,678.3737334202737,689.9613647460938,42754421,12383.33467527849,12505.28873003987,12345.34898609052,12473.30078125,2752680
2024-06-25,2810.2929513579697,2831.7760796972393,2775.3204168521816,2805.296875,8067392,4741.892747908803,4770.748237390788,4713.037746369892,4732.2744140625,2522814,475.1688580667504,480.3131016153047,472.4219286445269,473.370849609375,32854319.0,691.1601656057169,694.4566246735087,685.7659155166826,686.265380859375,16325290,12471.300336466633,12569.263420225348,12393.329718781126,12545.2724609375,3545029
2024-06-26,2820.2850954116607,2828.2788175598603,2777.318838865088,2788.809814453125,10698575,4736.549216971449,4746.167550683018,4699.143989496041,4723.724609375,3835204,474.02010020766437,477.96570178887293,470.0245666503906,470.0245666503906,26737597.0,690.2609976378924,693.6573858347722,682.5692203472277,687.3640747070312,24355511,12565.266212057482,12699.215748446957,12467.303118280104,12551.271484375,1440176
2024-06-27,2795.304548834026,2828.2786507505666,2771.8229914086105,2811.2919921875,6831851,4719.450119555989,4751.511397152868,4677.77001953125,4677.77001953125,2638012,471.47300014006584,476.617243938961,467.17781339151367,472.2720947265625,20914870.0,689.2621909381254,697.8210224456683,683.1687379859045,688.5629272460938,28742324,12507.28614738806,12627.240937804185,12323.35546875,12323.35546875,1001890
2024-06-28,2833.274701707365,2852.7593981218574,2792.8064860772647,2831.77587890625,7501581,4690.594856316838,4723.725218868176,4628.393818044806,4643.5712890625,4304063,475.7681810157438,479.06451473223757,473.72048211093266,474.66943359375,34507960.0,696.0548078875261,697.55320374017,683.1686401367188,683.1686401367188,24405412,12359.342689659883,12449.308788177303,12299.365290648268,12351.345703125,1225943
2024-07-01,2855.7571759828847,2878.5871464155894,2842.267770148116,2855.257568359375,6653438,4661.739851459022,4695.938809462177,4614.716284204685,4643.5712890625,3577711,478.76485389151077,481.6616404557537,471.77266932528005,477.96575927734375,20833173.0,689.5617988901621,693.0580560809408,678.9731586431873,690.1611938476562,15905058,12363.342108003495,12441.312732552677,12227.393326738256,12299.3662109375,1123384
2024-07-02,2871.7447598462822,2893.7274963517166,2857.7557457064604,2867.248291015625,7651209,4602.959724987305,4672.4262282141435,4560.211032548777,4604.0283203125,4432973,482.3109338260161,489.70166012958424,475.0690280042546,484.15887451171875,28157656.0,690.8603939823776,695.0559147899398,685.1665382112786,688.163330078125,17448210,12275.37517905531,12373.338270875134,12037.46481320717,12081.4482421875,1577419
2024-07-03,2873.2437153270644,2896.7252758592103,2848.762939453125,2848.762939453125,5149369,4641.43349822965,4662.807844218876,4570.898400436732,4597.6162109375,5305515,484.45849682036106,486.9557055668578,481.1621934683875,482.1111145019531,40487574.0,689.9613268679306,691.561603328491,681.2706190931474,684.5670776367188,16403286,12125.431224651622,12137.42670484089,11968.075476104368,12015.47265625,2172456
2024-07-04,2859.2545762476425,2900.2224034802666,2833.274978490369,2897.724365234375,6801590,4624.334302424929,4649.983519170515,4570.898678176506,4633.95263671875,2592920,482.96010774205394,489.75250244140625,479.21429511737415,489.75250244140625,20860189.0,692.1590555649744,696.1547780714084,680.3716253950848,690.5607299804688,14192578,12057.457001725643,12177.411805257982,11941.500691644382,12101.4404296875,1130254
2024-07-05,2897.724083901118,2915.210349924659,2851.760184639238,2859.75390625,6609096,4641.433477842708,4674.563835966255,4605.097333792157,4626.4716796875,2709352,488.85356378266545,492.6992712362024,481.46183220648663,481.66162109375,68684950.0,685.2663405417522,694.7561805346774,670.0825843590959,672.8795776367188,25225180,12161.417551750685,12233.390432214768,11979.486103910916,12051.458984375,1079171
2024-07-08,2835.77328093998,2909.2156122116817,2818.7866192853007,2832.775634765625,6900136,4638.226629887586,4660.669568314111,4629.676892587671,4646.7763671875,2059894,479.1644053706573,479.41412623431023,474.1200256347656,474.1200256347656,33327293.0,669.7829012950265,678.5734775147661,664.3886521986584,672.1803588867188,20154307,12023.469893268952,12115.435243300606,11951.497010635481,12039.4638671875,971467
2024-07-09,2820.7845116980748,2877.2401705400657,2804.7970684861834,2831.77587890625,8345319,4674.563931766677,4706.625207295223,4598.684880297381,4670.2890625,4724938,459.4864084750791,463.2481949443452,450.74617787908574,453.7428283691406,94514575.0,665.487659462375,676.9753627700702,662.0912706182297,668.7841186523438,26277635,12043.462787278131,12125.431906514254,11935.503459503725,11939.501953125,1177058
2024-07-10,2825.780779126588,2849.262337934748,2804.7972584895097,2830.77685546875,7423656,4655.326603932148,4710.89990234375,4626.471603406492,4710.89990234375,4607219,450.9958876614809,457.98807196631003,447.8993428012128,454.1423645019531,59103197.0,667.7850369560816,669.7828979492188,663.5895166765179,669.7828979492188,21761228,11967.491093698254,12073.451171875,11867.528755795662,12073.451171875,982633
2024-07-11,2833.774782485013,2847.763797631272,2803.0289061083463,2812.791259765625,6834968,4718.3815180660895,4742.9621398892705,4682.044883030547,4708.76318359375,3206684,452.2943850952225,456.88925476861823,447.7994098571509,451.2955017089844,27230410.0,671.4811977384753,676.0762543584113,665.687412139894,668.6842041015625,12428210,12133.429049263947,12157.420011299071,12055.458422649794,12095.443359375,765771
2024-07-12,2829.7779125,2843.766927604167,2796.3041977864586,2810.293212890625,5102397,4713.037309922313,4746.167177651954,4679.9069542496445,4738.68603515625,2723198,454.49194692592766,459.58625836179783,448.54857850349543,452.9936218261719,24153584.0,674.9773802644487,680.1718312832977,664.5884782267506,670.3822631835938,10681797,12149.421764599052,12299.3652617761,12021.469980341302,12255.3818359375,1054328
2024-07-15,2806.2960902715936,2827.2796109750666,2792.3070764692784,2805.296875,5243588,4738.686782409226,4778.229691583249,4708.76318359375,4708.76318359375,3369778,446.9504497919828,455.74061270388256,443.80394227089346,448.89825439453125,22978638.0,665.1878786307009,674.477920565659,661.1921564247075,663.090087890625,13534070,12203.401252943242,12279.372623783976,12085.445703479996,12099.4404296875,1097590
2024-07-16,2799.8011034366577,2822.2834463443396,2764.828570024708,2780.31640625,6915449,4684.181372473809,4737.616984146898,4649.982424861278,4711.9677734375,2200930,447.7994324290509,451.5952077781877,442.50536240853523,446.1013488769531,23748366.0,664.8882427430678,668.3845001573685,657.7958592334426,663.2899780273438,14160736,12015.473485924587,12173.413985989153,11955.496080836778,12095.443359375,925600
2024-07-17,2779.3170526970366,2812.291153987348,2759.832356480034,2796.3037109375,10335800,4701.282243744983,4769.6801593014525,4672.426751133816,4767.54248046875,2649938,446.3011128245808,453.956557041007,445.3621599438304,452.1945495605469,21130713.0,662.2910050367049,666.386596215342,658.201388906978,665.987060546875,12892719,12095.440974916286,12247.38370451854,11919.507288008412,12239.38671875,1658263
2024-07-18,2821.284266982093,2841.2685720430604,2782.8144797397304,2832.275634765625,6299691,4830.596393922447,4858.382800057155,4739.755544407032,4825.25244140625,2586419,457.4886043772978,462.38312701738494,449.44760507454765,458.48748779296875,24358024.0,671.0815164611788,674.3779750093312,661.8913434103591,662.7904052734375,13433977,12311.362043594343,12389.332670372547,12107.438865866732,12121.43359375,891088
2024-07-19,2816.287996793617,2836.2723004785103,2779.3170349765637,2791.3076171875,9741766,4802.808846563835,4839.145474193314,4738.68581657917,4803.8779296875,2943784,457.28883992787365,466.778232883645,449.44762908280285,456.7893981933594,23647860.0,657.5959192731854,670.0825502064066,653.000863477711,659.3939819335938,14701079,12075.450222255493,12313.360582594632,12001.478093410551,12101.4404296875,985408
2024-07-22,2796.803396780176,2802.798688091602,2768.325763050903,2790.80810546875,16404097,4817.771790476629,4846.627279906146,4794.259765625,4794.259765625,2791583,457.48854617533675,459.03680307925555,424.1558157123669,457.28875732421875,32925599.0,665.3875905580919,669.5831109081606,661.9912633946115,666.885986328125,52466189,12229.391629760144,12351.345674130811,12189.406697179598,12255.3818359375,1926468
2024-07-23,2781.814954382053,2796.303573936126,2739.3483108614937,2744.843994140625,41499454,4794.259669772678,4811.359146434509,4746.167513647042,4750.4423828125,3860608,455.6406481462792,457.2388676525789,449.6973103194324,450.14678955078125,64027598.0,664.089097634671,671.934703023799,661.6917006071151,665.3876953125,18838202,12173.412723351621,12365.340399725697,12145.423270547068,12185.408203125,2173585
2024-07-24,2735.3520913683037,2769.3254141469424,2730.3560144890926,2761.831298828125,11312048,4714.106329306399,4732.27440162234,4666.014172258231,4699.14404296875,4239716,449.5474781104219,520.7579172709783,417.5332761848641,452.54412841796875,24766718.0,663.8891578992972,664.788219699313,615.371159215004,662.2908935546875,45977434,12191.405218908629,12237.387888642132,12029.47698972673,12209.3984375,2043292
2024-07-25,2735.3517459148434,2763.829380529847,2706.633333601743,2759.83251953125,8122931,4916.09408829505,5033.652756018575,4888.245223694352,4991.97265625,7374795,448.24892567694513,453.44313154949947,444.35328651428046,452.9936218261719,18153449.0,656.8967025764005,661.0922230630324,650.1039870584584,660.2930908203125,22066428,12295.367619908271,12381.335230909257,11535.653848271662,12055.4580078125,2390645
2024-07-26,2788.309970537993,2821.783679197023,2708.8723634217877,2777.318603515625,4999091,4968.460723770673,5066.78271484375,4944.948699325145,5066.78271484375,7226920,456.83934709226264,459.48638210989066,404.28807349562055,453.9925231933594,19286977.0,658.5949325316799,665.8871137193156,657.3962036174378,664.4886474609375,16601051,12111.437187948995,12327.355843660202,12103.440200700432,12175.4130859375,1499050
2024-07-29,2803.7978758752593,2917.20880207335,2764.828482732303,2769.324951171875,3227948,5066.782664861409,5108.462272969585,5050.751783619695,5060.3701171875,2886151,461.534053538229,464.38087726794555,452.4941711425781,452.4941711425781,30170740.0,667.1857175651326,677.7743566712336,667.0857879313737,669.283447265625,38714477,12129.430367397283,12501.290273172113,12129.430367397283,12359.34375,3333384
2024-07-30,2781.8151234637626,2791.307667886502,2754.336705397939,2764.328857421875,5931450,5052.8892098395645,5081.744699831614,5031.514863168246,5059.3017578125,3085803,467.42747734852844,467.42747734852844,450.09684507287443,451.1456604003906,28709940.0,667.4853787971339,677.1750169355136,664.2887889720143,676.1760864257812,27722884,12207.40053052266,12331.353827753646,12025.629174064758,12197.404296875,1485800
2024-07-31,2814.2896824366608,2854.2582914540462,2809.2936063094876,2837.771240234375,28006768,5088.156618456256,5119.395221588661,5081.7445586046,5104.1875,3712474,458.4375714436261,462.8925830940082,455.19120023202737,458.3376770019531,55453062.0,689.1622344969708,704.9453255349442,687.6638386205199,703.2471313476562,56216682,12213.398291899963,12395.329744603006,12161.41787684195,12363.341796875,1591105
2024-08-01,2854.7583394116427,2897.2249930430726,2809.294039641524,2822.783447265625,7278177,5107.393823727605,5134.1116345991395,5087.088072770288,5110.60009765625,2841375,458.4874692697935,463.88143339979666,432.44657235927923,453.3931579589844,20946819.0,678.6735125142309,695.855071032656,653.6003164504467,657.7958374023438,32965480,12339.350389875719,12567.264509196171,12271.376003411724,12507.287109375,1109028
2024-08-02,2816.2882344263426,2847.7635153858705,2767.51257543569,2774.82080078125,9187541,5144.799089324149,5217.471874119708,5128.522770595924,5178.998046875,4604510,449.8970981226153,456.689523847645,443.8538654658239,444.3033447265625,38462239.0,659.1943047711693,661.691631185714,633.1221804213928,635.6195068359375,62062786,12617.246457269775,12787.182433956184,12461.305208075188,12605.2509765625,1677158
2024-08-05,2700.8787751836016,2705.8748513493133,2656.913304925341,2691.38623046875,12938869,5217.471345260473,5258.082847207162,5056.095396632303,5079.60693359375,6685502,432.9660142731276,520.7578893799741,424.1558555247578,430.51873779296875,80556024.0,619.8363569696483,630.3251269103112,610.2336622565457,625.1306762695312,42207147,12565.265431694243,12587.257145258067,12255.38219511308,12453.3076171875,1549203
2024-08-06,2724.859748084012,2944.747095287209,2672.4009520537916,2706.374267578125,19220275,5087.087669745816,5124.4928947683775,5032.5829690492865,5121.28662109375,4797927,433.9149359241542,435.2135026134889,425.62421603013985,430.2190856933594,64260354.0,632.2231530967127,633.921286211794,622.4335851845374,627.328369140625,22329195,12451.308091301982,12467.30206444431,12193.40527438195,12403.326171875,2163688
2024-08-07,2710.371680639212,2770.8242102903355,2699.380311611735,2768.326171875,11032705,5140.5239724228795,5187.547044387371,5104.18734125007,5177.9287109375,3194663,429.8695202505758,438.4099619807606,417.5333029309159,436.7618103027344,53311556.0,636.2188618711233,645.4089737245889,615.3711871470904,639.9148559570312,17042177,12425.318624101163,12699.215430457052,12407.325403245666,12685.220703125,1123581
2024-08-08,2754.8363914695947,2779.8167722409908,2745.343846776464,2772.822265625,8550533,5108.872236913952,5128.110935811397,5081.083601595908,5109.94091796875,4699818,429.7791339257273,445.2439698398761,427.4314269075251,430.8280944824219,20697887.0,632.4229664378764,640.4364217208092,629.3263058288958,638.916015625,13944658,12622.016256038169,12662.003635274787,12428.077466740577,12624.015625,993991
2024-08-09,2778.817854032049,2782.8147153826885,2753.837470590553,2773.82177734375,9513348,5081.083401102531,5102.4594612660985,5055.43212890625,5055.43212890625,3164692,432.02693708913046,434.47452190897354,430.2786491516473,433.3256530761719,34523577.0,642.7119280768508,643.7108586079183,638.1168110520111,641.8128662109375,10688306,12662.002917076772,12719.984613681103,12594.024376230314,12695.9921875,2052309
2024-08-12,2792.8068496142596,2807.295471911006,2780.816265644538,2796.8037109375,7656436,5049.019329615624,5066.120178636402,5025.505906203167,5038.33154296875,4048310,435.5734075825906,440.9181791172144,434.57438600556634,439.1698913574219,16891334.0,644.3101638934646,647.8064205967625,642.8117681634798,643.2113647460938,12588124,12685.996169399208,12839.947580753618,12634.012575954861,12775.9677734375,1810288
2024-08-13,2806.7961473187197,2810.2934013292625,2771.323999497497,2778.818115234375,5337469,5038.331589678013,5062.913694386609,5022.2994215768485,5051.1572265625,2405543,440.5186271251262,440.81832143753013,435.1238856000753,436.5724792480469,36515280.0,647.1071592808681,648.006221109893,643.5110339045259,644.8096313476562,17676532,12891.93042521285,12943.914015637094,12781.965137776946,12915.9228515625,2096367
2024-08-14,2802.299325016839,2817.287554603308,2789.809133694781,2804.79736328125,8264643,5082.152475508538,5102.459856231407,4994.51086604495,5073.60205078125,4612014,439.86923863538016,441.0181379709478,389.3886737761618,436.5724792480469,17216347.0,649.6044456831719,651.0029726715032,647.4067865457405,649.10498046875,12951619,12909.925901749728,12985.901925331344,12799.960604460548,12897.9296875,844567
2024-08-15,2790.568561788507,2811.054382922496,2783.0737491785108,2803.5595703125,15859373,5075.739825872072,5103.528952487461,5067.189888431501,5098.18505859375,2323446,438.47063760346066,444.76449288701866,432.5064765687432,443.0162048339844,24187011.0,645.5842214564553,656.541787156448,643.0866038099796,655.175048828125,12780172,12975.904392113209,13213.829295450878,12961.908809563934,13161.845703125,2418404
2024-08-16,2800.5619121811296,2806.058108618952,2762.0885371163754,2788.070556640625,6416870,5087.496622488498,5089.634472767972,5036.194071568251,5053.294921875,2702277,441.5675645693166,446.1630702076274,437.17187545395353,440.81829833984375,22988743.0,656.6737104677553,659.4410907164022,653.6765688764127,655.974365234375,20039673,13131.855392696996,13213.82952045287,13039.884420092845,13041.8837890625,1246640
2024-08-19,2780.576021077156,2816.051474355948,2758.091578858203,2811.054931640625,8926547,5038.331138364465,5072.532833659445,5021.230290716975,5060.77587890625,1542418,438.92018293933785,443.3728233163917,424.21458253213984,441.6175231933594,20318176.0,653.6765854293053,663.9667596247566,653.6765854293053,662.9677124023438,10811368,12975.904897030652,13083.870823754789,12939.916254789272,13045.8828125,898295
2024-08-20,2787.5707880069695,2945.021878414786,2731.10986328125,2731.10986328125,9361588,5053.294410162043,5058.638303346197,5010.5422887243885,5046.8818359375,1784269,435.57345109182785,439.4196906451143,428.979901927297,429.4294738769531,32364821.0,661.0695512735568,661.4691335714889,650.4796142578125,650.4796142578125,16016718,13045.881644679725,13116.331084718415,13029.886694004255,13097.865234375,1331981
2024-08-21,2723.6150318150662,2727.112611199162,2698.1326677309407,2716.619873046875,7115788,5043.6756722728505,5058.638671875,5032.987397143676,5058.638671875,2373479,428.5303492526678,436.6923390655689,417.59104998267435,429.9789123535156,24742499.0,651.3787485953042,656.8735079776264,615.4430515038757,652.8773193359375,14780347,13049.881400240385,13097.866256009616,12931.918629807693,12995.8984375,2317682
2024-08-22,2698.132243078956,2708.12532546073,2686.640198339916,2706.126708984375,22803888,5108.872438517876,5152.693243315992,5108.872438517876,5120.62939453125,3874848,426.48231685002725,445.2439413624355,424.084671096847,425.78302001953125,41043486.0,651.9780530231719,657.1731096601155,650.7792453951766,653.4766235351562,28560923,13105.863550408569,13183.838939953333,12985.901412647392,13013.892578125,2721134
2024-08-23,2713.122110703412,2720.6169231639187,2705.6272982429055,2718.11865234375,7723175,5119.56014053626,5143.074052172994,5102.4597793216735,5142.00537109375,2622737,428.3305551412773,430.42850681502404,427.4624172325981,428.8800048828125,33227687.0,653.8764112689896,656.773672623397,652.078138452497,654.0762329101562,39776176,13105.863295141145,13193.835527785877,13015.89169357267,13071.8740234375,1821476
2024-08-27,2753.094484661697,2759.8198102916053,2719.6176551748854,2723.115234375,16962934,5162.312379854206,5205.0645038096045,5149.4867426675855,5174.0693359375,5348725,432.87607217819516,437.1718835998498,431.6772644813336,431.7272033691406,30872762.0,657.5728242619819,664.0666305190964,654.7755045312397,660.270263671875,20998532,13143.850812006003,13233.822410201969,13045.881738414842,13153.84765625,1490247
2024-08-28,2718.118653792656,2720.6169246141562,2678.6459748129464,2694.13525390625,15506139,5175.137955297491,5205.064441709225,5167.656699681233,5201.8583984375,1869182,431.4275018846262,433.07588149519523,427.53132358117557,431.1277770996094,16085937.0,661.8686696380867,662.4680734763957,654.9752206125684,659.0713500976562,70025960,13163.845058001894,13249.817922141336,13099.865252130681,13195.8349609375,1040560
2024-08-29,2689.1385901946064,2716.881349670166,2668.652770388219,2709.124755859375,6375301,5197.583358877782,5249.95458984375,5195.44550864333,5249.95458984375,2746116,429.3794768195666,435.92308667349687,427.9309137742013,434.32464599609375,26449293.0,660.270290422989,664.7660026292907,658.6717783856599,660.1703491210938,31612842,13205.831717990763,13285.806474799185,13117.859485501498,13269.8115234375,1119836
2024-08-30,2724.114380565787,2727.6119595577093,2667.1538084116237,2679.1455078125,17889534,5282.018416115789,5294.844053518968,5232.853716728057,5243.54150390625,3929065,435.4735296183634,437.7712976979807,427.2316010346143,428.9798889160156,53814676.0,670.2607685967401,670.2607685967401,663.8668423384219,666.0647583007812,46269274,13245.819096394973,13325.793853203395,13167.843708506762,13269.8115234375,4260741
2024-09-02,2687.639852380637,2696.1339734980324,2681.1443479967465,2682.643310546875,5673520,5252.091153996662,5273.467213181668,5236.058987612363,5254.22900390625,3752912,428.6302328527294,430.9280009731447,427.38145577241295,429.8290710449219,12103622.0,664.8659206885799,671.4596079079134,662.4681829850025,665.2655639648438,10610343,13289.805844575032,13367.781236171004,13187.838024795685,13271.8115234375,2234636
2024-09-03,2686.1415462289433,2689.639126367262,2610.194091796875,2610.194091796875,20857611,5274.537033537678,5299.11962890625,5248.019100444163,5299.11962890625,4340316,428.73012200811513,429.62923536832494,415.3432384013231,415.9426574707031,43111786.0,664.3664538964883,666.2836320050556,655.3750282046561,657.7727661132812,19449902,13295.803180084344,13383.775411651819,13179.839783927218,13185.837890625,909842
2024-09-04,2593.2054671428787,2610.193711050944,2563.22621318747,2580.714111328125,9414991,5280.949301351787,5303.39404296875,5272.398877118448,5303.39404296875,3512027,413.0954657081166,418.68999322758475,410.64785039093607,413.44512939453125,36693626.0,652.0780441540252,661.0694679132218,649.4804851485047,658.0723266601562,13634826,12991.899564821113,13117.859809909407,12991.899564821113,13041.8837890625,1434930
2024-09-05,2580.713949642452,2589.208071064315,2569.7215572141586,2572.719482421875,20054505,5296.982202147292,5342.940372777702,5285.225245203159,5326.908203125,2526125,411.147333061078,414.8936641137098,410.19328083427126,411.2972106933594,46140205.0,652.5775886795861,667.6631757476226,651.8782435026513,660.270263671875,19615566,13021.889610122607,13069.874463591508,12536.04296875,12536.04296875,2305261
2024-09-06,2555.7313096087387,2558.2295806836246,2512.909869909334,2514.260009765625,11900532,5289.500623480995,5330.1149014925495,5277.743666168852,5327.9775390625,3069484,408.8495537227458,411.74671000955414,404.54676124197886,405.30303955078125,31827157.0,657.8725320060632,660.2702694975677,646.8830136278299,648.1817626953125,14694992,12560.036892910079,12775.968759263835,12548.04067811265,12646.009765625,1648823
2024-09-09,2528.749977177742,2552.057821580489,2522.7541266094486,2544.2392578125,8802071,5335.4591431397375,5380.3486328125,5319.426973407061,5380.3486328125,1884078,406.65170823387444,408.64975132651153,404.4538791246045,406.2521057128906,33085523.0,653.2769412003673,666.6641361254827,652.4776547166013,660.4700317382812,14039028,12683.996830012979,12707.9892578125,12464.06624185071,12707.9892578125,1127367
2024-09-10,2539.242659917219,2551.2343607905,2500.7692862821095,2506.76513671875,21896326,5361.109639049105,5378.2104890357095,5344.0087890625,5344.0087890625,4922841,404.45388007150575,407.30109758272306,395.36277788117945,397.0611267089844,37034637.0,661.9685461526774,663.1674147994072,647.9818875538114,648.3815307617188,19479459,12022.205826565774,12420.080258544253,11994.214660496937,12402.0859375,3200262
2024-09-11,2504.2666826833292,2550.734520171268,2498.2708326848856,2508.263916015625,10562081,5356.834467023704,5356.834467023704,5301.2571921295985,5309.8076171875,2267798,398.9592814182831,404.20414480987915,397.11108536370057,397.8603515625,36821119.0,649.380673209054,654.5757307901266,644.8849608560682,648.4815063476562,34282773,12260.13106820767,12348.10330679233,12122.174603154452,12304.1171875,1865508
2024-09-12,2532.2474361866252,2553.7325663673723,2509.1284270448905,2535.245361328125,12634506,5342.93899370356,5346.145524402913,5261.709973206897,5264.91650390625,3108915,403.95436755546297,406.55182966831654,398.5096879436683,402.6056823730469,31903145.0,658.8716503977619,662.7679589986489,650.9791528634541,654.975341796875,19969877,12396.087817686723,12400.086555692427,12044.198873184647,12046.1982421875,2026175
2024-09-13,2533.2466416686543,2556.2307334865554,2528.927609554054,2552.733154296875,7910708,5285.22507456569,5304.463287141993,5275.605968277539,5278.81201171875,3344007,402.6056968207812,406.0523334675604,402.0062777751171,403.8045349121094,24362540.0,658.0723266601562,662.0275384570077,654.9752441124582,658.0723266601562,11139815,11908.242351897845,11944.271998361162,11708.305442027162,11924.2373046875,2101369
2024-09-16,2536.2447305633864,2558.229515461887,2533.2468053499547,2536.744384765625,6192449,5276.673555116545,5308.737398754877,5275.604874191104,5290.56787109375,2013098,402.20614020973545,409.59889464977215,401.7066293626016,405.7526550292969,25543399.0,653.676589627823,655.1751604710673,646.583378693934,654.0762329101562,13430718,11996.21403233189,12056.19510249355,11962.224759240284,12012.208984375,1030524
2024-09-17,2561.2271321932353,2570.720560892352,2548.2361244997073,2559.228515625,11387282,5341.871181996761,5350.421606598213,5242.472618000444,5276.67431640625,3155863,408.30017396910404,411.347177906657,406.6517638022511,410.0484619140625,29084397.0,660.070445116166,667.3644525368611,659.2712196146732,661.1693725585938,22588755,12008.209749109605,12106.178826316793,11910.240671902417,11964.2236328125,2441405
2024-09-18,2562.725890444141,2564.224852750893,2543.7390345586123,2552.233154296875,30861973,5260.642080798458,5290.568566519635,5209.339533847868,5213.61474609375,4295799,410.59787478370527,412.0464682888572,408.99943413712504,409.9485168457031,46564123.0,658.5719574404766,661.0695755580626,654.9753507649499,657.6727905273438,22931571,11924.236069158022,11946.229126964987,11824.267624580909,11852.2587890625,2676484
2024-09-19,2579.7146587393877,2599.2011727217305,2573.2191540786066,2593.205322265625,12565602,5236.059718528716,5253.1605682638765,5178.344594663669,5186.89501953125,4374299,414.54404136110503,419.78890496665167,414.23233490240483,417.0415954589844,37958785.0,665.6650900574115,670.8601473251728,662.6679486695105,668.6622314453125,37129120,11960.225270266012,12039.604514503062,11860.256820999328,11894.24609375,2791079
2024-09-20,2567.223185888405,2579.714540432432,2547.7366727997232,2560.22802734375,22874341,5176.207232437896,5211.477613021105,5163.381595136525,5186.89501953125,6810899,411.1473658974099,414.8737277909466,406.3520739621527,409.1493225097656,92290197.0,667.3635821288324,668.1848204557775,658.1723349699799,659.8707275390625,89420506,11812.271844492783,11938.232089280029,11756.289513476231,11776.283203125,3467671
2024-09-23,2569.7215771806486,2589.7077453873812,2560.419909101426,2575.2177734375,10453980,5186.894768364786,5222.698511806216,5169.793919457704,5207.2021484375,2433958,411.5469844955781,413.4950584374056,408.4400112834133,411.34716796875,20031081.0,666.4643068811231,671.4595424625346,662.268357774335,670.0609130859375,64610986,11676.314434241194,11734.296132630407,11512.366183623424,11580.3447265625,2430049
2024-09-24,2569.72129311569,2593.70469231257,2567.72267651595,2570.220947265625,25089808,5187.96387872528,5201.858685598731,5147.349603201275,5191.17041015625,4524540,412.39611950186094,416.32927939347445,409.74871826171875,409.74871826171875,75926000.0,672.658436756211,682.7488496002618,670.3606404968526,671.5595092773438,45502774,11588.343151959296,11618.33368806685,11498.371543636631,11518.365234375,1455566
2024-09-25,2557.230105142458,2571.428286194519,2519.7370116700777,2530.248779296875,21401159,5171.931720726873,5243.541158862449,5168.725189591518,5238.197265625,4348603,407.2012133508232,409.399042594887,398.2909332912911,399.8583984375,71570657.0,668.4624318186749,676.2330357683468,662.9217567459951,665.1655883789062,21315551,11456.384032063268,11578.345537465686,11438.389711594058,11562.3505859375,1823463
2024-09-26,2465.7935260275135,2473.2883391765336,2394.342974006858,2413.329833984375,31785656,5265.986095623267,5276.674370475717,5133.989341470254,5201.8583984375,4956336,382.62528230846294,386.67130769392116,379.32852314162443,383.4744567871094,116231175.0,672.4585937635421,681.4500178660367,669.7612153143916,679.1522216796875,38385550,11740.294184620307,11752.29039802421,11570.347828065007,11716.3017578125,3984667
2024-09-27,2416.3276361144417,2435.814149308913,2411.830748454179,2422.323486328125,25975858,5209.339271876813,5252.091392185688,5192.238423753262,5230.71533203125,5196201,384.82313768731814,390.217848302282,384.0738714772476,387.7702331542969,94870761.0,677.1540772316347,682.5489556839632,675.7554479500259,680.2511596679688,40184757,11682.312167160953,11726.557965421833,11594.339937937082,11650.322265625,2998269
2024-09-30,2443.3089209487757,2452.8023502939755,2417.3269037934924,2423.32275390625,22008305,5238.197679034189,5243.541572693389,5171.828188686233,5171.93212890625,6221401,392.6155189632033,395.06313426633244,388.4695851022304,391.3168029785156,35750230.0,676.2551150665878,679.6518391663021,668.5624389648438,668.5624389648438,20158641,11616.33365334829,11722.300208189507,11560.351322488781,11584.34375,2967198
2024-10-01,2428.319091796875,2483.281046549479,2412.8298136393228,2476.285888671875,21004916,5175.1379436356865,5210.4083234030495,5164.450156789554,5198.65185546875,3072014,390.6174796620509,402.35598448565474,387.02099549089166,400.6076965332031,47005085.0,671.8592059369474,672.7583727594841,658.6717714094025,664.066650390625,17850886,11656.321510858052,11796.27734375,11604.337915783899,11796.27734375,3219814
2024-10-02,2514.260049568004,2551.234462061651,2503.2676566644873,2519.256591796875,12242923,5216.821795913767,5231.78528425309,5160.175350019767,5176.20751953125,3169168,406.1023622301369,413.1954231169416,405.45300415683437,406.2022705078125,49730594.0,674.7564310958531,678.8524997869187,670.3605994952501,675.3558349609375,30061987,11802.275610527322,12006.211255500011,11796.277503322242,11942.2314453125,2128582
2024-10-03,2542.74029231555,2567.723002988723,2525.252394844329,2562.226806640625,25311056,5193.3072202424955,5221.095852458945,5127.041194525765,5131.31640625,2604349,409.59887516236245,410.74774395856633,404.85352234035946,408.599853515625,63566854.0,681.3501486228331,688.8680027326747,676.3549129291173,684.3472900390625,30398573,12030.203502271137,12078.18835918563,11918.23883613732,11960.2255859375,1443950
2024-10-04,2572.2197059135547,2588.208639594447,2558.2293889427738,2575.71728515625,9245887,5114.216141994769,5121.697885360086,5080.0144443044255,5113.1474609375,3189292,411.9965409686719,417.7409157155942,411.14736643027805,416.44219970703125,32703997.0,679.2522435587174,695.936283702109,679.052421915113,691.140869140625,23976538,11822.268128720554,11918.237834483887,11734.2958984375,11734.2958984375,1690859
2024-10-07,2583.7118465490103,2640.172770675879,2579.2149587866934,2636.175537109375,10120716,5116.35459062173,5125.973697226864,5096.16481197518,5098.18505859375,3012150,419.28936604303885,425.5831897527454,416.6919038578023,421.68701171875,30854016.0,691.4405148748135,697.9003572244936,688.0437911178502,694.53759765625,15923145,11764.286690304825,11842.262077953006,11691.028563688247,11806.2734375,1220093
2024-10-08,2625.1829866207904,2633.4372831971286,2569.7213742273934,2574.21826171875,10597118,5081.083601595908,5117.422661316768,5069.354461032838,5109.94091796875,2114210,418.4401678223072,418.68992320115694,405.50282700280667,406.05230712890625,41006876.0,679.7517211681438,683.7678493408279,663.7669663938383,665.3654174804688,25903460,11726.30000388016,11766.28738667259,11672.317037110379,11674.31640625,2577470
2024-10-09,2567.2231836164083,2587.2093508691632,2561.2273334405813,2584.21142578125,7772089,5138.798661510901,5158.037360180674,5118.662563555048,5137.72998046875,1815517,401.90641584023297,407.75069885551704,401.90641584023297,406.0024108886719,25396232.0,662.4682214730947,669.5614936883645,662.0686391506188,668.7622680664062,15260570,11720.301111533472,11796.277133750851,11678.314362413343,11752.291015625,951043
2024-10-10,2578.715431598821,2610.1936474854174,2574.218543615021,2591.206787109375,19897122,5131.317647909952,5142.005923797937,5101.391158598786,5114.216796875,2127696,406.601789324649,413.14536857938043,405.89648641974776,410.4480285644531,25972269.0,669.8611169197313,675.4557565926907,667.5633206603729,671.5595092773438,21603461,11820.269093829651,11842.262152021825,11734.296229987522,11766.2861328125,1446954
2024-10-11,2590.7069295718347,2604.197592464494,2577.715920860385,2590.207275390625,10411722,5100.321586421247,5143.073706540189,5096.046374409352,5136.66064453125,1772943,407.6007840285706,411.64680902788484,403.7046061611352,409.04937744140625,29864221.0,673.5575798338566,674.256925012565,666.9638322621737,672.5585327148438,15761198,11774.28366849472,11806.273571482649,11712.303231455606,11760.2880859375,1628325
2024-10-14,2580.214415148617,2597.492497266179,2575.7175271284123,2587.709228515625,5458800,5124.903916842736,5159.105611198459,5121.697386001344,5153.76123046875,1351107,405.4529646138881,409.64883747751566,404.75363722608876,408.0004577636719,29113517.0,671.2598801914047,676.4049370080485,667.563393124055,675.1561279296875,16919266,11800.276018976207,11934.233744030664,11786.160356469192,11932.234375,1088620
2024-10-15,2529.249576692838,2535.2454271314623,2490.276548841783,2500.769287109375,13003763,5177.275805460875,5221.096609996784,5167.656699681233,5201.8583984375,5930080,391.91618078952285,396.21199217375346,387.62039989301354,392.1159973144531,58233839.0,665.0657735528697,669.5614862254077,663.9667849800459,668.5624389648438,23543749,12002.211516515032,12052.195739055907,11810.27210195807,11846.2607421875,1722564
2024-10-16,2530.748779296875,2546.7377153161246,2523.7536197884533,2530.748779296875,17978015,5199.720812475029,5236.059875258856,5173.000855959597,5184.7578125,3244496,393.11500600473556,398.9413008025644,393.11500600473556,395.0631103515625,84889024.0,673.1578604826148,675.9551799041631,667.9128637008404,672.1588134765625,18080653,11978.219306991487,12094.182705390002,11952.227510798715,12020.2060546875,1339651
2024-10-17,2528.7497541390653,2562.7262376959625,2528.7497541390653,2552.733154296875,22971379,5205.064729047442,5210.4086227775515,5134.523965459654,5191.17041015625,3977030,395.2629226782429,401.3190038262936,394.96322836851004,399.6086730957031,33733273.0,671.3597206858407,679.7677175597806,670.2607931528999,677.35400390625,21238694,11988.216151681014,12020.2060546875,11930.234452481754,12020.2060546875,1035884
2024-10-18,2549.7349849906213,2568.7218416297833,2523.7529706422943,2534.745361328125,6884071,5139.867922463931,5164.713539541646,5073.380826692122,5163.3818359375,4056708,401.15711927633185,405.90247197086364,397.21100217035337,399.20904541015625,30968082.0,678.8525495585578,681.3501674745202,674.9562412188566,679.9514770507812,13620100,11958.226397859378,12052.196744072284,11872.253527919911,11942.2314453125,2385885
2024-10-21,2541.740783093257,2567.7228001408,2540.441633446527,2549.235595703125,6902834,5144.143141542095,5164.450523570663,5119.560546875,5119.560546875,1849242,400.95734270488055,407.95049420918195,400.95734270488055,404.45391845703125,27816924.0,675.1560520004969,680.5509310031015,673.3577793252949,674.7564697265625,11052665,11986.217399347757,12200.149886708927,11909.40179700252,11926.236328125,1289770
2024-10-22,2547.237180236721,2571.220582482967,2535.245479113598,2562.226806640625,9008177,5096.046840285583,5114.2163710016275,5070.919170812487,5086.427734375,2287533,403.80450871925905,407.45093115292104,401.95631281822796,406.05230712890625,27637025.0,673.9571971026025,681.749813817272,671.2288422066656,680.8506469726562,13560551,11938.231243480805,11938.231243480805,11768.284893506618,11860.255859375,853524
2024-10-23,2549.2354535641553,2560.7274989251855,2535.2451374724665,2537.743408203125,8538471,5045.811896426457,5096.045753440614,4949.6198818712255,4973.1337890625,6487039,404.55382898383306,407.10132199385953,401.90639722363466,402.3060302734375,24362222.0,682.0495171544277,685.9457645426529,675.6555908568782,679.252197265625,16259981,11852.2597213709,11910.241423786514,11818.270447541057,11824.2685546875,1186470
2024-10-24,2545.238240719967,2571.2202565262955,2536.244466017776,2540.24169921875,4183069,5086.428014913119,5181.551374124769,5069.327164359012,5119.560546875,3201653,404.0542919399674,410.3980546097005,401.4068603515625,401.4068603515625,58531657.0,681.150350307991,685.8458842161601,678.7526736791601,679.252197265625,43188285,11848.26034775511,11866.254668229256,11691.669147448403,11692.3095703125,1620841
2024-10-25,2534.2461121287492,2555.2315886093106,2531.2481869172407,2548.736083984375,4856498,5116.354232926527,5120.629445339062,5070.994331705812,5089.63427734375,1993461,401.5567497476054,406.5518578151824,400.75751416416097,404.50384521484375,24028000.0,682.1494184801669,686.7450722033155,681.4500732421875,681.4500732421875,12494985,11686.311385611429,11712.303181678657,11556.35240527529,11602.337890625,1533742
2024-10-28,2526.2517109250794,2526.751365140057,2473.2883641374888,2514.260009765625,12501438,5106.734657468799,5143.0742070978,5088.56512664542,5139.86767578125,2742371,398.3099616288928,399.70858590307466,392.3657703539664,398.7095642089844,35303917.0,687.84388474629,693.1388218452349,681.7497222134087,691.4404296875,54600101,11600.338627330044,11634.327899419774,11471.937747782435,11624.3310546875,1022879
2024-10-29,2522.753805918236,2529.7489640253575,2475.4496347510362,2480.283203125,7879628,5167.656852060016,5173.000745652699,5096.04692118196,5108.87255859375,2634265,394.613526758585,397.3108972378453,377.2804961312653,378.8789367675781,62007775.0,705.2274633404666,728.5052515807184,704.8028194865394,713.02001953125,38470803,11672.316530881524,11710.30454288679,11530.361328125,11530.361328125,1678377
2024-10-30,2471.2894483411965,2507.764201622415,2467.768935914452,2488.77734375,7057575,5098.184308690231,5115.0592212604215,5059.707399947078,5071.4638671875,2298246,375.5822171177161,380.1277536189908,370.73695581635525,373.6840515136719,106193039.0,706.226383704289,714.7182836253029,703.6288247893126,705.5270385742188,21041215,11482.375511200751,11536.358471117594,10894.561058772922,11202.4638671875,3359764
2024-10-31,2513.7601273621563,2576.716552734375,2506.764968987465,2576.716552734375,13743432,5045.8125358459965,5061.844702964222,4995.579160448261,5055.43212890625,7618399,372.7849486389675,377.97987377692124,371.6360797587633,376.2815246582031,44848773.0,712.3205385055331,714.4185128957484,706.7258994802978,711.0217895507812,34305229,11156.47937633015,11161.838036872883,10982.534267774463,11038.5166015625,2331962
2024-11-01,2587.2093923804646,2624.6834565806453,2577.21630859375,2577.21630859375,11356028,5012.680419390571,5100.3220292527185,5012.680419390571,5080.0146484375,3814140,378.07977251349183,385.67231300221414,377.83001708984375,377.83001708984375,74742153.0,711.4214459819469,713.8191835154153,707.3253770873534,708.923828125,48832143,11064.50794752824,11110.493434118978,10998.52877111544,11018.5224609375,3969980
2024-11-04,2594.70408137431,2617.188518821228,2592.205810546875,2592.205810546875,43490800,5055.432628520269,5101.390796427206,5055.432628520269,5058.638671875,2854989,379.8779634206083,385.7222458784693,379.67814690550955,381.6262512207031,27542215.0,711.0219517526535,720.5288767598342,710.5224281194111,717.0162353515625,16376922,11012.52480373234,11338.421961141268,10926.551933986428,11038.5166015625,2433650
2024-11-05,2583.711708997478,2609.194071627312,2580.214129812991,2606.69580078125,13485462,5065.051544525138,5075.739331271096,5029.781165088356,5051.1572265625,3521556,380.4274247792988,385.87210486175684,380.4274247792988,384.7232360839844,25926595.0,716.7164342800486,721.711669921875,714.4185771032104,721.711669921875,49440052,11040.516204719324,11048.51368114433,10006.842376787436,10110.8095703125,4440784
2024-11-06,2596.2032274590165,2622.1852459016395,2574.218442622951,2590.70703125,15541139,5077.877191149582,5081.0271164339165,4906.868699028412,4919.6943359375,4796584,384.8231711915922,393.0651002199441,382.2496720231048,386.12188720703125,47116382.0,719.0142972703668,728.904828173733,718.8144756307324,723.510009765625,20818302,10326.740397365073,10376.724620004787,9865.885864626902,9918.869140625,7726112
2024-11-07,2615.689699378787,2627.6814000063114,2575.8293469978953,2597.7021484375,10552534,4879.488021265872,4916.899378755568,4857.041401981267,4862.3857421875,2748507,384.9357842161646,387.6835412741645,380.96002564627094,381.1888427734375,76438610.0,719.3917909588473,722.6889911373559,714.0962802498975,714.9954833984375,46222367,9887.879265544665,9896.876425931876,9666.948993814267,9721.931640625,8032972
2024-11-08,2606.196232513648,2606.196232513648,2556.7304681311994,2562.726318359375,6302712,4867.73062184125,4876.281762328083,4828.181719095417,4849.5595703125,3141950,381.4886122915115,382.3379251758412,372.0463374980285,372.99554443359375,36605259.0,711.1986232871757,712.5655094885361,689.0173667693807,689.4170532226562,22518252,9842.893957915214,10004.842853018024,9802.906576408348,9899.8759765625,4062390
2024-11-11,2567.7230872300092,2577.716171827129,2543.240029967065,2548.236572265625,6332301,4867.729510131422,4872.005079398369,4830.31864506287,4841.00732421875,2182168,374.44434291236206,377.1421529102731,372.0962535427264,372.6957702636719,22710044.0,700.4077198996167,704.4243428865421,691.7150583974404,698.6092529296875,15570042,9961.855919621621,10043.489334830989,9936.863807429894,9981.849609375,1983432
2024-11-12,2557.729595254015,2561.726828456209,2511.2617592785073,2516.25830078125,12884295,4827.11353836142,4835.66467989311,4786.495372074319,4823.90673828125,4342089,372.99553379839165,374.54428795334854,366.0012428207108,367.00042724609375,40772606.0,695.4120443759612,696.1264672026066,688.1182233486221,693.3138427734375,21699452,10286.752991272522,10286.752991272522,9742.924650431682,9986.84765625,3567212
2024-11-13,2530.7484749671253,2553.732567730894,2500.269569345606,2523.253662109375,10718155,4813.217234943148,4828.181486061308,4790.770126231316,4826.04345703125,4197467,367.450087388063,370.1478976434606,364.9021791967242,369.7481994628906,43776178.0,698.4094187489935,700.4077289600064,695.7116877674085,700.2078857421875,45864605,10234.769164268902,10304.747074163299,10072.820287084729,10140.798828125,2832613
2024-11-14,2519.0262073363897,2543.5118816390045,2511.530592753956,2530.019775390625,12917307,4818.562011970394,4860.248945613628,4782.822615909812,4838.87060546875,3544456,373.1454467070372,381.2388163938352,372.09628473426324,378.9407043457031,34226590.0,699.3086676870306,709.3191844225136,699.0688192406571,705.6033325195312,16098944,10144.797398009376,10300.748166051302,10090.814439841017,10288.751953125,2533693
2024-11-15,2525.522563989439,2573.0958077605464,2521.025194959778,2559.502685546875,9288630,4843.145868666867,4854.90380859375,4803.596966756158,4854.90380859375,3474363,377.04226592153765,385.68520549006985,376.9922884024145,382.3879089355469,31313356.0,708.9005765983135,718.3925504921598,706.3027976102759,716.1943969726562,20558734,10110.80864934105,10144.797921051313,9939.708358139187,9974.8515625,3178704
2024-11-18,2554.5056217410197,2597.9801892471755,2547.0100066537516,2587.486328125,17917445,4865.592516831348,4872.00562744168,4834.594758164845,4868.798828125,3450441,381.93822100339366,388.9325115122851,380.78916508975595,386.7842712402344,38396152.0,716.1943526598462,727.18505859375,715.195197574946,727.18505859375,18247606,9916.87049293999,9941.862606077439,9840.894469002144,9911.8720703125,6304337
2024-11-19,2584.987663756909,2600.9783084969476,2564.9993578318604,2570.995849609375,51942978,4868.799470832306,4885.367366795338,4843.862466858138,4870.9375,3588169,386.9341450693143,389.1823098889552,380.48939372260213,382.4877624511719,29990253.0,724.2875789852675,729.9827144461175,711.9979220848912,723.6880493164062,22521670,9956.858079671289,10030.834736086517,9917.870382371371,10020.837890625,5404738
2024-11-20,2557.503622775076,2573.494266762728,2546.0103474089515,2549.50830078125,6943479,4868.798567137338,4869.8678255342675,4842.076379651154,4851.6962890625,2274035,381.2887775650211,383.7867385940206,380.4894117401283,381.2388000488281,28987219.0,721.6898051962309,727.2851110337928,718.0928707877658,721.8896484375,14605866,10084.816944245913,10150.796119337132,9954.85796300563,9965.8544921875,1867220
2024-11-21,2556.5047308944213,2599.479595409066,2551.507653625277,2595.48193359375,14246486,4837.801527981219,4868.799289585662,4823.906046989307,4854.90380859375,3580163,383.53695494547054,389.7468826060917,382.68764206949385,388.2830810546875,31243080.0,723.188471177521,728.783776497843,719.2918027591647,726.285888671875,15315239,9863.886722535126,10084.816991682817,9863.188700659946,10058.8251953125,5454398
2024-11-22,2610.4727650487416,2616.968964502347,2590.984166687926,2601.47802734375,27151006,4879.488322149513,5020.998904940028,4874.143981613732,5015.2373046875,3688555,392.8293754662963,394.5779483207754,388.3830227890924,392.3797607421875,36507407.0,728.0843185116314,731.4814091912349,716.9936605408077,723.7879638671875,29363716,10180.786811390108,10544.671964507352,10136.800693980333,10470.6953125,2868658
2024-11-25,2597.4807475104108,2610.9728560488447,2568.997407262605,2572.495361328125,36252866,5021.650773897147,5038.753053587859,4993.859325388216,5006.68603515625,6863009,392.12991505227205,397.1757838831467,387.5336608886719,387.5336608886719,55878231.0,723.2884911948307,734.4789809190412,722.9886958406934,733.0802001953125,52078480,10480.692157365858,10542.672595534179,10400.717398438992,10470.6953125,5509464
2024-11-26,2562.5010379202145,2575.846258835868,2545.510976436344,2553.006591796875,8383836,5014.168534184956,5036.615154853686,4994.928713046918,5015.2373046875,3170731,386.53451969555323,388.39201241379766,383.0873210646922,383.1372985839844,36191208.0,732.680438848603,740.2290484781346,729.2833480235729,731.9810180664062,37433213,10528.676831901688,10560.666734923037,10404.715957693958,10488.689453125,1993298
2024-11-27,2552.0072965629465,2555.505250562543,2525.0230799946285,2536.516357421875,7992269,5033.4085903216255,5063.337581951604,5025.926708431443,5059.06201171875,3629933,383.2871307150419,385.03570336383984,381.188837437947,383.836669921875,45565981.0,733.080144315853,733.9793473589374,724.1876391048343,731.2816772460938,25984681,10522.678651038204,10542.672340285855,10420.71083587519,10528.6767578125,1962171
2024-11-28,2535.5165594177424,2541.0133434448603,2522.524160808192,2530.019775390625,4926317,5048.37261162044,5062.733176825917,5036.614673147811,5055.85498046875,4552645,381.488633300708,385.13568115234375,381.2388371734831,385.13568115234375,15369425.0,734.3790338115908,734.9785025069804,729.9827267667655,731.2816772460938,18051198,10632.644954543846,10650.639276580494,10568.665142857986,10590.658203125,1606465
2024-11-29,2519.5259149752183,2539.0145128895447,2517.2562467836237,2530.019775390625,8452272,5038.752901699075,5054.786410431563,5013.741721247987,5024.857421875,2176369,383.4370437784642,385.4853597631362,382.33793475313445,384.3363037109375,20089503.0,730.5822000108947,733.2799308989389,728.6837809828229,732.0809326171875,20235257,10564.66525145472,10609.248834846157,10528.67661130972,10608.6513671875,2380552
2024-12-02,2518.0270580452593,2535.0171195601506,2495.040504230994,2512.5302734375,6512497,5044.097965341582,5080.440069789371,5026.995683713657,5068.6826171875,5121021,383.53693053529935,393.7785704349393,376.4926623574955,380.2895812988281,21721770.0,733.779507549171,738.4754875896879,730.0826215947247,737.2765502929688,13776663,10592.656669716458,10642.640893337242,10412.713464681638,10550.669921875,1931093
2024-12-03,2526.5219856465183,2570.995968384362,2523.523739619248,2554.505615234375,8589649,5048.372758673482,5074.0261771666455,5016.305741545514,5017.375,2872162,382.7375974144493,390.28145842659376,381.87032432560324,387.2839050292969,38341720.0,743.8710282523748,749.8659593061213,742.1724522570948,743.0717163085938,17859061,10580.660697115385,10800.591286057692,10558.667638221154,10786.595703125,2193680
2024-12-04,2563.5003369053793,2570.9959519255704,2525.5225541364107,2529.0205078125,7758984,5006.686264850321,5007.755523397332,4943.621971614877,4989.583984375,3218131,388.0332671337564,390.88094876712177,383.88665797982543,384.0365295410156,26302667.0,744.1706966861777,747.1681619475213,741.9725432978084,743.5712280273438,15505348,10680.629989041627,10682.629358189706,10418.71263064319,10476.6943359375,4060643
2024-12-05,2513.0300077608135,2520.0259155175545,2488.0446229153094,2492.5419921875,8422443,5005.617906884876,5007.75593613204,4978.895713445535,4988.515625,3591377,382.38786176698756,383.84166157498794,377.9414792260768,378.8907165527344,23462098.0,743.7711489716932,750.8651264381505,743.4713536273582,750.665283203125,15648577,10510.682232007262,10632.643734033598,10476.692960950744,10614.6494140625,3715214
2024-12-06,2501.536653606424,2510.5313918734864,2467.556531264187,2476.55126953125,11563571,5000.273331490017,5005.617672322828,4938.277806573994,4944.69091796875,2439086,380.4893946526936,383.93659291497767,374.84400907922156,377.44189453125,49269965.0,749.9658883407318,751.4007103720072,741.4730689186155,742.9718017578125,27201774,10618.647794219014,10730.612448046215,10604.652212490613,10650.6376953125,2351711
2024-12-09,2476.5510521002734,2550.008074832061,2476.051344462642,2535.016845703125,9364160,4928.656840217742,4930.7948691186575,4879.48803177306,4923.3125,3509883,378.5909592495027,397.1757950009132,378.3331740678454,393.5287780761719,41255190.0,748.3672622415729,752.9633518752527,745.8693741833567,749.46630859375,10752723,10690.625571227925,10732.61231837507,10592.656494551253,10698.623046875,2639783
2024-12-10,2520.0259752075076,2529.520421673687,2514.029482702552,2521.025390625,13143139,4925.450630992497,4934.001770727339,4884.832473240477,4917.96826171875,2027874,391.9800269302409,396.37646267325744,391.3995071377902,395.17742919921875,27056028.0,751.0649700661847,752.2639684933722,747.168240423724,749.3663940429688,12480036,10646.63906707067,10694.623919203947,10504.683879509728,10508.6826171875,1481524
2024-12-11,2497.5391690697093,2517.3147115694005,2481.548522128887,2491.04296875,9894494,4899.796803471958,4956.448471154144,4898.728032993477,4939.34619140625,1616523,392.87932481774584,396.2265682193205,391.6802913207091,393.7286071777344,32162289.0,749.3664342663742,758.2589403464405,749.3664342663742,755.261474609375,22689657,10490.689661077766,10582.66063961971,10436.706695411844,10534.67578125,3058026
2024-12-12,2514.029261350346,2521.025168656827,2498.331413538204,2503.535400390625,7117142,4899.796958688441,4961.79296875,4859.179287012025,4961.79296875,2470253,397.27573550364906,399.47392295424106,395.3772911850095,396.7261657714844,23371766.0,755.1615206574535,761.3562953623705,754.8617862811955,760.45703125,14616549,10540.672612781509,10572.662514489497,10464.696596225042,10564.6650390625,1596780
2024-12-13,2512.5299992495497,2519.0261985316192,2491.042570855013,2497.0390625,8267094,4962.861408873593,4984.2392578125,4954.90809751285,4984.2392578125,1676177,398.27487703373384,398.57462013339955,392.2797710989341,395.6270446777344,54185785.0,759.0581649902871,765.5526733398438,750.265612036836,765.5526733398438,17831401,10542.671672186962,10550.669147379214,10432.132350767482,10464.6962890625,2015813
2024-12-16,2489.5434970510473,2500.8169308457404,2456.562792353061,2457.0625,12972923,4974.619529554756,5003.479260659462,4959.654790739234,5000.27294921875,2391128,394.0283749050879,395.7769476080459,383.6368632260469,384.7859191894531,55594578.0,762.1556401637017,767.650994238141,759.757704066833,760.8567504882812,18511887,10516.680949496389,10602.65381657402,10478.692938462087,10520.6796875,1359168
2024-12-17,2419.5847269630785,2428.079758016026,2402.0659213975173,2412.089111328125,22053156,4999.204123182815,5001.341664119535,4935.07057473554,4972.4814453125,6289862,379.0405897638694,382.83747810173156,377.6916847910782,379.78997802734375,44072222.0,761.056496120677,763.6532994008387,756.9599233823167,757.0598754882812,20337157,10380.724035670093,10528.677344344898,10346.734762055612,10502.685546875,2365428
2024-12-18,2420.5839393618876,2438.073707709878,2414.5874473568624,2417.585693359375,16337276,4977.826786496712,4983.17112741211,4917.968801779585,4925.451171875,3306108,380.48942513088974,387.2339201465509,380.48942513088974,383.0873107910156,53111191.0,760.3571471378813,768.849966783968,758.9583053909694,767.2513427734375,17505571,10478.69336541248,10504.685163494976,10320.288273267435,10348.734375,3573076
2024-12-19,2407.0915073164037,2428.0792264999805,2402.5941389199234,2404.09326171875,13959583,4898.728361412766,4917.968671430576,4872.006169520942,4896.5908203125,2511547,380.3895234246946,385.05969216350144,378.14135846472044,378.7408447265625,53166712.0,757.1597925737402,766.7517190105528,755.4612165500095,764.45361328125,22468143,10272.756501137861,10304.746400713222,10162.282592878357,10240.7666015625,1895911
2024-12-20,2400.595712913056,2409.090743537436,2373.1117903047675,2393.10009765625,21158730,4894.4530475503025,4899.797388603976,4833.526290678342,4873.0751953125,6985769,376.692528848995,379.69008212896046,373.4451794623657,378.7408447265625,89845670.0,763.7542216956791,764.9531590898148,748.9666766763718,760.1572265625,75955984,10218.775374056955,10276.803937624843,10080.818907453564,10252.7646484375,3840236
2024-12-23,2394.599153321529,2408.5909680738246,2385.6044152664813,2407.591552734375,6564724,4828.181159531485,4884.832336685374,4810.010110108677,4868.798828125,2231175,378.74084765630215,380.6892695004272,377.2920485220583,380.3895263671875,15893791.0,766.7517190105528,769.3494981172516,760.9565701079898,764.45361328125,13697932,10304.747880460205,10462.698032294966,10300.749142439072,10418.7119140625,2737381
2024-12-24,2418.08563154526,2435.7952436752994,2417.585923830537,2427.580078125,3634589,4867.7306747909415,4881.626156227425,4858.110763644382,4877.3505859375,401334,382.3878553547331,383.38703968490734,380.93902587890625,380.93902587890625,13684120.0,768.2504217386285,772.1470902462061,766.4518936758793,771.3477783203125,3604795,10474.693778596924,10494.687467809745,10432.70703125,10432.70703125,754282
2024-12-27,2423.5823037511523,2447.068565251421,2420.084349910687,2439.0732421875,5924098,4882.695031015859,4897.659281842795,4850.628012350486,4892.31494140625,1144204,382.58774235903553,386.78432949348945,381.5386108217677,385.13568115234375,15838283.0,773.1462814823763,781.8389439181854,770.8482367193354,776.4434814453125,13069986,10450.702088125896,10456.7001953125,10356.731742202437,10456.7001953125,1126432
2024-12-30,2427.580109017487,2447.7082286635987,2424.5818626909936,2440.572509765625,5181790,4889.107825049573,4891.245853899447,4834.5946776885685,4847.42138671875,1359467,383.5868886473415,387.23390564289724,382.9873719031994,386.4345703125,16079192.0,775.2445240031539,781.0396118164062,772.846527191798,781.0396118164062,11565121,10446.702567473638,10478.692470072601,10356.730966414058,10404.7158203125,812636
2024-12-31,2439.0734847504796,2483.0477659752373,2439.0734847504796,2474.552734375,3092232,4830.31962136761,4862.386153339514,4815.354881897137,4861.3173828125,759988,386.4844882899644,392.679443359375,386.4844882899644,392.679443359375,8893052.0,777.8423532538936,784.7365487937057,775.7441516462618,784.6365966796875,5261702,10330.73857959227,10466.695657860562,10316.167007971228,10464.6962890625,377953
2025-01-02,2476.5513506860284,2532.5186128484247,2466.0574890305793,2525.522705078125,6040823,4853.834838996662,4916.899618174737,4841.008129063311,4906.21044921875,1506259,394.67785049058625,403.7204573996874,393.22902086765913,402.8211975097656,26179116.0,776.3436024422165,784.4367352943152,767.7208880537781,782.7382202148438,22903622,10402.717151120061,10646.640174844191,10310.746174961783,10626.646484375,2588002
2025-01-03,2532.518512641852,2574.993665280873,2526.5220205045784,2564.99951171875,10583950,4884.832801467328,4931.864073169134,4867.7305208484895,4875.212890625,1681071,403.6205717605492,411.01453061007345,402.7712588774366,407.6173095703125,28423669.0,774.8447954674666,786.6348136853409,774.8447954674666,781.6390380859375,22045530,10652.638645695677,10782.59763818258,10524.679022323957,10590.658203125,2879413
2025-01-06,2577.991750509593,2583.988242272748,2559.5025675731995,2575.992919921875,7942966,4831.3879903387815,4845.283470104262,4730.912344619805,4754.427734375,3072604,409.1660337244861,415.36098953350773,406.4042803327155,413.7123107910156,30143079.0,781.1396097727618,785.4359654124049,779.4410335477121,783.8373413085938,20891733,10548.67060087402,10726.614437772767,10548.67060087402,10708.6201171875,2451616
2025-01-07,2579.491018106521,2623.6051042922863,2574.4939413569928,2615.469970703125,18385646,4727.706388274752,4818.56214020441,4727.706388274752,4806.80419921875,3604347,414.2118566929014,421.6557922363281,411.5640242856892,421.6557922363281,42143206.0,773.8456886134197,776.2536257697394,766.3520247469244,775.3444213867188,19327480,10594.655877060777,10710.619274092203,10522.67859614472,10664.6337890625,2763990
2025-01-08,2586.986681676969,2593.234979713996,2553.0065591438356,2577.991943359375,10527716,4798.2529304489335,4838.87060546875,4783.288677975245,4838.87060546875,2086514,424.503450142299,425.8023775174434,416.50997585172564,420.05706787109375,37979014.0,782.0387969059313,791.7575694112516,780.7399073265905,790.5316162109375,23420002,10660.634845900362,10764.602027443278,10492.68786033104,10750.6064453125,1222394
2025-01-09,2600.9785984842824,2627.6029175857707,2597.4806445574063,2611.97216796875,13478482,4903.003520012573,4912.623430202312,4880.554948136669,4897.6591796875,2538675,418.6582606757012,425.8524005025258,417.7090233052563,422.3552551269531,23103305.0,793.4290332922033,801.8219604492188,789.4324129285935,801.8219604492188,61105458,10802.590625497702,10996.529417034491,10774.599459708887,10984.533203125,2841197
2025-01-10,2605.9758056640626,2673.076452127525,2598.480189732143,2623.465576171875,20667251,4899.796426874165,4911.554365302891,4804.665613117061,4846.35205078125,1876214,422.5051613472922,434.34550347444025,421.45599935294047,424.7533264160156,40095354.0,799.923537316234,802.2216428004957,789.6322521289775,798.4248046875,18662771,10976.535787254143,11004.526953196138,10896.561027419868,10978.53515625,3061815
2025-01-13,2665.4407766917307,2670.9375611955943,2636.4577311259036,2661.443115234375,27281071,4816.423318352213,4855.972217316202,4799.321039013943,4843.1455078125,1724713,431.6976099868254,433.54610723462866,425.6525565335995,430.84832763671875,46834170.0,793.9286022880044,798.8244865741385,787.7338895779885,797.62548828125,36198140,10896.560346906186,10932.54898658404,10790.593796743613,10818.5849609375,3953891
2025-01-14,2624.4647339643543,2671.437255859375,2620.9667802062145,2671.437255859375,21103161,4814.286233939877,4826.0436860825075,4786.494783368468,4788.6328125,4337822,418.8581256247228,424.2037379358148,416.3601645475064,419.9072570800781,104427143.0,799.2242621394194,801.8220412440938,793.9286908371632,798.5248413085938,20760701,10764.602948612419,10822.584650973073,10582.660365342781,10626.646484375,3903004
2025-01-15,2683.929790109168,2687.9274513120863,2661.942653493118,2679.93212890625,7715071,4779.012642958497,4792.908123481023,4758.703563411386,4771.5302734375,3078730,425.103043436687,426.1022279031099,420.3569172211784,422.655029296875,48695344.0,796.2267950616599,809.2158125276994,795.7272174668122,803.720458984375,24509644,10624.646934870398,10670.632422168483,10574.140413441934,10644.640625,1861443
2025-01-16,2693.4242261586555,2710.4142862123467,2680.4318272940686,2687.427734375,11776593,4779.012674646711,4826.04345703125,4774.737104609657,4826.04345703125,3069271,427.8008230608094,432.4970022485404,426.5518424781884,428.4502868652344,35060269.0,815.1108204092501,821.7052814848196,810.1150442839377,817.109130859375,24013907,10724.614729343417,10840.578125,10718.616622671523,10840.578125,1140265
2025-01-17,2716.910593154478,2733.9006538804765,2708.415562791479,2718.909423828125,11853851,4872.00565910082,4914.761356857632,4851.696580660576,4903.00341796875,3668736,434.14564987124714,438.7419045069721,433.3712880097156,433.94580078125,40947844.0,819.8068512202988,827.6002496750343,817.808540796849,822.0050048828125,31916347,10946.545041869515,11118.490772207557,10906.557662721132,10934.548828125,2895289
2025-01-20,2712.913124004606,2740.58883006553,2707.9160469664685,2720.908447265625,12675997,4879.488132911961,4936.139311649529,4878.419362450866,4917.96826171875,3119480,432.29712402054275,434.8950095558297,428.6001600407814,429.34954833984375,41151712.0,824.3031098496011,827.9000444809599,822.9942188660324,824.6028442382812,22745957,10938.54803576495,10980.534785673755,10790.5947265625,10790.5947265625,1013433
2025-01-21,2715.910963802518,2721.4077477218975,2689.566270240758,2693.923828125,8134101,4936.1394166620485,4944.690556578809,4914.761566870146,4932.9326171875,2873604,429.34954317297047,431.1980098942624,424.7532888954962,426.5018615722656,36304387.0,826.6010794564224,828.4994987176719,823.1040362788738,824.8026123046875,15984094,10828.583070371878,11048.513671875,10786.59631917583,11048.513671875,1327333
2025-01-22,2682.930551410075,2709.415058622728,2673.935813111438,2694.423828125,7083339,4929.725759553077,4961.792777874137,4867.965467007776,4884.83251953125,6707143,424.1038544442865,429.14972374879716,423.1046699885268,425.9023742675781,27891024.0,827.2006335213309,827.8001022616974,820.406329218004,822.3047485351562,14599008,11006.526067319124,11094.498301099695,10944.545629882812,11036.5166015625,1999147
2025-01-23,2667.4398243861815,2700.1936160342443,2664.9632455841447,2681.431640625,7793224,4881.626183584053,4924.381886722906,4878.419871865959,4911.55517578125,6341194,422.20535495369575,426.95148084167624,422.00553636981454,423.4043884277344,25528694.0,820.3064499949254,828.7992695137523,820.2065588646129,828.5994262695312,20377732,11094.498240843688,11152.479940065974,11030.518434805303,11042.5146484375,3383647
2025-01-24,2672.4366915404344,2672.9363992239682,2615.4700156175454,2618.46826171875,10594536,4892.314833239845,4909.417112677108,4850.627905105756,4857.04150390625,1710081,423.70412446294205,425.402750107304,418.3585124200419,419.507568359375,46315438.0,828.2996053905534,828.6992918372537,814.7111199729983,817.3088989257812,39775138,11102.49600360577,11134.485907451923,11018.522506009616,11046.513671875,1374874
2025-01-27,2604.4763468511105,2617.9684537899016,2581.989501953125,2581.989501953125,6118913,4857.041821486371,4968.206157074077,4843.1458525177195,4962.86181640625,3186428,419.1078851757379,422.10543820693584,415.91048307871887,416.60992431640625,39404680.0,818.5078957625153,827.2005576015946,817.4087885279251,823.8034057617188,17558628,11066.507361778846,11210.46192908654,11024.52061298077,11176.47265625,1228179
2025-01-28,2604.476596552935,2610.972796812948,2576.492964663648,2579.4912109375,5650177,4972.481881958568,5021.651184097347,4959.655171142767,4965.0,2339924,420.6066745340655,423.0047109337078,415.91049577805524,418.0087890625,36882689.0,824.1031307879457,826.3012842486867,817.0091538293067,823.503662109375,19402631,11190.468013337902,11284.43835398948,11130.486944836895,11166.4755859375,6515272
2025-01-29,2573.4946025635236,2606.4753100915223,2556.64654788484,2593.48291015625,8374553,4925.450788060851,4969.27525859368,4888.039428522141,4940.4150390625,3352851,416.26024337197833,418.75820446939457,411.8138604215018,416.0603942871094,51549072.0,824.7027552530052,835.0939331054688,823.0041791570113,835.0939331054688,19831233,11128.487606907163,11322.426395601018,11116.491393173523,11228.4560546875,1703695
2025-01-30,2585.9872552267916,2670.4378535134247,2584.9878398624523,2661.443115234375,8887877,4942.553222392669,4998.135639665171,4923.313398886825,4983.17138671875,2264818,416.9596328563405,422.70494308652775,414.9612640806232,421.1562194824219,28815750.0,834.7941319151172,839.4901733398438,830.7975112955355,839.4901733398438,10693432,11238.452408244211,11326.424638445731,11152.479546910907,11310.4296875,3102211
2025-01-31,2664.441146842041,2694.424581350131,2658.9443627806636,2676.933837890625,8534089,5002.410847153685,5008.824446538886,4943.622122245793,4951.1044921875,3901840,423.1546104656874,425.65257156642934,419.1578727045003,422.1554260253906,52394739.0,842.6874899867352,849.0820464482723,840.7890707810775,844.9855346679688,31734396,11418.396288959197,11434.391240861083,11309.107538924987,11340.4208984375,2934215
2025-02-03,2654.44715633327,2663.9416021108173,2612.47171184306,2625.464111328125,13224191,4911.554999770225,4975.688552180207,4909.4174587014295,4956.44873046875,6039388,416.6598870413644,426.65173085530597,409.86544544495905,419.6574401855469,47210612.0,828.0998749595547,835.7933827295167,814.311544440593,820.9059448242188,19485136,11244.451216909809,11346.419035555327,11224.457526979315,11272.4423828125,3214870
2025-02-04,2619.967295236717,2654.447124222285,2598.479865579044,2650.449462890625,33837130,4945.759377040767,4952.172976054674,4909.417276038813,4920.10595703125,2502069,414.2118670553819,422.2103427903592,411.06444239853334,421.85565185546875,46640495.0,831.1971817465859,831.1971817465859,821.0057871661654,828.4994506835938,14772711,11176.473189242406,11300.434072557797,10960.541327983341,11026.5205078125,1998421
2025-02-05,2651.4491809981982,2669.9383667684456,2619.9675944164255,2643.453857421875,22247033,4889.10807361872,4973.550701033015,4886.97053268319,4952.1728515625,2110494,422.1553880242102,426.9015136883877,421.0562791402844,423.6042175292969,50277715.0,821.1057769490808,826.601130855508,819.1074664376528,825.8018188476562,42242938,11030.519256344935,11156.479508864371,10938.548278314871,11122.490234375,1977083
2025-02-06,2647.9508826700653,2692.424864281244,2638.9051492591675,2644.95263671875,6027868,4981.032690071096,5014.168479472889,4960.724098652111,4987.4462890625,1996046,424.10383905513356,435.6943539272178,424.00391451464554,428.6501159667969,36040516.0,829.2987765905992,847.2835693359375,829.2987765905992,847.2835693359375,11756513,11360.414400559986,11974.220669650433,11328.424497284914,11782.28125,2998505
2025-02-07,2642.9541496983547,2653.947719615799,2630.96116433387,2643.453857421875,7001590,4976.757633683822,5021.6513671875,4973.551321880285,5021.6513671875,2567658,428.75005806823015,435.14483251643196,428.1005942674899,432.89666748046875,79059373.0,844.6859143088884,853.378516624758,843.9864934027518,853.2786254882812,43924520,11596.33984375,11680.313339170258,11496.37139682112,11596.33984375,4539386
2025-02-10,2645.4526469856983,2651.9488472899698,2615.9698917586193,2637.95703125,10542669,5018.444362432779,5064.4068646607575,5010.961992483857,5032.33984375,4797849,461.02368828347886,468.56754899908395,454.6289140524871,464.7706298828125,104471976.0,852.2793405441064,871.4631315666707,851.7797629705166,865.4682006835938,35776874,11580.34597947602,11796.27784511542,11522.364274813588,11714.3037109375,1311552
2025-02-11,2652.9484220258523,2705.531682356328,2648.950760060095,2697.922119140625,8360709,5051.580334966885,5077.233757405763,5032.340024126175,5048.37353515625,3652051,468.317737374219,469.4667933280683,455.6280833812196,461.87298583984375,50335807.0,871.8628248526494,874.8602905273438,865.6681112451573,874.8602905273438,32328302,11684.311835964383,11706.304893834953,11534.366002445457,11620.33203125,11271759
2025-02-12,2680.932004463666,2702.919144854421,2670.9378497405955,2699.9208984375,6118467,5076.164216997646,5088.990927505045,5047.304484373303,5078.30224609375,3585842,459.6248125,471.86482109375,453.67965327167514,468.36767578125,24815171.0,871.9627424915944,881.6045534405077,868.5655904678117,880.9551391601562,19511190,11666.318014326227,11828.266901928699,11576.346410102631,11798.2763671875,4282148
2025-02-13,2632.730601708349,2656.719035436899,2623.2351800241313,2650.22216796875,7079010,4872.005430706122,4899.796388933722,4679.605287843024,4791.8388671875,12559564,464.6207153112527,468.61745264726346,460.5240534433044,463.5216064453125,43959044.0,873.3615060942467,878.7569683833858,869.264994307613,875.1600341796875,21567042,11998.213597661474,12056.195299766487,11848.260919803683,11960.2255859375,4659511
2025-02-14,2648.2234739932715,2692.702033945225,2639.7275692833477,2672.711669921875,10577558,4772.59940078188,4793.977252423827,4696.708393470287,4702.052734375,5118726,462.7722253868886,469.4667727258229,459.92454389218705,467.4184265136719,49636369.0,863.5697479822122,870.5638337409216,861.2717034296396,868.9652099609375,20849232,11840.262750696638,11904.242556171528,11674.315130246145,11704.3056640625,3001389
2025-02-17,2665.215199784626,2693.2017085391612,2661.2171271054062,2685.705322265625,14494143,4657.159000954807,4693.501592750169,4651.814660051196,4681.74365234375,2942211,465.3201953394752,465.6199384675935,462.12279300700004,462.3725891113281,11120120.0,873.2616600662404,882.8535257604866,872.5182700454321,880.5554809570312,15119346,11678.313808363657,11730.29740004615,11640.325799057218,11710.3037109375,719403
2025-02-18,2680.7080209305036,2693.201999402402,2666.2150059031014,2678.708984375,11807743,4686.019064988752,4696.708234459383,4607.990031143154,4638.98779296875,2891437,462.07286570220526,466.4192937088477,460.0744967822999,462.02288818359375,23265012.0,888.2489597654553,900.8382907072765,887.1499134550207,897.3412475585938,24580960,11760.287846684658,11840.262602527464,11679.351480313224,11784.2802734375,1256095
2025-02-19,2681.7072560302554,2700.6981013021805,2677.7091833414293,2684.705810546875,5594879,4646.469990084176,4704.18994140625,4630.436480485743,4704.18994140625,4005853,466.6191443695561,469.3669016436809,461.2235543661763,462.9221496582031,31834480.0,895.3429145126505,907.2328853104866,882.953427118389,894.6435546875,29770954,11804.274807224027,11832.265973772322,11684.312664874189,11700.3076171875,1300004
2025-02-20,2674.2108826047443,2692.7019688795294,2665.2152190116053,2682.706787109375,5119717,4719.155014715216,4722.361326443525,4630.97119370171,4681.74365234375,4237300,452.2911860601589,453.8401162585829,447.8442102051917,451.69158935546875,62815077.0,888.1490502486035,892.4454052598695,876.3589705188897,879.0567016601562,25435913,11478.025752938956,11608.003396482689,11440.032287903095,11588.0068359375,2955085
2025-02-21,2673.7111804835604,2678.2090123759626,2632.2311752536284,2636.229248046875,21424501,4666.778763003455,4699.9140625,4655.020824202474,4699.9140625,4519111,450.09265615187127,451.6915704652584,445.4957889371661,447.19464111328125,86698966.0,878.5571271492738,889.2480996450962,876.2590824592689,885.0516357421875,26784718,11550.012195187051,11775.973306346355,11532.015292528346,11705.9853515625,2971779
2025-02-24,2633.730478484105,2646.7242151900987,2615.239391633268,2632.231201171875,7355412,4724.498524371611,4791.8388671875,4707.396246070624,4791.8388671875,4900642,448.0940405055359,450.0427221754234,444.39658339672445,446.1953430175781,29505331.0,871.762877065239,881.154959962301,871.2632994852588,876.95849609375,24003811,11721.98384042909,11837.963892074413,11701.987279800585,11769.9755859375,1943083
2025-02-25,2628.7329134058873,2655.220146183551,2620.2370085526745,2628.233154296875,7761677,4697.776808116016,4731.981368151598,4627.230147054157,4730.91259765625,6037270,444.4964708756375,449.0933380859189,436.60186767578125,436.60186767578125,59017141.0,883.7528441568558,904.6352138785918,881.2549559596912,898.7401733398438,26018729,11797.969974386104,11979.938663821551,11795.970318458243,11929.947265625,4093763
2025-02-26,2634.729909449377,2647.7236457251133,2619.2373777359985,2645.724609375,9438766,4712.741059120054,4737.325708651393,4698.845578611364,4730.91259765625,3465027,436.55187813926375,442.69767497695244,424.8098969180918,430.6059265136719,69134691.0,905.5343470877914,910.9298095703125,893.9941167050816,910.9298095703125,23218021,12131.912705569612,12205.89997606674,11879.836934557108,11879.9560546875,4016833
2025-02-27,2647.723613480098,2663.715904086244,2633.2306001182774,2650.72216796875,7528393,4662.921789754836,4752.7163273211845,4653.30101616799,4751.6474609375,4277524,,,,,,906.2337257143064,916.9965977248534,906.1338345922285,911.5292358398438,37351508,11761.976311249271,12045.927456471542,11761.976311249271,12015.9326171875,4160614
2025-02-28,2641.7266078827415,2651.2220308017295,2614.239857327775,2634.72998046875,20337256,4747.371697732508,4816.855824528189,4740.958011106333,4796.54541015625,9324281,436.25207183750445,439.5498381078829,431.40540603315225,437.0515441894531,68589964.0,912.4286093125078,932.8393318036632,908.3320360949126,932.8113403320312,100448770,11939.945878462358,12063.924549449574,11901.952414772728,11965.94140625,4994802
2025-03-03,2654.7199675324673,2679.2081600040583,2651.3614794805453,2655.2197265625,14214769,4795.475576126524,4859.614876308802,4781.578849770401,4852.1318359375,3911215,437.60116081808576,440.7989892628149,432.4546813964844,432.4546813964844,101741803.0,933.2109770028597,949.3973037899923,928.6148873767976,941.7037963867188,40081355,11967.94079442178,12015.932536955803,11863.958685598065,11901.9521484375,3298899
2025-03-04,2588.2523362584575,2594.249445359655,2544.773295274776,2566.7626953125,14583734,4884.202226513658,4971.859034972519,4856.4082829095005,4935.513671875,4799988,416.56558633275677,419.713430965648,405.8229211354217,407.72161865234375,117915456.0,935.0094049092053,936.6080897867828,915.52587890625,915.52587890625,26339558,11913.950262985432,12141.911043445374,11901.95232717175,12061.9248046875,3693789
2025-03-05,2602.745110042392,2602.745110042392,2527.281494140625,2527.281494140625,13318210,4879.926777863864,4883.133865547635,4828.615327191178,4851.06396484375,4970674,412.7681444925349,415.9160194978005,405.37319995754336,407.9214782714844,44752858.0,926.2168809668536,935.5130371533787,920.845445968073,927.61572265625,24074743,11985.937535947087,12077.91487313321,11863.998557495015,12059.9248046875,5463457
2025-03-06,2550.7703863686834,2554.2686999863517,2508.244987545868,2531.779541015625,12483390,4831.82241487495,4855.339919066474,4778.372743057445,4851.06396484375,4709995,412.96799318915697,413.21782258612564,406.2225994710038,408.8208312988281,65366412.0,901.1035251435776,902.7026807321627,878.745847677535,880.514892578125,29804821,12019.932672397219,12053.926825687979,11931.94780505643,12025.931640625,2085930
2025-03-07,2541.7748276058487,2572.7598923544847,2531.2798863200205,2553.269287109375,8829502,4845.718826565184,4939.789813301083,4830.753231799731,4924.82373046875,4242341,410.71953685913644,415.56623335694644,409.62028139106303,413.1678771972656,43666529.0,876.6169240812277,889.5098439731406,875.9173583984375,875.9173583984375,46851769,11965.940746148111,12069.9228515625,11911.950037567563,12069.9228515625,3117551
2025-03-10,2564.263867623974,2584.7539901288624,2553.2691677433018,2571.76025390625,9915817,4902.3746573181015,5074.481666148039,4893.822750195286,5033.85986328125,6196899,415.1165525652124,422.13477078395937,413.867405482086,418.16448974609375,46811623.0,881.9141230863564,883.5132176316774,851.1310345757801,854.3292846679688,28712273,11911.950504889905,11941.945344166948,11641.996951396512,11839.962890625,2680025
2025-03-11,2578.257252401433,2594.2495439456948,2549.271223977459,2551.77001953125,13011253,5024.238940566097,5041.342754303748,4890.615517757409,4902.37451171875,5947673,419.06387199442776,421.861949278273,410.1199666282977,411.4190979003906,39596852.0,852.7301845274502,853.9295359293448,834.3402923691905,841.1365356445312,35168491,11791.970378001144,11835.96280606898,11466.02647913491,11478.0244140625,2003279
2025-03-12,2561.7653447872053,2567.402520501198,2528.281482496776,2567.2626953125,12445552,4926.961913194014,4940.858641382583,4883.13350764021,4899.16796875,5252537,413.8673891721851,416.6654968261719,407.6216540026883,416.6654968261719,40079176.0,847.7329400006237,851.5308352816174,843.4353200510375,847.2332153320312,30560699,11498.021895118025,11673.991621512876,11480.02499128219,11647.99609375,2588248
2025-03-13,2566.7627129453995,2614.239826989366,2558.2668083270055,2601.745849609375,12126429,4874.581219711993,4903.4435402991185,4808.303695252286,4837.16650390625,6177071,413.2178425544231,420.21306600758146,412.318462781225,417.56488037109375,30381819.0,852.9301326412605,860.7258256721165,848.5325309307522,852.6302490234375,22828435,11703.986330261898,11895.953302362555,11641.996995521062,11879.9560546875,2893497
2025-03-14,2607.243245968041,2632.231201171875,2593.249991053894,2632.231201171875,8552403,4853.20166015625,4871.374341617133,4821.131762927059,4853.20166015625,3626410,418.81403667326924,428.8072132558013,417.0152465903606,428.707275390625,51564755.0,850.6312582216215,873.2188485615469,849.5318884137033,869.5208740234375,20728833,11857.959577119289,12017.932050335065,11851.960609373698,11991.9365234375,2288953
2025-03-17,2632.231170015663,2675.210452457536,2628.7328563285337,2674.710693359375,14969064,4831.821340739508,4919.478138785393,4826.476033099205,4913.06396484375,5854327,428.9570964091867,432.9044132807277,427.60801149759965,431.5553283691406,42880741.0,872.7191528931919,878.8157693059345,869.1210987630683,877.2166748046875,12922266,12087.920150756836,12087.920150756836,11779.973136163528,11901.9521484375,1670383
2025-03-18,2685.2057486061526,2707.6949089797386,2682.7069530090876,2694.701171875,8090245,4930.167554864028,4932.3057754367655,4811.510222980404,4841.44189453125,3248300,433.7038563819591,441.0668402308176,433.59092690117825,437.5012512207031,33049836.0,885.4122180756899,896.306179568291,880.3149897062285,893.8075561523438,42782722,11905.951247058607,11975.939203667112,11807.968107806697,11843.9619140625,1483611
2025-03-19,2700.698232746089,2745.176793574069,2700.1984736356626,2739.679443359375,8383133,4816.855583765779,4866.029293731656,4816.855583765779,4838.2353515625,4611383,435.35274651923777,443.0974586339952,435.35274651923777,442.0481872558594,39490699.0,889.4099206524355,898.3049824632884,886.5114933985428,895.4066162109375,16401680,11795.970247661024,11907.950978949211,11767.975064838976,11781.97265625,1410679
2025-03-20,2741.17842204442,2768.165411067282,2735.681072428652,2748.175048828125,7437068,4854.270565544179,4903.443790138958,4844.64979152494,4878.857421875,4046627,444.0468075441627,448.1939697265625,441.9012693602305,448.1939697265625,53475526.0,892.5082721762583,893.9075256709946,872.7191871883372,875.6175537109375,31597430,11725.982511856368,11873.957052422087,11725.982511856368,11805.96875,1506768
2025-03-21,2754.1723028504025,2760.169411838645,2722.1877215797754,2725.68603515625,24000899,4898.0991205432165,4900.236853472404,4846.787673440161,4870.3056640625,7650330,446.69500956217445,449.7109557324192,443.3472891853439,449.6929626464844,129841217.0,879.5153465067549,884.0128681650281,871.5197524476026,881.1144409179688,68350881,11823.965424404236,11825.965080319069,11605.53914230491,11606.0029296875,3858629
2025-03-24,2736.6809932267774,2744.1773801695094,2714.1918323985806,2723.687255859375,5608416,4870.30526327897,4880.994903179004,4809.373046875,4809.373046875,3288535,447.2945538513998,448.6935923607466,440.1164417846865,440.4991760253906,28081446.0,884.2128382368915,893.007980178237,879.9152182998013,886.1117553710938,12608852,11606.002451809729,11629.998321799687,11332.049602757706,11450.029296875,973505
2025-03-25,2758.6701337872964,2803.6484511860026,2751.173747554179,2763.667724609375,23218375,4799.751953125,4840.373757526024,4789.062312851166,4799.751953125,7800125,441.2486824410541,449.19326971027084,439.3999692434313,441.59844970703125,82148900.0,883.0135027412292,892.5082715879091,874.5181832468314,888.9102783203125,42060244,11450.030319693908,11574.008992383573,11314.0537109375,11314.0537109375,2722505
2025-03-26,2780.6595951836257,2841.6302045675943,2779.160317903692,2829.635986328125,17198416,4802.959040433892,4826.476541876442,4783.71505237997,4799.751953125,3257604,444.4964658406582,449.7928675326146,442.54781477680217,446.6949768066406,30169898.0,891.0090876760434,902.5027550997949,888.6103848565548,895.206787109375,18401399,11296.056026621762,11346.047423446958,11124.08562154308,11230.0673828125,1736077
2025-03-27,2811.6447137607947,2824.017655929282,2794.652904257086,2821.14013671875,10656183,4806.166578383629,4849.994986136175,4776.234899516809,4829.68408203125,3764638,442.39791232246836,446.3451985319588,440.84895174930523,445.6956481933594,55300657.0,893.6075857212438,896.7059151209372,885.3121688151758,892.9080200195312,22478305,11166.079034923187,11242.065962453109,11108.08901128193,11194.07421875,1525128
2025-03-28,2795.652591164458,2822.1398252244717,2787.3565407486053,2795.15283203125,7951731,4817.924779079458,4906.650446455294,4817.924779079458,4903.443359375,3772100,439.3499818127453,442.4478725078596,433.65388972503825,435.20281982421875,40556610.0,882.6136324116824,895.006827851222,880.8656332025782,884.9124145507812,16143531,11224.068818058262,11442.03131603944,11224.068818058262,11414.0361328125,1392509
2025-03-31,2779.660115199806,2824.1386751158047,2766.166619494953,2823.638916015625,10694481,4899.1674654977205,4955.823726959638,4888.477825855922,4928.0302734375,5356049,433.9536854646128,438.1008475740775,431.6052829096676,435.80242919921875,43785191.0,879.5153170370844,880.5147662609902,865.8228504692673,873.418701171875,25759441,11330.051038103118,11364.045190529478,11140.08371572052,11252.064453125,1652602
2025-04-01,2824.13879583737,2840.630846848276,2788.1561390863008,2805.14794921875,8633598,4941.9268137752315,4977.203306555997,4923.754134229602,4938.72021484375,3729651,435.55255940221207,437.35131878994065,430.05631288812293,432.7044982910156,25402881.0,879.515303493692,889.109991494826,870.1214935591867,876.7168579101562,16914739,11430.033569142619,11484.024280543397,11300.05593058519,11364.044921875,1216768
2025-04-02,2801.149804424039,2811.144986598612,2759.170039290833,2778.66064453125,7455141,4930.168346653574,4975.066105223856,4906.6508449772255,4964.37646484375,3065363,432.85445808110876,438.7044678332735,432.25486135839776,432.80450439453125,34314699.0,878.9157398266555,882.5137329101562,870.9201454175035,882.5137329101562,17444364,11302.0552845008,11324.051499668796,11054.097949879764,11226.068359375,1425815
2025-04-03,2705.695813320056,2734.6818416119963,2651.72182960403,2666.21484375,15066303,4956.89372363279,5117.241755503557,4934.445087022923,5114.03466796875,5303870,421.91194847705634,424.4601964335168,397.02891315276594,400.1767883300781,57403350.0,849.5319399235676,855.8284585721035,804.2568969726562,804.2568969726562,44432340,11210.071968678678,11550.013501799509,11198.07403221559,11390.041015625,2026649
2025-04-04,2638.728079979347,2641.2268755096306,2477.8056478290914,2480.304443359375,21615208,5138.620756394366,5193.138795990511,5001.79024810572,5017.8251953125,6796741,399.77699959868437,399.97687532034405,364.8508672597694,370.4470520019531,69140272.0,787.1662587189851,790.7643128659136,736.6940681431345,759.5814819335938,42916672,11210.071122085492,11340.04875728627,10806.140625,10806.140625,2201554
2025-04-07,2293.394526409414,2472.308285497357,2269.9058485403266,2369.35791015625,20823771,4855.339140857204,4902.374629768362,4744.164836952213,4783.71728515625,8773336,347.6126281018808,367.94874705950775,342.26627292185316,348.7118835449219,77746410.0,722.7017599387935,769.3760541590864,713.1070711190289,737.3936767578125,50946823,10498.194145985606,10498.194145985606,9979.283406769746,10054.2705078125,6315153
2025-04-08,2439.8240372252244,2456.815847398444,2386.849570214599,2392.8466796875,16045622,4828.614473605621,4936.582176626517,4731.336898285229,4900.236328125,8971892,358.55515327936615,364.35121382873615,352.0595886873722,354.0082702636719,52382300.0,738.293116049648,746.6884524991316,724.1729074104379,734.7950439453125,51920540,10280.231642997216,10468.19930968497,10088.264664252276,10372.2158203125,3453705
2025-04-09,2301.890210232619,2345.369248072445,2268.8292453234667,2290.395751953125,27494558,4852.1320192779085,4884.201914614232,4767.682303563707,4813.64892578125,5667068,341.96652805106896,344.41483811022846,328.97539799238757,332.72283935546875,109096037.0,709.0093558474409,723.7012117153181,698.3152361668939,712.8072509765625,39115283,9932.290980065882,9998.279625594807,9571.857881535661,9665.3369140625,3442448
2025-04-10,2476.8059048443547,2497.2960263331797,2324.879150390625,2324.879150390625,13119231,4855.339320226349,4956.893342507459,4786.92406110086,4885.27099609375,6742566,365.25059840270495,368.9980395627874,341.3669128417969,341.3669128417969,46714392.0,759.5814637140304,765.7780615393747,732.8961553542945,733.2959594726562,38982513,10224.240580041862,10351.661035935544,9955.286862456172,10016.2763671875,3712987
2025-04-11,2309.3864904764,2334.8742011481804,2288.582556599141,2306.8876953125,17776542,4914.13386917667,5004.997764362399,4911.995648267889,4993.23876953125,5701506,338.36894873753033,340.51747549899505,329.57493547428055,331.4736633300781,80521952.0,748.7874495479471,752.4854242658568,731.8967314858563,743.090576171875,66920622,10010.277632191122,10066.267998491832,9838.307221410372,10006.2783203125,5087944
2025-04-14,2354.3652409075376,2386.00404434276,2346.5740742261155,2353.36572265625,9862707,5034.929536277178,5038.136623667853,4977.203915512512,5015.6875,3682456,339.71804654385556,350.0110061167528,337.7693649320841,340.9671936035156,60724929.0,762.2799676824118,770.4754638671875,757.4826234040075,770.4754638671875,19520753,10188.246973791787,10330.222544967295,10118.259016170057,10318.224609375,1379564
2025-04-15,2358.862962523719,2383.3511585329697,2350.8668168880454,2370.357421875,13610650,5029.583831851264,5038.1362269085075,4992.169604818329,5010.34228515625,3313645,342.16638944859375,350.86046602015625,341.7666684503425,346.513427734375,37146060.0,768.5765273356484,783.568267140635,766.6775492263986,783.0685424804688,19130783,10258.235860742947,10334.222793044746,10196.246521233585,10278.232421875,3745275
2025-04-16,2347.8683391578097,2438.8244987420417,2347.8683391578097,2433.3271484375,8155747,5055.240348197401,5086.240890905464,5035.998312265832,5076.61962890625,2979997,340.1677149952263,355.65713825305806,339.24835985423385,354.0082702636719,42450199.0,769.2761477335321,792.2634819121265,769.2761477335321,787.2662353515625,38902067,10278.231856165887,10320.224632231933,10152.253527967743,10252.236328125,1901968
2025-04-17,2424.83121424476,2449.6512820469447,2404.3410906289237,2437.824951171875,6800648,5048.82608499927,5139.689978686007,4922.151262266245,5137.5517578125,6321634,352.8590656892112,360.55379323891265,351.1102598147217,359.1547546386719,57541666.0,786.5665312599018,791.5637773288973,781.169481104771,788.5654296875,25564627,10150.25397338626,10200.245373964404,10046.271860183722,10122.2587890625,3270915
2025-04-22,2427.829814408955,2442.3228289453605,2419.8336684578344,2430.828369140625,17669325,5157.863204654141,5248.727107939167,5150.380162906682,5217.7265625,5506533,356.7064428503027,360.0541325380174,355.407311623697,358.705078125,61004040.0,790.8642093383219,799.8592529296875,787.5660388884631,799.8592529296875,24080789,10120.258955482619,10156.252763267381,9843.306601138745,10138.255859375,2355704
2025-04-23,2463.312715373901,2508.79079553195,2421.332949074163,2430.32861328125,21687809,5233.760769718544,5236.967368812161,5087.309483504356,5148.24169921875,4820336,366.59968662232023,379.49087822978765,356.6065101054068,357.5058898925781,107716696.0,829.4429960602156,847.2331813482076,827.1442138756606,844.7345581054688,32269920,10260.234973076205,10484.196445885507,10224.241164946137,10360.2177734375,4199351
2025-04-24,2430.328596981804,2454.3170347064856,2414.3363051653496,2432.827392578125,8111450,5077.68868841639,5205.966805551709,5077.68868841639,5121.51708984375,4841590,361.0534705376341,365.20066336392273,359.7543697345173,361.952880859375,43690936.0,834.739990234375,836.5389866074165,820.247976726839,834.739990234375,27094256,10354.218265271926,10448.202092708732,10272.232373252586,10442.203125,4024887
2025-04-25,2441.8228627985172,2466.311057697643,2427.3298494908718,2462.812744140625,4302954,5073.413253754726,5094.793023474873,4999.653170236941,5008.205078125,2728136,365.0007663726027,366.99940164363676,360.10411605791995,364.2013244628906,49611980.0,832.2413776284732,834.4401781126071,824.2457838691057,833.5406494140625,37463850,10468.198895733172,10500.19339092548,10330.222635216345,10398.2109375,2801716
2025-04-28,2467.8106189848836,2477.306042589726,2449.3195309122952,2456.81591796875,14392508,5030.652962174972,5064.86058861278,5000.7212890418905,5023.169921875,2104008,365.75029219316514,367.64898979645585,361.6031296788509,361.7530212402344,23412809.0,831.0421050693441,837.2387030200198,830.3424783488324,833.2409057617188,44853208,10414.208373907468,10581.114230286412,10408.209405950147,10524.189453125,3055606
2025-04-29,2446.3205854218368,2460.813598083171,2414.61687620219,2441.82275390625,4198086,5017.8253257895685,5037.066872484584,4971.85870369939,5010.34228515625,3823728,349.76115589384096,355.40729416820534,344.7625551668307,352.958984375,46069812.0,843.5352570774318,861.5253454985144,840.6368295423049,855.1288452148438,26126887,10048.27151748505,10618.17348414838,9972.284588596605,10616.173828125,2494668
2025-04-30,2423.33168467135,2443.8218061544444,2404.8405994305085,2439.323974609375,12603627,5048.826472518508,5119.379469623007,5019.963660945354,5087.31005859375,5932875,348.46205983853275,352.35939238499617,344.36485157307,350.0609436035156,63167054.0,848.3325449497252,848.3325449497252,821.0475915395297,831.5418090820312,61730556,10818.138468697567,10890.126081428272,10670.163931417785,10726.154296875,3299755
2025-05-01,2403.841347572081,2444.8215950774675,2371.8567641532422,2435.326171875,4203522,5125.792787131289,5125.792787131289,5044.5496745642995,5052.03271484375,1412997,343.5653879477829,349.76116943359375,337.4195906413719,349.76116943359375,28353933.0,840.3369589328823,840.5368609931182,824.1458680784849,824.245849609375,8103324,10764.1476194632,10798.141769478225,10438.203710495616,10606.1748046875,1222912
2025-05-02,2491.799115025827,2542.2747890365786,2460.3142886626847,2485.30224609375,12476281,5065.929672406048,5115.102893488031,5047.756992097499,5094.79248046875,2359088,353.808384609106,357.8056550150691,344.3498471706062,350.0609436035156,77010895.0,837.8383217320173,848.6174164099518,829.343002826584,844.9344482421875,14245949,10654.167245908498,10790.143854902826,10597.358658875899,10752.150390625,2168988
2025-05-06,2460.81390325692,2467.810530926619,2425.3310057891617,2432.827392578125,13071819,5141.828688748243,5145.035288263299,5085.171931045684,5109.7587890625,4449359,358.8049556532236,362.8022258702065,350.8603993950211,354.9076232910156,68516653.0,849.2320633651464,853.0399626726874,832.9410523408028,846.0338134765625,39393593,10888.126492224006,10900.124427752628,10670.163996787383,10698.1591796875,2984243
2025-05-07,2426.3305566064514,2452.8177902831026,2419.833687968782,2427.829833984375,19314995,5112.965052741,5130.068866332782,5095.86123914922,5129.0,3146026,354.3580368062008,354.9076493026171,349.6112780756381,350.610595703125,41413782.0,849.4319792070962,851.330896264403,838.4380369752204,842.7356567382812,45150921,10476.197831257736,10552.18475960051,10386.21331085182,10502.193359375,3690976
2025-05-08,2438.3244853403376,2449.8189438693043,2418.5281209516993,2434.826171875,9867295,5158.931523238453,5161.069255841633,5025.30810546875,5025.30810546875,2739529,353.5585636098813,356.356671258595,349.66123097081066,355.2574157714844,46424062.0,840.9101843164951,846.307706711872,834.9129643246881,843.2091064453125,22943988,10404.210048822344,10436.204544455855,10098.262684326895,10132.2568359375,2288161
2025-05-09,2451.3185674606834,2476.8062834526295,2445.32145781552,2456.81591796875,5495023,5058.447020857877,5068.068282996688,5015.68748268605,5044.55029296875,2235127,362.00282900335634,372.94536978062786,360.00419364654005,372.04595947265625,71754912.0,850.6057334521741,852.3049580470501,846.3077378346964,848.8065795898438,14103346,10138.256452560425,10326.224126434327,10130.257828140258,10238.2392578125,2846412
2025-05-12,2487.800761851989,2525.2826937802533,2487.800761851989,2490.79931640625,9192386,5042.412499045847,5052.033273001314,4938.720742251264,4964.37646484375,2624978,373.84473682582876,386.0863779683023,373.84473682582876,380.3403015136719,53156865.0,861.6005903502306,889.0578327802956,861.6005903502306,881.4913940429688,22458007,9741.323450771819,10318.224162164135,9649.33928188431,10270.232421875,3037827
2025-05-13,2489.7996034711036,2526.2820143609856,2479.804422405383,2521.284423828125,7858663,4976.134449531289,4982.548623539838,4882.0634765625,4882.0634765625,3697976,378.6414515142646,383.93785335771753,375.8933279765569,382.48883056640625,59136448.0,867.5978688063875,881.5913828193937,867.5978688063875,875.694091796875,24256726,10352.219095154409,10392.21221508933,10160.252119466786,10178.2490234375,1527172
2025-05-14,2533.7784516794777,2538.7760423139543,2503.2931488091726,2513.288330078125,5810256,4869.2362158271135,4904.513201081751,4853.201754966136,4875.650390625,3296362,384.48746190108653,385.2369501309132,378.6414476090876,380.7400207519531,19978916.0,873.0952624567846,877.6931066370923,856.3030589635129,870.6963500976562,26793827,10162.25194532965,10252.236466687351,10006.278774976301,10020.2763671875,3888375
2025-05-15,2459.5730684359837,2477.0664757506065,2438.580979658436,2472.068359375,10085051,4844.0146709779565,4924.196114364942,4841.876746463684,4916.71240234375,3326043,369.40498835907823,370.3544687950593,361.15934143365894,368.0556945800781,147397335.0,870.5964068856817,881.4913805824085,870.2165780847912,879.0924682617188,31126586,9944.289565898614,10226.241069777903,9930.291973507445,10140.255859375,2520670
2025-05-16,2495.059450913471,2511.05342175266,2477.566045308108,2489.5615234375,8749732,4944.5087890625,4961.614137450539,4926.334478427862,4944.5087890625,4291088,371.5039371803929,373.8526731335338,367.156225743368,372.60333251953125,63199859.0,871.6958759677959,882.3909301757812,871.6958759677959,882.3909301757812,30265522,10228.239861901016,10374.214741650532,10212.242614805178,10328.22265625,2953993
2025-05-19,2473.567794287682,2487.56252013938,2453.075517147695,2472.068359375,13249627,4956.268187329615,4976.580909901393,4920.988529464831,4973.37353515625,3070250,365.80689562003033,370.85421900108213,364.6575084690606,365.3071594238281,31004504.0,875.79398925789,881.7912089136069,871.8957720789248,880.8916015625,14766788,10322.22407721811,10370.2158203125,10210.243343331204,10370.2158203125,2530300
2025-05-20,2484.5633651208714,2493.060161984089,2465.3206192835846,2485.56298828125,6158814,4993.686139915847,5059.969117124994,4978.719204975945,5042.8642578125,2065565,365.45708815570725,367.9058078113161,362.70853897150374,365.507080078125,42706803.0,884.0901296090998,891.2868053867159,881.7912076125084,888.7879638671875,14569466,10438.204223609378,10510.191838944615,10346.220048458797,10416.2080078125,2290631
2025-05-21,2479.065464177598,2494.1867170285745,2473.5675367368817,2476.56640625,12448997,5042.8640364409475,5067.452606199297,5019.343940711401,5063.17626953125,2527690,365.3071844233901,366.10675019144065,360.85951977222646,362.05889892578125,39693317.0,879.5922194594103,890.587122202653,878.6926121049412,884.1900634765625,19722067,10388.212857117329,10554.184304112658,10370.906264155683,10490.1953125,3446520
2025-05-22,2452.075667784644,2464.5709575715614,2426.585276619333,2439.08056640625,8625795,5066.383950973082,5068.52236349193,5006.515233993665,5037.5185546875,2212706,357.86106530003366,361.3092571330137,353.2635168580279,356.6117248535156,33567788.0,885.2896291201602,886.788934105345,874.0948063627384,880.1919555664062,25527321,10408.209628827175,10484.196557913714,10328.22338768345,10372.2158203125,1081442
2025-05-23,2443.578903072136,2453.075323435886,2402.5943520285864,2419.088134765625,12757346,5038.5879984836065,5045.0022598106625,4985.1335429087,5019.34423828125,3835122,358.0609912026787,360.3098041271896,351.0147229064688,356.0120849609375,68761148.0,884.6898967243422,885.4895748789595,846.6075733754922,868.3974609375,26111325,10474.19819839378,10512.191662649124,10286.230533130509,10434.205078125,3121052
2025-05-27,2426.0854728694053,2461.0722843858575,2426.0854728694053,2445.578125,6556238,5024.689171045486,5061.038276283832,5005.445900356789,5036.44921875,2901925,356.3618625619776,363.85790536304125,356.1619863881683,359.8600158691406,25792649.0,873.0952570252701,876.6935645347021,866.0985005293608,866.9981079101562,12623383,10488.19525679756,10596.176676028652,10462.199729945632,10482.1962890625,1149268
2025-05-28,2449.076729054831,2463.571264798217,2438.914544444874,2444.07861328125,6511827,5030.034484577868,5036.449233566678,4980.856857476088,5004.37646484375,2554313,359.8600428451973,361.92996468252795,357.0615321902736,358.0610046386719,20800349.0,866.0984893270293,872.4955481575839,864.5991843830125,864.9990234375,14428953,10466.19878096115,10506.191898198296,10362.21667614457,10384.212890625,1144372
2025-05-29,2452.5755566986227,2464.5710352722454,2437.08139687436,2440.580078125,6151901,5031.104280286972,5032.173242488323,4982.995612009665,5001.169921875,1717859,360.90949731430186,363.75799981437564,356.3618794979798,357.8111267089844,100124387.0,876.593657793245,878.5037831029102,869.6968303816308,870.9962768554688,19470077,10448.201990466916,10482.196140483748,10362.21678748317,10396.2109375,1615691
2025-05-30,2450.076583311007,2472.068294789115,2442.0795973189684,2448.5771484375,20094472,5036.449676842479,5067.452998055611,5013.999029626804,5032.17333984375,5934112,359.81007929226024,362.10885370936944,356.96157673090084,359.5602111816406,70816140.0,867.5978074036091,879.9920861978393,867.5978074036091,872.79541015625,47295115,10422.20620991721,10718.583910601263,10410.208274909632,10718.1552734375,5838803
2025-06-02,2452.075422293555,2487.062230194197,2442.579003006238,2467.569580078125,8560407,5012.930133579513,5037.518705563839,4972.3046875,4972.3046875,3321052,360.10990614660835,365.45708977440194,359.56020850792413,362.908447265625,57424797.0,865.3987842653735,878.5926797115634,865.3987842653735,875.494140625,19382984,10804.141744712857,10830.137273619255,10502.193678184698,10572.181640625,2458816
2025-06-03,2469.5690833346302,2509.05419921875,2463.071532619522,2509.05419921875,9000698,4996.8934801206005,5004.376703483645,4939.981738470513,4951.9921875,2949997,362.80848665966727,365.45708245922884,358.26089937182445,365.20721435546875,43808164.0,873.9948503664839,875.6940138255526,859.8313724480462,875.3941650390625,16873055,10642.168889682036,10716.156159302147,10576.759245743046,10636.169921875,1407779
2025-06-04,2503.556197037235,2510.809566142001,2472.5678791661417,2479.0654296875,8968944,4965.890480322892,4970.166817424874,4908.159685390811,4962.68310546875,2498197,364.9573331285356,364.9573331285356,357.71115838005136,358.3608093261719,39426523.0,876.5936644862534,879.9921135859863,869.7968272936647,872.1956787109375,17795899,10718.15537630039,10812.139201428397,10604.17499263451,10764.1474609375,4148339
2025-06-05,2471.5683671551974,2501.557063217748,2469.0693091499847,2478.06591796875,4621772,4971.235519845233,4980.857155794155,4942.370123887877,4960.54443359375,2452231,355.8621515187571,361.2093351949509,355.36241529671054,357.711181640625,31743541.0,873.4951296684761,878.892591140142,868.9972146053159,872.995361328125,14080862,10806.140599445092,10824.137502738025,10612.173975065713,10698.1591796875,1238583
2025-06-06,2488.561958168463,2507.0549873816053,2483.5638421649114,2506.55517578125,5181355,4978.719491628841,4990.479052576333,4929.9167279640105,4962.68310546875,2460583,357.86107733136953,361.2593078613281,357.311379717011,361.2593078613281,43475081.0,874.1947568664825,883.4904968059931,872.2956737765643,881.29150390625,17220530,10772.146883803736,10788.144131821266,10672.164083694179,10780.1455078125,1035006
2025-06-09,2497.0587898421904,2513.5525728815805,2478.0659487665293,2504.05615234375,4287204,4956.267944816585,4964.82110642199,4908.15927843581,4939.1630859375,1848421,360.6596477125541,363.50815035876917,358.96053230913344,362.0089416503906,57331584.0,878.892540572994,886.5889847729616,878.7926113134241,885.7893676757812,9799876,10786.144709301314,10826.137830210848,10694.160531209385,10770.1474609375,629958
2025-06-10,2516.0515527550688,2597.0210306148865,2516.0515527550688,2594.52197265625,9586948,4960.544554413229,4992.617325838257,4946.646581247332,4977.64990234375,2851078,364.70745485998157,373.9026126917983,364.63949757242915,373.6027526855469,40145605.0,887.2887028445645,889.3877054220446,874.5945750960805,874.7944946289062,14056205,10810.14020354753,10892.126098542989,10724.154996601073,10870.1298828125,910149
2025-06-11,2587.524706293579,2597.021126888437,2575.0294160371877,2580.52734375,11983745,4989.410175381291,4993.686512556172,4953.061553450119,4957.337890625,2545750,372.1535525720068,377.8505269255822,370.15460778096764,373.40289306640625,80967448.0,882.5908615845565,884.9897739463134,872.5954950886952,873.5950317382812,18698462,10864.130903967713,10908.12333538448,10744.151545558352,10904.1240234375,1482294
2025-06-12,2603.0188488328313,2621.012066681906,2593.5224283013754,2613.514892578125,5741349,4946.646437459333,4995.824555385383,4945.577475272398,4974.44287109375,2363204,377.6506431376838,382.04831548906117,376.3513107488038,380.4991455078125,31667426.0,862.8999405111937,876.6935334846522,862.8999405111937,875.0942993164062,19116818,10898.124902609361,11084.09290553462,10878.128343155031,11028.1025390625,1172368
2025-06-13,2687.9864389208597,2702.480973455762,2617.513012389093,2630.00830078125,8181869,4963.751892652326,4992.617289100325,4947.715507057815,4955.19921875,2651868,390.04411557358554,395.4792349320985,383.6474981257173,386.14617919921875,55383616.0,863.5996691070399,869.8227974926968,859.0018249011184,866.0985107421875,17169948,10922.121015881008,11074.094871100151,10902.124455983752,10984.1103515625,1985957
2025-06-16,2662.496176556028,2671.4927846239852,2613.014832182263,2624.510498046875,7355048,4919.919417247642,4975.511795989223,4904.952482410969,4951.9921875,3317866,392.192972097858,394.24190886282776,378.8500091704846,382.49810791015625,49134940.0,866.8981328275286,876.7935701621207,864.5992107114054,875.1942749023438,13905144,10904.124515239359,10976.112133531788,10816.1396484375,10816.1396484375,2181759
2025-06-17,2624.010900425096,2665.995074831898,2620.0124076244483,2661.99658203125,4573578,4914.574741467696,4959.476039782304,4907.091029045046,4937.025390625,2171059,384.34710074465164,391.1924862633696,382.7979307190947,388.8447265625,28624075.0,865.6987002495273,868.997220122288,862.0474386089131,863.0,20393694,10700.159135173395,10836.135741637943,10594.177368370147,10660.166015625,2577127
2025-06-18,2669.993365544883,2686.9869586614172,2653.9993955528507,2665.994873046875,6950792,4950.923365045174,4958.407077467824,4923.127416204826,4937.025390625,1980836,390.2940019654426,392.29294691789045,384.2472056848796,386.2961120605469,33191048.0,868.3973873814205,877.1932972752677,867.3978507796908,874.294677734375,24621848,10498.193803772043,10566.182106501234,10458.200684519577,10546.185546875,1423209
2025-06-19,2677.990557603433,2704.980384051844,2673.492253195365,2696.9833984375,9581681,4923.126740282607,4932.748376013211,4892.80091812825,4893.1923828125,1704624,389.9941874012301,394.39186036521585,389.5444125690635,392.74273681640625,20510885.0,867.9976583514016,872.0957342471189,863.4997433896685,863.99951171875,12085391,10452.201430823245,10622.172182998484,10450.2017749153,10550.1845703125,815343
2025-06-20,2674.4915963029666,2692.484812050847,2652.4998881666684,2681.98876953125,20055645,4923.127371959207,4923.127371959207,4869.6729112772355,4878.2255859375,8401906,387.7953172534974,391.24350946575026,383.74746596213885,384.4970703125,86764409.0,868.5972934439837,876.5935861339169,866.0984519783797,866.498291015625,38758234,10608.175401225102,10626.172305770064,10376.215298201141,10390.212890625,4603842
2025-06-23,2717.9753355205326,2717.9753355205326,2680.489467524203,2682.988525390625,25251337,4847.222010561743,4894.26171875,4827.978737630946,4894.26171875,2359986,390.7936848199135,393.1534314495625,385.7963231214491,386.19610595703125,27073210.0,869.7968044182752,870.3965020051022,859.9013671875,859.9013671875,14579422,10322.22451752939,10464.20009690649,10308.226925196437,10418.2080078125,1754277
2025-06-24,2564.0334709287035,2616.0138765771608,2553.037615887684,2583.526123046875,11960172,4969.0973128993655,4969.0973128993655,4885.708984375,4885.708984375,3247979,364.3077280673628,371.1541208268123,361.809046804898,367.75592041015625,129366562.0,885.2896309850543,886.6889457033822,878.5927231690796,885.9893188476562,19006709,10544.185843284215,10604.175521891937,10264.234009781503,10330.22265625,4087245
2025-06-25,2576.028848021961,2601.0194266795274,2498.013337664328,2562.533935546875,8022261,4876.087818429343,4894.262130640299,4813.01171875,4813.01171875,4893609,366.20667793615524,394.1919048821722,362.0588736140945,364.2077331542969,53717578.0,894.4853392550032,894.9851075614353,885.3895194738141,889.5875854492188,17002277,10318.2249204113,10368.216320219493,10226.240744764222,10246.2373046875,2081995
2025-06-26,2577.0284874633103,2592.022834752662,2557.5358359871525,2575.529052734375,13481509,4789.491491311325,4796.9752029462215,4691.1357421875,4691.1357421875,2704701,366.90632449152014,370.5543926547169,362.00891582712745,368.9552307128906,34892096.0,888.4881142512397,888.6879727671158,875.0942993164062,875.0942993164062,14114825,10182.248001435577,10250.236303094809,10142.2548828125,10142.2548828125,4208272
2025-06-27,2579.5275958650673,2593.022508689783,2575.3821859033956,2586.025146484375,8510630,4691.135588408053,4749.935341136569,4691.135588408053,4738.17529296875,2984613,368.6054278214498,371.453930407816,367.20617248999156,370.20458984375,25884475.0,878.8925147845787,884.5399209426677,877.7930489340754,883.8901977539062,10567117,10166.25084436742,10260.234673967198,10146.254284878105,10222.2412109375,1298688
2025-06-30,2578.0279868241505,2590.0234640796334,2552.53759765625,2552.53759765625,8585589,4745.659318300546,4783.0769015025635,4730.69189453125,4730.69189453125,2769020,369.5049698006028,370.6043650731018,364.3576623817302,365.507080078125,31200259.0,888.2881843313153,888.2881843313153,877.093362264007,881.391357421875,17119058,10214.242271646492,10234.535654438909,10118.2587890625,10118.2587890625,1692827
2025-07-01,2554.03718914278,2578.0281451268997,2550.7913424367575,2573.030029296875,8644638,4763.833676594395,4799.113335675229,4715.725006201385,4789.49169921875,2407847,364.1077665788326,368.9552135989196,362.8084647184477,368.0556945800781,23390766.0,881.2914877995809,882.9907123277304,866.7982061888584,870.1965942382812,9032401,10138.255999447221,10440.2040578134,10101.262363157324,10400.2109375,1530192
2025-07-02,2587.524578674235,2625.0104475945686,2583.0262744037946,2614.514404296875,5700101,4784.146201253745,4795.90576171875,4734.968082543374,4795.90576171875,2184923,371.05413499918234,383.69745498034047,370.4544454483831,379.1998291015625,41820614.0,883.890233873102,891.4867489010264,880.0920068625771,884.8897705078125,21394590,10444.203258466674,10466.199474404475,10324.223898805943,10388.212890625,1305789
2025-07-03,2638.0054793522527,2638.0054793522527,2616.0137701647764,2619.512451171875,7078168,4808.734543063451,4821.563553230936,4775.593299547044,4798.0439453125,1513315,383.54756381094654,383.54756381094654,377.95051182832805,378.5502014160156,22330639.0,886.5890074771517,886.988846539418,879.6921801977471,884.3900146484375,14119669,10392.212441008121,10464.200058455937,10110.260939337515,10202.2451171875,1996860
2025-07-04,2607.517113254495,2630.508446819706,2606.017678456764,2627.009765625,3412973,4793.7676159189705,4824.770935176816,4776.66226900284,4816.21826171875,1156491,375.85160271641683,379.7465500272,375.85160271641683,379.0499267578125,13796592.0,883.5904189068845,886.5890289257992,879.7921917509678,885.4895629882812,5223757,10128.258079316225,10414.208899719428,10120.259454969282,10334.22265625,927347
2025-07-07,2583.5262174326162,2585.025652265717,2540.7523007125797,2552.0380859375,8324601,4817.28776694123,4835.462566171452,4799.113455821637,4806.59716796875,1484812,377.55069790643256,378.800038402483,370.65434446852976,371.5538635253906,21738133.0,891.3867446928763,895.584810694381,888.5880543608312,893.285888671875,17323618,10358.217759101584,10366.166586734236,10170.250100924837,10216.2421875,821187
2025-07-08,2549.5389579151815,2607.0172916066626,2549.5389579151815,2603.018798828125,8254358,4789.492102541203,4799.113739807919,4752.074027702062,4794.83740234375,2034706,371.5038902155433,384.3970776218203,371.35394495963493,383.49755859375,33963249.0,897.4839714106091,901.5820472225068,894.8851395484148,898.9832763671875,13258641,10216.241696763178,10384.212787490933,10146.253742293278,10338.220703125,1762578
2025-07-09,2615.5142098765523,2639.0053560382567,2613.5149633947053,2626.01025390625,7608923,4788.422840695945,4800.182401903878,4742.4520938038495,4752.07373046875,1733793,384.7969164308863,388.74484504680834,383.7474824957579,384.29718017578125,31344969.0,899.88287514622,909.6783225649781,899.3831067982541,905.68017578125,15706147,10268.233597105109,10374.215365488082,10236.239100989493,10360.2177734375,2459821
2025-07-10,2634.5070125674556,2666.9947674179366,2623.8049916411987,2656.99853515625,7161468,4776.663044124272,4841.045327245666,4768.110369278342,4840.80810546875,2540798,385.24664467317785,390.5937975549861,381.6984993901212,388.5448913574219,24807720.0,910.7777595795164,919.5736694335938,906.2798448920695,919.5736694335938,12701478,10488.195272797853,10676.162928783173,10458.200434076793,10624.171875,1490017
2025-07-11,2648.501642284279,2672.492598847715,2647.0022074990643,2670.9931640625,6735708,4839.738555806883,4857.913355564859,4784.1466585587195,4791.6298828125,2049584,392.2429794034355,403.28713789361075,389.7942596741219,401.837890625,45905506.0,917.1748108526039,920.5732598846788,904.8805221890697,910.078125,12557833,10610.175269138756,10612.174925239235,10422.20759569378,10448.203125,1745919
2025-07-14,2667.4942873964355,2675.9910838899227,2632.007666747167,2635.50634765625,5037521,4802.320930153729,4856.843864640998,4791.629842849342,4855.77490234375,1699750,402.0378023041846,403.1372281248897,395.7910993473141,396.990478515625,34437153.0,916.0752778389084,924.7712583078206,910.6268151530982,922.572265625,12621910,10552.18459284433,10760.14881449599,10482.196633634636,10660.166015625,1212374
2025-07-15,2624.510699813293,2636.506178159421,2614.514467858186,2620.51220703125,7935201,4844.014044523552,4844.014044523552,4776.662109375,4776.662109375,2917877,396.1908631136965,399.58906325792054,395.5412121378339,397.5901184082031,60586915.0,924.1715110987263,929.7689526334232,917.9744330168035,919.173828125,14421861,10660.165778369439,10712.156832625225,10480.196744407096,10494.1943359375,1440667
2025-07-16,2616.0139428823272,2640.504711548975,2603.018841140841,2607.017333984375,4324491,4789.4916329403595,4805.528018886319,4762.7646484375,4762.7646484375,2478208,396.89050241784105,401.9878178387598,395.0914337684993,395.79107666015625,40480091.0,928.0697831058892,928.8694002275994,917.9744873046875,917.9744873046875,13538376,10450.202326232513,10526.189254743196,10318.225029345534,10434.205078125,1465976
2025-07-17,2617.513265800549,2621.511758473149,2600.0198603579256,2608.016845703125,4611850,4760.625939026892,4773.454949361629,4734.967918357422,4738.17529296875,3304184,396.5906609822278,398.1398616002356,393.94206505647907,397.0404357910156,18616386.0,929.0693536902514,934.2669566815026,924.871287389361,932.2678833007812,13462228,10392.211475973078,10480.196333572234,10298.227650810342,10310.2255859375,1296345
2025-07-18,2633.507231221672,2646.50233238162,2619.0126953125,2619.0126953125,5753357,4767.041239699078,4775.593914244938,4715.725192423914,4746.728515625,2350802,401.538056008113,405.8857672574698,399.43915776689124,399.68902587890625,33574405.0,931.8680001367542,933.6671538929128,926.4705388682784,932.5676879882812,18707419,10292.2294921875,10350.219516526617,10232.23981183669,10292.2294921875,1470444
2025-07-21,2619.5125547424386,2630.504504992868,2595.521598316635,2612.015380859375,10499560,4729.62278769115,4745.659173207785,4697.550504768476,4727.48486328125,1957425,401.88788210127916,403.2371760220209,397.4152367443198,400.7384948730469,75777242.0,931.7680781543136,942.0632934570312,928.6694779324515,942.0632934570312,20417553,10264.234386834807,10278.23197902414,10176.249521644719,10230.240234375,2460332
2025-07-22,2598.0207194196855,2634.0071549330014,2598.0207194196855,2618.01318359375,5124328,4707.172093760547,4783.076707433057,4707.172093760547,4755.28076171875,2711283,398.53962063627824,404.7363617345366,398.48965921672664,402.487548828125,50772910.0,940.8638146504462,946.9610246783423,938.7648121368155,943.462646484375,16914346,10214.24311500797,10436.204936810218,10196.246210537516,10350.2197265625,2054805
2025-07-23,2631.008102506124,2654.4992462785,2631.008102506124,2652.5,4288010,4779.87016630256,4786.284428042285,4740.311728707686,4752.07373046875,1898621,404.13667167213623,408.1345612783867,403.38706737096425,404.3365478515625,28920350.0,940.5640049386851,949.4599056899526,936.5648821551667,947.7606811523438,16338862,10484.196398667322,10682.1623424911,10464.199838685123,10672.1640625,1968248
2025-07-24,2665.9951306668136,2682.488913814921,2642.0041733604753,2661.496826171875,5222486,4771.317508004686,4814.080880115863,4746.728447013103,4806.59716796875,1723223,404.78633628859603,407.5848469067901,397.09038633634503,397.5401611328125,26851726.0,956.9564555542203,968.1562202892346,954.0377644818244,960.454833984375,13057823,10768.147417240223,10998.107854191501,10733.686549111155,10904.1240234375,1827824
2025-07-25,2672.4926122177394,2676.491104998316,2645.002974351277,2666.494873046875,5301385,4813.01144911759,4815.149861787077,4744.590541574727,4774.5244140625,2989625,397.5901184082031,400.38865949869415,393.09249249633893,397.5901184082031,51000737.0,956.7564764572803,960.1308887006446,951.8587225571904,957.9559326171875,10304104,10862.13191712183,10908.124007345283,10764.148768384905,10800.142578125,6844997
2025-07-28,2679.489998002899,2686.4873604300656,2651.500548294232,2685.987548828125,10452144,4786.283928950602,4789.632367497608,4722.138877688974,4733.89892578125,2415675,401.08827584210997,407.18506379403897,400.5385782036195,406.385498046875,19955995.0,958.1558294366804,963.653281133026,954.8573706202485,959.3552856445312,12621272,10958.115297729379,11002.107731406395,10697.530233323077,10788.14453125,5723914
2025-07-29,2688.9862805098837,2719.9745982406666,2676.990802678613,2695.983642578125,7328692,4710.379347965445,4758.488014693059,4709.30989768795,4738.17529296875,2775948,407.13508940655174,409.7337237542911,404.08668027693324,405.43597412109375,21342212.0,958.7555536398414,978.3364421790561,958.655563372097,969.550537109375,18609371,10998.10726468677,11226.068033445734,10742.151313799515,11156.080078125,5839192
2025-07-30,2718.975028578761,2720.4744633371683,2674.4917974126743,2677.990478515625,5476305,4729.622573201598,4784.14598861915,4721.069899728672,4765.97119140625,3546056,409.73375304738863,411.4828298774457,403.5869729291475,405.086181640625,21332138.0,921.572837088072,949.0600963287684,920.0735320385795,925.5709838867188,36229610,11060.097448503273,11496.597557322257,11060.097448503273,11496.0224609375,4702408
2025-07-31,2719.4749360965743,2771.9551544921155,2685.9875586441813,2709.978515625,8370693,4789.491645128759,4834.392940158979,4688.997968373601,4712.517578125,5259484,403.33708938196474,407.98466061094774,401.58801261881405,404.5364685058594,22493257.0,921.5728193804481,931.7760976234235,917.7745921960908,922.3724365234375,19221044,11512.02006213297,11552.013183766227,11246.065803271811,11322.052734375,2856741
2025-08-01,2707.4794152565973,2734.969053033801,2688.4865746105293,2705.97998046875,5167404,4771.3174055206055,4855.774697543134,4725.346659460848,4844.0146484375,2370272,404.7863184044948,406.68530984733167,396.9404540338901,398.4896545410156,16472706.0,919.8735216483007,929.8378961664615,908.3788507374333,917.4746704101562,20515990,11088.09225208821,11160.079866348839,10844.134225982754,11102.08984375,2265511
2025-08-04,2695.484038783222,2713.9770685319663,2667.9943999675206,2680.989501953125,13027226,4855.774801841289,4858.982176777285,4794.83711861052,4806.59716796875,4355022,402.8373372050586,408.5343420656474,400.8383924120768,405.83575439453125,72572085.0,921.9725748553184,929.4690992789895,919.7735821563338,923.771728515625,24997049,11106.089776050087,11134.641505837955,10932.119698535436,11134.0849609375,2619721
2025-08-05,2681.989042653086,2708.97886902343,2666.9946946695613,2690.48583984375,9901655,4794.837322160068,4825.840646229161,4785.215685054254,4818.357421875,2604354,411.13300915855996,419.1287889676425,407.7348088399957,417.22979736328125,50131497.0,925.7708673270087,931.7680872911134,921.8726499475902,924.5714111328125,14854667,11218.0703125,11268.06171317959,11152.081663602941,11218.0703125,1929022
2025-08-06,2711.47768855554,2753.9616707725395,2711.47768855554,2725.472412109375,7474270,4820.494918223736,4833.32392926187,4783.076847334863,4826.9091796875,2004018,419.7784098367084,433.42120205610604,418.17924788941605,430.1229553222656,42527695.0,929.2692359527139,935.9661437108642,927.1701723830321,933.7671508789062,23676486,11202.072831737945,11272.060791236487,11052.0986328125,11052.0986328125,1355456
2025-08-07,2689.985654827335,2708.4786814398603,2643.0033710009193,2650.000732421875,12176102,4841.876060357608,4877.155714728843,4827.978088652357,4836.53076171875,2620981,424.8257172501663,430.4727605230017,423.2765472824267,425.5253601074219,46680063.0,943.0628295249953,944.2622857066883,931.9679971098044,933.7671508789062,20878998,10898.881109089612,11020.86858572346,10808.890347638413,10948.8759765625,5872552
2025-08-08,2634.007027256143,2674.9915768263522,2634.007027256143,2652.000244140625,9901676,4856.843678684104,4870.742140458732,4801.251784028068,4811.9423828125,1817644,423.52644324271466,425.6253414511158,420.4780645243908,422.97674560546875,45055968.0,929.0693597013702,938.8648071289062,927.270205848456,938.8648071289062,15550763,11108.859608902903,11118.85858244827,10874.883627941312,10920.87890625,3307227
2025-08-11,2644.003473730118,2664.4957501805784,2629.0091251078297,2643.503662109375,4013703,4817.28759765625,4835.462396247788,4803.389624236165,4817.28759765625,1372065,422.67686076840954,426.2749674142885,419.32862221597395,423.27655029296875,14438974.0,943.562546282583,949.0599975585938,943.562546282583,949.0599975585938,17436132,10990.871703968829,11108.859591620605,10984.872319850941,11034.8671875,2952554
2025-08-12,2648.001872657126,2676.9909456307223,2646.002626245154,2674.99169921875,9676367,4825.840150627169,4840.807574019672,4785.215193624346,4800.18212890625,1797560,422.72689861589714,425.3754945938624,419.7284811688091,423.8262939453125,24965275.0,948.7601779495094,956.0567831206181,948.230394254235,954.2576293945312,19884939,11022.86866740709,11100.860662695348,10992.871746142377,11084.8623046875,2207453
2025-08-13,2668.993708040188,2674.991446709941,2649.2101514188957,2668.493896484375,5113448,4796.975356559077,4906.021707415649,4796.975356559077,4885.708984375,3345286,421.0277669653404,421.87732464289553,416.53014096808454,418.1293029785156,26121859.0,959.055473570577,960.25492982436,952.0587165982017,954.9573974609375,32025951,11184.851680772948,11442.8251953125,11156.854555164005,11442.8251953125,1598480
2025-08-14,2640.267880606688,2641.2676033937405,2620.2734248656297,2627.271484375,5116724,4845.520674797707,4855.143178265208,4801.68439175278,4827.34423828125,2122338,414.34266365655213,415.79212546643356,409.3445615617807,413.892822265625,34587274.0,939.6367797240691,954.6309836558362,939.5368427691528,953.5314331054688,14352752,11440.825330342115,11584.810546875,11402.829231534826,11584.810546875,2115415
2025-08-15,2645.7664759304544,2655.7637042543934,2616.274652374834,2638.2685546875,15746518,4821.998648242855,4839.10553870911,4793.131136697014,4794.2001953125,5515766,418.1411914821623,422.9393875951912,416.2419188671269,421.2400207519531,31568974.0,946.7340141385935,952.9316306477054,935.4383926849704,938.5372314453125,25240873,11616.807879019474,11652.80418506567,11536.816087805706,11590.810546875,2185395
2025-08-18,2633.7698479466594,2635.7692936463723,2600.7789939013987,2632.270263671875,7863882,4785.646560537212,4827.34423828125,4780.30077951689,4827.34423828125,3225883,421.5399786530717,422.6895361312375,415.3922881499303,419.29083251953125,35449902.0,935.2384778618989,939.536865234375,927.7413757167525,939.536865234375,39748110,11694.799233791959,11774.7910206168,11640.804777685189,11736.794921875,3644208
2025-08-19,2622.2729637585985,2653.26437126013,2615.7747654115033,2652.2646484375,5088786,4834.828855558332,4871.181242173171,4816.652906328225,4858.35107421875,1521508,418.7909935940053,421.83982371943745,416.7417533979325,420.34039306640625,14057912.0,940.0366955044807,948.1335416186819,938.7371489576306,944.3350219726562,13258252,11708.798403748833,11830.467558276207,11684.800866456777,11780.791015625,5698126
2025-08-20,2637.268989488583,2671.759429267717,2631.7705135817646,2665.26123046875,10360399,4889.35722190953,5031.558128919614,4884.01144060049,5016.58935546875,3102787,417.8913138370228,421.0401426360878,413.99280021198393,418.7409973144531,25269959.0,945.2346258387829,964.0274109261474,942.5357178421442,963.7274780273438,19731399,11796.788781827978,12042.763526727935,11776.790835088144,11974.7705078125,1329692
2025-08-21,2678.2573967086832,2682.756149334734,2666.2607230392155,2676.7578125,4078425,5020.865656144558,5025.431365977545,4982.375155276255,5018.7275390625,2604064,420.54031596396726,421.8897791039265,417.69139171273173,419.34075927734375,11443606.0,960.5287181595136,968.325691919618,957.1300075661384,966.9262084960938,13109615,11936.774959731387,12060.762235238733,11898.778859172684,12046.763671875,768494
2025-08-22,2691.753767673895,2705.2500261190567,2678.2575092287334,2691.25390625,3541589,5008.03540013228,5029.419011345524,4981.306008154369,4984.513671875,2890147,421.3400041151344,427.0878214903705,420.29041488379323,423.2892761230469,17464270.0,967.1261434153931,972.0242743861564,965.2268531994062,966.9262084960938,10967192,11932.774974476208,12124.75526566939,11930.77517977628,11966.771484375,1009953
2025-08-26,2705.7496503386765,2727.2436896818435,2699.251452397719,2706.24951171875,12890357,4929.986008546591,4949.231505320795,4889.35738581938,4911.81005859375,6667175,429.0370686322639,429.7367845772727,422.8394102279444,424.18890380859375,36811362.0,960.1289224871314,963.7275072662112,948.9332372688289,960.328857421875,50035992,11874.780839369947,12085.006326240993,11776.810429051238,11870.78125,2980596
2025-08-27,2717.246621500127,2732.2424637821364,2699.2516107617153,2714.747314453125,4892822,4900.0486919947925,4942.81591796875,4897.910574773403,4942.81591796875,3890187,426.3880948470523,432.3358487841691,425.58841068175724,428.88714599609375,22284850.0,960.7286574618072,964.2273052471912,950.7325209321388,953.8313598632812,16440045,11896.778992295385,11968.771603443922,11818.786996884473,11874.78125,1352887
2025-08-28,2724.244681231731,2728.743433916334,2700.7511949899163,2714.747314453125,3394153,4952.438721373669,4956.714955653638,4898.979446864279,4928.91650390625,1890813,429.58688096914324,431.8360269428037,425.9382724908486,428.9371337890625,20812352.0,955.0308552305377,958.6294397760588,951.6321445952117,955.4306640625,10650943,11906.778029410987,11914.777208470046,11768.7921906422,11808.7880859375,1255394
2025-08-29,2719.246225679148,2746.7386047990663,2716.2470570478845,2723.2451171875,5073789,4936.400822669201,4998.413053044722,4927.847377917089,4973.82177734375,3856388,434.6349615631496,437.3339489936227,429.39696014169306,431.9360046386719,25391010.0,951.6322298888132,952.6318435756712,942.435771767404,946.3342895507812,21949401,11856.783060492207,11856.783060492207,11784.790449566635,11788.7900390625,1041551
2025-09-01,2722.2456522840853,2730.743297544612,2708.5494963846577,2716.247314453125,3248001,5002.689686131361,5004.570545738808,4966.337790660998,4986.65185546875,1950201,432.5857500251688,433.53540165569837,430.2366358649076,430.8863830566406,10711713.0,947.1338877808203,954.2481421782298,946.2112707832847,953.2315063476562,8507247,11886.780280854431,11944.774330003956,11762.793003362342,11848.7841796875,808650
2025-09-02,2721.2455200798845,2763.2338785822194,2714.2474603294954,2729.7431640625,4889674,4967.40750350962,5089.29386102947,4953.50827624334,5055.080078125,3003345,432.33585029546947,435.73455376884743,430.23664122173744,434.03521728515625,25817829.0,952.6318272320102,956.6302819108435,946.1343383789062,946.1343383789062,16297718,11840.784683227539,12032.76497871645,11808.78796731272,11902.7783203125,1047973
2025-09-03,2734.241807876734,2756.2357090735486,2690.2540054831047,2693.253173828125,7444586,5048.6649031117195,5097.8469686981225,5031.5580127939065,5091.43212890625,3326755,437.93369372217364,439.68302938375024,426.3380912356673,427.1877746582031,28435122.0,947.7336071111447,958.1296127073816,945.8343779234664,954.4310302734375,19749274,11974.7710822328,12220.74583893197,11942.774365914209,12208.7470703125,2746169
2025-09-04,2681.756407419841,2700.7511405944824,2674.556499500449,2687.2548828125,7942239,5091.431718855763,5140.613780481173,5083.94733290584,5133.12939453125,2960610,424.838672884942,427.4376920437898,422.73946392948824,426.7379455566406,17266479.0,951.7321089219489,962.4279869225983,949.2330748569175,961.028564453125,14119124,12202.747381197183,12254.742043916147,12130.754771278614,12186.7490234375,1241306
2025-09-05,2680.756761185404,2691.753712284803,2624.5482238877057,2626.771728515625,8368499,5143.821846683706,5154.513409030542,5080.740066742611,5098.916015625,3387927,423.93902269875275,426.63797950671824,413.9428185818569,415.4922180175781,23606597.0,969.6252251265577,981.4206538072257,959.8290237141919,962.6279296875,19995092,12168.750575921475,12200.747290665066,12084.759199719552,12088.7587890625,1828847
2025-09-08,2655.2638428381965,2663.2616254973477,2628.7711877797583,2638.2685546875,7757302,5050.80277928373,5054.0104431038935,5011.243219350351,5020.86572265625,2605183,420.1904655955903,422.8894225284266,413.79290076598386,417.3915100097656,16152813.0,963.0278022988389,970.5249045764043,960.2288353059548,969.42529296875,14270323,12128.755063113513,12128.755063113513,11838.784826649959,11968.771484375,1168085
2025-09-09,2633.2699283622046,2672.7589800593596,2630.770621292764,2663.761474609375,7942183,5027.281164477275,5027.281164477275,4933.1932700825355,4946.0234375,2395055,418.04130392223414,426.3881106648798,417.44152552301495,422.739501953125,18521788.0,967.4260196970648,978.6217041015625,963.827435179563,978.6217041015625,23018289,11996.768249226317,12008.767017270216,11886.77954215723,11974.7705078125,983897
2025-09-10,2651.2650245758423,2665.2611446150813,2636.7690431066308,2655.263916015625,9229460,4957.78449103014,4981.3062202891215,4919.293989207138,4936.40087890625,2035159,419.7906267958141,425.6883814425639,418.94094329872405,423.58917236328125,19543015.0,989.617495463235,998.6140181492644,984.6194273043297,996.4148559570312,25164805,12006.767697142017,12062.761950226624,11910.777548996977,11912.77734375,1129592
2025-09-11,2661.2623792680765,2683.756144682626,2637.7688909462136,2644.26708984375,7204499,4949.230879344131,4979.167935308412,4927.8472679410725,4954.57666015625,2846060,426.98787351570206,430.53654445336235,422.48958144435466,424.7887268066406,15131375.0,999.6136289973338,1011.4090576171875,997.4144668112248,1011.4090576171875,31309384,11934.774514365172,12000.767738053853,11892.778826563284,11954.7724609375,1267493
2025-09-12,2631.2706726097367,2663.2618054074233,2628.771365359917,2636.269287109375,10408670,4980.2373510804655,5001.620964017405,4950.30029296875,4950.30029296875,3551110,420.1404757392574,425.9382928295827,418.8909501386696,420.390380859375,25498496.0,1011.0092251483488,1011.6689432829788,1005.4113523498244,1006.6109008789062,13702254,11928.775098832033,11984.769349086399,11770.791321328641,11792.7890625,1925210
2025-09-15,2629.2712469734556,2641.2679218645894,2609.7766502753634,2625.772216796875,5987439,4948.161477937167,4948.286933668063,4891.495028093968,4904.3251953125,7321197,420.94013969981125,423.4391905998268,416.54181621698245,418.8908996582031,104013174.0,1015.4075037240838,1015.4075037240838,1008.010399537707,1012.8085327148438,27834908,11654.803278868056,11688.799788089189,11337.67568544074,11412.828125,3189911
2025-09-16,2632.770256959628,2639.2684558091582,2613.969559875026,2636.269287109375,6184722,4872.250234105906,4886.149460494287,4843.382234564948,4856.21240234375,2912501,420.790209146414,421.6398620605469,415.5921709929326,421.6398620605469,22498521.0,1014.0080544766315,1014.8077331497683,999.313722437903,1001.2129516601562,31676336,11398.830397276573,11500.8199324101,11330.837373854221,11344.8359375,4005429
2025-09-17,2645.766608776172,2649.265638865239,2597.7799104118203,2605.27783203125,7243439,4855.14317666509,4884.011175212679,4832.690505863455,4874.38818359375,1962904,421.6398556482202,421.9147756520158,416.201918449307,418.8908996582031,17359648.0,1006.2110539936101,1017.606673762575,1003.4121480362636,1014.4078979492188,17301410,11336.836032448336,11398.82966748201,11244.845477237079,11394.830078125,1404446
2025-09-18,2606.777107755154,2636.768790682346,2604.8157376053905,2621.77294921875,9887601,4874.388128355284,4879.734397467858,4834.828568218877,4864.765625,4033974,419.5906907333906,426.088223764402,418.14122885484363,425.4384765625,22085919.0,1014.4079174795287,1022.8746768015324,1010.6093978205992,1018.4063720703125,18697468,11422.827641580727,11448.824973398048,11222.848166062857,11246.845703125,2290770
2025-09-19,2631.2704739832534,2639.2682565789473,2607.7059623784426,2611.77587890625,22421970,4839.105422869445,4897.910479478161,4838.036364279549,4869.04248046875,9561254,426.6880081899354,427.3377554010418,420.3484046087302,420.390380859375,56987459.0,1022.404824860311,1030.2017990962913,1013.8081719098974,1027.4029541015625,69619169,11380.831838425558,11442.82547521895,11286.841485867833,11302.83984375,4377013
2025-09-22,2617.7740375097865,2626.2716809387853,2602.7781961644946,2613.775146484375,8288254,4846.589577525546,4864.765525302943,4780.300625803148,4790.9921875,2213513,420.9901629647457,425.13858189411434,419.3907640806769,424.3388977050781,16640447.0,1025.603603985248,1031.401411959337,1021.2052795245407,1031.201416015625,15552133,11280.841717221467,11512.817898607336,11244.845413213316,11498.8193359375,1463375
2025-09-23,2624.2726316974836,2664.2615479900164,2618.2742942536033,2644.26708984375,12203609,4768.539839694107,4795.269233897322,4754.640613286989,4762.12451171875,2309666,425.638385555443,434.4350640287658,424.23892299327684,431.6361083984375,24821995.0,1032.0012114347555,1044.7961936199174,1030.2018579600003,1036.3995361328125,21629074,11430.8268710306,11446.825229142609,11246.845752742494,11256.8447265625,1477037
2025-09-24,2634.76966907574,2679.2573375537786,2626.272024534991,2672.25927734375,15441161,4770.678023504027,4788.854460918163,4748.225351586122,4764.26318359375,4861923,430.83640796101156,439.2332135230899,427.43770457945544,438.1836242675781,25832606.0,1027.8027927975538,1039.998153569905,1020.6056227198613,1036.79931640625,17202902,11196.850840836863,11240.846325476694,11100.86069253178,11208.849609375,1431392
2025-09-25,2669.2599906794185,2701.2511216538533,2668.2602678364674,2698.251953125,6752067,4747.155817333869,4806.703841296494,4740.740489911732,4756.7783203125,2629451,436.4842690534428,440.5327502320574,435.53464791722126,439.9829406738281,15982764.0,1023.604345474718,1028.802287482323,1018.80621230762,1024.8038330078125,26504526,11162.853641840087,11184.851382803943,10954.875,10954.875,1788993
2025-09-26,2716.746865916736,2738.7407687870837,2706.749637339306,2732.742431640625,9441387,4738.602851591027,4764.2631875627585,4696.904683598306,4717.21923828125,3087348,439.9829266914904,445.98064927869046,439.23321136809034,445.3309020996094,21759064.0,1024.6039648172411,1041.4794000452246,1023.4044162658721,1038.398681640625,18576509,10898.881356534092,11018.869041193182,10782.893261363637,10998.87109375,1552339
2025-09-29,2722.245201314592,2737.2410434077688,2687.254903097181,2695.252685546875,6529905,4677.659578374824,4714.011476167806,4662.690805292105,4690.48974609375,2482840,437.034047194248,443.3816122729809,432.43578729395847,434.4350280761719,21452484.0,1040.1978882869275,1049.1944106915248,1039.59814453125,1039.59814453125,17737370,11048.866203715446,11186.85204408764,10974.873796559343,11086.8623046875,2264944
2025-09-30,2672.2592578789204,2688.254823956759,2630.181810291012,2645.7666015625,11695440,4670.175378207073,4711.873546996291,4642.382294151651,4704.38916015625,3828964,429.936733682122,432.38578532173295,423.53916931943337,425.58837890625,30090159.0,1044.3963174994483,1050.5938728880085,1039.9979933415304,1044.59619140625,27347228,11032.867726347311,11256.844740186516,10920.879219427708,11180.8525390625,2361749
2025-10-01,2649.2655333732628,2687.2550013989926,2648.765671951872,2679.757080078125,8954446,4711.873102673029,4726.841386786989,4654.13759515549,4674.45166015625,2557280,426.038246992908,431.0363492311824,426.038246992908,427.587646484375,33344723.0,1042.5970079066894,1056.5915986168463,1040.5977806623812,1050.39404296875,39206708,11486.820930665004,12460.720964305996,11458.898992036078,12434.7236328125,4372321
2025-10-02,2674.2587628245824,2686.7552990994636,2669.26014831463,2669.760009765625,4925823,4650.9303276493465,4688.351285200033,4637.030612742901,4687.2822265625,2366820,426.33808102579513,428.78716309574935,422.339599609375,422.339599609375,21743652.0,1054.592397321331,1059.3905916349913,1043.19677734375,1043.19677734375,15501057,12718.694376555726,12748.691297255149,12354.731738736049,12452.7216796875,3183803
2025-10-03,2668.7601228246413,2705.7498679246646,2668.7601228246413,2701.7509765625,4386953,4688.351062801793,4711.873280639485,4658.4140052885705,4695.83544921875,1734425,420.5903109660191,426.9379070247565,420.5903109660191,423.58917236328125,19667945.0,1048.3947936928932,1063.9887414661673,1048.3947936928932,1061.3897705078125,12222495,12450.721501358696,12665.405511282366,12410.7256083251,12648.701171875,2234625
2025-10-06,2717.246720826578,2737.2411779334698,2713.2478294052,2736.241455078125,6207026,4659.483432110502,4683.005161188217,4630.615433927066,4637.0302734375,2341747,427.5876406801866,434.28510979095915,426.4980580677525,432.6357116699219,25329234.0,1063.588847785596,1067.387428194087,1054.3924516703908,1056.591552734375,13155817,12714.69438612388,12864.678984890677,12685.697363695634,12724.693359375,2970877
2025-10-07,2799.223915695844,2800.223638522878,2753.7365270657865,2778.229736328125,7855845,4651.999433447262,4663.760543043242,4630.080314073224,4657.34521484375,2620208,434.28508137851935,436.6841641621699,428.6872012126729,431.4361572265625,27008645.0,1053.3928186195237,1058.9906301523959,1046.795271503244,1049.59423828125,12102834,12698.696686411875,12830.683140160407,12674.699149366686,12778.6884765625,1597439
2025-10-08,2772.731498530563,2789.726788047426,2747.2385642552686,2763.234130859375,8206993,4661.6217697016145,4699.043214438548,4640.24889613273,4675.52099609375,2457666,434.83489372469637,436.1343881012457,430.13666542918094,432.0859375,24008022.0,1050.194060384081,1066.9876182590651,1049.3944426900787,1065.588134765625,13581808,12804.685546875,12970.668508047986,12772.808936326406,12804.685546875,2932465
2025-10-09,2780.729082956285,2801.223401202053,2766.1100889865756,2775.73046875,6164237,4680.866910311368,4736.46381166173,4680.866910311368,4726.84130859375,3289592,432.6357273236565,437.2339875880254,430.5865175620336,432.4358215332031,16298538.0,999.5136159769106,1024.603891750765,990.0172872240986,1008.210205078125,55784487,12742.691991885627,12938.671875,12737.248214739368,12938.671875,2356449
2025-10-10,2751.737024097839,2766.732866191015,2687.754764500287,2695.252685546875,8258446,4768.540135389306,4819.860809756069,4766.401529880034,4795.26953125,3099740,429.8367872022704,432.13590200118693,419.8405828487292,420.34039306640625,21816120.0,991.6167009476385,1008.0103885534181,991.1168941427254,993.5159912109375,24770338,12792.687245277784,12924.673701145899,12756.690939131933,12780.6884765625,4525646
2025-10-13,2704.2502239539886,2714.247452138661,2680.756737720007,2696.25244140625,8635236,4830.551825278415,4830.551825278415,4765.331931035554,4785.646484375,3849200,423.789085235301,425.4384528114328,420.8401928219185,421.8398132324219,23009060.0,986.3187370147762,995.5151942036869,983.619768131613,991.7166137695312,36635020,12828.683458824122,12908.67524968195,12608.706033965096,12722.6943359375,1233986
2025-10-14,2691.2539524240274,2700.251458208506,2664.7612965030626,2685.255615234375,4906155,4833.759773640658,4873.3193359375,4813.445219105395,4873.3193359375,3336503,415.5422084139664,417.99126006639244,410.3441701824612,416.19195556640625,37492258.0,987.5182829408961,998.9138411788906,978.6216976485535,995.8150634765625,16883442,12722.693819980079,12806.685196974604,12640.702237675901,12736.6923828125,2583306
2025-10-15,2683.755846675878,2701.250995611183,2679.0032582262643,2690.75390625,5490755,4873.319351508028,4874.388410130505,4785.646781372495,4818.79150390625,4794709,415.9920315697765,419.5407023634174,413.69291680679333,415.74212646484375,27199747.0,997.6143875794725,1001.6128420387088,988.3179931640625,988.3179931640625,19080476,12682.698042611613,12702.170653002731,12432.7237040234,12642.7021484375,1646380
2025-10-16,2680.756915204529,2695.252897032038,2675.75830078125,2675.75830078125,4893952,4836.967522554423,4907.533203125,4806.806888792746,4907.533203125,2548586,416.9916689832608,419.6906564289241,412.8932189941406,412.8932189941406,20595890.0,983.5198923142065,991.9665788274749,983.0200854903882,988.7178344726562,19988801,12454.721969217979,12610.705963052114,12362.731408751693,12552.7119140625,1378244
2025-10-17,2642.7673157033137,2690.254150390625,2627.7714731704787,2690.254150390625,6539523,4904.325346125232,5004.828081683652,4875.457835111779,4987.7216796875,2826564,403.8966086466959,411.59369789534503,399.19841109089157,410.8939514160156,29561888.0,973.6236937935228,978.621762036816,958.9153893051966,963.9274291992188,34438548,12520.71463285356,12574.70908982322,12356.731467241998,12556.7109375,1792327
2025-10-20,2685.7555682704,2722.245454085353,2682.7563995732808,2710.248779296875,8850426,4929.985483946431,4997.34398325656,4927.847366840504,4981.30615234375,1860339,409.9943155364436,416.6917846569744,408.6948211726366,410.2942199707031,27937503.0,987.6182733646237,987.6182733646237,963.5276091173432,969.42529296875,28094856,12666.699282486172,12710.69476467984,12562.7099609375,12562.7099609375,1245522
2025-10-21,2715.247591481298,2732.742743488265,2704.750500277118,2716.247314453125,4445116,4956.71533203125,4971.684105766156,4926.778760870708,4956.71533203125,2659785,412.4433876289038,416.1499879219689,411.193862115308,413.6429138183594,34307966.0,989.817387628631,991.1168730914895,982.3202857141719,984.619384765625,20782243,12466.72034237464,12548.711926275402,12440.72301089391,12472.7197265625,1399376
2025-10-22,2738.7408214266516,2766.2332005429985,2737.7410985496936,2760.23486328125,8546153,4954.576560817007,4979.167835476113,4913.94745588852,4974.89111328125,3387395,417.7913487550188,422.38957808426454,417.5914124772286,421.2400207519531,51539011.0,988.4178809830191,996.2578677455452,986.4186538527899,990.7169799804688,34911896,12396.727465547747,12626.703858278508,12380.729107792564,12538.712890625,4968839
2025-10-23,2816.2191604106615,2861.305780553331,2811.7204077582483,2839.712646484375,10191698,4971.684023188921,5075.394426340977,4947.092745692673,5009.10546875,3006938,434.285128494657,438.13364292683843,430.6364893483094,436.7841796875,34979207.0,990.3172176552722,997.8143197456095,986.8185700131148,992.4163818359375,9226736,12430.724340538973,12565.010364594518,12430.724340538973,12494.7177734375,1297691
2025-10-24,2826.7164730097443,2852.2094067185853,2826.2166115644727,2850.2099609375,7816609,4937.469891564874,5021.935280707526,4937.469891564874,5013.3818359375,3456198,435.7345332009082,437.78377335715277,433.58535540786625,434.784912109375,45733512.0,998.7139902095203,1004.6117352489456,989.3136315834319,1003.6121215820312,23420356,12528.714072443296,12580.708735792621,12414.72577202362,12530.7138671875,1424817
2025-10-27,2851.709652054781,2854.208959374724,2817.21921103957,2831.21533203125,7109771,5002.689819614199,5020.865767834355,4970.614645587723,4990.9287109375,1782471,435.48462992558603,435.9844401356478,431.08630617824167,435.8345031738281,17203212.0,979.5214566140253,1004.4118003132475,979.4214586403881,1003.6121215820312,20138478,12528.713556767347,12614.704727228798,12444.722180967789,12544.7119140625,1465043
2025-10-28,2815.219555241793,2841.712210857527,2805.2223267075537,2832.21484375,6681379,5025.142975632128,5031.558303949844,4941.747124584319,4951.36962890625,4019733,432.3358436509296,437.03407195774236,430.7364448333341,433.535400390625,21589356.0,1032.2010139021102,1050.39405525195,1025.0038445476969,1049.794189453125,39662605,12584.70808605715,12706.695563134774,12404.7265625,12404.7265625,1501366
2025-10-29,2829.7158359772347,2881.201568375337,2829.7158359772347,2874.703369140625,11999775,4955.645897083646,4975.960450686489,4911.275084882985,4928.91650390625,2241101,433.6853263059718,441.93417767938666,433.33545305697606,441.38238525390625,23179189.0,1056.9914123863546,1072.9852294921875,1055.7918028895326,1072.9852294921875,34404972,12498.717095441878,12686.697800557326,12422.724895501593,12558.7109375,946767
2025-10-30,2902.195630230012,2902.195630230012,2848.560593321883,2882.201171875,8804685,4897.910255982172,4940.677479172531,4891.494928426326,4924.6396484375,2010934,442.83185792525853,448.0798652708739,438.98331310394155,447.6800231933594,33507216.0,1058.590842650256,1072.660355795956,1053.99264432005,1069.38671875,57197819,12454.72115427726,12554.710887371972,12362.730599830125,12544.7119140625,1214684
2025-10-31,2851.7095519644427,2874.2033170544337,2829.5887303755094,2846.7109375,10109313,4924.639815621803,4936.40092443707,4884.011196288972,4906.4638671875,1825393,443.6815405889611,446.0306547357752,439.2032300134602,442.1321105957031,22344887.0,1058.3910590897328,1062.9892578125,1052.7931246204585,1062.9892578125,30043594,12560.710281080845,12584.707817042152,12422.724449303329,12468.7197265625,1089094
2025-11-03,2866.2053343373327,2888.6990978610825,2828.7157284644168,2840.71240234375,12938795,4885.080033948026,4932.123978927021,4874.387984193691,4915.01708984375,1959902,448.82956232512845,451.1786763805901,442.83183988871247,447.23016357421875,23160235.0,1059.7903868390144,1070.657280992274,1059.7903868390144,1068.5870361328125,31605934,12544.712771990507,12582.718637788075,12348.732881721884,12362.7314453125,1848389
2025-11-04,2825.716566412444,2839.712685970121,2787.227237628832,2837.21337890625,8798137,4903.255926918892,4954.576593596792,4865.834485427613,4952.4384765625,2222960,449.5292943224095,456.6765738942331,441.1294691899817,452.97796630859375,53948718.0,1065.3881986321128,1074.5845947265625,1050.5938688908068,1074.5845947265625,18548038,12446.722080040709,12528.71366186617,12238.743433459053,12526.7138671875,1233596
2025-11-05,2817.21891045841,2873.2033884519055,2817.21891045841,2862.706298828125,7483378,4958.853426793401,4991.998146803262,4943.884654600075,4971.68359375,3121972,450.92879800465323,462.274496387174,447.28018940745375,461.1249084472656,49135185.0,1067.7873163181125,1087.3798426545723,1065.9880848538296,1085.380615234375,48668461,12526.713670933736,12594.926392945057,12434.723117156125,12448.7216796875,1818602
2025-11-06,2857.2079881099235,2869.2046626576207,2829.715608938117,2849.210205078125,10771845,4903.692194241148,4916.523502475034,4859.852013158212,4911.17724609375,5318031,459.2756247561065,460.27524519914425,453.37783973738755,458.5259094238281,22057131.0,1091.0537404986762,1099.0512022255764,1085.4555416961623,1088.45458984375,20937878,12568.709716226187,12992.66619352769,12328.7343517159,12832.6826171875,3100862
2025-11-07,2839.212943412162,2859.2074007601354,2821.717793232686,2848.21044921875,10823812,4882.306842166395,4950.740488346217,4869.475533507678,4937.9091796875,2474115,459.5255298668659,462.3744237247276,455.4770487689659,458.5259094238281,18278453.0,1081.85661276283,1087.0550362314505,1067.061381425029,1070.4603271484375,15947148,12786.687278343023,12938.67167514535,12712.694874636629,12898.67578125,3536657
2025-11-10,2885.200261675869,2888.6992917922466,2850.7098219572904,2868.704833984375,9743504,4944.324183372624,4946.462978738894,4864.128876998193,4906.89990234375,4737103,464.32365862865055,464.82346881016684,459.7154233979466,463.9737854003906,18582406.0,1086.655175467387,1089.654223789744,1077.058245242162,1088.654541015625,29367426,12902.675136656255,13204.644130090088,12838.681707584183,13124.65234375,3313530
2025-11-11,2909.1934589800444,2936.685837028825,2891.19844789357,2930.6875,9902024,4945.393565489922,4949.670667799903,4926.146360996031,4928.28515625,4135260,466.9726847935772,476.06923694452996,466.9696952060646,475.9692687988281,61361094.0,1098.451362267623,1102.2500831796651,1093.2529391852213,1099.0511474609375,50198780,13398.62493676203,13506.613854162799,13282.636840294537,13464.6181640625,2223275
2025-11-12,2928.68816662392,2935.6862267592223,2908.19384765625,2908.19384765625,10376151,4899.414897754042,4929.354615782503,4884.013227619161,4927.21630859375,3342026,475.1195472134058,475.1195472134058,467.57242566114405,467.6723937988281,18659885.0,1110.647538203233,1119.2447854697762,1107.248592437878,1117.0455322265625,22563979,13546.609225026354,13546.609225026354,13388.625444575058,13516.6123046875,1841863
2025-11-13,2877.967923490708,2884.466721997809,2858.971435546875,2858.971435546875,10096437,4910.108176757676,4920.80068970382,4843.870446344611,4880.16845703125,1829825,464.53554913284864,464.53554913284864,458.7369898952243,459.9366760253906,21663321.0,1119.6446533203125,1125.8426374099884,1115.0461371862064,1119.6446533203125,18564403,13438.6207759004,13504.61400292491,13316.63329564297,13492.615234375,1535199
2025-11-14,2860.9710326892164,2876.468167411105,2829.4768556737663,2857.4716796875,5089214,4844.8819452885255,4869.475408301547,4779.65625,4779.65625,3059511,458.43707746268785,464.31664132390847,454.8379883110394,460.6865234375,19434034.0,1104.8493556193214,1108.2483014652596,1087.454972935946,1104.0496826171875,15838483,13462.618306375629,13572.607018029024,13406.624053170264,13530.611328125,1348061
2025-11-17,2863.470570547586,2865.9701084059548,2847.9734358256974,2857.4716796875,22186675,4765.75554753852,4799.972368021994,4741.162085766527,4775.37890625,4460227,461.23639392934336,465.38536584723636,458.88696653895056,463.48583984375,56747827.0,1092.6532030952314,1103.8496006455146,1089.0543697420392,1093.0531005859375,19457711,13528.610857805832,13658.597510541587,13518.611884518466,13590.6044921875,1324704
2025-11-18,2837.4754590796915,2841.4747197690217,2798.9825749448896,2816.979248046875,16931602,4776.448483434915,4799.9723031001395,4761.478380576879,4780.7255859375,3812324,457.6872574366705,460.7365246994672,454.3381067610683,458.43707275390625,22735461.0,1069.0606893982144,1074.4590003118765,1043.7686686159789,1055.6649169921875,30842126,13798.583401288148,13882.574778513379,13464.3862655289,13564.607421875,1654756
2025-11-19,2845.4737838057,2854.4721197348113,2778.4861718889806,2793.4833984375,19329734,4789.28009105991,4824.56606686791,4774.309987263782,4788.21044921875,5122536,462.68600132083526,463.2358841632566,451.08888277968765,455.48779296875,30402217.0,1054.865142282294,1055.2650397709053,1044.6684274963968,1047.267578125,23028425,13558.608187265556,13740.58950659316,13502.229209032505,13594.6044921875,1594300
2025-11-20,2818.478963903112,2836.475636961025,2799.482475675315,2812.97998046875,9405920,4788.2102021376,4805.318612337199,4767.894331174068,4792.4873046875,6696919,459.08692424200916,462.8859762055459,456.1876140218726,458.13714599609375,22955844.0,1060.0635262135845,1060.668314703049,1041.0695555097577,1044.068603515625,18437032,13602.60335536859,13786.584465144231,13594.265344284742,13648.5986328125,1656623
2025-11-21,2779.486275527379,2789.9843352011335,2759.489971386894,2784.4853515625,11519296,4833.119767876344,4913.315070305062,4814.942205048338,4902.62255859375,3221072,452.8884223910096,453.888176082822,448.48951224904744,453.23834228515625,24952732.0,1031.072874054121,1041.0697021484375,1027.4740403464857,1041.0697021484375,23467600,13506.613088764021,13834.579411914347,13506.613088764021,13818.5810546875,3044890
2025-11-24,2776.486624493399,2783.4853304247836,2758.7699296271257,2771.487548828125,19348794,4902.62278758199,4913.315299792721,4834.7749847786645,4835.25830078125,5848967,454.8379859720207,454.93793694011407,449.9391681329045,453.7382507324219,45344747.0,1051.2664363094043,1058.064328344624,1043.2689736946024,1047.6676025390625,46402510,13930.570517708484,13968.566618747309,13818.582009383523,13932.5703125,3131678
2025-11-25,2781.4858123051113,2798.4826702523387,2752.991079864171,2765.48876953125,16559063,4824.565403952106,4911.005243628471,4814.942046090035,4867.33642578125,2617697,454.1881185627446,456.6375274658203,448.3395835057158,449.3893127441406,50397396.0,1049.2670408343743,1055.2651376250033,1040.4699054270734,1050.2667236328125,17698053,13872.57593168218,14140.54842337101,13850.578189827127,14098.552734375,2169015
2025-11-26,2755.9906174635425,2776.486829202343,2747.9920958093767,2765.98876953125,12831725,4855.574967097797,4860.9212235414925,4801.041784417662,4834.189453125,4158968,449.98916566128133,454.28809455057956,449.88918418500543,452.5885314941406,19997907.0,1047.4675479826003,1065.8616114422105,1047.4675479826003,1064.062255859375,35711938,14160.546414604758,14204.541898451858,14022.560578902496,14146.5478515625,2008651
2025-11-27,2756.9901347411487,2765.488563080333,2739.493370513417,2752.490966796875,4778729,4828.843014554258,4835.258424405123,4796.7645007059455,4833.1201171875,6950711,450.78895659116984,451.78871033411326,445.99015082906664,446.8899230957031,33507623.0,1060.66337844777,1066.0616896058473,1058.664012984155,1064.662109375,22059489,14068.555569138283,14162.545919067139,13938.568914981355,14010.5615234375,1037265
2025-11-28,2762.989291800103,2793.4836552522115,2762.989291800103,2782.985595703125,7551151,4868.406073683112,4878.029432522472,4817.080842275861,4858.78271484375,3949176,448.18956363121447,454.6879625670366,448.1395881511172,454.088134765625,21303329.0,1063.6624891440456,1073.6593170495346,1061.0633382949366,1069.8604736328125,11338813,14000.562555208557,14056.55680625067,13918.57097332546,13972.5654296875,1719274
2025-12-01,2780.486025793385,2819.978725548451,2778.9863030178763,2799.982421875,15867668,4858.782521035986,4930.530536225365,4857.712879275839,4874.8212890625,3530264,453.1883634497299,461.38635641784253,452.4385481359414,457.43731689453125,19943597.0,1074.0591449279127,1080.457138778885,1067.0613658478205,1079.2574462890625,15364889,13964.566736852687,14090.553806081058,13796.583977881524,13834.580078125,2063349
2025-12-02,2806.4811999023614,2812.480090960222,2778.9862825538344,2787.984619140625,43519123,4892.99964492649,4892.99964492649,4770.032819887524,4793.55712890625,6199402,460.7364988670241,461.6862465762345,455.93766279973715,457.83721923828125,18393841.0,1080.2571669576853,1089.8540970554345,1078.0579136964716,1087.4549560546875,11188925,13712.5928088202,13818.581932178442,13644.599786288496,13798.583984375,1678958
2025-12-03,2790.4841446408036,2814.479708765268,2787.4846991252457,2798.482666015625,4395505,4795.695336616155,4810.665439898782,4742.231797916473,4761.478515625,6609120,456.8874659044989,463.8857421875,455.78773067230037,463.8857421875,20162063.0,1081.8566671193996,1082.8563499099484,1069.060800619328,1069.8604736328125,13763900,13696.594316083916,13824.581180769179,13594.604783287847,13692.5947265625,1966626
2025-12-04,2815.4793713163062,2819.478631786926,2790.98390093376,2798.982421875,4394848,4718.707325698534,4764.68629935993,4696.252659751518,4734.74658203125,2444690,464.8854675292969,466.0851841656551,459.73674210921047,464.8854675292969,36118113.0,1075.8585598880552,1077.4581499626122,1067.4613221545776,1074.0592041015625,12431340,13610.603225127645,13660.598094452975,13450.619643286593,13512.61328125,1868518
2025-12-05,2770.4879575867585,2788.9845390430396,2747.992115275065,2759.489990234375,5555202,4730.46921724938,4770.032290904711,4713.3608082959445,4764.68603515625,3494084,449.88916023861196,457.33733742880906,449.33930791345597,452.73846435546875,26597588.0,1075.4587567707913,1076.058542017546,1061.6630859375,1061.6630859375,10538178,13558.60777766793,13686.59463574621,13540.609625750672,13590.6044921875,1501116
2025-12-08,2741.993328968395,2765.9888950195314,2732.4950840731535,2749.491943359375,3555701,4883.916732788086,4916.536167438214,4636.458952683669,4679.20166015625,4327257,447.78967823822154,454.8379601624739,446.19006620867094,450.2890625,100912735.0,1049.4669758867994,1065.4078395316756,1048.867068625179,1064.26220703125,14089393,13578.60624004594,13700.593718785674,13474.616913907148,13576.6064453125,3939740
2025-12-09,2730.99518334519,2751.4913946791003,2728.49564537764,2733.99462890625,5743587,4678.702296236653,4886.666838947888,4640.708774010562,4845.673828125,4599250,450.1890842185245,450.8889240208078,445.09036469640535,446.0901184082031,41328236.0,1058.0643241890612,1067.8611426347595,1055.6650610077247,1067.6612548828125,14459901,13756.587448757771,13792.583752592287,13566.606956297823,13590.6044921875,1232581
2025-12-10,2726.9960938401223,2739.993692087573,2707.4996964689462,2708.49951171875,8282468,4798.181803013972,4835.67540951804,4798.181803013972,4819.17822265625,3348477,444.6404692106037,446.8399396097121,442.141084898009,443.1408386230469,37599908.0,1082.656360758435,1105.2491653023876,1067.6611203047173,1101.8502197265625,37977483,13480.61656488179,13846.5790083432,13470.617591016724,13512.61328125,2485928
2025-12-11,2703.9999739354857,2718.997200635072,2697.001268142345,2706.49951171875,6872137,4724.694190313289,4852.67236328125,4723.194446098821,4852.67236328125,2907722,443.89066360218305,445.9121688513639,441.3413037517363,441.9411315917969,27542814.0,1096.6519225196912,1112.2469482421875,1095.052454605103,1112.2469482421875,15570442,13616.602234084243,13686.595049210246,13483.713531571299,13594.6044921875,1284701
2025-12-12,2706.4996286772403,2711.498704459799,2685.003602812238,2686.00341796875,14881878,4831.676292604824,4845.6739062823135,4793.182854991728,4834.67578125,3532745,441.4912424957232,443.98263312353157,435.54269574336837,439.1418151855469,18527794.0,1127.84208801722,1134.2400823541457,1107.8484319840722,1111.4473876953125,15170467,13500.614164107827,13534.610674371466,13360.628533610487,13442.6201171875,1443781
2025-12-15,2704.0001116885683,2718.497431570056,2697.8391412917344,2698.001220703125,4483219,4843.673913385255,4873.66879776993,4834.175533330109,4844.173828125,2877107,441.79117098699913,443.3408075878727,437.1773172465628,437.34228515625,25242861.0,1117.045560342501,1128.441968415968,1116.4457750821268,1124.4432373046875,13943415,13410.623071841483,13636.599869801234,13374.626767741698,13610.6025390625,2467869
2025-12-16,2682.5042077890016,2699.50106635494,2605.518436637398,2626.0146484375,9614157,4868.6696577437215,4878.710913976763,4778.185089712957,4792.6826171875,2745845,434.2430224160956,435.9925913778767,418.2969388175513,422.39593505859375,84961396.0,1115.2461091226553,1121.644103459581,1106.0490761600443,1111.4473876953125,18247185,13742.588844772694,13834.579398739448,13446.619236357914,13504.61328125,3264200
2025-12-17,2659.508571334078,2693.0023822888493,2656.8501270192137,2657.009033203125,11097058,4780.684535053023,4894.665092826952,4778.184961417629,4880.66748046875,4124399,426.0450487736933,433.993103184129,425.09530102990834,425.4451904296875,46016356.0,1133.2402728644968,1159.4320325588278,1124.2431286553954,1141.437744140625,30213047,13572.606345019229,13680.595256560562,13532.610451855771,13552.6083984375,2468903
2025-12-18,2676.5052846081717,2683.503990993027,2648.310544848285,2661.508056640625,14033747,4925.15987586273,4929.159193666922,4844.673605053361,4889.166015625,11834434,429.644163507002,431.69364644012506,418.08701288174314,420.3464660644531,45041243.0,1139.2384119095157,1150.0350341796875,1133.2403155442166,1150.0350341796875,28049337,13498.614301926484,13594.604448073516,13374.6270298199,13546.609375,4516004
2025-12-19,2665.5073258445477,2702.50048828125,2656.5089890356203,2702.50048828125,22532782,4860.67087627013,5541.164662252516,4854.671899563842,4889.166015625,18555792,419.14676467704413,424.7453918457031,417.14725715324187,424.7453918457031,88936638.0,1151.2345016386996,1166.629638671875,1146.6359859097179,1166.629638671875,67934094,13572.606738595532,15472.772033525322,13506.613512962167,13670.5966796875,10404657
2025-12-22,2690.0026802218113,2713.998243992606,2690.0026802218113,2704.5,7810023,4881.167729880049,4881.167729880049,4831.676168505804,4839.6748046875,3740755,426.29498556836194,428.5944374598635,423.5456628031332,427.544677734375,33370321.0,1161.831176381377,1171.4282278543963,1158.832128303953,1166.82958984375,11365505,13590.60469219942,13630.6005859375,13474.61660035899,13630.6005859375,1451404
2025-12-23,2686.503261292272,2706.4995639442427,2685.5034461596733,2701.50048828125,5162567,4824.67684541664,4865.169936752123,4821.887282291025,4856.67138671875,2707957,424.1954902545141,428.19450512567636,423.495680958098,427.39471435546875,35920233.0,1164.6304329445268,1178.0262065366442,1162.0312821356893,1174.8271484375,22629381,13610.602573756916,13804.582657455774,13602.603395047685,13734.58984375,1083104
2025-12-24,2702.000633335891,2715.9980464225523,2696.5016496232743,2697.50146484375,1428260,4859.171052249122,4859.171052249122,4820.677619016284,4837.1748046875,965125,430.3939966188086,433.74317783969013,425.7451477050781,425.7451477050781,31464892.0,1177.02646505978,1179.0258305101852,1170.6284712121674,1175.027099609375,15865201,13740.589701057892,13740.589701057892,13610.603042555671,13672.5966796875,688287
2025-12-29,2694.502032520325,2717.997690317812,2694.0021249076126,2705.5,3782323,4859.17138671875,4879.167976787551,4826.177013105228,4859.17138671875,1856866,425.69510161035936,427.8445964146056,423.3956803672886,426.9447937011719,18729341.0,1163.2308638635416,1174.4273842710675,1162.830966343346,1165.630126953125,13441395,13734.59009890075,13804.582913906796,13678.595846895912,13746.5888671875,1490651
2025-12-30,2708.9991836059057,2740.4933612340974,2708.499276024506,2730.9951171875,4683155,4833.67554153367,4866.669913830828,4833.67554153367,4855.171875,972638,427.44468505976766,431.39372440492673,426.9448082064595,430.8438720703125,14472720.0,1171.228319664586,1180.8252499382618,1167.6294860659061,1175.22705078125,18567249,13710.592767045455,13796.583941051136,13690.594819602273,13748.5888671875,950400
2025-12-31,2737.993685534401,2742.9927610968152,2728.9953495220548,2739.493408203125,1867219,4862.67070466234,4874.1687437501605,4852.172495060417,4858.67138671875,740510,430.44394406374875,432.6933898925781,429.1262755191594,432.6933898925781,5408801.0,1168.2291890004105,1176.6265481599496,1168.0293012712993,1173.4276123046875,4149720,13766.58721843274,13842.579419812817,13720.591938650063,13788.5849609375,393830
